# started on Tue May  2 13:19:53 2023

     0.100157369,30105749,,inst_retired.any,40322263,100.00,119.9,IpMispredict
     0.100157369,251021,,br_misp_retired.all_branches,40322263,100.00,,
     0.200416747,29904863,,inst_retired.any,42873945,100.00,119.9,IpMispredict
     0.200416747,247934,,br_misp_retired.all_branches,42873945,100.00,,
     0.300581109,29812991,,inst_retired.any,42771474,100.00,119.7,IpMispredict
     0.300581109,248190,,br_misp_retired.all_branches,42771474,100.00,,
     0.400764157,29687324,,inst_retired.any,43419853,100.00,119.5,IpMispredict
     0.400764157,246960,,br_misp_retired.all_branches,43419853,100.00,,
     0.500941373,29770200,,inst_retired.any,40948422,100.00,119.8,IpMispredict
     0.500941373,248208,,br_misp_retired.all_branches,40948422,100.00,,
     0.601143022,30559480,,inst_retired.any,43356006,100.00,122.6,IpMispredict
     0.601143022,252677,,br_misp_retired.all_branches,43356006,100.00,,
     0.701295063,30190044,,inst_retired.any,42998126,100.00,121.9,IpMispredict
     0.701295063,238818,,br_misp_retired.all_branches,42998126,100.00,,
     0.801447394,29529538,,inst_retired.any,41464350,100.00,119.1,IpMispredict
     0.801447394,249565,,br_misp_retired.all_branches,41464350,100.00,,
     0.901600654,30228076,,inst_retired.any,43015004,100.00,121.8,IpMispredict
     0.901600654,250294,,br_misp_retired.all_branches,43015004,100.00,,
     1.001750452,29295969,,inst_retired.any,41523693,100.00,118.9,IpMispredict
     1.001750452,229270,,br_misp_retired.all_branches,41523693,100.00,,
     1.101902433,30137763,,inst_retired.any,41348214,100.00,122.5,IpMispredict
     1.101902433,243233,,br_misp_retired.all_branches,41348214,100.00,,
     1.202099802,29660449,,inst_retired.any,42968933,100.00,120.6,IpMispredict
     1.202099802,246208,,br_misp_retired.all_branches,42968933,100.00,,
     1.302292891,30199883,,inst_retired.any,43748758,100.00,122.6,IpMispredict
     1.302292891,249902,,br_misp_retired.all_branches,43748758,100.00,,
     1.402486108,29793258,,inst_retired.any,42034757,100.00,120.9,IpMispredict
     1.402486108,247119,,br_misp_retired.all_branches,42034757,100.00,,
     1.502676243,30057576,,inst_retired.any,43768158,100.00,121.9,IpMispredict
     1.502676243,250153,,br_misp_retired.all_branches,43768158,100.00,,
     1.602868016,29435724,,inst_retired.any,41228119,100.00,119.4,IpMispredict
     1.602868016,245827,,br_misp_retired.all_branches,41228119,100.00,,
     1.703060176,30137006,,inst_retired.any,42065458,100.00,122.1,IpMispredict
     1.703060176,249598,,br_misp_retired.all_branches,42065458,100.00,,
     1.803253867,29898236,,inst_retired.any,42708283,100.00,121.2,IpMispredict
     1.803253867,246993,,br_misp_retired.all_branches,42708283,100.00,,
     1.903447450,29688329,,inst_retired.any,42519184,100.00,120.4,IpMispredict
     1.903447450,244586,,br_misp_retired.all_branches,42519184,100.00,,
     2.003641304,30016627,,inst_retired.any,43352755,100.00,121.7,IpMispredict
     2.003641304,246554,,br_misp_retired.all_branches,43352755,100.00,,
     2.103838707,29808249,,inst_retired.any,43102078,100.00,120.8,IpMispredict
     2.103838707,247675,,br_misp_retired.all_branches,43102078,100.00,,
     2.203988618,29894197,,inst_retired.any,41858439,100.00,121.4,IpMispredict
     2.203988618,235533,,br_misp_retired.all_branches,41858439,100.00,,
     2.304139092,29539384,,inst_retired.any,41030768,100.00,120.3,IpMispredict
     2.304139092,232886,,br_misp_retired.all_branches,41030768,100.00,,
     2.404307388,30252650,,inst_retired.any,41484540,100.00,123.4,IpMispredict
     2.404307388,233193,,br_misp_retired.all_branches,41484540,100.00,,
     2.504461633,29417254,,inst_retired.any,40879866,100.00,120.5,IpMispredict
     2.504461633,218992,,br_misp_retired.all_branches,40879866,100.00,,
     2.604652039,29968915,,inst_retired.any,43883716,100.00,122.7,IpMispredict
     2.604652039,250758,,br_misp_retired.all_branches,43883716,100.00,,
     2.704805512,30027980,,inst_retired.any,42597488,100.00,122.8,IpMispredict
     2.704805512,250493,,br_misp_retired.all_branches,42597488,100.00,,
     2.804976404,29754545,,inst_retired.any,40977014,100.00,122.0,IpMispredict
     2.804976404,225274,,br_misp_retired.all_branches,40977014,100.00,,
     2.905164658,29889337,,inst_retired.any,41550061,100.00,122.7,IpMispredict
     2.905164658,234917,,br_misp_retired.all_branches,41550061,100.00,,
     3.005317894,30039271,,inst_retired.any,42153925,100.00,123.4,IpMispredict
     3.005317894,242848,,br_misp_retired.all_branches,42153925,100.00,,
     3.105469229,29442555,,inst_retired.any,41173829,100.00,120.6,IpMispredict
     3.105469229,260670,,br_misp_retired.all_branches,41173829,100.00,,
     3.205619523,29989649,,inst_retired.any,41525516,100.00,123.3,IpMispredict
     3.205619523,216259,,br_misp_retired.all_branches,41525516,100.00,,
     3.305810186,30044446,,inst_retired.any,43789970,100.00,123.4,IpMispredict
     3.305810186,248871,,br_misp_retired.all_branches,43789970,100.00,,
     3.406004234,29767120,,inst_retired.any,42917088,100.00,122.3,IpMispredict
     3.406004234,246728,,br_misp_retired.all_branches,42917088,100.00,,
     3.506202314,29610749,,inst_retired.any,42659879,100.00,121.6,IpMispredict
     3.506202314,245483,,br_misp_retired.all_branches,42659879,100.00,,
     3.606390929,30289508,,inst_retired.any,42866971,100.00,124.2,IpMispredict
     3.606390929,254409,,br_misp_retired.all_branches,42866971,100.00,,
     3.706587477,29371290,,inst_retired.any,41363419,100.00,120.6,IpMispredict
     3.706587477,232518,,br_misp_retired.all_branches,41363419,100.00,,
     3.806785700,30054948,,inst_retired.any,41610350,100.00,123.7,IpMispredict
     3.806785700,224355,,br_misp_retired.all_branches,41610350,100.00,,
     3.906979946,29980446,,inst_retired.any,41544632,100.00,123.7,IpMispredict
     3.906979946,217877,,br_misp_retired.all_branches,41544632,100.00,,
     4.007174504,29712780,,inst_retired.any,42152395,100.00,122.9,IpMispredict
     4.007174504,220441,,br_misp_retired.all_branches,42152395,100.00,,
     4.107369176,30156922,,inst_retired.any,42237943,100.00,124.7,IpMispredict
     4.107369176,241839,,br_misp_retired.all_branches,42237943,100.00,,
     4.207562747,29973436,,inst_retired.any,40732239,100.00,123.9,IpMispredict
     4.207562747,241562,,br_misp_retired.all_branches,40732239,100.00,,
     4.307779507,29616489,,inst_retired.any,40711328,100.00,122.5,IpMispredict
     4.307779507,242346,,br_misp_retired.all_branches,40711328,100.00,,
     4.407970083,29559378,,inst_retired.any,41317194,100.00,122.4,IpMispredict
     4.407970083,229589,,br_misp_retired.all_branches,41317194,100.00,,
     4.508160590,30313949,,inst_retired.any,42221734,100.00,125.2,IpMispredict
     4.508160590,266768,,br_misp_retired.all_branches,42221734,100.00,,
     4.608356725,29638415,,inst_retired.any,41378745,100.00,122.6,IpMispredict
     4.608356725,226525,,br_misp_retired.all_branches,41378745,100.00,,
     4.708550188,30032291,,inst_retired.any,41913560,100.00,124.4,IpMispredict
     4.708550188,228262,,br_misp_retired.all_branches,41913560,100.00,,
     4.808739904,29618883,,inst_retired.any,40960178,100.00,122.7,IpMispredict
     4.808739904,233857,,br_misp_retired.all_branches,40960178,100.00,,
     4.908936079,29718339,,inst_retired.any,41269195,100.00,123.2,IpMispredict
     4.908936079,232808,,br_misp_retired.all_branches,41269195,100.00,,
     5.009128710,29943411,,inst_retired.any,43397598,100.00,124.0,IpMispredict
     5.009128710,259120,,br_misp_retired.all_branches,43397598,100.00,,
     5.109321300,30005882,,inst_retired.any,41607113,100.00,124.2,IpMispredict
     5.109321300,246434,,br_misp_retired.all_branches,41607113,100.00,,
     5.209511944,29893081,,inst_retired.any,41390904,100.00,123.8,IpMispredict
     5.209511944,234099,,br_misp_retired.all_branches,41390904,100.00,,
     5.309704097,29918046,,inst_retired.any,41731396,100.00,124.1,IpMispredict
     5.309704097,222871,,br_misp_retired.all_branches,41731396,100.00,,
     5.409897326,29917752,,inst_retired.any,42691711,100.00,124.1,IpMispredict
     5.409897326,237553,,br_misp_retired.all_branches,42691711,100.00,,
     5.510113833,30330635,,inst_retired.any,42091547,100.00,125.9,IpMispredict
     5.510113833,237521,,br_misp_retired.all_branches,42091547,100.00,,
     5.610308292,29700226,,inst_retired.any,40808143,100.00,123.4,IpMispredict
     5.610308292,228509,,br_misp_retired.all_branches,40808143,100.00,,
     5.710498316,29868557,,inst_retired.any,42147571,100.00,124.1,IpMispredict
     5.710498316,233525,,br_misp_retired.all_branches,42147571,100.00,,
     5.810689611,29977090,,inst_retired.any,42210042,100.00,124.7,IpMispredict
     5.810689611,229105,,br_misp_retired.all_branches,42210042,100.00,,
     5.910891683,29532440,,inst_retired.any,40978425,100.00,122.8,IpMispredict
     5.910891683,246669,,br_misp_retired.all_branches,40978425,100.00,,
     6.011080122,30065796,,inst_retired.any,41645822,100.00,125.0,IpMispredict
     6.011080122,243029,,br_misp_retired.all_branches,41645822,100.00,,
     6.111269875,30240970,,inst_retired.any,42366951,100.00,125.7,IpMispredict
     6.111269875,239400,,br_misp_retired.all_branches,42366951,100.00,,
     6.211463953,29570947,,inst_retired.any,41319887,100.00,123.0,IpMispredict
     6.211463953,229520,,br_misp_retired.all_branches,41319887,100.00,,
     6.311663443,29993010,,inst_retired.any,41416056,100.00,124.9,IpMispredict
     6.311663443,224313,,br_misp_retired.all_branches,41416056,100.00,,
     6.411853511,29744204,,inst_retired.any,41057106,100.00,124.0,IpMispredict
     6.411853511,227687,,br_misp_retired.all_branches,41057106,100.00,,
     6.512044108,30067269,,inst_retired.any,41969393,100.00,125.3,IpMispredict
     6.512044108,235415,,br_misp_retired.all_branches,41969393,100.00,,
     6.612236812,29797611,,inst_retired.any,41488334,100.00,124.4,IpMispredict
     6.612236812,216528,,br_misp_retired.all_branches,41488334,100.00,,
     6.712427532,29390893,,inst_retired.any,41437593,100.00,122.8,IpMispredict
     6.712427532,222949,,br_misp_retired.all_branches,41437593,100.00,,
     6.812615970,30419380,,inst_retired.any,42701326,100.00,127.2,IpMispredict
     6.812615970,234166,,br_misp_retired.all_branches,42701326,100.00,,
     6.912805898,29526243,,inst_retired.any,41395240,100.00,123.3,IpMispredict
     6.912805898,256993,,br_misp_retired.all_branches,41395240,100.00,,
     7.012994536,29812205,,inst_retired.any,40953589,100.00,124.4,IpMispredict
     7.012994536,249997,,br_misp_retired.all_branches,40953589,100.00,,
     7.113186986,30114314,,inst_retired.any,41078469,100.00,125.6,IpMispredict
     7.113186986,254919,,br_misp_retired.all_branches,41078469,100.00,,
     7.213377139,29513774,,inst_retired.any,41616148,100.00,123.0,IpMispredict
     7.213377139,252963,,br_misp_retired.all_branches,41616148,100.00,,
     7.313568309,29826694,,inst_retired.any,42259227,100.00,124.2,IpMispredict
     7.313568309,251176,,br_misp_retired.all_branches,42259227,100.00,,
     7.413760743,30347508,,inst_retired.any,42200590,100.00,126.5,IpMispredict
     7.413760743,218723,,br_misp_retired.all_branches,42200590,100.00,,
     7.513952391,29586569,,inst_retired.any,41364674,100.00,123.4,IpMispredict
     7.513952391,227022,,br_misp_retired.all_branches,41364674,100.00,,
     7.614142268,29883753,,inst_retired.any,41745929,100.00,124.8,IpMispredict
     7.614142268,222900,,br_misp_retired.all_branches,41745929,100.00,,
     7.714332524,29995223,,inst_retired.any,41176683,100.00,125.3,IpMispredict
     7.714332524,233160,,br_misp_retired.all_branches,41176683,100.00,,
     7.814526464,29890525,,inst_retired.any,41932555,100.00,124.9,IpMispredict
     7.814526464,240690,,br_misp_retired.all_branches,41932555,100.00,,
     7.914716276,29811804,,inst_retired.any,41559491,100.00,124.5,IpMispredict
     7.914716276,237069,,br_misp_retired.all_branches,41559491,100.00,,
     8.014910584,29825254,,inst_retired.any,40918451,100.00,124.7,IpMispredict
     8.014910584,228662,,br_misp_retired.all_branches,40918451,100.00,,
     8.115101447,30040574,,inst_retired.any,43000378,100.00,125.6,IpMispredict
     8.115101447,233598,,br_misp_retired.all_branches,43000378,100.00,,
     8.215297191,29944022,,inst_retired.any,41992818,100.00,125.0,IpMispredict
     8.215297191,264125,,br_misp_retired.all_branches,41992818,100.00,,
     8.315511322,29806980,,inst_retired.any,41686899,100.00,124.5,IpMispredict
     8.315511322,240338,,br_misp_retired.all_branches,41686899,100.00,,
     8.415701751,29819926,,inst_retired.any,41854855,100.00,124.6,IpMispredict
     8.415701751,220359,,br_misp_retired.all_branches,41854855,100.00,,
     8.515893102,29909566,,inst_retired.any,40996053,100.00,125.1,IpMispredict
     8.515893102,226756,,br_misp_retired.all_branches,40996053,100.00,,
     8.616082365,29560444,,inst_retired.any,41126408,100.00,123.6,IpMispredict
     8.616082365,245884,,br_misp_retired.all_branches,41126408,100.00,,
     8.716275296,30364220,,inst_retired.any,43157402,100.00,126.9,IpMispredict
     8.716275296,241959,,br_misp_retired.all_branches,43157402,100.00,,
     8.816467203,29531789,,inst_retired.any,41722588,100.00,123.5,IpMispredict
     8.816467203,235706,,br_misp_retired.all_branches,41722588,100.00,,
     8.916660097,29986994,,inst_retired.any,41482086,100.00,125.4,IpMispredict
     8.916660097,230141,,br_misp_retired.all_branches,41482086,100.00,,
     9.016852210,29598598,,inst_retired.any,40825950,100.00,123.9,IpMispredict
     9.016852210,214900,,br_misp_retired.all_branches,40825950,100.00,,
     9.117044646,30122389,,inst_retired.any,42490066,100.00,126.1,IpMispredict
     9.117044646,251565,,br_misp_retired.all_branches,42490066,100.00,,
     9.217238159,29629701,,inst_retired.any,41086185,100.00,124.0,IpMispredict
     9.217238159,235550,,br_misp_retired.all_branches,41086185,100.00,,
     9.317433613,29878663,,inst_retired.any,41693797,100.00,125.1,IpMispredict
     9.317433613,230843,,br_misp_retired.all_branches,41693797,100.00,,
     9.417626518,29852612,,inst_retired.any,41700860,100.00,125.0,IpMispredict
     9.417626518,232505,,br_misp_retired.all_branches,41700860,100.00,,
     9.517820317,29983619,,inst_retired.any,41331726,100.00,125.6,IpMispredict
     9.517820317,227508,,br_misp_retired.all_branches,41331726,100.00,,
     9.618014379,29914641,,inst_retired.any,41962682,100.00,125.3,IpMispredict
     9.618014379,240799,,br_misp_retired.all_branches,41962682,100.00,,
     9.718208108,29730583,,inst_retired.any,41589882,100.00,124.5,IpMispredict
     9.718208108,242915,,br_misp_retired.all_branches,41589882,100.00,,
     9.818401286,29740845,,inst_retired.any,41752621,100.00,124.6,IpMispredict
     9.818401286,236746,,br_misp_retired.all_branches,41752621,100.00,,
     9.918594408,29952839,,inst_retired.any,42201569,100.00,125.4,IpMispredict
     9.918594408,249692,,br_misp_retired.all_branches,42201569,100.00,,
    10.018787283,29911883,,inst_retired.any,42119175,100.00,125.3,IpMispredict
    10.018787283,230808,,br_misp_retired.all_branches,42119175,100.00,,
    10.118978436,29912748,,inst_retired.any,41662053,100.00,125.4,IpMispredict
    10.118978436,223156,,br_misp_retired.all_branches,41662053,100.00,,
    10.219168765,29614532,,inst_retired.any,40829598,100.00,124.1,IpMispredict
    10.219168765,244918,,br_misp_retired.all_branches,40829598,100.00,,
    10.319357313,30270802,,inst_retired.any,42339900,100.00,126.8,IpMispredict
    10.319357313,250415,,br_misp_retired.all_branches,42339900,100.00,,
    10.419552132,29485919,,inst_retired.any,41492522,100.00,123.4,IpMispredict
    10.419552132,253408,,br_misp_retired.all_branches,41492522,100.00,,
    10.519775367,30911344,,inst_retired.any,43000275,100.00,129.4,IpMispredict
    10.519775367,247270,,br_misp_retired.all_branches,43000275,100.00,,
    10.619968224,29584193,,inst_retired.any,40987317,100.00,123.9,IpMispredict
    10.619968224,222881,,br_misp_retired.all_branches,40987317,100.00,,
    10.720157453,29890360,,inst_retired.any,41627482,100.00,125.2,IpMispredict
    10.720157453,237880,,br_misp_retired.all_branches,41627482,100.00,,
    10.820346456,29974132,,inst_retired.any,41732864,100.00,125.5,IpMispredict
    10.820346456,240477,,br_misp_retired.all_branches,41732864,100.00,,
    10.920535048,30166913,,inst_retired.any,41986937,100.00,126.3,IpMispredict
    10.920535048,245733,,br_misp_retired.all_branches,41986937,100.00,,
    11.020744834,29633962,,inst_retired.any,41541435,100.00,124.0,IpMispredict
    11.020744834,241771,,br_misp_retired.all_branches,41541435,100.00,,
