# started on Tue May  2 13:22:06 2023

     0.100180547,6333306,,offcore_response.all_requests.llc_hit.any_response,53162150,100.00,,
     0.100180547,511,,offcore_response.all_requests.llc_miss.any_response,53136495,100.00,,
     0.200411340,6052355,,offcore_response.all_requests.llc_hit.any_response,51287379,100.00,,
     0.200411340,337,,offcore_response.all_requests.llc_miss.any_response,51297700,100.00,,
     0.300600332,6051160,,offcore_response.all_requests.llc_hit.any_response,51198254,100.00,,
     0.300600332,356,,offcore_response.all_requests.llc_miss.any_response,51206806,100.00,,
     0.400782064,6439707,,offcore_response.all_requests.llc_hit.any_response,53992067,100.00,,
     0.400782064,357,,offcore_response.all_requests.llc_miss.any_response,53988432,100.00,,
     0.500986716,6676017,,offcore_response.all_requests.llc_hit.any_response,55966845,100.00,,
     0.500986716,342,,offcore_response.all_requests.llc_miss.any_response,55951607,100.00,,
     0.601177838,6751520,,offcore_response.all_requests.llc_hit.any_response,56475705,100.00,,
     0.601177838,323,,offcore_response.all_requests.llc_miss.any_response,56493491,100.00,,
     0.701371919,6703020,,offcore_response.all_requests.llc_hit.any_response,55801550,100.00,,
     0.701371919,284,,offcore_response.all_requests.llc_miss.any_response,55799013,100.00,,
     0.801565800,6704578,,offcore_response.all_requests.llc_hit.any_response,56001345,100.00,,
     0.801565800,280,,offcore_response.all_requests.llc_miss.any_response,55986096,100.00,,
     0.901760874,6704785,,offcore_response.all_requests.llc_hit.any_response,55943663,100.00,,
     0.901760874,396,,offcore_response.all_requests.llc_miss.any_response,55966839,100.00,,
     1.001955827,6317371,,offcore_response.all_requests.llc_hit.any_response,52898023,100.00,,
     1.001955827,264,,offcore_response.all_requests.llc_miss.any_response,52874847,100.00,,
     1.102149923,6775638,,offcore_response.all_requests.llc_hit.any_response,56612967,100.00,,
     1.102149923,341,,offcore_response.all_requests.llc_miss.any_response,56636035,100.00,,
     1.202346393,6689970,,offcore_response.all_requests.llc_hit.any_response,55767046,100.00,,
     1.202346393,315,,offcore_response.all_requests.llc_miss.any_response,55767188,100.00,,
     1.302547687,6718141,,offcore_response.all_requests.llc_hit.any_response,56150981,100.00,,
     1.302547687,354,,offcore_response.all_requests.llc_miss.any_response,56127771,100.00,,
     1.402743359,6000215,,offcore_response.all_requests.llc_hit.any_response,50470556,100.00,,
     1.402743359,253,,offcore_response.all_requests.llc_miss.any_response,50470556,100.00,,
     1.502938504,6058609,,offcore_response.all_requests.llc_hit.any_response,51188633,100.00,,
     1.502938504,948,,offcore_response.all_requests.llc_miss.any_response,51188633,100.00,,
     1.603133447,6028574,,offcore_response.all_requests.llc_hit.any_response,50925045,100.00,,
     1.603133447,397,,offcore_response.all_requests.llc_miss.any_response,50948014,100.00,,
     1.703331121,6096335,,offcore_response.all_requests.llc_hit.any_response,51485763,100.00,,
     1.703331121,315,,offcore_response.all_requests.llc_miss.any_response,51462794,100.00,,
     1.803525756,6054092,,offcore_response.all_requests.llc_hit.any_response,50893086,100.00,,
     1.803525756,261,,offcore_response.all_requests.llc_miss.any_response,50893086,100.00,,
     1.903725186,6029174,,offcore_response.all_requests.llc_hit.any_response,51715947,100.00,,
     1.903725186,200,,offcore_response.all_requests.llc_miss.any_response,51739088,100.00,,
     2.003943100,6113053,,offcore_response.all_requests.llc_hit.any_response,51902641,100.00,,
     2.003943100,135,,offcore_response.all_requests.llc_miss.any_response,51902667,100.00,,
     2.104144957,6062105,,offcore_response.all_requests.llc_hit.any_response,51319536,100.00,,
     2.104144957,156,,offcore_response.all_requests.llc_miss.any_response,51319348,100.00,,
     2.204343783,6053546,,offcore_response.all_requests.llc_hit.any_response,51039249,100.00,,
     2.204343783,166,,offcore_response.all_requests.llc_miss.any_response,51039092,100.00,,
     2.304564219,6093241,,offcore_response.all_requests.llc_hit.any_response,51423038,100.00,,
     2.304564219,362,,offcore_response.all_requests.llc_miss.any_response,51408543,100.00,,
     2.404761901,6053799,,offcore_response.all_requests.llc_hit.any_response,51267249,100.00,,
     2.404761901,319,,offcore_response.all_requests.llc_miss.any_response,51281986,100.00,,
     2.504959645,6111220,,offcore_response.all_requests.llc_hit.any_response,51811655,100.00,,
     2.504959645,341,,offcore_response.all_requests.llc_miss.any_response,51811695,100.00,,
     2.605157625,6105182,,offcore_response.all_requests.llc_hit.any_response,51683831,100.00,,
     2.605157625,394,,offcore_response.all_requests.llc_miss.any_response,51682144,100.00,,
     2.705355111,6025679,,offcore_response.all_requests.llc_hit.any_response,51223156,100.00,,
     2.705355111,299,,offcore_response.all_requests.llc_miss.any_response,51224844,100.00,,
     2.805553008,6033550,,offcore_response.all_requests.llc_hit.any_response,51176153,100.00,,
     2.805553008,228,,offcore_response.all_requests.llc_miss.any_response,51175873,100.00,,
     2.905751083,6044515,,offcore_response.all_requests.llc_hit.any_response,51025775,100.00,,
     2.905751083,283,,offcore_response.all_requests.llc_miss.any_response,51026119,100.00,,
     3.005952124,6064628,,offcore_response.all_requests.llc_hit.any_response,51254917,100.00,,
     3.005952124,238,,offcore_response.all_requests.llc_miss.any_response,51254533,100.00,,
     3.106152572,6103363,,offcore_response.all_requests.llc_hit.any_response,51491709,100.00,,
     3.106152572,866,,offcore_response.all_requests.llc_miss.any_response,51491814,100.00,,
     3.206350519,6071206,,offcore_response.all_requests.llc_hit.any_response,51220470,100.00,,
     3.206350519,349,,offcore_response.all_requests.llc_miss.any_response,51220610,100.00,,
     3.306549288,6085825,,offcore_response.all_requests.llc_hit.any_response,51253241,100.00,,
     3.306549288,158,,offcore_response.all_requests.llc_miss.any_response,51253272,100.00,,
     3.406749117,6084711,,offcore_response.all_requests.llc_hit.any_response,51204583,100.00,,
     3.406749117,239,,offcore_response.all_requests.llc_miss.any_response,51193611,100.00,,
     3.506947047,6019797,,offcore_response.all_requests.llc_hit.any_response,50874135,100.00,,
     3.506947047,333,,offcore_response.all_requests.llc_miss.any_response,50872490,100.00,,
     3.607143836,6061408,,offcore_response.all_requests.llc_hit.any_response,51238345,100.00,,
     3.607143836,231,,offcore_response.all_requests.llc_miss.any_response,51250721,100.00,,
     3.707342066,6057994,,offcore_response.all_requests.llc_hit.any_response,51328786,100.00,,
     3.707342066,250,,offcore_response.all_requests.llc_miss.any_response,51327202,100.00,,
     3.807541968,6068879,,offcore_response.all_requests.llc_hit.any_response,51128475,100.00,,
     3.807541968,242,,offcore_response.all_requests.llc_miss.any_response,51130100,100.00,,
     3.907753386,6060285,,offcore_response.all_requests.llc_hit.any_response,51058052,100.00,,
     3.907753386,352,,offcore_response.all_requests.llc_miss.any_response,51058359,100.00,,
     4.007954721,6057095,,offcore_response.all_requests.llc_hit.any_response,51015994,100.00,,
     4.007954721,340,,offcore_response.all_requests.llc_miss.any_response,51010217,100.00,,
     4.108153352,6091077,,offcore_response.all_requests.llc_hit.any_response,51984588,100.00,,
     4.108153352,434,,offcore_response.all_requests.llc_miss.any_response,51978072,100.00,,
     4.208355760,6059727,,offcore_response.all_requests.llc_hit.any_response,51251508,100.00,,
     4.208355760,330,,offcore_response.all_requests.llc_miss.any_response,51249121,100.00,,
     4.308557981,6022304,,offcore_response.all_requests.llc_hit.any_response,50871439,100.00,,
     4.308557981,243,,offcore_response.all_requests.llc_miss.any_response,50862951,100.00,,
     4.408753438,5986667,,offcore_response.all_requests.llc_hit.any_response,50431165,100.00,,
     4.408753438,269,,offcore_response.all_requests.llc_miss.any_response,50454118,100.00,,
     4.508969905,6064170,,offcore_response.all_requests.llc_hit.any_response,51206649,100.00,,
     4.508969905,249,,offcore_response.all_requests.llc_miss.any_response,51206706,100.00,,
     4.609168323,6046445,,offcore_response.all_requests.llc_hit.any_response,51171925,100.00,,
     4.609168323,305,,offcore_response.all_requests.llc_miss.any_response,51148915,100.00,,
     4.709363573,6110500,,offcore_response.all_requests.llc_hit.any_response,51858360,100.00,,
     4.709363573,327,,offcore_response.all_requests.llc_miss.any_response,51858360,100.00,,
     4.809558256,6031288,,offcore_response.all_requests.llc_hit.any_response,51015592,100.00,,
     4.809558256,145,,offcore_response.all_requests.llc_miss.any_response,51015592,100.00,,
     4.909752554,6013368,,offcore_response.all_requests.llc_hit.any_response,50863115,100.00,,
     4.909752554,95,,offcore_response.all_requests.llc_miss.any_response,50886052,100.00,,
     5.009952821,6077824,,offcore_response.all_requests.llc_hit.any_response,51568487,100.00,,
     5.009952821,238,,offcore_response.all_requests.llc_miss.any_response,51545550,100.00,,
     5.110146741,6066341,,offcore_response.all_requests.llc_hit.any_response,51337367,100.00,,
     5.110146741,273,,offcore_response.all_requests.llc_miss.any_response,51337367,100.00,,
     5.210340636,6030700,,offcore_response.all_requests.llc_hit.any_response,50966524,100.00,,
     5.210340636,232,,offcore_response.all_requests.llc_miss.any_response,50966524,100.00,,
     5.310535796,6028958,,offcore_response.all_requests.llc_hit.any_response,50933836,100.00,,
     5.310535796,216,,offcore_response.all_requests.llc_miss.any_response,50942692,100.00,,
     5.410732320,6056245,,offcore_response.all_requests.llc_hit.any_response,51060554,100.00,,
     5.410732320,274,,offcore_response.all_requests.llc_miss.any_response,51057550,100.00,,
     5.510929180,6051512,,offcore_response.all_requests.llc_hit.any_response,51278423,100.00,,
     5.510929180,225,,offcore_response.all_requests.llc_miss.any_response,51295565,100.00,,
     5.611129663,6051788,,offcore_response.all_requests.llc_hit.any_response,51250010,100.00,,
     5.611129663,225,,offcore_response.all_requests.llc_miss.any_response,51249836,100.00,,
     5.711329549,6014361,,offcore_response.all_requests.llc_hit.any_response,51041828,100.00,,
     5.711329549,284,,offcore_response.all_requests.llc_miss.any_response,51019008,100.00,,
     5.811523787,6025854,,offcore_response.all_requests.llc_hit.any_response,51040706,100.00,,
     5.811523787,193,,offcore_response.all_requests.llc_miss.any_response,51040706,100.00,,
     5.911749498,6046298,,offcore_response.all_requests.llc_hit.any_response,51098082,100.00,,
     5.911749498,247,,offcore_response.all_requests.llc_miss.any_response,51110112,100.00,,
     6.011953031,6089487,,offcore_response.all_requests.llc_hit.any_response,51286988,100.00,,
     6.011953031,285,,offcore_response.all_requests.llc_miss.any_response,51285807,100.00,,
     6.112150514,6040218,,offcore_response.all_requests.llc_hit.any_response,51142690,100.00,,
     6.112150514,293,,offcore_response.all_requests.llc_miss.any_response,51154894,100.00,,
     6.212349045,6031210,,offcore_response.all_requests.llc_hit.any_response,51086465,100.00,,
     6.212349045,272,,offcore_response.all_requests.llc_miss.any_response,51063412,100.00,,
     6.312544176,5985764,,offcore_response.all_requests.llc_hit.any_response,50543890,100.00,,
     6.312544176,314,,offcore_response.all_requests.llc_miss.any_response,50567144,100.00,,
     6.412741919,6059934,,offcore_response.all_requests.llc_hit.any_response,51220301,100.00,,
     6.412741919,261,,offcore_response.all_requests.llc_miss.any_response,51205600,100.00,,
     6.512941446,6059413,,offcore_response.all_requests.llc_hit.any_response,51208532,100.00,,
     6.512941446,316,,offcore_response.all_requests.llc_miss.any_response,51223037,100.00,,
     6.613140238,6051492,,offcore_response.all_requests.llc_hit.any_response,51365865,100.00,,
     6.613140238,296,,offcore_response.all_requests.llc_miss.any_response,51342807,100.00,,
     6.713358929,6043125,,offcore_response.all_requests.llc_hit.any_response,51004146,100.00,,
     6.713358929,245,,offcore_response.all_requests.llc_miss.any_response,51004146,100.00,,
     6.813554534,6041764,,offcore_response.all_requests.llc_hit.any_response,51050786,100.00,,
     6.813554534,262,,offcore_response.all_requests.llc_miss.any_response,51073711,100.00,,
     6.913751823,6095491,,offcore_response.all_requests.llc_hit.any_response,51688613,100.00,,
     6.913751823,368,,offcore_response.all_requests.llc_miss.any_response,51688577,100.00,,
     7.013961049,6020254,,offcore_response.all_requests.llc_hit.any_response,50919933,100.00,,
     7.013961049,236,,offcore_response.all_requests.llc_miss.any_response,50918983,100.00,,
     7.114164215,6086802,,offcore_response.all_requests.llc_hit.any_response,51551506,100.00,,
     7.114164215,537,,offcore_response.all_requests.llc_miss.any_response,51529567,100.00,,
     7.214359947,6045834,,offcore_response.all_requests.llc_hit.any_response,51088379,100.00,,
     7.214359947,220,,offcore_response.all_requests.llc_miss.any_response,51093510,100.00,,
     7.314556177,6076110,,offcore_response.all_requests.llc_hit.any_response,51307154,100.00,,
     7.314556177,347,,offcore_response.all_requests.llc_miss.any_response,51302023,100.00,,
     7.414752052,6061162,,offcore_response.all_requests.llc_hit.any_response,51118319,100.00,,
     7.414752052,240,,offcore_response.all_requests.llc_miss.any_response,51118319,100.00,,
     7.514950542,6009893,,offcore_response.all_requests.llc_hit.any_response,50856907,100.00,,
     7.514950542,304,,offcore_response.all_requests.llc_miss.any_response,50856907,100.00,,
     7.615147772,6056653,,offcore_response.all_requests.llc_hit.any_response,51219358,100.00,,
     7.615147772,270,,offcore_response.all_requests.llc_miss.any_response,51242124,100.00,,
     7.715347773,6074669,,offcore_response.all_requests.llc_hit.any_response,51371363,100.00,,
     7.715347773,240,,offcore_response.all_requests.llc_miss.any_response,51348597,100.00,,
     7.815543739,6050529,,offcore_response.all_requests.llc_hit.any_response,51131718,100.00,,
     7.815543739,328,,offcore_response.all_requests.llc_miss.any_response,51142719,100.00,,
     7.915751966,6056202,,offcore_response.all_requests.llc_hit.any_response,51200524,100.00,,
     7.915751966,182,,offcore_response.all_requests.llc_miss.any_response,51212584,100.00,,
     8.015950337,6008600,,offcore_response.all_requests.llc_hit.any_response,50862006,100.00,,
     8.015950337,217,,offcore_response.all_requests.llc_miss.any_response,50862264,100.00,,
     8.116152616,6040227,,offcore_response.all_requests.llc_hit.any_response,51491753,100.00,,
     8.116152616,476,,offcore_response.all_requests.llc_miss.any_response,51468434,100.00,,
     8.216347363,6017657,,offcore_response.all_requests.llc_hit.any_response,50793808,100.00,,
     8.216347363,271,,offcore_response.all_requests.llc_miss.any_response,50804400,100.00,,
     8.316545280,6067139,,offcore_response.all_requests.llc_hit.any_response,51106952,100.00,,
     8.316545280,371,,offcore_response.all_requests.llc_miss.any_response,51107168,100.00,,
     8.416742943,6068195,,offcore_response.all_requests.llc_hit.any_response,51089798,100.00,,
     8.416742943,165,,offcore_response.all_requests.llc_miss.any_response,51089711,100.00,,
     8.516943369,6063542,,offcore_response.all_requests.llc_hit.any_response,51178290,100.00,,
     8.516943369,287,,offcore_response.all_requests.llc_miss.any_response,51190708,100.00,,
     8.617145087,6037539,,offcore_response.all_requests.llc_hit.any_response,52325664,100.00,,
     8.617145087,212,,offcore_response.all_requests.llc_miss.any_response,52325357,100.00,,
     8.717343895,6064704,,offcore_response.all_requests.llc_hit.any_response,51182444,100.00,,
     8.717343895,160,,offcore_response.all_requests.llc_miss.any_response,51182713,100.00,,
     8.817542050,6043608,,offcore_response.all_requests.llc_hit.any_response,51011363,100.00,,
     8.817542050,241,,offcore_response.all_requests.llc_miss.any_response,50988262,100.00,,
     8.917755716,6020589,,offcore_response.all_requests.llc_hit.any_response,50919545,100.00,,
     8.917755716,255,,offcore_response.all_requests.llc_miss.any_response,50919545,100.00,,
     9.017949879,6035121,,offcore_response.all_requests.llc_hit.any_response,50797307,100.00,,
     9.017949879,302,,offcore_response.all_requests.llc_miss.any_response,50797307,100.00,,
     9.118145876,6089912,,offcore_response.all_requests.llc_hit.any_response,51446886,100.00,,
     9.118145876,299,,offcore_response.all_requests.llc_miss.any_response,51446886,100.00,,
     9.218342517,6021801,,offcore_response.all_requests.llc_hit.any_response,50754845,100.00,,
     9.218342517,243,,offcore_response.all_requests.llc_miss.any_response,50769098,100.00,,
     9.318540357,6056242,,offcore_response.all_requests.llc_hit.any_response,51174775,100.00,,
     9.318540357,244,,offcore_response.all_requests.llc_miss.any_response,51160522,100.00,,
     9.418736694,6047166,,offcore_response.all_requests.llc_hit.any_response,51169857,100.00,,
     9.418736694,275,,offcore_response.all_requests.llc_miss.any_response,51169857,100.00,,
     9.518932581,6063501,,offcore_response.all_requests.llc_hit.any_response,51061546,100.00,,
     9.518932581,281,,offcore_response.all_requests.llc_miss.any_response,51070685,100.00,,
     9.619129439,6087989,,offcore_response.all_requests.llc_hit.any_response,51621928,100.00,,
     9.619129439,429,,offcore_response.all_requests.llc_miss.any_response,51612789,100.00,,
     9.719325652,6030906,,offcore_response.all_requests.llc_hit.any_response,51011571,100.00,,
     9.719325652,335,,offcore_response.all_requests.llc_miss.any_response,51011571,100.00,,
     9.819520823,6064595,,offcore_response.all_requests.llc_hit.any_response,51426447,100.00,,
     9.819520823,138,,offcore_response.all_requests.llc_miss.any_response,51426447,100.00,,
     9.919752407,6070768,,offcore_response.all_requests.llc_hit.any_response,51319458,100.00,,
     9.919752407,205,,offcore_response.all_requests.llc_miss.any_response,51342435,100.00,,
    10.019960450,5989736,,offcore_response.all_requests.llc_hit.any_response,50771117,100.00,,
    10.019960450,439,,offcore_response.all_requests.llc_miss.any_response,50771006,100.00,,
    10.120161555,6078326,,offcore_response.all_requests.llc_hit.any_response,52214350,100.00,,
    10.120161555,274,,offcore_response.all_requests.llc_miss.any_response,52191484,100.00,,
    10.220358906,6043979,,offcore_response.all_requests.llc_hit.any_response,50951560,100.00,,
    10.220358906,111,,offcore_response.all_requests.llc_miss.any_response,50974469,100.00,,
    10.320561337,6022581,,offcore_response.all_requests.llc_hit.any_response,50963259,100.00,,
    10.320561337,245,,offcore_response.all_requests.llc_miss.any_response,50950994,100.00,,
    10.420761586,6146903,,offcore_response.all_requests.llc_hit.any_response,51681818,100.00,,
    10.420761586,231,,offcore_response.all_requests.llc_miss.any_response,51671174,100.00,,
    10.520957067,6062401,,offcore_response.all_requests.llc_hit.any_response,50960705,100.00,,
    10.520957067,215,,offcore_response.all_requests.llc_miss.any_response,50981156,100.00,,
    10.621154321,6013818,,offcore_response.all_requests.llc_hit.any_response,51008851,100.00,,
    10.621154321,380,,offcore_response.all_requests.llc_miss.any_response,51011190,100.00,,
    10.721353517,6131040,,offcore_response.all_requests.llc_hit.any_response,51756989,100.00,,
    10.721353517,370,,offcore_response.all_requests.llc_miss.any_response,51757049,100.00,,
    10.821551531,6067500,,offcore_response.all_requests.llc_hit.any_response,51066562,100.00,,
    10.821551531,291,,offcore_response.all_requests.llc_miss.any_response,51043712,100.00,,
    10.921746103,5996080,,offcore_response.all_requests.llc_hit.any_response,51301274,100.00,,
    10.921746103,160,,offcore_response.all_requests.llc_miss.any_response,51324215,100.00,,
    11.021944521,6131457,,offcore_response.all_requests.llc_hit.any_response,51787352,100.00,,
    11.021944521,450,,offcore_response.all_requests.llc_miss.any_response,51787317,100.00,,
