# started on Tue May  2 13:20:20 2023

     0.100146580,89606870,,inst_retired.any,79315939,100.00,132.2,IpMispredict
     0.100146580,678015,,br_misp_retired.all_branches,79315939,100.00,,
     0.200390918,89286983,,inst_retired.any,83759343,100.00,126.9,IpMispredict
     0.200390918,729099,,br_misp_retired.all_branches,83759343,100.00,,
     0.300572734,89821229,,inst_retired.any,84530823,100.00,125.9,IpMispredict
     0.300572734,732922,,br_misp_retired.all_branches,84530823,100.00,,
     0.400762575,88938793,,inst_retired.any,83671159,100.00,124.0,IpMispredict
     0.400762575,727845,,br_misp_retired.all_branches,83671159,100.00,,
     0.500956618,89919185,,inst_retired.any,84670459,100.00,124.7,IpMispredict
     0.500956618,736201,,br_misp_retired.all_branches,84670459,100.00,,
     0.601117580,89045147,,inst_retired.any,79361426,100.00,125.2,IpMispredict
     0.601117580,664901,,br_misp_retired.all_branches,79361426,100.00,,
     0.701285398,90018396,,inst_retired.any,76930560,100.00,128.2,IpMispredict
     0.701285398,646050,,br_misp_retired.all_branches,76930560,100.00,,
     0.801457542,88744789,,inst_retired.any,75860559,100.00,127.9,IpMispredict
     0.801457542,637799,,br_misp_retired.all_branches,75860559,100.00,,
     0.901630543,89746077,,inst_retired.any,77049032,100.00,130.3,IpMispredict
     0.901630543,646865,,br_misp_retired.all_branches,77049032,100.00,,
     1.001795253,89174786,,inst_retired.any,76076428,100.00,130.4,IpMispredict
     1.001795253,638996,,br_misp_retired.all_branches,76076428,100.00,,
     1.101955534,89794542,,inst_retired.any,76619729,100.00,132.1,IpMispredict
     1.101955534,641213,,br_misp_retired.all_branches,76619729,100.00,,
     1.202124536,89020485,,inst_retired.any,75927452,100.00,131.7,IpMispredict
     1.202124536,632544,,br_misp_retired.all_branches,75927452,100.00,,
     1.302283463,89938532,,inst_retired.any,76815586,100.00,133.6,IpMispredict
     1.302283463,641870,,br_misp_retired.all_branches,76815586,100.00,,
     1.402428371,89131723,,inst_retired.any,75950997,100.00,132.9,IpMispredict
     1.402428371,634951,,br_misp_retired.all_branches,75950997,100.00,,
     1.502585028,88809672,,inst_retired.any,75908055,100.00,132.9,IpMispredict
     1.502585028,634364,,br_misp_retired.all_branches,75908055,100.00,,
     1.602744822,90129305,,inst_retired.any,77014910,100.00,135.2,IpMispredict
     1.602744822,641328,,br_misp_retired.all_branches,77014910,100.00,,
     1.702909476,89122671,,inst_retired.any,76214062,100.00,134.0,IpMispredict
     1.702909476,637943,,br_misp_retired.all_branches,76214062,100.00,,
     1.803058721,89677307,,inst_retired.any,76911068,100.00,135.1,IpMispredict
     1.803058721,640946,,br_misp_retired.all_branches,76911068,100.00,,
     1.903207851,88810730,,inst_retired.any,76267297,100.00,134.2,IpMispredict
     1.903207851,634337,,br_misp_retired.all_branches,76267297,100.00,,
     2.003358046,89766701,,inst_retired.any,77073208,100.00,135.8,IpMispredict
     2.003358046,644346,,br_misp_retired.all_branches,77073208,100.00,,
     2.103531813,89687639,,inst_retired.any,76839881,100.00,135.8,IpMispredict
     2.103531813,642616,,br_misp_retired.all_branches,76839881,100.00,,
     2.203677568,89133016,,inst_retired.any,76238946,100.00,135.2,IpMispredict
     2.203677568,636032,,br_misp_retired.all_branches,76238946,100.00,,
     2.303841908,88846448,,inst_retired.any,75922163,100.00,135.0,IpMispredict
     2.303841908,630510,,br_misp_retired.all_branches,75922163,100.00,,
     2.404003722,89584615,,inst_retired.any,76930537,100.00,136.3,IpMispredict
     2.404003722,639145,,br_misp_retired.all_branches,76930537,100.00,,
     2.504177724,89701896,,inst_retired.any,76954705,100.00,136.6,IpMispredict
     2.504177724,643099,,br_misp_retired.all_branches,76954705,100.00,,
     2.604334570,89154481,,inst_retired.any,76101877,100.00,135.9,IpMispredict
     2.604334570,640925,,br_misp_retired.all_branches,76101877,100.00,,
     2.704479218,89967104,,inst_retired.any,77042256,100.00,137.3,IpMispredict
     2.704479218,640918,,br_misp_retired.all_branches,77042256,100.00,,
     2.804665656,89099731,,inst_retired.any,76154233,100.00,136.2,IpMispredict
     2.804665656,627943,,br_misp_retired.all_branches,76154233,100.00,,
     2.904825171,89442346,,inst_retired.any,76687472,100.00,136.8,IpMispredict
     2.904825171,635063,,br_misp_retired.all_branches,76687472,100.00,,
     3.005000516,89638584,,inst_retired.any,76831792,100.00,137.2,IpMispredict
     3.005000516,642217,,br_misp_retired.all_branches,76831792,100.00,,
     3.105162690,88926519,,inst_retired.any,76101996,100.00,136.2,IpMispredict
     3.105162690,633702,,br_misp_retired.all_branches,76101996,100.00,,
     3.205318949,90169155,,inst_retired.any,77133168,100.00,138.2,IpMispredict
     3.205318949,642497,,br_misp_retired.all_branches,77133168,100.00,,
     3.305469270,88964431,,inst_retired.any,75943173,100.00,136.5,IpMispredict
     3.305469270,632735,,br_misp_retired.all_branches,75943173,100.00,,
     3.405637819,89808341,,inst_retired.any,76987984,100.00,137.9,IpMispredict
     3.405637819,638214,,br_misp_retired.all_branches,76987984,100.00,,
     3.505808477,89109183,,inst_retired.any,76179744,100.00,136.9,IpMispredict
     3.505808477,634097,,br_misp_retired.all_branches,76179744,100.00,,
     3.605956359,89823634,,inst_retired.any,76764136,100.00,138.1,IpMispredict
     3.605956359,634695,,br_misp_retired.all_branches,76764136,100.00,,
     3.706117181,88999460,,inst_retired.any,76946352,100.00,136.9,IpMispredict
     3.706117181,636870,,br_misp_retired.all_branches,76946352,100.00,,
     3.806287908,89420576,,inst_retired.any,76068199,100.00,137.6,IpMispredict
     3.806287908,632116,,br_misp_retired.all_branches,76068199,100.00,,
     3.906460353,90319923,,inst_retired.any,77151535,100.00,139.1,IpMispredict
     3.906460353,641819,,br_misp_retired.all_branches,77151535,100.00,,
     4.006620870,88934378,,inst_retired.any,76015739,100.00,137.0,IpMispredict
     4.006620870,634842,,br_misp_retired.all_branches,76015739,100.00,,
     4.106775681,89290051,,inst_retired.any,76369772,100.00,137.6,IpMispredict
     4.106775681,634619,,br_misp_retired.all_branches,76369772,100.00,,
     4.206916003,90044852,,inst_retired.any,76849305,100.00,138.9,IpMispredict
     4.206916003,637028,,br_misp_retired.all_branches,76849305,100.00,,
     4.307072494,89402925,,inst_retired.any,76469987,100.00,137.9,IpMispredict
     4.307072494,635179,,br_misp_retired.all_branches,76469987,100.00,,
     4.407244301,88711437,,inst_retired.any,76664253,100.00,137.0,IpMispredict
     4.407244301,630125,,br_misp_retired.all_branches,76664253,100.00,,
     4.507423342,89771763,,inst_retired.any,77180685,100.00,138.6,IpMispredict
     4.507423342,639754,,br_misp_retired.all_branches,77180685,100.00,,
     4.607577144,88795757,,inst_retired.any,75883634,100.00,137.2,IpMispredict
     4.607577144,634487,,br_misp_retired.all_branches,75883634,100.00,,
     4.707779005,90024602,,inst_retired.any,77136454,100.00,139.1,IpMispredict
     4.707779005,639647,,br_misp_retired.all_branches,77136454,100.00,,
     4.807932512,88926838,,inst_retired.any,76153068,100.00,137.5,IpMispredict
     4.807932512,635569,,br_misp_retired.all_branches,76153068,100.00,,
     4.908091214,89935020,,inst_retired.any,77103205,100.00,139.1,IpMispredict
     4.908091214,640961,,br_misp_retired.all_branches,77103205,100.00,,
     5.008231598,89027112,,inst_retired.any,76225167,100.00,137.7,IpMispredict
     5.008231598,633700,,br_misp_retired.all_branches,76225167,100.00,,
     5.108392561,89853226,,inst_retired.any,76995990,100.00,139.0,IpMispredict
     5.108392561,643023,,br_misp_retired.all_branches,76995990,100.00,,
     5.208534047,89147865,,inst_retired.any,76072608,100.00,138.0,IpMispredict
     5.208534047,634731,,br_misp_retired.all_branches,76072608,100.00,,
     5.308677588,89120208,,inst_retired.any,76230479,100.00,138.0,IpMispredict
     5.308677588,637605,,br_misp_retired.all_branches,76230479,100.00,,
     5.408842420,88941977,,inst_retired.any,75953955,100.00,137.7,IpMispredict
     5.408842420,634825,,br_misp_retired.all_branches,75953955,100.00,,
     5.509028101,90003777,,inst_retired.any,77101865,100.00,139.4,IpMispredict
     5.509028101,642724,,br_misp_retired.all_branches,77101865,100.00,,
     5.609193922,88945654,,inst_retired.any,75885124,100.00,137.8,IpMispredict
     5.609193922,633750,,br_misp_retired.all_branches,75885124,100.00,,
     5.709366183,90003004,,inst_retired.any,76818050,100.00,139.4,IpMispredict
     5.709366183,641884,,br_misp_retired.all_branches,76818050,100.00,,
     5.809541171,88812873,,inst_retired.any,75647616,100.00,137.6,IpMispredict
     5.809541171,630113,,br_misp_retired.all_branches,75647616,100.00,,
     5.909712747,89701854,,inst_retired.any,77108624,100.00,139.0,IpMispredict
     5.909712747,642994,,br_misp_retired.all_branches,77108624,100.00,,
     6.009865613,89223403,,inst_retired.any,76329670,100.00,138.3,IpMispredict
     6.009865613,635538,,br_misp_retired.all_branches,76329670,100.00,,
     6.110011630,89480432,,inst_retired.any,76638825,100.00,138.8,IpMispredict
     6.110011630,637866,,br_misp_retired.all_branches,76638825,100.00,,
     6.210149432,89737242,,inst_retired.any,76847970,100.00,139.1,IpMispredict
     6.210149432,645040,,br_misp_retired.all_branches,76847970,100.00,,
     6.310305168,89404764,,inst_retired.any,76149810,100.00,138.7,IpMispredict
     6.310305168,635302,,br_misp_retired.all_branches,76149810,100.00,,
     6.410455465,89115867,,inst_retired.any,76150349,100.00,138.2,IpMispredict
     6.410455465,639458,,br_misp_retired.all_branches,76150349,100.00,,
     6.510627907,89790164,,inst_retired.any,76885797,100.00,139.3,IpMispredict
     6.510627907,645617,,br_misp_retired.all_branches,76885797,100.00,,
     6.610799863,89059894,,inst_retired.any,76112425,100.00,138.2,IpMispredict
     6.610799863,638167,,br_misp_retired.all_branches,76112425,100.00,,
     6.710947424,89782270,,inst_retired.any,76985944,100.00,139.3,IpMispredict
     6.710947424,643803,,br_misp_retired.all_branches,76985944,100.00,,
     6.811098610,88773885,,inst_retired.any,75777992,100.00,137.8,IpMispredict
     6.811098610,631207,,br_misp_retired.all_branches,75777992,100.00,,
     6.911269405,89631094,,inst_retired.any,77085159,100.00,139.1,IpMispredict
     6.911269405,639854,,br_misp_retired.all_branches,77085159,100.00,,
     7.011442424,89906074,,inst_retired.any,77074497,100.00,139.5,IpMispredict
     7.011442424,643074,,br_misp_retired.all_branches,77074497,100.00,,
     7.111613062,88898526,,inst_retired.any,76174149,100.00,138.0,IpMispredict
     7.111613062,633343,,br_misp_retired.all_branches,76174149,100.00,,
     7.211816201,89787149,,inst_retired.any,77024281,100.00,139.4,IpMispredict
     7.211816201,643371,,br_misp_retired.all_branches,77024281,100.00,,
     7.311968729,88884159,,inst_retired.any,76168934,100.00,138.0,IpMispredict
     7.311968729,634759,,br_misp_retired.all_branches,76168934,100.00,,
     7.412120293,89644528,,inst_retired.any,76997864,100.00,139.2,IpMispredict
     7.412120293,642224,,br_misp_retired.all_branches,76997864,100.00,,
     7.512299353,89590426,,inst_retired.any,76917064,100.00,139.1,IpMispredict
     7.512299353,642208,,br_misp_retired.all_branches,76917064,100.00,,
     7.612448911,89809591,,inst_retired.any,76801938,100.00,139.5,IpMispredict
     7.612448911,643005,,br_misp_retired.all_branches,76801938,100.00,,
     7.712602332,88888022,,inst_retired.any,76169514,100.00,138.1,IpMispredict
     7.712602332,636755,,br_misp_retired.all_branches,76169514,100.00,,
     7.812759010,90125940,,inst_retired.any,76835686,100.00,140.0,IpMispredict
     7.812759010,643304,,br_misp_retired.all_branches,76835686,100.00,,
     7.912924233,90005285,,inst_retired.any,77135555,100.00,139.8,IpMispredict
     7.912924233,640171,,br_misp_retired.all_branches,77135555,100.00,,
     8.013063039,88993507,,inst_retired.any,76126711,100.00,138.3,IpMispredict
     8.013063039,634584,,br_misp_retired.all_branches,76126711,100.00,,
     8.113220824,89773610,,inst_retired.any,76872658,100.00,139.5,IpMispredict
     8.113220824,642590,,br_misp_retired.all_branches,76872658,100.00,,
     8.213369135,89761500,,inst_retired.any,76718767,100.00,139.5,IpMispredict
     8.213369135,640736,,br_misp_retired.all_branches,76718767,100.00,,
     8.313566037,89304951,,inst_retired.any,76949974,100.00,138.8,IpMispredict
     8.313566037,641446,,br_misp_retired.all_branches,76949974,100.00,,
     8.413744823,88940553,,inst_retired.any,76585246,100.00,138.2,IpMispredict
     8.413744823,634428,,br_misp_retired.all_branches,76585246,100.00,,
     8.513909213,89603341,,inst_retired.any,77007948,100.00,139.3,IpMispredict
     8.513909213,638867,,br_misp_retired.all_branches,77007948,100.00,,
     8.614062182,89142303,,inst_retired.any,76003255,100.00,138.6,IpMispredict
     8.614062182,634782,,br_misp_retired.all_branches,76003255,100.00,,
     8.714229866,89914689,,inst_retired.any,76653777,100.00,139.8,IpMispredict
     8.714229866,638953,,br_misp_retired.all_branches,76653777,100.00,,
     8.814392903,88935063,,inst_retired.any,76017553,100.00,138.3,IpMispredict
     8.814392903,631174,,br_misp_retired.all_branches,76017553,100.00,,
     8.914538625,90709932,,inst_retired.any,77539590,100.00,141.0,IpMispredict
     8.914538625,647237,,br_misp_retired.all_branches,77539590,100.00,,
     9.014699229,89485849,,inst_retired.any,76533227,100.00,139.1,IpMispredict
     9.014699229,637795,,br_misp_retired.all_branches,76533227,100.00,,
     9.114859021,89270883,,inst_retired.any,76223509,100.00,138.8,IpMispredict
     9.114859021,632199,,br_misp_retired.all_branches,76223509,100.00,,
     9.215018435,89137732,,inst_retired.any,76169325,100.00,138.6,IpMispredict
     9.215018435,633900,,br_misp_retired.all_branches,76169325,100.00,,
     9.315165282,89974922,,inst_retired.any,76836096,100.00,140.0,IpMispredict
     9.315165282,640216,,br_misp_retired.all_branches,76836096,100.00,,
     9.415300350,88924791,,inst_retired.any,76231532,100.00,138.3,IpMispredict
     9.415300350,631649,,br_misp_retired.all_branches,76231532,100.00,,
     9.515448281,89146376,,inst_retired.any,76172914,100.00,138.7,IpMispredict
     9.515448281,636538,,br_misp_retired.all_branches,76172914,100.00,,
     9.615607935,89716853,,inst_retired.any,76746891,100.00,139.6,IpMispredict
     9.615607935,639211,,br_misp_retired.all_branches,76746891,100.00,,
     9.715825264,89863123,,inst_retired.any,76845087,100.00,139.8,IpMispredict
     9.715825264,645302,,br_misp_retired.all_branches,76845087,100.00,,
     9.815972648,89024434,,inst_retired.any,76039080,100.00,138.5,IpMispredict
     9.815972648,633266,,br_misp_retired.all_branches,76039080,100.00,,
     9.916125440,89820547,,inst_retired.any,77345602,100.00,139.8,IpMispredict
     9.916125440,644282,,br_misp_retired.all_branches,77345602,100.00,,
    10.016308296,89302333,,inst_retired.any,77090683,100.00,139.0,IpMispredict
    10.016308296,637529,,br_misp_retired.all_branches,77090683,100.00,,
    10.116475132,89597369,,inst_retired.any,76675172,100.00,139.5,IpMispredict
    10.116475132,635130,,br_misp_retired.all_branches,76675172,100.00,,
    10.216637509,89130460,,inst_retired.any,76127178,100.00,138.8,IpMispredict
    10.216637509,631108,,br_misp_retired.all_branches,76127178,100.00,,
    10.316783605,89156355,,inst_retired.any,77145181,100.00,138.8,IpMispredict
    10.316783605,635403,,br_misp_retired.all_branches,77145181,100.00,,
    10.416946919,89190635,,inst_retired.any,76237967,100.00,138.9,IpMispredict
    10.416946919,630524,,br_misp_retired.all_branches,76237967,100.00,,
    10.517104078,90143946,,inst_retired.any,76800343,100.00,140.4,IpMispredict
    10.517104078,635552,,br_misp_retired.all_branches,76800343,100.00,,
    10.617249340,88855267,,inst_retired.any,75822767,100.00,138.4,IpMispredict
    10.617249340,627189,,br_misp_retired.all_branches,75822767,100.00,,
    10.717437601,89641905,,inst_retired.any,76578555,100.00,139.6,IpMispredict
    10.717437601,635876,,br_misp_retired.all_branches,76578555,100.00,,
    10.817610672,89066970,,inst_retired.any,75894414,100.00,138.8,IpMispredict
    10.817610672,631269,,br_misp_retired.all_branches,75894414,100.00,,
    10.917779748,89759942,,inst_retired.any,76953910,100.00,139.9,IpMispredict
    10.917779748,636969,,br_misp_retired.all_branches,76953910,100.00,,
    11.017966126,89757324,,inst_retired.any,76812016,100.00,139.9,IpMispredict
    11.017966126,636898,,br_misp_retired.all_branches,76812016,100.00,,
