# started on Mon May  1 16:33:09 2023

     0.100189726,3049935,,offcore_response.all_requests.llc_hit.any_response,42174960,100.00,,
     0.100189726,39124,,offcore_response.all_requests.llc_miss.any_response,42174960,100.00,,
     0.200409909,2997438,,offcore_response.all_requests.llc_hit.any_response,40917841,100.00,,
     0.200409909,38916,,offcore_response.all_requests.llc_miss.any_response,40917841,100.00,,
     0.300599481,3097329,,offcore_response.all_requests.llc_hit.any_response,41050474,100.00,,
     0.300599481,39210,,offcore_response.all_requests.llc_miss.any_response,41072408,100.00,,
     0.400799306,2999099,,offcore_response.all_requests.llc_hit.any_response,41463028,100.00,,
     0.400799306,38640,,offcore_response.all_requests.llc_miss.any_response,41441094,100.00,,
     0.500958648,3070108,,offcore_response.all_requests.llc_hit.any_response,42082932,100.00,,
     0.500958648,39244,,offcore_response.all_requests.llc_miss.any_response,42105519,100.00,,
     0.601160058,3044960,,offcore_response.all_requests.llc_hit.any_response,42371631,100.00,,
     0.601160058,38918,,offcore_response.all_requests.llc_miss.any_response,42349044,100.00,,
     0.701349418,3007596,,offcore_response.all_requests.llc_hit.any_response,39066460,100.00,,
     0.701349418,39274,,offcore_response.all_requests.llc_miss.any_response,39066460,100.00,,
     0.801539244,2960993,,offcore_response.all_requests.llc_hit.any_response,41324002,100.00,,
     0.801539244,39004,,offcore_response.all_requests.llc_miss.any_response,41344947,100.00,,
     0.901736105,3077701,,offcore_response.all_requests.llc_hit.any_response,42207750,100.00,,
     0.901736105,39186,,offcore_response.all_requests.llc_miss.any_response,42186805,100.00,,
     1.001927602,3034903,,offcore_response.all_requests.llc_hit.any_response,42833501,100.00,,
     1.001927602,38574,,offcore_response.all_requests.llc_miss.any_response,42854888,100.00,,
     1.102124019,3025953,,offcore_response.all_requests.llc_hit.any_response,42117479,100.00,,
     1.102124019,38781,,offcore_response.all_requests.llc_miss.any_response,42118196,100.00,,
     1.202328442,3051294,,offcore_response.all_requests.llc_hit.any_response,42101327,100.00,,
     1.202328442,39052,,offcore_response.all_requests.llc_miss.any_response,42100853,100.00,,
     1.302524008,3042708,,offcore_response.all_requests.llc_hit.any_response,41936682,100.00,,
     1.302524008,39281,,offcore_response.all_requests.llc_miss.any_response,41937599,100.00,,
     1.402720719,3036489,,offcore_response.all_requests.llc_hit.any_response,38824585,100.00,,
     1.402720719,39037,,offcore_response.all_requests.llc_miss.any_response,38809558,100.00,,
     1.502915981,3095704,,offcore_response.all_requests.llc_hit.any_response,42055332,100.00,,
     1.502915981,38940,,offcore_response.all_requests.llc_miss.any_response,42047812,100.00,,
     1.603107006,3017524,,offcore_response.all_requests.llc_hit.any_response,41330514,100.00,,
     1.603107006,39048,,offcore_response.all_requests.llc_miss.any_response,41330514,100.00,,
     1.703296781,3062917,,offcore_response.all_requests.llc_hit.any_response,42402071,100.00,,
     1.703296781,38501,,offcore_response.all_requests.llc_miss.any_response,42424002,100.00,,
     1.803495233,2985796,,offcore_response.all_requests.llc_hit.any_response,41014026,100.00,,
     1.803495233,38967,,offcore_response.all_requests.llc_miss.any_response,40992095,100.00,,
     1.903686655,3064735,,offcore_response.all_requests.llc_hit.any_response,42317228,100.00,,
     1.903686655,39130,,offcore_response.all_requests.llc_miss.any_response,42339427,100.00,,
     2.003889134,3033102,,offcore_response.all_requests.llc_hit.any_response,41835761,100.00,,
     2.003889134,38864,,offcore_response.all_requests.llc_miss.any_response,41834891,100.00,,
     2.104085532,3066176,,offcore_response.all_requests.llc_hit.any_response,42091037,100.00,,
     2.104085532,39397,,offcore_response.all_requests.llc_miss.any_response,42069708,100.00,,
     2.204274659,3033709,,offcore_response.all_requests.llc_hit.any_response,41736297,100.00,,
     2.204274659,38894,,offcore_response.all_requests.llc_miss.any_response,41736297,100.00,,
     2.304472139,3025030,,offcore_response.all_requests.llc_hit.any_response,41623697,100.00,,
     2.304472139,38976,,offcore_response.all_requests.llc_miss.any_response,41623697,100.00,,
     2.404660247,3007260,,offcore_response.all_requests.llc_hit.any_response,40198605,100.00,,
     2.404660247,38767,,offcore_response.all_requests.llc_miss.any_response,40198605,100.00,,
     2.504851048,3066548,,offcore_response.all_requests.llc_hit.any_response,42523377,100.00,,
     2.504851048,39319,,offcore_response.all_requests.llc_miss.any_response,42523377,100.00,,
     2.605041525,2989446,,offcore_response.all_requests.llc_hit.any_response,41345416,100.00,,
     2.605041525,38021,,offcore_response.all_requests.llc_miss.any_response,41345416,100.00,,
     2.705230876,3093935,,offcore_response.all_requests.llc_hit.any_response,43064207,100.00,,
     2.705230876,39483,,offcore_response.all_requests.llc_miss.any_response,43064207,100.00,,
     2.805423268,3050800,,offcore_response.all_requests.llc_hit.any_response,42560623,100.00,,
     2.805423268,38787,,offcore_response.all_requests.llc_miss.any_response,42560623,100.00,,
     2.905612041,3019965,,offcore_response.all_requests.llc_hit.any_response,41356193,100.00,,
     2.905612041,39144,,offcore_response.all_requests.llc_miss.any_response,41370560,100.00,,
     3.005807684,3069559,,offcore_response.all_requests.llc_hit.any_response,42418769,100.00,,
     3.005807684,38902,,offcore_response.all_requests.llc_miss.any_response,42426565,100.00,,
     3.105975046,3006117,,offcore_response.all_requests.llc_hit.any_response,41336214,100.00,,
     3.105975046,38414,,offcore_response.all_requests.llc_miss.any_response,41314051,100.00,,
     3.206155009,3040697,,offcore_response.all_requests.llc_hit.any_response,40527746,100.00,,
     3.206155009,38974,,offcore_response.all_requests.llc_miss.any_response,40527746,100.00,,
     3.306343929,3034247,,offcore_response.all_requests.llc_hit.any_response,41698536,100.00,,
     3.306343929,38712,,offcore_response.all_requests.llc_miss.any_response,41698536,100.00,,
     3.406533905,3013475,,offcore_response.all_requests.llc_hit.any_response,40552731,100.00,,
     3.406533905,39352,,offcore_response.all_requests.llc_miss.any_response,40552731,100.00,,
     3.506724870,3049174,,offcore_response.all_requests.llc_hit.any_response,42395811,100.00,,
     3.506724870,38815,,offcore_response.all_requests.llc_miss.any_response,42395811,100.00,,
     3.606916189,3066926,,offcore_response.all_requests.llc_hit.any_response,42287111,100.00,,
     3.606916189,39306,,offcore_response.all_requests.llc_miss.any_response,42287111,100.00,,
     3.707102794,3034502,,offcore_response.all_requests.llc_hit.any_response,41713535,100.00,,
     3.707102794,39187,,offcore_response.all_requests.llc_miss.any_response,41735919,100.00,,
     3.807299703,3016376,,offcore_response.all_requests.llc_hit.any_response,40930733,100.00,,
     3.807299703,38490,,offcore_response.all_requests.llc_miss.any_response,40908349,100.00,,
     3.907489982,3047049,,offcore_response.all_requests.llc_hit.any_response,40278889,100.00,,
     3.907489982,39116,,offcore_response.all_requests.llc_miss.any_response,40278889,100.00,,
     4.007682287,3037702,,offcore_response.all_requests.llc_hit.any_response,41700948,100.00,,
     4.007682287,38522,,offcore_response.all_requests.llc_miss.any_response,41700948,100.00,,
     4.107872818,3052039,,offcore_response.all_requests.llc_hit.any_response,42010114,100.00,,
     4.107872818,39101,,offcore_response.all_requests.llc_miss.any_response,42010114,100.00,,
     4.208065329,3074601,,offcore_response.all_requests.llc_hit.any_response,42123357,100.00,,
     4.208065329,38796,,offcore_response.all_requests.llc_miss.any_response,42123357,100.00,,
     4.308253671,3071197,,offcore_response.all_requests.llc_hit.any_response,42224163,100.00,,
     4.308253671,39206,,offcore_response.all_requests.llc_miss.any_response,42246399,100.00,,
     4.408452273,3017683,,offcore_response.all_requests.llc_hit.any_response,41652240,100.00,,
     4.408452273,38709,,offcore_response.all_requests.llc_miss.any_response,41651750,100.00,,
     4.508667715,3055316,,offcore_response.all_requests.llc_hit.any_response,42152789,100.00,,
     4.508667715,39143,,offcore_response.all_requests.llc_miss.any_response,42131043,100.00,,
     4.608859833,3031480,,offcore_response.all_requests.llc_hit.any_response,42140514,100.00,,
     4.608859833,38930,,offcore_response.all_requests.llc_miss.any_response,42140514,100.00,,
     4.709049073,3036043,,offcore_response.all_requests.llc_hit.any_response,42174727,100.00,,
     4.709049073,38968,,offcore_response.all_requests.llc_miss.any_response,42185069,100.00,,
     4.809247656,3033111,,offcore_response.all_requests.llc_hit.any_response,41843154,100.00,,
     4.809247656,38834,,offcore_response.all_requests.llc_miss.any_response,41862450,100.00,,
     4.909454845,3034731,,offcore_response.all_requests.llc_hit.any_response,41038793,100.00,,
     4.909454845,39036,,offcore_response.all_requests.llc_miss.any_response,41031078,100.00,,
     5.009621847,2979283,,offcore_response.all_requests.llc_hit.any_response,41770556,100.00,,
     5.009621847,38935,,offcore_response.all_requests.llc_miss.any_response,41769714,100.00,,
     5.109831679,3027567,,offcore_response.all_requests.llc_hit.any_response,41884107,100.00,,
     5.109831679,39288,,offcore_response.all_requests.llc_miss.any_response,41884824,100.00,,
     5.210028377,3027458,,offcore_response.all_requests.llc_hit.any_response,40838534,100.00,,
     5.210028377,38637,,offcore_response.all_requests.llc_miss.any_response,40816736,100.00,,
     5.310216269,2983888,,offcore_response.all_requests.llc_hit.any_response,41014809,100.00,,
     5.310216269,39171,,offcore_response.all_requests.llc_miss.any_response,41031390,100.00,,
     5.410411687,3021289,,offcore_response.all_requests.llc_hit.any_response,41234314,100.00,,
     5.410411687,38952,,offcore_response.all_requests.llc_miss.any_response,41239275,100.00,,
     5.510610196,3033825,,offcore_response.all_requests.llc_hit.any_response,41880980,100.00,,
     5.510610196,39089,,offcore_response.all_requests.llc_miss.any_response,41859438,100.00,,
     5.610804077,2996524,,offcore_response.all_requests.llc_hit.any_response,41683254,100.00,,
     5.610804077,38717,,offcore_response.all_requests.llc_miss.any_response,41704907,100.00,,
     5.711002917,3011421,,offcore_response.all_requests.llc_hit.any_response,42502713,100.00,,
     5.711002917,39031,,offcore_response.all_requests.llc_miss.any_response,42481060,100.00,,
     5.811192395,3063657,,offcore_response.all_requests.llc_hit.any_response,41890123,100.00,,
     5.811192395,39205,,offcore_response.all_requests.llc_miss.any_response,41890123,100.00,,
     5.911384843,3038461,,offcore_response.all_requests.llc_hit.any_response,41949361,100.00,,
     5.911384843,39132,,offcore_response.all_requests.llc_miss.any_response,41971910,100.00,,
     6.011596900,3035545,,offcore_response.all_requests.llc_hit.any_response,42229807,100.00,,
     6.011596900,39187,,offcore_response.all_requests.llc_miss.any_response,42207258,100.00,,
     6.111792770,3037101,,offcore_response.all_requests.llc_hit.any_response,41823134,100.00,,
     6.111792770,39064,,offcore_response.all_requests.llc_miss.any_response,41823134,100.00,,
     6.211953674,3013184,,offcore_response.all_requests.llc_hit.any_response,41287633,100.00,,
     6.211953674,38540,,offcore_response.all_requests.llc_miss.any_response,41287633,100.00,,
     6.312141943,3026828,,offcore_response.all_requests.llc_hit.any_response,40973954,100.00,,
     6.312141943,39023,,offcore_response.all_requests.llc_miss.any_response,40995676,100.00,,
     6.412337930,3036730,,offcore_response.all_requests.llc_hit.any_response,41931556,100.00,,
     6.412337930,39758,,offcore_response.all_requests.llc_miss.any_response,41931692,100.00,,
     6.512533465,3009618,,offcore_response.all_requests.llc_hit.any_response,42025260,100.00,,
     6.512533465,39072,,offcore_response.all_requests.llc_miss.any_response,42031856,100.00,,
     6.612768251,3047035,,offcore_response.all_requests.llc_hit.any_response,41701004,100.00,,
     6.612768251,39345,,offcore_response.all_requests.llc_miss.any_response,41672550,100.00,,
     6.712951719,3030224,,offcore_response.all_requests.llc_hit.any_response,41692180,100.00,,
     6.712951719,38905,,offcore_response.all_requests.llc_miss.any_response,41692180,100.00,,
     6.813149158,3043521,,offcore_response.all_requests.llc_hit.any_response,42192308,100.00,,
     6.813149158,38466,,offcore_response.all_requests.llc_miss.any_response,42214038,100.00,,
     6.913348282,3045790,,offcore_response.all_requests.llc_hit.any_response,41700983,100.00,,
     6.913348282,39312,,offcore_response.all_requests.llc_miss.any_response,41679253,100.00,,
     7.013540854,3094920,,offcore_response.all_requests.llc_hit.any_response,42939032,100.00,,
     7.013540854,38848,,offcore_response.all_requests.llc_miss.any_response,42939032,100.00,,
     7.113733459,3045181,,offcore_response.all_requests.llc_hit.any_response,42096077,100.00,,
     7.113733459,38398,,offcore_response.all_requests.llc_miss.any_response,42118126,100.00,,
     7.213933070,3056305,,offcore_response.all_requests.llc_hit.any_response,42446991,100.00,,
     7.213933070,39362,,offcore_response.all_requests.llc_miss.any_response,42431791,100.00,,
     7.314129768,3019593,,offcore_response.all_requests.llc_hit.any_response,42157802,100.00,,
     7.314129768,39055,,offcore_response.all_requests.llc_miss.any_response,42150953,100.00,,
     7.414324569,3038257,,offcore_response.all_requests.llc_hit.any_response,41514610,100.00,,
     7.414324569,39110,,offcore_response.all_requests.llc_miss.any_response,41530481,100.00,,
     7.514516081,3067128,,offcore_response.all_requests.llc_hit.any_response,41915793,100.00,,
     7.514516081,38939,,offcore_response.all_requests.llc_miss.any_response,41899922,100.00,,
     7.614705994,2989161,,offcore_response.all_requests.llc_hit.any_response,42202335,100.00,,
     7.614705994,38554,,offcore_response.all_requests.llc_miss.any_response,42202335,100.00,,
     7.714892962,3039945,,offcore_response.all_requests.llc_hit.any_response,41729261,100.00,,
     7.714892962,39285,,offcore_response.all_requests.llc_miss.any_response,41729261,100.00,,
     7.815081986,3028815,,offcore_response.all_requests.llc_hit.any_response,41362880,100.00,,
     7.815081986,38819,,offcore_response.all_requests.llc_miss.any_response,41362880,100.00,,
     7.915269346,3070344,,offcore_response.all_requests.llc_hit.any_response,42273715,100.00,,
     7.915269346,38757,,offcore_response.all_requests.llc_miss.any_response,42273715,100.00,,
     8.015471894,3038105,,offcore_response.all_requests.llc_hit.any_response,42319474,100.00,,
     8.015471894,38924,,offcore_response.all_requests.llc_miss.any_response,42319474,100.00,,
     8.115646988,2979794,,offcore_response.all_requests.llc_hit.any_response,41087644,100.00,,
     8.115646988,38489,,offcore_response.all_requests.llc_miss.any_response,41087644,100.00,,
     8.215836711,2994140,,offcore_response.all_requests.llc_hit.any_response,41596983,100.00,,
     8.215836711,38913,,offcore_response.all_requests.llc_miss.any_response,41596983,100.00,,
     8.316011471,3091400,,offcore_response.all_requests.llc_hit.any_response,43000638,100.00,,
     8.316011471,38995,,offcore_response.all_requests.llc_miss.any_response,43000638,100.00,,
     8.416202693,2996752,,offcore_response.all_requests.llc_hit.any_response,40896094,100.00,,
     8.416202693,39473,,offcore_response.all_requests.llc_miss.any_response,40917576,100.00,,
     8.516399762,3078171,,offcore_response.all_requests.llc_hit.any_response,43002478,100.00,,
     8.516399762,38590,,offcore_response.all_requests.llc_miss.any_response,42980996,100.00,,
     8.616589711,3067508,,offcore_response.all_requests.llc_hit.any_response,41722961,100.00,,
     8.616589711,38888,,offcore_response.all_requests.llc_miss.any_response,41722961,100.00,,
     8.716779516,3008894,,offcore_response.all_requests.llc_hit.any_response,41369134,100.00,,
     8.716779516,38936,,offcore_response.all_requests.llc_miss.any_response,41391702,100.00,,
     8.816998072,2991021,,offcore_response.all_requests.llc_hit.any_response,39775549,100.00,,
     8.816998072,39032,,offcore_response.all_requests.llc_miss.any_response,39752981,100.00,,
     8.917171582,3053320,,offcore_response.all_requests.llc_hit.any_response,41295303,100.00,,
     8.917171582,39155,,offcore_response.all_requests.llc_miss.any_response,41305008,100.00,,
     9.017368804,3025339,,offcore_response.all_requests.llc_hit.any_response,42187994,100.00,,
     9.017368804,38711,,offcore_response.all_requests.llc_miss.any_response,42199518,100.00,,
     9.117563982,3030771,,offcore_response.all_requests.llc_hit.any_response,42186384,100.00,,
     9.117563982,38985,,offcore_response.all_requests.llc_miss.any_response,42187229,100.00,,
     9.217762148,3018455,,offcore_response.all_requests.llc_hit.any_response,42288286,100.00,,
     9.217762148,39023,,offcore_response.all_requests.llc_miss.any_response,42287509,100.00,,
     9.317958096,3072549,,offcore_response.all_requests.llc_hit.any_response,42768687,100.00,,
     9.317958096,39258,,offcore_response.all_requests.llc_miss.any_response,42747390,100.00,,
     9.418150187,3039367,,offcore_response.all_requests.llc_hit.any_response,42320106,100.00,,
     9.418150187,38774,,offcore_response.all_requests.llc_miss.any_response,42341903,100.00,,
     9.518346819,3025794,,offcore_response.all_requests.llc_hit.any_response,42182573,100.00,,
     9.518346819,39195,,offcore_response.all_requests.llc_miss.any_response,42182783,100.00,,
     9.618543283,3011504,,offcore_response.all_requests.llc_hit.any_response,41552983,100.00,,
     9.618543283,39008,,offcore_response.all_requests.llc_miss.any_response,41530976,100.00,,
     9.718731488,3025146,,offcore_response.all_requests.llc_hit.any_response,42525820,100.00,,
     9.718731488,39078,,offcore_response.all_requests.llc_miss.any_response,42525820,100.00,,
     9.818921728,3011818,,offcore_response.all_requests.llc_hit.any_response,41507596,100.00,,
     9.818921728,38839,,offcore_response.all_requests.llc_miss.any_response,41507596,100.00,,
     9.919111780,3010869,,offcore_response.all_requests.llc_hit.any_response,41304750,100.00,,
     9.919111780,38650,,offcore_response.all_requests.llc_miss.any_response,41320053,100.00,,
    10.019312200,3026786,,offcore_response.all_requests.llc_hit.any_response,41603770,100.00,,
    10.019312200,38819,,offcore_response.all_requests.llc_miss.any_response,41588467,100.00,,
    10.119502315,3018750,,offcore_response.all_requests.llc_hit.any_response,41658045,100.00,,
    10.119502315,39425,,offcore_response.all_requests.llc_miss.any_response,41677106,100.00,,
    10.219695255,3022375,,offcore_response.all_requests.llc_hit.any_response,40269641,100.00,,
    10.219695255,38966,,offcore_response.all_requests.llc_miss.any_response,40250580,100.00,,
    10.319883887,3028122,,offcore_response.all_requests.llc_hit.any_response,41403577,100.00,,
    10.319883887,38965,,offcore_response.all_requests.llc_miss.any_response,41425610,100.00,,
    10.420082280,3020292,,offcore_response.all_requests.llc_hit.any_response,41618140,100.00,,
    10.420082280,38695,,offcore_response.all_requests.llc_miss.any_response,41617559,100.00,,
    10.520283912,3023417,,offcore_response.all_requests.llc_hit.any_response,42457907,100.00,,
    10.520283912,38875,,offcore_response.all_requests.llc_miss.any_response,42436455,100.00,,
    10.620475421,3071099,,offcore_response.all_requests.llc_hit.any_response,41022482,100.00,,
    10.620475421,38913,,offcore_response.all_requests.llc_miss.any_response,41043965,100.00,,
    10.720674314,3032093,,offcore_response.all_requests.llc_hit.any_response,42015654,100.00,,
    10.720674314,38899,,offcore_response.all_requests.llc_miss.any_response,42016455,100.00,,
    10.820861105,3005304,,offcore_response.all_requests.llc_hit.any_response,41143826,100.00,,
    10.820861105,38972,,offcore_response.all_requests.llc_miss.any_response,41142849,100.00,,
    10.921045007,3050389,,offcore_response.all_requests.llc_hit.any_response,42528232,100.00,,
    10.921045007,38963,,offcore_response.all_requests.llc_miss.any_response,42506925,100.00,,
    11.021262858,3045865,,offcore_response.all_requests.llc_hit.any_response,42180737,100.00,,
    11.021262858,38721,,offcore_response.all_requests.llc_miss.any_response,42180737,100.00,,
