# started on Mon May  1 16:31:10 2023

     0.100164434,29263584,,inst_retired.any,41769075,100.00,119.9,IpMispredict
     0.100164434,244103,,br_misp_retired.all_branches,41769075,100.00,,
     0.200425062,29242688,,inst_retired.any,41115648,100.00,123.0,IpMispredict
     0.200425062,231484,,br_misp_retired.all_branches,41115648,100.00,,
     0.300617618,29643725,,inst_retired.any,41442863,100.00,125.0,IpMispredict
     0.300617618,235706,,br_misp_retired.all_branches,41442863,100.00,,
     0.400802526,29151986,,inst_retired.any,41434477,100.00,123.4,IpMispredict
     0.400802526,233961,,br_misp_retired.all_branches,41434477,100.00,,
     0.500988933,29871713,,inst_retired.any,41260198,100.00,128.2,IpMispredict
     0.500988933,219865,,br_misp_retired.all_branches,41260198,100.00,,
     0.601175019,29916564,,inst_retired.any,42132404,100.00,128.7,IpMispredict
     0.601175019,229865,,br_misp_retired.all_branches,42132404,100.00,,
     0.701368847,29457943,,inst_retired.any,40990182,100.00,126.5,IpMispredict
     0.701368847,234480,,br_misp_retired.all_branches,40990182,100.00,,
     0.801560357,29220925,,inst_retired.any,40541496,100.00,125.5,IpMispredict
     0.801560357,232634,,br_misp_retired.all_branches,40541496,100.00,,
     0.901747853,29431500,,inst_retired.any,41929606,100.00,126.2,IpMispredict
     0.901747853,237315,,br_misp_retired.all_branches,41929606,100.00,,
     1.001940469,29669242,,inst_retired.any,42723455,100.00,126.6,IpMispredict
     1.001940469,244313,,br_misp_retired.all_branches,42723455,100.00,,
     1.102134751,29266283,,inst_retired.any,41348288,100.00,125.0,IpMispredict
     1.102134751,231200,,br_misp_retired.all_branches,41348288,100.00,,
     1.202324022,29556412,,inst_retired.any,42229052,100.00,126.3,IpMispredict
     1.202324022,232846,,br_misp_retired.all_branches,42229052,100.00,,
     1.302517319,29108489,,inst_retired.any,40731941,100.00,124.8,IpMispredict
     1.302517319,223158,,br_misp_retired.all_branches,40731941,100.00,,
     1.402708016,29247226,,inst_retired.any,41375815,100.00,125.1,IpMispredict
     1.402708016,242823,,br_misp_retired.all_branches,41375815,100.00,,
     1.502897671,29694616,,inst_retired.any,41675510,100.00,127.0,IpMispredict
     1.502897671,233947,,br_misp_retired.all_branches,41675510,100.00,,
     1.603085234,29434447,,inst_retired.any,42212691,100.00,125.3,IpMispredict
     1.603085234,250662,,br_misp_retired.all_branches,42212691,100.00,,
     1.703274117,29626287,,inst_retired.any,42148995,100.00,126.3,IpMispredict
     1.703274117,228044,,br_misp_retired.all_branches,42148995,100.00,,
     1.803459602,29383816,,inst_retired.any,41377496,100.00,125.5,IpMispredict
     1.803459602,228198,,br_misp_retired.all_branches,41377496,100.00,,
     1.903647543,29240188,,inst_retired.any,40939954,100.00,125.2,IpMispredict
     1.903647543,221984,,br_misp_retired.all_branches,40939954,100.00,,
     2.003837677,29616630,,inst_retired.any,41650789,100.00,126.5,IpMispredict
     2.003837677,245376,,br_misp_retired.all_branches,41650789,100.00,,
     2.104028099,29368893,,inst_retired.any,41631787,100.00,125.5,IpMispredict
     2.104028099,233513,,br_misp_retired.all_branches,41631787,100.00,,
     2.204218724,29090246,,inst_retired.any,40524219,100.00,124.4,IpMispredict
     2.204218724,230092,,br_misp_retired.all_branches,40524219,100.00,,
     2.304409086,29754493,,inst_retired.any,40043662,100.00,127.2,IpMispredict
     2.304409086,235469,,br_misp_retired.all_branches,40043662,100.00,,
     2.404597362,29236995,,inst_retired.any,40475596,100.00,125.3,IpMispredict
     2.404597362,219842,,br_misp_retired.all_branches,40475596,100.00,,
     2.504785824,29701295,,inst_retired.any,42763142,100.00,127.1,IpMispredict
     2.504785824,239823,,br_misp_retired.all_branches,42763142,100.00,,
     2.604973127,29292717,,inst_retired.any,41876133,100.00,125.4,IpMispredict
     2.604973127,234715,,br_misp_retired.all_branches,41876133,100.00,,
     2.705164402,29514920,,inst_retired.any,41404265,100.00,126.2,IpMispredict
     2.705164402,237866,,br_misp_retired.all_branches,41404265,100.00,,
     2.805374154,29439093,,inst_retired.any,42388569,100.00,125.8,IpMispredict
     2.805374154,240219,,br_misp_retired.all_branches,42388569,100.00,,
     2.905569308,29385071,,inst_retired.any,42117736,100.00,125.4,IpMispredict
     2.905569308,243663,,br_misp_retired.all_branches,42117736,100.00,,
     3.005764068,29458640,,inst_retired.any,41303316,100.00,125.9,IpMispredict
     3.005764068,224185,,br_misp_retired.all_branches,41303316,100.00,,
     3.105956642,29182254,,inst_retired.any,40996515,100.00,124.6,IpMispredict
     3.105956642,238896,,br_misp_retired.all_branches,40996515,100.00,,
     3.206148714,29491155,,inst_retired.any,41948335,100.00,125.7,IpMispredict
     3.206148714,246683,,br_misp_retired.all_branches,41948335,100.00,,
     3.306339995,29805696,,inst_retired.any,41974283,100.00,127.1,IpMispredict
     3.306339995,231806,,br_misp_retired.all_branches,41974283,100.00,,
     3.406529704,29338971,,inst_retired.any,41579447,100.00,125.0,IpMispredict
     3.406529704,241802,,br_misp_retired.all_branches,41579447,100.00,,
     3.506722686,29293687,,inst_retired.any,41277337,100.00,125.0,IpMispredict
     3.506722686,221926,,br_misp_retired.all_branches,41277337,100.00,,
     3.606911837,29499949,,inst_retired.any,42773807,100.00,125.5,IpMispredict
     3.606911837,260765,,br_misp_retired.all_branches,42773807,100.00,,
     3.707100656,29587291,,inst_retired.any,41862098,100.00,125.9,IpMispredict
     3.707100656,234210,,br_misp_retired.all_branches,41862098,100.00,,
     3.807288718,29451586,,inst_retired.any,41560742,100.00,125.4,IpMispredict
     3.807288718,226581,,br_misp_retired.all_branches,41560742,100.00,,
     3.907480270,29458902,,inst_retired.any,40681891,100.00,125.4,IpMispredict
     3.907480270,240216,,br_misp_retired.all_branches,40681891,100.00,,
     4.007669124,29057830,,inst_retired.any,40920396,100.00,123.7,IpMispredict
     4.007669124,234500,,br_misp_retired.all_branches,40920396,100.00,,
     4.107856225,29811818,,inst_retired.any,41682366,100.00,126.9,IpMispredict
     4.107856225,231897,,br_misp_retired.all_branches,41682366,100.00,,
     4.208043020,29271035,,inst_retired.any,41781505,100.00,124.8,IpMispredict
     4.208043020,221670,,br_misp_retired.all_branches,41781505,100.00,,
     4.308235675,29154511,,inst_retired.any,40446957,100.00,124.5,IpMispredict
     4.308235675,214532,,br_misp_retired.all_branches,40446957,100.00,,
     4.408421766,29510647,,inst_retired.any,41743464,100.00,126.1,IpMispredict
     4.408421766,231292,,br_misp_retired.all_branches,41743464,100.00,,
     4.508612596,29639512,,inst_retired.any,41628763,100.00,126.7,IpMispredict
     4.508612596,226707,,br_misp_retired.all_branches,41628763,100.00,,
     4.608810160,29387033,,inst_retired.any,41709954,100.00,125.7,IpMispredict
     4.608810160,229736,,br_misp_retired.all_branches,41709954,100.00,,
     4.708997877,29395215,,inst_retired.any,42470931,100.00,125.6,IpMispredict
     4.708997877,241645,,br_misp_retired.all_branches,42470931,100.00,,
     4.809190485,29169878,,inst_retired.any,41022182,100.00,124.7,IpMispredict
     4.809190485,233664,,br_misp_retired.all_branches,41022182,100.00,,
     4.909383959,29771864,,inst_retired.any,43146473,100.00,127.0,IpMispredict
     4.909383959,253147,,br_misp_retired.all_branches,43146473,100.00,,
     5.009583931,29327955,,inst_retired.any,40819504,100.00,125.0,IpMispredict
     5.009583931,248803,,br_misp_retired.all_branches,40819504,100.00,,
     5.109772707,29285747,,inst_retired.any,41701135,100.00,124.5,IpMispredict
     5.109772707,265169,,br_misp_retired.all_branches,41701135,100.00,,
     5.209958198,29317461,,inst_retired.any,41125169,100.00,124.6,IpMispredict
     5.209958198,236984,,br_misp_retired.all_branches,41125169,100.00,,
     5.310150095,29610174,,inst_retired.any,41520274,100.00,125.9,IpMispredict
     5.310150095,233947,,br_misp_retired.all_branches,41520274,100.00,,
     5.410336426,29591922,,inst_retired.any,40745231,100.00,125.7,IpMispredict
     5.410336426,248693,,br_misp_retired.all_branches,40745231,100.00,,
     5.510553568,29725376,,inst_retired.any,43005453,100.00,126.1,IpMispredict
     5.510553568,252383,,br_misp_retired.all_branches,43005453,100.00,,
     5.610740519,29784766,,inst_retired.any,41945010,100.00,126.3,IpMispredict
     5.610740519,233870,,br_misp_retired.all_branches,41945010,100.00,,
     5.710927438,29423006,,inst_retired.any,41826992,100.00,124.8,IpMispredict
     5.710927438,238988,,br_misp_retired.all_branches,41826992,100.00,,
     5.811118617,29308980,,inst_retired.any,41539624,100.00,124.4,IpMispredict
     5.811118617,221375,,br_misp_retired.all_branches,41539624,100.00,,
     5.911307673,29636740,,inst_retired.any,41721132,100.00,125.9,IpMispredict
     5.911307673,226120,,br_misp_retired.all_branches,41721132,100.00,,
     6.011494475,29380054,,inst_retired.any,41080617,100.00,124.9,IpMispredict
     6.011494475,229348,,br_misp_retired.all_branches,41080617,100.00,,
     6.111716455,29307018,,inst_retired.any,41470211,100.00,124.5,IpMispredict
     6.111716455,244281,,br_misp_retired.all_branches,41470211,100.00,,
     6.211904626,29385341,,inst_retired.any,41374407,100.00,124.9,IpMispredict
     6.211904626,223140,,br_misp_retired.all_branches,41374407,100.00,,
     6.312097221,29679024,,inst_retired.any,42169953,100.00,126.2,IpMispredict
     6.312097221,227843,,br_misp_retired.all_branches,42169953,100.00,,
     6.412284417,28972664,,inst_retired.any,41432159,100.00,123.2,IpMispredict
     6.412284417,242250,,br_misp_retired.all_branches,41432159,100.00,,
     6.512472685,29680477,,inst_retired.any,41123117,100.00,126.1,IpMispredict
     6.512472685,239025,,br_misp_retired.all_branches,41123117,100.00,,
     6.612660338,29596093,,inst_retired.any,41112441,100.00,125.8,IpMispredict
     6.612660338,227978,,br_misp_retired.all_branches,41112441,100.00,,
     6.712851169,29209492,,inst_retired.any,41713128,100.00,124.2,IpMispredict
     6.712851169,235291,,br_misp_retired.all_branches,41713128,100.00,,
     6.813045983,29327427,,inst_retired.any,41166705,100.00,124.7,IpMispredict
     6.813045983,239427,,br_misp_retired.all_branches,41166705,100.00,,
     6.913245380,29653946,,inst_retired.any,42151460,100.00,126.0,IpMispredict
     6.913245380,236415,,br_misp_retired.all_branches,42151460,100.00,,
     7.013432075,29296907,,inst_retired.any,40922010,100.00,124.5,IpMispredict
     7.013432075,240267,,br_misp_retired.all_branches,40922010,100.00,,
     7.113623991,29210160,,inst_retired.any,41483071,100.00,124.2,IpMispredict
     7.113623991,221664,,br_misp_retired.all_branches,41483071,100.00,,
     7.213809770,29774584,,inst_retired.any,41188601,100.00,126.5,IpMispredict
     7.213809770,249475,,br_misp_retired.all_branches,41188601,100.00,,
     7.314001901,29634707,,inst_retired.any,42395519,100.00,125.8,IpMispredict
     7.314001901,249650,,br_misp_retired.all_branches,42395519,100.00,,
     7.414192685,29239222,,inst_retired.any,40956223,100.00,124.1,IpMispredict
     7.414192685,233606,,br_misp_retired.all_branches,40956223,100.00,,
     7.514378785,29308146,,inst_retired.any,41398204,100.00,124.4,IpMispredict
     7.514378785,246687,,br_misp_retired.all_branches,41398204,100.00,,
     7.614571180,29438711,,inst_retired.any,40715868,100.00,125.0,IpMispredict
     7.614571180,223075,,br_misp_retired.all_branches,40715868,100.00,,
     7.714759608,29622339,,inst_retired.any,42440901,100.00,125.8,IpMispredict
     7.714759608,233273,,br_misp_retired.all_branches,42440901,100.00,,
     7.814944810,29047355,,inst_retired.any,40515643,100.00,123.5,IpMispredict
     7.814944810,217275,,br_misp_retired.all_branches,40515643,100.00,,
     7.915132663,29252159,,inst_retired.any,41535367,100.00,124.3,IpMispredict
     7.915132663,238034,,br_misp_retired.all_branches,41535367,100.00,,
     8.015319311,29785623,,inst_retired.any,42324481,100.00,126.5,IpMispredict
     8.015319311,253477,,br_misp_retired.all_branches,42324481,100.00,,
     8.115507225,29352567,,inst_retired.any,41309002,100.00,124.6,IpMispredict
     8.115507225,245787,,br_misp_retired.all_branches,41309002,100.00,,
     8.215718346,29472907,,inst_retired.any,40426374,100.00,125.1,IpMispredict
     8.215718346,239368,,br_misp_retired.all_branches,40426374,100.00,,
     8.315927750,29407959,,inst_retired.any,40266520,100.00,124.6,IpMispredict
     8.315927750,264886,,br_misp_retired.all_branches,40266520,100.00,,
     8.416114428,29574959,,inst_retired.any,41357979,100.00,125.3,IpMispredict
     8.416114428,239887,,br_misp_retired.all_branches,41357979,100.00,,
     8.516303147,29415192,,inst_retired.any,41666582,100.00,124.6,IpMispredict
     8.516303147,232308,,br_misp_retired.all_branches,41666582,100.00,,
     8.616501135,29506467,,inst_retired.any,41699032,100.00,125.0,IpMispredict
     8.616501135,235468,,br_misp_retired.all_branches,41699032,100.00,,
     8.716692096,29320100,,inst_retired.any,41575407,100.00,124.2,IpMispredict
     8.716692096,247434,,br_misp_retired.all_branches,41575407,100.00,,
     8.816880928,29668929,,inst_retired.any,41355312,100.00,125.7,IpMispredict
     8.816880928,226578,,br_misp_retired.all_branches,41355312,100.00,,
     8.917068819,28938170,,inst_retired.any,40838894,100.00,122.6,IpMispredict
     8.917068819,241817,,br_misp_retired.all_branches,40838894,100.00,,
     9.017254478,29803688,,inst_retired.any,42270898,100.00,126.1,IpMispredict
     9.017254478,248769,,br_misp_retired.all_branches,42270898,100.00,,
     9.117441887,29406323,,inst_retired.any,41170360,100.00,124.5,IpMispredict
     9.117441887,225028,,br_misp_retired.all_branches,41170360,100.00,,
     9.217629571,29440436,,inst_retired.any,41533231,100.00,124.7,IpMispredict
     9.217629571,232001,,br_misp_retired.all_branches,41533231,100.00,,
     9.317821230,29340667,,inst_retired.any,41856486,100.00,124.4,IpMispredict
     9.317821230,222549,,br_misp_retired.all_branches,41856486,100.00,,
     9.418008917,29655100,,inst_retired.any,42963370,100.00,125.6,IpMispredict
     9.418008917,252968,,br_misp_retired.all_branches,42963370,100.00,,
     9.518198843,29454936,,inst_retired.any,42726919,100.00,124.8,IpMispredict
     9.518198843,231202,,br_misp_retired.all_branches,42726919,100.00,,
     9.618387753,29167182,,inst_retired.any,41426431,100.00,123.5,IpMispredict
     9.618387753,242679,,br_misp_retired.all_branches,41426431,100.00,,
     9.718577617,29661668,,inst_retired.any,41895546,100.00,125.6,IpMispredict
     9.718577617,230042,,br_misp_retired.all_branches,41895546,100.00,,
     9.818763718,29369928,,inst_retired.any,41489436,100.00,124.4,IpMispredict
     9.818763718,234840,,br_misp_retired.all_branches,41489436,100.00,,
     9.918957645,29223063,,inst_retired.any,40951851,100.00,123.8,IpMispredict
     9.918957645,234235,,br_misp_retired.all_branches,40951851,100.00,,
    10.019156715,29599226,,inst_retired.any,42079231,100.00,125.4,IpMispredict
    10.019156715,237320,,br_misp_retired.all_branches,42079231,100.00,,
    10.119348554,29348709,,inst_retired.any,41627375,100.00,124.3,IpMispredict
    10.119348554,241922,,br_misp_retired.all_branches,41627375,100.00,,
    10.219534875,29560629,,inst_retired.any,42087885,100.00,125.2,IpMispredict
    10.219534875,244480,,br_misp_retired.all_branches,42087885,100.00,,
    10.319740847,29289901,,inst_retired.any,41824852,100.00,124.0,IpMispredict
    10.319740847,239858,,br_misp_retired.all_branches,41824852,100.00,,
    10.419928731,29647289,,inst_retired.any,40559079,100.00,125.6,IpMispredict
    10.419928731,221489,,br_misp_retired.all_branches,40559079,100.00,,
    10.520117281,30015810,,inst_retired.any,42201117,100.00,127.1,IpMispredict
    10.520117281,234996,,br_misp_retired.all_branches,42201117,100.00,,
    10.620303707,29428967,,inst_retired.any,41094452,100.00,124.6,IpMispredict
    10.620303707,244586,,br_misp_retired.all_branches,41094452,100.00,,
    10.720491007,29082292,,inst_retired.any,40550976,100.00,123.2,IpMispredict
    10.720491007,220953,,br_misp_retired.all_branches,40550976,100.00,,
    10.820677217,29567729,,inst_retired.any,42552795,100.00,125.2,IpMispredict
    10.820677217,257677,,br_misp_retired.all_branches,42552795,100.00,,
    10.920869541,29462672,,inst_retired.any,42274564,100.00,124.7,IpMispredict
    10.920869541,240050,,br_misp_retired.all_branches,42274564,100.00,,
    11.021081621,29179091,,inst_retired.any,40786160,100.00,123.6,IpMispredict
    11.021081621,221630,,br_misp_retired.all_branches,40786160,100.00,,
