# started on Mon May  1 16:23:21 2023

     0.100139676,29504780,,inst_retired.any,41784831,100.00,125.9,IpMispredict
     0.100139676,234397,,br_misp_retired.all_branches,41784831,100.00,,
     0.200349567,29702196,,inst_retired.any,40397819,100.00,128.2,IpMispredict
     0.200349567,228959,,br_misp_retired.all_branches,40397819,100.00,,
     0.300518441,29133857,,inst_retired.any,41000120,100.00,127.4,IpMispredict
     0.300518441,222440,,br_misp_retired.all_branches,41000120,100.00,,
     0.400708648,29593836,,inst_retired.any,42573149,100.00,127.0,IpMispredict
     0.400708648,246265,,br_misp_retired.all_branches,42573149,100.00,,
     0.500899904,29369615,,inst_retired.any,41741312,100.00,125.1,IpMispredict
     0.500899904,242239,,br_misp_retired.all_branches,41741312,100.00,,
     0.601095370,29811895,,inst_retired.any,41253958,100.00,127.1,IpMispredict
     0.601095370,232792,,br_misp_retired.all_branches,41253958,100.00,,
     0.701284415,29536547,,inst_retired.any,42301032,100.00,125.5,IpMispredict
     0.701284415,239798,,br_misp_retired.all_branches,42301032,100.00,,
     0.801472129,29210031,,inst_retired.any,39973508,100.00,124.6,IpMispredict
     0.801472129,229007,,br_misp_retired.all_branches,39973508,100.00,,
     0.901659878,29403646,,inst_retired.any,41504469,100.00,125.1,IpMispredict
     0.901659878,240293,,br_misp_retired.all_branches,41504469,100.00,,
     1.001847952,29270422,,inst_retired.any,41112506,100.00,124.2,IpMispredict
     1.001847952,240837,,br_misp_retired.all_branches,41112506,100.00,,
     1.102035080,29548369,,inst_retired.any,41429476,100.00,125.8,IpMispredict
     1.102035080,227713,,br_misp_retired.all_branches,41429476,100.00,,
     1.202222907,29623613,,inst_retired.any,41525611,100.00,126.0,IpMispredict
     1.202222907,236927,,br_misp_retired.all_branches,41525611,100.00,,
     1.302410242,29937604,,inst_retired.any,41671004,100.00,126.8,IpMispredict
     1.302410242,246816,,br_misp_retired.all_branches,41671004,100.00,,
     1.402598109,29255679,,inst_retired.any,41094689,100.00,124.3,IpMispredict
     1.402598109,226946,,br_misp_retired.all_branches,41094689,100.00,,
     1.502790649,29408314,,inst_retired.any,41403626,100.00,124.8,IpMispredict
     1.502790649,239220,,br_misp_retired.all_branches,41403626,100.00,,
     1.602979512,29531427,,inst_retired.any,41967807,100.00,124.9,IpMispredict
     1.602979512,249329,,br_misp_retired.all_branches,41967807,100.00,,
     1.703166589,29485567,,inst_retired.any,42328710,100.00,123.5,IpMispredict
     1.703166589,273630,,br_misp_retired.all_branches,42328710,100.00,,
     1.803356772,29409263,,inst_retired.any,41156438,100.00,123.5,IpMispredict
     1.803356772,227970,,br_misp_retired.all_branches,41156438,100.00,,
     1.903548791,29668171,,inst_retired.any,41648760,100.00,124.8,IpMispredict
     1.903548791,230502,,br_misp_retired.all_branches,41648760,100.00,,
     2.003738603,29155761,,inst_retired.any,41722434,100.00,122.9,IpMispredict
     2.003738603,226926,,br_misp_retired.all_branches,41722434,100.00,,
     2.103924957,29447440,,inst_retired.any,42392637,100.00,124.5,IpMispredict
     2.103924957,225151,,br_misp_retired.all_branches,42392637,100.00,,
     2.204113495,29588370,,inst_retired.any,42074307,100.00,125.1,IpMispredict
     2.204113495,236692,,br_misp_retired.all_branches,42074307,100.00,,
     2.304307433,29335186,,inst_retired.any,41374263,100.00,123.6,IpMispredict
     2.304307433,252680,,br_misp_retired.all_branches,41374263,100.00,,
     2.404497591,29087936,,inst_retired.any,41638476,100.00,122.6,IpMispredict
     2.404497591,234530,,br_misp_retired.all_branches,41638476,100.00,,
     2.504688228,29263295,,inst_retired.any,41485832,100.00,123.6,IpMispredict
     2.504688228,229083,,br_misp_retired.all_branches,41485832,100.00,,
     2.604877293,29756811,,inst_retired.any,41853812,100.00,125.6,IpMispredict
     2.604877293,236517,,br_misp_retired.all_branches,41853812,100.00,,
     2.705065662,28902860,,inst_retired.any,39622701,100.00,122.4,IpMispredict
     2.705065662,215508,,br_misp_retired.all_branches,39622701,100.00,,
     2.805273430,29916087,,inst_retired.any,40618195,100.00,126.5,IpMispredict
     2.805273430,246649,,br_misp_retired.all_branches,40618195,100.00,,
     2.905460737,29338492,,inst_retired.any,42546758,100.00,124.2,IpMispredict
     2.905460737,232543,,br_misp_retired.all_branches,42546758,100.00,,
     3.005648397,29164709,,inst_retired.any,40868267,100.00,123.6,IpMispredict
     3.005648397,224000,,br_misp_retired.all_branches,40868267,100.00,,
     3.105838959,29580553,,inst_retired.any,42421806,100.00,125.3,IpMispredict
     3.105838959,243496,,br_misp_retired.all_branches,42421806,100.00,,
     3.206026219,28940271,,inst_retired.any,40771794,100.00,122.7,IpMispredict
     3.206026219,228031,,br_misp_retired.all_branches,40771794,100.00,,
     3.306214542,29400851,,inst_retired.any,41757180,100.00,124.6,IpMispredict
     3.306214542,240558,,br_misp_retired.all_branches,41757180,100.00,,
     3.406407502,29682573,,inst_retired.any,41717665,100.00,125.7,IpMispredict
     3.406407502,238500,,br_misp_retired.all_branches,41717665,100.00,,
     3.506599359,29406632,,inst_retired.any,40989516,100.00,124.7,IpMispredict
     3.506599359,229946,,br_misp_retired.all_branches,40989516,100.00,,
     3.606786647,29546184,,inst_retired.any,42611061,100.00,124.8,IpMispredict
     3.606786647,263580,,br_misp_retired.all_branches,42611061,100.00,,
     3.706977876,29584188,,inst_retired.any,40415193,100.00,125.1,IpMispredict
     3.706977876,231715,,br_misp_retired.all_branches,40415193,100.00,,
     3.807165590,29216748,,inst_retired.any,41543614,100.00,123.4,IpMispredict
     3.807165590,242684,,br_misp_retired.all_branches,41543614,100.00,,
     3.907355263,29436040,,inst_retired.any,41656202,100.00,124.3,IpMispredict
     3.907355263,244217,,br_misp_retired.all_branches,41656202,100.00,,
     4.007548342,29345454,,inst_retired.any,41600962,100.00,124.1,IpMispredict
     4.007548342,220354,,br_misp_retired.all_branches,41600962,100.00,,
     4.107741126,29365088,,inst_retired.any,41928689,100.00,124.2,IpMispredict
     4.107741126,237538,,br_misp_retired.all_branches,41928689,100.00,,
     4.207930344,29523829,,inst_retired.any,41096314,100.00,124.9,IpMispredict
     4.207930344,226999,,br_misp_retired.all_branches,41096314,100.00,,
     4.308118742,29556772,,inst_retired.any,42110916,100.00,125.0,IpMispredict
     4.308118742,242315,,br_misp_retired.all_branches,42110916,100.00,,
     4.408308743,29058984,,inst_retired.any,42048422,100.00,122.7,IpMispredict
     4.408308743,254942,,br_misp_retired.all_branches,42048422,100.00,,
     4.508500447,29457429,,inst_retired.any,41937376,100.00,124.3,IpMispredict
     4.508500447,240205,,br_misp_retired.all_branches,41937376,100.00,,
     4.608693172,29442540,,inst_retired.any,39442230,100.00,124.4,IpMispredict
     4.608693172,225919,,br_misp_retired.all_branches,39442230,100.00,,
     4.708880593,29203010,,inst_retired.any,41957690,100.00,123.2,IpMispredict
     4.708880593,249731,,br_misp_retired.all_branches,41957690,100.00,,
     4.809069664,29498441,,inst_retired.any,41501246,100.00,124.4,IpMispredict
     4.809069664,242439,,br_misp_retired.all_branches,41501246,100.00,,
     4.909263506,29765040,,inst_retired.any,41641274,100.00,125.6,IpMispredict
     4.909263506,230327,,br_misp_retired.all_branches,41641274,100.00,,
     5.009465641,29140449,,inst_retired.any,40998284,100.00,122.9,IpMispredict
     5.009465641,245428,,br_misp_retired.all_branches,40998284,100.00,,
     5.109655941,29685470,,inst_retired.any,41753524,100.00,125.4,IpMispredict
     5.109655941,222321,,br_misp_retired.all_branches,41753524,100.00,,
     5.209843014,28892238,,inst_retired.any,41386593,100.00,122.0,IpMispredict
     5.209843014,232874,,br_misp_retired.all_branches,41386593,100.00,,
     5.310030870,29647085,,inst_retired.any,41430999,100.00,125.2,IpMispredict
     5.310030870,241863,,br_misp_retired.all_branches,41430999,100.00,,
     5.410219646,29561680,,inst_retired.any,41651824,100.00,124.8,IpMispredict
     5.410219646,237616,,br_misp_retired.all_branches,41651824,100.00,,
     5.510432152,29022817,,inst_retired.any,40437883,100.00,122.6,IpMispredict
     5.510432152,227501,,br_misp_retired.all_branches,40437883,100.00,,
     5.610620013,30317618,,inst_retired.any,43613345,100.00,127.9,IpMispredict
     5.610620013,256965,,br_misp_retired.all_branches,43613345,100.00,,
     5.710817831,29528860,,inst_retired.any,41270675,100.00,124.6,IpMispredict
     5.710817831,231145,,br_misp_retired.all_branches,41270675,100.00,,
     5.811005163,29251962,,inst_retired.any,39299712,100.00,123.4,IpMispredict
     5.811005163,245774,,br_misp_retired.all_branches,39299712,100.00,,
     5.911195892,29394540,,inst_retired.any,41717231,100.00,124.0,IpMispredict
     5.911195892,239054,,br_misp_retired.all_branches,41717231,100.00,,
     6.011389694,29365059,,inst_retired.any,42215684,100.00,123.8,IpMispredict
     6.011389694,246640,,br_misp_retired.all_branches,42215684,100.00,,
     6.111582346,29333842,,inst_retired.any,41442510,100.00,123.6,IpMispredict
     6.111582346,239986,,br_misp_retired.all_branches,41442510,100.00,,
     6.211775845,29367911,,inst_retired.any,41374260,100.00,123.7,IpMispredict
     6.211775845,240454,,br_misp_retired.all_branches,41374260,100.00,,
     6.311963963,29452122,,inst_retired.any,42025373,100.00,124.0,IpMispredict
     6.311963963,251016,,br_misp_retired.all_branches,42025373,100.00,,
     6.412152599,29507222,,inst_retired.any,42245107,100.00,124.1,IpMispredict
     6.412152599,251091,,br_misp_retired.all_branches,42245107,100.00,,
     6.512344046,29354961,,inst_retired.any,42087830,100.00,123.4,IpMispredict
     6.512344046,237397,,br_misp_retired.all_branches,42087830,100.00,,
     6.612533782,29361173,,inst_retired.any,41850079,100.00,123.5,IpMispredict
     6.612533782,237247,,br_misp_retired.all_branches,41850079,100.00,,
     6.712723535,29506365,,inst_retired.any,40106265,100.00,124.0,IpMispredict
     6.712723535,247845,,br_misp_retired.all_branches,40106265,100.00,,
     6.812915010,29336605,,inst_retired.any,41414202,100.00,123.3,IpMispredict
     6.812915010,240831,,br_misp_retired.all_branches,41414202,100.00,,
     6.913101295,29636149,,inst_retired.any,41003365,100.00,124.5,IpMispredict
     6.913101295,236053,,br_misp_retired.all_branches,41003365,100.00,,
     7.013288669,29278646,,inst_retired.any,41429807,100.00,123.1,IpMispredict
     7.013288669,235739,,br_misp_retired.all_branches,41429807,100.00,,
     7.113475442,29424766,,inst_retired.any,41181711,100.00,123.6,IpMispredict
     7.113475442,241675,,br_misp_retired.all_branches,41181711,100.00,,
     7.213670058,29213100,,inst_retired.any,41012114,100.00,122.8,IpMispredict
     7.213670058,232341,,br_misp_retired.all_branches,41012114,100.00,,
     7.313865658,29305231,,inst_retired.any,40917875,100.00,123.2,IpMispredict
     7.313865658,239007,,br_misp_retired.all_branches,40917875,100.00,,
     7.414068775,29781841,,inst_retired.any,41715550,100.00,125.2,IpMispredict
     7.414068775,230266,,br_misp_retired.all_branches,41715550,100.00,,
     7.514261393,29340399,,inst_retired.any,40180779,100.00,123.4,IpMispredict
     7.514261393,227647,,br_misp_retired.all_branches,40180779,100.00,,
     7.614450597,29473716,,inst_retired.any,42328849,100.00,123.8,IpMispredict
     7.614450597,265048,,br_misp_retired.all_branches,42328849,100.00,,
     7.714640090,29533579,,inst_retired.any,42522245,100.00,124.0,IpMispredict
     7.714640090,244726,,br_misp_retired.all_branches,42522245,100.00,,
     7.814828526,29125497,,inst_retired.any,41561240,100.00,122.3,IpMispredict
     7.814828526,246378,,br_misp_retired.all_branches,41561240,100.00,,
     7.915017243,29431798,,inst_retired.any,42488463,100.00,123.5,IpMispredict
     7.915017243,240279,,br_misp_retired.all_branches,42488463,100.00,,
     8.015207362,29428321,,inst_retired.any,41631546,100.00,123.5,IpMispredict
     8.015207362,234805,,br_misp_retired.all_branches,41631546,100.00,,
     8.115395558,29430010,,inst_retired.any,41984469,100.00,123.5,IpMispredict
     8.115395558,244071,,br_misp_retired.all_branches,41984469,100.00,,
     8.215587456,29540244,,inst_retired.any,41722117,100.00,123.9,IpMispredict
     8.215587456,241777,,br_misp_retired.all_branches,41722117,100.00,,
     8.315795915,29330597,,inst_retired.any,42076222,100.00,123.1,IpMispredict
     8.315795915,240688,,br_misp_retired.all_branches,42076222,100.00,,
     8.415984360,29477121,,inst_retired.any,42484830,100.00,123.6,IpMispredict
     8.415984360,242491,,br_misp_retired.all_branches,42484830,100.00,,
     8.516173391,29264905,,inst_retired.any,42082866,100.00,122.7,IpMispredict
     8.516173391,240488,,br_misp_retired.all_branches,42082866,100.00,,
     8.616361835,29478547,,inst_retired.any,41518662,100.00,123.6,IpMispredict
     8.616361835,239623,,br_misp_retired.all_branches,41518662,100.00,,
     8.716549773,29293545,,inst_retired.any,42272023,100.00,122.8,IpMispredict
     8.716549773,243974,,br_misp_retired.all_branches,42272023,100.00,,
     8.816743778,29320587,,inst_retired.any,41362670,100.00,122.9,IpMispredict
     8.816743778,243235,,br_misp_retired.all_branches,41362670,100.00,,
     8.916932655,29409596,,inst_retired.any,42283085,100.00,123.3,IpMispredict
     8.916932655,241490,,br_misp_retired.all_branches,42283085,100.00,,
     9.017120604,29643087,,inst_retired.any,41296445,100.00,124.3,IpMispredict
     9.017120604,230467,,br_misp_retired.all_branches,41296445,100.00,,
     9.117312968,29458488,,inst_retired.any,42244365,100.00,123.5,IpMispredict
     9.117312968,234840,,br_misp_retired.all_branches,42244365,100.00,,
     9.217501198,29278561,,inst_retired.any,42257007,100.00,122.8,IpMispredict
     9.217501198,239558,,br_misp_retired.all_branches,42257007,100.00,,
     9.317689546,29084910,,inst_retired.any,42438012,100.00,121.9,IpMispredict
     9.317689546,250856,,br_misp_retired.all_branches,42438012,100.00,,
     9.417879993,29407828,,inst_retired.any,41721199,100.00,123.3,IpMispredict
     9.417879993,235537,,br_misp_retired.all_branches,41721199,100.00,,
     9.518071571,29320125,,inst_retired.any,41800509,100.00,122.9,IpMispredict
     9.518071571,240432,,br_misp_retired.all_branches,41800509,100.00,,
     9.618263955,29854348,,inst_retired.any,42333665,100.00,125.1,IpMispredict
     9.618263955,235076,,br_misp_retired.all_branches,42333665,100.00,,
     9.718455666,29230581,,inst_retired.any,41408037,100.00,122.6,IpMispredict
     9.718455666,223345,,br_misp_retired.all_branches,41408037,100.00,,
     9.818646020,29505126,,inst_retired.any,41607754,100.00,123.7,IpMispredict
     9.818646020,254909,,br_misp_retired.all_branches,41607754,100.00,,
     9.918836347,29198718,,inst_retired.any,41446526,100.00,122.3,IpMispredict
     9.918836347,248026,,br_misp_retired.all_branches,41446526,100.00,,
    10.019029427,29648510,,inst_retired.any,41732470,100.00,124.3,IpMispredict
    10.019029427,227095,,br_misp_retired.all_branches,41732470,100.00,,
    10.119226683,29429203,,inst_retired.any,41394967,100.00,123.4,IpMispredict
    10.119226683,227479,,br_misp_retired.all_branches,41394967,100.00,,
    10.219419316,29404024,,inst_retired.any,42348377,100.00,123.3,IpMispredict
    10.219419316,234774,,br_misp_retired.all_branches,42348377,100.00,,
    10.319615904,29387560,,inst_retired.any,42121725,100.00,123.2,IpMispredict
    10.319615904,250934,,br_misp_retired.all_branches,42121725,100.00,,
    10.419804520,29448031,,inst_retired.any,41572328,100.00,123.5,IpMispredict
    10.419804520,238256,,br_misp_retired.all_branches,41572328,100.00,,
    10.519994740,29314072,,inst_retired.any,41167723,100.00,123.0,IpMispredict
    10.519994740,223810,,br_misp_retired.all_branches,41167723,100.00,,
    10.620187853,29826700,,inst_retired.any,41154975,100.00,125.1,IpMispredict
    10.620187853,243107,,br_misp_retired.all_branches,41154975,100.00,,
    10.720379310,29455938,,inst_retired.any,41353942,100.00,123.5,IpMispredict
    10.720379310,249727,,br_misp_retired.all_branches,41353942,100.00,,
    10.820568507,29366246,,inst_retired.any,41552770,100.00,123.2,IpMispredict
    10.820568507,230374,,br_misp_retired.all_branches,41552770,100.00,,
    10.920757084,29578105,,inst_retired.any,41847206,100.00,124.1,IpMispredict
    10.920757084,230467,,br_misp_retired.all_branches,41847206,100.00,,
    11.020965086,29420626,,inst_retired.any,41381551,100.00,123.4,IpMispredict
    11.020965086,232765,,br_misp_retired.all_branches,41381551,100.00,,
