# started on Mon May  1 16:25:47 2023

     0.100160889,8729718,,offcore_response.all_requests.llc_hit.any_response,75418183,100.00,,
     0.100160889,111678,,offcore_response.all_requests.llc_miss.any_response,75403912,100.00,,
     0.200356687,8710104,,offcore_response.all_requests.llc_hit.any_response,75257408,100.00,,
     0.200356687,110349,,offcore_response.all_requests.llc_miss.any_response,75264143,100.00,,
     0.300548137,8633222,,offcore_response.all_requests.llc_hit.any_response,74596377,100.00,,
     0.300548137,109038,,offcore_response.all_requests.llc_miss.any_response,74588667,100.00,,
     0.400747777,8754815,,offcore_response.all_requests.llc_hit.any_response,75529317,100.00,,
     0.400747777,111362,,offcore_response.all_requests.llc_miss.any_response,75541729,100.00,,
     0.500942991,8743018,,offcore_response.all_requests.llc_hit.any_response,75634828,100.00,,
     0.500942991,112610,,offcore_response.all_requests.llc_miss.any_response,75634209,100.00,,
     0.601135549,8712662,,offcore_response.all_requests.llc_hit.any_response,75484216,100.00,,
     0.601135549,111728,,offcore_response.all_requests.llc_miss.any_response,75483641,100.00,,
     0.701332922,8709379,,offcore_response.all_requests.llc_hit.any_response,75307900,100.00,,
     0.701332922,109960,,offcore_response.all_requests.llc_miss.any_response,75287998,100.00,,
     0.801520418,8683798,,offcore_response.all_requests.llc_hit.any_response,75784253,100.00,,
     0.801520418,110127,,offcore_response.all_requests.llc_miss.any_response,75805407,100.00,,
     0.901718879,8747830,,offcore_response.all_requests.llc_hit.any_response,75391155,100.00,,
     0.901718879,110799,,offcore_response.all_requests.llc_miss.any_response,75390824,100.00,,
     1.001913421,8707476,,offcore_response.all_requests.llc_hit.any_response,75273795,100.00,,
     1.001913421,112440,,offcore_response.all_requests.llc_miss.any_response,75252972,100.00,,
     1.102102482,8746858,,offcore_response.all_requests.llc_hit.any_response,75514405,100.00,,
     1.102102482,111901,,offcore_response.all_requests.llc_miss.any_response,75520167,100.00,,
     1.202301364,8753737,,offcore_response.all_requests.llc_hit.any_response,75612282,100.00,,
     1.202301364,110068,,offcore_response.all_requests.llc_miss.any_response,75613478,100.00,,
     1.302493146,8762338,,offcore_response.all_requests.llc_hit.any_response,76149333,100.00,,
     1.302493146,110589,,offcore_response.all_requests.llc_miss.any_response,76163123,100.00,,
     1.402686322,8648528,,offcore_response.all_requests.llc_hit.any_response,74606847,100.00,,
     1.402686322,109014,,offcore_response.all_requests.llc_miss.any_response,74607306,100.00,,
     1.502881195,8708939,,offcore_response.all_requests.llc_hit.any_response,75224335,100.00,,
     1.502881195,110122,,offcore_response.all_requests.llc_miss.any_response,75223738,100.00,,
     1.603073750,8745060,,offcore_response.all_requests.llc_hit.any_response,75589009,100.00,,
     1.603073750,110438,,offcore_response.all_requests.llc_miss.any_response,75589407,100.00,,
     1.703267594,8731622,,offcore_response.all_requests.llc_hit.any_response,75424057,100.00,,
     1.703267594,109858,,offcore_response.all_requests.llc_miss.any_response,75416328,100.00,,
     1.803459914,8774594,,offcore_response.all_requests.llc_hit.any_response,75902826,100.00,,
     1.803459914,110731,,offcore_response.all_requests.llc_miss.any_response,75910614,100.00,,
     1.903658292,8695577,,offcore_response.all_requests.llc_hit.any_response,75331159,100.00,,
     1.903658292,109941,,offcore_response.all_requests.llc_miss.any_response,75310092,100.00,,
     2.003869376,8681147,,offcore_response.all_requests.llc_hit.any_response,74977882,100.00,,
     2.003869376,109445,,offcore_response.all_requests.llc_miss.any_response,74983194,100.00,,
     2.104066664,8745708,,offcore_response.all_requests.llc_hit.any_response,75586770,100.00,,
     2.104066664,110091,,offcore_response.all_requests.llc_miss.any_response,75590040,100.00,,
     2.204258956,8723747,,offcore_response.all_requests.llc_hit.any_response,75460408,100.00,,
     2.204258956,109903,,offcore_response.all_requests.llc_miss.any_response,75473563,100.00,,
     2.304475956,8728206,,offcore_response.all_requests.llc_hit.any_response,75639213,100.00,,
     2.304475956,111423,,offcore_response.all_requests.llc_miss.any_response,75632405,100.00,,
     2.404666142,8743172,,offcore_response.all_requests.llc_hit.any_response,75650822,100.00,,
     2.404666142,112285,,offcore_response.all_requests.llc_miss.any_response,75657089,100.00,,
     2.504860717,8740591,,offcore_response.all_requests.llc_hit.any_response,75340576,100.00,,
     2.504860717,110243,,offcore_response.all_requests.llc_miss.any_response,75328523,100.00,,
     2.605053299,8745396,,offcore_response.all_requests.llc_hit.any_response,75768979,100.00,,
     2.605053299,112680,,offcore_response.all_requests.llc_miss.any_response,75781086,100.00,,
     2.705249966,8742756,,offcore_response.all_requests.llc_hit.any_response,75606211,100.00,,
     2.705249966,112129,,offcore_response.all_requests.llc_miss.any_response,75605325,100.00,,
     2.805447138,8632483,,offcore_response.all_requests.llc_hit.any_response,74657373,100.00,,
     2.805447138,109380,,offcore_response.all_requests.llc_miss.any_response,74657939,100.00,,
     2.905643896,8739705,,offcore_response.all_requests.llc_hit.any_response,75499053,100.00,,
     2.905643896,109976,,offcore_response.all_requests.llc_miss.any_response,75499036,100.00,,
     3.005840716,8727974,,offcore_response.all_requests.llc_hit.any_response,75345460,100.00,,
     3.005840716,109464,,offcore_response.all_requests.llc_miss.any_response,75345657,100.00,,
     3.106036639,8793235,,offcore_response.all_requests.llc_hit.any_response,76176438,100.00,,
     3.106036639,110258,,offcore_response.all_requests.llc_miss.any_response,76175792,100.00,,
     3.206229858,8705513,,offcore_response.all_requests.llc_hit.any_response,75462364,100.00,,
     3.206229858,109480,,offcore_response.all_requests.llc_miss.any_response,75463003,100.00,,
     3.306426300,8696499,,offcore_response.all_requests.llc_hit.any_response,75323080,100.00,,
     3.306426300,111164,,offcore_response.all_requests.llc_miss.any_response,75308908,100.00,,
     3.406618444,8644322,,offcore_response.all_requests.llc_hit.any_response,74743009,100.00,,
     3.406618444,108622,,offcore_response.all_requests.llc_miss.any_response,74740338,100.00,,
     3.506815345,8760297,,offcore_response.all_requests.llc_hit.any_response,75809796,100.00,,
     3.506815345,111363,,offcore_response.all_requests.llc_miss.any_response,75811954,100.00,,
     3.607005768,8722073,,offcore_response.all_requests.llc_hit.any_response,75788423,100.00,,
     3.607005768,111811,,offcore_response.all_requests.llc_miss.any_response,75803042,100.00,,
     3.707211690,8644714,,offcore_response.all_requests.llc_hit.any_response,75007194,100.00,,
     3.707211690,110183,,offcore_response.all_requests.llc_miss.any_response,74986157,100.00,,
     3.807404969,8787771,,offcore_response.all_requests.llc_hit.any_response,76143512,100.00,,
     3.807404969,111969,,offcore_response.all_requests.llc_miss.any_response,76147774,100.00,,
     3.907598446,8636516,,offcore_response.all_requests.llc_hit.any_response,74748613,100.00,,
     3.907598446,108488,,offcore_response.all_requests.llc_miss.any_response,74765828,100.00,,
     4.007824972,8764222,,offcore_response.all_requests.llc_hit.any_response,75773035,100.00,,
     4.007824972,111771,,offcore_response.all_requests.llc_miss.any_response,75772461,100.00,,
     4.108019631,8694678,,offcore_response.all_requests.llc_hit.any_response,75119951,100.00,,
     4.108019631,110977,,offcore_response.all_requests.llc_miss.any_response,75119579,100.00,,
     4.208214391,8775386,,offcore_response.all_requests.llc_hit.any_response,75610920,100.00,,
     4.208214391,110516,,offcore_response.all_requests.llc_miss.any_response,75611545,100.00,,
     4.308410851,8667814,,offcore_response.all_requests.llc_hit.any_response,74823198,100.00,,
     4.308410851,109507,,offcore_response.all_requests.llc_miss.any_response,74822570,100.00,,
     4.408628320,8758449,,offcore_response.all_requests.llc_hit.any_response,75704254,100.00,,
     4.408628320,111796,,offcore_response.all_requests.llc_miss.any_response,75704777,100.00,,
     4.508824840,8721944,,offcore_response.all_requests.llc_hit.any_response,75291442,100.00,,
     4.508824840,111169,,offcore_response.all_requests.llc_miss.any_response,75280484,100.00,,
     4.609015854,8807834,,offcore_response.all_requests.llc_hit.any_response,76082929,100.00,,
     4.609015854,110650,,offcore_response.all_requests.llc_miss.any_response,76081764,100.00,,
     4.709208673,8722693,,offcore_response.all_requests.llc_hit.any_response,75573902,100.00,,
     4.709208673,110096,,offcore_response.all_requests.llc_miss.any_response,75573844,100.00,,
     4.809399179,8721067,,offcore_response.all_requests.llc_hit.any_response,75396303,100.00,,
     4.809399179,110048,,offcore_response.all_requests.llc_miss.any_response,75387433,100.00,,
     4.909603350,8766154,,offcore_response.all_requests.llc_hit.any_response,75982044,100.00,,
     4.909603350,112248,,offcore_response.all_requests.llc_miss.any_response,76002970,100.00,,
     5.009797007,8761070,,offcore_response.all_requests.llc_hit.any_response,75882971,100.00,,
     5.009797007,112940,,offcore_response.all_requests.llc_miss.any_response,75883084,100.00,,
     5.109990811,8749369,,offcore_response.all_requests.llc_hit.any_response,75700375,100.00,,
     5.109990811,112153,,offcore_response.all_requests.llc_miss.any_response,75687074,100.00,,
     5.210189212,8703580,,offcore_response.all_requests.llc_hit.any_response,75276052,100.00,,
     5.210189212,111753,,offcore_response.all_requests.llc_miss.any_response,75289586,100.00,,
     5.310384549,8757985,,offcore_response.all_requests.llc_hit.any_response,75743223,100.00,,
     5.310384549,112891,,offcore_response.all_requests.llc_miss.any_response,75742696,100.00,,
     5.410583338,8758670,,offcore_response.all_requests.llc_hit.any_response,75811619,100.00,,
     5.410583338,112996,,offcore_response.all_requests.llc_miss.any_response,75798576,100.00,,
     5.510778542,8703721,,offcore_response.all_requests.llc_hit.any_response,75234393,100.00,,
     5.510778542,111051,,offcore_response.all_requests.llc_miss.any_response,75247720,100.00,,
     5.610974160,8743228,,offcore_response.all_requests.llc_hit.any_response,75429655,100.00,,
     5.610974160,110232,,offcore_response.all_requests.llc_miss.any_response,75429586,100.00,,
     5.711166660,8749246,,offcore_response.all_requests.llc_hit.any_response,75771711,100.00,,
     5.711166660,110840,,offcore_response.all_requests.llc_miss.any_response,75771981,100.00,,
     5.811362081,8681580,,offcore_response.all_requests.llc_hit.any_response,75391326,100.00,,
     5.811362081,111505,,offcore_response.all_requests.llc_miss.any_response,75378145,100.00,,
     5.911557132,8726104,,offcore_response.all_requests.llc_hit.any_response,75513710,100.00,,
     5.911557132,109957,,offcore_response.all_requests.llc_miss.any_response,75518016,100.00,,
     6.011750154,8804631,,offcore_response.all_requests.llc_hit.any_response,76214380,100.00,,
     6.011750154,110449,,offcore_response.all_requests.llc_miss.any_response,76223052,100.00,,
     6.111945540,8778440,,offcore_response.all_requests.llc_hit.any_response,75861679,100.00,,
     6.111945540,113083,,offcore_response.all_requests.llc_miss.any_response,75846726,100.00,,
     6.212144130,8741109,,offcore_response.all_requests.llc_hit.any_response,75334062,100.00,,
     6.212144130,110088,,offcore_response.all_requests.llc_miss.any_response,75349174,100.00,,
     6.312339323,8756777,,offcore_response.all_requests.llc_hit.any_response,75621487,100.00,,
     6.312339323,112786,,offcore_response.all_requests.llc_miss.any_response,75620761,100.00,,
     6.412533985,8798404,,offcore_response.all_requests.llc_hit.any_response,76028034,100.00,,
     6.412533985,112079,,offcore_response.all_requests.llc_miss.any_response,76028613,100.00,,
     6.512729888,8757260,,offcore_response.all_requests.llc_hit.any_response,75618401,100.00,,
     6.512729888,109901,,offcore_response.all_requests.llc_miss.any_response,75618085,100.00,,
     6.612942272,8699377,,offcore_response.all_requests.llc_hit.any_response,75479529,100.00,,
     6.612942272,112548,,offcore_response.all_requests.llc_miss.any_response,75469631,100.00,,
     6.713134558,8759783,,offcore_response.all_requests.llc_hit.any_response,75764742,100.00,,
     6.713134558,111411,,offcore_response.all_requests.llc_miss.any_response,75774353,100.00,,
     6.813328098,8618493,,offcore_response.all_requests.llc_hit.any_response,74559035,100.00,,
     6.813328098,108895,,offcore_response.all_requests.llc_miss.any_response,74545484,100.00,,
     6.913521839,8675526,,offcore_response.all_requests.llc_hit.any_response,75333883,100.00,,
     6.913521839,111608,,offcore_response.all_requests.llc_miss.any_response,75326998,100.00,,
     7.013713129,8868475,,offcore_response.all_requests.llc_hit.any_response,76777277,100.00,,
     7.013713129,114490,,offcore_response.all_requests.llc_miss.any_response,76798394,100.00,,
     7.113914641,8726195,,offcore_response.all_requests.llc_hit.any_response,75739283,100.00,,
     7.113914641,112443,,offcore_response.all_requests.llc_miss.any_response,75738692,100.00,,
     7.214107389,8713431,,offcore_response.all_requests.llc_hit.any_response,75202110,100.00,,
     7.214107389,110540,,offcore_response.all_requests.llc_miss.any_response,75203457,100.00,,
     7.314302704,8730990,,offcore_response.all_requests.llc_hit.any_response,75327038,100.00,,
     7.314302704,110278,,offcore_response.all_requests.llc_miss.any_response,75326006,100.00,,
     7.414498920,8750490,,offcore_response.all_requests.llc_hit.any_response,75717329,100.00,,
     7.414498920,112570,,offcore_response.all_requests.llc_miss.any_response,75717909,100.00,,
     7.514696805,8697783,,offcore_response.all_requests.llc_hit.any_response,75407276,100.00,,
     7.514696805,111335,,offcore_response.all_requests.llc_miss.any_response,75406317,100.00,,
     7.614892313,8644596,,offcore_response.all_requests.llc_hit.any_response,74790862,100.00,,
     7.614892313,109917,,offcore_response.all_requests.llc_miss.any_response,74770400,100.00,,
     7.715081199,8748980,,offcore_response.all_requests.llc_hit.any_response,75475961,100.00,,
     7.715081199,111189,,offcore_response.all_requests.llc_miss.any_response,75496934,100.00,,
     7.815274769,8753821,,offcore_response.all_requests.llc_hit.any_response,75549883,100.00,,
     7.815274769,111291,,offcore_response.all_requests.llc_miss.any_response,75549959,100.00,,
     7.915469525,8777303,,offcore_response.all_requests.llc_hit.any_response,75583760,100.00,,
     7.915469525,111017,,offcore_response.all_requests.llc_miss.any_response,75569205,100.00,,
     8.015660930,8772230,,offcore_response.all_requests.llc_hit.any_response,75659270,100.00,,
     8.015660930,110583,,offcore_response.all_requests.llc_miss.any_response,75652776,100.00,,
     8.115867657,8660781,,offcore_response.all_requests.llc_hit.any_response,74869958,100.00,,
     8.115867657,109874,,offcore_response.all_requests.llc_miss.any_response,74890700,100.00,,
     8.216063930,8776451,,offcore_response.all_requests.llc_hit.any_response,75683434,100.00,,
     8.216063930,110947,,offcore_response.all_requests.llc_miss.any_response,75676810,100.00,,
     8.316261038,8707558,,offcore_response.all_requests.llc_hit.any_response,75066522,100.00,,
     8.316261038,110191,,offcore_response.all_requests.llc_miss.any_response,75052404,100.00,,
     8.416451393,8766525,,offcore_response.all_requests.llc_hit.any_response,75391461,100.00,,
     8.416451393,110541,,offcore_response.all_requests.llc_miss.any_response,75405910,100.00,,
     8.516644479,8787632,,offcore_response.all_requests.llc_hit.any_response,75597100,100.00,,
     8.516644479,111497,,offcore_response.all_requests.llc_miss.any_response,75603250,100.00,,
     8.616839105,8644931,,offcore_response.all_requests.llc_hit.any_response,74775400,100.00,,
     8.616839105,110196,,offcore_response.all_requests.llc_miss.any_response,74776077,100.00,,
     8.717034960,8776903,,offcore_response.all_requests.llc_hit.any_response,75460661,100.00,,
     8.717034960,111503,,offcore_response.all_requests.llc_miss.any_response,75439385,100.00,,
     8.817243614,8715993,,offcore_response.all_requests.llc_hit.any_response,74910836,100.00,,
     8.817243614,110286,,offcore_response.all_requests.llc_miss.any_response,74931671,100.00,,
     8.917439009,8787821,,offcore_response.all_requests.llc_hit.any_response,75718220,100.00,,
     8.917439009,111252,,offcore_response.all_requests.llc_miss.any_response,75718472,100.00,,
     9.017632576,8689268,,offcore_response.all_requests.llc_hit.any_response,74856892,100.00,,
     9.017632576,110063,,offcore_response.all_requests.llc_miss.any_response,74858199,100.00,,
     9.117832764,8740121,,offcore_response.all_requests.llc_hit.any_response,75659422,100.00,,
     9.117832764,111399,,offcore_response.all_requests.llc_miss.any_response,75657553,100.00,,
     9.218027363,8672974,,offcore_response.all_requests.llc_hit.any_response,74834724,100.00,,
     9.218027363,110013,,offcore_response.all_requests.llc_miss.any_response,74814199,100.00,,
     9.318217147,8740503,,offcore_response.all_requests.llc_hit.any_response,75429170,100.00,,
     9.318217147,111073,,offcore_response.all_requests.llc_miss.any_response,75449784,100.00,,
     9.418411789,8778063,,offcore_response.all_requests.llc_hit.any_response,75723071,100.00,,
     9.418411789,111173,,offcore_response.all_requests.llc_miss.any_response,75705530,100.00,,
     9.518603886,8713367,,offcore_response.all_requests.llc_hit.any_response,74980427,100.00,,
     9.518603886,110239,,offcore_response.all_requests.llc_miss.any_response,74977354,100.00,,
     9.618790647,8743106,,offcore_response.all_requests.llc_hit.any_response,75449482,100.00,,
     9.618790647,111345,,offcore_response.all_requests.llc_miss.any_response,75470550,100.00,,
     9.718984430,8789155,,offcore_response.all_requests.llc_hit.any_response,75492241,100.00,,
     9.718984430,111181,,offcore_response.all_requests.llc_miss.any_response,75491706,100.00,,
     9.819177773,8722527,,offcore_response.all_requests.llc_hit.any_response,75076462,100.00,,
     9.819177773,110584,,offcore_response.all_requests.llc_miss.any_response,75060226,100.00,,
     9.919376882,8774360,,offcore_response.all_requests.llc_hit.any_response,75792354,100.00,,
     9.919376882,111176,,offcore_response.all_requests.llc_miss.any_response,75809122,100.00,,
    10.019570767,8758308,,offcore_response.all_requests.llc_hit.any_response,75419919,100.00,,
    10.019570767,110986,,offcore_response.all_requests.llc_miss.any_response,75413312,100.00,,
    10.119762606,8657828,,offcore_response.all_requests.llc_hit.any_response,74653974,100.00,,
    10.119762606,109753,,offcore_response.all_requests.llc_miss.any_response,74660172,100.00,,
    10.219955724,8785360,,offcore_response.all_requests.llc_hit.any_response,75580041,100.00,,
    10.219955724,111491,,offcore_response.all_requests.llc_miss.any_response,75580281,100.00,,
    10.320153801,8740070,,offcore_response.all_requests.llc_hit.any_response,75486084,100.00,,
    10.320153801,111334,,offcore_response.all_requests.llc_miss.any_response,75485764,100.00,,
    10.420346168,8642325,,offcore_response.all_requests.llc_hit.any_response,74580432,100.00,,
    10.420346168,110295,,offcore_response.all_requests.llc_miss.any_response,74566533,100.00,,
    10.520538431,8741554,,offcore_response.all_requests.llc_hit.any_response,75499772,100.00,,
    10.520538431,110906,,offcore_response.all_requests.llc_miss.any_response,75513686,100.00,,
    10.620737632,8787820,,offcore_response.all_requests.llc_hit.any_response,75795468,100.00,,
    10.620737632,111258,,offcore_response.all_requests.llc_miss.any_response,75795948,100.00,,
    10.720934328,8654835,,offcore_response.all_requests.llc_hit.any_response,74779655,100.00,,
    10.720934328,110352,,offcore_response.all_requests.llc_miss.any_response,74779054,100.00,,
    10.821128406,8743284,,offcore_response.all_requests.llc_hit.any_response,75587683,100.00,,
    10.821128406,111293,,offcore_response.all_requests.llc_miss.any_response,75588317,100.00,,
    10.921345614,8655248,,offcore_response.all_requests.llc_hit.any_response,74814071,100.00,,
    10.921345614,110068,,offcore_response.all_requests.llc_miss.any_response,74811903,100.00,,
    11.021549267,8776637,,offcore_response.all_requests.llc_hit.any_response,75730200,100.00,,
    11.021549267,111293,,offcore_response.all_requests.llc_miss.any_response,75732424,100.00,,
