# started on Mon May  1 17:27:39 2023

     0.100256725,3278052,,offcore_response.all_requests.llc_hit.any_response,45397142,100.00,,
     0.100256725,382,,offcore_response.all_requests.llc_miss.any_response,45340455,100.00,,
     0.200501435,3226221,,offcore_response.all_requests.llc_hit.any_response,45680230,100.00,,
     0.200501435,300,,offcore_response.all_requests.llc_miss.any_response,45691572,100.00,,
     0.300707790,3234673,,offcore_response.all_requests.llc_hit.any_response,45131606,100.00,,
     0.300707790,418,,offcore_response.all_requests.llc_miss.any_response,45145439,100.00,,
     0.400910834,3249406,,offcore_response.all_requests.llc_hit.any_response,45912037,100.00,,
     0.400910834,380,,offcore_response.all_requests.llc_miss.any_response,45886862,100.00,,
     0.501106563,3221110,,offcore_response.all_requests.llc_hit.any_response,45445263,100.00,,
     0.501106563,463,,offcore_response.all_requests.llc_miss.any_response,45445263,100.00,,
     0.601304341,3249705,,offcore_response.all_requests.llc_hit.any_response,45482666,100.00,,
     0.601304341,369,,offcore_response.all_requests.llc_miss.any_response,45507766,100.00,,
     0.701514354,3271478,,offcore_response.all_requests.llc_hit.any_response,45877166,100.00,,
     0.701514354,524,,offcore_response.all_requests.llc_miss.any_response,45877326,100.00,,
     0.801702443,3244979,,offcore_response.all_requests.llc_hit.any_response,44430085,100.00,,
     0.801702443,407,,offcore_response.all_requests.llc_miss.any_response,44430077,100.00,,
     0.901908975,3266397,,offcore_response.all_requests.llc_hit.any_response,46245351,100.00,,
     0.901908975,336,,offcore_response.all_requests.llc_miss.any_response,46245245,100.00,,
     1.002110351,3228141,,offcore_response.all_requests.llc_hit.any_response,44510118,100.00,,
     1.002110351,402,,offcore_response.all_requests.llc_miss.any_response,44494644,100.00,,
     1.102316916,3196808,,offcore_response.all_requests.llc_hit.any_response,44134506,100.00,,
     1.102316916,404,,offcore_response.all_requests.llc_miss.any_response,44150619,100.00,,
     1.202522000,3322764,,offcore_response.all_requests.llc_hit.any_response,46690479,100.00,,
     1.202522000,402,,offcore_response.all_requests.llc_miss.any_response,46664694,100.00,,
     1.302722525,3255658,,offcore_response.all_requests.llc_hit.any_response,43431283,100.00,,
     1.302722525,449,,offcore_response.all_requests.llc_miss.any_response,43458377,100.00,,
     1.402927440,3197919,,offcore_response.all_requests.llc_hit.any_response,45411121,100.00,,
     1.402927440,345,,offcore_response.all_requests.llc_miss.any_response,45384027,100.00,,
     1.503125939,3257480,,offcore_response.all_requests.llc_hit.any_response,45844922,100.00,,
     1.503125939,565,,offcore_response.all_requests.llc_miss.any_response,45844922,100.00,,
     1.603323045,3349736,,offcore_response.all_requests.llc_hit.any_response,46326642,100.00,,
     1.603323045,266,,offcore_response.all_requests.llc_miss.any_response,46326642,100.00,,
     1.703523955,3320075,,offcore_response.all_requests.llc_hit.any_response,45700176,100.00,,
     1.703523955,421,,offcore_response.all_requests.llc_miss.any_response,45723018,100.00,,
     1.803755293,3222183,,offcore_response.all_requests.llc_hit.any_response,44058629,100.00,,
     1.803755293,268,,offcore_response.all_requests.llc_miss.any_response,44035787,100.00,,
     1.903956904,3308100,,offcore_response.all_requests.llc_hit.any_response,46971273,100.00,,
     1.903956904,530,,offcore_response.all_requests.llc_miss.any_response,46971273,100.00,,
     2.004139119,3289446,,offcore_response.all_requests.llc_hit.any_response,46213443,100.00,,
     2.004139119,476,,offcore_response.all_requests.llc_miss.any_response,46239039,100.00,,
     2.104342674,3325331,,offcore_response.all_requests.llc_hit.any_response,46082804,100.00,,
     2.104342674,377,,offcore_response.all_requests.llc_miss.any_response,46057208,100.00,,
     2.204540775,3252464,,offcore_response.all_requests.llc_hit.any_response,45368034,100.00,,
     2.204540775,298,,offcore_response.all_requests.llc_miss.any_response,45393967,100.00,,
     2.304752556,3277106,,offcore_response.all_requests.llc_hit.any_response,46613203,100.00,,
     2.304752556,296,,offcore_response.all_requests.llc_miss.any_response,46612343,100.00,,
     2.404956331,3273211,,offcore_response.all_requests.llc_hit.any_response,45140346,100.00,,
     2.404956331,293,,offcore_response.all_requests.llc_miss.any_response,45140506,100.00,,
     2.505159017,3271951,,offcore_response.all_requests.llc_hit.any_response,46214368,100.00,,
     2.505159017,517,,offcore_response.all_requests.llc_miss.any_response,46214294,100.00,,
     2.605361452,3267129,,offcore_response.all_requests.llc_hit.any_response,46476081,100.00,,
     2.605361452,428,,offcore_response.all_requests.llc_miss.any_response,46477061,100.00,,
     2.705566334,3260015,,offcore_response.all_requests.llc_hit.any_response,46210730,100.00,,
     2.705566334,433,,offcore_response.all_requests.llc_miss.any_response,46209887,100.00,,
     2.805769898,3229909,,offcore_response.all_requests.llc_hit.any_response,45986947,100.00,,
     2.805769898,312,,offcore_response.all_requests.llc_miss.any_response,45961651,100.00,,
     2.905970025,3228713,,offcore_response.all_requests.llc_hit.any_response,45444642,100.00,,
     2.905970025,336,,offcore_response.all_requests.llc_miss.any_response,45460769,100.00,,
     3.006177940,3224734,,offcore_response.all_requests.llc_hit.any_response,45663509,100.00,,
     3.006177940,288,,offcore_response.all_requests.llc_miss.any_response,45672612,100.00,,
     3.106381334,3256130,,offcore_response.all_requests.llc_hit.any_response,45740235,100.00,,
     3.106381334,341,,offcore_response.all_requests.llc_miss.any_response,45715005,100.00,,
     3.206578788,3227367,,offcore_response.all_requests.llc_hit.any_response,46121755,100.00,,
     3.206578788,537,,offcore_response.all_requests.llc_miss.any_response,46121755,100.00,,
     3.306776579,3264750,,offcore_response.all_requests.llc_hit.any_response,45815481,100.00,,
     3.306776579,334,,offcore_response.all_requests.llc_miss.any_response,45815481,100.00,,
     3.406976322,3208477,,offcore_response.all_requests.llc_hit.any_response,45494272,100.00,,
     3.406976322,362,,offcore_response.all_requests.llc_miss.any_response,45494272,100.00,,
     3.507174303,3197871,,offcore_response.all_requests.llc_hit.any_response,44154062,100.00,,
     3.507174303,195,,offcore_response.all_requests.llc_miss.any_response,44179745,100.00,,
     3.607383146,3237118,,offcore_response.all_requests.llc_hit.any_response,46571316,100.00,,
     3.607383146,279,,offcore_response.all_requests.llc_miss.any_response,46571102,100.00,,
     3.707611520,3216662,,offcore_response.all_requests.llc_hit.any_response,44754336,100.00,,
     3.707611520,562,,offcore_response.all_requests.llc_miss.any_response,44753995,100.00,,
     3.807815020,3295079,,offcore_response.all_requests.llc_hit.any_response,44974103,100.00,,
     3.807815020,593,,offcore_response.all_requests.llc_miss.any_response,44974550,100.00,,
     3.908019675,3251947,,offcore_response.all_requests.llc_hit.any_response,45200052,100.00,,
     3.908019675,405,,offcore_response.all_requests.llc_miss.any_response,45174477,100.00,,
     4.008219292,3230083,,offcore_response.all_requests.llc_hit.any_response,45914750,100.00,,
     4.008219292,382,,offcore_response.all_requests.llc_miss.any_response,45940101,100.00,,
     4.108423025,3187234,,offcore_response.all_requests.llc_hit.any_response,43973597,100.00,,
     4.108423025,739,,offcore_response.all_requests.llc_miss.any_response,43973631,100.00,,
     4.208628470,3312388,,offcore_response.all_requests.llc_hit.any_response,46232803,100.00,,
     4.208628470,468,,offcore_response.all_requests.llc_miss.any_response,46207418,100.00,,
     4.308827190,3223507,,offcore_response.all_requests.llc_hit.any_response,45369943,100.00,,
     4.308827190,315,,offcore_response.all_requests.llc_miss.any_response,45369943,100.00,,
     4.409024166,3244691,,offcore_response.all_requests.llc_hit.any_response,44533026,100.00,,
     4.409024166,390,,offcore_response.all_requests.llc_miss.any_response,44533026,100.00,,
     4.509242849,3229536,,offcore_response.all_requests.llc_hit.any_response,45077266,100.00,,
     4.509242849,388,,offcore_response.all_requests.llc_miss.any_response,45077266,100.00,,
     4.609442559,3320821,,offcore_response.all_requests.llc_hit.any_response,47113875,100.00,,
     4.609442559,365,,offcore_response.all_requests.llc_miss.any_response,47113875,100.00,,
     4.709640182,3262692,,offcore_response.all_requests.llc_hit.any_response,45937143,100.00,,
     4.709640182,419,,offcore_response.all_requests.llc_miss.any_response,45937143,100.00,,
     4.809841428,3255370,,offcore_response.all_requests.llc_hit.any_response,43784294,100.00,,
     4.809841428,291,,offcore_response.all_requests.llc_miss.any_response,43784294,100.00,,
     4.910040132,3207255,,offcore_response.all_requests.llc_hit.any_response,44167458,100.00,,
     4.910040132,426,,offcore_response.all_requests.llc_miss.any_response,44167458,100.00,,
     5.010237181,3241105,,offcore_response.all_requests.llc_hit.any_response,45851558,100.00,,
     5.010237181,479,,offcore_response.all_requests.llc_miss.any_response,45876884,100.00,,
     5.110439135,3259433,,offcore_response.all_requests.llc_hit.any_response,45867353,100.00,,
     5.110439135,391,,offcore_response.all_requests.llc_miss.any_response,45867349,100.00,,
     5.210642871,3229721,,offcore_response.all_requests.llc_hit.any_response,45758078,100.00,,
     5.210642871,418,,offcore_response.all_requests.llc_miss.any_response,45732756,100.00,,
     5.310840949,3233339,,offcore_response.all_requests.llc_hit.any_response,45635173,100.00,,
     5.310840949,342,,offcore_response.all_requests.llc_miss.any_response,45660762,100.00,,
     5.411044242,3198506,,offcore_response.all_requests.llc_hit.any_response,45543280,100.00,,
     5.411044242,445,,offcore_response.all_requests.llc_miss.any_response,45543106,100.00,,
     5.511245726,3179572,,offcore_response.all_requests.llc_hit.any_response,44784138,100.00,,
     5.511245726,459,,offcore_response.all_requests.llc_miss.any_response,44783821,100.00,,
     5.611448067,3261032,,offcore_response.all_requests.llc_hit.any_response,45668096,100.00,,
     5.611448067,484,,offcore_response.all_requests.llc_miss.any_response,45642998,100.00,,
     5.711647175,3264731,,offcore_response.all_requests.llc_hit.any_response,46070261,100.00,,
     5.711647175,322,,offcore_response.all_requests.llc_miss.any_response,46095417,100.00,,
     5.811850283,3242524,,offcore_response.all_requests.llc_hit.any_response,45950563,100.00,,
     5.811850283,377,,offcore_response.all_requests.llc_miss.any_response,45925407,100.00,,
     5.912049186,3217126,,offcore_response.all_requests.llc_hit.any_response,45343537,100.00,,
     5.912049186,403,,offcore_response.all_requests.llc_miss.any_response,45368529,100.00,,
     6.012250475,3241928,,offcore_response.all_requests.llc_hit.any_response,45832323,100.00,,
     6.012250475,339,,offcore_response.all_requests.llc_miss.any_response,45833499,100.00,,
     6.112455049,3269921,,offcore_response.all_requests.llc_hit.any_response,44182009,100.00,,
     6.112455049,318,,offcore_response.all_requests.llc_miss.any_response,44155841,100.00,,
     6.212654447,3274652,,offcore_response.all_requests.llc_hit.any_response,45695586,100.00,,
     6.212654447,458,,offcore_response.all_requests.llc_miss.any_response,45702844,100.00,,
     6.312855135,3223859,,offcore_response.all_requests.llc_hit.any_response,46071677,100.00,,
     6.312855135,263,,offcore_response.all_requests.llc_miss.any_response,46064419,100.00,,
     6.413074142,3183498,,offcore_response.all_requests.llc_hit.any_response,45083004,100.00,,
     6.413074142,396,,offcore_response.all_requests.llc_miss.any_response,45108890,100.00,,
     6.513276961,3214122,,offcore_response.all_requests.llc_hit.any_response,43437454,100.00,,
     6.513276961,383,,offcore_response.all_requests.llc_miss.any_response,43430742,100.00,,
     6.613477295,3226901,,offcore_response.all_requests.llc_hit.any_response,43315452,100.00,,
     6.613477295,245,,offcore_response.all_requests.llc_miss.any_response,43296278,100.00,,
     6.713699750,3285706,,offcore_response.all_requests.llc_hit.any_response,46664690,100.00,,
     6.713699750,462,,offcore_response.all_requests.llc_miss.any_response,46664690,100.00,,
     6.813898427,3257451,,offcore_response.all_requests.llc_hit.any_response,46073335,100.00,,
     6.813898427,422,,offcore_response.all_requests.llc_miss.any_response,46098653,100.00,,
     6.914105639,3230933,,offcore_response.all_requests.llc_hit.any_response,45184503,100.00,,
     6.914105639,363,,offcore_response.all_requests.llc_miss.any_response,45159185,100.00,,
     7.014309345,3242869,,offcore_response.all_requests.llc_hit.any_response,45885264,100.00,,
     7.014309345,423,,offcore_response.all_requests.llc_miss.any_response,45909401,100.00,,
     7.114510012,3259592,,offcore_response.all_requests.llc_hit.any_response,45120429,100.00,,
     7.114510012,394,,offcore_response.all_requests.llc_miss.any_response,45096292,100.00,,
     7.214707643,3256662,,offcore_response.all_requests.llc_hit.any_response,45832890,100.00,,
     7.214707643,519,,offcore_response.all_requests.llc_miss.any_response,45832890,100.00,,
     7.314905636,3262889,,offcore_response.all_requests.llc_hit.any_response,45509096,100.00,,
     7.314905636,297,,offcore_response.all_requests.llc_miss.any_response,45509096,100.00,,
     7.415107188,3248022,,offcore_response.all_requests.llc_hit.any_response,46735868,100.00,,
     7.415107188,458,,offcore_response.all_requests.llc_miss.any_response,46735868,100.00,,
     7.515305413,3186653,,offcore_response.all_requests.llc_hit.any_response,45414313,100.00,,
     7.515305413,397,,offcore_response.all_requests.llc_miss.any_response,45439589,100.00,,
     7.615511633,3256581,,offcore_response.all_requests.llc_hit.any_response,45133588,100.00,,
     7.615511633,268,,offcore_response.all_requests.llc_miss.any_response,45108312,100.00,,
     7.715726308,3237409,,offcore_response.all_requests.llc_hit.any_response,46198810,100.00,,
     7.715726308,384,,offcore_response.all_requests.llc_miss.any_response,46223972,100.00,,
     7.815934637,3246294,,offcore_response.all_requests.llc_hit.any_response,45264926,100.00,,
     7.815934637,386,,offcore_response.all_requests.llc_miss.any_response,45265267,100.00,,
     7.916151372,3253427,,offcore_response.all_requests.llc_hit.any_response,46514783,100.00,,
     7.916151372,487,,offcore_response.all_requests.llc_miss.any_response,46514571,100.00,,
     8.016356316,3228880,,offcore_response.all_requests.llc_hit.any_response,45640938,100.00,,
     8.016356316,408,,offcore_response.all_requests.llc_miss.any_response,45615647,100.00,,
     8.116555404,3262712,,offcore_response.all_requests.llc_hit.any_response,45451446,100.00,,
     8.116555404,407,,offcore_response.all_requests.llc_miss.any_response,45451446,100.00,,
     8.216758768,3279855,,offcore_response.all_requests.llc_hit.any_response,46965990,100.00,,
     8.216758768,285,,offcore_response.all_requests.llc_miss.any_response,46965990,100.00,,
     8.316957564,3221779,,offcore_response.all_requests.llc_hit.any_response,45872270,100.00,,
     8.316957564,366,,offcore_response.all_requests.llc_miss.any_response,45897426,100.00,,
     8.417130160,3234754,,offcore_response.all_requests.llc_hit.any_response,45526061,100.00,,
     8.417130160,422,,offcore_response.all_requests.llc_miss.any_response,45526498,100.00,,
     8.517333889,3316800,,offcore_response.all_requests.llc_hit.any_response,45580681,100.00,,
     8.517333889,319,,offcore_response.all_requests.llc_miss.any_response,45555088,100.00,,
     8.617530771,3238142,,offcore_response.all_requests.llc_hit.any_response,45157593,100.00,,
     8.617530771,301,,offcore_response.all_requests.llc_miss.any_response,45157593,100.00,,
     8.717726216,3275181,,offcore_response.all_requests.llc_hit.any_response,46029923,100.00,,
     8.717726216,398,,offcore_response.all_requests.llc_miss.any_response,46055049,100.00,,
     8.817929700,3234922,,offcore_response.all_requests.llc_hit.any_response,45597204,100.00,,
     8.817929700,375,,offcore_response.all_requests.llc_miss.any_response,45572078,100.00,,
     8.918149246,3261257,,offcore_response.all_requests.llc_hit.any_response,44097296,100.00,,
     8.918149246,345,,offcore_response.all_requests.llc_miss.any_response,44122567,100.00,,
     9.018350494,3252605,,offcore_response.all_requests.llc_hit.any_response,46059830,100.00,,
     9.018350494,347,,offcore_response.all_requests.llc_miss.any_response,46034559,100.00,,
     9.118548386,3205482,,offcore_response.all_requests.llc_hit.any_response,45264210,100.00,,
     9.118548386,552,,offcore_response.all_requests.llc_miss.any_response,45289971,100.00,,
     9.218753404,3185631,,offcore_response.all_requests.llc_hit.any_response,44744146,100.00,,
     9.218753404,351,,offcore_response.all_requests.llc_miss.any_response,44743806,100.00,,
     9.318943527,3324902,,offcore_response.all_requests.llc_hit.any_response,47192710,100.00,,
     9.318943527,454,,offcore_response.all_requests.llc_miss.any_response,47167289,100.00,,
     9.419140483,3222138,,offcore_response.all_requests.llc_hit.any_response,46029937,100.00,,
     9.419140483,350,,offcore_response.all_requests.llc_miss.any_response,46029937,100.00,,
     9.519339016,3248076,,offcore_response.all_requests.llc_hit.any_response,46076430,100.00,,
     9.519339016,291,,offcore_response.all_requests.llc_miss.any_response,46076430,100.00,,
     9.619541480,3241225,,offcore_response.all_requests.llc_hit.any_response,45727227,100.00,,
     9.619541480,477,,offcore_response.all_requests.llc_miss.any_response,45777942,100.00,,
     9.719759456,3311225,,offcore_response.all_requests.llc_hit.any_response,46537825,100.00,,
     9.719759456,526,,offcore_response.all_requests.llc_miss.any_response,46487110,100.00,,
     9.819958801,3224925,,offcore_response.all_requests.llc_hit.any_response,45424240,100.00,,
     9.819958801,377,,offcore_response.all_requests.llc_miss.any_response,45449698,100.00,,
     9.920161666,3229825,,offcore_response.all_requests.llc_hit.any_response,45884751,100.00,,
     9.920161666,3590,,offcore_response.all_requests.llc_miss.any_response,45884465,100.00,,
    10.020353029,3290817,,offcore_response.all_requests.llc_hit.any_response,46193529,100.00,,
    10.020353029,377,,offcore_response.all_requests.llc_miss.any_response,46168357,100.00,,
    10.120552658,3216778,,offcore_response.all_requests.llc_hit.any_response,46195113,100.00,,
    10.120552658,514,,offcore_response.all_requests.llc_miss.any_response,46220574,100.00,,
    10.220756302,3188932,,offcore_response.all_requests.llc_hit.any_response,44726925,100.00,,
    10.220756302,393,,offcore_response.all_requests.llc_miss.any_response,44701464,100.00,,
    10.320955854,3245603,,offcore_response.all_requests.llc_hit.any_response,46229614,100.00,,
    10.320955854,492,,offcore_response.all_requests.llc_miss.any_response,46255275,100.00,,
    10.421160171,3283867,,offcore_response.all_requests.llc_hit.any_response,44977865,100.00,,
    10.421160171,418,,offcore_response.all_requests.llc_miss.any_response,44977227,100.00,,
    10.521373718,3216464,,offcore_response.all_requests.llc_hit.any_response,45901856,100.00,,
    10.521373718,395,,offcore_response.all_requests.llc_miss.any_response,45883457,100.00,,
    10.621583266,3245220,,offcore_response.all_requests.llc_hit.any_response,45524092,100.00,,
    10.621583266,365,,offcore_response.all_requests.llc_miss.any_response,45542972,100.00,,
    10.721790078,3260345,,offcore_response.all_requests.llc_hit.any_response,46109054,100.00,,
    10.721790078,630,,offcore_response.all_requests.llc_miss.any_response,46100174,100.00,,
    10.821990503,3188127,,offcore_response.all_requests.llc_hit.any_response,45051613,100.00,,
    10.821990503,417,,offcore_response.all_requests.llc_miss.any_response,45060705,100.00,,
    10.922199657,3241405,,offcore_response.all_requests.llc_hit.any_response,45877280,100.00,,
    10.922199657,340,,offcore_response.all_requests.llc_miss.any_response,45851564,100.00,,
    11.022397264,3255914,,offcore_response.all_requests.llc_hit.any_response,45783821,100.00,,
    11.022397264,595,,offcore_response.all_requests.llc_miss.any_response,45783821,100.00,,
