# started on Mon May  1 17:25:40 2023

     0.100207447,32539253,,inst_retired.any,45186883,100.00,125.2,IpMispredict
     0.100207447,259843,,br_misp_retired.all_branches,45186883,100.00,,
     0.200447452,32169049,,inst_retired.any,42761149,100.00,128.8,IpMispredict
     0.200447452,239547,,br_misp_retired.all_branches,42761149,100.00,,
     0.300635271,32845208,,inst_retired.any,44895040,100.00,128.0,IpMispredict
     0.300635271,270498,,br_misp_retired.all_branches,44895040,100.00,,
     0.400826747,32699250,,inst_retired.any,45813827,100.00,128.0,IpMispredict
     0.400826747,251996,,br_misp_retired.all_branches,45813827,100.00,,
     0.501017953,32586243,,inst_retired.any,44946403,100.00,127.2,IpMispredict
     0.501017953,258976,,br_misp_retired.all_branches,44946403,100.00,,
     0.601210085,32528169,,inst_retired.any,46038362,100.00,126.3,IpMispredict
     0.601210085,264768,,br_misp_retired.all_branches,46038362,100.00,,
     0.701402214,32858779,,inst_retired.any,45466759,100.00,127.7,IpMispredict
     0.701402214,254886,,br_misp_retired.all_branches,45466759,100.00,,
     0.801593226,32510090,,inst_retired.any,44563544,100.00,127.3,IpMispredict
     0.801593226,242520,,br_misp_retired.all_branches,44563544,100.00,,
     0.901781800,32511198,,inst_retired.any,45858518,100.00,128.1,IpMispredict
     0.901781800,241371,,br_misp_retired.all_branches,45858518,100.00,,
     1.001972646,32769502,,inst_retired.any,44655864,100.00,129.6,IpMispredict
     1.001972646,243829,,br_misp_retired.all_branches,44655864,100.00,,
     1.102164838,32801123,,inst_retired.any,43970443,100.00,129.2,IpMispredict
     1.102164838,265418,,br_misp_retired.all_branches,43970443,100.00,,
     1.202359091,32377560,,inst_retired.any,44380590,100.00,127.4,IpMispredict
     1.202359091,256161,,br_misp_retired.all_branches,44380590,100.00,,
     1.302551511,32460472,,inst_retired.any,44114599,100.00,127.3,IpMispredict
     1.302551511,265012,,br_misp_retired.all_branches,44114599,100.00,,
     1.402742678,32636786,,inst_retired.any,45411576,100.00,128.2,IpMispredict
     1.402742678,249668,,br_misp_retired.all_branches,45411576,100.00,,
     1.502935588,32388440,,inst_retired.any,44771392,100.00,127.3,IpMispredict
     1.502935588,251749,,br_misp_retired.all_branches,44771392,100.00,,
     1.603125639,32958787,,inst_retired.any,46144373,100.00,129.2,IpMispredict
     1.603125639,266505,,br_misp_retired.all_branches,46144373,100.00,,
     1.703319534,32389907,,inst_retired.any,44940621,100.00,127.1,IpMispredict
     1.703319534,248805,,br_misp_retired.all_branches,44940621,100.00,,
     1.803512660,32585639,,inst_retired.any,46285273,100.00,128.0,IpMispredict
     1.803512660,251035,,br_misp_retired.all_branches,46285273,100.00,,
     1.903707023,32709158,,inst_retired.any,44824483,100.00,128.8,IpMispredict
     1.903707023,242246,,br_misp_retired.all_branches,44824483,100.00,,
     2.003897635,32480244,,inst_retired.any,44754806,100.00,128.4,IpMispredict
     2.003897635,234933,,br_misp_retired.all_branches,44754806,100.00,,
     2.104093946,32772165,,inst_retired.any,46369300,100.00,129.6,IpMispredict
     2.104093946,250151,,br_misp_retired.all_branches,46369300,100.00,,
     2.204284635,32393105,,inst_retired.any,43779569,100.00,128.3,IpMispredict
     2.204284635,245807,,br_misp_retired.all_branches,43779569,100.00,,
     2.304489546,32816183,,inst_retired.any,45035415,100.00,129.7,IpMispredict
     2.304489546,264654,,br_misp_retired.all_branches,45035415,100.00,,
     2.404681432,32709164,,inst_retired.any,45991700,100.00,129.0,IpMispredict
     2.404681432,264591,,br_misp_retired.all_branches,45991700,100.00,,
     2.504875965,32532390,,inst_retired.any,45238761,100.00,128.3,IpMispredict
     2.504875965,256473,,br_misp_retired.all_branches,45238761,100.00,,
     2.605067967,32417951,,inst_retired.any,45397947,100.00,127.9,IpMispredict
     2.605067967,248006,,br_misp_retired.all_branches,45397947,100.00,,
     2.705262254,32729634,,inst_retired.any,46017199,100.00,129.1,IpMispredict
     2.705262254,253024,,br_misp_retired.all_branches,46017199,100.00,,
     2.805478485,32643074,,inst_retired.any,44502145,100.00,129.1,IpMispredict
     2.805478485,236124,,br_misp_retired.all_branches,44502145,100.00,,
     2.905675672,32600407,,inst_retired.any,45467402,100.00,129.3,IpMispredict
     2.905675672,232966,,br_misp_retired.all_branches,45467402,100.00,,
     3.005866686,32298392,,inst_retired.any,45370855,100.00,128.4,IpMispredict
     3.005866686,231947,,br_misp_retired.all_branches,45370855,100.00,,
     3.106058720,32865535,,inst_retired.any,45428202,100.00,130.9,IpMispredict
     3.106058720,242506,,br_misp_retired.all_branches,45428202,100.00,,
     3.206254431,32460912,,inst_retired.any,42448680,100.00,129.2,IpMispredict
     3.206254431,256777,,br_misp_retired.all_branches,42448680,100.00,,
     3.306451785,32651642,,inst_retired.any,45351231,100.00,130.1,IpMispredict
     3.306451785,236172,,br_misp_retired.all_branches,45351231,100.00,,
     3.406643593,32957759,,inst_retired.any,42303409,100.00,131.3,IpMispredict
     3.406643593,253432,,br_misp_retired.all_branches,42303409,100.00,,
     3.506843720,32532490,,inst_retired.any,44970928,100.00,129.6,IpMispredict
     3.506843720,252532,,br_misp_retired.all_branches,44970928,100.00,,
     3.607037252,32655666,,inst_retired.any,46396586,100.00,129.9,IpMispredict
     3.607037252,262680,,br_misp_retired.all_branches,46396586,100.00,,
     3.707230901,32991308,,inst_retired.any,46097010,100.00,131.2,IpMispredict
     3.707230901,255284,,br_misp_retired.all_branches,46097010,100.00,,
     3.807425180,32332142,,inst_retired.any,44803088,100.00,128.7,IpMispredict
     3.807425180,246128,,br_misp_retired.all_branches,44803088,100.00,,
     3.907626224,32579462,,inst_retired.any,45235184,100.00,129.6,IpMispredict
     3.907626224,256139,,br_misp_retired.all_branches,45235184,100.00,,
     4.007848355,32684909,,inst_retired.any,45296417,100.00,129.9,IpMispredict
     4.007848355,257378,,br_misp_retired.all_branches,45296417,100.00,,
     4.108049712,32653813,,inst_retired.any,45962948,100.00,129.9,IpMispredict
     4.108049712,244006,,br_misp_retired.all_branches,45962948,100.00,,
     4.208244021,32524733,,inst_retired.any,45506500,100.00,129.3,IpMispredict
     4.208244021,261444,,br_misp_retired.all_branches,45506500,100.00,,
     4.308440480,32803309,,inst_retired.any,45589589,100.00,130.3,IpMispredict
     4.308440480,257580,,br_misp_retired.all_branches,45589589,100.00,,
     4.408631019,32687966,,inst_retired.any,45224078,100.00,130.0,IpMispredict
     4.408631019,236277,,br_misp_retired.all_branches,45224078,100.00,,
     4.508830104,32523322,,inst_retired.any,44765359,100.00,129.0,IpMispredict
     4.508830104,279617,,br_misp_retired.all_branches,44765359,100.00,,
     4.609022639,32486649,,inst_retired.any,44675979,100.00,128.9,IpMispredict
     4.609022639,248796,,br_misp_retired.all_branches,44675979,100.00,,
     4.709217320,32426176,,inst_retired.any,41942193,100.00,128.5,IpMispredict
     4.709217320,269442,,br_misp_retired.all_branches,41942193,100.00,,
     4.809414829,32651809,,inst_retired.any,44460441,100.00,129.4,IpMispredict
     4.809414829,255351,,br_misp_retired.all_branches,44460441,100.00,,
     4.909606576,32316675,,inst_retired.any,44732251,100.00,128.2,IpMispredict
     4.909606576,238892,,br_misp_retired.all_branches,44732251,100.00,,
     5.009802695,33218197,,inst_retired.any,45595459,100.00,131.8,IpMispredict
     5.009802695,249518,,br_misp_retired.all_branches,45595459,100.00,,
     5.109994282,32496212,,inst_retired.any,45436232,100.00,128.9,IpMispredict
     5.109994282,254819,,br_misp_retired.all_branches,45436232,100.00,,
     5.210186854,32629061,,inst_retired.any,44938125,100.00,129.5,IpMispredict
     5.210186854,242106,,br_misp_retired.all_branches,44938125,100.00,,
     5.310379828,32205303,,inst_retired.any,44832070,100.00,127.9,IpMispredict
     5.310379828,242203,,br_misp_retired.all_branches,44832070,100.00,,
     5.410571435,32750878,,inst_retired.any,45415396,100.00,130.1,IpMispredict
     5.410571435,249088,,br_misp_retired.all_branches,45415396,100.00,,
     5.510784560,32667347,,inst_retired.any,45284297,100.00,129.8,IpMispredict
     5.510784560,254530,,br_misp_retired.all_branches,45284297,100.00,,
     5.610978986,32519709,,inst_retired.any,43449933,100.00,129.0,IpMispredict
     5.610978986,265802,,br_misp_retired.all_branches,43449933,100.00,,
     5.711173434,32633182,,inst_retired.any,45342777,100.00,129.4,IpMispredict
     5.711173434,261817,,br_misp_retired.all_branches,45342777,100.00,,
     5.811366037,32621951,,inst_retired.any,44968863,100.00,129.4,IpMispredict
     5.811366037,246566,,br_misp_retired.all_branches,44968863,100.00,,
     5.911560962,32788140,,inst_retired.any,45249014,100.00,130.1,IpMispredict
     5.911560962,245247,,br_misp_retired.all_branches,45249014,100.00,,
     6.011762623,32370321,,inst_retired.any,45024411,100.00,128.4,IpMispredict
     6.011762623,265048,,br_misp_retired.all_branches,45024411,100.00,,
     6.111960197,32674851,,inst_retired.any,45671701,100.00,129.6,IpMispredict
     6.111960197,249519,,br_misp_retired.all_branches,45671701,100.00,,
     6.212161961,32670385,,inst_retired.any,45669573,100.00,129.5,IpMispredict
     6.212161961,258682,,br_misp_retired.all_branches,45669573,100.00,,
     6.312354444,32704856,,inst_retired.any,44444430,100.00,129.4,IpMispredict
     6.312354444,281937,,br_misp_retired.all_branches,44444430,100.00,,
     6.412550234,32466626,,inst_retired.any,45473699,100.00,128.4,IpMispredict
     6.412550234,261558,,br_misp_retired.all_branches,45473699,100.00,,
     6.512742008,32508708,,inst_retired.any,43890698,100.00,128.7,IpMispredict
     6.512742008,241965,,br_misp_retired.all_branches,43890698,100.00,,
     6.612934030,32815412,,inst_retired.any,45184475,100.00,129.9,IpMispredict
     6.612934030,242258,,br_misp_retired.all_branches,45184475,100.00,,
     6.713127067,32388414,,inst_retired.any,45352748,100.00,128.2,IpMispredict
     6.713127067,256283,,br_misp_retired.all_branches,45352748,100.00,,
     6.813321007,32579580,,inst_retired.any,44539217,100.00,129.1,IpMispredict
     6.813321007,243567,,br_misp_retired.all_branches,44539217,100.00,,
     6.913513389,32724937,,inst_retired.any,43836809,100.00,129.6,IpMispredict
     6.913513389,251988,,br_misp_retired.all_branches,43836809,100.00,,
     7.013708525,32479356,,inst_retired.any,44227557,100.00,128.7,IpMispredict
     7.013708525,244245,,br_misp_retired.all_branches,44227557,100.00,,
     7.113903159,32722060,,inst_retired.any,46138489,100.00,129.7,IpMispredict
     7.113903159,249395,,br_misp_retired.all_branches,46138489,100.00,,
     7.214095719,32375515,,inst_retired.any,42940186,100.00,128.4,IpMispredict
     7.214095719,247325,,br_misp_retired.all_branches,42940186,100.00,,
     7.314293680,32643046,,inst_retired.any,45639582,100.00,129.5,IpMispredict
     7.314293680,241619,,br_misp_retired.all_branches,45639582,100.00,,
     7.414487142,32867035,,inst_retired.any,45844301,100.00,130.4,IpMispredict
     7.414487142,251517,,br_misp_retired.all_branches,45844301,100.00,,
     7.514686515,32381772,,inst_retired.any,44068522,100.00,128.5,IpMispredict
     7.514686515,252433,,br_misp_retired.all_branches,44068522,100.00,,
     7.614882101,32591567,,inst_retired.any,44964611,100.00,129.3,IpMispredict
     7.614882101,245867,,br_misp_retired.all_branches,44964611,100.00,,
     7.715074086,32677712,,inst_retired.any,45291062,100.00,129.6,IpMispredict
     7.715074086,257170,,br_misp_retired.all_branches,45291062,100.00,,
     7.815268907,32778420,,inst_retired.any,44899446,100.00,130.0,IpMispredict
     7.815268907,263061,,br_misp_retired.all_branches,44899446,100.00,,
     7.915461416,32565215,,inst_retired.any,44299677,100.00,129.1,IpMispredict
     7.915461416,260164,,br_misp_retired.all_branches,44299677,100.00,,
     8.015678876,32400826,,inst_retired.any,44740908,100.00,128.5,IpMispredict
     8.015678876,241546,,br_misp_retired.all_branches,44740908,100.00,,
     8.115878162,32276890,,inst_retired.any,44271080,100.00,128.0,IpMispredict
     8.115878162,252253,,br_misp_retired.all_branches,44271080,100.00,,
     8.216067273,33215113,,inst_retired.any,45184115,100.00,131.8,IpMispredict
     8.216067273,244414,,br_misp_retired.all_branches,45184115,100.00,,
     8.316283477,32396063,,inst_retired.any,44356768,100.00,128.5,IpMispredict
     8.316283477,263022,,br_misp_retired.all_branches,44356768,100.00,,
     8.416478530,33156702,,inst_retired.any,46122886,100.00,131.4,IpMispredict
     8.416478530,266583,,br_misp_retired.all_branches,46122886,100.00,,
     8.516671533,32575563,,inst_retired.any,46097656,100.00,129.1,IpMispredict
     8.516671533,255687,,br_misp_retired.all_branches,46097656,100.00,,
     8.616870321,32438138,,inst_retired.any,45156524,100.00,128.6,IpMispredict
     8.616870321,238723,,br_misp_retired.all_branches,45156524,100.00,,
     8.717065767,32539401,,inst_retired.any,44939593,100.00,129.0,IpMispredict
     8.717065767,258301,,br_misp_retired.all_branches,44939593,100.00,,
     8.817257498,32965123,,inst_retired.any,45676633,100.00,130.6,IpMispredict
     8.817257498,254282,,br_misp_retired.all_branches,45676633,100.00,,
     8.917453849,32344531,,inst_retired.any,44174497,100.00,128.2,IpMispredict
     8.917453849,249908,,br_misp_retired.all_branches,44174497,100.00,,
     9.017648894,32572404,,inst_retired.any,45441797,100.00,129.1,IpMispredict
     9.017648894,251284,,br_misp_retired.all_branches,45441797,100.00,,
     9.117846716,32756227,,inst_retired.any,44859548,100.00,129.9,IpMispredict
     9.117846716,247636,,br_misp_retired.all_branches,44859548,100.00,,
     9.218038340,32617330,,inst_retired.any,45811006,100.00,129.3,IpMispredict
     9.218038340,259885,,br_misp_retired.all_branches,45811006,100.00,,
     9.318232971,32453071,,inst_retired.any,45485035,100.00,128.5,IpMispredict
     9.318232971,269206,,br_misp_retired.all_branches,45485035,100.00,,
     9.418424651,32425472,,inst_retired.any,43263951,100.00,128.4,IpMispredict
     9.418424651,255597,,br_misp_retired.all_branches,43263951,100.00,,
     9.518616587,32729309,,inst_retired.any,45204502,100.00,129.6,IpMispredict
     9.518616587,243492,,br_misp_retired.all_branches,45204502,100.00,,
     9.618810883,32694417,,inst_retired.any,45345940,100.00,129.5,IpMispredict
     9.618810883,250775,,br_misp_retired.all_branches,45345940,100.00,,
     9.719002109,32363610,,inst_retired.any,44977744,100.00,128.3,IpMispredict
     9.719002109,243222,,br_misp_retired.all_branches,44977744,100.00,,
     9.819194802,32854348,,inst_retired.any,44566932,100.00,130.3,IpMispredict
     9.819194802,238046,,br_misp_retired.all_branches,44566932,100.00,,
     9.919385858,32382721,,inst_retired.any,44649199,100.00,128.5,IpMispredict
     9.919385858,239623,,br_misp_retired.all_branches,44649199,100.00,,
    10.019590365,32813944,,inst_retired.any,45779394,100.00,130.2,IpMispredict
    10.019590365,240796,,br_misp_retired.all_branches,45779394,100.00,,
    10.119802394,32682062,,inst_retired.any,43869948,100.00,129.8,IpMispredict
    10.119802394,243623,,br_misp_retired.all_branches,43869948,100.00,,
    10.219998541,32186513,,inst_retired.any,44563279,100.00,127.9,IpMispredict
    10.219998541,233455,,br_misp_retired.all_branches,44563279,100.00,,
    10.320194890,32507117,,inst_retired.any,43537765,100.00,129.2,IpMispredict
    10.320194890,242930,,br_misp_retired.all_branches,43537765,100.00,,
    10.420385788,33057956,,inst_retired.any,46064757,100.00,131.4,IpMispredict
    10.420385788,252067,,br_misp_retired.all_branches,46064757,100.00,,
    10.520581969,32417308,,inst_retired.any,45793048,100.00,128.8,IpMispredict
    10.520581969,255569,,br_misp_retired.all_branches,45793048,100.00,,
    10.620779399,32317421,,inst_retired.any,44633982,100.00,128.3,IpMispredict
    10.620779399,271758,,br_misp_retired.all_branches,44633982,100.00,,
    10.720988976,32901940,,inst_retired.any,45738176,100.00,130.7,IpMispredict
    10.720988976,240470,,br_misp_retired.all_branches,45738176,100.00,,
    10.821183407,32686588,,inst_retired.any,45160309,100.00,129.8,IpMispredict
    10.821183407,264445,,br_misp_retired.all_branches,45160309,100.00,,
    10.921380920,32676905,,inst_retired.any,45168229,100.00,129.8,IpMispredict
    10.921380920,237144,,br_misp_retired.all_branches,45168229,100.00,,
    11.021594481,32451675,,inst_retired.any,44912959,100.00,128.9,IpMispredict
    11.021594481,258051,,br_misp_retired.all_branches,44912959,100.00,,
