# started on Tue May  2 13:00:42 2023

     0.100158575,32248805,,inst_retired.any,44680855,100.00,120.9,IpMispredict
     0.100158575,266758,,br_misp_retired.all_branches,44680855,100.00,,
     0.200419172,32198782,,inst_retired.any,44276587,100.00,121.3,IpMispredict
     0.200419172,264076,,br_misp_retired.all_branches,44276587,100.00,,
     0.300611330,31693530,,inst_retired.any,41790506,100.00,120.4,IpMispredict
     0.300611330,259006,,br_misp_retired.all_branches,41790506,100.00,,
     0.400803565,32653752,,inst_retired.any,44040608,100.00,123.6,IpMispredict
     0.400803565,267185,,br_misp_retired.all_branches,44040608,100.00,,
     0.500997530,32128222,,inst_retired.any,43723317,100.00,121.6,IpMispredict
     0.500997530,263565,,br_misp_retired.all_branches,43723317,100.00,,
     0.601167427,32655270,,inst_retired.any,44676457,100.00,124.5,IpMispredict
     0.601167427,253721,,br_misp_retired.all_branches,44676457,100.00,,
     0.701344867,32281382,,inst_retired.any,44286697,100.00,123.1,IpMispredict
     0.701344867,261057,,br_misp_retired.all_branches,44286697,100.00,,
     0.801538549,32179724,,inst_retired.any,43595060,100.00,123.8,IpMispredict
     0.801538549,243525,,br_misp_retired.all_branches,43595060,100.00,,
     0.901707969,31968899,,inst_retired.any,41388316,100.00,123.8,IpMispredict
     0.901707969,245745,,br_misp_retired.all_branches,41388316,100.00,,
     1.001873169,32271990,,inst_retired.any,44057370,100.00,124.5,IpMispredict
     1.001873169,267222,,br_misp_retired.all_branches,44057370,100.00,,
     1.102039339,32033866,,inst_retired.any,43793709,100.00,123.7,IpMispredict
     1.102039339,257088,,br_misp_retired.all_branches,43793709,100.00,,
     1.202227677,32524246,,inst_retired.any,44143346,100.00,126.4,IpMispredict
     1.202227677,239991,,br_misp_retired.all_branches,44143346,100.00,,
     1.302404124,32123746,,inst_retired.any,42967566,100.00,124.4,IpMispredict
     1.302404124,268448,,br_misp_retired.all_branches,42967566,100.00,,
     1.402580564,31973099,,inst_retired.any,43437877,100.00,124.1,IpMispredict
     1.402580564,250557,,br_misp_retired.all_branches,43437877,100.00,,
     1.502742304,32297724,,inst_retired.any,44203161,100.00,125.1,IpMispredict
     1.502742304,263612,,br_misp_retired.all_branches,44203161,100.00,,
     1.602938620,32022754,,inst_retired.any,43136263,100.00,124.4,IpMispredict
     1.602938620,248560,,br_misp_retired.all_branches,43136263,100.00,,
     1.703124154,32069862,,inst_retired.any,43384876,100.00,124.6,IpMispredict
     1.703124154,256001,,br_misp_retired.all_branches,43384876,100.00,,
     1.803313417,32107382,,inst_retired.any,43368441,100.00,125.0,IpMispredict
     1.803313417,246936,,br_misp_retired.all_branches,43368441,100.00,,
     1.903487649,32227544,,inst_retired.any,43440443,100.00,125.6,IpMispredict
     1.903487649,250481,,br_misp_retired.all_branches,43440443,100.00,,
     2.003649046,32407404,,inst_retired.any,44286190,100.00,126.8,IpMispredict
     2.003649046,238614,,br_misp_retired.all_branches,44286190,100.00,,
     2.103855989,32076488,,inst_retired.any,42967480,100.00,125.8,IpMispredict
     2.103855989,241740,,br_misp_retired.all_branches,42967480,100.00,,
     2.204017968,32091179,,inst_retired.any,42735560,100.00,126.2,IpMispredict
     2.204017968,241055,,br_misp_retired.all_branches,42735560,100.00,,
     2.304193565,31804333,,inst_retired.any,43970648,100.00,124.9,IpMispredict
     2.304193565,260431,,br_misp_retired.all_branches,43970648,100.00,,
     2.404383472,32471278,,inst_retired.any,43989170,100.00,127.7,IpMispredict
     2.404383472,245752,,br_misp_retired.all_branches,43989170,100.00,,
     2.504558588,32103285,,inst_retired.any,43584334,100.00,126.1,IpMispredict
     2.504558588,264677,,br_misp_retired.all_branches,43584334,100.00,,
     2.604735845,32352773,,inst_retired.any,44050523,100.00,126.9,IpMispredict
     2.604735845,263682,,br_misp_retired.all_branches,44050523,100.00,,
     2.704896385,32180207,,inst_retired.any,43152460,100.00,126.3,IpMispredict
     2.704896385,252515,,br_misp_retired.all_branches,43152460,100.00,,
     2.805079379,31917462,,inst_retired.any,44060433,100.00,125.2,IpMispredict
     2.805079379,257994,,br_misp_retired.all_branches,44060433,100.00,,
     2.905242373,32367517,,inst_retired.any,43771828,100.00,127.0,IpMispredict
     2.905242373,249415,,br_misp_retired.all_branches,43771828,100.00,,
     3.005465860,32249981,,inst_retired.any,43707906,100.00,126.6,IpMispredict
     3.005465860,251814,,br_misp_retired.all_branches,43707906,100.00,,
     3.105644235,31813078,,inst_retired.any,41183211,100.00,124.7,IpMispredict
     3.105644235,269953,,br_misp_retired.all_branches,41183211,100.00,,
     3.205828849,32718958,,inst_retired.any,44167184,100.00,128.2,IpMispredict
     3.205828849,255727,,br_misp_retired.all_branches,44167184,100.00,,
     3.305992648,31952288,,inst_retired.any,42661487,100.00,124.8,IpMispredict
     3.305992648,279548,,br_misp_retired.all_branches,42661487,100.00,,
     3.406172771,32036309,,inst_retired.any,42900598,100.00,125.4,IpMispredict
     3.406172771,242151,,br_misp_retired.all_branches,42900598,100.00,,
     3.506342469,32069903,,inst_retired.any,43927887,100.00,125.5,IpMispredict
     3.506342469,254866,,br_misp_retired.all_branches,43927887,100.00,,
     3.606504166,32110408,,inst_retired.any,43603035,100.00,125.8,IpMispredict
     3.606504166,247208,,br_misp_retired.all_branches,43603035,100.00,,
     3.706675857,32478007,,inst_retired.any,44521960,100.00,127.0,IpMispredict
     3.706675857,270523,,br_misp_retired.all_branches,44521960,100.00,,
     3.806836966,32183551,,inst_retired.any,42812071,100.00,125.9,IpMispredict
     3.806836966,249292,,br_misp_retired.all_branches,42812071,100.00,,
     3.907032346,32322818,,inst_retired.any,43301294,100.00,126.7,IpMispredict
     3.907032346,242711,,br_misp_retired.all_branches,43301294,100.00,,
     4.007209963,32074728,,inst_retired.any,43086079,100.00,125.8,IpMispredict
     4.007209963,246900,,br_misp_retired.all_branches,43086079,100.00,,
     4.107386029,32060848,,inst_retired.any,44159290,100.00,125.6,IpMispredict
     4.107386029,266467,,br_misp_retired.all_branches,44159290,100.00,,
     4.207602579,32132512,,inst_retired.any,44113043,100.00,125.8,IpMispredict
     4.207602579,258125,,br_misp_retired.all_branches,44113043,100.00,,
     4.307778387,32382354,,inst_retired.any,43647345,100.00,126.9,IpMispredict
     4.307778387,249657,,br_misp_retired.all_branches,43647345,100.00,,
     4.407938242,31861008,,inst_retired.any,42760794,100.00,124.7,IpMispredict
     4.407938242,264815,,br_misp_retired.all_branches,42760794,100.00,,
     4.508132173,32198952,,inst_retired.any,44204098,100.00,126.0,IpMispredict
     4.508132173,259078,,br_misp_retired.all_branches,44204098,100.00,,
     4.608292259,32246926,,inst_retired.any,43712201,100.00,126.1,IpMispredict
     4.608292259,264558,,br_misp_retired.all_branches,43712201,100.00,,
     4.708475785,31985153,,inst_retired.any,41964493,100.00,125.0,IpMispredict
     4.708475785,264346,,br_misp_retired.all_branches,41964493,100.00,,
     4.808646873,32605423,,inst_retired.any,44241591,100.00,127.4,IpMispredict
     4.808646873,259882,,br_misp_retired.all_branches,44241591,100.00,,
     4.908844933,31975932,,inst_retired.any,44549208,100.00,124.8,IpMispredict
     4.908844933,266464,,br_misp_retired.all_branches,44549208,100.00,,
     5.009027896,32396198,,inst_retired.any,44056827,100.00,126.4,IpMispredict
     5.009027896,263498,,br_misp_retired.all_branches,44056827,100.00,,
     5.109220359,32033782,,inst_retired.any,43240506,100.00,125.0,IpMispredict
     5.109220359,249646,,br_misp_retired.all_branches,43240506,100.00,,
     5.209412077,31908709,,inst_retired.any,42948593,100.00,124.5,IpMispredict
     5.209412077,263421,,br_misp_retired.all_branches,42948593,100.00,,
     5.309590781,32603346,,inst_retired.any,43843117,100.00,127.3,IpMispredict
     5.309590781,248071,,br_misp_retired.all_branches,43843117,100.00,,
     5.409759285,32048113,,inst_retired.any,44126648,100.00,125.1,IpMispredict
     5.409759285,258954,,br_misp_retired.all_branches,44126648,100.00,,
     5.509959998,32693213,,inst_retired.any,42050888,100.00,127.5,IpMispredict
     5.509959998,267144,,br_misp_retired.all_branches,42050888,100.00,,
     5.610140024,32363988,,inst_retired.any,44338704,100.00,126.3,IpMispredict
     5.610140024,251233,,br_misp_retired.all_branches,44338704,100.00,,
     5.710313580,32124199,,inst_retired.any,43489689,100.00,125.4,IpMispredict
     5.710313580,247048,,br_misp_retired.all_branches,43489689,100.00,,
     5.810481436,32202984,,inst_retired.any,43986555,100.00,125.8,IpMispredict
     5.810481436,250301,,br_misp_retired.all_branches,43986555,100.00,,
     5.910643564,31922611,,inst_retired.any,43977571,100.00,124.7,IpMispredict
     5.910643564,254884,,br_misp_retired.all_branches,43977571,100.00,,
     6.010804703,31736966,,inst_retired.any,43632202,100.00,123.9,IpMispredict
     6.010804703,265332,,br_misp_retired.all_branches,43632202,100.00,,
     6.110986095,32616971,,inst_retired.any,43135297,100.00,127.3,IpMispredict
     6.110986095,260657,,br_misp_retired.all_branches,43135297,100.00,,
     6.211161361,32298766,,inst_retired.any,43426573,100.00,126.1,IpMispredict
     6.211161361,243891,,br_misp_retired.all_branches,43426573,100.00,,
     6.311340565,32031973,,inst_retired.any,43808403,100.00,125.0,IpMispredict
     6.311340565,262865,,br_misp_retired.all_branches,43808403,100.00,,
     6.411503766,32283092,,inst_retired.any,43584350,100.00,126.1,IpMispredict
     6.411503766,244086,,br_misp_retired.all_branches,43584350,100.00,,
     6.511665412,32088227,,inst_retired.any,43401970,100.00,125.4,IpMispredict
     6.511665412,253628,,br_misp_retired.all_branches,43401970,100.00,,
     6.611842819,32377480,,inst_retired.any,44182341,100.00,126.5,IpMispredict
     6.611842819,249414,,br_misp_retired.all_branches,44182341,100.00,,
     6.712004877,32036380,,inst_retired.any,43750054,100.00,125.3,IpMispredict
     6.712004877,248229,,br_misp_retired.all_branches,43750054,100.00,,
     6.812171872,32272472,,inst_retired.any,43078747,100.00,126.3,IpMispredict
     6.812171872,242124,,br_misp_retired.all_branches,43078747,100.00,,
     6.912364110,31944763,,inst_retired.any,43328266,100.00,125.1,IpMispredict
     6.912364110,243079,,br_misp_retired.all_branches,43328266,100.00,,
     7.012537349,31988639,,inst_retired.any,42379521,100.00,125.4,IpMispredict
     7.012537349,241135,,br_misp_retired.all_branches,42379521,100.00,,
     7.112698290,32690487,,inst_retired.any,44797505,100.00,128.1,IpMispredict
     7.112698290,252878,,br_misp_retired.all_branches,44797505,100.00,,
     7.212874335,31913134,,inst_retired.any,42611260,100.00,125.1,IpMispredict
     7.212874335,247877,,br_misp_retired.all_branches,42611260,100.00,,
     7.313036358,32445890,,inst_retired.any,43839081,100.00,127.3,IpMispredict
     7.313036358,248868,,br_misp_retired.all_branches,43839081,100.00,,
     7.413219116,31847746,,inst_retired.any,43008600,100.00,124.9,IpMispredict
     7.413219116,260202,,br_misp_retired.all_branches,43008600,100.00,,
     7.513403418,32295510,,inst_retired.any,44071576,100.00,126.5,IpMispredict
     7.513403418,277766,,br_misp_retired.all_branches,44071576,100.00,,
     7.613571592,32309258,,inst_retired.any,43962162,100.00,126.5,IpMispredict
     7.613571592,267323,,br_misp_retired.all_branches,43962162,100.00,,
     7.713776502,32109695,,inst_retired.any,43170671,100.00,125.8,IpMispredict
     7.713776502,243033,,br_misp_retired.all_branches,43170671,100.00,,
     7.813949795,32215796,,inst_retired.any,43631741,100.00,126.1,IpMispredict
     7.813949795,262398,,br_misp_retired.all_branches,43631741,100.00,,
     7.914113825,32079586,,inst_retired.any,42720544,100.00,125.6,IpMispredict
     7.914113825,250833,,br_misp_retired.all_branches,42720544,100.00,,
     8.014284691,32127515,,inst_retired.any,44449574,100.00,125.7,IpMispredict
     8.014284691,267552,,br_misp_retired.all_branches,44449574,100.00,,
     8.114462172,32220308,,inst_retired.any,43770439,100.00,126.1,IpMispredict
     8.114462172,253221,,br_misp_retired.all_branches,43770439,100.00,,
     8.214624268,32246490,,inst_retired.any,43780923,100.00,126.2,IpMispredict
     8.214624268,257777,,br_misp_retired.all_branches,43780923,100.00,,
     8.314828969,32167770,,inst_retired.any,43534799,100.00,126.0,IpMispredict
     8.314828969,243037,,br_misp_retired.all_branches,43534799,100.00,,
     8.414989472,31959634,,inst_retired.any,43156148,100.00,125.2,IpMispredict
     8.414989472,249051,,br_misp_retired.all_branches,43156148,100.00,,
     8.515150665,32287750,,inst_retired.any,44720150,100.00,126.5,IpMispredict
     8.515150665,252123,,br_misp_retired.all_branches,44720150,100.00,,
     8.615327431,32083632,,inst_retired.any,43726251,100.00,125.8,IpMispredict
     8.615327431,242920,,br_misp_retired.all_branches,43726251,100.00,,
     8.715490352,32073426,,inst_retired.any,43219966,100.00,125.7,IpMispredict
     8.715490352,258979,,br_misp_retired.all_branches,43219966,100.00,,
     8.815656527,32209374,,inst_retired.any,43491706,100.00,126.3,IpMispredict
     8.815656527,240766,,br_misp_retired.all_branches,43491706,100.00,,
     8.915848140,32236874,,inst_retired.any,43883682,100.00,126.3,IpMispredict
     8.915848140,274914,,br_misp_retired.all_branches,43883682,100.00,,
     9.016010441,32142935,,inst_retired.any,43555923,100.00,125.9,IpMispredict
     9.016010441,254753,,br_misp_retired.all_branches,43555923,100.00,,
     9.116190892,32326330,,inst_retired.any,44382840,100.00,126.6,IpMispredict
     9.116190892,259020,,br_misp_retired.all_branches,44382840,100.00,,
     9.216376529,32118238,,inst_retired.any,43805659,100.00,125.9,IpMispredict
     9.216376529,246508,,br_misp_retired.all_branches,43805659,100.00,,
     9.316549157,32339095,,inst_retired.any,43470727,100.00,126.8,IpMispredict
     9.316549157,249105,,br_misp_retired.all_branches,43470727,100.00,,
     9.416736688,31683266,,inst_retired.any,42563595,100.00,124.3,IpMispredict
     9.416736688,243238,,br_misp_retired.all_branches,42563595,100.00,,
     9.516924448,32509179,,inst_retired.any,43896519,100.00,127.6,IpMispredict
     9.516924448,240489,,br_misp_retired.all_branches,43896519,100.00,,
     9.617116388,32138331,,inst_retired.any,44361709,100.00,126.0,IpMispredict
     9.617116388,287651,,br_misp_retired.all_branches,44361709,100.00,,
     9.717277073,32137491,,inst_retired.any,43981900,100.00,126.0,IpMispredict
     9.717277073,243052,,br_misp_retired.all_branches,43981900,100.00,,
     9.817442278,31887300,,inst_retired.any,43083023,100.00,125.1,IpMispredict
     9.817442278,249574,,br_misp_retired.all_branches,43083023,100.00,,
     9.917607128,32641529,,inst_retired.any,43659003,100.00,128.1,IpMispredict
     9.917607128,239906,,br_misp_retired.all_branches,43659003,100.00,,
    10.017779712,32042699,,inst_retired.any,43178914,100.00,125.8,IpMispredict
    10.017779712,250657,,br_misp_retired.all_branches,43178914,100.00,,
    10.117940125,32092453,,inst_retired.any,43677652,100.00,126.0,IpMispredict
    10.117940125,257127,,br_misp_retired.all_branches,43677652,100.00,,
    10.218100903,32353785,,inst_retired.any,44343982,100.00,126.8,IpMispredict
    10.218100903,287961,,br_misp_retired.all_branches,44343982,100.00,,
    10.318267884,31995371,,inst_retired.any,40962644,100.00,125.5,IpMispredict
    10.318267884,237202,,br_misp_retired.all_branches,40962644,100.00,,
    10.418434675,32185088,,inst_retired.any,43262045,100.00,126.2,IpMispredict
    10.418434675,253344,,br_misp_retired.all_branches,43262045,100.00,,
    10.518600226,32845726,,inst_retired.any,42351953,100.00,128.9,IpMispredict
    10.518600226,246791,,br_misp_retired.all_branches,42351953,100.00,,
    10.618767922,31973828,,inst_retired.any,42623004,100.00,125.5,IpMispredict
    10.618767922,247213,,br_misp_retired.all_branches,42623004,100.00,,
    10.718945930,32549694,,inst_retired.any,43173784,100.00,127.8,IpMispredict
    10.718945930,253581,,br_misp_retired.all_branches,43173784,100.00,,
    10.819128614,31637026,,inst_retired.any,42294696,100.00,124.2,IpMispredict
    10.819128614,241365,,br_misp_retired.all_branches,42294696,100.00,,
    10.919298315,32372661,,inst_retired.any,44629474,100.00,127.1,IpMispredict
    10.919298315,259940,,br_misp_retired.all_branches,44629474,100.00,,
    11.019481008,32183055,,inst_retired.any,44040260,100.00,126.3,IpMispredict
    11.019481008,263726,,br_misp_retired.all_branches,44040260,100.00,,
