# started on Tue May  2 13:00:55 2023

     0.100150331,64262875,,inst_retired.any,55175718,100.00,138.3,IpMispredict
     0.100150331,464646,,br_misp_retired.all_branches,55175718,100.00,,
     0.200396029,63868128,,inst_retired.any,55009458,100.00,138.1,IpMispredict
     0.200396029,460210,,br_misp_retired.all_branches,55009458,100.00,,
     0.300577898,64079722,,inst_retired.any,55453937,100.00,138.0,IpMispredict
     0.300577898,468017,,br_misp_retired.all_branches,55453937,100.00,,
     0.400762916,64573594,,inst_retired.any,55907630,100.00,138.5,IpMispredict
     0.400762916,472185,,br_misp_retired.all_branches,55907630,100.00,,
     0.500952547,63847247,,inst_retired.any,55695141,100.00,137.0,IpMispredict
     0.500952547,465033,,br_misp_retired.all_branches,55695141,100.00,,
     0.601147904,64706739,,inst_retired.any,56028856,100.00,138.6,IpMispredict
     0.601147904,471414,,br_misp_retired.all_branches,56028856,100.00,,
     0.701345181,63924794,,inst_retired.any,55147615,100.00,137.1,IpMispredict
     0.701345181,463405,,br_misp_retired.all_branches,55147615,100.00,,
     0.801542840,64286289,,inst_retired.any,55240525,100.00,137.8,IpMispredict
     0.801542840,466103,,br_misp_retired.all_branches,55240525,100.00,,
     0.901736110,64066501,,inst_retired.any,55037607,100.00,137.5,IpMispredict
     0.901736110,463577,,br_misp_retired.all_branches,55037607,100.00,,
     1.001933385,64495357,,inst_retired.any,55507191,100.00,138.3,IpMispredict
     1.001933385,468091,,br_misp_retired.all_branches,55507191,100.00,,
     1.102127555,64223574,,inst_retired.any,55079341,100.00,137.8,IpMispredict
     1.102127555,464792,,br_misp_retired.all_branches,55079341,100.00,,
     1.202323195,63611979,,inst_retired.any,55050562,100.00,136.5,IpMispredict
     1.202323195,462928,,br_misp_retired.all_branches,55050562,100.00,,
     1.302516771,64751143,,inst_retired.any,58114501,100.00,138.8,IpMispredict
     1.302516771,473386,,br_misp_retired.all_branches,58114501,100.00,,
     1.402712100,64396896,,inst_retired.any,55262905,100.00,138.0,IpMispredict
     1.402712100,468795,,br_misp_retired.all_branches,55262905,100.00,,
     1.502907029,63898191,,inst_retired.any,54818978,100.00,136.9,IpMispredict
     1.502907029,466348,,br_misp_retired.all_branches,54818978,100.00,,
     1.603102541,64006217,,inst_retired.any,55005922,100.00,137.2,IpMispredict
     1.603102541,464889,,br_misp_retired.all_branches,55005922,100.00,,
     1.703300345,64117335,,inst_retired.any,55038834,100.00,137.5,IpMispredict
     1.703300345,461371,,br_misp_retired.all_branches,55038834,100.00,,
     1.803508657,64248189,,inst_retired.any,55454854,100.00,137.8,IpMispredict
     1.803508657,468626,,br_misp_retired.all_branches,55454854,100.00,,
     1.903692625,64209273,,inst_retired.any,55111273,100.00,137.7,IpMispredict
     1.903692625,464896,,br_misp_retired.all_branches,55111273,100.00,,
     2.003892732,64162730,,inst_retired.any,55076800,100.00,137.6,IpMispredict
     2.003892732,465945,,br_misp_retired.all_branches,55076800,100.00,,
     2.104088806,64767383,,inst_retired.any,55747518,100.00,138.8,IpMispredict
     2.104088806,472026,,br_misp_retired.all_branches,55747518,100.00,,
     2.204300468,64833123,,inst_retired.any,55787451,100.00,138.9,IpMispredict
     2.204300468,469295,,br_misp_retired.all_branches,55787451,100.00,,
     2.304497845,63992115,,inst_retired.any,55223967,100.00,137.1,IpMispredict
     2.304497845,466552,,br_misp_retired.all_branches,55223967,100.00,,
     2.404695018,64328101,,inst_retired.any,55647497,100.00,137.9,IpMispredict
     2.404695018,466572,,br_misp_retired.all_branches,55647497,100.00,,
     2.504889544,63860078,,inst_retired.any,54745608,100.00,136.9,IpMispredict
     2.504889544,463953,,br_misp_retired.all_branches,54745608,100.00,,
     2.605084824,64660428,,inst_retired.any,55602445,100.00,138.5,IpMispredict
     2.605084824,471095,,br_misp_retired.all_branches,55602445,100.00,,
     2.705279875,63973395,,inst_retired.any,55203806,100.00,137.1,IpMispredict
     2.705279875,464227,,br_misp_retired.all_branches,55203806,100.00,,
     2.805495395,64181455,,inst_retired.any,55168212,100.00,137.6,IpMispredict
     2.805495395,466036,,br_misp_retired.all_branches,55168212,100.00,,
     2.905689510,64288381,,inst_retired.any,54847016,100.00,137.8,IpMispredict
     2.905689510,465660,,br_misp_retired.all_branches,54847016,100.00,,
     3.005884764,64428299,,inst_retired.any,55350682,100.00,138.1,IpMispredict
     3.005884764,468602,,br_misp_retired.all_branches,55350682,100.00,,
     3.106077698,63984277,,inst_retired.any,55602137,100.00,137.1,IpMispredict
     3.106077698,464379,,br_misp_retired.all_branches,55602137,100.00,,
     3.206272053,64664790,,inst_retired.any,55647415,100.00,138.6,IpMispredict
     3.206272053,469188,,br_misp_retired.all_branches,55647415,100.00,,
     3.306466048,63744641,,inst_retired.any,54672253,100.00,136.6,IpMispredict
     3.306466048,463206,,br_misp_retired.all_branches,54672253,100.00,,
     3.406660089,64206759,,inst_retired.any,55171667,100.00,137.6,IpMispredict
     3.406660089,464007,,br_misp_retired.all_branches,55171667,100.00,,
     3.506855995,64348355,,inst_retired.any,55107832,100.00,138.0,IpMispredict
     3.506855995,464885,,br_misp_retired.all_branches,55107832,100.00,,
     3.607048895,64126846,,inst_retired.any,54822555,100.00,137.5,IpMispredict
     3.607048895,461670,,br_misp_retired.all_branches,54822555,100.00,,
     3.707246487,64255515,,inst_retired.any,54762059,100.00,137.9,IpMispredict
     3.707246487,459456,,br_misp_retired.all_branches,54762059,100.00,,
     3.807443523,64321973,,inst_retired.any,55361384,100.00,138.0,IpMispredict
     3.807443523,466548,,br_misp_retired.all_branches,55361384,100.00,,
     3.907650192,64241464,,inst_retired.any,55016426,100.00,137.8,IpMispredict
     3.907650192,463668,,br_misp_retired.all_branches,55016426,100.00,,
     4.007847043,64116155,,inst_retired.any,54800930,100.00,137.6,IpMispredict
     4.007847043,462697,,br_misp_retired.all_branches,54800930,100.00,,
     4.108045112,64291874,,inst_retired.any,54995103,100.00,138.0,IpMispredict
     4.108045112,462916,,br_misp_retired.all_branches,54995103,100.00,,
     4.208240008,64841250,,inst_retired.any,55345757,100.00,139.2,IpMispredict
     4.208240008,469153,,br_misp_retired.all_branches,55345757,100.00,,
     4.308433866,64201085,,inst_retired.any,54855515,100.00,137.8,IpMispredict
     4.308433866,465355,,br_misp_retired.all_branches,54855515,100.00,,
     4.408628958,64276671,,inst_retired.any,55108901,100.00,137.9,IpMispredict
     4.408628958,468222,,br_misp_retired.all_branches,55108901,100.00,,
     4.508824904,63752532,,inst_retired.any,54601852,100.00,136.8,IpMispredict
     4.508824904,465019,,br_misp_retired.all_branches,54601852,100.00,,
     4.609020830,64212302,,inst_retired.any,55068156,100.00,137.8,IpMispredict
     4.609020830,466513,,br_misp_retired.all_branches,55068156,100.00,,
     4.709216381,64185974,,inst_retired.any,54943556,100.00,137.8,IpMispredict
     4.709216381,462626,,br_misp_retired.all_branches,54943556,100.00,,
     4.809412536,64686072,,inst_retired.any,55716006,100.00,138.8,IpMispredict
     4.809412536,468659,,br_misp_retired.all_branches,55716006,100.00,,
     4.909613671,64303676,,inst_retired.any,54987913,100.00,138.0,IpMispredict
     4.909613671,462679,,br_misp_retired.all_branches,54987913,100.00,,
     5.009810713,63714580,,inst_retired.any,54968364,100.00,136.8,IpMispredict
     5.009810713,464184,,br_misp_retired.all_branches,54968364,100.00,,
     5.110006860,64277562,,inst_retired.any,55637351,100.00,138.0,IpMispredict
     5.110006860,466551,,br_misp_retired.all_branches,55637351,100.00,,
     5.210203105,64289211,,inst_retired.any,55090107,100.00,138.0,IpMispredict
     5.210203105,464723,,br_misp_retired.all_branches,55090107,100.00,,
     5.310401527,64166636,,inst_retired.any,55111972,100.00,137.7,IpMispredict
     5.310401527,464659,,br_misp_retired.all_branches,55111972,100.00,,
     5.410598015,63971862,,inst_retired.any,55009228,100.00,137.3,IpMispredict
     5.410598015,465821,,br_misp_retired.all_branches,55009228,100.00,,
     5.510815504,64176815,,inst_retired.any,55311923,100.00,137.8,IpMispredict
     5.510815504,466907,,br_misp_retired.all_branches,55311923,100.00,,
     5.611013264,64086766,,inst_retired.any,55344416,100.00,137.6,IpMispredict
     5.611013264,466761,,br_misp_retired.all_branches,55344416,100.00,,
     5.711206872,64157907,,inst_retired.any,55116646,100.00,137.7,IpMispredict
     5.711206872,466651,,br_misp_retired.all_branches,55116646,100.00,,
     5.811400014,64907497,,inst_retired.any,55741972,100.00,139.3,IpMispredict
     5.811400014,470632,,br_misp_retired.all_branches,55741972,100.00,,
     5.911614335,64164686,,inst_retired.any,54976710,100.00,137.7,IpMispredict
     5.911614335,462871,,br_misp_retired.all_branches,54976710,100.00,,
     6.011811076,64209972,,inst_retired.any,55083150,100.00,137.8,IpMispredict
     6.011811076,463731,,br_misp_retired.all_branches,55083150,100.00,,
     6.112005651,63752620,,inst_retired.any,54721056,100.00,136.9,IpMispredict
     6.112005651,460097,,br_misp_retired.all_branches,54721056,100.00,,
     6.212201146,64112018,,inst_retired.any,54934295,100.00,137.6,IpMispredict
     6.212201146,464663,,br_misp_retired.all_branches,54934295,100.00,,
     6.312396783,64409654,,inst_retired.any,55093231,100.00,138.3,IpMispredict
     6.312396783,467364,,br_misp_retired.all_branches,55093231,100.00,,
     6.412591155,64352477,,inst_retired.any,55667175,100.00,138.1,IpMispredict
     6.412591155,468498,,br_misp_retired.all_branches,55667175,100.00,,
     6.512787862,64010785,,inst_retired.any,54737078,100.00,137.4,IpMispredict
     6.512787862,461442,,br_misp_retired.all_branches,54737078,100.00,,
     6.612984115,63969578,,inst_retired.any,54927608,100.00,137.4,IpMispredict
     6.612984115,460384,,br_misp_retired.all_branches,54927608,100.00,,
     6.713178112,64220934,,inst_retired.any,55190095,100.00,137.9,IpMispredict
     6.713178112,468064,,br_misp_retired.all_branches,55190095,100.00,,
     6.813372172,64502861,,inst_retired.any,55531553,100.00,138.5,IpMispredict
     6.813372172,472730,,br_misp_retired.all_branches,55531553,100.00,,
     6.913565513,64608617,,inst_retired.any,55504963,100.00,138.7,IpMispredict
     6.913565513,470280,,br_misp_retired.all_branches,55504963,100.00,,
     7.013762319,64247272,,inst_retired.any,55150235,100.00,137.9,IpMispredict
     7.013762319,467638,,br_misp_retired.all_branches,55150235,100.00,,
     7.113957715,63768085,,inst_retired.any,55031123,100.00,136.9,IpMispredict
     7.113957715,463836,,br_misp_retired.all_branches,55031123,100.00,,
     7.214151288,65033419,,inst_retired.any,55696626,100.00,139.6,IpMispredict
     7.214151288,471528,,br_misp_retired.all_branches,55696626,100.00,,
     7.314349290,64206683,,inst_retired.any,54977560,100.00,137.8,IpMispredict
     7.314349290,465949,,br_misp_retired.all_branches,54977560,100.00,,
     7.414544834,64152301,,inst_retired.any,55202052,100.00,137.7,IpMispredict
     7.414544834,466141,,br_misp_retired.all_branches,55202052,100.00,,
     7.514739643,63832327,,inst_retired.any,54746731,100.00,137.0,IpMispredict
     7.514739643,463882,,br_misp_retired.all_branches,54746731,100.00,,
     7.614936484,64889333,,inst_retired.any,55957104,100.00,139.2,IpMispredict
     7.614936484,473730,,br_misp_retired.all_branches,55957104,100.00,,
     7.715134089,63993139,,inst_retired.any,55174502,100.00,137.3,IpMispredict
     7.715134089,469215,,br_misp_retired.all_branches,55174502,100.00,,
     7.815329681,64497918,,inst_retired.any,55537048,100.00,138.4,IpMispredict
     7.815329681,472819,,br_misp_retired.all_branches,55537048,100.00,,
     7.915533152,64169603,,inst_retired.any,55051106,100.00,137.7,IpMispredict
     7.915533152,464911,,br_misp_retired.all_branches,55051106,100.00,,
     8.015734993,64162375,,inst_retired.any,55082421,100.00,137.6,IpMispredict
     8.015734993,469012,,br_misp_retired.all_branches,55082421,100.00,,
     8.115930274,63965902,,inst_retired.any,54766015,100.00,137.2,IpMispredict
     8.115930274,463260,,br_misp_retired.all_branches,54766015,100.00,,
     8.216127878,64027967,,inst_retired.any,54881188,100.00,137.4,IpMispredict
     8.216127878,464880,,br_misp_retired.all_branches,54881188,100.00,,
     8.316343219,64334792,,inst_retired.any,55366047,100.00,138.0,IpMispredict
     8.316343219,470469,,br_misp_retired.all_branches,55366047,100.00,,
     8.416537787,64726979,,inst_retired.any,55639561,100.00,138.8,IpMispredict
     8.416537787,470713,,br_misp_retired.all_branches,55639561,100.00,,
     8.516731144,64182306,,inst_retired.any,55070223,100.00,137.7,IpMispredict
     8.516731144,468131,,br_misp_retired.all_branches,55070223,100.00,,
     8.616923805,64069614,,inst_retired.any,55037663,100.00,137.4,IpMispredict
     8.616923805,467858,,br_misp_retired.all_branches,55037663,100.00,,
     8.717120485,64415498,,inst_retired.any,55141660,100.00,138.1,IpMispredict
     8.717120485,468432,,br_misp_retired.all_branches,55141660,100.00,,
     8.817314941,64252803,,inst_retired.any,55316446,100.00,137.8,IpMispredict
     8.817314941,466512,,br_misp_retired.all_branches,55316446,100.00,,
     8.917511354,64043211,,inst_retired.any,54734390,100.00,137.4,IpMispredict
     8.917511354,462330,,br_misp_retired.all_branches,54734390,100.00,,
     9.017703962,64468119,,inst_retired.any,55261407,100.00,138.3,IpMispredict
     9.017703962,469858,,br_misp_retired.all_branches,55261407,100.00,,
     9.117898029,63777957,,inst_retired.any,54986009,100.00,136.8,IpMispredict
     9.117898029,462704,,br_misp_retired.all_branches,54986009,100.00,,
     9.218092683,64208570,,inst_retired.any,55166882,100.00,137.7,IpMispredict
     9.218092683,465811,,br_misp_retired.all_branches,55166882,100.00,,
     9.318290085,64380387,,inst_retired.any,56304295,100.00,138.1,IpMispredict
     9.318290085,470678,,br_misp_retired.all_branches,56304295,100.00,,
     9.418485727,64353347,,inst_retired.any,55041741,100.00,138.0,IpMispredict
     9.418485727,464109,,br_misp_retired.all_branches,55041741,100.00,,
     9.518682911,64152008,,inst_retired.any,54914594,100.00,137.6,IpMispredict
     9.518682911,465893,,br_misp_retired.all_branches,54914594,100.00,,
     9.618877968,64412466,,inst_retired.any,55079569,100.00,138.1,IpMispredict
     9.618877968,464584,,br_misp_retired.all_branches,55079569,100.00,,
     9.719074518,64182618,,inst_retired.any,55050551,100.00,137.7,IpMispredict
     9.719074518,462627,,br_misp_retired.all_branches,55050551,100.00,,
     9.819270107,63996535,,inst_retired.any,54993870,100.00,137.3,IpMispredict
     9.819270107,464380,,br_misp_retired.all_branches,54993870,100.00,,
     9.919467763,64264794,,inst_retired.any,55254217,100.00,137.8,IpMispredict
     9.919467763,466682,,br_misp_retired.all_branches,55254217,100.00,,
    10.019665749,64150482,,inst_retired.any,54989285,100.00,137.6,IpMispredict
    10.019665749,465888,,br_misp_retired.all_branches,54989285,100.00,,
    10.119860714,64441316,,inst_retired.any,55398933,100.00,138.2,IpMispredict
    10.119860714,466346,,br_misp_retired.all_branches,55398933,100.00,,
    10.220053662,64326489,,inst_retired.any,55181791,100.00,138.0,IpMispredict
    10.220053662,468166,,br_misp_retired.all_branches,55181791,100.00,,
    10.320251928,63957586,,inst_retired.any,55048158,100.00,137.2,IpMispredict
    10.320251928,466511,,br_misp_retired.all_branches,55048158,100.00,,
    10.420448437,64235333,,inst_retired.any,55293268,100.00,137.8,IpMispredict
    10.420448437,468231,,br_misp_retired.all_branches,55293268,100.00,,
    10.520643437,64228889,,inst_retired.any,55081523,100.00,137.8,IpMispredict
    10.520643437,465367,,br_misp_retired.all_branches,55081523,100.00,,
    10.620840924,64399590,,inst_retired.any,55140160,100.00,138.1,IpMispredict
    10.620840924,465732,,br_misp_retired.all_branches,55140160,100.00,,
    10.721039226,63868969,,inst_retired.any,54550069,100.00,137.0,IpMispredict
    10.721039226,457877,,br_misp_retired.all_branches,54550069,100.00,,
    10.821233542,64368744,,inst_retired.any,55163354,100.00,138.1,IpMispredict
    10.821233542,465474,,br_misp_retired.all_branches,55163354,100.00,,
    10.921429597,64121988,,inst_retired.any,54726479,100.00,137.6,IpMispredict
    10.921429597,459976,,br_misp_retired.all_branches,54726479,100.00,,
    11.021645753,64092630,,inst_retired.any,54801790,100.00,137.5,IpMispredict
    11.021645753,462511,,br_misp_retired.all_branches,54801790,100.00,,
