# started on Tue May  2 15:38:54 2023

     0.100153314,31905017,,inst_retired.any,42580870,100.00,120.5,IpMispredict
     0.100153314,264774,,br_misp_retired.all_branches,42580870,100.00,,
     0.200409102,31978370,,inst_retired.any,43314344,100.00,122.7,IpMispredict
     0.200409102,256349,,br_misp_retired.all_branches,43314344,100.00,,
     0.300598610,32147679,,inst_retired.any,43305070,100.00,124.2,IpMispredict
     0.300598610,255606,,br_misp_retired.all_branches,43305070,100.00,,
     0.400787427,32163202,,inst_retired.any,43177581,100.00,125.9,IpMispredict
     0.400787427,245038,,br_misp_retired.all_branches,43177581,100.00,,
     0.500975441,32510719,,inst_retired.any,43103850,100.00,129.3,IpMispredict
     0.500975441,234995,,br_misp_retired.all_branches,43103850,100.00,,
     0.601158969,32074081,,inst_retired.any,42259351,100.00,129.7,IpMispredict
     0.601158969,227418,,br_misp_retired.all_branches,42259351,100.00,,
     0.701350268,31936053,,inst_retired.any,42243639,100.00,130.8,IpMispredict
     0.701350268,225334,,br_misp_retired.all_branches,42243639,100.00,,
     0.801538194,32116124,,inst_retired.any,42665274,100.00,130.9,IpMispredict
     0.801538194,253532,,br_misp_retired.all_branches,42665274,100.00,,
     0.901726270,31939199,,inst_retired.any,43247424,100.00,129.5,IpMispredict
     0.901726270,256745,,br_misp_retired.all_branches,43247424,100.00,,
     1.001914474,32272043,,inst_retired.any,42024969,100.00,131.5,IpMispredict
     1.001914474,235015,,br_misp_retired.all_branches,42024969,100.00,,
     1.102106815,32298941,,inst_retired.any,42088801,100.00,132.1,IpMispredict
     1.102106815,233901,,br_misp_retired.all_branches,42088801,100.00,,
     1.202294629,32021519,,inst_retired.any,41922288,100.00,131.1,IpMispredict
     1.202294629,241675,,br_misp_retired.all_branches,41922288,100.00,,
     1.302479012,32227937,,inst_retired.any,42977388,100.00,131.6,IpMispredict
     1.302479012,253531,,br_misp_retired.all_branches,42977388,100.00,,
     1.402673712,32366727,,inst_retired.any,43557455,100.00,131.6,IpMispredict
     1.402673712,260561,,br_misp_retired.all_branches,43557455,100.00,,
     1.502857116,31977744,,inst_retired.any,42013934,100.00,130.2,IpMispredict
     1.502857116,239156,,br_misp_retired.all_branches,42013934,100.00,,
     1.603039588,32078894,,inst_retired.any,42748513,100.00,130.7,IpMispredict
     1.603039588,244545,,br_misp_retired.all_branches,42748513,100.00,,
     1.703225022,32226611,,inst_retired.any,43221835,100.00,131.7,IpMispredict
     1.703225022,232913,,br_misp_retired.all_branches,43221835,100.00,,
     1.803415850,31859763,,inst_retired.any,42527062,100.00,130.1,IpMispredict
     1.803415850,245389,,br_misp_retired.all_branches,42527062,100.00,,
     1.903604312,32257586,,inst_retired.any,42621381,100.00,132.3,IpMispredict
     1.903604312,226975,,br_misp_retired.all_branches,42621381,100.00,,
     2.003787640,31876200,,inst_retired.any,42338430,100.00,130.7,IpMispredict
     2.003787640,244345,,br_misp_retired.all_branches,42338430,100.00,,
     2.103973011,32450468,,inst_retired.any,42856567,100.00,133.2,IpMispredict
     2.103973011,240123,,br_misp_retired.all_branches,42856567,100.00,,
     2.204159860,31968709,,inst_retired.any,42144161,100.00,131.4,IpMispredict
     2.204159860,234488,,br_misp_retired.all_branches,42144161,100.00,,
     2.304343153,32459895,,inst_retired.any,43064162,100.00,133.2,IpMispredict
     2.304343153,252384,,br_misp_retired.all_branches,43064162,100.00,,
     2.404526500,32209901,,inst_retired.any,42691178,100.00,132.5,IpMispredict
     2.404526500,229871,,br_misp_retired.all_branches,42691178,100.00,,
     2.504715026,32348826,,inst_retired.any,43681578,100.00,133.1,IpMispredict
     2.504715026,239305,,br_misp_retired.all_branches,43681578,100.00,,
     2.604905239,32371455,,inst_retired.any,43636033,100.00,132.9,IpMispredict
     2.604905239,259226,,br_misp_retired.all_branches,43636033,100.00,,
     2.705088803,31772461,,inst_retired.any,42269221,100.00,130.5,IpMispredict
     2.705088803,240927,,br_misp_retired.all_branches,42269221,100.00,,
     2.805296727,32151975,,inst_retired.any,43347388,100.00,131.4,IpMispredict
     2.805296727,274785,,br_misp_retired.all_branches,43347388,100.00,,
     2.905484039,32520813,,inst_retired.any,43814282,100.00,132.7,IpMispredict
     2.905484039,255792,,br_misp_retired.all_branches,43814282,100.00,,
     3.005672950,31807900,,inst_retired.any,42415372,100.00,129.9,IpMispredict
     3.005672950,240604,,br_misp_retired.all_branches,42415372,100.00,,
     3.105861194,32446349,,inst_retired.any,43653296,100.00,132.6,IpMispredict
     3.105861194,242816,,br_misp_retired.all_branches,43653296,100.00,,
     3.206048437,31895516,,inst_retired.any,42919216,100.00,130.0,IpMispredict
     3.206048437,264793,,br_misp_retired.all_branches,42919216,100.00,,
     3.306235302,32283471,,inst_retired.any,42852693,100.00,131.4,IpMispredict
     3.306235302,255947,,br_misp_retired.all_branches,42852693,100.00,,
     3.406418339,32159171,,inst_retired.any,42791042,100.00,130.7,IpMispredict
     3.406418339,255948,,br_misp_retired.all_branches,42791042,100.00,,
     3.506602992,31958999,,inst_retired.any,42944117,100.00,129.9,IpMispredict
     3.506602992,245494,,br_misp_retired.all_branches,42944117,100.00,,
     3.606787311,31907623,,inst_retired.any,42444756,100.00,129.8,IpMispredict
     3.606787311,239157,,br_misp_retired.all_branches,42444756,100.00,,
     3.706973594,32341429,,inst_retired.any,42936318,100.00,131.6,IpMispredict
     3.706973594,243520,,br_misp_retired.all_branches,42936318,100.00,,
     3.807163112,32175152,,inst_retired.any,41287343,100.00,131.0,IpMispredict
     3.807163112,242951,,br_misp_retired.all_branches,41287343,100.00,,
     3.907356062,32188942,,inst_retired.any,43375640,100.00,130.7,IpMispredict
     3.907356062,269930,,br_misp_retired.all_branches,43375640,100.00,,
     4.007541740,32093517,,inst_retired.any,42019063,100.00,130.4,IpMispredict
     4.007541740,239066,,br_misp_retired.all_branches,42019063,100.00,,
     4.107725592,32160611,,inst_retired.any,42764781,100.00,130.7,IpMispredict
     4.107725592,241985,,br_misp_retired.all_branches,42764781,100.00,,
     4.207911839,32250666,,inst_retired.any,43522059,100.00,130.8,IpMispredict
     4.207911839,270437,,br_misp_retired.all_branches,43522059,100.00,,
     4.308096242,32303083,,inst_retired.any,43159763,100.00,131.0,IpMispredict
     4.308096242,247265,,br_misp_retired.all_branches,43159763,100.00,,
     4.408279391,32113131,,inst_retired.any,42687655,100.00,130.3,IpMispredict
     4.408279391,237348,,br_misp_retired.all_branches,42687655,100.00,,
     4.508466066,32099332,,inst_retired.any,43159397,100.00,130.0,IpMispredict
     4.508466066,267742,,br_misp_retired.all_branches,43159397,100.00,,
     4.608652284,31890757,,inst_retired.any,40654814,100.00,129.2,IpMispredict
     4.608652284,247846,,br_misp_retired.all_branches,40654814,100.00,,
     4.708837886,32506048,,inst_retired.any,44514180,100.00,131.3,IpMispredict
     4.708837886,278901,,br_misp_retired.all_branches,44514180,100.00,,
     4.809026852,31998788,,inst_retired.any,42426433,100.00,129.4,IpMispredict
     4.809026852,232010,,br_misp_retired.all_branches,42426433,100.00,,
     4.909216550,32367850,,inst_retired.any,42716928,100.00,130.9,IpMispredict
     4.909216550,252126,,br_misp_retired.all_branches,42716928,100.00,,
     5.009403473,32132045,,inst_retired.any,43118771,100.00,129.9,IpMispredict
     5.009403473,248715,,br_misp_retired.all_branches,43118771,100.00,,
     5.109589068,31753352,,inst_retired.any,42529736,100.00,128.3,IpMispredict
     5.109589068,250078,,br_misp_retired.all_branches,42529736,100.00,,
     5.209775536,32433953,,inst_retired.any,42992663,100.00,131.2,IpMispredict
     5.209775536,240101,,br_misp_retired.all_branches,42992663,100.00,,
     5.309959561,32196804,,inst_retired.any,42351201,100.00,130.2,IpMispredict
     5.309959561,245841,,br_misp_retired.all_branches,42351201,100.00,,
     5.410143442,31965263,,inst_retired.any,43172046,100.00,129.3,IpMispredict
     5.410143442,244844,,br_misp_retired.all_branches,43172046,100.00,,
     5.510345199,32146812,,inst_retired.any,42599454,100.00,130.2,IpMispredict
     5.510345199,229625,,br_misp_retired.all_branches,42599454,100.00,,
     5.610530791,32032071,,inst_retired.any,42512338,100.00,129.9,IpMispredict
     5.610530791,227050,,br_misp_retired.all_branches,42512338,100.00,,
     5.710715036,32312110,,inst_retired.any,43109950,100.00,131.2,IpMispredict
     5.710715036,234173,,br_misp_retired.all_branches,43109950,100.00,,
     5.810898727,32038479,,inst_retired.any,42170643,100.00,130.1,IpMispredict
     5.810898727,243786,,br_misp_retired.all_branches,42170643,100.00,,
     5.911087116,31894595,,inst_retired.any,43166836,100.00,129.2,IpMispredict
     5.911087116,276830,,br_misp_retired.all_branches,43166836,100.00,,
     6.011273146,32125248,,inst_retired.any,43107891,100.00,130.1,IpMispredict
     6.011273146,249369,,br_misp_retired.all_branches,43107891,100.00,,
     6.111485487,32333185,,inst_retired.any,40665914,100.00,130.9,IpMispredict
     6.111485487,253360,,br_misp_retired.all_branches,40665914,100.00,,
     6.211674393,32457397,,inst_retired.any,43583405,100.00,131.3,IpMispredict
     6.211674393,264529,,br_misp_retired.all_branches,43583405,100.00,,
     6.311859177,31671220,,inst_retired.any,41464695,100.00,128.1,IpMispredict
     6.311859177,245084,,br_misp_retired.all_branches,41464695,100.00,,
     6.412044415,32323615,,inst_retired.any,43701636,100.00,130.6,IpMispredict
     6.412044415,260030,,br_misp_retired.all_branches,43701636,100.00,,
     6.512229579,32331483,,inst_retired.any,43805572,100.00,130.4,IpMispredict
     6.512229579,283157,,br_misp_retired.all_branches,43805572,100.00,,
     6.612417430,32303371,,inst_retired.any,43281946,100.00,130.3,IpMispredict
     6.612417430,246112,,br_misp_retired.all_branches,43281946,100.00,,
     6.712601439,31917390,,inst_retired.any,42828033,100.00,128.9,IpMispredict
     6.712601439,232000,,br_misp_retired.all_branches,42828033,100.00,,
     6.812798862,32097139,,inst_retired.any,40430558,100.00,129.6,IpMispredict
     6.812798862,241977,,br_misp_retired.all_branches,40430558,100.00,,
     6.912990411,32153325,,inst_retired.any,42745641,100.00,130.0,IpMispredict
     6.912990411,235072,,br_misp_retired.all_branches,42745641,100.00,,
     7.013184196,32087868,,inst_retired.any,42209276,100.00,129.8,IpMispredict
     7.013184196,233161,,br_misp_retired.all_branches,42209276,100.00,,
     7.113372397,32197493,,inst_retired.any,42761255,100.00,130.2,IpMispredict
     7.113372397,246604,,br_misp_retired.all_branches,42761255,100.00,,
     7.213558667,31824544,,inst_retired.any,42202501,100.00,128.7,IpMispredict
     7.213558667,245168,,br_misp_retired.all_branches,42202501,100.00,,
     7.313743340,32725325,,inst_retired.any,43427672,100.00,132.4,IpMispredict
     7.313743340,252016,,br_misp_retired.all_branches,43427672,100.00,,
     7.413927101,32336647,,inst_retired.any,42829531,100.00,130.6,IpMispredict
     7.413927101,273846,,br_misp_retired.all_branches,42829531,100.00,,
     7.514116032,32010255,,inst_retired.any,43498602,100.00,129.1,IpMispredict
     7.514116032,270193,,br_misp_retired.all_branches,43498602,100.00,,
     7.614307501,32315447,,inst_retired.any,42017977,100.00,130.5,IpMispredict
     7.614307501,228924,,br_misp_retired.all_branches,42017977,100.00,,
     7.714490613,32136112,,inst_retired.any,42750199,100.00,129.8,IpMispredict
     7.714490613,240329,,br_misp_retired.all_branches,42750199,100.00,,
     7.814675096,31754074,,inst_retired.any,42014786,100.00,128.4,IpMispredict
     7.814675096,232183,,br_misp_retired.all_branches,42014786,100.00,,
     7.914862877,32483810,,inst_retired.any,41773676,100.00,131.4,IpMispredict
     7.914862877,229350,,br_misp_retired.all_branches,41773676,100.00,,
     8.015046041,31922724,,inst_retired.any,42408495,100.00,129.2,IpMispredict
     8.015046041,248340,,br_misp_retired.all_branches,42408495,100.00,,
     8.115235004,32062218,,inst_retired.any,42687522,100.00,129.6,IpMispredict
     8.115235004,271486,,br_misp_retired.all_branches,42687522,100.00,,
     8.215419500,31990785,,inst_retired.any,42906613,100.00,129.3,IpMispredict
     8.215419500,247211,,br_misp_retired.all_branches,42906613,100.00,,
     8.315631587,33404645,,inst_retired.any,44067333,100.00,134.8,IpMispredict
     8.315631587,270802,,br_misp_retired.all_branches,44067333,100.00,,
     8.415819290,32286166,,inst_retired.any,42961189,100.00,130.3,IpMispredict
     8.415819290,258902,,br_misp_retired.all_branches,42961189,100.00,,
     8.516016169,31919919,,inst_retired.any,42393643,100.00,128.8,IpMispredict
     8.516016169,251660,,br_misp_retired.all_branches,42393643,100.00,,
     8.616200382,32219870,,inst_retired.any,43496854,100.00,129.9,IpMispredict
     8.616200382,261110,,br_misp_retired.all_branches,43496854,100.00,,
     8.716385148,32228717,,inst_retired.any,42535776,100.00,130.0,IpMispredict
     8.716385148,239774,,br_misp_retired.all_branches,42535776,100.00,,
     8.816569758,31971517,,inst_retired.any,42737097,100.00,128.7,IpMispredict
     8.816569758,288882,,br_misp_retired.all_branches,42737097,100.00,,
     8.916754258,32151483,,inst_retired.any,42888197,100.00,129.3,IpMispredict
     8.916754258,266203,,br_misp_retired.all_branches,42888197,100.00,,
     9.016941768,32110425,,inst_retired.any,42671938,100.00,129.0,IpMispredict
     9.016941768,266869,,br_misp_retired.all_branches,42671938,100.00,,
     9.117131098,32334512,,inst_retired.any,43035315,100.00,129.7,IpMispredict
     9.117131098,284335,,br_misp_retired.all_branches,43035315,100.00,,
     9.217319300,31792244,,inst_retired.any,41552378,100.00,127.7,IpMispredict
     9.217319300,230927,,br_misp_retired.all_branches,41552378,100.00,,
     9.317508551,32291331,,inst_retired.any,41402444,100.00,129.6,IpMispredict
     9.317508551,262015,,br_misp_retired.all_branches,41402444,100.00,,
     9.417696021,31942713,,inst_retired.any,42735667,100.00,128.2,IpMispredict
     9.417696021,244652,,br_misp_retired.all_branches,42735667,100.00,,
     9.517888419,32192270,,inst_retired.any,42644180,100.00,129.3,IpMispredict
     9.517888419,237209,,br_misp_retired.all_branches,42644180,100.00,,
     9.618076256,32381663,,inst_retired.any,42811212,100.00,130.1,IpMispredict
     9.618076256,246873,,br_misp_retired.all_branches,42811212,100.00,,
     9.718263722,32183517,,inst_retired.any,42867425,100.00,129.3,IpMispredict
     9.718263722,248370,,br_misp_retired.all_branches,42867425,100.00,,
     9.818452324,31966248,,inst_retired.any,42384122,100.00,128.4,IpMispredict
     9.818452324,244622,,br_misp_retired.all_branches,42384122,100.00,,
     9.918636089,32038261,,inst_retired.any,42998740,100.00,128.7,IpMispredict
     9.918636089,256935,,br_misp_retired.all_branches,42998740,100.00,,
    10.018822012,32302725,,inst_retired.any,42821483,100.00,129.7,IpMispredict
    10.018822012,253610,,br_misp_retired.all_branches,42821483,100.00,,
    10.119006354,31947082,,inst_retired.any,43106463,100.00,128.2,IpMispredict
    10.119006354,268692,,br_misp_retired.all_branches,43106463,100.00,,
    10.219191893,32411829,,inst_retired.any,42056370,100.00,130.1,IpMispredict
    10.219191893,234370,,br_misp_retired.all_branches,42056370,100.00,,
    10.319377693,31662879,,inst_retired.any,41197101,100.00,127.2,IpMispredict
    10.319377693,225489,,br_misp_retired.all_branches,41197101,100.00,,
    10.419563950,32447992,,inst_retired.any,43700009,100.00,130.3,IpMispredict
    10.419563950,256544,,br_misp_retired.all_branches,43700009,100.00,,
    10.519749351,32476700,,inst_retired.any,41918101,100.00,130.5,IpMispredict
    10.519749351,249540,,br_misp_retired.all_branches,41918101,100.00,,
    10.619938074,32015868,,inst_retired.any,42392722,100.00,128.6,IpMispredict
    10.619938074,242121,,br_misp_retired.all_branches,42392722,100.00,,
    10.720121562,32020745,,inst_retired.any,42390017,100.00,128.7,IpMispredict
    10.720121562,241456,,br_misp_retired.all_branches,42390017,100.00,,
    10.820307147,31728888,,inst_retired.any,42927033,100.00,127.5,IpMispredict
    10.820307147,249428,,br_misp_retired.all_branches,42927033,100.00,,
    10.920490344,32497069,,inst_retired.any,43485549,100.00,130.6,IpMispredict
    10.920490344,257030,,br_misp_retired.all_branches,43485549,100.00,,
    11.020697312,31728934,,inst_retired.any,41947752,100.00,127.5,IpMispredict
    11.020697312,242689,,br_misp_retired.all_branches,41947752,100.00,,
