# started on Tue May  2 15:41:07 2023

     0.100166917,6075539,,offcore_response.all_requests.llc_hit.any_response,52566937,100.00,,
     0.100166917,756,,offcore_response.all_requests.llc_miss.any_response,52586401,100.00,,
     0.200398054,6120611,,offcore_response.all_requests.llc_hit.any_response,53033171,100.00,,
     0.200398054,605,,offcore_response.all_requests.llc_miss.any_response,53032983,100.00,,
     0.300594841,6092208,,offcore_response.all_requests.llc_hit.any_response,53010847,100.00,,
     0.300594841,642,,offcore_response.all_requests.llc_miss.any_response,53008638,100.00,,
     0.400781806,6103806,,offcore_response.all_requests.llc_hit.any_response,52719681,100.00,,
     0.400781806,566,,offcore_response.all_requests.llc_miss.any_response,52724423,100.00,,
     0.500978013,6271567,,offcore_response.all_requests.llc_hit.any_response,52987875,100.00,,
     0.500978013,759,,offcore_response.all_requests.llc_miss.any_response,52986021,100.00,,
     0.601170845,6200225,,offcore_response.all_requests.llc_hit.any_response,52563150,100.00,,
     0.601170845,621,,offcore_response.all_requests.llc_miss.any_response,52562426,100.00,,
     0.701361033,4158719,,offcore_response.all_requests.llc_hit.any_response,35209340,100.00,,
     0.701361033,483,,offcore_response.all_requests.llc_miss.any_response,35190109,100.00,,
     0.801550366,2294214,,offcore_response.all_requests.llc_hit.any_response,24447554,100.00,,
     0.801550366,240,,offcore_response.all_requests.llc_miss.any_response,24465522,100.00,,
     0.901744484,9883635,,offcore_response.all_requests.llc_hit.any_response,83120705,100.00,,
     0.901744484,1121,,offcore_response.all_requests.llc_miss.any_response,83121821,100.00,,
     1.001933961,6538815,,offcore_response.all_requests.llc_hit.any_response,55004724,100.00,,
     1.001933961,952,,offcore_response.all_requests.llc_miss.any_response,54985640,100.00,,
     1.102123480,2426144,,offcore_response.all_requests.llc_hit.any_response,24731392,100.00,,
     1.102123480,202,,offcore_response.all_requests.llc_miss.any_response,24751114,100.00,,
     1.202317010,9895647,,offcore_response.all_requests.llc_hit.any_response,83077067,100.00,,
     1.202317010,816,,offcore_response.all_requests.llc_miss.any_response,83065341,100.00,,
     1.302509037,6205763,,offcore_response.all_requests.llc_hit.any_response,52122953,100.00,,
     1.302509037,438,,offcore_response.all_requests.llc_miss.any_response,52114957,100.00,,
     1.402702509,2357857,,offcore_response.all_requests.llc_hit.any_response,24993626,100.00,,
     1.402702509,214,,offcore_response.all_requests.llc_miss.any_response,25013331,100.00,,
     1.502904502,9652407,,offcore_response.all_requests.llc_hit.any_response,83090435,100.00,,
     1.502904502,824,,offcore_response.all_requests.llc_miss.any_response,83081095,100.00,,
     1.603094721,5900328,,offcore_response.all_requests.llc_hit.any_response,50798676,100.00,,
     1.603094721,575,,offcore_response.all_requests.llc_miss.any_response,50788311,100.00,,
     1.703282062,<not counted>,,offcore_response.all_requests.llc_hit.any_response,0,100.00,,
     1.703282062,<not counted>,,offcore_response.all_requests.llc_miss.any_response,0,100.00,,
     1.803466511,2400647,,offcore_response.all_requests.llc_hit.any_response,24415497,100.00,,
     1.803466511,232,,offcore_response.all_requests.llc_miss.any_response,24435270,100.00,,
     1.903662072,9901948,,offcore_response.all_requests.llc_hit.any_response,83006923,100.00,,
     1.903662072,765,,offcore_response.all_requests.llc_miss.any_response,83006469,100.00,,
     2.003885422,9844621,,offcore_response.all_requests.llc_hit.any_response,83008015,100.00,,
     2.003885422,910,,offcore_response.all_requests.llc_miss.any_response,83008680,100.00,,
     2.104077580,5590410,,offcore_response.all_requests.llc_hit.any_response,46939377,100.00,,
     2.104077580,462,,offcore_response.all_requests.llc_miss.any_response,46919393,100.00,,
     2.204268931,2455375,,offcore_response.all_requests.llc_hit.any_response,24141613,100.00,,
     2.204268931,178,,offcore_response.all_requests.llc_miss.any_response,24146551,100.00,,
     2.304486938,9868969,,offcore_response.all_requests.llc_hit.any_response,83237413,100.00,,
     2.304486938,816,,offcore_response.all_requests.llc_miss.any_response,83249180,100.00,,
     2.404676319,5451535,,offcore_response.all_requests.llc_hit.any_response,45873950,100.00,,
     2.404676319,482,,offcore_response.all_requests.llc_miss.any_response,45857245,100.00,,
     2.504868187,2367046,,offcore_response.all_requests.llc_hit.any_response,24275604,100.00,,
     2.504868187,212,,offcore_response.all_requests.llc_miss.any_response,24281873,100.00,,
     2.605062317,9879115,,offcore_response.all_requests.llc_hit.any_response,83002077,100.00,,
     2.605062317,957,,offcore_response.all_requests.llc_miss.any_response,83015029,100.00,,
     2.705252188,5608379,,offcore_response.all_requests.llc_hit.any_response,47021184,100.00,,
     2.705252188,472,,offcore_response.all_requests.llc_miss.any_response,47001963,100.00,,
     2.805438768,<not counted>,,offcore_response.all_requests.llc_hit.any_response,0,100.00,,
     2.805438768,<not counted>,,offcore_response.all_requests.llc_miss.any_response,0,100.00,,
     2.905622995,2179222,,offcore_response.all_requests.llc_hit.any_response,23869480,100.00,,
     2.905622995,234,,offcore_response.all_requests.llc_miss.any_response,23889319,100.00,,
     3.005818286,9859828,,offcore_response.all_requests.llc_hit.any_response,82955603,100.00,,
     3.005818286,846,,offcore_response.all_requests.llc_miss.any_response,82955125,100.00,,
     3.106010556,9901927,,offcore_response.all_requests.llc_hit.any_response,83223000,100.00,,
     3.106010556,1071,,offcore_response.all_requests.llc_miss.any_response,83221324,100.00,,
     3.206199073,5303571,,offcore_response.all_requests.llc_hit.any_response,44632545,100.00,,
     3.206199073,506,,offcore_response.all_requests.llc_miss.any_response,44614860,100.00,,
     3.306387620,1619438,,offcore_response.all_requests.llc_hit.any_response,24302040,100.00,,
     3.306387620,131,,offcore_response.all_requests.llc_miss.any_response,24309142,100.00,,
     3.406581179,9899562,,offcore_response.all_requests.llc_hit.any_response,83129378,100.00,,
     3.406581179,729,,offcore_response.all_requests.llc_miss.any_response,83141540,100.00,,
     3.506770239,5465949,,offcore_response.all_requests.llc_hit.any_response,46051510,100.00,,
     3.506770239,471,,offcore_response.all_requests.llc_miss.any_response,46032246,100.00,,
     3.606959084,2273219,,offcore_response.all_requests.llc_hit.any_response,24083189,100.00,,
     3.606959084,144,,offcore_response.all_requests.llc_miss.any_response,24088750,100.00,,
     3.707151665,9676399,,offcore_response.all_requests.llc_hit.any_response,82938827,100.00,,
     3.707151665,817,,offcore_response.all_requests.llc_miss.any_response,82938305,100.00,,
     3.807341122,5056947,,offcore_response.all_requests.llc_hit.any_response,43506673,100.00,,
     3.807341122,472,,offcore_response.all_requests.llc_miss.any_response,43501634,100.00,,
     3.907526551,<not counted>,,offcore_response.all_requests.llc_hit.any_response,0,100.00,,
     3.907526551,<not counted>,,offcore_response.all_requests.llc_miss.any_response,0,100.00,,
     4.007709479,2520017,,offcore_response.all_requests.llc_hit.any_response,25975906,100.00,,
     4.007709479,148,,offcore_response.all_requests.llc_miss.any_response,25995952,100.00,,
     4.107904446,9664077,,offcore_response.all_requests.llc_hit.any_response,83057967,100.00,,
     4.107904446,546,,offcore_response.all_requests.llc_miss.any_response,83057115,100.00,,
     4.208096899,9603673,,offcore_response.all_requests.llc_hit.any_response,82975578,100.00,,
     4.208096899,679,,offcore_response.all_requests.llc_miss.any_response,82976370,100.00,,
     4.308288458,4867794,,offcore_response.all_requests.llc_hit.any_response,42117699,100.00,,
     4.308288458,419,,offcore_response.all_requests.llc_miss.any_response,42097713,100.00,,
     4.408475476,2439418,,offcore_response.all_requests.llc_hit.any_response,26184320,100.00,,
     4.408475476,163,,offcore_response.all_requests.llc_miss.any_response,26203985,100.00,,
     4.508687913,9630025,,offcore_response.all_requests.llc_hit.any_response,83008483,100.00,,
     4.508687913,531,,offcore_response.all_requests.llc_miss.any_response,83008078,100.00,,
     4.608878062,5196531,,offcore_response.all_requests.llc_hit.any_response,44800569,100.00,,
     4.608878062,418,,offcore_response.all_requests.llc_miss.any_response,44781309,100.00,,
     4.709069300,2530463,,offcore_response.all_requests.llc_hit.any_response,25434656,100.00,,
     4.709069300,187,,offcore_response.all_requests.llc_miss.any_response,25454277,100.00,,
     4.809265653,9814450,,offcore_response.all_requests.llc_hit.any_response,82977161,100.00,,
     4.809265653,686,,offcore_response.all_requests.llc_miss.any_response,82976831,100.00,,
     4.909457510,5541903,,offcore_response.all_requests.llc_hit.any_response,46713583,100.00,,
     4.909457510,459,,offcore_response.all_requests.llc_miss.any_response,46694292,100.00,,
     5.009641898,<not counted>,,offcore_response.all_requests.llc_hit.any_response,0,100.00,,
     5.009641898,<not counted>,,offcore_response.all_requests.llc_miss.any_response,0,100.00,,
     5.109825985,2217291,,offcore_response.all_requests.llc_hit.any_response,25569300,100.00,,
     5.109825985,152,,offcore_response.all_requests.llc_miss.any_response,25589120,100.00,,
     5.210019464,9899913,,offcore_response.all_requests.llc_hit.any_response,82846780,100.00,,
     5.210019464,754,,offcore_response.all_requests.llc_miss.any_response,82846198,100.00,,
     5.310210639,9834792,,offcore_response.all_requests.llc_hit.any_response,82969718,100.00,,
     5.310210639,731,,offcore_response.all_requests.llc_miss.any_response,82965485,100.00,,
     5.410398355,5140618,,offcore_response.all_requests.llc_hit.any_response,43247937,100.00,,
     5.410398355,406,,offcore_response.all_requests.llc_miss.any_response,43232932,100.00,,
     5.510585681,2426018,,offcore_response.all_requests.llc_hit.any_response,25117739,100.00,,
     5.510585681,239,,offcore_response.all_requests.llc_miss.any_response,25120255,100.00,,
     5.610776926,9832051,,offcore_response.all_requests.llc_hit.any_response,82874412,100.00,,
     5.610776926,759,,offcore_response.all_requests.llc_miss.any_response,82882294,100.00,,
     5.710967887,5294972,,offcore_response.all_requests.llc_hit.any_response,44732848,100.00,,
     5.710967887,396,,offcore_response.all_requests.llc_miss.any_response,44722450,100.00,,
     5.811155752,2411756,,offcore_response.all_requests.llc_hit.any_response,25971119,100.00,,
     5.811155752,189,,offcore_response.all_requests.llc_miss.any_response,25990669,100.00,,
     5.911349582,9630575,,offcore_response.all_requests.llc_hit.any_response,82980085,100.00,,
     5.911349582,790,,offcore_response.all_requests.llc_miss.any_response,82979684,100.00,,
     6.011537817,5244668,,offcore_response.all_requests.llc_hit.any_response,45372959,100.00,,
     6.011537817,447,,offcore_response.all_requests.llc_miss.any_response,45353810,100.00,,
     6.111725747,<not counted>,,offcore_response.all_requests.llc_hit.any_response,0,100.00,,
     6.111725747,<not counted>,,offcore_response.all_requests.llc_miss.any_response,0,100.00,,
     6.211908030,2409069,,offcore_response.all_requests.llc_hit.any_response,25081598,100.00,,
     6.211908030,267,,offcore_response.all_requests.llc_miss.any_response,25090257,100.00,,
     6.312100415,9848981,,offcore_response.all_requests.llc_hit.any_response,82802921,100.00,,
     6.312100415,768,,offcore_response.all_requests.llc_miss.any_response,82807772,100.00,,
     6.412290781,9913050,,offcore_response.all_requests.llc_hit.any_response,83109437,100.00,,
     6.412290781,766,,offcore_response.all_requests.llc_miss.any_response,83115290,100.00,,
     6.512484480,5310898,,offcore_response.all_requests.llc_hit.any_response,44733663,100.00,,
     6.512484480,445,,offcore_response.all_requests.llc_miss.any_response,44714300,100.00,,
     6.612675324,2344470,,offcore_response.all_requests.llc_hit.any_response,24749455,100.00,,
     6.612675324,286,,offcore_response.all_requests.llc_miss.any_response,24769181,100.00,,
     6.712893642,9927246,,offcore_response.all_requests.llc_hit.any_response,83066904,100.00,,
     6.712893642,634,,offcore_response.all_requests.llc_miss.any_response,83066615,100.00,,
     6.813084191,5360283,,offcore_response.all_requests.llc_hit.any_response,44921415,100.00,,
     6.813084191,320,,offcore_response.all_requests.llc_miss.any_response,44901978,100.00,,
     6.913271812,2398499,,offcore_response.all_requests.llc_hit.any_response,25338737,100.00,,
     6.913271812,143,,offcore_response.all_requests.llc_miss.any_response,25358554,100.00,,
     7.013465950,9870076,,offcore_response.all_requests.llc_hit.any_response,83174789,100.00,,
     7.013465950,550,,offcore_response.all_requests.llc_miss.any_response,83174139,100.00,,
     7.113656533,5011904,,offcore_response.all_requests.llc_hit.any_response,42295861,100.00,,
     7.113656533,254,,offcore_response.all_requests.llc_miss.any_response,42276694,100.00,,
     7.213844494,<not counted>,,offcore_response.all_requests.llc_hit.any_response,0,100.00,,
     7.213844494,<not counted>,,offcore_response.all_requests.llc_miss.any_response,0,100.00,,
     7.314030787,2500154,,offcore_response.all_requests.llc_hit.any_response,26115965,100.00,,
     7.314030787,209,,offcore_response.all_requests.llc_miss.any_response,26121708,100.00,,
     7.414223779,9873965,,offcore_response.all_requests.llc_hit.any_response,83168158,100.00,,
     7.414223779,794,,offcore_response.all_requests.llc_miss.any_response,83177288,100.00,,
     7.514417288,9841459,,offcore_response.all_requests.llc_hit.any_response,83134233,100.00,,
     7.514417288,570,,offcore_response.all_requests.llc_miss.any_response,83129895,100.00,,
     7.614604741,4913422,,offcore_response.all_requests.llc_hit.any_response,41382400,100.00,,
     7.614604741,463,,offcore_response.all_requests.llc_miss.any_response,41371865,100.00,,
     7.714793446,2637516,,offcore_response.all_requests.llc_hit.any_response,26507921,100.00,,
     7.714793446,205,,offcore_response.all_requests.llc_miss.any_response,26513318,100.00,,
     7.814987307,9832177,,offcore_response.all_requests.llc_hit.any_response,83078660,100.00,,
     7.814987307,813,,offcore_response.all_requests.llc_miss.any_response,83092586,100.00,,
     7.915178270,5278530,,offcore_response.all_requests.llc_hit.any_response,44496205,100.00,,
     7.915178270,457,,offcore_response.all_requests.llc_miss.any_response,44476882,100.00,,
     8.015366375,2568197,,offcore_response.all_requests.llc_hit.any_response,26400400,100.00,,
     8.015366375,210,,offcore_response.all_requests.llc_miss.any_response,26415507,100.00,,
     8.115557769,9829084,,offcore_response.all_requests.llc_hit.any_response,82982297,100.00,,
     8.115557769,691,,offcore_response.all_requests.llc_miss.any_response,82983869,100.00,,
     8.215747501,5052917,,offcore_response.all_requests.llc_hit.any_response,42568140,100.00,,
     8.215747501,435,,offcore_response.all_requests.llc_miss.any_response,42551461,100.00,,
     8.315932532,<not counted>,,offcore_response.all_requests.llc_hit.any_response,0,100.00,,
     8.315932532,<not counted>,,offcore_response.all_requests.llc_miss.any_response,0,100.00,,
     8.416115366,2719575,,offcore_response.all_requests.llc_hit.any_response,27805634,100.00,,
     8.416115366,227,,offcore_response.all_requests.llc_miss.any_response,27825183,100.00,,
     8.516309378,9885196,,offcore_response.all_requests.llc_hit.any_response,82887382,100.00,,
     8.516309378,876,,offcore_response.all_requests.llc_miss.any_response,82886200,100.00,,
     8.616498598,9858014,,offcore_response.all_requests.llc_hit.any_response,82982407,100.00,,
     8.616498598,731,,offcore_response.all_requests.llc_miss.any_response,82982665,100.00,,
     8.716689636,4542671,,offcore_response.all_requests.llc_hit.any_response,38221652,100.00,,
     8.716689636,318,,offcore_response.all_requests.llc_miss.any_response,38203027,100.00,,
     8.816877242,3000710,,offcore_response.all_requests.llc_hit.any_response,29617805,100.00,,
     8.816877242,266,,offcore_response.all_requests.llc_miss.any_response,29637598,100.00,,
     8.917088511,9823792,,offcore_response.all_requests.llc_hit.any_response,82774039,100.00,,
     8.917088511,800,,offcore_response.all_requests.llc_miss.any_response,82773322,100.00,,
     9.017278930,4902644,,offcore_response.all_requests.llc_hit.any_response,41331780,100.00,,
     9.017278930,360,,offcore_response.all_requests.llc_miss.any_response,41312704,100.00,,
     9.117465764,2947927,,offcore_response.all_requests.llc_hit.any_response,29124108,100.00,,
     9.117465764,274,,offcore_response.all_requests.llc_miss.any_response,29128511,100.00,,
     9.217657189,9820929,,offcore_response.all_requests.llc_hit.any_response,82930630,100.00,,
     9.217657189,1073,,offcore_response.all_requests.llc_miss.any_response,82945298,100.00,,
     9.317845527,4888055,,offcore_response.all_requests.llc_hit.any_response,41020355,100.00,,
     9.317845527,465,,offcore_response.all_requests.llc_miss.any_response,41001284,100.00,,
     9.418035759,<not counted>,,offcore_response.all_requests.llc_hit.any_response,0,100.00,,
     9.418035759,<not counted>,,offcore_response.all_requests.llc_miss.any_response,0,100.00,,
     9.518219682,2825842,,offcore_response.all_requests.llc_hit.any_response,29258524,100.00,,
     9.518219682,292,,offcore_response.all_requests.llc_miss.any_response,29279437,100.00,,
     9.618418137,9872554,,offcore_response.all_requests.llc_hit.any_response,82880249,100.00,,
     9.618418137,853,,offcore_response.all_requests.llc_miss.any_response,82878651,100.00,,
     9.718611587,9853159,,offcore_response.all_requests.llc_hit.any_response,82881842,100.00,,
     9.718611587,733,,offcore_response.all_requests.llc_miss.any_response,82882028,100.00,,
     9.818805869,4599610,,offcore_response.all_requests.llc_hit.any_response,38621755,100.00,,
     9.818805869,343,,offcore_response.all_requests.llc_miss.any_response,38602254,100.00,,
     9.918994887,2974275,,offcore_response.all_requests.llc_hit.any_response,29548473,100.00,,
     9.918994887,285,,offcore_response.all_requests.llc_miss.any_response,29568160,100.00,,
    10.019187999,9900669,,offcore_response.all_requests.llc_hit.any_response,82988360,100.00,,
    10.019187999,709,,offcore_response.all_requests.llc_miss.any_response,82988048,100.00,,
    10.119378529,4651769,,offcore_response.all_requests.llc_hit.any_response,39102574,100.00,,
    10.119378529,422,,offcore_response.all_requests.llc_miss.any_response,39083199,100.00,,
    10.219568058,2992616,,offcore_response.all_requests.llc_hit.any_response,29490587,100.00,,
    10.219568058,241,,offcore_response.all_requests.llc_miss.any_response,29500769,100.00,,
    10.319761170,9650538,,offcore_response.all_requests.llc_hit.any_response,83147312,100.00,,
    10.319761170,734,,offcore_response.all_requests.llc_miss.any_response,83156359,100.00,,
    10.419951620,4830818,,offcore_response.all_requests.llc_hit.any_response,41560505,100.00,,
    10.419951620,391,,offcore_response.all_requests.llc_miss.any_response,41541276,100.00,,
    10.520137484,<not counted>,,offcore_response.all_requests.llc_hit.any_response,0,100.00,,
    10.520137484,<not counted>,,offcore_response.all_requests.llc_miss.any_response,0,100.00,,
    10.620321589,2789750,,offcore_response.all_requests.llc_hit.any_response,29491258,100.00,,
    10.620321589,231,,offcore_response.all_requests.llc_miss.any_response,29511168,100.00,,
    10.720514063,9695641,,offcore_response.all_requests.llc_hit.any_response,82968712,100.00,,
    10.720514063,836,,offcore_response.all_requests.llc_miss.any_response,82956669,100.00,,
    10.820704522,9618384,,offcore_response.all_requests.llc_hit.any_response,82936631,100.00,,
    10.820704522,633,,offcore_response.all_requests.llc_miss.any_response,82948822,100.00,,
    10.920893595,4735100,,offcore_response.all_requests.llc_hit.any_response,40738011,100.00,,
    10.920893595,370,,offcore_response.all_requests.llc_miss.any_response,40717953,100.00,,
    11.021080940,3001451,,offcore_response.all_requests.llc_hit.any_response,28872018,100.00,,
    11.021080940,223,,offcore_response.all_requests.llc_miss.any_response,28891612,100.00,,
