# started on Tue May  2 15:39:08 2023

     0.100119998,64294350,,inst_retired.any,52872982,100.00,140.2,IpMispredict
     0.100119998,458548,,br_misp_retired.all_branches,52872982,100.00,,
     0.200314689,64411377,,inst_retired.any,52454794,100.00,141.9,IpMispredict
     0.200314689,449219,,br_misp_retired.all_branches,52454794,100.00,,
     0.300467603,63849528,,inst_retired.any,52329315,100.00,141.6,IpMispredict
     0.300467603,445370,,br_misp_retired.all_branches,52329315,100.00,,
     0.400650018,64213336,,inst_retired.any,52542536,100.00,142.4,IpMispredict
     0.400650018,450809,,br_misp_retired.all_branches,52542536,100.00,,
     0.500835796,64273326,,inst_retired.any,52433855,100.00,142.8,IpMispredict
     0.500835796,446081,,br_misp_retired.all_branches,52433855,100.00,,
     0.601028238,64349565,,inst_retired.any,52752018,100.00,143.1,IpMispredict
     0.601028238,447239,,br_misp_retired.all_branches,52752018,100.00,,
     0.701217238,64060131,,inst_retired.any,52368757,100.00,142.7,IpMispredict
     0.701217238,445751,,br_misp_retired.all_branches,52368757,100.00,,
     0.801404921,54631206,,inst_retired.any,44559013,100.00,124.0,IpMispredict
     0.801404921,382558,,br_misp_retired.all_branches,44559013,100.00,,
     0.901589308,4223722,,inst_retired.any,7484000,100.00,10.6,IpMispredict
     0.901589308,49410,,br_misp_retired.all_branches,7484000,100.00,,
     1.001782881,101009089,,inst_retired.any,82873894,100.00,235.4,IpMispredict
     1.001782881,716305,,br_misp_retired.all_branches,82873894,100.00,,
     1.101969913,89120863,,inst_retired.any,72755720,100.00,199.6,IpMispredict
     1.101969913,619826,,br_misp_retired.all_branches,72755720,100.00,,
     1.202154082,4067438,,inst_retired.any,7058793,100.00,9.9,IpMispredict
     1.202154082,43604,,br_misp_retired.all_branches,7058793,100.00,,
     1.302345712,101527428,,inst_retired.any,83284128,100.00,232.8,IpMispredict
     1.302345712,713937,,br_misp_retired.all_branches,83284128,100.00,,
     1.402535019,87510850,,inst_retired.any,71153798,100.00,195.2,IpMispredict
     1.402535019,608594,,br_misp_retired.all_branches,71153798,100.00,,
     1.502720587,4203532,,inst_retired.any,7410993,100.00,10.0,IpMispredict
     1.502720587,48046,,br_misp_retired.all_branches,7410993,100.00,,
     1.602911141,99516156,,inst_retired.any,82902408,100.00,226.8,IpMispredict
     1.602911141,696723,,br_misp_retired.all_branches,82902408,100.00,,
     1.703098841,83760614,,inst_retired.any,68309574,100.00,187.3,IpMispredict
     1.703098841,581439,,br_misp_retired.all_branches,68309574,100.00,,
     1.803286329,<not counted>,,inst_retired.any,0,100.00,,
     1.803286329,<not counted>,,br_misp_retired.all_branches,0,100.00,,
     1.903455847,4132161,,inst_retired.any,7305770,100.00,10.3,IpMispredict
     1.903455847,47681,,br_misp_retired.all_branches,7305770,100.00,,
     2.003664542,100694421,,inst_retired.any,82747920,100.00,240.9,IpMispredict
     2.003664542,708782,,br_misp_retired.all_branches,82747920,100.00,,
     2.103863368,101375400,,inst_retired.any,83196843,100.00,234.8,IpMispredict
     2.103863368,706854,,br_misp_retired.all_branches,83196843,100.00,,
     2.204047527,79218963,,inst_retired.any,64476624,100.00,181.2,IpMispredict
     2.204047527,550439,,br_misp_retired.all_branches,64476624,100.00,,
     2.304232340,4275717,,inst_retired.any,7578535,100.00,10.2,IpMispredict
     2.304232340,50524,,br_misp_retired.all_branches,7578535,100.00,,
     2.404425914,100680675,,inst_retired.any,82912054,100.00,232.9,IpMispredict
     2.404425914,706454,,br_misp_retired.all_branches,82912054,100.00,,
     2.504613448,76443317,,inst_retired.any,62083127,100.00,175.3,IpMispredict
     2.504613448,529050,,br_misp_retired.all_branches,62083127,100.00,,
     2.604799601,5808762,,inst_retired.any,8122478,100.00,13.8,IpMispredict
     2.604799601,56481,,br_misp_retired.all_branches,8122478,100.00,,
     2.704991010,100923812,,inst_retired.any,83154200,100.00,233.6,IpMispredict
     2.704991010,707069,,br_misp_retired.all_branches,83154200,100.00,,
     2.805177759,77432934,,inst_retired.any,63091808,100.00,177.7,IpMispredict
     2.805177759,537386,,br_misp_retired.all_branches,63091808,100.00,,
     2.905379491,<not counted>,,inst_retired.any,0,100.00,,
     2.905379491,<not counted>,,br_misp_retired.all_branches,0,100.00,,
     3.005549052,4263027,,inst_retired.any,7773727,100.00,10.4,IpMispredict
     3.005549052,56484,,br_misp_retired.all_branches,7773727,100.00,,
     3.105742312,99648356,,inst_retired.any,83211418,100.00,238.4,IpMispredict
     3.105742312,696157,,br_misp_retired.all_branches,83211418,100.00,,
     3.205929639,101383413,,inst_retired.any,83196740,100.00,237.6,IpMispredict
     3.205929639,698372,,br_misp_retired.all_branches,83196740,100.00,,
     3.306116293,76215655,,inst_retired.any,62047690,100.00,177.3,IpMispredict
     3.306116293,527895,,br_misp_retired.all_branches,62047690,100.00,,
     3.406299904,5489138,,inst_retired.any,7955015,100.00,13.1,IpMispredict
     3.406299904,60663,,br_misp_retired.all_branches,7955015,100.00,,
     3.506491250,101163397,,inst_retired.any,82580167,100.00,236.8,IpMispredict
     3.506491250,708640,,br_misp_retired.all_branches,82580167,100.00,,
     3.606677203,75795358,,inst_retired.any,62032674,100.00,176.3,IpMispredict
     3.606677203,527313,,br_misp_retired.all_branches,62032674,100.00,,
     3.706860804,4499853,,inst_retired.any,7876613,100.00,10.7,IpMispredict
     3.706860804,48906,,br_misp_retired.all_branches,7876613,100.00,,
     3.807053332,103156179,,inst_retired.any,83578733,100.00,241.0,IpMispredict
     3.807053332,733360,,br_misp_retired.all_branches,83578733,100.00,,
     3.907239602,76592980,,inst_retired.any,62538694,100.00,177.9,IpMispredict
     3.907239602,531693,,br_misp_retired.all_branches,62538694,100.00,,
     4.007424085,<not counted>,,inst_retired.any,0,100.00,,
     4.007424085,<not counted>,,br_misp_retired.all_branches,0,100.00,,
     4.107620206,4911411,,inst_retired.any,8023133,100.00,12.0,IpMispredict
     4.107620206,50721,,br_misp_retired.all_branches,8023133,100.00,,
     4.207813433,100602944,,inst_retired.any,82775566,100.00,240.8,IpMispredict
     4.207813433,705242,,br_misp_retired.all_branches,82775566,100.00,,
     4.308002691,102094531,,inst_retired.any,83269233,100.00,240.5,IpMispredict
     4.308002691,706938,,br_misp_retired.all_branches,83269233,100.00,,
     4.408191560,75811073,,inst_retired.any,61852202,100.00,177.6,IpMispredict
     4.408191560,524414,,br_misp_retired.all_branches,61852202,100.00,,
     4.508377540,4442664,,inst_retired.any,7934564,100.00,10.6,IpMispredict
     4.508377540,53369,,br_misp_retired.all_branches,7934564,100.00,,
     4.608566356,99550101,,inst_retired.any,83062486,100.00,234.5,IpMispredict
     4.608566356,690762,,br_misp_retired.all_branches,83062486,100.00,,
     4.708754333,76487233,,inst_retired.any,62257231,100.00,179.3,IpMispredict
     4.708754333,526410,,br_misp_retired.all_branches,62257231,100.00,,
     4.808943261,4459129,,inst_retired.any,7921940,100.00,10.6,IpMispredict
     4.808943261,53797,,br_misp_retired.all_branches,7921940,100.00,,
     4.909136752,100702935,,inst_retired.any,82800946,100.00,237.2,IpMispredict
     4.909136752,700811,,br_misp_retired.all_branches,82800946,100.00,,
     5.009328953,75601048,,inst_retired.any,61595497,100.00,177.2,IpMispredict
     5.009328953,520761,,br_misp_retired.all_branches,61595497,100.00,,
     5.109512132,<not counted>,,inst_retired.any,0,100.00,,
     5.109512132,<not counted>,,br_misp_retired.all_branches,0,100.00,,
     5.209681673,4433897,,inst_retired.any,7798974,100.00,10.8,IpMispredict
     5.209681673,50239,,br_misp_retired.all_branches,7798974,100.00,,
     5.309869157,102077465,,inst_retired.any,83100644,100.00,244.9,IpMispredict
     5.309869157,713174,,br_misp_retired.all_branches,83100644,100.00,,
     5.410059052,101854523,,inst_retired.any,83232793,100.00,241.3,IpMispredict
     5.410059052,706187,,br_misp_retired.all_branches,83232793,100.00,,
     5.510246401,76591147,,inst_retired.any,62356852,100.00,180.6,IpMispredict
     5.510246401,530051,,br_misp_retired.all_branches,62356852,100.00,,
     5.610449417,5517611,,inst_retired.any,7808339,100.00,13.2,IpMispredict
     5.610449417,60514,,br_misp_retired.all_branches,7808339,100.00,,
     5.710641257,101662487,,inst_retired.any,82913980,100.00,240.5,IpMispredict
     5.710641257,706310,,br_misp_retired.all_branches,82913980,100.00,,
     5.810826898,76831672,,inst_retired.any,62503003,100.00,181.0,IpMispredict
     5.810826898,529681,,br_misp_retired.all_branches,62503003,100.00,,
     5.911011806,4386348,,inst_retired.any,7596225,100.00,10.5,IpMispredict
     5.911011806,45866,,br_misp_retired.all_branches,7596225,100.00,,
     6.011199332,101819434,,inst_retired.any,82923194,100.00,240.7,IpMispredict
     6.011199332,715178,,br_misp_retired.all_branches,82923194,100.00,,
     6.111385799,74485880,,inst_retired.any,60437142,100.00,175.4,IpMispredict
     6.111385799,517691,,br_misp_retired.all_branches,60437142,100.00,,
     6.211569477,<not counted>,,inst_retired.any,0,100.00,,
     6.211569477,<not counted>,,br_misp_retired.all_branches,0,100.00,,
     6.311755121,5061948,,inst_retired.any,8913024,100.00,12.3,IpMispredict
     6.311755121,57366,,br_misp_retired.all_branches,8913024,100.00,,
     6.411950880,102388675,,inst_retired.any,83032251,100.00,245.6,IpMispredict
     6.411950880,719906,,br_misp_retired.all_branches,83032251,100.00,,
     6.512145997,102301202,,inst_retired.any,83336848,100.00,242.8,IpMispredict
     6.512145997,711743,,br_misp_retired.all_branches,83336848,100.00,,
     6.612333724,76670589,,inst_retired.any,62320557,100.00,181.2,IpMispredict
     6.612333724,530702,,br_misp_retired.all_branches,62320557,100.00,,
     6.712521203,5357848,,inst_retired.any,8813658,100.00,12.8,IpMispredict
     6.712521203,53237,,br_misp_retired.all_branches,8813658,100.00,,
     6.812711279,102144121,,inst_retired.any,82862728,100.00,242.1,IpMispredict
     6.812711279,714539,,br_misp_retired.all_branches,82862728,100.00,,
     6.912897880,76360730,,inst_retired.any,62419454,100.00,180.3,IpMispredict
     6.912897880,532677,,br_misp_retired.all_branches,62419454,100.00,,
     7.013081768,5226866,,inst_retired.any,8873244,100.00,12.5,IpMispredict
     7.013081768,48527,,br_misp_retired.all_branches,8873244,100.00,,
     7.113273753,101661823,,inst_retired.any,83006512,100.00,240.7,IpMispredict
     7.113273753,710966,,br_misp_retired.all_branches,83006512,100.00,,
     7.213460220,74690834,,inst_retired.any,60904089,100.00,176.3,IpMispredict
     7.213460220,518354,,br_misp_retired.all_branches,60904089,100.00,,
     7.313644926,<not counted>,,inst_retired.any,0,100.00,,
     7.313644926,<not counted>,,br_misp_retired.all_branches,0,100.00,,
     7.413816127,4817503,,inst_retired.any,8452632,100.00,11.7,IpMispredict
     7.413816127,54151,,br_misp_retired.all_branches,8452632,100.00,,
     7.514007689,102058303,,inst_retired.any,82904368,100.00,244.8,IpMispredict
     7.514007689,715000,,br_misp_retired.all_branches,82904368,100.00,,
     7.614194892,101482647,,inst_retired.any,83060965,100.00,241.2,IpMispredict
     7.614194892,706551,,br_misp_retired.all_branches,83060965,100.00,,
     7.714383013,75755696,,inst_retired.any,61549605,100.00,179.5,IpMispredict
     7.714383013,526815,,br_misp_retired.all_branches,61549605,100.00,,
     7.814567526,5228037,,inst_retired.any,9136096,100.00,12.5,IpMispredict
     7.814567526,58036,,br_misp_retired.all_branches,9136096,100.00,,
     7.914759082,102375262,,inst_retired.any,83003701,100.00,243.1,IpMispredict
     7.914759082,714062,,br_misp_retired.all_branches,83003701,100.00,,
     8.014946932,75496962,,inst_retired.any,61496183,100.00,178.7,IpMispredict
     8.014946932,522180,,br_misp_retired.all_branches,61496183,100.00,,
     8.115136621,4910345,,inst_retired.any,8562226,100.00,11.7,IpMispredict
     8.115136621,54882,,br_misp_retired.all_branches,8562226,100.00,,
     8.215334689,102082750,,inst_retired.any,83087350,100.00,242.1,IpMispredict
     8.215334689,718286,,br_misp_retired.all_branches,83087350,100.00,,
     8.315520928,74091796,,inst_retired.any,60299238,100.00,175.3,IpMispredict
     8.315520928,513722,,br_misp_retired.all_branches,60299238,100.00,,
     8.415755284,<not counted>,,inst_retired.any,0,100.00,,
     8.415755284,<not counted>,,br_misp_retired.all_branches,0,100.00,,
     8.515925687,5956380,,inst_retired.any,10227346,100.00,14.4,IpMispredict
     8.515925687,59895,,br_misp_retired.all_branches,10227346,100.00,,
     8.616117431,101743595,,inst_retired.any,82999210,100.00,244.0,IpMispredict
     8.616117431,711838,,br_misp_retired.all_branches,82999210,100.00,,
     8.716309427,102048278,,inst_retired.any,83228203,100.00,242.8,IpMispredict
     8.716309427,708603,,br_misp_retired.all_branches,83228203,100.00,,
     8.816493332,72906913,,inst_retired.any,59556786,100.00,173.1,IpMispredict
     8.816493332,504324,,br_misp_retired.all_branches,59556786,100.00,,
     8.916682342,6833058,,inst_retired.any,10506164,100.00,16.4,IpMispredict
     8.916682342,70002,,br_misp_retired.all_branches,10506164,100.00,,
     9.016875198,102756446,,inst_retired.any,83173533,100.00,244.3,IpMispredict
     9.016875198,719892,,br_misp_retired.all_branches,83173533,100.00,,
     9.117064729,72983909,,inst_retired.any,59585086,100.00,173.1,IpMispredict
     9.117064729,502989,,br_misp_retired.all_branches,59585086,100.00,,
     9.217250921,6769879,,inst_retired.any,9976061,100.00,16.2,IpMispredict
     9.217250921,65044,,br_misp_retired.all_branches,9976061,100.00,,
     9.317441067,102619567,,inst_retired.any,83445823,100.00,243.8,IpMispredict
     9.317441067,719153,,br_misp_retired.all_branches,83445823,100.00,,
     9.417625861,73744700,,inst_retired.any,60110670,100.00,174.8,IpMispredict
     9.417625861,514069,,br_misp_retired.all_branches,60110670,100.00,,
     9.517810945,<not counted>,,inst_retired.any,0,100.00,,
     9.517810945,<not counted>,,br_misp_retired.all_branches,0,100.00,,
     9.617984726,7342953,,inst_retired.any,10641103,100.00,17.7,IpMispredict
     9.617984726,70833,,br_misp_retired.all_branches,10641103,100.00,,
     9.718176626,102802300,,inst_retired.any,83337622,100.00,246.5,IpMispredict
     9.718176626,718250,,br_misp_retired.all_branches,83337622,100.00,,
     9.818365325,101520493,,inst_retired.any,82883952,100.00,241.8,IpMispredict
     9.818365325,701773,,br_misp_retired.all_branches,82883952,100.00,,
     9.918554700,71213860,,inst_retired.any,57914797,100.00,169.3,IpMispredict
     9.918554700,489665,,br_misp_retired.all_branches,57914797,100.00,,
    10.018746710,8539154,,inst_retired.any,10480880,100.00,20.5,IpMispredict
    10.018746710,74150,,br_misp_retired.all_branches,10480880,100.00,,
    10.118942492,102564796,,inst_retired.any,83286182,100.00,244.1,IpMispredict
    10.118942492,717654,,br_misp_retired.all_branches,83286182,100.00,,
    10.219130703,73179880,,inst_retired.any,59609018,100.00,173.8,IpMispredict
    10.219130703,506852,,br_misp_retired.all_branches,59609018,100.00,,
    10.319317660,6874636,,inst_retired.any,10045241,100.00,16.5,IpMispredict
    10.319317660,65608,,br_misp_retired.all_branches,10045241,100.00,,
    10.419509357,103139284,,inst_retired.any,83161073,100.00,245.3,IpMispredict
    10.419509357,725559,,br_misp_retired.all_branches,83161073,100.00,,
    10.519726822,72463297,,inst_retired.any,59140329,100.00,172.0,IpMispredict
    10.519726822,504679,,br_misp_retired.all_branches,59140329,100.00,,
    10.619909714,<not counted>,,inst_retired.any,0,100.00,,
    10.619909714,<not counted>,,br_misp_retired.all_branches,0,100.00,,
    10.720090525,6333068,,inst_retired.any,10602537,100.00,15.3,IpMispredict
    10.720090525,64680,,br_misp_retired.all_branches,10602537,100.00,,
    10.820278371,102437801,,inst_retired.any,83122157,100.00,245.8,IpMispredict
    10.820278371,719264,,br_misp_retired.all_branches,83122157,100.00,,
    10.920471321,102310752,,inst_retired.any,83357071,100.00,243.9,IpMispredict
    10.920471321,711513,,br_misp_retired.all_branches,83357071,100.00,,
    11.020661102,72189169,,inst_retired.any,58636548,100.00,171.8,IpMispredict
    11.020661102,501161,,br_misp_retired.all_branches,58636548,100.00,,
