# started on Tue May  2 15:39:21 2023

     0.100152105,96464257,,inst_retired.any,78849077,100.00,143.0,IpMispredict
     0.100152105,674374,,br_misp_retired.all_branches,78849077,100.00,,
     0.200405288,96434244,,inst_retired.any,78942220,100.00,143.0,IpMispredict
     0.200405288,674075,,br_misp_retired.all_branches,78942220,100.00,,
     0.300593358,95889859,,inst_retired.any,78504765,100.00,142.5,IpMispredict
     0.300593358,670341,,br_misp_retired.all_branches,78504765,100.00,,
     0.400780360,96255573,,inst_retired.any,78811993,100.00,142.8,IpMispredict
     0.400780360,677216,,br_misp_retired.all_branches,78811993,100.00,,
     0.500969143,48428222,,inst_retired.any,39519335,100.00,79.7,IpMispredict
     0.500969143,342202,,br_misp_retired.all_branches,39519335,100.00,,
     0.601155429,<not counted>,,inst_retired.any,0,100.00,,
     0.601155429,<not counted>,,br_misp_retired.all_branches,0,100.00,,
     0.701324622,<not counted>,,inst_retired.any,0,100.00,,
     0.701324622,<not counted>,,br_misp_retired.all_branches,0,100.00,,
     0.801496111,<not counted>,,inst_retired.any,0,100.00,,
     0.801496111,<not counted>,,br_misp_retired.all_branches,0,100.00,,
     0.901668197,28829028,,inst_retired.any,27828676,100.00,79.5,IpMispredict
     0.901668197,224163,,br_misp_retired.all_branches,27828676,100.00,,
     1.001858296,102720217,,inst_retired.any,83435643,100.00,258.2,IpMispredict
     1.001858296,715866,,br_misp_retired.all_branches,83435643,100.00,,
     1.102048869,102803511,,inst_retired.any,83527621,100.00,240.9,IpMispredict
     1.102048869,716308,,br_misp_retired.all_branches,83527621,100.00,,
     1.202239386,102648932,,inst_retired.any,83345716,100.00,227.8,IpMispredict
     1.202239386,712081,,br_misp_retired.all_branches,83345716,100.00,,
     1.302427883,103150109,,inst_retired.any,83567750,100.00,219.1,IpMispredict
     1.302427883,712497,,br_misp_retired.all_branches,83567750,100.00,,
     1.402614934,103056585,,inst_retired.any,83514453,100.00,211.1,IpMispredict
     1.402614934,713947,,br_misp_retired.all_branches,83514453,100.00,,
     1.502804609,103180370,,inst_retired.any,83418075,100.00,205.1,IpMispredict
     1.502804609,714552,,br_misp_retired.all_branches,83418075,100.00,,
     1.602991157,40772367,,inst_retired.any,32876001,100.00,83.3,IpMispredict
     1.602991157,280620,,br_misp_retired.all_branches,32876001,100.00,,
     1.703176702,<not counted>,,inst_retired.any,0,100.00,,
     1.703176702,<not counted>,,br_misp_retired.all_branches,0,100.00,,
     1.803353032,<not counted>,,inst_retired.any,0,100.00,,
     1.803353032,<not counted>,,br_misp_retired.all_branches,0,100.00,,
     1.903526208,<not counted>,,inst_retired.any,0,100.00,,
     1.903526208,<not counted>,,br_misp_retired.all_branches,0,100.00,,
     2.003697209,34898883,,inst_retired.any,33262128,100.00,86.2,IpMispredict
     2.003697209,269259,,br_misp_retired.all_branches,33262128,100.00,,
     2.103873833,102187736,,inst_retired.any,83304919,100.00,243.5,IpMispredict
     2.103873833,714673,,br_misp_retired.all_branches,83304919,100.00,,
     2.204062917,102112887,,inst_retired.any,82958699,100.00,235.9,IpMispredict
     2.204062917,712246,,br_misp_retired.all_branches,82958699,100.00,,
     2.304251745,102472442,,inst_retired.any,83407778,100.00,230.2,IpMispredict
     2.304251745,713155,,br_misp_retired.all_branches,83407778,100.00,,
     2.404441929,102289872,,inst_retired.any,83256638,100.00,224.2,IpMispredict
     2.404441929,711610,,br_misp_retired.all_branches,83256638,100.00,,
     2.504630027,102584989,,inst_retired.any,83487119,100.00,219.9,IpMispredict
     2.504630027,716082,,br_misp_retired.all_branches,83487119,100.00,,
     2.604818639,102313680,,inst_retired.any,83213940,100.00,214.8,IpMispredict
     2.604818639,717435,,br_misp_retired.all_branches,83213940,100.00,,
     2.705004677,25402840,,inst_retired.any,20595901,100.00,54.6,IpMispredict
     2.705004677,176230,,br_misp_retired.all_branches,20595901,100.00,,
     2.805188190,<not counted>,,inst_retired.any,0,100.00,,
     2.805188190,<not counted>,,br_misp_retired.all_branches,0,100.00,,
     2.905378626,<not counted>,,inst_retired.any,0,100.00,,
     2.905378626,<not counted>,,br_misp_retired.all_branches,0,100.00,,
     3.005547867,<not counted>,,inst_retired.any,0,100.00,,
     3.005547867,<not counted>,,br_misp_retired.all_branches,0,100.00,,
     3.105720308,53194103,,inst_retired.any,47771027,100.00,127.2,IpMispredict
     3.105720308,400452,,br_misp_retired.all_branches,47771027,100.00,,
     3.205910123,102709544,,inst_retired.any,83392662,100.00,240.3,IpMispredict
     3.205910123,716176,,br_misp_retired.all_branches,83392662,100.00,,
     3.306096838,102837601,,inst_retired.any,83324809,100.00,235.8,IpMispredict
     3.306096838,716850,,br_misp_retired.all_branches,83324809,100.00,,
     3.406285032,102456939,,inst_retired.any,83352810,100.00,230.6,IpMispredict
     3.406285032,715017,,br_misp_retired.all_branches,83352810,100.00,,
     3.506475088,102739056,,inst_retired.any,83368891,100.00,227.2,IpMispredict
     3.506475088,716924,,br_misp_retired.all_branches,83368891,100.00,,
     3.606663077,102450955,,inst_retired.any,83202775,100.00,223.0,IpMispredict
     3.606663077,713161,,br_misp_retired.all_branches,83202775,100.00,,
     3.706853696,96072557,,inst_retired.any,78079235,100.00,206.6,IpMispredict
     3.706853696,670930,,br_misp_retired.all_branches,78079235,100.00,,
     3.807044183,<not counted>,,inst_retired.any,0,100.00,,
     3.807044183,<not counted>,,br_misp_retired.all_branches,0,100.00,,
     3.907215310,<not counted>,,inst_retired.any,0,100.00,,
     3.907215310,<not counted>,,br_misp_retired.all_branches,0,100.00,,
     4.007386554,<not counted>,,inst_retired.any,0,100.00,,
     4.007386554,<not counted>,,br_misp_retired.all_branches,0,100.00,,
     4.107557149,<not counted>,,inst_retired.any,0,100.00,,
     4.107557149,<not counted>,,br_misp_retired.all_branches,0,100.00,,
     4.207731090,85646171,,inst_retired.any,73996313,100.00,201.9,IpMispredict
     4.207731090,606742,,br_misp_retired.all_branches,73996313,100.00,,
     4.307920224,102488147,,inst_retired.any,83408514,100.00,237.9,IpMispredict
     4.307920224,706866,,br_misp_retired.all_branches,83408514,100.00,,
     4.408107958,102203406,,inst_retired.any,83144890,100.00,233.8,IpMispredict
     4.408107958,708191,,br_misp_retired.all_branches,83144890,100.00,,
     4.508298441,102341050,,inst_retired.any,82990443,100.00,231.0,IpMispredict
     4.508298441,706680,,br_misp_retired.all_branches,82990443,100.00,,
     4.608487383,101361249,,inst_retired.any,82852622,100.00,225.9,IpMispredict
     4.608487383,699361,,br_misp_retired.all_branches,82852622,100.00,,
     4.708675311,102582209,,inst_retired.any,83241989,100.00,225.9,IpMispredict
     4.708675311,707060,,br_misp_retired.all_branches,83241989,100.00,,
     4.808862644,77193979,,inst_retired.any,62828215,100.00,169.4,IpMispredict
     4.808862644,532873,,br_misp_retired.all_branches,62828215,100.00,,
     4.909052659,<not counted>,,inst_retired.any,0,100.00,,
     4.909052659,<not counted>,,br_misp_retired.all_branches,0,100.00,,
     5.009222128,<not counted>,,inst_retired.any,0,100.00,,
     5.009222128,<not counted>,,br_misp_retired.all_branches,0,100.00,,
     5.109391405,<not counted>,,inst_retired.any,0,100.00,,
     5.109391405,<not counted>,,br_misp_retired.all_branches,0,100.00,,
     5.209563095,2864071,,inst_retired.any,5269779,100.00,6.8,IpMispredict
     5.209563095,39543,,br_misp_retired.all_branches,5269779,100.00,,
     5.309750016,99162899,,inst_retired.any,82846057,100.00,232.5,IpMispredict
     5.309750016,693594,,br_misp_retired.all_branches,82846057,100.00,,
     5.409939144,101909128,,inst_retired.any,83135519,100.00,236.0,IpMispredict
     5.409939144,710714,,br_misp_retired.all_branches,83135519,100.00,,
     5.510127686,102218384,,inst_retired.any,83283104,100.00,234.0,IpMispredict
     5.510127686,710473,,br_misp_retired.all_branches,83283104,100.00,,
     5.610316255,101888546,,inst_retired.any,83039408,100.00,230.6,IpMispredict
     5.610316255,708051,,br_misp_retired.all_branches,83039408,100.00,,
     5.710530159,102086274,,inst_retired.any,83285726,100.00,228.7,IpMispredict
     5.710530159,710218,,br_misp_retired.all_branches,83285726,100.00,,
     5.810718948,101865562,,inst_retired.any,83254014,100.00,225.9,IpMispredict
     5.810718948,709626,,br_misp_retired.all_branches,83254014,100.00,,
     5.910907290,57566120,,inst_retired.any,46608996,100.00,127.9,IpMispredict
     5.910907290,395233,,br_misp_retired.all_branches,46608996,100.00,,
     6.011092070,<not counted>,,inst_retired.any,0,100.00,,
     6.011092070,<not counted>,,br_misp_retired.all_branches,0,100.00,,
     6.111262661,<not counted>,,inst_retired.any,0,100.00,,
     6.111262661,<not counted>,,br_misp_retired.all_branches,0,100.00,,
     6.211431724,<not counted>,,inst_retired.any,0,100.00,,
     6.211431724,<not counted>,,br_misp_retired.all_branches,0,100.00,,
     6.311603127,20139221,,inst_retired.any,20748678,100.00,47.5,IpMispredict
     6.311603127,164972,,br_misp_retired.all_branches,20748678,100.00,,
     6.411790027,102189548,,inst_retired.any,83039487,100.00,238.4,IpMispredict
     6.411790027,717429,,br_misp_retired.all_branches,83039487,100.00,,
     6.511978881,102740650,,inst_retired.any,83359589,100.00,237.2,IpMispredict
     6.511978881,717499,,br_misp_retired.all_branches,83359589,100.00,,
     6.612168422,102286933,,inst_retired.any,83258692,100.00,233.8,IpMispredict
     6.612168422,717615,,br_misp_retired.all_branches,83258692,100.00,,
     6.712357355,102003273,,inst_retired.any,83200070,100.00,231.0,IpMispredict
     6.712357355,714535,,br_misp_retired.all_branches,83200070,100.00,,
     6.812545539,101905775,,inst_retired.any,83202356,100.00,228.7,IpMispredict
     6.812545539,712326,,br_misp_retired.all_branches,83202356,100.00,,
     6.912739117,102251206,,inst_retired.any,83311560,100.00,227.5,IpMispredict
     6.912739117,710516,,br_misp_retired.all_branches,83311560,100.00,,
     7.012931131,34409691,,inst_retired.any,28044027,100.00,77.1,IpMispredict
     7.012931131,236874,,br_misp_retired.all_branches,28044027,100.00,,
     7.113115868,<not counted>,,inst_retired.any,0,100.00,,
     7.113115868,<not counted>,,br_misp_retired.all_branches,0,100.00,,
     7.213286400,<not counted>,,inst_retired.any,0,100.00,,
     7.213286400,<not counted>,,br_misp_retired.all_branches,0,100.00,,
     7.313457092,<not counted>,,inst_retired.any,0,100.00,,
     7.313457092,<not counted>,,br_misp_retired.all_branches,0,100.00,,
     7.413627758,44615812,,inst_retired.any,40371346,100.00,104.5,IpMispredict
     7.413627758,338778,,br_misp_retired.all_branches,40371346,100.00,,
     7.513819805,102434178,,inst_retired.any,83188515,100.00,237.9,IpMispredict
     7.513819805,711841,,br_misp_retired.all_branches,83188515,100.00,,
     7.614007545,102657990,,inst_retired.any,83174813,100.00,236.4,IpMispredict
     7.614007545,710565,,br_misp_retired.all_branches,83174813,100.00,,
     7.714196832,102876659,,inst_retired.any,83421391,100.00,235.0,IpMispredict
     7.714196832,706424,,br_misp_retired.all_branches,83421391,100.00,,
     7.814386530,102621905,,inst_retired.any,83321615,100.00,232.5,IpMispredict
     7.814386530,710067,,br_misp_retired.all_branches,83321615,100.00,,
     7.914575808,102634414,,inst_retired.any,83286505,100.00,230.8,IpMispredict
     7.914575808,711380,,br_misp_retired.all_branches,83286505,100.00,,
     8.014767297,102754270,,inst_retired.any,83369352,100.00,229.3,IpMispredict
     8.014767297,712341,,br_misp_retired.all_branches,83369352,100.00,,
     8.114956430,11912452,,inst_retired.any,9642436,100.00,26.9,IpMispredict
     8.114956430,81932,,br_misp_retired.all_branches,9642436,100.00,,
     8.215141995,<not counted>,,inst_retired.any,0,100.00,,
     8.215141995,<not counted>,,br_misp_retired.all_branches,0,100.00,,
     8.315311266,<not counted>,,inst_retired.any,0,100.00,,
     8.315311266,<not counted>,,br_misp_retired.all_branches,0,100.00,,
     8.415479664,<not counted>,,inst_retired.any,0,100.00,,
     8.415479664,<not counted>,,br_misp_retired.all_branches,0,100.00,,
     8.515650456,66348102,,inst_retired.any,57676578,100.00,154.8,IpMispredict
     8.515650456,497549,,br_misp_retired.all_branches,57676578,100.00,,
     8.615887510,102415406,,inst_retired.any,83256920,100.00,237.2,IpMispredict
     8.615887510,711302,,br_misp_retired.all_branches,83256920,100.00,,
     8.716079407,102158027,,inst_retired.any,83047798,100.00,234.8,IpMispredict
     8.716079407,709386,,br_misp_retired.all_branches,83047798,100.00,,
     8.816270211,102167043,,inst_retired.any,83377572,100.00,233.2,IpMispredict
     8.816270211,707895,,br_misp_retired.all_branches,83377572,100.00,,
     8.916460093,102120112,,inst_retired.any,83172494,100.00,231.5,IpMispredict
     8.916460093,708986,,br_misp_retired.all_branches,83172494,100.00,,
     9.016649320,102539487,,inst_retired.any,83239227,100.00,230.9,IpMispredict
     9.016649320,709926,,br_misp_retired.all_branches,83239227,100.00,,
     9.116834882,85535688,,inst_retired.any,69566940,100.00,191.9,IpMispredict
     9.116834882,591788,,br_misp_retired.all_branches,69566940,100.00,,
     9.217019590,<not counted>,,inst_retired.any,0,100.00,,
     9.217019590,<not counted>,,br_misp_retired.all_branches,0,100.00,,
     9.317190843,<not counted>,,inst_retired.any,0,100.00,,
     9.317190843,<not counted>,,br_misp_retired.all_branches,0,100.00,,
     9.417359569,<not counted>,,inst_retired.any,0,100.00,,
     9.417359569,<not counted>,,br_misp_retired.all_branches,0,100.00,,
     9.517525309,<not counted>,,inst_retired.any,0,100.00,,
     9.517525309,<not counted>,,br_misp_retired.all_branches,0,100.00,,
     9.617698191,97231568,,inst_retired.any,81744122,100.00,226.1,IpMispredict
     9.617698191,715754,,br_misp_retired.all_branches,81744122,100.00,,
     9.717885441,102684270,,inst_retired.any,83378908,100.00,237.2,IpMispredict
     9.717885441,711773,,br_misp_retired.all_branches,83378908,100.00,,
     9.818075927,101494210,,inst_retired.any,82825329,100.00,232.9,IpMispredict
     9.818075927,710581,,br_misp_retired.all_branches,82825329,100.00,,
     9.918265518,102412897,,inst_retired.any,83113873,100.00,233.5,IpMispredict
     9.918265518,708999,,br_misp_retired.all_branches,83113873,100.00,,
    10.018458337,102142844,,inst_retired.any,83144462,100.00,231.5,IpMispredict
    10.018458337,706837,,br_misp_retired.all_branches,83144462,100.00,,
    10.118651390,102412077,,inst_retired.any,83224082,100.00,230.7,IpMispredict
    10.118651390,708177,,br_misp_retired.all_branches,83224082,100.00,,
    10.218838077,70626247,,inst_retired.any,57445287,100.00,159.0,IpMispredict
    10.218838077,491128,,br_misp_retired.all_branches,57445287,100.00,,
    10.319023081,<not counted>,,inst_retired.any,0,100.00,,
    10.319023081,<not counted>,,br_misp_retired.all_branches,0,100.00,,
    10.419191800,<not counted>,,inst_retired.any,0,100.00,,
    10.419191800,<not counted>,,br_misp_retired.all_branches,0,100.00,,
    10.519359744,<not counted>,,inst_retired.any,0,100.00,,
    10.519359744,<not counted>,,br_misp_retired.all_branches,0,100.00,,
    10.619530749,7410520,,inst_retired.any,10285894,100.00,17.3,IpMispredict
    10.619530749,72703,,br_misp_retired.all_branches,10285894,100.00,,
    10.719730707,102307699,,inst_retired.any,83226217,100.00,237.4,IpMispredict
    10.719730707,714781,,br_misp_retired.all_branches,83226217,100.00,,
    10.819919918,102160705,,inst_retired.any,83206954,100.00,235.7,IpMispredict
    10.819919918,709636,,br_misp_retired.all_branches,83206954,100.00,,
    10.920110073,102351862,,inst_retired.any,83324658,100.00,234.8,IpMispredict
    10.920110073,707907,,br_misp_retired.all_branches,83324658,100.00,,
    11.020301559,102243001,,inst_retired.any,83266385,100.00,233.2,IpMispredict
    11.020301559,702852,,br_misp_retired.all_branches,83266385,100.00,,
