# started on Mon May  1 17:32:21 2023

     0.100148417,89968581,,inst_retired.any,75846506,100.00,141.2,IpMispredict
     0.100148417,637159,,br_misp_retired.all_branches,75846506,100.00,,
     0.200355008,90289409,,inst_retired.any,75961265,100.00,141.9,IpMispredict
     0.200355008,635112,,br_misp_retired.all_branches,75961265,100.00,,
     0.300539274,90193250,,inst_retired.any,76757057,100.00,141.4,IpMispredict
     0.300539274,640834,,br_misp_retired.all_branches,76757057,100.00,,
     0.400732884,90199779,,inst_retired.any,76020409,100.00,141.4,IpMispredict
     0.400732884,638889,,br_misp_retired.all_branches,76020409,100.00,,
     0.500938271,89962659,,inst_retired.any,76120161,100.00,140.9,IpMispredict
     0.500938271,640750,,br_misp_retired.all_branches,76120161,100.00,,
     0.601173047,90290943,,inst_retired.any,76227245,100.00,141.3,IpMispredict
     0.601173047,641090,,br_misp_retired.all_branches,76227245,100.00,,
     0.701386237,90171339,,inst_retired.any,75952485,100.00,141.1,IpMispredict
     0.701386237,638789,,br_misp_retired.all_branches,75952485,100.00,,
     0.801597398,89343389,,inst_retired.any,75307886,100.00,140.1,IpMispredict
     0.801597398,629729,,br_misp_retired.all_branches,75307886,100.00,,
     0.901802714,90158749,,inst_retired.any,76290982,100.00,141.4,IpMispredict
     0.901802714,637007,,br_misp_retired.all_branches,76290982,100.00,,
     1.002010741,89826760,,inst_retired.any,76027507,100.00,141.0,IpMispredict
     1.002010741,633365,,br_misp_retired.all_branches,76027507,100.00,,
     1.102219108,90835265,,inst_retired.any,76943353,100.00,142.5,IpMispredict
     1.102219108,639667,,br_misp_retired.all_branches,76943353,100.00,,
     1.202428439,89964606,,inst_retired.any,76742020,100.00,141.1,IpMispredict
     1.202428439,637939,,br_misp_retired.all_branches,76742020,100.00,,
     1.302636749,89987080,,inst_retired.any,76155582,100.00,141.2,IpMispredict
     1.302636749,636283,,br_misp_retired.all_branches,76155582,100.00,,
     1.402853179,89646283,,inst_retired.any,76093405,100.00,140.7,IpMispredict
     1.402853179,633498,,br_misp_retired.all_branches,76093405,100.00,,
     1.503059545,90081026,,inst_retired.any,76280341,100.00,141.4,IpMispredict
     1.503059545,634229,,br_misp_retired.all_branches,76280341,100.00,,
     1.603266650,90382870,,inst_retired.any,76175469,100.00,141.9,IpMispredict
     1.603266650,636189,,br_misp_retired.all_branches,76175469,100.00,,
     1.703489575,90198479,,inst_retired.any,76295642,100.00,141.6,IpMispredict
     1.703489575,636467,,br_misp_retired.all_branches,76295642,100.00,,
     1.803695895,89898625,,inst_retired.any,76084341,100.00,141.2,IpMispredict
     1.803695895,635918,,br_misp_retired.all_branches,76084341,100.00,,
     1.903899217,90205053,,inst_retired.any,76006073,100.00,141.6,IpMispredict
     1.903899217,637717,,br_misp_retired.all_branches,76006073,100.00,,
     2.004104057,89325938,,inst_retired.any,75322581,100.00,140.3,IpMispredict
     2.004104057,631472,,br_misp_retired.all_branches,75322581,100.00,,
     2.104308080,90311775,,inst_retired.any,76177246,100.00,141.9,IpMispredict
     2.104308080,635414,,br_misp_retired.all_branches,76177246,100.00,,
     2.204516668,90133592,,inst_retired.any,76096509,100.00,141.6,IpMispredict
     2.204516668,635107,,br_misp_retired.all_branches,76096509,100.00,,
     2.304728685,89890688,,inst_retired.any,75769892,100.00,141.3,IpMispredict
     2.304728685,631227,,br_misp_retired.all_branches,75769892,100.00,,
     2.404932535,89820341,,inst_retired.any,75829823,100.00,141.2,IpMispredict
     2.404932535,633042,,br_misp_retired.all_branches,75829823,100.00,,
     2.505140906,90734750,,inst_retired.any,76814093,100.00,142.6,IpMispredict
     2.505140906,640182,,br_misp_retired.all_branches,76814093,100.00,,
     2.605344760,89086678,,inst_retired.any,75337895,100.00,140.1,IpMispredict
     2.605344760,627792,,br_misp_retired.all_branches,75337895,100.00,,
     2.705548206,90105713,,inst_retired.any,76161915,100.00,141.7,IpMispredict
     2.705548206,637831,,br_misp_retired.all_branches,76161915,100.00,,
     2.805771541,90733701,,inst_retired.any,76205853,100.00,142.6,IpMispredict
     2.805771541,640152,,br_misp_retired.all_branches,76205853,100.00,,
     2.905977006,90068043,,inst_retired.any,76331362,100.00,141.6,IpMispredict
     2.905977006,635746,,br_misp_retired.all_branches,76331362,100.00,,
     3.006184451,89625276,,inst_retired.any,75475133,100.00,140.9,IpMispredict
     3.006184451,633772,,br_misp_retired.all_branches,75475133,100.00,,
     3.106391329,85565378,,inst_retired.any,78990726,100.00,134.7,IpMispredict
     3.106391329,616925,,br_misp_retired.all_branches,78990726,100.00,,
     3.206593972,88835187,,inst_retired.any,83173989,100.00,139.7,IpMispredict
     3.206593972,654624,,br_misp_retired.all_branches,83173989,100.00,,
     3.306801763,95497871,,inst_retired.any,80724772,100.00,149.9,IpMispredict
     3.306801763,676549,,br_misp_retired.all_branches,80724772,100.00,,
     3.407004517,90171605,,inst_retired.any,76144668,100.00,141.5,IpMispredict
     3.407004517,640214,,br_misp_retired.all_branches,76144668,100.00,,
     3.507213460,89857670,,inst_retired.any,76124045,100.00,141.0,IpMispredict
     3.507213460,635609,,br_misp_retired.all_branches,76124045,100.00,,
     3.607418799,90212060,,inst_retired.any,75949068,100.00,141.5,IpMispredict
     3.607418799,638693,,br_misp_retired.all_branches,75949068,100.00,,
     3.707626164,89728857,,inst_retired.any,76069061,100.00,140.8,IpMispredict
     3.707626164,634189,,br_misp_retired.all_branches,76069061,100.00,,
     3.807837135,89934189,,inst_retired.any,76140801,100.00,141.1,IpMispredict
     3.807837135,638379,,br_misp_retired.all_branches,76140801,100.00,,
     3.908042215,91474095,,inst_retired.any,77685918,100.00,143.5,IpMispredict
     3.908042215,645115,,br_misp_retired.all_branches,77685918,100.00,,
     4.008246230,85354001,,inst_retired.any,79117457,100.00,134.0,IpMispredict
     4.008246230,609817,,br_misp_retired.all_branches,79117457,100.00,,
     4.108453651,94202321,,inst_retired.any,83356543,100.00,147.7,IpMispredict
     4.108453651,670372,,br_misp_retired.all_branches,83356543,100.00,,
     4.208659733,90159478,,inst_retired.any,79618586,100.00,141.4,IpMispredict
     4.208659733,640643,,br_misp_retired.all_branches,79618586,100.00,,
     4.308865622,90349844,,inst_retired.any,79943033,100.00,141.7,IpMispredict
     4.308865622,641483,,br_misp_retired.all_branches,79943033,100.00,,
     4.409074540,89469301,,inst_retired.any,79054767,100.00,140.3,IpMispredict
     4.409074540,635341,,br_misp_retired.all_branches,79054767,100.00,,
     4.509280182,90360527,,inst_retired.any,80142553,100.00,141.7,IpMispredict
     4.509280182,640659,,br_misp_retired.all_branches,80142553,100.00,,
     4.609487517,89494893,,inst_retired.any,79041743,100.00,140.3,IpMispredict
     4.609487517,632079,,br_misp_retired.all_branches,79041743,100.00,,
     4.709692711,90354358,,inst_retired.any,79812720,100.00,141.7,IpMispredict
     4.709692711,643183,,br_misp_retired.all_branches,79812720,100.00,,
     4.809900520,89722922,,inst_retired.any,79107978,100.00,140.7,IpMispredict
     4.809900520,637976,,br_misp_retired.all_branches,79107978,100.00,,
     4.910110863,90528830,,inst_retired.any,80338831,100.00,141.9,IpMispredict
     4.910110863,643357,,br_misp_retired.all_branches,80338831,100.00,,
     5.010322314,90226233,,inst_retired.any,79125804,100.00,141.5,IpMispredict
     5.010322314,633700,,br_misp_retired.all_branches,79125804,100.00,,
     5.110529231,90027770,,inst_retired.any,79329285,100.00,141.2,IpMispredict
     5.110529231,635935,,br_misp_retired.all_branches,79329285,100.00,,
     5.210739219,89622336,,inst_retired.any,78968946,100.00,140.6,IpMispredict
     5.210739219,630518,,br_misp_retired.all_branches,78968946,100.00,,
     5.310945908,90366826,,inst_retired.any,79704271,100.00,141.7,IpMispredict
     5.310945908,639345,,br_misp_retired.all_branches,79704271,100.00,,
     5.411149682,90339968,,inst_retired.any,81984816,100.00,141.6,IpMispredict
     5.411149682,645940,,br_misp_retired.all_branches,81984816,100.00,,
     5.511370553,89915336,,inst_retired.any,75995295,100.00,141.0,IpMispredict
     5.511370553,633859,,br_misp_retired.all_branches,75995295,100.00,,
     5.611578062,89931449,,inst_retired.any,75941319,100.00,141.0,IpMispredict
     5.611578062,634655,,br_misp_retired.all_branches,75941319,100.00,,
     5.711782162,84929141,,inst_retired.any,77065432,100.00,133.3,IpMispredict
     5.711782162,603161,,br_misp_retired.all_branches,77065432,100.00,,
     5.811990526,93897785,,inst_retired.any,83062583,100.00,147.3,IpMispredict
     5.811990526,666098,,br_misp_retired.all_branches,83062583,100.00,,
     5.912196231,91287311,,inst_retired.any,81119806,100.00,143.1,IpMispredict
     5.912196231,649387,,br_misp_retired.all_branches,81119806,100.00,,
     6.012401705,89931976,,inst_retired.any,81792664,100.00,141.0,IpMispredict
     6.012401705,642592,,br_misp_retired.all_branches,81792664,100.00,,
     6.112605689,89906704,,inst_retired.any,75893147,100.00,141.0,IpMispredict
     6.112605689,634833,,br_misp_retired.all_branches,75893147,100.00,,
     6.212810198,90176583,,inst_retired.any,76144077,100.00,141.4,IpMispredict
     6.212810198,637322,,br_misp_retired.all_branches,76144077,100.00,,
     6.313015003,89906947,,inst_retired.any,75875290,100.00,141.0,IpMispredict
     6.313015003,632045,,br_misp_retired.all_branches,75875290,100.00,,
     6.413220714,90604865,,inst_retired.any,76198576,100.00,142.1,IpMispredict
     6.413220714,639954,,br_misp_retired.all_branches,76198576,100.00,,
     6.513430251,90144113,,inst_retired.any,76256159,100.00,141.4,IpMispredict
     6.513430251,635913,,br_misp_retired.all_branches,76256159,100.00,,
     6.613634470,89255580,,inst_retired.any,75312533,100.00,140.0,IpMispredict
     6.613634470,632803,,br_misp_retired.all_branches,75312533,100.00,,
     6.713840659,90045919,,inst_retired.any,76110905,100.00,141.2,IpMispredict
     6.713840659,636437,,br_misp_retired.all_branches,76110905,100.00,,
     6.814052327,90571178,,inst_retired.any,76279665,100.00,142.0,IpMispredict
     6.814052327,641394,,br_misp_retired.all_branches,76279665,100.00,,
     6.914258730,90352644,,inst_retired.any,76342337,100.00,141.7,IpMispredict
     6.914258730,638066,,br_misp_retired.all_branches,76342337,100.00,,
     7.014464188,90110554,,inst_retired.any,76128769,100.00,141.3,IpMispredict
     7.014464188,637660,,br_misp_retired.all_branches,76128769,100.00,,
     7.114668134,85407430,,inst_retired.any,78641063,100.00,134.0,IpMispredict
     7.114668134,612281,,br_misp_retired.all_branches,78641063,100.00,,
     7.214876205,93890887,,inst_retired.any,83322269,100.00,147.2,IpMispredict
     7.214876205,668346,,br_misp_retired.all_branches,83322269,100.00,,
     7.315084144,89958964,,inst_retired.any,81988462,100.00,141.0,IpMispredict
     7.315084144,659637,,br_misp_retired.all_branches,81988462,100.00,,
     7.415291442,90410259,,inst_retired.any,76293099,100.00,141.7,IpMispredict
     7.415291442,638283,,br_misp_retired.all_branches,76293099,100.00,,
     7.515525349,89742128,,inst_retired.any,75594681,100.00,140.7,IpMispredict
     7.515525349,634268,,br_misp_retired.all_branches,75594681,100.00,,
     7.615731788,89987561,,inst_retired.any,76068952,100.00,141.0,IpMispredict
     7.615731788,636975,,br_misp_retired.all_branches,76068952,100.00,,
     7.715935853,90976421,,inst_retired.any,77138044,100.00,142.6,IpMispredict
     7.715935853,644840,,br_misp_retired.all_branches,77138044,100.00,,
     7.816141334,89305259,,inst_retired.any,75424604,100.00,140.0,IpMispredict
     7.816141334,629471,,br_misp_retired.all_branches,75424604,100.00,,
     7.916347002,90871447,,inst_retired.any,77269989,100.00,142.4,IpMispredict
     7.916347002,640915,,br_misp_retired.all_branches,77269989,100.00,,
     8.016552976,89309141,,inst_retired.any,75344154,100.00,140.0,IpMispredict
     8.016552976,630299,,br_misp_retired.all_branches,75344154,100.00,,
     8.116759867,90189274,,inst_retired.any,76134470,100.00,141.4,IpMispredict
     8.116759867,634055,,br_misp_retired.all_branches,76134470,100.00,,
     8.216966725,90026152,,inst_retired.any,76018496,100.00,141.1,IpMispredict
     8.216966725,634285,,br_misp_retired.all_branches,76018496,100.00,,
     8.317196461,90212596,,inst_retired.any,76089745,100.00,141.4,IpMispredict
     8.317196461,633767,,br_misp_retired.all_branches,76089745,100.00,,
     8.417401322,90390700,,inst_retired.any,76073607,100.00,141.7,IpMispredict
     8.417401322,636395,,br_misp_retired.all_branches,76073607,100.00,,
     8.517605739,84906945,,inst_retired.any,77901130,100.00,133.2,IpMispredict
     8.517605739,602638,,br_misp_retired.all_branches,77901130,100.00,,
     8.617815864,90603923,,inst_retired.any,83200097,100.00,142.1,IpMispredict
     8.617815864,647705,,br_misp_retired.all_branches,83200097,100.00,,
     8.718025053,93935422,,inst_retired.any,79042155,100.00,147.3,IpMispredict
     8.718025053,665765,,br_misp_retired.all_branches,79042155,100.00,,
     8.818241192,90468305,,inst_retired.any,76257903,100.00,141.8,IpMispredict
     8.818241192,640035,,br_misp_retired.all_branches,76257903,100.00,,
     8.918452176,90381263,,inst_retired.any,76157822,100.00,141.7,IpMispredict
     8.918452176,638462,,br_misp_retired.all_branches,76157822,100.00,,
     9.018658318,89980758,,inst_retired.any,75808924,100.00,141.1,IpMispredict
     9.018658318,635123,,br_misp_retired.all_branches,75808924,100.00,,
     9.118862803,89484915,,inst_retired.any,75668547,100.00,140.3,IpMispredict
     9.118862803,631942,,br_misp_retired.all_branches,75668547,100.00,,
     9.219065448,90601397,,inst_retired.any,76247179,100.00,142.1,IpMispredict
     9.219065448,635026,,br_misp_retired.all_branches,76247179,100.00,,
     9.319270897,89413325,,inst_retired.any,75567620,100.00,140.2,IpMispredict
     9.319270897,630040,,br_misp_retired.all_branches,75567620,100.00,,
     9.419491156,90746765,,inst_retired.any,76433780,100.00,142.3,IpMispredict
     9.419491156,644796,,br_misp_retired.all_branches,76433780,100.00,,
     9.519697562,89426566,,inst_retired.any,75623340,100.00,140.2,IpMispredict
     9.519697562,629839,,br_misp_retired.all_branches,75623340,100.00,,
     9.619903991,89867936,,inst_retired.any,75587880,100.00,140.9,IpMispredict
     9.619903991,634951,,br_misp_retired.all_branches,75587880,100.00,,
     9.720110178,90224444,,inst_retired.any,76026059,100.00,141.5,IpMispredict
     9.720110178,637298,,br_misp_retired.all_branches,76026059,100.00,,
     9.820317696,89747432,,inst_retired.any,75576954,100.00,140.8,IpMispredict
     9.820317696,636626,,br_misp_retired.all_branches,75576954,100.00,,
     9.920522776,90097490,,inst_retired.any,76329171,100.00,141.3,IpMispredict
     9.920522776,640274,,br_misp_retired.all_branches,76329171,100.00,,
    10.020733907,90061782,,inst_retired.any,76097572,100.00,141.3,IpMispredict
    10.020733907,634480,,br_misp_retired.all_branches,76097572,100.00,,
    10.120944275,90117888,,inst_retired.any,75930813,100.00,141.3,IpMispredict
    10.120944275,638660,,br_misp_retired.all_branches,75930813,100.00,,
    10.221147257,90676389,,inst_retired.any,76016545,100.00,142.2,IpMispredict
    10.221147257,642660,,br_misp_retired.all_branches,76016545,100.00,,
    10.321356062,89492130,,inst_retired.any,75175688,100.00,140.4,IpMispredict
    10.321356062,631100,,br_misp_retired.all_branches,75175688,100.00,,
    10.421560510,85660753,,inst_retired.any,77985095,100.00,134.4,IpMispredict
    10.421560510,624305,,br_misp_retired.all_branches,77985095,100.00,,
    10.521766833,94456747,,inst_retired.any,83417240,100.00,148.1,IpMispredict
    10.521766833,669855,,br_misp_retired.all_branches,83417240,100.00,,
    10.621969383,89966641,,inst_retired.any,79523336,100.00,141.1,IpMispredict
    10.621969383,637268,,br_misp_retired.all_branches,79523336,100.00,,
    10.722173631,90049868,,inst_retired.any,79597841,100.00,141.2,IpMispredict
    10.722173631,638112,,br_misp_retired.all_branches,79597841,100.00,,
    10.822378383,90200159,,inst_retired.any,79686896,100.00,141.4,IpMispredict
    10.822378383,640524,,br_misp_retired.all_branches,79686896,100.00,,
    10.922583901,89627851,,inst_retired.any,79150272,100.00,140.5,IpMispredict
    10.922583901,635841,,br_misp_retired.all_branches,79150272,100.00,,
    11.022808205,90400975,,inst_retired.any,80175155,100.00,141.7,IpMispredict
    11.022808205,638614,,br_misp_retired.all_branches,80175155,100.00,,
