# started on Mon May  1 17:34:21 2023

     0.100249199,8648079,,offcore_response.all_requests.llc_hit.any_response,80428689,100.00,,
     0.100249199,1325,,offcore_response.all_requests.llc_miss.any_response,80413567,100.00,,
     0.200497670,8477113,,offcore_response.all_requests.llc_hit.any_response,80980727,100.00,,
     0.200497670,1628,,offcore_response.all_requests.llc_miss.any_response,80980644,100.00,,
     0.300711895,8970002,,offcore_response.all_requests.llc_hit.any_response,78793287,100.00,,
     0.300711895,1245,,offcore_response.all_requests.llc_miss.any_response,78773588,100.00,,
     0.400935254,8493470,,offcore_response.all_requests.llc_hit.any_response,83169528,100.00,,
     0.400935254,908,,offcore_response.all_requests.llc_miss.any_response,83174627,100.00,,
     0.501151226,9011916,,offcore_response.all_requests.llc_hit.any_response,78613856,100.00,,
     0.501151226,906,,offcore_response.all_requests.llc_miss.any_response,78628242,100.00,,
     0.601363997,8777110,,offcore_response.all_requests.llc_hit.any_response,76673024,100.00,,
     0.601363997,949,,offcore_response.all_requests.llc_miss.any_response,76675970,100.00,,
     0.701582426,8731157,,offcore_response.all_requests.llc_hit.any_response,76047311,100.00,,
     0.701582426,972,,offcore_response.all_requests.llc_miss.any_response,76044587,100.00,,
     0.801800004,8806973,,offcore_response.all_requests.llc_hit.any_response,76759724,100.00,,
     0.801800004,972,,offcore_response.all_requests.llc_miss.any_response,76759531,100.00,,
     0.902016541,8726507,,offcore_response.all_requests.llc_hit.any_response,76054014,100.00,,
     0.902016541,905,,offcore_response.all_requests.llc_miss.any_response,76054530,100.00,,
     1.002234745,8390973,,offcore_response.all_requests.llc_hit.any_response,79405288,100.00,,
     1.002234745,949,,offcore_response.all_requests.llc_miss.any_response,79404932,100.00,,
     1.102450831,9140487,,offcore_response.all_requests.llc_hit.any_response,82992197,100.00,,
     1.102450831,1027,,offcore_response.all_requests.llc_miss.any_response,82981825,100.00,,
     1.202665196,8995786,,offcore_response.all_requests.llc_hit.any_response,81715507,100.00,,
     1.202665196,1394,,offcore_response.all_requests.llc_miss.any_response,81695781,100.00,,
     1.302876624,8500536,,offcore_response.all_requests.llc_hit.any_response,79481631,100.00,,
     1.302876624,770,,offcore_response.all_requests.llc_miss.any_response,79502748,100.00,,
     1.403089196,9199976,,offcore_response.all_requests.llc_hit.any_response,83059023,100.00,,
     1.403089196,1311,,offcore_response.all_requests.llc_miss.any_response,83068147,100.00,,
     1.503305585,8348279,,offcore_response.all_requests.llc_hit.any_response,81772968,100.00,,
     1.503305585,992,,offcore_response.all_requests.llc_miss.any_response,81772054,100.00,,
     1.603523201,8931124,,offcore_response.all_requests.llc_hit.any_response,82673327,100.00,,
     1.603523201,1074,,offcore_response.all_requests.llc_miss.any_response,82674039,100.00,,
     1.703771484,8801113,,offcore_response.all_requests.llc_hit.any_response,81087501,100.00,,
     1.703771484,959,,offcore_response.all_requests.llc_miss.any_response,81080842,100.00,,
     1.803988569,8699662,,offcore_response.all_requests.llc_hit.any_response,79414645,100.00,,
     1.803988569,1114,,offcore_response.all_requests.llc_miss.any_response,79421216,100.00,,
     1.904210261,8795825,,offcore_response.all_requests.llc_hit.any_response,79680695,100.00,,
     1.904210261,1135,,offcore_response.all_requests.llc_miss.any_response,79680731,100.00,,
     2.004424870,8797194,,offcore_response.all_requests.llc_hit.any_response,80254114,100.00,,
     2.004424870,1019,,offcore_response.all_requests.llc_miss.any_response,80253533,100.00,,
     2.104643739,8746652,,offcore_response.all_requests.llc_hit.any_response,79727277,100.00,,
     2.104643739,772,,offcore_response.all_requests.llc_miss.any_response,79727731,100.00,,
     2.204858578,8752162,,offcore_response.all_requests.llc_hit.any_response,79851952,100.00,,
     2.204858578,1290,,offcore_response.all_requests.llc_miss.any_response,79850937,100.00,,
     2.305097945,8789811,,offcore_response.all_requests.llc_hit.any_response,79729978,100.00,,
     2.305097945,774,,offcore_response.all_requests.llc_miss.any_response,79728035,100.00,,
     2.405314104,8876024,,offcore_response.all_requests.llc_hit.any_response,80296765,100.00,,
     2.405314104,1022,,offcore_response.all_requests.llc_miss.any_response,80286472,100.00,,
     2.505529688,8727600,,offcore_response.all_requests.llc_hit.any_response,79122734,100.00,,
     2.505529688,932,,offcore_response.all_requests.llc_miss.any_response,79120919,100.00,,
     2.605743125,8658634,,offcore_response.all_requests.llc_hit.any_response,81728978,100.00,,
     2.605743125,847,,offcore_response.all_requests.llc_miss.any_response,81735556,100.00,,
     2.705959086,8703231,,offcore_response.all_requests.llc_hit.any_response,82681130,100.00,,
     2.705959086,670,,offcore_response.all_requests.llc_miss.any_response,82689900,100.00,,
     2.806177090,9058572,,offcore_response.all_requests.llc_hit.any_response,82412018,100.00,,
     2.806177090,844,,offcore_response.all_requests.llc_miss.any_response,82396239,100.00,,
     2.906395213,8747080,,offcore_response.all_requests.llc_hit.any_response,79446861,100.00,,
     2.906395213,696,,offcore_response.all_requests.llc_miss.any_response,79462467,100.00,,
     3.006610902,8739709,,offcore_response.all_requests.llc_hit.any_response,79472491,100.00,,
     3.006610902,754,,offcore_response.all_requests.llc_miss.any_response,79472504,100.00,,
     3.106827569,8858952,,offcore_response.all_requests.llc_hit.any_response,80384602,100.00,,
     3.106827569,855,,offcore_response.all_requests.llc_miss.any_response,80384527,100.00,,
     3.207044300,8767744,,offcore_response.all_requests.llc_hit.any_response,79929699,100.00,,
     3.207044300,967,,offcore_response.all_requests.llc_miss.any_response,79919607,100.00,,
     3.307258704,8770896,,offcore_response.all_requests.llc_hit.any_response,79673650,100.00,,
     3.307258704,860,,offcore_response.all_requests.llc_miss.any_response,79683991,100.00,,
     3.407473103,8772608,,offcore_response.all_requests.llc_hit.any_response,79701439,100.00,,
     3.407473103,938,,offcore_response.all_requests.llc_miss.any_response,79695654,100.00,,
     3.507711062,8857731,,offcore_response.all_requests.llc_hit.any_response,80521327,100.00,,
     3.507711062,802,,offcore_response.all_requests.llc_miss.any_response,80527457,100.00,,
     3.607927258,8769699,,offcore_response.all_requests.llc_hit.any_response,79800943,100.00,,
     3.607927258,910,,offcore_response.all_requests.llc_miss.any_response,79789968,100.00,,
     3.708140818,8788617,,offcore_response.all_requests.llc_hit.any_response,79994559,100.00,,
     3.708140818,1012,,offcore_response.all_requests.llc_miss.any_response,80003801,100.00,,
     3.808369861,8732638,,offcore_response.all_requests.llc_hit.any_response,79180781,100.00,,
     3.808369861,800,,offcore_response.all_requests.llc_miss.any_response,79152013,100.00,,
     3.908581145,8786508,,offcore_response.all_requests.llc_hit.any_response,80012201,100.00,,
     3.908581145,935,,offcore_response.all_requests.llc_miss.any_response,80042261,100.00,,
     4.008794414,8755643,,offcore_response.all_requests.llc_hit.any_response,79757250,100.00,,
     4.008794414,965,,offcore_response.all_requests.llc_miss.any_response,79751014,100.00,,
     4.109007015,8730494,,offcore_response.all_requests.llc_hit.any_response,79389089,100.00,,
     4.109007015,984,,offcore_response.all_requests.llc_miss.any_response,79395371,100.00,,
     4.209221520,8740080,,offcore_response.all_requests.llc_hit.any_response,79737627,100.00,,
     4.209221520,1147,,offcore_response.all_requests.llc_miss.any_response,79730928,100.00,,
     4.309434970,8795041,,offcore_response.all_requests.llc_hit.any_response,79808902,100.00,,
     4.309434970,947,,offcore_response.all_requests.llc_miss.any_response,79802859,100.00,,
     4.409648218,8804399,,offcore_response.all_requests.llc_hit.any_response,79601994,100.00,,
     4.409648218,988,,offcore_response.all_requests.llc_miss.any_response,79601979,100.00,,
     4.509880629,8748620,,offcore_response.all_requests.llc_hit.any_response,79215913,100.00,,
     4.509880629,968,,offcore_response.all_requests.llc_miss.any_response,79214743,100.00,,
     4.610094323,8809711,,offcore_response.all_requests.llc_hit.any_response,80176373,100.00,,
     4.610094323,1763,,offcore_response.all_requests.llc_miss.any_response,80190225,100.00,,
     4.710308169,8805892,,offcore_response.all_requests.llc_hit.any_response,79673212,100.00,,
     4.710308169,844,,offcore_response.all_requests.llc_miss.any_response,79661338,100.00,,
     4.810521632,8776413,,offcore_response.all_requests.llc_hit.any_response,79629516,100.00,,
     4.810521632,824,,offcore_response.all_requests.llc_miss.any_response,79641340,100.00,,
     4.910737530,8709630,,offcore_response.all_requests.llc_hit.any_response,79297191,100.00,,
     4.910737530,1078,,offcore_response.all_requests.llc_miss.any_response,79297329,100.00,,
     5.010953998,8838526,,offcore_response.all_requests.llc_hit.any_response,80414022,100.00,,
     5.010953998,1018,,offcore_response.all_requests.llc_miss.any_response,80413818,100.00,,
     5.111168890,8741854,,offcore_response.all_requests.llc_hit.any_response,79446050,100.00,,
     5.111168890,941,,offcore_response.all_requests.llc_miss.any_response,79432947,100.00,,
     5.211382370,8718543,,offcore_response.all_requests.llc_hit.any_response,79472122,100.00,,
     5.211382370,1162,,offcore_response.all_requests.llc_miss.any_response,79485569,100.00,,
     5.311605482,8842492,,offcore_response.all_requests.llc_hit.any_response,80430962,100.00,,
     5.311605482,974,,offcore_response.all_requests.llc_miss.any_response,80431462,100.00,,
     5.411821967,8770952,,offcore_response.all_requests.llc_hit.any_response,79773676,100.00,,
     5.411821967,1012,,offcore_response.all_requests.llc_miss.any_response,79757258,100.00,,
     5.512036407,8751241,,offcore_response.all_requests.llc_hit.any_response,79428587,100.00,,
     5.512036407,838,,offcore_response.all_requests.llc_miss.any_response,79432457,100.00,,
     5.612248196,8854632,,offcore_response.all_requests.llc_hit.any_response,80519252,100.00,,
     5.612248196,819,,offcore_response.all_requests.llc_miss.any_response,80515109,100.00,,
     5.712464702,8779389,,offcore_response.all_requests.llc_hit.any_response,79562483,100.00,,
     5.712464702,955,,offcore_response.all_requests.llc_miss.any_response,79564939,100.00,,
     5.812677580,8743663,,offcore_response.all_requests.llc_hit.any_response,79377199,100.00,,
     5.812677580,1484,,offcore_response.all_requests.llc_miss.any_response,79390858,100.00,,
     5.912894434,8755251,,offcore_response.all_requests.llc_hit.any_response,79518177,100.00,,
     5.912894434,939,,offcore_response.all_requests.llc_miss.any_response,79501821,100.00,,
     6.013107857,8845958,,offcore_response.all_requests.llc_hit.any_response,80411055,100.00,,
     6.013107857,921,,offcore_response.all_requests.llc_miss.any_response,80420792,100.00,,
     6.113321113,8767466,,offcore_response.all_requests.llc_hit.any_response,79517486,100.00,,
     6.113321113,1068,,offcore_response.all_requests.llc_miss.any_response,79524094,100.00,,
     6.213535855,8978520,,offcore_response.all_requests.llc_hit.any_response,81933386,100.00,,
     6.213535855,1012,,offcore_response.all_requests.llc_miss.any_response,81934188,100.00,,
     6.313751884,8938868,,offcore_response.all_requests.llc_hit.any_response,76636752,100.00,,
     6.313751884,968,,offcore_response.all_requests.llc_miss.any_response,76605778,100.00,,
     6.413963321,8887310,,offcore_response.all_requests.llc_hit.any_response,75970803,100.00,,
     6.413963321,884,,offcore_response.all_requests.llc_miss.any_response,76000762,100.00,,
     6.514177927,8629943,,offcore_response.all_requests.llc_hit.any_response,81823403,100.00,,
     6.514177927,875,,offcore_response.all_requests.llc_miss.any_response,81809596,100.00,,
     6.614390017,9134566,,offcore_response.all_requests.llc_hit.any_response,82632387,100.00,,
     6.614390017,781,,offcore_response.all_requests.llc_miss.any_response,82646345,100.00,,
     6.714623125,9056163,,offcore_response.all_requests.llc_hit.any_response,77019606,100.00,,
     6.714623125,1058,,offcore_response.all_requests.llc_miss.any_response,77019645,100.00,,
     6.814839168,8990759,,offcore_response.all_requests.llc_hit.any_response,76339750,100.00,,
     6.814839168,882,,offcore_response.all_requests.llc_miss.any_response,76309601,100.00,,
     6.915054127,9019631,,offcore_response.all_requests.llc_hit.any_response,76616644,100.00,,
     6.915054127,890,,offcore_response.all_requests.llc_miss.any_response,76646554,100.00,,
     7.015272264,8321192,,offcore_response.all_requests.llc_hit.any_response,77806597,100.00,,
     7.015272264,815,,offcore_response.all_requests.llc_miss.any_response,77802578,100.00,,
     7.115486959,8853586,,offcore_response.all_requests.llc_hit.any_response,82370297,100.00,,
     7.115486959,840,,offcore_response.all_requests.llc_miss.any_response,82400625,100.00,,
     7.215729316,9700621,,offcore_response.all_requests.llc_hit.any_response,82851089,100.00,,
     7.215729316,1126,,offcore_response.all_requests.llc_miss.any_response,82794870,100.00,,
     7.315939956,9011250,,offcore_response.all_requests.llc_hit.any_response,76861807,100.00,,
     7.315939956,850,,offcore_response.all_requests.llc_miss.any_response,76878006,100.00,,
     7.416154671,8889784,,offcore_response.all_requests.llc_hit.any_response,75917479,100.00,,
     7.416154671,724,,offcore_response.all_requests.llc_miss.any_response,75931351,100.00,,
     7.516368314,8890177,,offcore_response.all_requests.llc_hit.any_response,75949690,100.00,,
     7.516368314,823,,offcore_response.all_requests.llc_miss.any_response,75942190,100.00,,
     7.616581607,8966095,,offcore_response.all_requests.llc_hit.any_response,76857323,100.00,,
     7.616581607,908,,offcore_response.all_requests.llc_miss.any_response,76864857,100.00,,
     7.716796888,8863306,,offcore_response.all_requests.llc_hit.any_response,75919871,100.00,,
     7.716796888,899,,offcore_response.all_requests.llc_miss.any_response,75918639,100.00,,
     7.817012606,8835796,,offcore_response.all_requests.llc_hit.any_response,75684817,100.00,,
     7.817012606,863,,offcore_response.all_requests.llc_miss.any_response,75686756,100.00,,
     7.917229620,8992487,,offcore_response.all_requests.llc_hit.any_response,76792491,100.00,,
     7.917229620,961,,offcore_response.all_requests.llc_miss.any_response,76791675,100.00,,
     8.017439076,8838893,,offcore_response.all_requests.llc_hit.any_response,75891629,100.00,,
     8.017439076,1054,,offcore_response.all_requests.llc_miss.any_response,75884808,100.00,,
     8.117659930,8950639,,offcore_response.all_requests.llc_hit.any_response,76757649,100.00,,
     8.117659930,721,,offcore_response.all_requests.llc_miss.any_response,76764354,100.00,,
     8.217875802,8863563,,offcore_response.all_requests.llc_hit.any_response,75957031,100.00,,
     8.217875802,1035,,offcore_response.all_requests.llc_miss.any_response,75942626,100.00,,
     8.318090951,8940672,,offcore_response.all_requests.llc_hit.any_response,76518769,100.00,,
     8.318090951,1012,,offcore_response.all_requests.llc_miss.any_response,76533342,100.00,,
     8.418308504,8917008,,offcore_response.all_requests.llc_hit.any_response,76309181,100.00,,
     8.418308504,1005,,offcore_response.all_requests.llc_miss.any_response,76309213,100.00,,
     8.518524065,8974443,,offcore_response.all_requests.llc_hit.any_response,76682127,100.00,,
     8.518524065,724,,offcore_response.all_requests.llc_miss.any_response,76682051,100.00,,
     8.618742134,8860488,,offcore_response.all_requests.llc_hit.any_response,75798776,100.00,,
     8.618742134,1015,,offcore_response.all_requests.llc_miss.any_response,75784675,100.00,,
     8.718958413,8929902,,offcore_response.all_requests.llc_hit.any_response,76542087,100.00,,
     8.718958413,891,,offcore_response.all_requests.llc_miss.any_response,76541397,100.00,,
     8.819176842,8959833,,offcore_response.all_requests.llc_hit.any_response,76651959,100.00,,
     8.819176842,812,,offcore_response.all_requests.llc_miss.any_response,76666643,100.00,,
     8.919414875,8343729,,offcore_response.all_requests.llc_hit.any_response,76475224,100.00,,
     8.919414875,949,,offcore_response.all_requests.llc_miss.any_response,76475638,100.00,,
     9.019635714,9200980,,offcore_response.all_requests.llc_hit.any_response,82991755,100.00,,
     9.019635714,1075,,offcore_response.all_requests.llc_miss.any_response,82999103,100.00,,
     9.119872365,9041247,,offcore_response.all_requests.llc_hit.any_response,81153555,100.00,,
     9.119872365,923,,offcore_response.all_requests.llc_miss.any_response,81146095,100.00,,
     9.220089901,8793112,,offcore_response.all_requests.llc_hit.any_response,79613244,100.00,,
     9.220089901,1150,,offcore_response.all_requests.llc_miss.any_response,79597277,100.00,,
     9.320307242,8826465,,offcore_response.all_requests.llc_hit.any_response,79884150,100.00,,
     9.320307242,851,,offcore_response.all_requests.llc_miss.any_response,79899808,100.00,,
     9.420523121,8781055,,offcore_response.all_requests.llc_hit.any_response,79530111,100.00,,
     9.420523121,973,,offcore_response.all_requests.llc_miss.any_response,79530551,100.00,,
     9.520739771,8846416,,offcore_response.all_requests.llc_hit.any_response,80129621,100.00,,
     9.520739771,773,,offcore_response.all_requests.llc_miss.any_response,80126145,100.00,,
     9.620952411,8794206,,offcore_response.all_requests.llc_hit.any_response,79718422,100.00,,
     9.620952411,1211,,offcore_response.all_requests.llc_miss.any_response,79719790,100.00,,
     9.721167190,8850729,,offcore_response.all_requests.llc_hit.any_response,80065431,100.00,,
     9.721167190,1158,,offcore_response.all_requests.llc_miss.any_response,80067579,100.00,,
     9.821383179,8816750,,offcore_response.all_requests.llc_hit.any_response,79698232,100.00,,
     9.821383179,961,,offcore_response.all_requests.llc_miss.any_response,79694214,100.00,,
     9.921597046,8738578,,offcore_response.all_requests.llc_hit.any_response,78970327,100.00,,
     9.921597046,852,,offcore_response.all_requests.llc_miss.any_response,78974134,100.00,,
    10.021813018,8830968,,offcore_response.all_requests.llc_hit.any_response,79874623,100.00,,
    10.021813018,870,,offcore_response.all_requests.llc_miss.any_response,79863565,100.00,,
    10.122026758,8800408,,offcore_response.all_requests.llc_hit.any_response,79725066,100.00,,
    10.122026758,810,,offcore_response.all_requests.llc_miss.any_response,79731865,100.00,,
    10.222240264,8792106,,offcore_response.all_requests.llc_hit.any_response,79759467,100.00,,
    10.222240264,1069,,offcore_response.all_requests.llc_miss.any_response,79763858,100.00,,
    10.322455707,8781678,,offcore_response.all_requests.llc_hit.any_response,82022392,100.00,,
    10.322455707,889,,offcore_response.all_requests.llc_miss.any_response,82022246,100.00,,
    10.422669395,8779526,,offcore_response.all_requests.llc_hit.any_response,78177618,100.00,,
    10.422669395,1058,,offcore_response.all_requests.llc_miss.any_response,78178073,100.00,,
    10.522891664,8967314,,offcore_response.all_requests.llc_hit.any_response,83365071,100.00,,
    10.522891664,1028,,offcore_response.all_requests.llc_miss.any_response,83364450,100.00,,
    10.623106136,8938493,,offcore_response.all_requests.llc_hit.any_response,81276479,100.00,,
    10.623106136,1072,,offcore_response.all_requests.llc_miss.any_response,81276468,100.00,,
    10.723322137,8738973,,offcore_response.all_requests.llc_hit.any_response,79608342,100.00,,
    10.723322137,843,,offcore_response.all_requests.llc_miss.any_response,79592439,100.00,,
    10.823550943,8854506,,offcore_response.all_requests.llc_hit.any_response,80520383,100.00,,
    10.823550943,765,,offcore_response.all_requests.llc_miss.any_response,80539509,100.00,,
    10.923773858,8790827,,offcore_response.all_requests.llc_hit.any_response,79523214,100.00,,
    10.923773858,809,,offcore_response.all_requests.llc_miss.any_response,79518369,100.00,,
    11.023988199,8755190,,offcore_response.all_requests.llc_hit.any_response,79472945,100.00,,
    11.023988199,901,,offcore_response.all_requests.llc_miss.any_response,79474650,100.00,,
