# started on Mon May  1 15:34:13 2023

     0.100192192,3227304,,offcore_response.all_requests.llc_hit.any_response,44006534,100.00,,
     0.100192192,36724,,offcore_response.all_requests.llc_miss.any_response,44006534,100.00,,
     0.200421458,3261842,,offcore_response.all_requests.llc_hit.any_response,44080399,100.00,,
     0.200421458,36908,,offcore_response.all_requests.llc_miss.any_response,44080399,100.00,,
     0.300599844,3238129,,offcore_response.all_requests.llc_hit.any_response,43699790,100.00,,
     0.300599844,37102,,offcore_response.all_requests.llc_miss.any_response,43699790,100.00,,
     0.400790391,3251720,,offcore_response.all_requests.llc_hit.any_response,43887685,100.00,,
     0.400790391,37045,,offcore_response.all_requests.llc_miss.any_response,43892410,100.00,,
     0.500981988,3267830,,offcore_response.all_requests.llc_hit.any_response,43422334,100.00,,
     0.500981988,37118,,offcore_response.all_requests.llc_miss.any_response,43417609,100.00,,
     0.601172886,3214208,,offcore_response.all_requests.llc_hit.any_response,43328018,100.00,,
     0.601172886,37496,,offcore_response.all_requests.llc_miss.any_response,43349582,100.00,,
     0.701372832,3213483,,offcore_response.all_requests.llc_hit.any_response,43201146,100.00,,
     0.701372832,37019,,offcore_response.all_requests.llc_miss.any_response,43179582,100.00,,
     0.801549922,3217918,,offcore_response.all_requests.llc_hit.any_response,42695131,100.00,,
     0.801549922,36800,,offcore_response.all_requests.llc_miss.any_response,42716623,100.00,,
     0.901745467,3223740,,offcore_response.all_requests.llc_hit.any_response,43720402,100.00,,
     0.901745467,37386,,offcore_response.all_requests.llc_miss.any_response,43698910,100.00,,
     1.001934424,3259746,,offcore_response.all_requests.llc_hit.any_response,44203010,100.00,,
     1.001934424,36712,,offcore_response.all_requests.llc_miss.any_response,44203010,100.00,,
     1.102124276,3193022,,offcore_response.all_requests.llc_hit.any_response,42268558,100.00,,
     1.102124276,36982,,offcore_response.all_requests.llc_miss.any_response,42268558,100.00,,
     1.202315803,3229605,,offcore_response.all_requests.llc_hit.any_response,44185575,100.00,,
     1.202315803,37611,,offcore_response.all_requests.llc_miss.any_response,44207173,100.00,,
     1.302511546,3285392,,offcore_response.all_requests.llc_hit.any_response,43163982,100.00,,
     1.302511546,36790,,offcore_response.all_requests.llc_miss.any_response,43161526,100.00,,
     1.402704535,3249817,,offcore_response.all_requests.llc_hit.any_response,43730471,100.00,,
     1.402704535,37031,,offcore_response.all_requests.llc_miss.any_response,43711329,100.00,,
     1.502892961,3243450,,offcore_response.all_requests.llc_hit.any_response,42791801,100.00,,
     1.502892961,37322,,offcore_response.all_requests.llc_miss.any_response,42805603,100.00,,
     1.603074377,3174478,,offcore_response.all_requests.llc_hit.any_response,42551751,100.00,,
     1.603074377,37213,,offcore_response.all_requests.llc_miss.any_response,42537949,100.00,,
     1.703263885,3203638,,offcore_response.all_requests.llc_hit.any_response,43284286,100.00,,
     1.703263885,37237,,offcore_response.all_requests.llc_miss.any_response,43284286,100.00,,
     1.803453076,3227808,,offcore_response.all_requests.llc_hit.any_response,43183252,100.00,,
     1.803453076,37212,,offcore_response.all_requests.llc_miss.any_response,43183252,100.00,,
     1.903640556,3216715,,offcore_response.all_requests.llc_hit.any_response,43309181,100.00,,
     1.903640556,37273,,offcore_response.all_requests.llc_miss.any_response,43309181,100.00,,
     2.003831854,3230598,,offcore_response.all_requests.llc_hit.any_response,43657999,100.00,,
     2.003831854,36677,,offcore_response.all_requests.llc_miss.any_response,43657999,100.00,,
     2.104021931,3229346,,offcore_response.all_requests.llc_hit.any_response,43605151,100.00,,
     2.104021931,37400,,offcore_response.all_requests.llc_miss.any_response,43605151,100.00,,
     2.204211268,3234512,,offcore_response.all_requests.llc_hit.any_response,43756263,100.00,,
     2.204211268,37243,,offcore_response.all_requests.llc_miss.any_response,43778616,100.00,,
     2.304440281,3244274,,offcore_response.all_requests.llc_hit.any_response,43662675,100.00,,
     2.304440281,36837,,offcore_response.all_requests.llc_miss.any_response,43640322,100.00,,
     2.404630414,3202371,,offcore_response.all_requests.llc_hit.any_response,42750941,100.00,,
     2.404630414,36814,,offcore_response.all_requests.llc_miss.any_response,42750941,100.00,,
     2.504818853,3214758,,offcore_response.all_requests.llc_hit.any_response,43467877,100.00,,
     2.504818853,36850,,offcore_response.all_requests.llc_miss.any_response,43467877,100.00,,
     2.605013306,3249513,,offcore_response.all_requests.llc_hit.any_response,43271886,100.00,,
     2.605013306,37530,,offcore_response.all_requests.llc_miss.any_response,43293060,100.00,,
     2.705212296,3162029,,offcore_response.all_requests.llc_hit.any_response,42206292,100.00,,
     2.705212296,36920,,offcore_response.all_requests.llc_miss.any_response,42207216,100.00,,
     2.805396656,3270682,,offcore_response.all_requests.llc_hit.any_response,43910870,100.00,,
     2.805396656,37386,,offcore_response.all_requests.llc_miss.any_response,43888772,100.00,,
     2.905585212,3236100,,offcore_response.all_requests.llc_hit.any_response,43846777,100.00,,
     2.905585212,36864,,offcore_response.all_requests.llc_miss.any_response,43868935,100.00,,
     3.005780516,3266143,,offcore_response.all_requests.llc_hit.any_response,43010080,100.00,,
     3.005780516,37374,,offcore_response.all_requests.llc_miss.any_response,42987922,100.00,,
     3.105979376,3203584,,offcore_response.all_requests.llc_hit.any_response,41674550,100.00,,
     3.105979376,36164,,offcore_response.all_requests.llc_miss.any_response,41674550,100.00,,
     3.206170190,3250542,,offcore_response.all_requests.llc_hit.any_response,42920388,100.00,,
     3.206170190,37753,,offcore_response.all_requests.llc_miss.any_response,42928661,100.00,,
     3.306361780,3238516,,offcore_response.all_requests.llc_hit.any_response,43953817,100.00,,
     3.306361780,37330,,offcore_response.all_requests.llc_miss.any_response,43961529,100.00,,
     3.406555360,3221066,,offcore_response.all_requests.llc_hit.any_response,42985744,100.00,,
     3.406555360,37049,,offcore_response.all_requests.llc_miss.any_response,42980604,100.00,,
     3.506750551,3198106,,offcore_response.all_requests.llc_hit.any_response,42531701,100.00,,
     3.506750551,37277,,offcore_response.all_requests.llc_miss.any_response,42543054,100.00,,
     3.606951303,3197361,,offcore_response.all_requests.llc_hit.any_response,41851662,100.00,,
     3.606951303,37064,,offcore_response.all_requests.llc_miss.any_response,41829464,100.00,,
     3.707146230,3237201,,offcore_response.all_requests.llc_hit.any_response,43797616,100.00,,
     3.707146230,36998,,offcore_response.all_requests.llc_miss.any_response,43819659,100.00,,
     3.807343051,3207492,,offcore_response.all_requests.llc_hit.any_response,43183675,100.00,,
     3.807343051,37125,,offcore_response.all_requests.llc_miss.any_response,43187395,100.00,,
     3.907583824,3147204,,offcore_response.all_requests.llc_hit.any_response,41769221,100.00,,
     3.907583824,36925,,offcore_response.all_requests.llc_miss.any_response,41743458,100.00,,
     4.007774546,3224580,,offcore_response.all_requests.llc_hit.any_response,43981068,100.00,,
     4.007774546,37522,,offcore_response.all_requests.llc_miss.any_response,44002171,100.00,,
     4.107970541,3296375,,offcore_response.all_requests.llc_hit.any_response,44084198,100.00,,
     4.107970541,37009,,offcore_response.all_requests.llc_miss.any_response,44063095,100.00,,
     4.208160901,3230843,,offcore_response.all_requests.llc_hit.any_response,42663443,100.00,,
     4.208160901,36549,,offcore_response.all_requests.llc_miss.any_response,42684614,100.00,,
     4.308356630,3231971,,offcore_response.all_requests.llc_hit.any_response,42716232,100.00,,
     4.308356630,36925,,offcore_response.all_requests.llc_miss.any_response,42695061,100.00,,
     4.408546255,3157442,,offcore_response.all_requests.llc_hit.any_response,42611762,100.00,,
     4.408546255,37149,,offcore_response.all_requests.llc_miss.any_response,42611762,100.00,,
     4.508755700,3240322,,offcore_response.all_requests.llc_hit.any_response,43906334,100.00,,
     4.508755700,37427,,offcore_response.all_requests.llc_miss.any_response,43928960,100.00,,
     4.608955244,3209513,,offcore_response.all_requests.llc_hit.any_response,43288558,100.00,,
     4.608955244,36937,,offcore_response.all_requests.llc_miss.any_response,43265932,100.00,,
     4.709144945,3225512,,offcore_response.all_requests.llc_hit.any_response,42839321,100.00,,
     4.709144945,37121,,offcore_response.all_requests.llc_miss.any_response,42839321,100.00,,
     4.809334507,3232519,,offcore_response.all_requests.llc_hit.any_response,43907910,100.00,,
     4.809334507,36658,,offcore_response.all_requests.llc_miss.any_response,43907910,100.00,,
     4.909524165,3255737,,offcore_response.all_requests.llc_hit.any_response,43280223,100.00,,
     4.909524165,37433,,offcore_response.all_requests.llc_miss.any_response,43280223,100.00,,
     5.009714501,3214512,,offcore_response.all_requests.llc_hit.any_response,42623150,100.00,,
     5.009714501,37367,,offcore_response.all_requests.llc_miss.any_response,42644489,100.00,,
     5.109911122,3166672,,offcore_response.all_requests.llc_hit.any_response,42486220,100.00,,
     5.109911122,37005,,offcore_response.all_requests.llc_miss.any_response,42475048,100.00,,
     5.210093150,3285399,,offcore_response.all_requests.llc_hit.any_response,43602807,100.00,,
     5.210093150,37226,,offcore_response.all_requests.llc_miss.any_response,43592640,100.00,,
     5.310270846,3177123,,offcore_response.all_requests.llc_hit.any_response,42568892,100.00,,
     5.310270846,36761,,offcore_response.all_requests.llc_miss.any_response,42568892,100.00,,
     5.410464487,3248872,,offcore_response.all_requests.llc_hit.any_response,42115807,100.00,,
     5.410464487,37069,,offcore_response.all_requests.llc_miss.any_response,42115807,100.00,,
     5.510654138,3232408,,offcore_response.all_requests.llc_hit.any_response,43708604,100.00,,
     5.510654138,37107,,offcore_response.all_requests.llc_miss.any_response,43708604,100.00,,
     5.610843228,3295247,,offcore_response.all_requests.llc_hit.any_response,44203847,100.00,,
     5.610843228,36993,,offcore_response.all_requests.llc_miss.any_response,44225201,100.00,,
     5.711038156,3264774,,offcore_response.all_requests.llc_hit.any_response,42836311,100.00,,
     5.711038156,37069,,offcore_response.all_requests.llc_miss.any_response,42814957,100.00,,
     5.811227730,3191217,,offcore_response.all_requests.llc_hit.any_response,42607292,100.00,,
     5.811227730,36857,,offcore_response.all_requests.llc_miss.any_response,42607292,100.00,,
     5.911432426,3254555,,offcore_response.all_requests.llc_hit.any_response,43603154,100.00,,
     5.911432426,37051,,offcore_response.all_requests.llc_miss.any_response,43625679,100.00,,
     6.011632342,3234896,,offcore_response.all_requests.llc_hit.any_response,43395529,100.00,,
     6.011632342,37421,,offcore_response.all_requests.llc_miss.any_response,43373004,100.00,,
     6.111822334,3285188,,offcore_response.all_requests.llc_hit.any_response,43646217,100.00,,
     6.111822334,36636,,offcore_response.all_requests.llc_miss.any_response,43646217,100.00,,
     6.212014070,3201306,,offcore_response.all_requests.llc_hit.any_response,42996646,100.00,,
     6.212014070,37025,,offcore_response.all_requests.llc_miss.any_response,43017728,100.00,,
     6.312210854,3210644,,offcore_response.all_requests.llc_hit.any_response,43215319,100.00,,
     6.312210854,36855,,offcore_response.all_requests.llc_miss.any_response,43216291,100.00,,
     6.412407191,3227608,,offcore_response.all_requests.llc_hit.any_response,41110090,100.00,,
     6.412407191,36895,,offcore_response.all_requests.llc_miss.any_response,41109909,100.00,,
     6.512604343,3272786,,offcore_response.all_requests.llc_hit.any_response,44408469,100.00,,
     6.512604343,37295,,offcore_response.all_requests.llc_miss.any_response,44408767,100.00,,
     6.612827977,3215515,,offcore_response.all_requests.llc_hit.any_response,42963603,100.00,,
     6.612827977,37220,,offcore_response.all_requests.llc_miss.any_response,42941432,100.00,,
     6.713018450,3191915,,offcore_response.all_requests.llc_hit.any_response,42401400,100.00,,
     6.713018450,36960,,offcore_response.all_requests.llc_miss.any_response,42423735,100.00,,
     6.813216816,3287632,,offcore_response.all_requests.llc_hit.any_response,43731439,100.00,,
     6.813216816,37400,,offcore_response.all_requests.llc_miss.any_response,43730852,100.00,,
     6.913397689,3248056,,offcore_response.all_requests.llc_hit.any_response,44281004,100.00,,
     6.913397689,36841,,offcore_response.all_requests.llc_miss.any_response,44259256,100.00,,
     7.013588730,3181174,,offcore_response.all_requests.llc_hit.any_response,43177811,100.00,,
     7.013588730,37559,,offcore_response.all_requests.llc_miss.any_response,43199162,100.00,,
     7.113783193,3179886,,offcore_response.all_requests.llc_hit.any_response,41371368,100.00,,
     7.113783193,37389,,offcore_response.all_requests.llc_miss.any_response,41350017,100.00,,
     7.213981664,3183203,,offcore_response.all_requests.llc_hit.any_response,42108473,100.00,,
     7.213981664,37083,,offcore_response.all_requests.llc_miss.any_response,42115846,100.00,,
     7.314182201,3160522,,offcore_response.all_requests.llc_hit.any_response,42278541,100.00,,
     7.314182201,37301,,offcore_response.all_requests.llc_miss.any_response,42271168,100.00,,
     7.414372474,3261418,,offcore_response.all_requests.llc_hit.any_response,42714353,100.00,,
     7.414372474,37549,,offcore_response.all_requests.llc_miss.any_response,42714353,100.00,,
     7.514561376,3218897,,offcore_response.all_requests.llc_hit.any_response,42698482,100.00,,
     7.514561376,37325,,offcore_response.all_requests.llc_miss.any_response,42698482,100.00,,
     7.614750537,3217255,,offcore_response.all_requests.llc_hit.any_response,43602902,100.00,,
     7.614750537,37040,,offcore_response.all_requests.llc_miss.any_response,43602902,100.00,,
     7.714946359,3212259,,offcore_response.all_requests.llc_hit.any_response,41709843,100.00,,
     7.714946359,37039,,offcore_response.all_requests.llc_miss.any_response,41709843,100.00,,
     7.815138295,3191786,,offcore_response.all_requests.llc_hit.any_response,43157397,100.00,,
     7.815138295,37108,,offcore_response.all_requests.llc_miss.any_response,43170868,100.00,,
     7.915334190,3213574,,offcore_response.all_requests.llc_hit.any_response,42864688,100.00,,
     7.915334190,37182,,offcore_response.all_requests.llc_miss.any_response,42851217,100.00,,
     8.015540063,3228201,,offcore_response.all_requests.llc_hit.any_response,41750714,100.00,,
     8.015540063,37249,,offcore_response.all_requests.llc_miss.any_response,41772224,100.00,,
     8.115737048,3146628,,offcore_response.all_requests.llc_hit.any_response,42781165,100.00,,
     8.115737048,36499,,offcore_response.all_requests.llc_miss.any_response,42759655,100.00,,
     8.215927931,3251255,,offcore_response.all_requests.llc_hit.any_response,43228684,100.00,,
     8.215927931,37266,,offcore_response.all_requests.llc_miss.any_response,43249925,100.00,,
     8.316124555,3214621,,offcore_response.all_requests.llc_hit.any_response,43032380,100.00,,
     8.316124555,37349,,offcore_response.all_requests.llc_miss.any_response,43011139,100.00,,
     8.416315656,3195245,,offcore_response.all_requests.llc_hit.any_response,42719427,100.00,,
     8.416315656,37015,,offcore_response.all_requests.llc_miss.any_response,42719427,100.00,,
     8.516505559,3239282,,offcore_response.all_requests.llc_hit.any_response,44364468,100.00,,
     8.516505559,36941,,offcore_response.all_requests.llc_miss.any_response,44364468,100.00,,
     8.616698270,3204761,,offcore_response.all_requests.llc_hit.any_response,42913136,100.00,,
     8.616698270,37381,,offcore_response.all_requests.llc_miss.any_response,42913136,100.00,,
     8.716889940,3195819,,offcore_response.all_requests.llc_hit.any_response,43007872,100.00,,
     8.716889940,37150,,offcore_response.all_requests.llc_miss.any_response,43007872,100.00,,
     8.817103827,3214300,,offcore_response.all_requests.llc_hit.any_response,43276463,100.00,,
     8.817103827,36929,,offcore_response.all_requests.llc_miss.any_response,43276463,100.00,,
     8.917292162,3255914,,offcore_response.all_requests.llc_hit.any_response,43950824,100.00,,
     8.917292162,37174,,offcore_response.all_requests.llc_miss.any_response,43972836,100.00,,
     9.017489804,3188413,,offcore_response.all_requests.llc_hit.any_response,43191567,100.00,,
     9.017489804,37306,,offcore_response.all_requests.llc_miss.any_response,43190864,100.00,,
     9.117685704,3214661,,offcore_response.all_requests.llc_hit.any_response,42521087,100.00,,
     9.117685704,37296,,offcore_response.all_requests.llc_miss.any_response,42511613,100.00,,
     9.217860527,3165886,,offcore_response.all_requests.llc_hit.any_response,42728284,100.00,,
     9.217860527,37212,,offcore_response.all_requests.llc_miss.any_response,42737484,100.00,,
     9.318025794,3242520,,offcore_response.all_requests.llc_hit.any_response,42752690,100.00,,
     9.318025794,37710,,offcore_response.all_requests.llc_miss.any_response,42740742,100.00,,
     9.418217964,3219867,,offcore_response.all_requests.llc_hit.any_response,43404112,100.00,,
     9.418217964,36898,,offcore_response.all_requests.llc_miss.any_response,43395025,100.00,,
     9.518407111,3238080,,offcore_response.all_requests.llc_hit.any_response,43950553,100.00,,
     9.518407111,37257,,offcore_response.all_requests.llc_miss.any_response,43972095,100.00,,
     9.618603143,3200679,,offcore_response.all_requests.llc_hit.any_response,42060463,100.00,,
     9.618603143,36785,,offcore_response.all_requests.llc_miss.any_response,42060729,100.00,,
     9.718799865,3229460,,offcore_response.all_requests.llc_hit.any_response,43696040,100.00,,
     9.718799865,37292,,offcore_response.all_requests.llc_miss.any_response,43696477,100.00,,
     9.818996629,3252674,,offcore_response.all_requests.llc_hit.any_response,43472035,100.00,,
     9.818996629,37728,,offcore_response.all_requests.llc_miss.any_response,43449790,100.00,,
     9.919184529,3211118,,offcore_response.all_requests.llc_hit.any_response,43306053,100.00,,
     9.919184529,36834,,offcore_response.all_requests.llc_miss.any_response,43328232,100.00,,
    10.019380739,3217149,,offcore_response.all_requests.llc_hit.any_response,43084357,100.00,,
    10.019380739,37112,,offcore_response.all_requests.llc_miss.any_response,43062178,100.00,,
    10.119583467,3195004,,offcore_response.all_requests.llc_hit.any_response,43166754,100.00,,
    10.119583467,36870,,offcore_response.all_requests.llc_miss.any_response,43166754,100.00,,
    10.219773351,3247110,,offcore_response.all_requests.llc_hit.any_response,43106349,100.00,,
    10.219773351,36862,,offcore_response.all_requests.llc_miss.any_response,43106349,100.00,,
    10.319966413,3223082,,offcore_response.all_requests.llc_hit.any_response,43072699,100.00,,
    10.319966413,37213,,offcore_response.all_requests.llc_miss.any_response,43072699,100.00,,
    10.420156385,3186354,,offcore_response.all_requests.llc_hit.any_response,42838018,100.00,,
    10.420156385,36836,,offcore_response.all_requests.llc_miss.any_response,42859600,100.00,,
    10.520353781,3213705,,offcore_response.all_requests.llc_hit.any_response,44117298,100.00,,
    10.520353781,37217,,offcore_response.all_requests.llc_miss.any_response,44109558,100.00,,
    10.620556004,3206468,,offcore_response.all_requests.llc_hit.any_response,43814595,100.00,,
    10.620556004,36732,,offcore_response.all_requests.llc_miss.any_response,43816824,100.00,,
    10.720749915,3204899,,offcore_response.all_requests.llc_hit.any_response,43784331,100.00,,
    10.720749915,37149,,offcore_response.all_requests.llc_miss.any_response,43790180,100.00,,
    10.820948764,3251572,,offcore_response.all_requests.llc_hit.any_response,42271096,100.00,,
    10.820948764,37021,,offcore_response.all_requests.llc_miss.any_response,42249176,100.00,,
    10.921150786,3243903,,offcore_response.all_requests.llc_hit.any_response,44380685,100.00,,
    10.921150786,37172,,offcore_response.all_requests.llc_miss.any_response,44380685,100.00,,
    11.021367501,3205651,,offcore_response.all_requests.llc_hit.any_response,42925836,100.00,,
    11.021367501,36737,,offcore_response.all_requests.llc_miss.any_response,42925836,100.00,,
