# started on Mon May  1 15:32:27 2023

     0.100131806,63072228,,inst_retired.any,52608408,100.00,138.3,IpMispredict
     0.100131806,455925,,br_misp_retired.all_branches,52608408,100.00,,
     0.200341355,63964254,,inst_retired.any,53210349,100.00,139.2,IpMispredict
     0.200341355,462887,,br_misp_retired.all_branches,53210349,100.00,,
     0.300531556,62508165,,inst_retired.any,52331067,100.00,136.4,IpMispredict
     0.300531556,456226,,br_misp_retired.all_branches,52331067,100.00,,
     0.400714935,62952971,,inst_retired.any,52642277,100.00,137.3,IpMispredict
     0.400714935,458638,,br_misp_retired.all_branches,52642277,100.00,,
     0.500901718,63392206,,inst_retired.any,53113347,100.00,138.1,IpMispredict
     0.500901718,461420,,br_misp_retired.all_branches,53113347,100.00,,
     0.601092865,62763891,,inst_retired.any,52468137,100.00,136.8,IpMispredict
     0.601092865,457452,,br_misp_retired.all_branches,52468137,100.00,,
     0.701282598,62665739,,inst_retired.any,52463053,100.00,136.7,IpMispredict
     0.701282598,456332,,br_misp_retired.all_branches,52463053,100.00,,
     0.801465673,63138388,,inst_retired.any,52840529,100.00,137.6,IpMispredict
     0.801465673,460816,,br_misp_retired.all_branches,52840529,100.00,,
     0.901651351,62735344,,inst_retired.any,52673530,100.00,136.9,IpMispredict
     0.901651351,455663,,br_misp_retired.all_branches,52673530,100.00,,
     1.001834232,62970905,,inst_retired.any,53735040,100.00,137.4,IpMispredict
     1.001834232,458534,,br_misp_retired.all_branches,53735040,100.00,,
     1.102022201,62866485,,inst_retired.any,52390445,100.00,137.2,IpMispredict
     1.102022201,455536,,br_misp_retired.all_branches,52390445,100.00,,
     1.202212432,62916057,,inst_retired.any,53026973,100.00,137.3,IpMispredict
     1.202212432,459660,,br_misp_retired.all_branches,53026973,100.00,,
     1.302405601,63091452,,inst_retired.any,52783010,100.00,137.6,IpMispredict
     1.302405601,459861,,br_misp_retired.all_branches,52783010,100.00,,
     1.402589621,63486949,,inst_retired.any,52995863,100.00,138.5,IpMispredict
     1.402589621,459857,,br_misp_retired.all_branches,52995863,100.00,,
     1.502777300,62769029,,inst_retired.any,52473004,100.00,137.0,IpMispredict
     1.502777300,453761,,br_misp_retired.all_branches,52473004,100.00,,
     1.602961774,62572756,,inst_retired.any,52417681,100.00,136.6,IpMispredict
     1.602961774,455734,,br_misp_retired.all_branches,52417681,100.00,,
     1.703148791,63236303,,inst_retired.any,53193809,100.00,138.0,IpMispredict
     1.703148791,461047,,br_misp_retired.all_branches,53193809,100.00,,
     1.803337078,62894687,,inst_retired.any,52756937,100.00,137.3,IpMispredict
     1.803337078,457794,,br_misp_retired.all_branches,52756937,100.00,,
     1.903525860,63267912,,inst_retired.any,52832047,100.00,138.1,IpMispredict
     1.903525860,459551,,br_misp_retired.all_branches,52832047,100.00,,
     2.003713644,62382000,,inst_retired.any,52060876,100.00,136.2,IpMispredict
     2.003713644,450654,,br_misp_retired.all_branches,52060876,100.00,,
     2.103902974,63521563,,inst_retired.any,53140623,100.00,138.6,IpMispredict
     2.103902974,463734,,br_misp_retired.all_branches,53140623,100.00,,
     2.204089614,62341471,,inst_retired.any,52224557,100.00,136.1,IpMispredict
     2.204089614,457353,,br_misp_retired.all_branches,52224557,100.00,,
     2.304277870,63951640,,inst_retired.any,53412551,100.00,139.5,IpMispredict
     2.304277870,463923,,br_misp_retired.all_branches,53412551,100.00,,
     2.404466804,62895616,,inst_retired.any,52772179,100.00,137.2,IpMispredict
     2.404466804,457378,,br_misp_retired.all_branches,52772179,100.00,,
     2.504654440,62961727,,inst_retired.any,52538920,100.00,137.4,IpMispredict
     2.504654440,455084,,br_misp_retired.all_branches,52538920,100.00,,
     2.604840595,63236470,,inst_retired.any,52823765,100.00,138.0,IpMispredict
     2.604840595,460855,,br_misp_retired.all_branches,52823765,100.00,,
     2.705028892,62555393,,inst_retired.any,52877757,100.00,136.5,IpMispredict
     2.705028892,454887,,br_misp_retired.all_branches,52877757,100.00,,
     2.805234913,63095657,,inst_retired.any,52805254,100.00,137.7,IpMispredict
     2.805234913,460666,,br_misp_retired.all_branches,52805254,100.00,,
     2.905422898,62955751,,inst_retired.any,52665391,100.00,137.4,IpMispredict
     2.905422898,460811,,br_misp_retired.all_branches,52665391,100.00,,
     3.005613307,62788357,,inst_retired.any,52815635,100.00,137.0,IpMispredict
     3.005613307,458291,,br_misp_retired.all_branches,52815635,100.00,,
     3.105800427,63268603,,inst_retired.any,52803180,100.00,138.0,IpMispredict
     3.105800427,460969,,br_misp_retired.all_branches,52803180,100.00,,
     3.205986596,62777932,,inst_retired.any,52655271,100.00,136.9,IpMispredict
     3.205986596,461706,,br_misp_retired.all_branches,52655271,100.00,,
     3.306172834,63360448,,inst_retired.any,52799526,100.00,138.2,IpMispredict
     3.306172834,460030,,br_misp_retired.all_branches,52799526,100.00,,
     3.406359397,62525547,,inst_retired.any,52525360,100.00,136.4,IpMispredict
     3.406359397,455173,,br_misp_retired.all_branches,52525360,100.00,,
     3.506546804,62927834,,inst_retired.any,52644003,100.00,137.3,IpMispredict
     3.506546804,455440,,br_misp_retired.all_branches,52644003,100.00,,
     3.606735131,62856058,,inst_retired.any,52331524,100.00,137.2,IpMispredict
     3.606735131,454737,,br_misp_retired.all_branches,52331524,100.00,,
     3.706919766,63294556,,inst_retired.any,52714431,100.00,138.1,IpMispredict
     3.706919766,456555,,br_misp_retired.all_branches,52714431,100.00,,
     3.807109366,63284972,,inst_retired.any,52818401,100.00,138.1,IpMispredict
     3.807109366,456792,,br_misp_retired.all_branches,52818401,100.00,,
     3.907296793,62538137,,inst_retired.any,52577861,100.00,136.5,IpMispredict
     3.907296793,453795,,br_misp_retired.all_branches,52577861,100.00,,
     4.007480943,62945898,,inst_retired.any,52620951,100.00,137.5,IpMispredict
     4.007480943,452189,,br_misp_retired.all_branches,52620951,100.00,,
     4.107668291,62976772,,inst_retired.any,53091083,100.00,137.6,IpMispredict
     4.107668291,453831,,br_misp_retired.all_branches,53091083,100.00,,
     4.207868135,62677554,,inst_retired.any,52181221,100.00,136.9,IpMispredict
     4.207868135,450628,,br_misp_retired.all_branches,52181221,100.00,,
     4.308056812,62939473,,inst_retired.any,52365123,100.00,137.6,IpMispredict
     4.308056812,451983,,br_misp_retired.all_branches,52365123,100.00,,
     4.408243761,63070334,,inst_retired.any,52435029,100.00,137.9,IpMispredict
     4.408243761,455344,,br_misp_retired.all_branches,52435029,100.00,,
     4.508429862,62845166,,inst_retired.any,52369470,100.00,137.4,IpMispredict
     4.508429862,451263,,br_misp_retired.all_branches,52369470,100.00,,
     4.608617661,63358575,,inst_retired.any,52752085,100.00,138.5,IpMispredict
     4.608617661,457029,,br_misp_retired.all_branches,52752085,100.00,,
     4.708801972,62688978,,inst_retired.any,52195266,100.00,137.1,IpMispredict
     4.708801972,452419,,br_misp_retired.all_branches,52195266,100.00,,
     4.808990318,63296394,,inst_retired.any,52955426,100.00,138.4,IpMispredict
     4.808990318,458668,,br_misp_retired.all_branches,52955426,100.00,,
     4.909183503,62677106,,inst_retired.any,52138182,100.00,137.1,IpMispredict
     4.909183503,451621,,br_misp_retired.all_branches,52138182,100.00,,
     5.009376497,63192049,,inst_retired.any,52612838,100.00,138.2,IpMispredict
     5.009376497,454772,,br_misp_retired.all_branches,52612838,100.00,,
     5.109565481,62957793,,inst_retired.any,52467845,100.00,137.7,IpMispredict
     5.109565481,454935,,br_misp_retired.all_branches,52467845,100.00,,
     5.209751543,62536365,,inst_retired.any,52138113,100.00,136.9,IpMispredict
     5.209751543,450911,,br_misp_retired.all_branches,52138113,100.00,,
     5.309943711,63153873,,inst_retired.any,52459196,100.00,138.2,IpMispredict
     5.309943711,453823,,br_misp_retired.all_branches,52459196,100.00,,
     5.410130427,63405687,,inst_retired.any,53003773,100.00,138.8,IpMispredict
     5.410130427,457007,,br_misp_retired.all_branches,53003773,100.00,,
     5.510341169,62572361,,inst_retired.any,52079533,100.00,137.0,IpMispredict
     5.510341169,450089,,br_misp_retired.all_branches,52079533,100.00,,
     5.610529849,62985294,,inst_retired.any,52437421,100.00,137.9,IpMispredict
     5.610529849,454507,,br_misp_retired.all_branches,52437421,100.00,,
     5.710713665,63321905,,inst_retired.any,53036318,100.00,138.6,IpMispredict
     5.710713665,455776,,br_misp_retired.all_branches,53036318,100.00,,
     5.810902309,62350693,,inst_retired.any,51975176,100.00,136.6,IpMispredict
     5.810902309,448404,,br_misp_retired.all_branches,51975176,100.00,,
     5.911087558,63364341,,inst_retired.any,52702113,100.00,138.8,IpMispredict
     5.911087558,454773,,br_misp_retired.all_branches,52702113,100.00,,
     6.011273149,62661643,,inst_retired.any,52335535,100.00,137.3,IpMispredict
     6.011273149,450664,,br_misp_retired.all_branches,52335535,100.00,,
     6.111461311,63353668,,inst_retired.any,52915189,100.00,138.8,IpMispredict
     6.111461311,455186,,br_misp_retired.all_branches,52915189,100.00,,
     6.211647669,62875708,,inst_retired.any,52376421,100.00,137.8,IpMispredict
     6.211647669,453898,,br_misp_retired.all_branches,52376421,100.00,,
     6.311865648,62838724,,inst_retired.any,52333718,100.00,137.7,IpMispredict
     6.311865648,454934,,br_misp_retired.all_branches,52333718,100.00,,
     6.412051234,62935031,,inst_retired.any,53102856,100.00,137.9,IpMispredict
     6.412051234,455476,,br_misp_retired.all_branches,53102856,100.00,,
     6.512238171,62912259,,inst_retired.any,52586280,100.00,137.9,IpMispredict
     6.512238171,456796,,br_misp_retired.all_branches,52586280,100.00,,
     6.612426564,62719414,,inst_retired.any,52306164,100.00,137.4,IpMispredict
     6.612426564,456745,,br_misp_retired.all_branches,52306164,100.00,,
     6.712613524,63552341,,inst_retired.any,52927843,100.00,139.2,IpMispredict
     6.712613524,460060,,br_misp_retired.all_branches,52927843,100.00,,
     6.812800063,62459481,,inst_retired.any,52046667,100.00,136.9,IpMispredict
     6.812800063,452070,,br_misp_retired.all_branches,52046667,100.00,,
     6.912991703,63549253,,inst_retired.any,52913055,100.00,139.2,IpMispredict
     6.912991703,461908,,br_misp_retired.all_branches,52913055,100.00,,
     7.013178074,62362636,,inst_retired.any,52002143,100.00,136.7,IpMispredict
     7.013178074,452443,,br_misp_retired.all_branches,52002143,100.00,,
     7.113365763,62893424,,inst_retired.any,52614545,100.00,137.8,IpMispredict
     7.113365763,455059,,br_misp_retired.all_branches,52614545,100.00,,
     7.213549368,63244960,,inst_retired.any,52685581,100.00,138.6,IpMispredict
     7.213549368,458327,,br_misp_retired.all_branches,52685581,100.00,,
     7.313739231,63508902,,inst_retired.any,52700196,100.00,139.1,IpMispredict
     7.313739231,465374,,br_misp_retired.all_branches,52700196,100.00,,
     7.413929449,63249207,,inst_retired.any,52697353,100.00,138.5,IpMispredict
     7.413929449,461738,,br_misp_retired.all_branches,52697353,100.00,,
     7.514117828,62380332,,inst_retired.any,51945253,100.00,136.6,IpMispredict
     7.514117828,456369,,br_misp_retired.all_branches,51945253,100.00,,
     7.614305931,63474739,,inst_retired.any,52856587,100.00,139.0,IpMispredict
     7.614305931,462751,,br_misp_retired.all_branches,52856587,100.00,,
     7.714490649,62865919,,inst_retired.any,52809422,100.00,137.7,IpMispredict
     7.714490649,455867,,br_misp_retired.all_branches,52809422,100.00,,
     7.814679847,62673615,,inst_retired.any,52187428,100.00,137.3,IpMispredict
     7.814679847,455150,,br_misp_retired.all_branches,52187428,100.00,,
     7.914866221,63336437,,inst_retired.any,52666138,100.00,138.7,IpMispredict
     7.914866221,459435,,br_misp_retired.all_branches,52666138,100.00,,
     8.015050491,62758439,,inst_retired.any,52342968,100.00,137.4,IpMispredict
     8.015050491,455336,,br_misp_retired.all_branches,52342968,100.00,,
     8.115236770,63113292,,inst_retired.any,52621582,100.00,138.2,IpMispredict
     8.115236770,460558,,br_misp_retired.all_branches,52621582,100.00,,
     8.215423735,62664401,,inst_retired.any,52239847,100.00,137.2,IpMispredict
     8.215423735,454438,,br_misp_retired.all_branches,52239847,100.00,,
     8.315631634,63283175,,inst_retired.any,52862245,100.00,138.6,IpMispredict
     8.315631634,461799,,br_misp_retired.all_branches,52862245,100.00,,
     8.415833754,62730824,,inst_retired.any,52442871,100.00,137.3,IpMispredict
     8.415833754,458761,,br_misp_retired.all_branches,52442871,100.00,,
     8.516018692,62827993,,inst_retired.any,52927263,100.00,137.6,IpMispredict
     8.516018692,457900,,br_misp_retired.all_branches,52927263,100.00,,
     8.616206437,63199496,,inst_retired.any,52750618,100.00,138.3,IpMispredict
     8.616206437,461066,,br_misp_retired.all_branches,52750618,100.00,,
     8.716395903,63053040,,inst_retired.any,52493129,100.00,138.0,IpMispredict
     8.716395903,459196,,br_misp_retired.all_branches,52493129,100.00,,
     8.816580373,62729117,,inst_retired.any,52372970,100.00,137.3,IpMispredict
     8.816580373,456108,,br_misp_retired.all_branches,52372970,100.00,,
     8.916765499,62702379,,inst_retired.any,52262803,100.00,137.3,IpMispredict
     8.916765499,455633,,br_misp_retired.all_branches,52262803,100.00,,
     9.016950093,63385402,,inst_retired.any,52841096,100.00,138.7,IpMispredict
     9.016950093,459060,,br_misp_retired.all_branches,52841096,100.00,,
     9.117135242,62814231,,inst_retired.any,52324930,100.00,137.5,IpMispredict
     9.117135242,456004,,br_misp_retired.all_branches,52324930,100.00,,
     9.217328820,63404674,,inst_retired.any,52816860,100.00,138.8,IpMispredict
     9.217328820,461684,,br_misp_retired.all_branches,52816860,100.00,,
     9.317517098,62915307,,inst_retired.any,52673534,100.00,137.7,IpMispredict
     9.317517098,458416,,br_misp_retired.all_branches,52673534,100.00,,
     9.417701462,62757113,,inst_retired.any,52318513,100.00,137.4,IpMispredict
     9.417701462,456965,,br_misp_retired.all_branches,52318513,100.00,,
     9.517891458,62847540,,inst_retired.any,52695471,100.00,137.5,IpMispredict
     9.517891458,458254,,br_misp_retired.all_branches,52695471,100.00,,
     9.618074439,63229874,,inst_retired.any,52710740,100.00,138.4,IpMispredict
     9.618074439,460437,,br_misp_retired.all_branches,52710740,100.00,,
     9.718262364,62870512,,inst_retired.any,52500491,100.00,137.6,IpMispredict
     9.718262364,457137,,br_misp_retired.all_branches,52500491,100.00,,
     9.818451111,62983346,,inst_retired.any,52518412,100.00,137.8,IpMispredict
     9.818451111,458777,,br_misp_retired.all_branches,52518412,100.00,,
     9.918639524,62696680,,inst_retired.any,52285724,100.00,137.2,IpMispredict
     9.918639524,454021,,br_misp_retired.all_branches,52285724,100.00,,
    10.018833686,63031103,,inst_retired.any,52771707,100.00,137.9,IpMispredict
    10.018833686,457253,,br_misp_retired.all_branches,52771707,100.00,,
    10.119027656,62872665,,inst_retired.any,52767044,100.00,137.6,IpMispredict
    10.119027656,456125,,br_misp_retired.all_branches,52767044,100.00,,
    10.219215750,62669428,,inst_retired.any,52504572,100.00,137.2,IpMispredict
    10.219215750,456405,,br_misp_retired.all_branches,52504572,100.00,,
    10.319405447,63070011,,inst_retired.any,52960270,100.00,138.0,IpMispredict
    10.319405447,459228,,br_misp_retired.all_branches,52960270,100.00,,
    10.419590966,62863505,,inst_retired.any,52375801,100.00,137.6,IpMispredict
    10.419590966,457008,,br_misp_retired.all_branches,52375801,100.00,,
    10.519776562,63284519,,inst_retired.any,52660695,100.00,138.5,IpMispredict
    10.519776562,458183,,br_misp_retired.all_branches,52660695,100.00,,
    10.619963441,62524442,,inst_retired.any,52025639,100.00,136.8,IpMispredict
    10.619963441,453731,,br_misp_retired.all_branches,52025639,100.00,,
    10.720149011,62955674,,inst_retired.any,52334137,100.00,137.8,IpMispredict
    10.720149011,456874,,br_misp_retired.all_branches,52334137,100.00,,
    10.820336447,63024181,,inst_retired.any,52415141,100.00,137.9,IpMispredict
    10.820336447,457063,,br_misp_retired.all_branches,52415141,100.00,,
    10.920524326,63511694,,inst_retired.any,52881110,100.00,139.0,IpMispredict
    10.920524326,460878,,br_misp_retired.all_branches,52881110,100.00,,
    11.020730339,62347693,,inst_retired.any,51931438,100.00,136.5,IpMispredict
    11.020730339,451049,,br_misp_retired.all_branches,51931438,100.00,,
