# started on Mon May  1 15:34:39 2023

     0.100174678,9433714,,offcore_response.all_requests.llc_hit.any_response,79724083,100.00,,
     0.100174678,112131,,offcore_response.all_requests.llc_miss.any_response,79722146,100.00,,
     0.200415723,9342614,,offcore_response.all_requests.llc_hit.any_response,78868414,100.00,,
     0.200415723,111081,,offcore_response.all_requests.llc_miss.any_response,78867400,100.00,,
     0.300616665,9331827,,offcore_response.all_requests.llc_hit.any_response,78895834,100.00,,
     0.300616665,110887,,offcore_response.all_requests.llc_miss.any_response,78896392,100.00,,
     0.400813501,9397936,,offcore_response.all_requests.llc_hit.any_response,79279029,100.00,,
     0.400813501,111717,,offcore_response.all_requests.llc_miss.any_response,79278504,100.00,,
     0.501008893,9448286,,offcore_response.all_requests.llc_hit.any_response,79836896,100.00,,
     0.501008893,112355,,offcore_response.all_requests.llc_miss.any_response,79837586,100.00,,
     0.601204346,9345153,,offcore_response.all_requests.llc_hit.any_response,78820833,100.00,,
     0.601204346,111489,,offcore_response.all_requests.llc_miss.any_response,78813413,100.00,,
     0.701394720,9317026,,offcore_response.all_requests.llc_hit.any_response,78696743,100.00,,
     0.701394720,111478,,offcore_response.all_requests.llc_miss.any_response,78687734,100.00,,
     0.801588278,9468149,,offcore_response.all_requests.llc_hit.any_response,79720697,100.00,,
     0.801588278,112561,,offcore_response.all_requests.llc_miss.any_response,79719580,100.00,,
     0.901785552,9341592,,offcore_response.all_requests.llc_hit.any_response,78845798,100.00,,
     0.901785552,111440,,offcore_response.all_requests.llc_miss.any_response,78863233,100.00,,
     1.001980329,9291099,,offcore_response.all_requests.llc_hit.any_response,78767263,100.00,,
     1.001980329,112162,,offcore_response.all_requests.llc_miss.any_response,78766903,100.00,,
     1.102175522,9416096,,offcore_response.all_requests.llc_hit.any_response,79656771,100.00,,
     1.102175522,113049,,offcore_response.all_requests.llc_miss.any_response,79657068,100.00,,
     1.202370851,9339239,,offcore_response.all_requests.llc_hit.any_response,78917177,100.00,,
     1.202370851,111679,,offcore_response.all_requests.llc_miss.any_response,78905519,100.00,,
     1.302561563,9375005,,offcore_response.all_requests.llc_hit.any_response,79494656,100.00,,
     1.302561563,112170,,offcore_response.all_requests.llc_miss.any_response,79500967,100.00,,
     1.402753006,9320504,,offcore_response.all_requests.llc_hit.any_response,79057891,100.00,,
     1.402753006,111043,,offcore_response.all_requests.llc_miss.any_response,79073301,100.00,,
     1.502959140,9392343,,offcore_response.all_requests.llc_hit.any_response,79629918,100.00,,
     1.502959140,111666,,offcore_response.all_requests.llc_miss.any_response,79619939,100.00,,
     1.603153564,9297269,,offcore_response.all_requests.llc_hit.any_response,78792870,100.00,,
     1.603153564,110819,,offcore_response.all_requests.llc_miss.any_response,78792500,100.00,,
     1.703346500,9403437,,offcore_response.all_requests.llc_hit.any_response,79479060,100.00,,
     1.703346500,111713,,offcore_response.all_requests.llc_miss.any_response,79479788,100.00,,
     1.803543964,9300945,,offcore_response.all_requests.llc_hit.any_response,78719957,100.00,,
     1.803543964,110861,,offcore_response.all_requests.llc_miss.any_response,78719253,100.00,,
     1.903763823,9299041,,offcore_response.all_requests.llc_hit.any_response,78838082,100.00,,
     1.903763823,111232,,offcore_response.all_requests.llc_miss.any_response,78827812,100.00,,
     2.003956773,9405119,,offcore_response.all_requests.llc_hit.any_response,79655234,100.00,,
     2.003956773,112170,,offcore_response.all_requests.llc_miss.any_response,79662749,100.00,,
     2.104147588,9339194,,offcore_response.all_requests.llc_hit.any_response,79116311,100.00,,
     2.104147588,111260,,offcore_response.all_requests.llc_miss.any_response,79098052,100.00,,
     2.204336870,9381742,,offcore_response.all_requests.llc_hit.any_response,79359635,100.00,,
     2.204336870,111991,,offcore_response.all_requests.llc_miss.any_response,79380161,100.00,,
     2.304552249,9407026,,offcore_response.all_requests.llc_hit.any_response,79578404,100.00,,
     2.304552249,112011,,offcore_response.all_requests.llc_miss.any_response,79579957,100.00,,
     2.404749151,9328023,,offcore_response.all_requests.llc_hit.any_response,78857395,100.00,,
     2.404749151,111048,,offcore_response.all_requests.llc_miss.any_response,78849572,100.00,,
     2.504943699,9384705,,offcore_response.all_requests.llc_hit.any_response,79673619,100.00,,
     2.504943699,111689,,offcore_response.all_requests.llc_miss.any_response,79680729,100.00,,
     2.605145469,9281799,,offcore_response.all_requests.llc_hit.any_response,78757527,100.00,,
     2.605145469,110664,,offcore_response.all_requests.llc_miss.any_response,78756970,100.00,,
     2.705345849,9376158,,offcore_response.all_requests.llc_hit.any_response,79664935,100.00,,
     2.705345849,111886,,offcore_response.all_requests.llc_miss.any_response,79665661,100.00,,
     2.805541730,9271544,,offcore_response.all_requests.llc_hit.any_response,78667605,100.00,,
     2.805541730,110670,,offcore_response.all_requests.llc_miss.any_response,78648870,100.00,,
     2.905734439,9365771,,offcore_response.all_requests.llc_hit.any_response,79581647,100.00,,
     2.905734439,111840,,offcore_response.all_requests.llc_miss.any_response,79599977,100.00,,
     3.005930463,9215649,,offcore_response.all_requests.llc_hit.any_response,78650432,100.00,,
     3.005930463,110657,,offcore_response.all_requests.llc_miss.any_response,78641474,100.00,,
     3.106122217,9369526,,offcore_response.all_requests.llc_hit.any_response,79790618,100.00,,
     3.106122217,112588,,offcore_response.all_requests.llc_miss.any_response,79799814,100.00,,
     3.206318116,9281095,,offcore_response.all_requests.llc_hit.any_response,78888067,100.00,,
     3.206318116,111498,,offcore_response.all_requests.llc_miss.any_response,78883129,100.00,,
     3.306509526,9350943,,offcore_response.all_requests.llc_hit.any_response,79646244,100.00,,
     3.306509526,112408,,offcore_response.all_requests.llc_miss.any_response,79651523,100.00,,
     3.406707181,9340168,,offcore_response.all_requests.llc_hit.any_response,79495237,100.00,,
     3.406707181,111419,,offcore_response.all_requests.llc_miss.any_response,79494486,100.00,,
     3.506905700,9266738,,offcore_response.all_requests.llc_hit.any_response,78762815,100.00,,
     3.506905700,110283,,offcore_response.all_requests.llc_miss.any_response,78745922,100.00,,
     3.607106114,9362844,,offcore_response.all_requests.llc_hit.any_response,79749741,100.00,,
     3.607106114,111917,,offcore_response.all_requests.llc_miss.any_response,79766540,100.00,,
     3.707301219,9272183,,offcore_response.all_requests.llc_hit.any_response,78727637,100.00,,
     3.707301219,110879,,offcore_response.all_requests.llc_miss.any_response,78726845,100.00,,
     3.807495154,9291138,,offcore_response.all_requests.llc_hit.any_response,78892684,100.00,,
     3.807495154,110628,,offcore_response.all_requests.llc_miss.any_response,78893887,100.00,,
     3.907688856,9398078,,offcore_response.all_requests.llc_hit.any_response,79757160,100.00,,
     3.907688856,111906,,offcore_response.all_requests.llc_miss.any_response,79771501,100.00,,
     4.007906514,9365217,,offcore_response.all_requests.llc_hit.any_response,79421830,100.00,,
     4.007906514,111939,,offcore_response.all_requests.llc_miss.any_response,79386214,100.00,,
     4.108094315,9334504,,offcore_response.all_requests.llc_hit.any_response,79199531,100.00,,
     4.108094315,111504,,offcore_response.all_requests.llc_miss.any_response,79220930,100.00,,
     4.208290596,9313287,,offcore_response.all_requests.llc_hit.any_response,78881821,100.00,,
     4.208290596,110642,,offcore_response.all_requests.llc_miss.any_response,78881092,100.00,,
     4.308484798,9400182,,offcore_response.all_requests.llc_hit.any_response,79767753,100.00,,
     4.308484798,111991,,offcore_response.all_requests.llc_miss.any_response,79768456,100.00,,
     4.408709720,9266782,,offcore_response.all_requests.llc_hit.any_response,78551511,100.00,,
     4.408709720,110511,,offcore_response.all_requests.llc_miss.any_response,78550863,100.00,,
     4.508902909,9375868,,offcore_response.all_requests.llc_hit.any_response,79683273,100.00,,
     4.508902909,111783,,offcore_response.all_requests.llc_miss.any_response,79676407,100.00,,
     4.609096113,9271728,,offcore_response.all_requests.llc_hit.any_response,78847817,100.00,,
     4.609096113,110926,,offcore_response.all_requests.llc_miss.any_response,78854863,100.00,,
     4.709290222,9402646,,offcore_response.all_requests.llc_hit.any_response,79709272,100.00,,
     4.709290222,112012,,offcore_response.all_requests.llc_miss.any_response,79709736,100.00,,
     4.809485253,9291212,,offcore_response.all_requests.llc_hit.any_response,78901024,100.00,,
     4.809485253,110516,,offcore_response.all_requests.llc_miss.any_response,78894457,100.00,,
     4.909676971,9400915,,offcore_response.all_requests.llc_hit.any_response,79726411,100.00,,
     4.909676971,111924,,offcore_response.all_requests.llc_miss.any_response,79732819,100.00,,
     5.009872265,9287804,,offcore_response.all_requests.llc_hit.any_response,78830526,100.00,,
     5.009872265,110745,,offcore_response.all_requests.llc_miss.any_response,78830357,100.00,,
     5.110068145,9376866,,offcore_response.all_requests.llc_hit.any_response,79685939,100.00,,
     5.110068145,112327,,offcore_response.all_requests.llc_miss.any_response,79669881,100.00,,
     5.210261574,9288972,,offcore_response.all_requests.llc_hit.any_response,78860459,100.00,,
     5.210261574,111184,,offcore_response.all_requests.llc_miss.any_response,78873527,100.00,,
     5.310452334,9354899,,offcore_response.all_requests.llc_hit.any_response,79482422,100.00,,
     5.310452334,111678,,offcore_response.all_requests.llc_miss.any_response,79485720,100.00,,
     5.410650630,9359566,,offcore_response.all_requests.llc_hit.any_response,79494449,100.00,,
     5.410650630,112401,,offcore_response.all_requests.llc_miss.any_response,79493789,100.00,,
     5.510849286,9261061,,offcore_response.all_requests.llc_hit.any_response,78945549,100.00,,
     5.510849286,111295,,offcore_response.all_requests.llc_miss.any_response,78946125,100.00,,
     5.611032878,9371947,,offcore_response.all_requests.llc_hit.any_response,79560834,100.00,,
     5.611032878,112220,,offcore_response.all_requests.llc_miss.any_response,79543954,100.00,,
     5.711225467,9284453,,offcore_response.all_requests.llc_hit.any_response,78898320,100.00,,
     5.711225467,110992,,offcore_response.all_requests.llc_miss.any_response,78913822,100.00,,
     5.811424888,9294523,,offcore_response.all_requests.llc_hit.any_response,78715754,100.00,,
     5.811424888,111312,,offcore_response.all_requests.llc_miss.any_response,78716954,100.00,,
     5.911619134,9388525,,offcore_response.all_requests.llc_hit.any_response,79581473,100.00,,
     5.911619134,112922,,offcore_response.all_requests.llc_miss.any_response,79581636,100.00,,
     6.011815061,9287476,,offcore_response.all_requests.llc_hit.any_response,78764888,100.00,,
     6.011815061,111313,,offcore_response.all_requests.llc_miss.any_response,78764371,100.00,,
     6.112009563,9395537,,offcore_response.all_requests.llc_hit.any_response,79663751,100.00,,
     6.112009563,112771,,offcore_response.all_requests.llc_miss.any_response,79654371,100.00,,
     6.212203824,9308515,,offcore_response.all_requests.llc_hit.any_response,78996774,100.00,,
     6.212203824,111464,,offcore_response.all_requests.llc_miss.any_response,79006188,100.00,,
     6.312397518,9365352,,offcore_response.all_requests.llc_hit.any_response,79486935,100.00,,
     6.312397518,112918,,offcore_response.all_requests.llc_miss.any_response,79487650,100.00,,
     6.412593912,9294615,,offcore_response.all_requests.llc_hit.any_response,78721423,100.00,,
     6.412593912,110799,,offcore_response.all_requests.llc_miss.any_response,78706793,100.00,,
     6.512786788,9412864,,offcore_response.all_requests.llc_hit.any_response,79768983,100.00,,
     6.512786788,111672,,offcore_response.all_requests.llc_miss.any_response,79783542,100.00,,
     6.612977225,9301650,,offcore_response.all_requests.llc_hit.any_response,78854824,100.00,,
     6.612977225,110938,,offcore_response.all_requests.llc_miss.any_response,78853982,100.00,,
     6.713188588,9438040,,offcore_response.all_requests.llc_hit.any_response,79827453,100.00,,
     6.713188588,112210,,offcore_response.all_requests.llc_miss.any_response,79828292,100.00,,
     6.813384651,9284389,,offcore_response.all_requests.llc_hit.any_response,78659344,100.00,,
     6.813384651,110711,,offcore_response.all_requests.llc_miss.any_response,78658966,100.00,,
     6.913582284,9400497,,offcore_response.all_requests.llc_hit.any_response,79591254,100.00,,
     6.913582284,112501,,offcore_response.all_requests.llc_miss.any_response,79591788,100.00,,
     7.013781499,9338767,,offcore_response.all_requests.llc_hit.any_response,78886778,100.00,,
     7.013781499,111486,,offcore_response.all_requests.llc_miss.any_response,78884447,100.00,,
     7.113977211,9415858,,offcore_response.all_requests.llc_hit.any_response,79733811,100.00,,
     7.113977211,112465,,offcore_response.all_requests.llc_miss.any_response,79722403,100.00,,
     7.214171933,9329219,,offcore_response.all_requests.llc_hit.any_response,78824146,100.00,,
     7.214171933,111034,,offcore_response.all_requests.llc_miss.any_response,78832220,100.00,,
     7.314363833,9399356,,offcore_response.all_requests.llc_hit.any_response,79662753,100.00,,
     7.314363833,112483,,offcore_response.all_requests.llc_miss.any_response,79656152,100.00,,
     7.414557824,9311662,,offcore_response.all_requests.llc_hit.any_response,78951961,100.00,,
     7.414557824,111786,,offcore_response.all_requests.llc_miss.any_response,78962186,100.00,,
     7.514754104,9286296,,offcore_response.all_requests.llc_hit.any_response,78841994,100.00,,
     7.514754104,110587,,offcore_response.all_requests.llc_miss.any_response,78843917,100.00,,
     7.614952120,9309500,,offcore_response.all_requests.llc_hit.any_response,79361446,100.00,,
     7.614952120,111335,,offcore_response.all_requests.llc_miss.any_response,79360822,100.00,,
     7.715152797,9383780,,offcore_response.all_requests.llc_hit.any_response,79692557,100.00,,
     7.715152797,112660,,offcore_response.all_requests.llc_miss.any_response,79690917,100.00,,
     7.815349902,9252948,,offcore_response.all_requests.llc_hit.any_response,78596767,100.00,,
     7.815349902,110513,,offcore_response.all_requests.llc_miss.any_response,78577585,100.00,,
     7.915538389,9349530,,offcore_response.all_requests.llc_hit.any_response,79337127,100.00,,
     7.915538389,111894,,offcore_response.all_requests.llc_miss.any_response,79358554,100.00,,
     8.015744152,9398360,,offcore_response.all_requests.llc_hit.any_response,79763076,100.00,,
     8.015744152,112246,,offcore_response.all_requests.llc_miss.any_response,79762471,100.00,,
     8.115939513,9292624,,offcore_response.all_requests.llc_hit.any_response,78826933,100.00,,
     8.115939513,110774,,offcore_response.all_requests.llc_miss.any_response,78820989,100.00,,
     8.216133000,9311182,,offcore_response.all_requests.llc_hit.any_response,78903772,100.00,,
     8.216133000,110745,,offcore_response.all_requests.llc_miss.any_response,78909817,100.00,,
     8.316329682,9404327,,offcore_response.all_requests.llc_hit.any_response,79755712,100.00,,
     8.316329682,112073,,offcore_response.all_requests.llc_miss.any_response,79756094,100.00,,
     8.416525656,9309523,,offcore_response.all_requests.llc_hit.any_response,78891976,100.00,,
     8.416525656,110837,,offcore_response.all_requests.llc_miss.any_response,78873451,100.00,,
     8.516718113,9423801,,offcore_response.all_requests.llc_hit.any_response,79812753,100.00,,
     8.516718113,112267,,offcore_response.all_requests.llc_miss.any_response,79831507,100.00,,
     8.616912496,9316158,,offcore_response.all_requests.llc_hit.any_response,78914729,100.00,,
     8.616912496,111044,,offcore_response.all_requests.llc_miss.any_response,78913967,100.00,,
     8.717108024,9407921,,offcore_response.all_requests.llc_hit.any_response,79807474,100.00,,
     8.717108024,112165,,offcore_response.all_requests.llc_miss.any_response,79792495,100.00,,
     8.817309427,9306591,,offcore_response.all_requests.llc_hit.any_response,78871004,100.00,,
     8.817309427,111214,,offcore_response.all_requests.llc_miss.any_response,78886397,100.00,,
     8.917503242,9330191,,offcore_response.all_requests.llc_hit.any_response,78966410,100.00,,
     8.917503242,111403,,offcore_response.all_requests.llc_miss.any_response,78952318,100.00,,
     9.017694474,9401667,,offcore_response.all_requests.llc_hit.any_response,79772089,100.00,,
     9.017694474,112568,,offcore_response.all_requests.llc_miss.any_response,79785747,100.00,,
     9.117889371,9312807,,offcore_response.all_requests.llc_hit.any_response,78859406,100.00,,
     9.117889371,111254,,offcore_response.all_requests.llc_miss.any_response,78860161,100.00,,
     9.218083977,9357621,,offcore_response.all_requests.llc_hit.any_response,79548714,100.00,,
     9.218083977,112243,,offcore_response.all_requests.llc_miss.any_response,79547904,100.00,,
     9.318277475,9250049,,offcore_response.all_requests.llc_hit.any_response,78604418,100.00,,
     9.318277475,110619,,offcore_response.all_requests.llc_miss.any_response,78588752,100.00,,
     9.418470093,9401930,,offcore_response.all_requests.llc_hit.any_response,79621318,100.00,,
     9.418470093,112068,,offcore_response.all_requests.llc_miss.any_response,79637066,100.00,,
     9.518664038,9305974,,offcore_response.all_requests.llc_hit.any_response,78875279,100.00,,
     9.518664038,111374,,offcore_response.all_requests.llc_miss.any_response,78869533,100.00,,
     9.618856630,9403079,,offcore_response.all_requests.llc_hit.any_response,79717217,100.00,,
     9.618856630,112337,,offcore_response.all_requests.llc_miss.any_response,79723041,100.00,,
     9.719052023,9289592,,offcore_response.all_requests.llc_hit.any_response,78827845,100.00,,
     9.719052023,111129,,offcore_response.all_requests.llc_miss.any_response,78828192,100.00,,
     9.819246890,9341180,,offcore_response.all_requests.llc_hit.any_response,79291929,100.00,,
     9.819246890,111029,,offcore_response.all_requests.llc_miss.any_response,79280887,100.00,,
     9.919413511,9261665,,offcore_response.all_requests.llc_hit.any_response,78810995,100.00,,
     9.919413511,110235,,offcore_response.all_requests.llc_miss.any_response,78811834,100.00,,
    10.019605364,9446399,,offcore_response.all_requests.llc_hit.any_response,80398206,100.00,,
    10.019605364,113952,,offcore_response.all_requests.llc_miss.any_response,80407942,100.00,,
    10.119801627,9282054,,offcore_response.all_requests.llc_hit.any_response,78695906,100.00,,
    10.119801627,110574,,offcore_response.all_requests.llc_miss.any_response,78696377,100.00,,
    10.219997978,9373225,,offcore_response.all_requests.llc_hit.any_response,79511191,100.00,,
    10.219997978,111779,,offcore_response.all_requests.llc_miss.any_response,79505620,100.00,,
    10.320190820,9369150,,offcore_response.all_requests.llc_hit.any_response,79524072,100.00,,
    10.320190820,111906,,offcore_response.all_requests.llc_miss.any_response,79528292,100.00,,
    10.420388040,9268243,,offcore_response.all_requests.llc_hit.any_response,78791743,100.00,,
    10.420388040,113068,,offcore_response.all_requests.llc_miss.any_response,78792869,100.00,,
    10.520581691,9406409,,offcore_response.all_requests.llc_hit.any_response,79858059,100.00,,
    10.520581691,116184,,offcore_response.all_requests.llc_miss.any_response,79858462,100.00,,
    10.620778518,9282914,,offcore_response.all_requests.llc_hit.any_response,78634408,100.00,,
    10.620778518,113485,,offcore_response.all_requests.llc_miss.any_response,78625267,100.00,,
    10.720940914,9373025,,offcore_response.all_requests.llc_hit.any_response,79488086,100.00,,
    10.720940914,112757,,offcore_response.all_requests.llc_miss.any_response,79497069,100.00,,
    10.821137247,9279961,,offcore_response.all_requests.llc_hit.any_response,78798228,100.00,,
    10.821137247,111485,,offcore_response.all_requests.llc_miss.any_response,78798527,100.00,,
    10.921350494,9377062,,offcore_response.all_requests.llc_hit.any_response,79529327,100.00,,
    10.921350494,112256,,offcore_response.all_requests.llc_miss.any_response,79529007,100.00,,
    11.021550579,9393914,,offcore_response.all_requests.llc_hit.any_response,79825188,100.00,,
    11.021550579,111855,,offcore_response.all_requests.llc_miss.any_response,79824829,100.00,,
