# started on Mon May  1 15:32:40 2023

     0.100123667,94155651,,inst_retired.any,78673024,100.00,137.9,IpMispredict
     0.100123667,682600,,br_misp_retired.all_branches,78673024,100.00,,
     0.200330066,95153238,,inst_retired.any,79562640,100.00,138.9,IpMispredict
     0.200330066,687299,,br_misp_retired.all_branches,79562640,100.00,,
     0.300512801,94378121,,inst_retired.any,78563770,100.00,138.1,IpMispredict
     0.300512801,680863,,br_misp_retired.all_branches,78563770,100.00,,
     0.400704843,94480091,,inst_retired.any,78774467,100.00,138.4,IpMispredict
     0.400704843,680057,,br_misp_retired.all_branches,78774467,100.00,,
     0.500888751,94279030,,inst_retired.any,79113456,100.00,138.1,IpMispredict
     0.500888751,683032,,br_misp_retired.all_branches,79113456,100.00,,
     0.601080057,94237901,,inst_retired.any,78622414,100.00,138.0,IpMispredict
     0.601080057,682282,,br_misp_retired.all_branches,78622414,100.00,,
     0.701270714,94107922,,inst_retired.any,78571935,100.00,137.9,IpMispredict
     0.701270714,679423,,br_misp_retired.all_branches,78571935,100.00,,
     0.801459848,94316236,,inst_retired.any,78596959,100.00,138.2,IpMispredict
     0.801459848,683915,,br_misp_retired.all_branches,78596959,100.00,,
     0.901648501,95223203,,inst_retired.any,79449546,100.00,139.4,IpMispredict
     0.901648501,689746,,br_misp_retired.all_branches,79449546,100.00,,
     1.001838717,94459869,,inst_retired.any,78690147,100.00,138.3,IpMispredict
     1.001838717,681580,,br_misp_retired.all_branches,78690147,100.00,,
     1.102024206,94145828,,inst_retired.any,78485080,100.00,137.9,IpMispredict
     1.102024206,680236,,br_misp_retired.all_branches,78485080,100.00,,
     1.202209494,94390298,,inst_retired.any,78643954,100.00,138.3,IpMispredict
     1.202209494,678904,,br_misp_retired.all_branches,78643954,100.00,,
     1.302396447,94516584,,inst_retired.any,78639077,100.00,138.5,IpMispredict
     1.302396447,678541,,br_misp_retired.all_branches,78639077,100.00,,
     1.402582353,94539616,,inst_retired.any,78782401,100.00,138.6,IpMispredict
     1.402582353,684237,,br_misp_retired.all_branches,78782401,100.00,,
     1.502770325,94546417,,inst_retired.any,78966404,100.00,138.5,IpMispredict
     1.502770325,683813,,br_misp_retired.all_branches,78966404,100.00,,
     1.602956698,94514458,,inst_retired.any,78758469,100.00,138.5,IpMispredict
     1.602956698,681998,,br_misp_retired.all_branches,78758469,100.00,,
     1.703144562,93618338,,inst_retired.any,78449141,100.00,137.2,IpMispredict
     1.703144562,678523,,br_misp_retired.all_branches,78449141,100.00,,
     1.803333716,95072599,,inst_retired.any,79335395,100.00,139.3,IpMispredict
     1.803333716,684551,,br_misp_retired.all_branches,79335395,100.00,,
     1.903525737,94493339,,inst_retired.any,78711768,100.00,138.5,IpMispredict
     1.903525737,682486,,br_misp_retired.all_branches,78711768,100.00,,
     2.003717096,94440627,,inst_retired.any,78736970,100.00,138.4,IpMispredict
     2.003717096,678570,,br_misp_retired.all_branches,78736970,100.00,,
     2.103904663,94374886,,inst_retired.any,78759200,100.00,138.4,IpMispredict
     2.103904663,682155,,br_misp_retired.all_branches,78759200,100.00,,
     2.204095528,94065082,,inst_retired.any,78621640,100.00,137.9,IpMispredict
     2.204095528,677606,,br_misp_retired.all_branches,78621640,100.00,,
     2.304283197,94877590,,inst_retired.any,79167636,100.00,139.1,IpMispredict
     2.304283197,684741,,br_misp_retired.all_branches,79167636,100.00,,
     2.404473875,94227395,,inst_retired.any,79102308,100.00,138.2,IpMispredict
     2.404473875,680237,,br_misp_retired.all_branches,79102308,100.00,,
     2.504663657,94314179,,inst_retired.any,78691346,100.00,138.3,IpMispredict
     2.504663657,680302,,br_misp_retired.all_branches,78691346,100.00,,
     2.604854808,94090438,,inst_retired.any,78481733,100.00,138.0,IpMispredict
     2.604854808,675709,,br_misp_retired.all_branches,78481733,100.00,,
     2.705040417,94717302,,inst_retired.any,78826693,100.00,139.0,IpMispredict
     2.705040417,677016,,br_misp_retired.all_branches,78826693,100.00,,
     2.805248312,94050181,,inst_retired.any,78424143,100.00,138.0,IpMispredict
     2.805248312,680055,,br_misp_retired.all_branches,78424143,100.00,,
     2.905439650,94420361,,inst_retired.any,78710781,100.00,138.5,IpMispredict
     2.905439650,684712,,br_misp_retired.all_branches,78710781,100.00,,
     3.005628577,94552351,,inst_retired.any,78734502,100.00,138.7,IpMispredict
     3.005628577,683973,,br_misp_retired.all_branches,78734502,100.00,,
     3.105820340,94049675,,inst_retired.any,78357519,100.00,138.0,IpMispredict
     3.105820340,683175,,br_misp_retired.all_branches,78357519,100.00,,
     3.206010894,95519467,,inst_retired.any,79625250,100.00,140.1,IpMispredict
     3.206010894,690769,,br_misp_retired.all_branches,79625250,100.00,,
     3.306198210,94323888,,inst_retired.any,78543065,100.00,138.3,IpMispredict
     3.306198210,679746,,br_misp_retired.all_branches,78543065,100.00,,
     3.406388841,94329048,,inst_retired.any,78620656,100.00,138.3,IpMispredict
     3.406388841,682754,,br_misp_retired.all_branches,78620656,100.00,,
     3.506574937,94700123,,inst_retired.any,79270353,100.00,138.8,IpMispredict
     3.506574937,686003,,br_misp_retired.all_branches,79270353,100.00,,
     3.606762153,94276837,,inst_retired.any,78722332,100.00,138.2,IpMispredict
     3.606762153,681858,,br_misp_retired.all_branches,78722332,100.00,,
     3.706953723,94180164,,inst_retired.any,78692308,100.00,138.1,IpMispredict
     3.706953723,685278,,br_misp_retired.all_branches,78692308,100.00,,
     3.807142128,94393986,,inst_retired.any,78748727,100.00,138.4,IpMispredict
     3.807142128,682340,,br_misp_retired.all_branches,78748727,100.00,,
     3.907330393,94684022,,inst_retired.any,78754608,100.00,138.8,IpMispredict
     3.907330393,685343,,br_misp_retired.all_branches,78754608,100.00,,
     4.007520472,94355067,,inst_retired.any,78600038,100.00,138.3,IpMispredict
     4.007520472,678415,,br_misp_retired.all_branches,78600038,100.00,,
     4.107708660,94512727,,inst_retired.any,78687917,100.00,138.6,IpMispredict
     4.107708660,681080,,br_misp_retired.all_branches,78687917,100.00,,
     4.207899152,94294569,,inst_retired.any,78552486,100.00,138.3,IpMispredict
     4.207899152,680394,,br_misp_retired.all_branches,78552486,100.00,,
     4.308088440,95179619,,inst_retired.any,79253000,100.00,139.5,IpMispredict
     4.308088440,683865,,br_misp_retired.all_branches,79253000,100.00,,
     4.408274346,94612243,,inst_retired.any,78843221,100.00,138.7,IpMispredict
     4.408274346,684247,,br_misp_retired.all_branches,78843221,100.00,,
     4.508463587,94316576,,inst_retired.any,78652400,100.00,138.3,IpMispredict
     4.508463587,682990,,br_misp_retired.all_branches,78652400,100.00,,
     4.608652260,94145368,,inst_retired.any,78485989,100.00,138.0,IpMispredict
     4.608652260,679840,,br_misp_retired.all_branches,78485989,100.00,,
     4.708855917,94074812,,inst_retired.any,78497530,100.00,137.9,IpMispredict
     4.708855917,680335,,br_misp_retired.all_branches,78497530,100.00,,
     4.809044104,95284663,,inst_retired.any,79423547,100.00,139.7,IpMispredict
     4.809044104,685935,,br_misp_retired.all_branches,79423547,100.00,,
     4.909232968,94302011,,inst_retired.any,78647397,100.00,138.3,IpMispredict
     4.909232968,679637,,br_misp_retired.all_branches,78647397,100.00,,
     5.009423300,94538685,,inst_retired.any,78719397,100.00,138.6,IpMispredict
     5.009423300,682544,,br_misp_retired.all_branches,78719397,100.00,,
     5.109618134,94590468,,inst_retired.any,78798021,100.00,138.7,IpMispredict
     5.109618134,684072,,br_misp_retired.all_branches,78798021,100.00,,
     5.209811364,94213068,,inst_retired.any,78504017,100.00,138.1,IpMispredict
     5.209811364,680883,,br_misp_retired.all_branches,78504017,100.00,,
     5.310000781,93445408,,inst_retired.any,78236363,100.00,137.0,IpMispredict
     5.310000781,674461,,br_misp_retired.all_branches,78236363,100.00,,
     5.410191251,95611811,,inst_retired.any,79716548,100.00,140.2,IpMispredict
     5.410191251,687575,,br_misp_retired.all_branches,79716548,100.00,,
     5.510403505,94466098,,inst_retired.any,78855875,100.00,138.5,IpMispredict
     5.510403505,683473,,br_misp_retired.all_branches,78855875,100.00,,
     5.610595154,94487725,,inst_retired.any,78733424,100.00,138.5,IpMispredict
     5.610595154,683158,,br_misp_retired.all_branches,78733424,100.00,,
     5.710783720,94080026,,inst_retired.any,78871772,100.00,137.9,IpMispredict
     5.710783720,679792,,br_misp_retired.all_branches,78871772,100.00,,
     5.810971627,94633669,,inst_retired.any,78824688,100.00,138.7,IpMispredict
     5.810971627,683384,,br_misp_retired.all_branches,78824688,100.00,,
     5.911159226,94333477,,inst_retired.any,78677617,100.00,138.3,IpMispredict
     5.911159226,682314,,br_misp_retired.all_branches,78677617,100.00,,
     6.011348610,94467077,,inst_retired.any,79128028,100.00,138.5,IpMispredict
     6.011348610,678629,,br_misp_retired.all_branches,79128028,100.00,,
     6.111537045,94382170,,inst_retired.any,78496204,100.00,138.4,IpMispredict
     6.111537045,681703,,br_misp_retired.all_branches,78496204,100.00,,
     6.211724878,94305790,,inst_retired.any,78816461,100.00,138.3,IpMispredict
     6.211724878,679895,,br_misp_retired.all_branches,78816461,100.00,,
     6.311911600,94377180,,inst_retired.any,78686546,100.00,138.4,IpMispredict
     6.311911600,682668,,br_misp_retired.all_branches,78686546,100.00,,
     6.412100674,94508171,,inst_retired.any,78660892,100.00,138.6,IpMispredict
     6.412100674,678921,,br_misp_retired.all_branches,78660892,100.00,,
     6.512285132,94352684,,inst_retired.any,78526559,100.00,138.4,IpMispredict
     6.512285132,681350,,br_misp_retired.all_branches,78526559,100.00,,
     6.612475692,94751137,,inst_retired.any,78919025,100.00,138.9,IpMispredict
     6.612475692,682220,,br_misp_retired.all_branches,78919025,100.00,,
     6.712662728,94316906,,inst_retired.any,78836059,100.00,138.3,IpMispredict
     6.712662728,682188,,br_misp_retired.all_branches,78836059,100.00,,
     6.812850461,94225145,,inst_retired.any,78720532,100.00,138.2,IpMispredict
     6.812850461,682468,,br_misp_retired.all_branches,78720532,100.00,,
     6.913040189,94522679,,inst_retired.any,78858602,100.00,138.6,IpMispredict
     6.913040189,683868,,br_misp_retired.all_branches,78858602,100.00,,
     7.013231444,94361385,,inst_retired.any,78699151,100.00,138.4,IpMispredict
     7.013231444,684471,,br_misp_retired.all_branches,78699151,100.00,,
     7.113420683,94164517,,inst_retired.any,78562190,100.00,138.1,IpMispredict
     7.113420683,681388,,br_misp_retired.all_branches,78562190,100.00,,
     7.213610288,95305827,,inst_retired.any,79520845,100.00,139.7,IpMispredict
     7.213610288,688804,,br_misp_retired.all_branches,79520845,100.00,,
     7.313796956,94377319,,inst_retired.any,78619235,100.00,138.4,IpMispredict
     7.313796956,681390,,br_misp_retired.all_branches,78619235,100.00,,
     7.413986056,94687897,,inst_retired.any,78798969,100.00,138.8,IpMispredict
     7.413986056,682040,,br_misp_retired.all_branches,78798969,100.00,,
     7.514173428,94870717,,inst_retired.any,78870749,100.00,139.1,IpMispredict
     7.514173428,679654,,br_misp_retired.all_branches,78870749,100.00,,
     7.614364239,94327360,,inst_retired.any,78619114,100.00,138.3,IpMispredict
     7.614364239,682168,,br_misp_retired.all_branches,78619114,100.00,,
     7.714551403,95001006,,inst_retired.any,79295549,100.00,139.3,IpMispredict
     7.714551403,686181,,br_misp_retired.all_branches,79295549,100.00,,
     7.814744243,94144831,,inst_retired.any,78573306,100.00,138.0,IpMispredict
     7.814744243,676701,,br_misp_retired.all_branches,78573306,100.00,,
     7.914936015,94952714,,inst_retired.any,79361432,100.00,139.2,IpMispredict
     7.914936015,683910,,br_misp_retired.all_branches,79361432,100.00,,
     8.015124446,94280488,,inst_retired.any,78537658,100.00,138.2,IpMispredict
     8.015124446,676729,,br_misp_retired.all_branches,78537658,100.00,,
     8.115312775,94504347,,inst_retired.any,78689801,100.00,138.6,IpMispredict
     8.115312775,681718,,br_misp_retired.all_branches,78689801,100.00,,
     8.215503484,94282244,,inst_retired.any,78549945,100.00,138.2,IpMispredict
     8.215503484,679057,,br_misp_retired.all_branches,78549945,100.00,,
     8.315710288,94615474,,inst_retired.any,78746168,100.00,138.7,IpMispredict
     8.315710288,680209,,br_misp_retired.all_branches,78746168,100.00,,
     8.415897958,94450608,,inst_retired.any,78699635,100.00,138.5,IpMispredict
     8.415897958,679585,,br_misp_retired.all_branches,78699635,100.00,,
     8.516086275,94162277,,inst_retired.any,78518499,100.00,138.1,IpMispredict
     8.516086275,678258,,br_misp_retired.all_branches,78518499,100.00,,
     8.616273939,94443457,,inst_retired.any,78578982,100.00,138.5,IpMispredict
     8.616273939,679585,,br_misp_retired.all_branches,78578982,100.00,,
     8.716461278,94539136,,inst_retired.any,78755953,100.00,138.6,IpMispredict
     8.716461278,680971,,br_misp_retired.all_branches,78755953,100.00,,
     8.816649746,94539220,,inst_retired.any,78755499,100.00,138.6,IpMispredict
     8.816649746,681732,,br_misp_retired.all_branches,78755499,100.00,,
     8.916837649,94923603,,inst_retired.any,78658138,100.00,139.2,IpMispredict
     8.916837649,682564,,br_misp_retired.all_branches,78658138,100.00,,
     9.017028099,95346611,,inst_retired.any,79798597,100.00,139.8,IpMispredict
     9.017028099,688339,,br_misp_retired.all_branches,79798597,100.00,,
     9.117215628,93421008,,inst_retired.any,77708877,100.00,137.0,IpMispredict
     9.117215628,676128,,br_misp_retired.all_branches,77708877,100.00,,
     9.217405416,94660965,,inst_retired.any,78847703,100.00,138.8,IpMispredict
     9.217405416,679355,,br_misp_retired.all_branches,78847703,100.00,,
     9.317591709,94633544,,inst_retired.any,78699388,100.00,138.8,IpMispredict
     9.317591709,681133,,br_misp_retired.all_branches,78699388,100.00,,
     9.417779943,94819811,,inst_retired.any,78812085,100.00,139.1,IpMispredict
     9.417779943,680921,,br_misp_retired.all_branches,78812085,100.00,,
     9.517966523,94102436,,inst_retired.any,78120165,100.00,138.0,IpMispredict
     9.517966523,678050,,br_misp_retired.all_branches,78120165,100.00,,
     9.618155096,94614050,,inst_retired.any,79152168,100.00,138.8,IpMispredict
     9.618155096,681532,,br_misp_retired.all_branches,79152168,100.00,,
     9.718341539,94625817,,inst_retired.any,78679448,100.00,138.8,IpMispredict
     9.718341539,682763,,br_misp_retired.all_branches,78679448,100.00,,
     9.818529737,94837377,,inst_retired.any,78945377,100.00,139.1,IpMispredict
     9.818529737,686622,,br_misp_retired.all_branches,78945377,100.00,,
     9.918714002,94475199,,inst_retired.any,78778188,100.00,138.6,IpMispredict
     9.918714002,683819,,br_misp_retired.all_branches,78778188,100.00,,
    10.018904955,94291802,,inst_retired.any,78679430,100.00,138.3,IpMispredict
    10.018904955,683975,,br_misp_retired.all_branches,78679430,100.00,,
    10.119096654,94560996,,inst_retired.any,78816348,100.00,138.7,IpMispredict
    10.119096654,685152,,br_misp_retired.all_branches,78816348,100.00,,
    10.219287932,94339627,,inst_retired.any,78747851,100.00,138.3,IpMispredict
    10.219287932,680962,,br_misp_retired.all_branches,78747851,100.00,,
    10.319477072,94156415,,inst_retired.any,78489732,100.00,138.1,IpMispredict
    10.319477072,679999,,br_misp_retired.all_branches,78489732,100.00,,
    10.419668179,94714303,,inst_retired.any,78762564,100.00,138.9,IpMispredict
    10.419668179,681891,,br_misp_retired.all_branches,78762564,100.00,,
    10.519891562,94414902,,inst_retired.any,78680352,100.00,138.5,IpMispredict
    10.519891562,680938,,br_misp_retired.all_branches,78680352,100.00,,
    10.620080537,94408166,,inst_retired.any,78786098,100.00,138.5,IpMispredict
    10.620080537,681606,,br_misp_retired.all_branches,78786098,100.00,,
    10.720288450,94985273,,inst_retired.any,79359037,100.00,139.3,IpMispredict
    10.720288450,686437,,br_misp_retired.all_branches,79359037,100.00,,
    10.820477025,93708037,,inst_retired.any,78383570,100.00,137.4,IpMispredict
    10.820477025,677709,,br_misp_retired.all_branches,78383570,100.00,,
    10.920664654,94551708,,inst_retired.any,78720228,100.00,138.7,IpMispredict
    10.920664654,681302,,br_misp_retired.all_branches,78720228,100.00,,
    11.020877957,94219377,,inst_retired.any,78582381,100.00,138.2,IpMispredict
    11.020877957,680690,,br_misp_retired.all_branches,78582381,100.00,,
