# started on Tue May  2 12:43:56 2023

     0.100188944,9145797,,offcore_response.all_requests.llc_hit.any_response,77697207,100.00,,
     0.100188944,832,,offcore_response.all_requests.llc_miss.any_response,77685523,100.00,,
     0.200415979,9199146,,offcore_response.all_requests.llc_hit.any_response,78417390,100.00,,
     0.200415979,1155,,offcore_response.all_requests.llc_miss.any_response,78417364,100.00,,
     0.300606240,9997522,,offcore_response.all_requests.llc_hit.any_response,85605885,100.00,,
     0.300606240,609,,offcore_response.all_requests.llc_miss.any_response,85605713,100.00,,
     0.400796700,9611680,,offcore_response.all_requests.llc_hit.any_response,81981036,100.00,,
     0.400796700,570,,offcore_response.all_requests.llc_miss.any_response,81974095,100.00,,
     0.500987378,9148978,,offcore_response.all_requests.llc_hit.any_response,77836332,100.00,,
     0.500987378,764,,offcore_response.all_requests.llc_miss.any_response,77843241,100.00,,
     0.601176910,9028679,,offcore_response.all_requests.llc_hit.any_response,77028252,100.00,,
     0.601176910,554,,offcore_response.all_requests.llc_miss.any_response,77015937,100.00,,
     0.701365981,9056665,,offcore_response.all_requests.llc_hit.any_response,77079942,100.00,,
     0.701365981,456,,offcore_response.all_requests.llc_miss.any_response,77092852,100.00,,
     0.801560199,9115753,,offcore_response.all_requests.llc_hit.any_response,76909831,100.00,,
     0.801560199,491,,offcore_response.all_requests.llc_miss.any_response,76909499,100.00,,
     0.901751699,9147854,,offcore_response.all_requests.llc_hit.any_response,77887634,100.00,,
     0.901751699,450,,offcore_response.all_requests.llc_miss.any_response,77887251,100.00,,
     1.001944194,9081952,,offcore_response.all_requests.llc_hit.any_response,77079986,100.00,,
     1.001944194,520,,offcore_response.all_requests.llc_miss.any_response,77080222,100.00,,
     1.102135645,9110140,,offcore_response.all_requests.llc_hit.any_response,77062266,100.00,,
     1.102135645,476,,offcore_response.all_requests.llc_miss.any_response,77062027,100.00,,
     1.202327204,9108710,,offcore_response.all_requests.llc_hit.any_response,76766853,100.00,,
     1.202327204,570,,offcore_response.all_requests.llc_miss.any_response,76752260,100.00,,
     1.302518879,9140720,,offcore_response.all_requests.llc_hit.any_response,76980343,100.00,,
     1.302518879,387,,offcore_response.all_requests.llc_miss.any_response,76997265,100.00,,
     1.402713503,9113247,,offcore_response.all_requests.llc_hit.any_response,76811448,100.00,,
     1.402713503,416,,offcore_response.all_requests.llc_miss.any_response,76809460,100.00,,
     1.502906721,9172856,,offcore_response.all_requests.llc_hit.any_response,78976814,100.00,,
     1.502906721,501,,offcore_response.all_requests.llc_miss.any_response,78961756,100.00,,
     1.603094294,9010691,,offcore_response.all_requests.llc_hit.any_response,76829589,100.00,,
     1.603094294,332,,offcore_response.all_requests.llc_miss.any_response,76844610,100.00,,
     1.703284527,9085028,,offcore_response.all_requests.llc_hit.any_response,77068387,100.00,,
     1.703284527,546,,offcore_response.all_requests.llc_miss.any_response,77047102,100.00,,
     1.803470932,9174783,,offcore_response.all_requests.llc_hit.any_response,77434619,100.00,,
     1.803470932,430,,offcore_response.all_requests.llc_miss.any_response,77455987,100.00,,
     1.903679351,9009308,,offcore_response.all_requests.llc_hit.any_response,76130334,100.00,,
     1.903679351,458,,offcore_response.all_requests.llc_miss.any_response,76130264,100.00,,
     2.003871040,9085646,,offcore_response.all_requests.llc_hit.any_response,76934399,100.00,,
     2.003871040,498,,offcore_response.all_requests.llc_miss.any_response,76934708,100.00,,
     2.104066285,9048686,,offcore_response.all_requests.llc_hit.any_response,76602060,100.00,,
     2.104066285,487,,offcore_response.all_requests.llc_miss.any_response,76603436,100.00,,
     2.204269576,9085460,,offcore_response.all_requests.llc_hit.any_response,76854258,100.00,,
     2.204269576,526,,offcore_response.all_requests.llc_miss.any_response,76845876,100.00,,
     2.304497014,9107092,,offcore_response.all_requests.llc_hit.any_response,77070006,100.00,,
     2.304497014,374,,offcore_response.all_requests.llc_miss.any_response,77078076,100.00,,
     2.404696986,9060770,,offcore_response.all_requests.llc_hit.any_response,77022691,100.00,,
     2.404696986,560,,offcore_response.all_requests.llc_miss.any_response,77023112,100.00,,
     2.504898406,9055453,,offcore_response.all_requests.llc_hit.any_response,77003278,100.00,,
     2.504898406,621,,offcore_response.all_requests.llc_miss.any_response,77002980,100.00,,
     2.605107682,9150078,,offcore_response.all_requests.llc_hit.any_response,77906417,100.00,,
     2.605107682,283,,offcore_response.all_requests.llc_miss.any_response,77892730,100.00,,
     2.705311318,9072362,,offcore_response.all_requests.llc_hit.any_response,76849203,100.00,,
     2.705311318,240,,offcore_response.all_requests.llc_miss.any_response,76840096,100.00,,
     2.805505641,9060371,,offcore_response.all_requests.llc_hit.any_response,76982732,100.00,,
     2.805505641,301,,offcore_response.all_requests.llc_miss.any_response,76982732,100.00,,
     2.905702651,9105562,,offcore_response.all_requests.llc_hit.any_response,77275589,100.00,,
     2.905702651,306,,offcore_response.all_requests.llc_miss.any_response,77286033,100.00,,
     3.005902759,9021970,,offcore_response.all_requests.llc_hit.any_response,76947126,100.00,,
     3.005902759,277,,offcore_response.all_requests.llc_miss.any_response,76959554,100.00,,
     3.106103357,8996452,,offcore_response.all_requests.llc_hit.any_response,76710856,100.00,,
     3.106103357,313,,offcore_response.all_requests.llc_miss.any_response,76710796,100.00,,
     3.206304274,9095440,,offcore_response.all_requests.llc_hit.any_response,77368274,100.00,,
     3.206304274,320,,offcore_response.all_requests.llc_miss.any_response,77345462,100.00,,
     3.306500619,9043424,,offcore_response.all_requests.llc_hit.any_response,77189352,100.00,,
     3.306500619,503,,offcore_response.all_requests.llc_miss.any_response,77212736,100.00,,
     3.406702113,9019639,,offcore_response.all_requests.llc_hit.any_response,76920221,100.00,,
     3.406702113,309,,offcore_response.all_requests.llc_miss.any_response,76922303,100.00,,
     3.506903978,9005479,,offcore_response.all_requests.llc_hit.any_response,76948331,100.00,,
     3.506903978,342,,offcore_response.all_requests.llc_miss.any_response,76945477,100.00,,
     3.607104523,9114026,,offcore_response.all_requests.llc_hit.any_response,77603115,100.00,,
     3.607104523,298,,offcore_response.all_requests.llc_miss.any_response,77603424,100.00,,
     3.707304099,9027123,,offcore_response.all_requests.llc_hit.any_response,76938578,100.00,,
     3.707304099,384,,offcore_response.all_requests.llc_miss.any_response,76927921,100.00,,
     3.807501584,9030413,,offcore_response.all_requests.llc_hit.any_response,76977601,100.00,,
     3.807501584,401,,offcore_response.all_requests.llc_miss.any_response,76988196,100.00,,
     3.907736831,9126546,,offcore_response.all_requests.llc_hit.any_response,77533480,100.00,,
     3.907736831,455,,offcore_response.all_requests.llc_miss.any_response,77510621,100.00,,
     4.007934345,9052685,,offcore_response.all_requests.llc_hit.any_response,77164444,100.00,,
     4.007934345,624,,offcore_response.all_requests.llc_miss.any_response,77187513,100.00,,
     4.108136902,9041543,,offcore_response.all_requests.llc_hit.any_response,77146975,100.00,,
     4.108136902,437,,offcore_response.all_requests.llc_miss.any_response,77146650,100.00,,
     4.208340441,9051188,,offcore_response.all_requests.llc_hit.any_response,77223170,100.00,,
     4.208340441,451,,offcore_response.all_requests.llc_miss.any_response,77209227,100.00,,
     4.308543308,8985374,,offcore_response.all_requests.llc_hit.any_response,76782861,100.00,,
     4.308543308,541,,offcore_response.all_requests.llc_miss.any_response,76784906,100.00,,
     4.408746503,9056133,,offcore_response.all_requests.llc_hit.any_response,77043324,100.00,,
     4.408746503,538,,offcore_response.all_requests.llc_miss.any_response,77055584,100.00,,
     4.508971679,9032138,,offcore_response.all_requests.llc_hit.any_response,76903973,100.00,,
     4.508971679,418,,offcore_response.all_requests.llc_miss.any_response,76880867,100.00,,
     4.609171636,9069971,,offcore_response.all_requests.llc_hit.any_response,77387913,100.00,,
     4.609171636,506,,offcore_response.all_requests.llc_miss.any_response,77387913,100.00,,
     4.709370113,9098017,,offcore_response.all_requests.llc_hit.any_response,77676961,100.00,,
     4.709370113,1210,,offcore_response.all_requests.llc_miss.any_response,77687784,100.00,,
     4.809572710,8986994,,offcore_response.all_requests.llc_hit.any_response,76418276,100.00,,
     4.809572710,692,,offcore_response.all_requests.llc_miss.any_response,76423538,100.00,,
     4.909772260,9024980,,offcore_response.all_requests.llc_hit.any_response,76942011,100.00,,
     4.909772260,491,,offcore_response.all_requests.llc_miss.any_response,76948423,100.00,,
     5.009971424,8991675,,offcore_response.all_requests.llc_hit.any_response,77014729,100.00,,
     5.009971424,513,,offcore_response.all_requests.llc_miss.any_response,77015097,100.00,,
     5.110171801,9023216,,offcore_response.all_requests.llc_hit.any_response,76858472,100.00,,
     5.110171801,553,,offcore_response.all_requests.llc_miss.any_response,76858380,100.00,,
     5.210373242,9042947,,offcore_response.all_requests.llc_hit.any_response,76909815,100.00,,
     5.210373242,540,,offcore_response.all_requests.llc_miss.any_response,76895168,100.00,,
     5.310576050,9058680,,offcore_response.all_requests.llc_hit.any_response,77063797,100.00,,
     5.310576050,540,,offcore_response.all_requests.llc_miss.any_response,77064639,100.00,,
     5.410774991,9132551,,offcore_response.all_requests.llc_hit.any_response,77567553,100.00,,
     5.410774991,545,,offcore_response.all_requests.llc_miss.any_response,77558585,100.00,,
     5.510971642,9028435,,offcore_response.all_requests.llc_hit.any_response,76841063,100.00,,
     5.510971642,411,,offcore_response.all_requests.llc_miss.any_response,76863771,100.00,,
     5.611177900,8989626,,offcore_response.all_requests.llc_hit.any_response,79173483,100.00,,
     5.611177900,646,,offcore_response.all_requests.llc_miss.any_response,79181291,100.00,,
     5.711392031,9120284,,offcore_response.all_requests.llc_hit.any_response,77779234,100.00,,
     5.711392031,496,,offcore_response.all_requests.llc_miss.any_response,77771572,100.00,,
     5.811613997,9049958,,offcore_response.all_requests.llc_hit.any_response,76991432,100.00,,
     5.811613997,580,,offcore_response.all_requests.llc_miss.any_response,76991498,100.00,,
     5.911821419,9025398,,offcore_response.all_requests.llc_hit.any_response,76849174,100.00,,
     5.911821419,489,,offcore_response.all_requests.llc_miss.any_response,76848834,100.00,,
     6.012021701,9084158,,offcore_response.all_requests.llc_hit.any_response,77677400,100.00,,
     6.012021701,535,,offcore_response.all_requests.llc_miss.any_response,77677859,100.00,,
     6.112224162,9019087,,offcore_response.all_requests.llc_hit.any_response,76959713,100.00,,
     6.112224162,594,,offcore_response.all_requests.llc_miss.any_response,76959227,100.00,,
     6.212423975,9005470,,offcore_response.all_requests.llc_hit.any_response,76788015,100.00,,
     6.212423975,576,,offcore_response.all_requests.llc_miss.any_response,76788236,100.00,,
     6.312624281,9013641,,offcore_response.all_requests.llc_hit.any_response,77007602,100.00,,
     6.312624281,548,,offcore_response.all_requests.llc_miss.any_response,77007527,100.00,,
     6.412823753,9054375,,offcore_response.all_requests.llc_hit.any_response,77141996,100.00,,
     6.412823753,504,,offcore_response.all_requests.llc_miss.any_response,77142084,100.00,,
     6.513024566,9003938,,offcore_response.all_requests.llc_hit.any_response,76584698,100.00,,
     6.513024566,546,,offcore_response.all_requests.llc_miss.any_response,76584627,100.00,,
     6.613224872,9053421,,offcore_response.all_requests.llc_hit.any_response,76846949,100.00,,
     6.613224872,492,,offcore_response.all_requests.llc_miss.any_response,76831469,100.00,,
     6.713446440,9032419,,offcore_response.all_requests.llc_hit.any_response,76698753,100.00,,
     6.713446440,457,,offcore_response.all_requests.llc_miss.any_response,76702508,100.00,,
     6.813646642,9032287,,offcore_response.all_requests.llc_hit.any_response,76958413,100.00,,
     6.813646642,448,,offcore_response.all_requests.llc_miss.any_response,76970316,100.00,,
     6.913847755,9050688,,offcore_response.all_requests.llc_hit.any_response,76842943,100.00,,
     6.913847755,491,,offcore_response.all_requests.llc_miss.any_response,76842765,100.00,,
     7.014048489,9051683,,offcore_response.all_requests.llc_hit.any_response,76869450,100.00,,
     7.014048489,480,,offcore_response.all_requests.llc_miss.any_response,76854319,100.00,,
     7.114248732,9027493,,offcore_response.all_requests.llc_hit.any_response,76814341,100.00,,
     7.114248732,403,,offcore_response.all_requests.llc_miss.any_response,76829396,100.00,,
     7.214449201,9025405,,offcore_response.all_requests.llc_hit.any_response,76969022,100.00,,
     7.214449201,516,,offcore_response.all_requests.llc_miss.any_response,76969324,100.00,,
     7.314649710,9067154,,offcore_response.all_requests.llc_hit.any_response,77115250,100.00,,
     7.314649710,325,,offcore_response.all_requests.llc_miss.any_response,77115094,100.00,,
     7.414853075,9112918,,offcore_response.all_requests.llc_hit.any_response,77025790,100.00,,
     7.414853075,455,,offcore_response.all_requests.llc_miss.any_response,77025482,100.00,,
     7.515055202,9092858,,offcore_response.all_requests.llc_hit.any_response,77743047,100.00,,
     7.515055202,430,,offcore_response.all_requests.llc_miss.any_response,77720569,100.00,,
     7.615256409,8992843,,offcore_response.all_requests.llc_hit.any_response,76424853,100.00,,
     7.615256409,477,,offcore_response.all_requests.llc_miss.any_response,76435633,100.00,,
     7.715464765,9074830,,offcore_response.all_requests.llc_hit.any_response,77037984,100.00,,
     7.715464765,371,,offcore_response.all_requests.llc_miss.any_response,77048267,100.00,,
     7.815709233,9159799,,offcore_response.all_requests.llc_hit.any_response,77640810,100.00,,
     7.815709233,536,,offcore_response.all_requests.llc_miss.any_response,77642580,100.00,,
     7.915911708,9069671,,offcore_response.all_requests.llc_hit.any_response,76752844,100.00,,
     7.915911708,423,,offcore_response.all_requests.llc_miss.any_response,76752745,100.00,,
     8.016114189,9022298,,offcore_response.all_requests.llc_hit.any_response,76834667,100.00,,
     8.016114189,391,,offcore_response.all_requests.llc_miss.any_response,76834754,100.00,,
     8.116312343,9019257,,offcore_response.all_requests.llc_hit.any_response,76767934,100.00,,
     8.116312343,552,,offcore_response.all_requests.llc_miss.any_response,76767738,100.00,,
     8.216512963,9033126,,offcore_response.all_requests.llc_hit.any_response,76719666,100.00,,
     8.216512963,617,,offcore_response.all_requests.llc_miss.any_response,76719815,100.00,,
     8.316711778,9064898,,offcore_response.all_requests.llc_hit.any_response,77021541,100.00,,
     8.316711778,674,,offcore_response.all_requests.llc_miss.any_response,77021576,100.00,,
     8.416913634,9071348,,offcore_response.all_requests.llc_hit.any_response,76735811,100.00,,
     8.416913634,578,,offcore_response.all_requests.llc_miss.any_response,76723695,100.00,,
     8.517112880,9084750,,offcore_response.all_requests.llc_hit.any_response,76901407,100.00,,
     8.517112880,401,,offcore_response.all_requests.llc_miss.any_response,76913415,100.00,,
     8.617312983,9087268,,offcore_response.all_requests.llc_hit.any_response,76877324,100.00,,
     8.617312983,487,,offcore_response.all_requests.llc_miss.any_response,76864287,100.00,,
     8.717514603,9079429,,offcore_response.all_requests.llc_hit.any_response,76821441,100.00,,
     8.717514603,496,,offcore_response.all_requests.llc_miss.any_response,76834703,100.00,,
     8.817715353,9041760,,offcore_response.all_requests.llc_hit.any_response,76937887,100.00,,
     8.817715353,520,,offcore_response.all_requests.llc_miss.any_response,76933101,100.00,,
     8.917935255,9049811,,offcore_response.all_requests.llc_hit.any_response,76847514,100.00,,
     8.917935255,458,,offcore_response.all_requests.llc_miss.any_response,76852098,100.00,,
     9.018136487,9063182,,offcore_response.all_requests.llc_hit.any_response,77061698,100.00,,
     9.018136487,429,,offcore_response.all_requests.llc_miss.any_response,77047243,100.00,,
     9.118341260,9035236,,offcore_response.all_requests.llc_hit.any_response,76755026,100.00,,
     9.118341260,6298,,offcore_response.all_requests.llc_miss.any_response,76756530,100.00,,
     9.218543555,9067949,,offcore_response.all_requests.llc_hit.any_response,76898825,100.00,,
     9.218543555,513,,offcore_response.all_requests.llc_miss.any_response,76896608,100.00,,
     9.318741572,9053356,,offcore_response.all_requests.llc_hit.any_response,76997023,100.00,,
     9.318741572,491,,offcore_response.all_requests.llc_miss.any_response,76998226,100.00,,
     9.418940133,9048142,,offcore_response.all_requests.llc_hit.any_response,76833172,100.00,,
     9.418940133,484,,offcore_response.all_requests.llc_miss.any_response,76847363,100.00,,
     9.519141154,9044851,,offcore_response.all_requests.llc_hit.any_response,76717710,100.00,,
     9.519141154,456,,offcore_response.all_requests.llc_miss.any_response,76717354,100.00,,
     9.619341739,9046500,,offcore_response.all_requests.llc_hit.any_response,76850149,100.00,,
     9.619341739,537,,offcore_response.all_requests.llc_miss.any_response,76837514,100.00,,
     9.719547531,9041656,,offcore_response.all_requests.llc_hit.any_response,77062192,100.00,,
     9.719547531,725,,offcore_response.all_requests.llc_miss.any_response,77075113,100.00,,
     9.819747882,9132883,,offcore_response.all_requests.llc_hit.any_response,77318243,100.00,,
     9.819747882,485,,offcore_response.all_requests.llc_miss.any_response,77321031,100.00,,
     9.919949816,9047551,,offcore_response.all_requests.llc_hit.any_response,76424731,100.00,,
     9.919949816,429,,offcore_response.all_requests.llc_miss.any_response,76422285,100.00,,
    10.020148605,9083253,,offcore_response.all_requests.llc_hit.any_response,76872080,100.00,,
    10.020148605,503,,offcore_response.all_requests.llc_miss.any_response,76871749,100.00,,
    10.120349449,9097597,,offcore_response.all_requests.llc_hit.any_response,76850499,100.00,,
    10.120349449,474,,offcore_response.all_requests.llc_miss.any_response,76850442,100.00,,
    10.220548456,9073794,,offcore_response.all_requests.llc_hit.any_response,76848654,100.00,,
    10.220548456,578,,offcore_response.all_requests.llc_miss.any_response,76840384,100.00,,
    10.320751700,9077845,,offcore_response.all_requests.llc_hit.any_response,76836705,100.00,,
    10.320751700,498,,offcore_response.all_requests.llc_miss.any_response,76844377,100.00,,
    10.420950968,9155008,,offcore_response.all_requests.llc_hit.any_response,77813673,100.00,,
    10.420950968,550,,offcore_response.all_requests.llc_miss.any_response,77814470,100.00,,
    10.521151803,9098879,,offcore_response.all_requests.llc_hit.any_response,76883544,100.00,,
    10.521151803,349,,offcore_response.all_requests.llc_miss.any_response,76883162,100.00,,
    10.621351572,9046740,,offcore_response.all_requests.llc_hit.any_response,76876881,100.00,,
    10.621351572,426,,offcore_response.all_requests.llc_miss.any_response,76876984,100.00,,
    10.721553768,9058184,,offcore_response.all_requests.llc_hit.any_response,76835328,100.00,,
    10.721553768,674,,offcore_response.all_requests.llc_miss.any_response,76835578,100.00,,
    10.821756196,9146326,,offcore_response.all_requests.llc_hit.any_response,77493020,100.00,,
    10.821756196,436,,offcore_response.all_requests.llc_miss.any_response,77493130,100.00,,
    10.921960863,9087323,,offcore_response.all_requests.llc_hit.any_response,76868813,100.00,,
    10.921960863,406,,offcore_response.all_requests.llc_miss.any_response,76868462,100.00,,
    11.022161177,9045195,,offcore_response.all_requests.llc_hit.any_response,76841270,100.00,,
    11.022161177,500,,offcore_response.all_requests.llc_miss.any_response,76841344,100.00,,
