# started on Mon May  1 17:03:19 2023

     0.100210310,3519674,,offcore_response.all_requests.llc_hit.any_response,63426463,100.00,,
     0.100210310,15312,,offcore_response.all_requests.llc_miss.any_response,63401980,100.00,,
     0.200440946,3482416,,offcore_response.all_requests.llc_hit.any_response,63033836,100.00,,
     0.200440946,14411,,offcore_response.all_requests.llc_miss.any_response,63015193,100.00,,
     0.300642204,3447663,,offcore_response.all_requests.llc_hit.any_response,62420986,100.00,,
     0.300642204,13921,,offcore_response.all_requests.llc_miss.any_response,62445512,100.00,,
     0.400848850,3461875,,offcore_response.all_requests.llc_hit.any_response,62415864,100.00,,
     0.400848850,13799,,offcore_response.all_requests.llc_miss.any_response,62414961,100.00,,
     0.501047901,3525716,,offcore_response.all_requests.llc_hit.any_response,63133332,100.00,,
     0.501047901,11170,,offcore_response.all_requests.llc_miss.any_response,63109709,100.00,,
     0.601239515,3534650,,offcore_response.all_requests.llc_hit.any_response,63088791,100.00,,
     0.601239515,12905,,offcore_response.all_requests.llc_miss.any_response,63088791,100.00,,
     0.701431123,3466818,,offcore_response.all_requests.llc_hit.any_response,62596669,100.00,,
     0.701431123,12923,,offcore_response.all_requests.llc_miss.any_response,62596669,100.00,,
     0.801623412,3496422,,offcore_response.all_requests.llc_hit.any_response,63410421,100.00,,
     0.801623412,14110,,offcore_response.all_requests.llc_miss.any_response,63426815,100.00,,
     0.901819633,3477601,,offcore_response.all_requests.llc_hit.any_response,63025436,100.00,,
     0.901819633,14245,,offcore_response.all_requests.llc_miss.any_response,63009042,100.00,,
     1.002018314,3535330,,offcore_response.all_requests.llc_hit.any_response,64131937,100.00,,
     1.002018314,16302,,offcore_response.all_requests.llc_miss.any_response,64155792,100.00,,
     1.102224619,3491931,,offcore_response.all_requests.llc_hit.any_response,62999148,100.00,,
     1.102224619,15190,,offcore_response.all_requests.llc_miss.any_response,62975293,100.00,,
     1.202417986,3469717,,offcore_response.all_requests.llc_hit.any_response,63022137,100.00,,
     1.202417986,12391,,offcore_response.all_requests.llc_miss.any_response,63022137,100.00,,
     1.302610399,3497812,,offcore_response.all_requests.llc_hit.any_response,63244813,100.00,,
     1.302610399,13102,,offcore_response.all_requests.llc_miss.any_response,63244813,100.00,,
     1.402801910,3448358,,offcore_response.all_requests.llc_hit.any_response,62162175,100.00,,
     1.402801910,13245,,offcore_response.all_requests.llc_miss.any_response,62162175,100.00,,
     1.502995144,3541354,,offcore_response.all_requests.llc_hit.any_response,63726229,100.00,,
     1.502995144,12733,,offcore_response.all_requests.llc_miss.any_response,63726229,100.00,,
     1.603188363,3477165,,offcore_response.all_requests.llc_hit.any_response,62392690,100.00,,
     1.603188363,13726,,offcore_response.all_requests.llc_miss.any_response,62392690,100.00,,
     1.703388754,3457905,,offcore_response.all_requests.llc_hit.any_response,62675419,100.00,,
     1.703388754,13486,,offcore_response.all_requests.llc_miss.any_response,62675419,100.00,,
     1.803599692,3502607,,offcore_response.all_requests.llc_hit.any_response,62974042,100.00,,
     1.803599692,12620,,offcore_response.all_requests.llc_miss.any_response,62974042,100.00,,
     1.903800167,3483281,,offcore_response.all_requests.llc_hit.any_response,63139952,100.00,,
     1.903800167,12608,,offcore_response.all_requests.llc_miss.any_response,63139952,100.00,,
     2.003994621,3481381,,offcore_response.all_requests.llc_hit.any_response,62922662,100.00,,
     2.003994621,12924,,offcore_response.all_requests.llc_miss.any_response,62975704,100.00,,
     2.104198247,3449405,,offcore_response.all_requests.llc_hit.any_response,62662289,100.00,,
     2.104198247,16884,,offcore_response.all_requests.llc_miss.any_response,62633275,100.00,,
     2.204398698,3506760,,offcore_response.all_requests.llc_hit.any_response,63183787,100.00,,
     2.204398698,15828,,offcore_response.all_requests.llc_miss.any_response,63214441,100.00,,
     2.304627170,3457741,,offcore_response.all_requests.llc_hit.any_response,62464882,100.00,,
     2.304627170,14702,,offcore_response.all_requests.llc_miss.any_response,62434834,100.00,,
     2.404827241,3456102,,offcore_response.all_requests.llc_hit.any_response,62680087,100.00,,
     2.404827241,12887,,offcore_response.all_requests.llc_miss.any_response,62679148,100.00,,
     2.505026710,3483749,,offcore_response.all_requests.llc_hit.any_response,62988735,100.00,,
     2.505026710,14760,,offcore_response.all_requests.llc_miss.any_response,63003235,100.00,,
     2.605239133,3495969,,offcore_response.all_requests.llc_hit.any_response,63371354,100.00,,
     2.605239133,16455,,offcore_response.all_requests.llc_miss.any_response,63353473,100.00,,
     2.705439938,3470237,,offcore_response.all_requests.llc_hit.any_response,62443708,100.00,,
     2.705439938,15958,,offcore_response.all_requests.llc_miss.any_response,62447348,100.00,,
     2.805638064,3513313,,offcore_response.all_requests.llc_hit.any_response,63306360,100.00,,
     2.805638064,13979,,offcore_response.all_requests.llc_miss.any_response,63282406,100.00,,
     2.905830196,3469530,,offcore_response.all_requests.llc_hit.any_response,63088664,100.00,,
     2.905830196,14939,,offcore_response.all_requests.llc_miss.any_response,63088664,100.00,,
     3.006021543,3561753,,offcore_response.all_requests.llc_hit.any_response,63802362,100.00,,
     3.006021543,12482,,offcore_response.all_requests.llc_miss.any_response,63826578,100.00,,
     3.106222094,3454123,,offcore_response.all_requests.llc_hit.any_response,63069016,100.00,,
     3.106222094,17037,,offcore_response.all_requests.llc_miss.any_response,63055137,100.00,,
     3.206425853,3512329,,offcore_response.all_requests.llc_hit.any_response,63037312,100.00,,
     3.206425853,13894,,offcore_response.all_requests.llc_miss.any_response,63045495,100.00,,
     3.306624416,3500072,,offcore_response.all_requests.llc_hit.any_response,62734166,100.00,,
     3.306624416,12973,,offcore_response.all_requests.llc_miss.any_response,62740190,100.00,,
     3.406824734,3490369,,offcore_response.all_requests.llc_hit.any_response,63358233,100.00,,
     3.406824734,13991,,offcore_response.all_requests.llc_miss.any_response,63359862,100.00,,
     3.507039639,3490456,,offcore_response.all_requests.llc_hit.any_response,62755264,100.00,,
     3.507039639,11605,,offcore_response.all_requests.llc_miss.any_response,62753251,100.00,,
     3.607239686,3481979,,offcore_response.all_requests.llc_hit.any_response,62899574,100.00,,
     3.607239686,15317,,offcore_response.all_requests.llc_miss.any_response,62886646,100.00,,
     3.707442152,3507805,,offcore_response.all_requests.llc_hit.any_response,63575273,100.00,,
     3.707442152,14980,,offcore_response.all_requests.llc_miss.any_response,63564041,100.00,,
     3.807636927,3503678,,offcore_response.all_requests.llc_hit.any_response,62912862,100.00,,
     3.807636927,12262,,offcore_response.all_requests.llc_miss.any_response,62953168,100.00,,
     3.907841357,3499846,,offcore_response.all_requests.llc_hit.any_response,63228314,100.00,,
     3.907841357,12571,,offcore_response.all_requests.llc_miss.any_response,63212037,100.00,,
     4.008040107,3464409,,offcore_response.all_requests.llc_hit.any_response,62756639,100.00,,
     4.008040107,16238,,offcore_response.all_requests.llc_miss.any_response,62732610,100.00,,
     4.108232443,3481831,,offcore_response.all_requests.llc_hit.any_response,62235682,100.00,,
     4.108232443,14439,,offcore_response.all_requests.llc_miss.any_response,62259868,100.00,,
     4.208434548,3593377,,offcore_response.all_requests.llc_hit.any_response,64558453,100.00,,
     4.208434548,15509,,offcore_response.all_requests.llc_miss.any_response,64557725,100.00,,
     4.308631705,3467200,,offcore_response.all_requests.llc_hit.any_response,62628513,100.00,,
     4.308631705,14228,,offcore_response.all_requests.llc_miss.any_response,62659580,100.00,,
     4.408837823,3498383,,offcore_response.all_requests.llc_hit.any_response,62889509,100.00,,
     4.408837823,12442,,offcore_response.all_requests.llc_miss.any_response,62834984,100.00,,
     4.509058628,3507893,,offcore_response.all_requests.llc_hit.any_response,63365660,100.00,,
     4.509058628,13457,,offcore_response.all_requests.llc_miss.any_response,63389972,100.00,,
     4.609258989,3416760,,offcore_response.all_requests.llc_hit.any_response,62327722,100.00,,
     4.609258989,14880,,offcore_response.all_requests.llc_miss.any_response,62357567,100.00,,
     4.709464345,3474094,,offcore_response.all_requests.llc_hit.any_response,62659624,100.00,,
     4.709464345,11856,,offcore_response.all_requests.llc_miss.any_response,62629500,100.00,,
     4.809662875,3529179,,offcore_response.all_requests.llc_hit.any_response,63539846,100.00,,
     4.809662875,13626,,offcore_response.all_requests.llc_miss.any_response,63515813,100.00,,
     4.909854406,3509488,,offcore_response.all_requests.llc_hit.any_response,63194189,100.00,,
     4.909854406,11358,,offcore_response.all_requests.llc_miss.any_response,63194189,100.00,,
     5.010045321,3461069,,offcore_response.all_requests.llc_hit.any_response,62993545,100.00,,
     5.010045321,13302,,offcore_response.all_requests.llc_miss.any_response,63048198,100.00,,
     5.110250930,3468956,,offcore_response.all_requests.llc_hit.any_response,62983004,100.00,,
     5.110250930,41483,,offcore_response.all_requests.llc_miss.any_response,62952406,100.00,,
     5.210454980,3383700,,offcore_response.all_requests.llc_hit.any_response,62211395,100.00,,
     5.210454980,47592,,offcore_response.all_requests.llc_miss.any_response,62187340,100.00,,
     5.310653684,3143956,,offcore_response.all_requests.llc_hit.any_response,46010856,100.00,,
     5.310653684,20187,,offcore_response.all_requests.llc_miss.any_response,46031554,100.00,,
     5.410851552,3265434,,offcore_response.all_requests.llc_hit.any_response,48065664,100.00,,
     5.410851552,20134,,offcore_response.all_requests.llc_miss.any_response,48044966,100.00,,
     5.511051843,3494803,,offcore_response.all_requests.llc_hit.any_response,61508533,100.00,,
     5.511051843,16278,,offcore_response.all_requests.llc_miss.any_response,61508533,100.00,,
     5.611246481,3445502,,offcore_response.all_requests.llc_hit.any_response,62240557,100.00,,
     5.611246481,13837,,offcore_response.all_requests.llc_miss.any_response,62240557,100.00,,
     5.711439494,3593891,,offcore_response.all_requests.llc_hit.any_response,64056532,100.00,,
     5.711439494,15214,,offcore_response.all_requests.llc_miss.any_response,64056532,100.00,,
     5.811649371,3559472,,offcore_response.all_requests.llc_hit.any_response,62830463,100.00,,
     5.811649371,14477,,offcore_response.all_requests.llc_miss.any_response,62830463,100.00,,
     5.911842181,3540596,,offcore_response.all_requests.llc_hit.any_response,63020321,100.00,,
     5.911842181,13008,,offcore_response.all_requests.llc_miss.any_response,63044496,100.00,,
     6.012046010,3650694,,offcore_response.all_requests.llc_hit.any_response,64878317,100.00,,
     6.012046010,17986,,offcore_response.all_requests.llc_miss.any_response,64878957,100.00,,
     6.112248814,3627043,,offcore_response.all_requests.llc_hit.any_response,64699063,100.00,,
     6.112248814,12265,,offcore_response.all_requests.llc_miss.any_response,64674248,100.00,,
     6.212452756,3603996,,offcore_response.all_requests.llc_hit.any_response,63833690,100.00,,
     6.212452756,12788,,offcore_response.all_requests.llc_miss.any_response,63888136,100.00,,
     6.312659145,3605854,,offcore_response.all_requests.llc_hit.any_response,63813060,100.00,,
     6.312659145,14023,,offcore_response.all_requests.llc_miss.any_response,63783090,100.00,,
     6.412860307,3639752,,offcore_response.all_requests.llc_hit.any_response,64778795,100.00,,
     6.412860307,14260,,offcore_response.all_requests.llc_miss.any_response,64778189,100.00,,
     6.513058777,3613698,,offcore_response.all_requests.llc_hit.any_response,63990734,100.00,,
     6.513058777,13921,,offcore_response.all_requests.llc_miss.any_response,63992085,100.00,,
     6.613283061,3561194,,offcore_response.all_requests.llc_hit.any_response,63603736,100.00,,
     6.613283061,14153,,offcore_response.all_requests.llc_miss.any_response,63602441,100.00,,
     6.713481814,3527445,,offcore_response.all_requests.llc_hit.any_response,63248448,100.00,,
     6.713481814,15015,,offcore_response.all_requests.llc_miss.any_response,63224522,100.00,,
     6.813676171,3486613,,offcore_response.all_requests.llc_hit.any_response,63090792,100.00,,
     6.813676171,14962,,offcore_response.all_requests.llc_miss.any_response,63090792,100.00,,
     6.913875148,3515625,,offcore_response.all_requests.llc_hit.any_response,62930782,100.00,,
     6.913875148,13955,,offcore_response.all_requests.llc_miss.any_response,62930782,100.00,,
     7.014072439,3565072,,offcore_response.all_requests.llc_hit.any_response,64163253,100.00,,
     7.014072439,11329,,offcore_response.all_requests.llc_miss.any_response,64187285,100.00,,
     7.114271216,3512002,,offcore_response.all_requests.llc_hit.any_response,63387178,100.00,,
     7.114271216,13288,,offcore_response.all_requests.llc_miss.any_response,63363146,100.00,,
     7.214464013,3525785,,offcore_response.all_requests.llc_hit.any_response,63550772,100.00,,
     7.214464013,11064,,offcore_response.all_requests.llc_miss.any_response,63565430,100.00,,
     7.314660485,3472972,,offcore_response.all_requests.llc_hit.any_response,62620198,100.00,,
     7.314660485,12305,,offcore_response.all_requests.llc_miss.any_response,62630435,100.00,,
     7.414859652,3539011,,offcore_response.all_requests.llc_hit.any_response,63700608,100.00,,
     7.414859652,13198,,offcore_response.all_requests.llc_miss.any_response,63699319,100.00,,
     7.515058845,3488192,,offcore_response.all_requests.llc_hit.any_response,63034640,100.00,,
     7.515058845,13617,,offcore_response.all_requests.llc_miss.any_response,63066468,100.00,,
     7.615264842,3516545,,offcore_response.all_requests.llc_hit.any_response,63143533,100.00,,
     7.615264842,16260,,offcore_response.all_requests.llc_miss.any_response,63113754,100.00,,
     7.715472076,3499115,,offcore_response.all_requests.llc_hit.any_response,63210885,100.00,,
     7.715472076,13402,,offcore_response.all_requests.llc_miss.any_response,63209390,100.00,,
     7.815670412,3480676,,offcore_response.all_requests.llc_hit.any_response,63064194,100.00,,
     7.815670412,12078,,offcore_response.all_requests.llc_miss.any_response,63064306,100.00,,
     7.915869044,3490654,,offcore_response.all_requests.llc_hit.any_response,62669495,100.00,,
     7.915869044,13717,,offcore_response.all_requests.llc_miss.any_response,62696303,100.00,,
     8.016086051,3517232,,offcore_response.all_requests.llc_hit.any_response,64203263,100.00,,
     8.016086051,19091,,offcore_response.all_requests.llc_miss.any_response,64171805,100.00,,
     8.116282964,3496933,,offcore_response.all_requests.llc_hit.any_response,62553249,100.00,,
     8.116282964,45970,,offcore_response.all_requests.llc_miss.any_response,62538615,100.00,,
     8.216478775,3425920,,offcore_response.all_requests.llc_hit.any_response,63018110,100.00,,
     8.216478775,49498,,offcore_response.all_requests.llc_miss.any_response,63062055,100.00,,
     8.316684360,3363145,,offcore_response.all_requests.llc_hit.any_response,61612930,100.00,,
     8.316684360,48787,,offcore_response.all_requests.llc_miss.any_response,61584842,100.00,,
     8.416880655,3381565,,offcore_response.all_requests.llc_hit.any_response,61298690,100.00,,
     8.416880655,47361,,offcore_response.all_requests.llc_miss.any_response,61301244,100.00,,
     8.517084571,3255571,,offcore_response.all_requests.llc_hit.any_response,47187879,100.00,,
     8.517084571,20402,,offcore_response.all_requests.llc_miss.any_response,47164480,100.00,,
     8.617277785,3241712,,offcore_response.all_requests.llc_hit.any_response,46753501,100.00,,
     8.617277785,19667,,offcore_response.all_requests.llc_miss.any_response,46753501,100.00,,
     8.717470848,3144854,,offcore_response.all_requests.llc_hit.any_response,46066852,100.00,,
     8.717470848,19362,,offcore_response.all_requests.llc_miss.any_response,46089953,100.00,,
     8.817687437,3255155,,offcore_response.all_requests.llc_hit.any_response,47880399,100.00,,
     8.817687437,19983,,offcore_response.all_requests.llc_miss.any_response,47880328,100.00,,
     8.917889436,3289780,,offcore_response.all_requests.llc_hit.any_response,48238376,100.00,,
     8.917889436,19945,,offcore_response.all_requests.llc_miss.any_response,48238732,100.00,,
     9.018088249,3127379,,offcore_response.all_requests.llc_hit.any_response,46562280,100.00,,
     9.018088249,18793,,offcore_response.all_requests.llc_miss.any_response,46561959,100.00,,
     9.118292894,3166709,,offcore_response.all_requests.llc_hit.any_response,46808224,100.00,,
     9.118292894,18737,,offcore_response.all_requests.llc_miss.any_response,46785159,100.00,,
     9.218485580,3122244,,offcore_response.all_requests.llc_hit.any_response,45937440,100.00,,
     9.218485580,18548,,offcore_response.all_requests.llc_miss.any_response,45937440,100.00,,
     9.318680812,3110909,,offcore_response.all_requests.llc_hit.any_response,46026199,100.00,,
     9.318680812,18762,,offcore_response.all_requests.llc_miss.any_response,46049457,100.00,,
     9.418877932,3155765,,offcore_response.all_requests.llc_hit.any_response,46455594,100.00,,
     9.418877932,18762,,offcore_response.all_requests.llc_miss.any_response,46432336,100.00,,
     9.519072118,3103798,,offcore_response.all_requests.llc_hit.any_response,45906004,100.00,,
     9.519072118,18540,,offcore_response.all_requests.llc_miss.any_response,45929384,100.00,,
     9.619270896,3143796,,offcore_response.all_requests.llc_hit.any_response,46665099,100.00,,
     9.619270896,18677,,offcore_response.all_requests.llc_miss.any_response,46649132,100.00,,
     9.719465322,3143455,,offcore_response.all_requests.llc_hit.any_response,45920044,100.00,,
     9.719465322,18832,,offcore_response.all_requests.llc_miss.any_response,45912631,100.00,,
     9.819657978,3100777,,offcore_response.all_requests.llc_hit.any_response,45555081,100.00,,
     9.819657978,18367,,offcore_response.all_requests.llc_miss.any_response,45555081,100.00,,
     9.919851925,3120788,,offcore_response.all_requests.llc_hit.any_response,45453046,100.00,,
     9.919851925,18855,,offcore_response.all_requests.llc_miss.any_response,45453046,100.00,,
    10.020044354,3109554,,offcore_response.all_requests.llc_hit.any_response,46194038,100.00,,
    10.020044354,18735,,offcore_response.all_requests.llc_miss.any_response,46217230,100.00,,
    10.120244036,3148221,,offcore_response.all_requests.llc_hit.any_response,46276751,100.00,,
    10.120244036,18791,,offcore_response.all_requests.llc_miss.any_response,46253559,100.00,,
    10.220437348,3076227,,offcore_response.all_requests.llc_hit.any_response,45792489,100.00,,
    10.220437348,18607,,offcore_response.all_requests.llc_miss.any_response,45792489,100.00,,
    10.320636546,3099189,,offcore_response.all_requests.llc_hit.any_response,46116045,100.00,,
    10.320636546,18799,,offcore_response.all_requests.llc_miss.any_response,46139806,100.00,,
    10.420835403,3119273,,offcore_response.all_requests.llc_hit.any_response,46465864,100.00,,
    10.420835403,18680,,offcore_response.all_requests.llc_miss.any_response,46465018,100.00,,
    10.521032152,3140918,,offcore_response.all_requests.llc_hit.any_response,46395760,100.00,,
    10.521032152,18824,,offcore_response.all_requests.llc_miss.any_response,46372845,100.00,,
    10.621226295,3127911,,offcore_response.all_requests.llc_hit.any_response,46663972,100.00,,
    10.621226295,18836,,offcore_response.all_requests.llc_miss.any_response,46663972,100.00,,
    10.721420324,3110357,,offcore_response.all_requests.llc_hit.any_response,46498963,100.00,,
    10.721420324,18955,,offcore_response.all_requests.llc_miss.any_response,46498963,100.00,,
    10.821613709,3107194,,offcore_response.all_requests.llc_hit.any_response,45653480,100.00,,
    10.821613709,18623,,offcore_response.all_requests.llc_miss.any_response,45676405,100.00,,
    10.921813810,3096323,,offcore_response.all_requests.llc_hit.any_response,46034109,100.00,,
    10.921813810,18543,,offcore_response.all_requests.llc_miss.any_response,46034425,100.00,,
    11.022035863,3124535,,offcore_response.all_requests.llc_hit.any_response,46637887,100.00,,
    11.022035863,19858,,offcore_response.all_requests.llc_miss.any_response,46637677,100.00,,
