# started on Mon May  1 17:03:32 2023

     0.100165211,4957347,,offcore_response.all_requests.llc_hit.any_response,57765064,100.00,,
     0.100165211,1020,,offcore_response.all_requests.llc_miss.any_response,57743539,100.00,,
     0.200382555,5089013,,offcore_response.all_requests.llc_hit.any_response,58657359,100.00,,
     0.200382555,1386,,offcore_response.all_requests.llc_miss.any_response,58672786,100.00,,
     0.300545903,5051473,,offcore_response.all_requests.llc_hit.any_response,57847010,100.00,,
     0.300545903,999,,offcore_response.all_requests.llc_miss.any_response,57831583,100.00,,
     0.400735335,5088856,,offcore_response.all_requests.llc_hit.any_response,58099245,100.00,,
     0.400735335,957,,offcore_response.all_requests.llc_miss.any_response,58099245,100.00,,
     0.500924720,5139805,,offcore_response.all_requests.llc_hit.any_response,58223889,100.00,,
     0.500924720,1941,,offcore_response.all_requests.llc_miss.any_response,58246881,100.00,,
     0.601126760,5024323,,offcore_response.all_requests.llc_hit.any_response,58158338,100.00,,
     0.601126760,872,,offcore_response.all_requests.llc_miss.any_response,58143945,100.00,,
     0.701332087,4992265,,offcore_response.all_requests.llc_hit.any_response,57610721,100.00,,
     0.701332087,854,,offcore_response.all_requests.llc_miss.any_response,57625225,100.00,,
     0.801541796,5000714,,offcore_response.all_requests.llc_hit.any_response,58674543,100.00,,
     0.801541796,1041,,offcore_response.all_requests.llc_miss.any_response,58674547,100.00,,
     0.901749864,4950758,,offcore_response.all_requests.llc_hit.any_response,57656757,100.00,,
     0.901749864,1049,,offcore_response.all_requests.llc_miss.any_response,57656541,100.00,,
     1.001949062,4996986,,offcore_response.all_requests.llc_hit.any_response,56709183,100.00,,
     1.001949062,940,,offcore_response.all_requests.llc_miss.any_response,56716254,100.00,,
     1.102168681,5025359,,offcore_response.all_requests.llc_hit.any_response,56339649,100.00,,
     1.102168681,757,,offcore_response.all_requests.llc_miss.any_response,56332373,100.00,,
     1.202372964,5016936,,offcore_response.all_requests.llc_hit.any_response,57907935,100.00,,
     1.202372964,883,,offcore_response.all_requests.llc_miss.any_response,57908512,100.00,,
     1.302579298,4844206,,offcore_response.all_requests.llc_hit.any_response,56613694,100.00,,
     1.302579298,918,,offcore_response.all_requests.llc_miss.any_response,56613288,100.00,,
     1.402781801,5045028,,offcore_response.all_requests.llc_hit.any_response,58306015,100.00,,
     1.402781801,835,,offcore_response.all_requests.llc_miss.any_response,58283158,100.00,,
     1.502976163,4840249,,offcore_response.all_requests.llc_hit.any_response,56232706,100.00,,
     1.502976163,724,,offcore_response.all_requests.llc_miss.any_response,56232706,100.00,,
     1.603170871,5031558,,offcore_response.all_requests.llc_hit.any_response,57914805,100.00,,
     1.603170871,884,,offcore_response.all_requests.llc_miss.any_response,57914805,100.00,,
     1.703370747,5004014,,offcore_response.all_requests.llc_hit.any_response,56403363,100.00,,
     1.703370747,700,,offcore_response.all_requests.llc_miss.any_response,56426238,100.00,,
     1.803570788,5062340,,offcore_response.all_requests.llc_hit.any_response,58940361,100.00,,
     1.803570788,998,,offcore_response.all_requests.llc_miss.any_response,58941248,100.00,,
     1.903785157,4990618,,offcore_response.all_requests.llc_hit.any_response,58211601,100.00,,
     1.903785157,939,,offcore_response.all_requests.llc_miss.any_response,58187839,100.00,,
     2.003979661,5168224,,offcore_response.all_requests.llc_hit.any_response,58716749,100.00,,
     2.003979661,993,,offcore_response.all_requests.llc_miss.any_response,58716749,100.00,,
     2.104171445,4966282,,offcore_response.all_requests.llc_hit.any_response,57746933,100.00,,
     2.104171445,940,,offcore_response.all_requests.llc_miss.any_response,57746933,100.00,,
     2.204371762,5033813,,offcore_response.all_requests.llc_hit.any_response,56546526,100.00,,
     2.204371762,754,,offcore_response.all_requests.llc_miss.any_response,56546526,100.00,,
     2.304591371,4981421,,offcore_response.all_requests.llc_hit.any_response,57330173,100.00,,
     2.304591371,1027,,offcore_response.all_requests.llc_miss.any_response,57330173,100.00,,
     2.404786421,5100552,,offcore_response.all_requests.llc_hit.any_response,58437782,100.00,,
     2.404786421,1001,,offcore_response.all_requests.llc_miss.any_response,58437782,100.00,,
     2.504990995,4859733,,offcore_response.all_requests.llc_hit.any_response,56312069,100.00,,
     2.504990995,1044,,offcore_response.all_requests.llc_miss.any_response,56312069,100.00,,
     2.605188643,5033132,,offcore_response.all_requests.llc_hit.any_response,57689292,100.00,,
     2.605188643,873,,offcore_response.all_requests.llc_miss.any_response,57723902,100.00,,
     2.705398787,4908014,,offcore_response.all_requests.llc_hit.any_response,56808369,100.00,,
     2.705398787,1861,,offcore_response.all_requests.llc_miss.any_response,56796678,100.00,,
     2.805604409,4927200,,offcore_response.all_requests.llc_hit.any_response,56921562,100.00,,
     2.805604409,1092,,offcore_response.all_requests.llc_miss.any_response,56922897,100.00,,
     2.905809174,4926791,,offcore_response.all_requests.llc_hit.any_response,57089378,100.00,,
     2.905809174,1014,,offcore_response.all_requests.llc_miss.any_response,57087895,100.00,,
     3.006006961,4993726,,offcore_response.all_requests.llc_hit.any_response,57360264,100.00,,
     3.006006961,793,,offcore_response.all_requests.llc_miss.any_response,57360350,100.00,,
     3.106215771,4846812,,offcore_response.all_requests.llc_hit.any_response,56248800,100.00,,
     3.106215771,734,,offcore_response.all_requests.llc_miss.any_response,56248834,100.00,,
     3.206433552,4923292,,offcore_response.all_requests.llc_hit.any_response,57792712,100.00,,
     3.206433552,938,,offcore_response.all_requests.llc_miss.any_response,57786834,100.00,,
     3.306630965,4982897,,offcore_response.all_requests.llc_hit.any_response,56786365,100.00,,
     3.306630965,973,,offcore_response.all_requests.llc_miss.any_response,56769352,100.00,,
     3.406832409,5040224,,offcore_response.all_requests.llc_hit.any_response,59496811,100.00,,
     3.406832409,992,,offcore_response.all_requests.llc_miss.any_response,59519885,100.00,,
     3.507042799,5066898,,offcore_response.all_requests.llc_hit.any_response,58800239,100.00,,
     3.507042799,945,,offcore_response.all_requests.llc_miss.any_response,58800071,100.00,,
     3.607249843,5046263,,offcore_response.all_requests.llc_hit.any_response,58159998,100.00,,
     3.607249843,801,,offcore_response.all_requests.llc_miss.any_response,58166762,100.00,,
     3.707457390,4960233,,offcore_response.all_requests.llc_hit.any_response,56139411,100.00,,
     3.707457390,823,,offcore_response.all_requests.llc_miss.any_response,56132617,100.00,,
     3.807659969,5075210,,offcore_response.all_requests.llc_hit.any_response,58094659,100.00,,
     3.807659969,1079,,offcore_response.all_requests.llc_miss.any_response,58124087,100.00,,
     3.907901384,4930073,,offcore_response.all_requests.llc_hit.any_response,56142449,100.00,,
     3.907901384,763,,offcore_response.all_requests.llc_miss.any_response,56112965,100.00,,
     4.008101651,4940458,,offcore_response.all_requests.llc_hit.any_response,57678532,100.00,,
     4.008101651,949,,offcore_response.all_requests.llc_miss.any_response,57679848,100.00,,
     4.108303058,4976909,,offcore_response.all_requests.llc_hit.any_response,57704713,100.00,,
     4.108303058,902,,offcore_response.all_requests.llc_miss.any_response,57704212,100.00,,
     4.208506839,4998615,,offcore_response.all_requests.llc_hit.any_response,58215496,100.00,,
     4.208506839,1119,,offcore_response.all_requests.llc_miss.any_response,58214890,100.00,,
     4.308715994,4988737,,offcore_response.all_requests.llc_hit.any_response,56955614,100.00,,
     4.308715994,985,,offcore_response.all_requests.llc_miss.any_response,56955510,100.00,,
     4.408917052,5021038,,offcore_response.all_requests.llc_hit.any_response,57124334,100.00,,
     4.408917052,1115,,offcore_response.all_requests.llc_miss.any_response,57114750,100.00,,
     4.509136697,5001990,,offcore_response.all_requests.llc_hit.any_response,57268667,100.00,,
     4.509136697,994,,offcore_response.all_requests.llc_miss.any_response,57255326,100.00,,
     4.609333714,4922514,,offcore_response.all_requests.llc_hit.any_response,57221322,100.00,,
     4.609333714,999,,offcore_response.all_requests.llc_miss.any_response,57221322,100.00,,
     4.709525106,5057741,,offcore_response.all_requests.llc_hit.any_response,57285207,100.00,,
     4.709525106,904,,offcore_response.all_requests.llc_miss.any_response,57285207,100.00,,
     4.809723720,4861879,,offcore_response.all_requests.llc_hit.any_response,56707151,100.00,,
     4.809723720,1046,,offcore_response.all_requests.llc_miss.any_response,56707151,100.00,,
     4.909925387,4822244,,offcore_response.all_requests.llc_hit.any_response,55700294,100.00,,
     4.909925387,882,,offcore_response.all_requests.llc_miss.any_response,55723146,100.00,,
     5.010126526,5044108,,offcore_response.all_requests.llc_hit.any_response,59193356,100.00,,
     5.010126526,1039,,offcore_response.all_requests.llc_miss.any_response,59193470,100.00,,
     5.110333773,5109322,,offcore_response.all_requests.llc_hit.any_response,58272257,100.00,,
     5.110333773,1086,,offcore_response.all_requests.llc_miss.any_response,58272219,100.00,,
     5.210548930,4911619,,offcore_response.all_requests.llc_hit.any_response,56933888,100.00,,
     5.210548930,883,,offcore_response.all_requests.llc_miss.any_response,56947224,100.00,,
     5.310763981,4998965,,offcore_response.all_requests.llc_hit.any_response,57117333,100.00,,
     5.310763981,1105,,offcore_response.all_requests.llc_miss.any_response,57103951,100.00,,
     5.410962421,5015731,,offcore_response.all_requests.llc_hit.any_response,57865687,100.00,,
     5.410962421,1096,,offcore_response.all_requests.llc_miss.any_response,57861501,100.00,,
     5.511171615,5077828,,offcore_response.all_requests.llc_hit.any_response,57552296,100.00,,
     5.511171615,868,,offcore_response.all_requests.llc_miss.any_response,57565620,100.00,,
     5.611378975,5189865,,offcore_response.all_requests.llc_hit.any_response,58197445,100.00,,
     5.611378975,768,,offcore_response.all_requests.llc_miss.any_response,58165425,100.00,,
     5.711573342,4898800,,offcore_response.all_requests.llc_hit.any_response,57661343,100.00,,
     5.711573342,796,,offcore_response.all_requests.llc_miss.any_response,57661343,100.00,,
     5.811768583,5130414,,offcore_response.all_requests.llc_hit.any_response,59267380,100.00,,
     5.811768583,944,,offcore_response.all_requests.llc_miss.any_response,59290376,100.00,,
     5.911987824,5011807,,offcore_response.all_requests.llc_hit.any_response,58506119,100.00,,
     5.911987824,852,,offcore_response.all_requests.llc_miss.any_response,58505708,100.00,,
     6.012186030,4917775,,offcore_response.all_requests.llc_hit.any_response,55923036,100.00,,
     6.012186030,820,,offcore_response.all_requests.llc_miss.any_response,55923464,100.00,,
     6.112390794,4983747,,offcore_response.all_requests.llc_hit.any_response,57641795,100.00,,
     6.112390794,940,,offcore_response.all_requests.llc_miss.any_response,57618782,100.00,,
     6.212582343,4997730,,offcore_response.all_requests.llc_hit.any_response,58454576,100.00,,
     6.212582343,890,,offcore_response.all_requests.llc_miss.any_response,58454576,100.00,,
     6.312779290,4947196,,offcore_response.all_requests.llc_hit.any_response,57202933,100.00,,
     6.312779290,773,,offcore_response.all_requests.llc_miss.any_response,57225698,100.00,,
     6.412982433,4959466,,offcore_response.all_requests.llc_hit.any_response,57056903,100.00,,
     6.412982433,927,,offcore_response.all_requests.llc_miss.any_response,57057292,100.00,,
     6.513184778,5059870,,offcore_response.all_requests.llc_hit.any_response,58214677,100.00,,
     6.513184778,985,,offcore_response.all_requests.llc_miss.any_response,58214228,100.00,,
     6.613390121,5025348,,offcore_response.all_requests.llc_hit.any_response,57015566,100.00,,
     6.613390121,969,,offcore_response.all_requests.llc_miss.any_response,57020999,100.00,,
     6.713614133,5073643,,offcore_response.all_requests.llc_hit.any_response,58255970,100.00,,
     6.713614133,981,,offcore_response.all_requests.llc_miss.any_response,58227832,100.00,,
     6.813815425,4949568,,offcore_response.all_requests.llc_hit.any_response,57681587,100.00,,
     6.813815425,725,,offcore_response.all_requests.llc_miss.any_response,57704652,100.00,,
     6.914012019,5158183,,offcore_response.all_requests.llc_hit.any_response,58334088,100.00,,
     6.914012019,1057,,offcore_response.all_requests.llc_miss.any_response,58311023,100.00,,
     7.014205755,5050625,,offcore_response.all_requests.llc_hit.any_response,59840673,100.00,,
     7.014205755,1041,,offcore_response.all_requests.llc_miss.any_response,59840673,100.00,,
     7.114399437,5044683,,offcore_response.all_requests.llc_hit.any_response,58078542,100.00,,
     7.114399437,990,,offcore_response.all_requests.llc_miss.any_response,58102087,100.00,,
     7.214612703,5141663,,offcore_response.all_requests.llc_hit.any_response,56352863,100.00,,
     7.214612703,755,,offcore_response.all_requests.llc_miss.any_response,56352593,100.00,,
     7.314821207,4898744,,offcore_response.all_requests.llc_hit.any_response,57549287,100.00,,
     7.314821207,1030,,offcore_response.all_requests.llc_miss.any_response,57548087,100.00,,
     7.415020988,5013472,,offcore_response.all_requests.llc_hit.any_response,58142693,100.00,,
     7.415020988,1447,,offcore_response.all_requests.llc_miss.any_response,58154246,100.00,,
     7.515231609,4963405,,offcore_response.all_requests.llc_hit.any_response,58002943,100.00,,
     7.515231609,1058,,offcore_response.all_requests.llc_miss.any_response,57969315,100.00,,
     7.615426457,4833367,,offcore_response.all_requests.llc_hit.any_response,55853252,100.00,,
     7.615426457,1089,,offcore_response.all_requests.llc_miss.any_response,55853252,100.00,,
     7.715626032,5063627,,offcore_response.all_requests.llc_hit.any_response,58870810,100.00,,
     7.715626032,1282,,offcore_response.all_requests.llc_miss.any_response,58893623,100.00,,
     7.815869138,4903738,,offcore_response.all_requests.llc_hit.any_response,57505612,100.00,,
     7.815869138,787,,offcore_response.all_requests.llc_miss.any_response,57482799,100.00,,
     7.916069576,4950493,,offcore_response.all_requests.llc_hit.any_response,56951703,100.00,,
     7.916069576,1118,,offcore_response.all_requests.llc_miss.any_response,56973010,100.00,,
     8.016292508,5108131,,offcore_response.all_requests.llc_hit.any_response,58690306,100.00,,
     8.016292508,874,,offcore_response.all_requests.llc_miss.any_response,58693800,100.00,,
     8.116510283,4995029,,offcore_response.all_requests.llc_hit.any_response,57232969,100.00,,
     8.116510283,853,,offcore_response.all_requests.llc_miss.any_response,57230975,100.00,,
     8.216725039,4954311,,offcore_response.all_requests.llc_hit.any_response,57381481,100.00,,
     8.216725039,1038,,offcore_response.all_requests.llc_miss.any_response,57388522,100.00,,
     8.316934324,5066015,,offcore_response.all_requests.llc_hit.any_response,58940764,100.00,,
     8.316934324,1029,,offcore_response.all_requests.llc_miss.any_response,58934661,100.00,,
     8.417137100,4931104,,offcore_response.all_requests.llc_hit.any_response,56934196,100.00,,
     8.417137100,930,,offcore_response.all_requests.llc_miss.any_response,56933394,100.00,,
     8.517345262,5097907,,offcore_response.all_requests.llc_hit.any_response,57596904,100.00,,
     8.517345262,855,,offcore_response.all_requests.llc_miss.any_response,57605698,100.00,,
     8.617568648,5074250,,offcore_response.all_requests.llc_hit.any_response,58000748,100.00,,
     8.617568648,1112,,offcore_response.all_requests.llc_miss.any_response,58001468,100.00,,
     8.717789506,5110573,,offcore_response.all_requests.llc_hit.any_response,57902400,100.00,,
     8.717789506,865,,offcore_response.all_requests.llc_miss.any_response,57875005,100.00,,
     8.817996776,5011495,,offcore_response.all_requests.llc_hit.any_response,58502713,100.00,,
     8.817996776,913,,offcore_response.all_requests.llc_miss.any_response,58520752,100.00,,
     8.918216291,5012049,,offcore_response.all_requests.llc_hit.any_response,57114121,100.00,,
     8.918216291,745,,offcore_response.all_requests.llc_miss.any_response,57091020,100.00,,
     9.018407922,4980406,,offcore_response.all_requests.llc_hit.any_response,57103421,100.00,,
     9.018407922,790,,offcore_response.all_requests.llc_miss.any_response,57103421,100.00,,
     9.118606257,5103098,,offcore_response.all_requests.llc_hit.any_response,58609455,100.00,,
     9.118606257,1018,,offcore_response.all_requests.llc_miss.any_response,58609455,100.00,,
     9.218803453,5022396,,offcore_response.all_requests.llc_hit.any_response,57229656,100.00,,
     9.218803453,836,,offcore_response.all_requests.llc_miss.any_response,57258424,100.00,,
     9.319018574,5018920,,offcore_response.all_requests.llc_hit.any_response,57627570,100.00,,
     9.319018574,996,,offcore_response.all_requests.llc_miss.any_response,57621706,100.00,,
     9.419229629,4907185,,offcore_response.all_requests.llc_hit.any_response,57514188,100.00,,
     9.419229629,1122,,offcore_response.all_requests.llc_miss.any_response,57520662,100.00,,
     9.519434905,5112037,,offcore_response.all_requests.llc_hit.any_response,56936041,100.00,,
     9.519434905,828,,offcore_response.all_requests.llc_miss.any_response,56929554,100.00,,
     9.619634420,5099037,,offcore_response.all_requests.llc_hit.any_response,57968325,100.00,,
     9.619634420,903,,offcore_response.all_requests.llc_miss.any_response,57969245,100.00,,
     9.719862611,5184438,,offcore_response.all_requests.llc_hit.any_response,59049051,100.00,,
     9.719862611,1025,,offcore_response.all_requests.llc_miss.any_response,59041863,100.00,,
     9.820061271,5013954,,offcore_response.all_requests.llc_hit.any_response,57610999,100.00,,
     9.820061271,933,,offcore_response.all_requests.llc_miss.any_response,57594376,100.00,,
     9.920260855,4971797,,offcore_response.all_requests.llc_hit.any_response,57058165,100.00,,
     9.920260855,1006,,offcore_response.all_requests.llc_miss.any_response,57081378,100.00,,
    10.020471620,4969676,,offcore_response.all_requests.llc_hit.any_response,57606005,100.00,,
    10.020471620,965,,offcore_response.all_requests.llc_miss.any_response,57582792,100.00,,
    10.120664089,5093609,,offcore_response.all_requests.llc_hit.any_response,58987394,100.00,,
    10.120664089,1075,,offcore_response.all_requests.llc_miss.any_response,58987394,100.00,,
    10.220857035,4960188,,offcore_response.all_requests.llc_hit.any_response,57609228,100.00,,
    10.220857035,938,,offcore_response.all_requests.llc_miss.any_response,57609228,100.00,,
    10.321053323,4992396,,offcore_response.all_requests.llc_hit.any_response,57286195,100.00,,
    10.321053323,847,,offcore_response.all_requests.llc_miss.any_response,57286195,100.00,,
    10.421248728,4975876,,offcore_response.all_requests.llc_hit.any_response,57400253,100.00,,
    10.421248728,928,,offcore_response.all_requests.llc_miss.any_response,57400253,100.00,,
    10.521440218,4905740,,offcore_response.all_requests.llc_hit.any_response,57233793,100.00,,
    10.521440218,952,,offcore_response.all_requests.llc_miss.any_response,57233793,100.00,,
    10.621633752,4925428,,offcore_response.all_requests.llc_hit.any_response,58196012,100.00,,
    10.621633752,945,,offcore_response.all_requests.llc_miss.any_response,58196012,100.00,,
    10.721839105,5026662,,offcore_response.all_requests.llc_hit.any_response,57962925,100.00,,
    10.721839105,975,,offcore_response.all_requests.llc_miss.any_response,57992897,100.00,,
    10.822048739,4966212,,offcore_response.all_requests.llc_hit.any_response,57990051,100.00,,
    10.822048739,1005,,offcore_response.all_requests.llc_miss.any_response,57982872,100.00,,
    10.922245815,4890258,,offcore_response.all_requests.llc_hit.any_response,56701937,100.00,,
    10.922245815,908,,offcore_response.all_requests.llc_miss.any_response,56679144,100.00,,
    11.022446309,5109531,,offcore_response.all_requests.llc_hit.any_response,58541652,100.00,,
    11.022446309,964,,offcore_response.all_requests.llc_miss.any_response,58564654,100.00,,
