# started on Mon May  1 17:01:46 2023

     0.100134939,92562949,,inst_retired.any,87216768,100.00,143.6,IpMispredict
     0.100134939,644522,,br_misp_retired.all_branches,87216768,100.00,,
     0.200348368,93295462,,inst_retired.any,86013424,100.00,144.2,IpMispredict
     0.200348368,649766,,br_misp_retired.all_branches,86013424,100.00,,
     0.300540436,92576418,,inst_retired.any,82334833,100.00,144.2,IpMispredict
     0.300540436,631687,,br_misp_retired.all_branches,82334833,100.00,,
     0.400736518,93310475,,inst_retired.any,83997948,100.00,145.5,IpMispredict
     0.400736518,639525,,br_misp_retired.all_branches,83997948,100.00,,
     0.500929886,92299815,,inst_retired.any,83659608,100.00,143.9,IpMispredict
     0.500929886,641065,,br_misp_retired.all_branches,83659608,100.00,,
     0.601125586,92939226,,inst_retired.any,83369176,100.00,145.0,IpMispredict
     0.601125586,639563,,br_misp_retired.all_branches,83369176,100.00,,
     0.701318076,92462058,,inst_retired.any,82580138,100.00,144.2,IpMispredict
     0.701318076,641051,,br_misp_retired.all_branches,82580138,100.00,,
     0.801514829,92867676,,inst_retired.any,83483937,100.00,144.7,IpMispredict
     0.801514829,645649,,br_misp_retired.all_branches,83483937,100.00,,
     0.901709043,93382166,,inst_retired.any,83671416,100.00,145.6,IpMispredict
     0.901709043,640356,,br_misp_retired.all_branches,83671416,100.00,,
     1.001902297,92249837,,inst_retired.any,81939075,100.00,144.1,IpMispredict
     1.001902297,627432,,br_misp_retired.all_branches,81939075,100.00,,
     1.102101383,93076802,,inst_retired.any,82913584,100.00,145.6,IpMispredict
     1.102101383,632545,,br_misp_retired.all_branches,82913584,100.00,,
     1.202295483,92273766,,inst_retired.any,81881828,100.00,144.4,IpMispredict
     1.202295483,632594,,br_misp_retired.all_branches,81881828,100.00,,
     1.302489232,93178630,,inst_retired.any,82871220,100.00,145.7,IpMispredict
     1.302489232,649335,,br_misp_retired.all_branches,82871220,100.00,,
     1.402686422,93356875,,inst_retired.any,84889956,100.00,145.7,IpMispredict
     1.402686422,655629,,br_misp_retired.all_branches,84889956,100.00,,
     1.502880616,92339931,,inst_retired.any,83667957,100.00,144.1,IpMispredict
     1.502880616,644116,,br_misp_retired.all_branches,83667957,100.00,,
     1.603075187,92813622,,inst_retired.any,83580789,100.00,144.8,IpMispredict
     1.603075187,641073,,br_misp_retired.all_branches,83580789,100.00,,
     1.703271168,93170936,,inst_retired.any,83493223,100.00,145.4,IpMispredict
     1.703271168,639544,,br_misp_retired.all_branches,83493223,100.00,,
     1.803464179,92923566,,inst_retired.any,83371347,100.00,145.0,IpMispredict
     1.803464179,637619,,br_misp_retired.all_branches,83371347,100.00,,
     1.903668850,92677960,,inst_retired.any,82820838,100.00,144.7,IpMispredict
     1.903668850,635710,,br_misp_retired.all_branches,82820838,100.00,,
     2.003868212,92572257,,inst_retired.any,83184313,100.00,144.6,IpMispredict
     2.003868212,632425,,br_misp_retired.all_branches,83184313,100.00,,
     2.104067497,93214074,,inst_retired.any,83020180,100.00,145.7,IpMispredict
     2.104067497,637687,,br_misp_retired.all_branches,83020180,100.00,,
     2.204263269,92222172,,inst_retired.any,82680955,100.00,144.2,IpMispredict
     2.204263269,629202,,br_misp_retired.all_branches,82680955,100.00,,
     2.304475564,93099497,,inst_retired.any,84582911,100.00,145.5,IpMispredict
     2.304475564,653022,,br_misp_retired.all_branches,84582911,100.00,,
     2.404669641,93206276,,inst_retired.any,84043192,100.00,145.6,IpMispredict
     2.404669641,639300,,br_misp_retired.all_branches,84043192,100.00,,
     2.504874383,93057305,,inst_retired.any,84337086,100.00,145.4,IpMispredict
     2.504874383,637794,,br_misp_retired.all_branches,84337086,100.00,,
     2.605076220,92486902,,inst_retired.any,84376712,100.00,144.6,IpMispredict
     2.605076220,630829,,br_misp_retired.all_branches,84376712,100.00,,
     2.705270471,92889710,,inst_retired.any,83900717,100.00,145.2,IpMispredict
     2.705270471,639144,,br_misp_retired.all_branches,83900717,100.00,,
     2.805488389,93031571,,inst_retired.any,83036852,100.00,145.4,IpMispredict
     2.805488389,646510,,br_misp_retired.all_branches,83036852,100.00,,
     2.905681754,92504318,,inst_retired.any,82787996,100.00,144.6,IpMispredict
     2.905681754,632468,,br_misp_retired.all_branches,82787996,100.00,,
     3.005874294,92804209,,inst_retired.any,84257935,100.00,145.1,IpMispredict
     3.005874294,637234,,br_misp_retired.all_branches,84257935,100.00,,
     3.106066713,93159626,,inst_retired.any,83460606,100.00,145.7,IpMispredict
     3.106066713,632492,,br_misp_retired.all_branches,83460606,100.00,,
     3.206263132,92701612,,inst_retired.any,82572933,100.00,145.1,IpMispredict
     3.206263132,630016,,br_misp_retired.all_branches,82572933,100.00,,
     3.306459052,92200112,,inst_retired.any,81496180,100.00,144.4,IpMispredict
     3.306459052,625417,,br_misp_retired.all_branches,81496180,100.00,,
     3.406661897,93238307,,inst_retired.any,83421987,100.00,146.0,IpMispredict
     3.406661897,634234,,br_misp_retired.all_branches,83421987,100.00,,
     3.506865960,92509059,,inst_retired.any,82127143,100.00,145.0,IpMispredict
     3.506865960,628018,,br_misp_retired.all_branches,82127143,100.00,,
     3.607059071,92899605,,inst_retired.any,82457996,100.00,145.6,IpMispredict
     3.607059071,631325,,br_misp_retired.all_branches,82457996,100.00,,
     3.707261853,93936510,,inst_retired.any,83317434,100.00,147.2,IpMispredict
     3.707261853,641628,,br_misp_retired.all_branches,83317434,100.00,,
     3.807455557,92618615,,inst_retired.any,83296400,100.00,145.2,IpMispredict
     3.807455557,637824,,br_misp_retired.all_branches,83296400,100.00,,
     3.907668340,92754085,,inst_retired.any,82590989,100.00,145.4,IpMispredict
     3.907668340,633194,,br_misp_retired.all_branches,82590989,100.00,,
     4.007882997,92864313,,inst_retired.any,83245353,100.00,145.6,IpMispredict
     4.007882997,633437,,br_misp_retired.all_branches,83245353,100.00,,
     4.108078000,92198506,,inst_retired.any,82013794,100.00,144.6,IpMispredict
     4.108078000,626713,,br_misp_retired.all_branches,82013794,100.00,,
     4.208273623,92947595,,inst_retired.any,82374141,100.00,145.8,IpMispredict
     4.208273623,637362,,br_misp_retired.all_branches,82374141,100.00,,
     4.308467829,92922376,,inst_retired.any,83591881,100.00,145.7,IpMispredict
     4.308467829,640007,,br_misp_retired.all_branches,83591881,100.00,,
     4.408660520,93695815,,inst_retired.any,84501295,100.00,146.9,IpMispredict
     4.408660520,650264,,br_misp_retired.all_branches,84501295,100.00,,
     4.508859594,92311971,,inst_retired.any,83246742,100.00,144.7,IpMispredict
     4.508859594,642686,,br_misp_retired.all_branches,83246742,100.00,,
     4.609060407,92511348,,inst_retired.any,82187857,100.00,145.0,IpMispredict
     4.609060407,629303,,br_misp_retired.all_branches,82187857,100.00,,
     4.709262395,92698338,,inst_retired.any,82205928,100.00,145.4,IpMispredict
     4.709262395,628361,,br_misp_retired.all_branches,82205928,100.00,,
     4.809463407,92982026,,inst_retired.any,83045748,100.00,145.9,IpMispredict
     4.809463407,628979,,br_misp_retired.all_branches,83045748,100.00,,
     4.909666014,92342882,,inst_retired.any,83716938,100.00,144.8,IpMispredict
     4.909666014,643616,,br_misp_retired.all_branches,83716938,100.00,,
     5.009871177,93751051,,inst_retired.any,84417813,100.00,147.0,IpMispredict
     5.009871177,640836,,br_misp_retired.all_branches,84417813,100.00,,
     5.110065139,92480872,,inst_retired.any,83490076,100.00,145.0,IpMispredict
     5.110065139,645816,,br_misp_retired.all_branches,83490076,100.00,,
     5.210257104,93239636,,inst_retired.any,82862994,100.00,146.2,IpMispredict
     5.210257104,631386,,br_misp_retired.all_branches,82862994,100.00,,
     5.310459941,92991913,,inst_retired.any,83674213,100.00,145.8,IpMispredict
     5.310459941,640523,,br_misp_retired.all_branches,83674213,100.00,,
     5.410655528,92164019,,inst_retired.any,81505286,100.00,144.5,IpMispredict
     5.410655528,633575,,br_misp_retired.all_branches,81505286,100.00,,
     5.510871963,92960043,,inst_retired.any,83053596,100.00,145.8,IpMispredict
     5.510871963,639193,,br_misp_retired.all_branches,83053596,100.00,,
     5.611064987,92687896,,inst_retired.any,82354858,100.00,145.4,IpMispredict
     5.611064987,636003,,br_misp_retired.all_branches,82354858,100.00,,
     5.711262347,92785765,,inst_retired.any,82430369,100.00,145.5,IpMispredict
     5.711262347,635713,,br_misp_retired.all_branches,82430369,100.00,,
     5.811458191,93107138,,inst_retired.any,84034253,100.00,146.0,IpMispredict
     5.811458191,637051,,br_misp_retired.all_branches,84034253,100.00,,
     5.911669170,93119044,,inst_retired.any,82843050,100.00,146.1,IpMispredict
     5.911669170,632704,,br_misp_retired.all_branches,82843050,100.00,,
     6.011875776,92823652,,inst_retired.any,83116126,100.00,145.6,IpMispredict
     6.011875776,645847,,br_misp_retired.all_branches,83116126,100.00,,
     6.112069569,92650331,,inst_retired.any,82264512,100.00,145.3,IpMispredict
     6.112069569,629881,,br_misp_retired.all_branches,82264512,100.00,,
     6.212263672,93309393,,inst_retired.any,83731641,100.00,146.4,IpMispredict
     6.212263672,632940,,br_misp_retired.all_branches,83731641,100.00,,
     6.312459717,92690341,,inst_retired.any,82222059,100.00,145.4,IpMispredict
     6.312459717,636670,,br_misp_retired.all_branches,82222059,100.00,,
     6.412655219,92422584,,inst_retired.any,81639256,100.00,145.0,IpMispredict
     6.412655219,631113,,br_misp_retired.all_branches,81639256,100.00,,
     6.512852019,92981826,,inst_retired.any,82430411,100.00,145.9,IpMispredict
     6.512852019,633370,,br_misp_retired.all_branches,82430411,100.00,,
     6.613048674,93206690,,inst_retired.any,82938837,100.00,146.2,IpMispredict
     6.613048674,643360,,br_misp_retired.all_branches,82938837,100.00,,
     6.713247425,92622250,,inst_retired.any,82316396,100.00,145.4,IpMispredict
     6.713247425,629196,,br_misp_retired.all_branches,82316396,100.00,,
     6.813446664,93038262,,inst_retired.any,83150819,100.00,146.0,IpMispredict
     6.813446664,634093,,br_misp_retired.all_branches,83150819,100.00,,
     6.913646062,92484296,,inst_retired.any,82195648,100.00,145.2,IpMispredict
     6.913646062,631200,,br_misp_retired.all_branches,82195648,100.00,,
     7.013841349,93501718,,inst_retired.any,82939433,100.00,146.8,IpMispredict
     7.013841349,634445,,br_misp_retired.all_branches,82939433,100.00,,
     7.114037580,92727313,,inst_retired.any,82913832,100.00,145.6,IpMispredict
     7.114037580,629341,,br_misp_retired.all_branches,82913832,100.00,,
     7.214235455,92626203,,inst_retired.any,82984249,100.00,145.4,IpMispredict
     7.214235455,635421,,br_misp_retired.all_branches,82984249,100.00,,
     7.314433441,92612904,,inst_retired.any,83764358,100.00,145.4,IpMispredict
     7.314433441,632680,,br_misp_retired.all_branches,83764358,100.00,,
     7.414630087,92637106,,inst_retired.any,82479840,100.00,145.5,IpMispredict
     7.414630087,634294,,br_misp_retired.all_branches,82479840,100.00,,
     7.514822559,92916019,,inst_retired.any,82878431,100.00,145.9,IpMispredict
     7.514822559,629557,,br_misp_retired.all_branches,82878431,100.00,,
     7.615019245,92887406,,inst_retired.any,83438962,100.00,145.9,IpMispredict
     7.615019245,641788,,br_misp_retired.all_branches,83438962,100.00,,
     7.715211750,92561035,,inst_retired.any,82989873,100.00,145.3,IpMispredict
     7.715211750,639537,,br_misp_retired.all_branches,82989873,100.00,,
     7.815407131,93371223,,inst_retired.any,83878502,100.00,146.6,IpMispredict
     7.815407131,640523,,br_misp_retired.all_branches,83878502,100.00,,
     7.915608354,92712687,,inst_retired.any,82526835,100.00,145.6,IpMispredict
     7.915608354,633522,,br_misp_retired.all_branches,82526835,100.00,,
     8.015803713,92514295,,inst_retired.any,82797023,100.00,145.3,IpMispredict
     8.015803713,631133,,br_misp_retired.all_branches,82797023,100.00,,
     8.116000843,92830654,,inst_retired.any,82323378,100.00,145.8,IpMispredict
     8.116000843,630800,,br_misp_retired.all_branches,82323378,100.00,,
     8.216200192,92912727,,inst_retired.any,82998567,100.00,145.9,IpMispredict
     8.216200192,633435,,br_misp_retired.all_branches,82998567,100.00,,
     8.316413369,93284217,,inst_retired.any,83126461,100.00,146.5,IpMispredict
     8.316413369,634063,,br_misp_retired.all_branches,83126461,100.00,,
     8.416609647,92917121,,inst_retired.any,82738311,100.00,146.0,IpMispredict
     8.416609647,633532,,br_misp_retired.all_branches,82738311,100.00,,
     8.516802414,92922268,,inst_retired.any,83744932,100.00,146.0,IpMispredict
     8.516802414,637856,,br_misp_retired.all_branches,83744932,100.00,,
     8.616994005,92474115,,inst_retired.any,82626038,100.00,145.3,IpMispredict
     8.616994005,633985,,br_misp_retired.all_branches,82626038,100.00,,
     8.717186742,92844063,,inst_retired.any,82259257,100.00,145.8,IpMispredict
     8.717186742,637368,,br_misp_retired.all_branches,82259257,100.00,,
     8.817380060,93475214,,inst_retired.any,83535936,100.00,146.8,IpMispredict
     8.817380060,638765,,br_misp_retired.all_branches,83535936,100.00,,
     8.917572218,92934826,,inst_retired.any,83840844,100.00,146.0,IpMispredict
     8.917572218,648115,,br_misp_retired.all_branches,83840844,100.00,,
     9.017769666,92515909,,inst_retired.any,83190362,100.00,145.3,IpMispredict
     9.017769666,634327,,br_misp_retired.all_branches,83190362,100.00,,
     9.117963191,92973715,,inst_retired.any,83171590,100.00,146.0,IpMispredict
     9.117963191,634308,,br_misp_retired.all_branches,83171590,100.00,,
     9.218162737,93062166,,inst_retired.any,83687520,100.00,146.1,IpMispredict
     9.218162737,653506,,br_misp_retired.all_branches,83687520,100.00,,
     9.318386261,92598540,,inst_retired.any,82683057,100.00,145.4,IpMispredict
     9.318386261,640078,,br_misp_retired.all_branches,82683057,100.00,,
     9.418581088,92953352,,inst_retired.any,83168639,100.00,145.9,IpMispredict
     9.418581088,646710,,br_misp_retired.all_branches,83168639,100.00,,
     9.518777752,92930654,,inst_retired.any,83693890,100.00,145.9,IpMispredict
     9.518777752,637705,,br_misp_retired.all_branches,83693890,100.00,,
     9.618973044,93341329,,inst_retired.any,83012500,100.00,146.5,IpMispredict
     9.618973044,638537,,br_misp_retired.all_branches,83012500,100.00,,
     9.719171864,92385286,,inst_retired.any,82639577,100.00,145.0,IpMispredict
     9.719171864,638031,,br_misp_retired.all_branches,82639577,100.00,,
     9.819373141,92762494,,inst_retired.any,83703526,100.00,145.6,IpMispredict
     9.819373141,632873,,br_misp_retired.all_branches,83703526,100.00,,
     9.919570525,92863483,,inst_retired.any,83227117,100.00,145.8,IpMispredict
     9.919570525,639952,,br_misp_retired.all_branches,83227117,100.00,,
    10.019783983,93441051,,inst_retired.any,85819479,100.00,146.6,IpMispredict
    10.019783983,651307,,br_misp_retired.all_branches,85819479,100.00,,
    10.119980488,92433638,,inst_retired.any,82791937,100.00,145.1,IpMispredict
    10.119980488,642352,,br_misp_retired.all_branches,82791937,100.00,,
    10.220174718,93436234,,inst_retired.any,85068974,100.00,146.6,IpMispredict
    10.220174718,647095,,br_misp_retired.all_branches,85068974,100.00,,
    10.320369226,92916857,,inst_retired.any,83686692,100.00,145.8,IpMispredict
    10.320369226,644714,,br_misp_retired.all_branches,83686692,100.00,,
    10.420566784,92384731,,inst_retired.any,83532825,100.00,144.9,IpMispredict
    10.420566784,635660,,br_misp_retired.all_branches,83532825,100.00,,
    10.520761531,93765398,,inst_retired.any,84561525,100.00,147.1,IpMispredict
    10.520761531,645700,,br_misp_retired.all_branches,84561525,100.00,,
    10.620959169,92215121,,inst_retired.any,85220316,100.00,144.7,IpMispredict
    10.620959169,634002,,br_misp_retired.all_branches,85220316,100.00,,
    10.721162741,94122775,,inst_retired.any,83658587,100.00,147.6,IpMispredict
    10.721162741,654717,,br_misp_retired.all_branches,83658587,100.00,,
    10.821361267,92914814,,inst_retired.any,81550372,100.00,145.7,IpMispredict
    10.821361267,637917,,br_misp_retired.all_branches,81550372,100.00,,
    10.921565708,94527516,,inst_retired.any,81974508,100.00,148.2,IpMispredict
    10.921565708,642812,,br_misp_retired.all_branches,81974508,100.00,,
    11.021784110,94178777,,inst_retired.any,82594912,100.00,147.7,IpMispredict
    11.021784110,658857,,br_misp_retired.all_branches,82594912,100.00,,
