# started on Tue May  2 14:05:13 2023

     0.100170331,30093988,,inst_retired.any,42655114,100.00,109.6,IpMispredict
     0.100170331,274666,,br_misp_retired.all_branches,42655114,100.00,,
     0.200381687,29831755,,inst_retired.any,42908327,100.00,107.9,IpMispredict
     0.200381687,278366,,br_misp_retired.all_branches,42908327,100.00,,
     0.300584668,30087293,,inst_retired.any,43565911,100.00,105.1,IpMispredict
     0.300584668,305565,,br_misp_retired.all_branches,43565911,100.00,,
     0.400779099,30114794,,inst_retired.any,42722529,100.00,105.4,IpMispredict
     0.400779099,283752,,br_misp_retired.all_branches,42722529,100.00,,
     0.500969732,30873162,,inst_retired.any,43057931,100.00,110.5,IpMispredict
     0.500969732,255209,,br_misp_retired.all_branches,43057931,100.00,,
     0.601162570,30495776,,inst_retired.any,43606527,100.00,108.5,IpMispredict
     0.601162570,288959,,br_misp_retired.all_branches,43606527,100.00,,
     0.701358965,29980465,,inst_retired.any,42911595,100.00,107.0,IpMispredict
     0.701358965,274448,,br_misp_retired.all_branches,42911595,100.00,,
     0.801548839,30337537,,inst_retired.any,44326764,100.00,108.5,IpMispredict
     0.801548839,275192,,br_misp_retired.all_branches,44326764,100.00,,
     0.901750036,30139538,,inst_retired.any,43425132,100.00,107.3,IpMispredict
     0.901750036,291203,,br_misp_retired.all_branches,43425132,100.00,,
     1.001947903,30078959,,inst_retired.any,42978494,100.00,106.4,IpMispredict
     1.001947903,300441,,br_misp_retired.all_branches,42978494,100.00,,
     1.102143831,29852039,,inst_retired.any,43078499,100.00,105.3,IpMispredict
     1.102143831,290168,,br_misp_retired.all_branches,43078499,100.00,,
     1.202334225,30094845,,inst_retired.any,43886159,100.00,105.2,IpMispredict
     1.202334225,315389,,br_misp_retired.all_branches,43886159,100.00,,
     1.302525099,29818406,,inst_retired.any,42811061,100.00,103.6,IpMispredict
     1.302525099,307933,,br_misp_retired.all_branches,42811061,100.00,,
     1.402715951,30092427,,inst_retired.any,42839624,100.00,104.5,IpMispredict
     1.402715951,290883,,br_misp_retired.all_branches,42839624,100.00,,
     1.502905425,29897541,,inst_retired.any,42731851,100.00,103.7,IpMispredict
     1.502905425,291209,,br_misp_retired.all_branches,42731851,100.00,,
     1.603093802,30050421,,inst_retired.any,43594130,100.00,104.7,IpMispredict
     1.603093802,271016,,br_misp_retired.all_branches,43594130,100.00,,
     1.703289209,30285729,,inst_retired.any,43917552,100.00,104.7,IpMispredict
     1.703289209,323167,,br_misp_retired.all_branches,43917552,100.00,,
     1.803481033,30208527,,inst_retired.any,44467762,100.00,104.2,IpMispredict
     1.803481033,301126,,br_misp_retired.all_branches,44467762,100.00,,
     1.903672146,30121679,,inst_retired.any,43907437,100.00,103.8,IpMispredict
     1.903672146,293058,,br_misp_retired.all_branches,43907437,100.00,,
     2.003868242,30219505,,inst_retired.any,44051312,100.00,103.8,IpMispredict
     2.003868242,310908,,br_misp_retired.all_branches,44051312,100.00,,
     2.104059673,30375265,,inst_retired.any,44031240,100.00,104.4,IpMispredict
     2.104059673,288173,,br_misp_retired.all_branches,44031240,100.00,,
     2.204254786,30156786,,inst_retired.any,43039739,100.00,103.7,IpMispredict
     2.204254786,288123,,br_misp_retired.all_branches,43039739,100.00,,
     2.304445999,29892912,,inst_retired.any,43551492,100.00,102.8,IpMispredict
     2.304445999,289794,,br_misp_retired.all_branches,43551492,100.00,,
     2.404636034,30113026,,inst_retired.any,43332858,100.00,103.2,IpMispredict
     2.404636034,311582,,br_misp_retired.all_branches,43332858,100.00,,
     2.504826896,30427350,,inst_retired.any,45148596,100.00,103.7,IpMispredict
     2.504826896,332661,,br_misp_retired.all_branches,45148596,100.00,,
     2.605017128,30190213,,inst_retired.any,42378527,100.00,103.2,IpMispredict
     2.605017128,275019,,br_misp_retired.all_branches,42378527,100.00,,
     2.705209096,29975488,,inst_retired.any,43379029,100.00,102.6,IpMispredict
     2.705209096,278482,,br_misp_retired.all_branches,43379029,100.00,,
     2.805428078,29941113,,inst_retired.any,41047952,100.00,102.9,IpMispredict
     2.805428078,262582,,br_misp_retired.all_branches,41047952,100.00,,
     2.905617444,30233947,,inst_retired.any,43558260,100.00,104.1,IpMispredict
     2.905617444,272727,,br_misp_retired.all_branches,43558260,100.00,,
     3.005806652,30313668,,inst_retired.any,43657681,100.00,104.4,IpMispredict
     3.005806652,287876,,br_misp_retired.all_branches,43657681,100.00,,
     3.106005367,30263852,,inst_retired.any,44324031,100.00,104.4,IpMispredict
     3.106005367,280285,,br_misp_retired.all_branches,44324031,100.00,,
     3.206197893,30267478,,inst_retired.any,43225888,100.00,104.0,IpMispredict
     3.206197893,322142,,br_misp_retired.all_branches,43225888,100.00,,
     3.306387397,30092094,,inst_retired.any,42744941,100.00,103.6,IpMispredict
     3.306387397,271391,,br_misp_retired.all_branches,42744941,100.00,,
     3.406581594,29901681,,inst_retired.any,43335496,100.00,102.9,IpMispredict
     3.406581594,297099,,br_misp_retired.all_branches,43335496,100.00,,
     3.506777996,30148916,,inst_retired.any,43707532,100.00,103.7,IpMispredict
     3.506777996,295687,,br_misp_retired.all_branches,43707532,100.00,,
     3.606972321,30272475,,inst_retired.any,43493057,100.00,104.1,IpMispredict
     3.606972321,293746,,br_misp_retired.all_branches,43493057,100.00,,
     3.707168569,29830086,,inst_retired.any,42711623,100.00,102.6,IpMispredict
     3.707168569,282642,,br_misp_retired.all_branches,42711623,100.00,,
     3.807378603,30144559,,inst_retired.any,43562573,100.00,103.6,IpMispredict
     3.807378603,299417,,br_misp_retired.all_branches,43562573,100.00,,
     3.907571734,30021360,,inst_retired.any,43528125,100.00,103.2,IpMispredict
     3.907571734,295600,,br_misp_retired.all_branches,43528125,100.00,,
     4.007768688,30196408,,inst_retired.any,43240875,100.00,103.9,IpMispredict
     4.007768688,281583,,br_misp_retired.all_branches,43240875,100.00,,
     4.107966223,30359334,,inst_retired.any,43964503,100.00,104.5,IpMispredict
     4.107966223,281680,,br_misp_retired.all_branches,43964503,100.00,,
     4.208158829,30425906,,inst_retired.any,44152425,100.00,104.7,IpMispredict
     4.208158829,295062,,br_misp_retired.all_branches,44152425,100.00,,
     4.308355105,29835950,,inst_retired.any,43392054,100.00,102.6,IpMispredict
     4.308355105,292932,,br_misp_retired.all_branches,43392054,100.00,,
     4.408545807,30496804,,inst_retired.any,43733079,100.00,104.5,IpMispredict
     4.408545807,339567,,br_misp_retired.all_branches,43733079,100.00,,
     4.508737752,30034286,,inst_retired.any,43505352,100.00,102.7,IpMispredict
     4.508737752,324821,,br_misp_retired.all_branches,43505352,100.00,,
     4.608927032,30170130,,inst_retired.any,43854170,100.00,103.0,IpMispredict
     4.608927032,304302,,br_misp_retired.all_branches,43854170,100.00,,
     4.709122107,29957777,,inst_retired.any,43030905,100.00,102.3,IpMispredict
     4.709122107,299240,,br_misp_retired.all_branches,43030905,100.00,,
     4.809315743,30420743,,inst_retired.any,43472250,100.00,104.0,IpMispredict
     4.809315743,276690,,br_misp_retired.all_branches,43472250,100.00,,
     4.909512553,29990339,,inst_retired.any,42797074,100.00,102.6,IpMispredict
     4.909512553,282610,,br_misp_retired.all_branches,42797074,100.00,,
     5.009703733,30191741,,inst_retired.any,43369815,100.00,103.3,IpMispredict
     5.009703733,289999,,br_misp_retired.all_branches,43369815,100.00,,
     5.109894726,29907872,,inst_retired.any,43497727,100.00,102.2,IpMispredict
     5.109894726,311989,,br_misp_retired.all_branches,43497727,100.00,,
     5.210084447,29924593,,inst_retired.any,43192991,100.00,102.2,IpMispredict
     5.210084447,297099,,br_misp_retired.all_branches,43192991,100.00,,
     5.310278757,29879293,,inst_retired.any,43006674,100.00,101.9,IpMispredict
     5.310278757,318465,,br_misp_retired.all_branches,43006674,100.00,,
     5.410474605,30349645,,inst_retired.any,43256846,100.00,103.6,IpMispredict
     5.410474605,271587,,br_misp_retired.all_branches,43256846,100.00,,
     5.510690698,30625949,,inst_retired.any,43435867,100.00,104.7,IpMispredict
     5.510690698,268040,,br_misp_retired.all_branches,43435867,100.00,,
     5.610880806,30362129,,inst_retired.any,44604652,100.00,103.8,IpMispredict
     5.610880806,302910,,br_misp_retired.all_branches,44604652,100.00,,
     5.711076707,29823311,,inst_retired.any,42918667,100.00,101.9,IpMispredict
     5.711076707,293733,,br_misp_retired.all_branches,42918667,100.00,,
     5.811268295,29914913,,inst_retired.any,43436267,100.00,102.1,IpMispredict
     5.811268295,317982,,br_misp_retired.all_branches,43436267,100.00,,
     5.911464230,30524466,,inst_retired.any,44207762,100.00,104.2,IpMispredict
     5.911464230,288743,,br_misp_retired.all_branches,44207762,100.00,,
     6.011658501,29724632,,inst_retired.any,42890430,100.00,101.5,IpMispredict
     6.011658501,278428,,br_misp_retired.all_branches,42890430,100.00,,
     6.111852871,30360422,,inst_retired.any,44214996,100.00,103.6,IpMispredict
     6.111852871,305654,,br_misp_retired.all_branches,44214996,100.00,,
     6.212047138,30377109,,inst_retired.any,43722075,100.00,103.7,IpMispredict
     6.212047138,289190,,br_misp_retired.all_branches,43722075,100.00,,
     6.312237840,30060386,,inst_retired.any,43215349,100.00,102.7,IpMispredict
     6.312237840,277837,,br_misp_retired.all_branches,43215349,100.00,,
     6.412433585,29981809,,inst_retired.any,43478265,100.00,102.3,IpMispredict
     6.412433585,310485,,br_misp_retired.all_branches,43478265,100.00,,
     6.512624430,29751645,,inst_retired.any,41674433,100.00,101.7,IpMispredict
     6.512624430,258558,,br_misp_retired.all_branches,41674433,100.00,,
     6.612818022,30352217,,inst_retired.any,43488224,100.00,103.9,IpMispredict
     6.612818022,272806,,br_misp_retired.all_branches,43488224,100.00,,
     6.713015186,30222182,,inst_retired.any,43313842,100.00,103.5,IpMispredict
     6.713015186,283057,,br_misp_retired.all_branches,43313842,100.00,,
     6.813204830,29892078,,inst_retired.any,43517183,100.00,102.2,IpMispredict
     6.813204830,331809,,br_misp_retired.all_branches,43517183,100.00,,
     6.913399638,30199085,,inst_retired.any,43744510,100.00,103.2,IpMispredict
     6.913399638,302675,,br_misp_retired.all_branches,43744510,100.00,,
     7.013588633,30287899,,inst_retired.any,44405942,100.00,103.4,IpMispredict
     7.013588633,306542,,br_misp_retired.all_branches,44405942,100.00,,
     7.113776264,29937084,,inst_retired.any,43131789,100.00,102.2,IpMispredict
     7.113776264,295626,,br_misp_retired.all_branches,43131789,100.00,,
     7.213981032,30378090,,inst_retired.any,43224872,100.00,103.8,IpMispredict
     7.213981032,279890,,br_misp_retired.all_branches,43224872,100.00,,
     7.314172322,31005041,,inst_retired.any,43522846,100.00,105.9,IpMispredict
     7.314172322,289480,,br_misp_retired.all_branches,43522846,100.00,,
     7.414357493,30072704,,inst_retired.any,43739467,100.00,102.8,IpMispredict
     7.414357493,282174,,br_misp_retired.all_branches,43739467,100.00,,
     7.514547863,30360188,,inst_retired.any,43072592,100.00,104.0,IpMispredict
     7.514547863,244747,,br_misp_retired.all_branches,43072592,100.00,,
     7.614736063,29855970,,inst_retired.any,42873262,100.00,102.3,IpMispredict
     7.614736063,289092,,br_misp_retired.all_branches,42873262,100.00,,
     7.714934897,30235863,,inst_retired.any,43064657,100.00,103.7,IpMispredict
     7.714934897,268072,,br_misp_retired.all_branches,43064657,100.00,,
     7.815125814,29832410,,inst_retired.any,43330873,100.00,102.4,IpMispredict
     7.815125814,276129,,br_misp_retired.all_branches,43330873,100.00,,
     7.915273900,30179022,,inst_retired.any,43834732,100.00,103.4,IpMispredict
     7.915273900,325122,,br_misp_retired.all_branches,43834732,100.00,,
     8.015473302,30043539,,inst_retired.any,43259824,100.00,103.0,IpMispredict
     8.015473302,273132,,br_misp_retired.all_branches,43259824,100.00,,
     8.115662591,30168877,,inst_retired.any,44331416,100.00,103.4,IpMispredict
     8.115662591,316876,,br_misp_retired.all_branches,44331416,100.00,,
     8.215853941,30050404,,inst_retired.any,43055011,100.00,102.9,IpMispredict
     8.215853941,293095,,br_misp_retired.all_branches,43055011,100.00,,
     8.316078673,30502995,,inst_retired.any,43394666,100.00,104.5,IpMispredict
     8.316078673,297652,,br_misp_retired.all_branches,43394666,100.00,,
     8.416270871,30102352,,inst_retired.any,43474207,100.00,103.0,IpMispredict
     8.416270871,319596,,br_misp_retired.all_branches,43474207,100.00,,
     8.516464824,30076720,,inst_retired.any,43849912,100.00,102.8,IpMispredict
     8.516464824,310897,,br_misp_retired.all_branches,43849912,100.00,,
     8.616661915,30184712,,inst_retired.any,44167062,100.00,103.1,IpMispredict
     8.616661915,320937,,br_misp_retired.all_branches,44167062,100.00,,
     8.716863161,30031904,,inst_retired.any,43427534,100.00,102.6,IpMispredict
     8.716863161,276486,,br_misp_retired.all_branches,43427534,100.00,,
     8.817064010,30091490,,inst_retired.any,42832744,100.00,102.9,IpMispredict
     8.817064010,268415,,br_misp_retired.all_branches,42832744,100.00,,
     8.917258047,30226938,,inst_retired.any,42967211,100.00,103.5,IpMispredict
     8.917258047,262296,,br_misp_retired.all_branches,42967211,100.00,,
     9.017454792,30364268,,inst_retired.any,44222527,100.00,104.0,IpMispredict
     9.017454792,293217,,br_misp_retired.all_branches,44222527,100.00,,
     9.117644415,30016234,,inst_retired.any,42534934,100.00,102.8,IpMispredict
     9.117644415,296032,,br_misp_retired.all_branches,42534934,100.00,,
     9.217835902,30085029,,inst_retired.any,43019777,100.00,103.0,IpMispredict
     9.217835902,296604,,br_misp_retired.all_branches,43019777,100.00,,
     9.318034749,30227452,,inst_retired.any,43804316,100.00,103.5,IpMispredict
     9.318034749,278559,,br_misp_retired.all_branches,43804316,100.00,,
     9.418225523,30043724,,inst_retired.any,42710932,100.00,102.9,IpMispredict
     9.418225523,284189,,br_misp_retired.all_branches,42710932,100.00,,
     9.518415620,30143877,,inst_retired.any,44258557,100.00,103.2,IpMispredict
     9.518415620,314581,,br_misp_retired.all_branches,44258557,100.00,,
     9.618604738,30167774,,inst_retired.any,42981309,100.00,103.4,IpMispredict
     9.618604738,247675,,br_misp_retired.all_branches,42981309,100.00,,
     9.718796633,30148164,,inst_retired.any,42993201,100.00,103.4,IpMispredict
     9.718796633,269932,,br_misp_retired.all_branches,42993201,100.00,,
     9.818991711,30251024,,inst_retired.any,44367541,100.00,103.8,IpMispredict
     9.818991711,293141,,br_misp_retired.all_branches,44367541,100.00,,
     9.919184214,30311013,,inst_retired.any,43284904,100.00,104.0,IpMispredict
     9.919184214,272571,,br_misp_retired.all_branches,43284904,100.00,,
    10.019385333,29864219,,inst_retired.any,43261046,100.00,102.5,IpMispredict
    10.019385333,305941,,br_misp_retired.all_branches,43261046,100.00,,
    10.119576701,30194941,,inst_retired.any,43847052,100.00,103.6,IpMispredict
    10.119576701,298622,,br_misp_retired.all_branches,43847052,100.00,,
    10.219772998,30099464,,inst_retired.any,43258217,100.00,103.3,IpMispredict
    10.219772998,287979,,br_misp_retired.all_branches,43258217,100.00,,
    10.319963637,29723375,,inst_retired.any,43056094,100.00,102.0,IpMispredict
    10.319963637,286280,,br_misp_retired.all_branches,43056094,100.00,,
    10.420154072,30470481,,inst_retired.any,44052488,100.00,104.6,IpMispredict
    10.420154072,289281,,br_misp_retired.all_branches,44052488,100.00,,
    10.520343818,30813690,,inst_retired.any,43547099,100.00,105.7,IpMispredict
    10.520343818,308325,,br_misp_retired.all_branches,43547099,100.00,,
    10.620533137,29790726,,inst_retired.any,43330374,100.00,102.1,IpMispredict
    10.620533137,315316,,br_misp_retired.all_branches,43330374,100.00,,
    10.720731420,30003184,,inst_retired.any,43662219,100.00,102.7,IpMispredict
    10.720731420,313901,,br_misp_retired.all_branches,43662219,100.00,,
    10.820925489,30217845,,inst_retired.any,43386709,100.00,103.5,IpMispredict
    10.820925489,286979,,br_misp_retired.all_branches,43386709,100.00,,
    10.921117020,30162839,,inst_retired.any,44108551,100.00,103.3,IpMispredict
    10.921117020,298514,,br_misp_retired.all_branches,44108551,100.00,,
    11.021330241,29934304,,inst_retired.any,43061162,100.00,102.4,IpMispredict
    11.021330241,314701,,br_misp_retired.all_branches,43061162,100.00,,
