# started on Tue May  2 14:07:26 2023

     0.100241041,4883798,,offcore_response.all_requests.llc_hit.any_response,51653247,100.00,,
     0.100241041,76167,,offcore_response.all_requests.llc_miss.any_response,51612384,100.00,,
     0.200471261,4985227,,offcore_response.all_requests.llc_hit.any_response,51827145,100.00,,
     0.200471261,76965,,offcore_response.all_requests.llc_miss.any_response,51827145,100.00,,
     0.300664912,4744425,,offcore_response.all_requests.llc_hit.any_response,50276359,100.00,,
     0.300664912,74844,,offcore_response.all_requests.llc_miss.any_response,50276359,100.00,,
     0.400859720,4893392,,offcore_response.all_requests.llc_hit.any_response,52557060,100.00,,
     0.400859720,77020,,offcore_response.all_requests.llc_miss.any_response,52582158,100.00,,
     0.501060768,5150479,,offcore_response.all_requests.llc_hit.any_response,53448470,100.00,,
     0.501060768,77366,,offcore_response.all_requests.llc_miss.any_response,53448083,100.00,,
     0.601260995,4910077,,offcore_response.all_requests.llc_hit.any_response,52087666,100.00,,
     0.601260995,77155,,offcore_response.all_requests.llc_miss.any_response,52062955,100.00,,
     0.701461806,5071727,,offcore_response.all_requests.llc_hit.any_response,53210389,100.00,,
     0.701461806,76419,,offcore_response.all_requests.llc_miss.any_response,53235285,100.00,,
     0.801666166,5033030,,offcore_response.all_requests.llc_hit.any_response,53717313,100.00,,
     0.801666166,76988,,offcore_response.all_requests.llc_miss.any_response,53717531,100.00,,
     0.901869717,4885850,,offcore_response.all_requests.llc_hit.any_response,52071303,100.00,,
     0.901869717,77036,,offcore_response.all_requests.llc_miss.any_response,52056647,100.00,,
     1.002071106,5004430,,offcore_response.all_requests.llc_hit.any_response,52238442,100.00,,
     1.002071106,76192,,offcore_response.all_requests.llc_miss.any_response,52227984,100.00,,
     1.102268600,5072680,,offcore_response.all_requests.llc_hit.any_response,52056970,100.00,,
     1.102268600,75995,,offcore_response.all_requests.llc_miss.any_response,52081608,100.00,,
     1.202471369,4711366,,offcore_response.all_requests.llc_hit.any_response,49783897,100.00,,
     1.202471369,76196,,offcore_response.all_requests.llc_miss.any_response,49780005,100.00,,
     1.302671317,5050252,,offcore_response.all_requests.llc_hit.any_response,52318521,100.00,,
     1.302671317,76979,,offcore_response.all_requests.llc_miss.any_response,52297775,100.00,,
     1.402864404,4952107,,offcore_response.all_requests.llc_hit.any_response,53434751,100.00,,
     1.402864404,76286,,offcore_response.all_requests.llc_miss.any_response,53460077,100.00,,
     1.503064525,5013085,,offcore_response.all_requests.llc_hit.any_response,51205854,100.00,,
     1.503064525,76201,,offcore_response.all_requests.llc_miss.any_response,51205144,100.00,,
     1.603263898,4907468,,offcore_response.all_requests.llc_hit.any_response,52915515,100.00,,
     1.603263898,76424,,offcore_response.all_requests.llc_miss.any_response,52916086,100.00,,
     1.703464848,5022021,,offcore_response.all_requests.llc_hit.any_response,51215145,100.00,,
     1.703464848,75756,,offcore_response.all_requests.llc_miss.any_response,51189958,100.00,,
     1.803682143,4976636,,offcore_response.all_requests.llc_hit.any_response,53871182,100.00,,
     1.803682143,76901,,offcore_response.all_requests.llc_miss.any_response,53871182,100.00,,
     1.903880870,4799398,,offcore_response.all_requests.llc_hit.any_response,51810703,100.00,,
     1.903880870,75745,,offcore_response.all_requests.llc_miss.any_response,51810703,100.00,,
     2.004080585,4837354,,offcore_response.all_requests.llc_hit.any_response,53058504,100.00,,
     2.004080585,75977,,offcore_response.all_requests.llc_miss.any_response,53084578,100.00,,
     2.104283491,4906041,,offcore_response.all_requests.llc_hit.any_response,50515727,100.00,,
     2.104283491,77316,,offcore_response.all_requests.llc_miss.any_response,50514560,100.00,,
     2.204482051,5137252,,offcore_response.all_requests.llc_hit.any_response,52699727,100.00,,
     2.204482051,77938,,offcore_response.all_requests.llc_miss.any_response,52700133,100.00,,
     2.304704315,4702723,,offcore_response.all_requests.llc_hit.any_response,51845507,100.00,,
     2.304704315,75792,,offcore_response.all_requests.llc_miss.any_response,51844829,100.00,,
     2.404902660,5219569,,offcore_response.all_requests.llc_hit.any_response,52096557,100.00,,
     2.404902660,77203,,offcore_response.all_requests.llc_miss.any_response,52071922,100.00,,
     2.505096348,4960961,,offcore_response.all_requests.llc_hit.any_response,51772994,100.00,,
     2.505096348,77148,,offcore_response.all_requests.llc_miss.any_response,51797746,100.00,,
     2.605297076,4961642,,offcore_response.all_requests.llc_hit.any_response,51057885,100.00,,
     2.605297076,76586,,offcore_response.all_requests.llc_miss.any_response,51033133,100.00,,
     2.705491890,4949956,,offcore_response.all_requests.llc_hit.any_response,53024952,100.00,,
     2.705491890,76827,,offcore_response.all_requests.llc_miss.any_response,53024952,100.00,,
     2.805686617,5195320,,offcore_response.all_requests.llc_hit.any_response,53094359,100.00,,
     2.805686617,76569,,offcore_response.all_requests.llc_miss.any_response,53120215,100.00,,
     2.905888384,5105976,,offcore_response.all_requests.llc_hit.any_response,54654292,100.00,,
     2.905888384,77319,,offcore_response.all_requests.llc_miss.any_response,54647496,100.00,,
     3.006086729,4999374,,offcore_response.all_requests.llc_hit.any_response,54213023,100.00,,
     3.006086729,76800,,offcore_response.all_requests.llc_miss.any_response,54211525,100.00,,
     3.106288740,4843896,,offcore_response.all_requests.llc_hit.any_response,52707819,100.00,,
     3.106288740,76407,,offcore_response.all_requests.llc_miss.any_response,52690257,100.00,,
     3.206484379,4989374,,offcore_response.all_requests.llc_hit.any_response,51687829,100.00,,
     3.206484379,76904,,offcore_response.all_requests.llc_miss.any_response,51687829,100.00,,
     3.306678097,4827513,,offcore_response.all_requests.llc_hit.any_response,50076509,100.00,,
     3.306678097,76694,,offcore_response.all_requests.llc_miss.any_response,50101069,100.00,,
     3.406879162,5107172,,offcore_response.all_requests.llc_hit.any_response,52850824,100.00,,
     3.406879162,76668,,offcore_response.all_requests.llc_miss.any_response,52826264,100.00,,
     3.507075062,4998188,,offcore_response.all_requests.llc_hit.any_response,52562926,100.00,,
     3.507075062,77085,,offcore_response.all_requests.llc_miss.any_response,52587409,100.00,,
     3.607274523,4849974,,offcore_response.all_requests.llc_hit.any_response,50460555,100.00,,
     3.607274523,76569,,offcore_response.all_requests.llc_miss.any_response,50436072,100.00,,
     3.707467923,4896060,,offcore_response.all_requests.llc_hit.any_response,51435603,100.00,,
     3.707467923,77036,,offcore_response.all_requests.llc_miss.any_response,51435603,100.00,,
     3.807672765,4908155,,offcore_response.all_requests.llc_hit.any_response,52829508,100.00,,
     3.807672765,76828,,offcore_response.all_requests.llc_miss.any_response,52829508,100.00,,
     3.907869248,4953237,,offcore_response.all_requests.llc_hit.any_response,51928128,100.00,,
     3.907869248,76764,,offcore_response.all_requests.llc_miss.any_response,51928128,100.00,,
     4.008063174,4835480,,offcore_response.all_requests.llc_hit.any_response,51829890,100.00,,
     4.008063174,76413,,offcore_response.all_requests.llc_miss.any_response,51829890,100.00,,
     4.108263076,5026589,,offcore_response.all_requests.llc_hit.any_response,53514598,100.00,,
     4.108263076,77234,,offcore_response.all_requests.llc_miss.any_response,53525118,100.00,,
     4.208461532,4881296,,offcore_response.all_requests.llc_hit.any_response,51055666,100.00,,
     4.208461532,76074,,offcore_response.all_requests.llc_miss.any_response,51070097,100.00,,
     4.308662350,5051120,,offcore_response.all_requests.llc_hit.any_response,53983601,100.00,,
     4.308662350,78028,,offcore_response.all_requests.llc_miss.any_response,53958650,100.00,,
     4.408855603,5026617,,offcore_response.all_requests.llc_hit.any_response,52966685,100.00,,
     4.408855603,76802,,offcore_response.all_requests.llc_miss.any_response,52991647,100.00,,
     4.509075168,4993629,,offcore_response.all_requests.llc_hit.any_response,53542229,100.00,,
     4.509075168,76967,,offcore_response.all_requests.llc_miss.any_response,53542209,100.00,,
     4.609275562,5072944,,offcore_response.all_requests.llc_hit.any_response,54413372,100.00,,
     4.609275562,76720,,offcore_response.all_requests.llc_miss.any_response,54413392,100.00,,
     4.709476218,5019000,,offcore_response.all_requests.llc_hit.any_response,52721722,100.00,,
     4.709476218,77067,,offcore_response.all_requests.llc_miss.any_response,52696760,100.00,,
     4.809669891,4858634,,offcore_response.all_requests.llc_hit.any_response,52185504,100.00,,
     4.809669891,75892,,offcore_response.all_requests.llc_miss.any_response,52223696,100.00,,
     4.909885639,4949168,,offcore_response.all_requests.llc_hit.any_response,53193331,100.00,,
     4.909885639,77083,,offcore_response.all_requests.llc_miss.any_response,53179678,100.00,,
     5.010086544,4750228,,offcore_response.all_requests.llc_hit.any_response,50790095,100.00,,
     5.010086544,75900,,offcore_response.all_requests.llc_miss.any_response,50790037,100.00,,
     5.110285835,4996280,,offcore_response.all_requests.llc_hit.any_response,53064252,100.00,,
     5.110285835,77291,,offcore_response.all_requests.llc_miss.any_response,53039771,100.00,,
     5.210482910,4868355,,offcore_response.all_requests.llc_hit.any_response,50638182,100.00,,
     5.210482910,76391,,offcore_response.all_requests.llc_miss.any_response,50663147,100.00,,
     5.310684934,5035243,,offcore_response.all_requests.llc_hit.any_response,51514360,100.00,,
     5.310684934,76713,,offcore_response.all_requests.llc_miss.any_response,51513994,100.00,,
     5.410885942,4938625,,offcore_response.all_requests.llc_hit.any_response,52624244,100.00,,
     5.410885942,76011,,offcore_response.all_requests.llc_miss.any_response,52624613,100.00,,
     5.511087703,5123647,,offcore_response.all_requests.llc_hit.any_response,53778949,100.00,,
     5.511087703,77681,,offcore_response.all_requests.llc_miss.any_response,53753981,100.00,,
     5.611284805,5052461,,offcore_response.all_requests.llc_hit.any_response,54007322,100.00,,
     5.611284805,76915,,offcore_response.all_requests.llc_miss.any_response,54032372,100.00,,
     5.711486889,4913036,,offcore_response.all_requests.llc_hit.any_response,51493081,100.00,,
     5.711486889,75780,,offcore_response.all_requests.llc_miss.any_response,51468031,100.00,,
     5.811683206,4783650,,offcore_response.all_requests.llc_hit.any_response,51274472,100.00,,
     5.811683206,77162,,offcore_response.all_requests.llc_miss.any_response,51300175,100.00,,
     5.911886336,4896360,,offcore_response.all_requests.llc_hit.any_response,51637149,100.00,,
     5.911886336,76825,,offcore_response.all_requests.llc_miss.any_response,51636139,100.00,,
     6.012087525,5180089,,offcore_response.all_requests.llc_hit.any_response,53241547,100.00,,
     6.012087525,76544,,offcore_response.all_requests.llc_miss.any_response,53241901,100.00,,
     6.112289398,5125981,,offcore_response.all_requests.llc_hit.any_response,54497436,100.00,,
     6.112289398,77355,,offcore_response.all_requests.llc_miss.any_response,54493375,100.00,,
     6.212486377,4722630,,offcore_response.all_requests.llc_hit.any_response,49207000,100.00,,
     6.212486377,75764,,offcore_response.all_requests.llc_miss.any_response,49218386,100.00,,
     6.312697345,4909670,,offcore_response.all_requests.llc_hit.any_response,51729402,100.00,,
     6.312697345,75917,,offcore_response.all_requests.llc_miss.any_response,51707257,100.00,,
     6.412901008,5096399,,offcore_response.all_requests.llc_hit.any_response,53222130,100.00,,
     6.412901008,77413,,offcore_response.all_requests.llc_miss.any_response,53237800,100.00,,
     6.513102171,4880400,,offcore_response.all_requests.llc_hit.any_response,51348430,100.00,,
     6.513102171,76476,,offcore_response.all_requests.llc_miss.any_response,51347112,100.00,,
     6.613324372,4857053,,offcore_response.all_requests.llc_hit.any_response,53149659,100.00,,
     6.613324372,76370,,offcore_response.all_requests.llc_miss.any_response,53132890,100.00,,
     6.713523325,5015006,,offcore_response.all_requests.llc_hit.any_response,52858580,100.00,,
     6.713523325,77009,,offcore_response.all_requests.llc_miss.any_response,52850770,100.00,,
     6.813716040,5009822,,offcore_response.all_requests.llc_hit.any_response,53545931,100.00,,
     6.813716040,76786,,offcore_response.all_requests.llc_miss.any_response,53571379,100.00,,
     6.913917359,5070567,,offcore_response.all_requests.llc_hit.any_response,52403258,100.00,,
     6.913917359,76738,,offcore_response.all_requests.llc_miss.any_response,52389720,100.00,,
     7.014124845,4909701,,offcore_response.all_requests.llc_hit.any_response,51558966,100.00,,
     7.014124845,76716,,offcore_response.all_requests.llc_miss.any_response,51547056,100.00,,
     7.114327621,4873503,,offcore_response.all_requests.llc_hit.any_response,51344265,100.00,,
     7.114327621,76432,,offcore_response.all_requests.llc_miss.any_response,51369021,100.00,,
     7.214534820,4834448,,offcore_response.all_requests.llc_hit.any_response,52327364,100.00,,
     7.214534820,75827,,offcore_response.all_requests.llc_miss.any_response,52328608,100.00,,
     7.314741581,5071540,,offcore_response.all_requests.llc_hit.any_response,53476695,100.00,,
     7.314741581,77482,,offcore_response.all_requests.llc_miss.any_response,53450695,100.00,,
     7.414935821,4934709,,offcore_response.all_requests.llc_hit.any_response,52163341,100.00,,
     7.414935821,75704,,offcore_response.all_requests.llc_miss.any_response,52188577,100.00,,
     7.515139221,4894482,,offcore_response.all_requests.llc_hit.any_response,51597870,100.00,,
     7.515139221,75765,,offcore_response.all_requests.llc_miss.any_response,51572634,100.00,,
     7.615332775,4890675,,offcore_response.all_requests.llc_hit.any_response,52049569,100.00,,
     7.615332775,76443,,offcore_response.all_requests.llc_miss.any_response,52049569,100.00,,
     7.715528123,4782871,,offcore_response.all_requests.llc_hit.any_response,51058405,100.00,,
     7.715528123,76303,,offcore_response.all_requests.llc_miss.any_response,51083159,100.00,,
     7.815728222,4854723,,offcore_response.all_requests.llc_hit.any_response,50050284,100.00,,
     7.815728222,76464,,offcore_response.all_requests.llc_miss.any_response,50051503,100.00,,
     7.915929003,4952492,,offcore_response.all_requests.llc_hit.any_response,51949815,100.00,,
     7.915929003,75555,,offcore_response.all_requests.llc_miss.any_response,51923842,100.00,,
     8.016123744,5098969,,offcore_response.all_requests.llc_hit.any_response,53163854,100.00,,
     8.016123744,78343,,offcore_response.all_requests.llc_miss.any_response,53163854,100.00,,
     8.116327010,4881448,,offcore_response.all_requests.llc_hit.any_response,50774713,100.00,,
     8.116327010,75206,,offcore_response.all_requests.llc_miss.any_response,50774713,100.00,,
     8.216525014,4995007,,offcore_response.all_requests.llc_hit.any_response,53516201,100.00,,
     8.216525014,76982,,offcore_response.all_requests.llc_miss.any_response,53516201,100.00,,
     8.316719547,4939411,,offcore_response.all_requests.llc_hit.any_response,51035637,100.00,,
     8.316719547,77151,,offcore_response.all_requests.llc_miss.any_response,51035637,100.00,,
     8.416913409,4900858,,offcore_response.all_requests.llc_hit.any_response,52375803,100.00,,
     8.416913409,76255,,offcore_response.all_requests.llc_miss.any_response,52375803,100.00,,
     8.517108671,4862713,,offcore_response.all_requests.llc_hit.any_response,51419681,100.00,,
     8.517108671,76070,,offcore_response.all_requests.llc_miss.any_response,51427653,100.00,,
     8.617308152,4885837,,offcore_response.all_requests.llc_hit.any_response,52152132,100.00,,
     8.617308152,75490,,offcore_response.all_requests.llc_miss.any_response,52170164,100.00,,
     8.717520162,4856805,,offcore_response.all_requests.llc_hit.any_response,51571768,100.00,,
     8.717520162,76865,,offcore_response.all_requests.llc_miss.any_response,51570496,100.00,,
     8.817743228,4917286,,offcore_response.all_requests.llc_hit.any_response,51917119,100.00,,
     8.817743228,75882,,offcore_response.all_requests.llc_miss.any_response,51892387,100.00,,
     8.917937744,4980069,,offcore_response.all_requests.llc_hit.any_response,52028796,100.00,,
     8.917937744,78007,,offcore_response.all_requests.llc_miss.any_response,52047187,100.00,,
     9.018134929,4954223,,offcore_response.all_requests.llc_hit.any_response,52841985,100.00,,
     9.018134929,76411,,offcore_response.all_requests.llc_miss.any_response,52848592,100.00,,
     9.118337264,4964292,,offcore_response.all_requests.llc_hit.any_response,52780438,100.00,,
     9.118337264,76151,,offcore_response.all_requests.llc_miss.any_response,52761470,100.00,,
     9.218536992,4891083,,offcore_response.all_requests.llc_hit.any_response,53256590,100.00,,
     9.218536992,76155,,offcore_response.all_requests.llc_miss.any_response,53275550,100.00,,
     9.318737522,4967419,,offcore_response.all_requests.llc_hit.any_response,53247084,100.00,,
     9.318737522,76332,,offcore_response.all_requests.llc_miss.any_response,53247112,100.00,,
     9.418938697,4857120,,offcore_response.all_requests.llc_hit.any_response,50896492,100.00,,
     9.418938697,76309,,offcore_response.all_requests.llc_miss.any_response,50896637,100.00,,
     9.519140979,5124145,,offcore_response.all_requests.llc_hit.any_response,51895598,100.00,,
     9.519140979,76863,,offcore_response.all_requests.llc_miss.any_response,51895131,100.00,,
     9.619342006,4922166,,offcore_response.all_requests.llc_hit.any_response,51828654,100.00,,
     9.619342006,76367,,offcore_response.all_requests.llc_miss.any_response,51803958,100.00,,
     9.719536372,4870850,,offcore_response.all_requests.llc_hit.any_response,52207702,100.00,,
     9.719536372,75919,,offcore_response.all_requests.llc_miss.any_response,52207702,100.00,,
     9.819736431,4886034,,offcore_response.all_requests.llc_hit.any_response,53525628,100.00,,
     9.819736431,76170,,offcore_response.all_requests.llc_miss.any_response,53550549,100.00,,
     9.919948135,5034108,,offcore_response.all_requests.llc_hit.any_response,51781055,100.00,,
     9.919948135,76920,,offcore_response.all_requests.llc_miss.any_response,51762168,100.00,,
    10.020148147,4977750,,offcore_response.all_requests.llc_hit.any_response,53216451,100.00,,
    10.020148147,77100,,offcore_response.all_requests.llc_miss.any_response,53235476,100.00,,
    10.120349472,4882592,,offcore_response.all_requests.llc_hit.any_response,51093226,100.00,,
    10.120349472,76078,,offcore_response.all_requests.llc_miss.any_response,51092738,100.00,,
    10.220547573,4923645,,offcore_response.all_requests.llc_hit.any_response,51656592,100.00,,
    10.220547573,76533,,offcore_response.all_requests.llc_miss.any_response,51632021,100.00,,
    10.320742834,4838373,,offcore_response.all_requests.llc_hit.any_response,51868366,100.00,,
    10.320742834,76395,,offcore_response.all_requests.llc_miss.any_response,51893081,100.00,,
    10.420945159,4896114,,offcore_response.all_requests.llc_hit.any_response,51754788,100.00,,
    10.420945159,75988,,offcore_response.all_requests.llc_miss.any_response,51755058,100.00,,
    10.521150376,5038533,,offcore_response.all_requests.llc_hit.any_response,52732510,100.00,,
    10.521150376,76916,,offcore_response.all_requests.llc_miss.any_response,52707525,100.00,,
    10.621343262,4997244,,offcore_response.all_requests.llc_hit.any_response,52575626,100.00,,
    10.621343262,76542,,offcore_response.all_requests.llc_miss.any_response,52600637,100.00,,
    10.721544614,4999637,,offcore_response.all_requests.llc_hit.any_response,52677238,100.00,,
    10.721544614,76070,,offcore_response.all_requests.llc_miss.any_response,52652227,100.00,,
    10.821738275,4979429,,offcore_response.all_requests.llc_hit.any_response,51429955,100.00,,
    10.821738275,77334,,offcore_response.all_requests.llc_miss.any_response,51438689,100.00,,
    10.921935654,4838206,,offcore_response.all_requests.llc_hit.any_response,51256979,100.00,,
    10.921935654,76676,,offcore_response.all_requests.llc_miss.any_response,51248245,100.00,,
    11.022147453,4881824,,offcore_response.all_requests.llc_hit.any_response,51058749,100.00,,
    11.022147453,76262,,offcore_response.all_requests.llc_miss.any_response,51058749,100.00,,
