# started on Tue May  2 14:05:40 2023

     0.100194312,89527432,,inst_retired.any,70755239,100.00,148.4,IpMispredict
     0.100194312,603095,,br_misp_retired.all_branches,70755239,100.00,,
     0.200448860,90784287,,inst_retired.any,71512884,100.00,149.5,IpMispredict
     0.200448860,611575,,br_misp_retired.all_branches,71512884,100.00,,
     0.300644642,89264178,,inst_retired.any,71997866,100.00,145.9,IpMispredict
     0.300644642,620475,,br_misp_retired.all_branches,71997866,100.00,,
     0.400839660,89759899,,inst_retired.any,71210427,100.00,147.2,IpMispredict
     0.400839660,604571,,br_misp_retired.all_branches,71210427,100.00,,
     0.501033495,90173457,,inst_retired.any,73563551,100.00,147.0,IpMispredict
     0.501033495,628188,,br_misp_retired.all_branches,73563551,100.00,,
     0.601227033,90363706,,inst_retired.any,71949253,100.00,147.1,IpMispredict
     0.601227033,618363,,br_misp_retired.all_branches,71949253,100.00,,
     0.701420610,90224766,,inst_retired.any,72653337,100.00,147.1,IpMispredict
     0.701420610,606752,,br_misp_retired.all_branches,72653337,100.00,,
     0.801615695,89907946,,inst_retired.any,71889326,100.00,146.8,IpMispredict
     0.801615695,607797,,br_misp_retired.all_branches,71889326,100.00,,
     0.901807992,89577260,,inst_retired.any,71218286,100.00,146.5,IpMispredict
     0.901807992,602744,,br_misp_retired.all_branches,71218286,100.00,,
     1.002003040,90058932,,inst_retired.any,73379356,100.00,147.4,IpMispredict
     1.002003040,607659,,br_misp_retired.all_branches,73379356,100.00,,
     1.102194473,90645180,,inst_retired.any,73816966,100.00,148.2,IpMispredict
     1.102194473,616323,,br_misp_retired.all_branches,73816966,100.00,,
     1.202383722,90168180,,inst_retired.any,70405732,100.00,147.6,IpMispredict
     1.202383722,602966,,br_misp_retired.all_branches,70405732,100.00,,
     1.302576562,89831257,,inst_retired.any,71278884,100.00,147.2,IpMispredict
     1.302576562,604455,,br_misp_retired.all_branches,71278884,100.00,,
     1.402771001,89984336,,inst_retired.any,71718389,100.00,147.6,IpMispredict
     1.402771001,601922,,br_misp_retired.all_branches,71718389,100.00,,
     1.502965267,89099587,,inst_retired.any,71703612,100.00,145.9,IpMispredict
     1.502965267,623497,,br_misp_retired.all_branches,71703612,100.00,,
     1.603159332,90717924,,inst_retired.any,73197800,100.00,148.5,IpMispredict
     1.603159332,613574,,br_misp_retired.all_branches,73197800,100.00,,
     1.703351310,89890439,,inst_retired.any,72320022,100.00,146.9,IpMispredict
     1.703351310,629061,,br_misp_retired.all_branches,72320022,100.00,,
     1.803546681,90003912,,inst_retired.any,71837691,100.00,147.1,IpMispredict
     1.803546681,606668,,br_misp_retired.all_branches,71837691,100.00,,
     1.903769547,89993890,,inst_retired.any,72639199,100.00,147.2,IpMispredict
     1.903769547,607600,,br_misp_retired.all_branches,72639199,100.00,,
     2.003964770,89580601,,inst_retired.any,71609555,100.00,146.6,IpMispredict
     2.003964770,601945,,br_misp_retired.all_branches,71609555,100.00,,
     2.104159873,90043908,,inst_retired.any,72419738,100.00,147.4,IpMispredict
     2.104159873,606838,,br_misp_retired.all_branches,72419738,100.00,,
     2.204353439,89921466,,inst_retired.any,71677623,100.00,147.3,IpMispredict
     2.204353439,606129,,br_misp_retired.all_branches,71677623,100.00,,
     2.304543969,90136052,,inst_retired.any,72425997,100.00,147.6,IpMispredict
     2.304543969,614973,,br_misp_retired.all_branches,72425997,100.00,,
     2.404738138,90583132,,inst_retired.any,72915875,100.00,148.2,IpMispredict
     2.404738138,622678,,br_misp_retired.all_branches,72915875,100.00,,
     2.504934021,89281687,,inst_retired.any,70714333,100.00,146.2,IpMispredict
     2.504934021,597619,,br_misp_retired.all_branches,70714333,100.00,,
     2.605130609,89633542,,inst_retired.any,70730617,100.00,146.9,IpMispredict
     2.605130609,600769,,br_misp_retired.all_branches,70730617,100.00,,
     2.705325236,90645836,,inst_retired.any,73097375,100.00,148.5,IpMispredict
     2.705325236,614876,,br_misp_retired.all_branches,73097375,100.00,,
     2.805542480,89844787,,inst_retired.any,72531255,100.00,147.2,IpMispredict
     2.805542480,605017,,br_misp_retired.all_branches,72531255,100.00,,
     2.905737478,90313537,,inst_retired.any,75376690,100.00,148.0,IpMispredict
     2.905737478,614212,,br_misp_retired.all_branches,75376690,100.00,,
     3.005932011,89952768,,inst_retired.any,73083622,100.00,147.4,IpMispredict
     3.005932011,609382,,br_misp_retired.all_branches,73083622,100.00,,
     3.106125077,90048696,,inst_retired.any,72400982,100.00,147.5,IpMispredict
     3.106125077,608156,,br_misp_retired.all_branches,72400982,100.00,,
     3.206317352,90221945,,inst_retired.any,70925223,100.00,147.9,IpMispredict
     3.206317352,601191,,br_misp_retired.all_branches,70925223,100.00,,
     3.306514059,89779184,,inst_retired.any,72776415,100.00,147.2,IpMispredict
     3.306514059,609430,,br_misp_retired.all_branches,72776415,100.00,,
     3.406705001,90018567,,inst_retired.any,73124444,100.00,147.5,IpMispredict
     3.406705001,612554,,br_misp_retired.all_branches,73124444,100.00,,
     3.506898260,90587500,,inst_retired.any,73549362,100.00,148.5,IpMispredict
     3.506898260,613411,,br_misp_retired.all_branches,73549362,100.00,,
     3.607087634,89914673,,inst_retired.any,71042626,100.00,147.4,IpMispredict
     3.607087634,606075,,br_misp_retired.all_branches,71042626,100.00,,
     3.707279985,89602419,,inst_retired.any,72061876,100.00,146.9,IpMispredict
     3.707279985,604206,,br_misp_retired.all_branches,72061876,100.00,,
     3.807474241,90243168,,inst_retired.any,71965775,100.00,147.9,IpMispredict
     3.807474241,617186,,br_misp_retired.all_branches,71965775,100.00,,
     3.907664424,90163419,,inst_retired.any,71529067,100.00,147.8,IpMispredict
     3.907664424,614144,,br_misp_retired.all_branches,71529067,100.00,,
     4.007856455,90433217,,inst_retired.any,73114765,100.00,148.2,IpMispredict
     4.007856455,615197,,br_misp_retired.all_branches,73114765,100.00,,
     4.108049458,89890643,,inst_retired.any,72145630,100.00,147.2,IpMispredict
     4.108049458,623376,,br_misp_retired.all_branches,72145630,100.00,,
     4.208250359,89747842,,inst_retired.any,71930468,100.00,147.0,IpMispredict
     4.208250359,600573,,br_misp_retired.all_branches,71930468,100.00,,
     4.308439833,90675016,,inst_retired.any,72694341,100.00,148.5,IpMispredict
     4.308439833,617531,,br_misp_retired.all_branches,72694341,100.00,,
     4.408636264,89519610,,inst_retired.any,72601319,100.00,146.7,IpMispredict
     4.408636264,604109,,br_misp_retired.all_branches,72601319,100.00,,
     4.508828932,90303990,,inst_retired.any,72019350,100.00,148.0,IpMispredict
     4.508828932,607289,,br_misp_retired.all_branches,72019350,100.00,,
     4.609024557,89903535,,inst_retired.any,71938680,100.00,147.3,IpMispredict
     4.609024557,607232,,br_misp_retired.all_branches,71938680,100.00,,
     4.709222688,90057862,,inst_retired.any,73657832,100.00,147.6,IpMispredict
     4.709222688,607634,,br_misp_retired.all_branches,73657832,100.00,,
     4.809413699,90082811,,inst_retired.any,71449013,100.00,147.7,IpMispredict
     4.809413699,601424,,br_misp_retired.all_branches,71449013,100.00,,
     4.909605072,90464088,,inst_retired.any,72473690,100.00,148.3,IpMispredict
     4.909605072,610580,,br_misp_retired.all_branches,72473690,100.00,,
     5.009801375,89389076,,inst_retired.any,71911783,100.00,146.6,IpMispredict
     5.009801375,604371,,br_misp_retired.all_branches,71911783,100.00,,
     5.109996355,90646503,,inst_retired.any,72632426,100.00,148.6,IpMispredict
     5.109996355,610601,,br_misp_retired.all_branches,72632426,100.00,,
     5.210189041,89522852,,inst_retired.any,71572429,100.00,146.8,IpMispredict
     5.210189041,598731,,br_misp_retired.all_branches,71572429,100.00,,
     5.310383132,90504763,,inst_retired.any,73612215,100.00,148.4,IpMispredict
     5.310383132,612576,,br_misp_retired.all_branches,73612215,100.00,,
     5.410579186,89669730,,inst_retired.any,72356627,100.00,147.1,IpMispredict
     5.410579186,602239,,br_misp_retired.all_branches,72356627,100.00,,
     5.510795475,90743845,,inst_retired.any,72706078,100.00,148.8,IpMispredict
     5.510795475,613530,,br_misp_retired.all_branches,72706078,100.00,,
     5.610994098,89694118,,inst_retired.any,72394508,100.00,147.1,IpMispredict
     5.610994098,603440,,br_misp_retired.all_branches,72394508,100.00,,
     5.711189920,89635527,,inst_retired.any,72273466,100.00,147.1,IpMispredict
     5.711189920,601880,,br_misp_retired.all_branches,72273466,100.00,,
     5.811388793,90391791,,inst_retired.any,72687863,100.00,148.3,IpMispredict
     5.811388793,622801,,br_misp_retired.all_branches,72687863,100.00,,
     5.911594698,88994943,,inst_retired.any,71034801,100.00,146.0,IpMispredict
     5.911594698,602288,,br_misp_retired.all_branches,71034801,100.00,,
     6.011788806,90245057,,inst_retired.any,71981624,100.00,148.1,IpMispredict
     6.011788806,605986,,br_misp_retired.all_branches,71981624,100.00,,
     6.111983680,90179790,,inst_retired.any,71601123,100.00,148.0,IpMispredict
     6.111983680,602999,,br_misp_retired.all_branches,71601123,100.00,,
     6.212177164,89590848,,inst_retired.any,71572168,100.00,147.1,IpMispredict
     6.212177164,596416,,br_misp_retired.all_branches,71572168,100.00,,
     6.312368049,90107075,,inst_retired.any,72985882,100.00,147.9,IpMispredict
     6.312368049,610095,,br_misp_retired.all_branches,72985882,100.00,,
     6.412560891,90053884,,inst_retired.any,72309217,100.00,147.8,IpMispredict
     6.412560891,609529,,br_misp_retired.all_branches,72309217,100.00,,
     6.512755202,90278828,,inst_retired.any,72923628,100.00,148.2,IpMispredict
     6.512755202,608326,,br_misp_retired.all_branches,72923628,100.00,,
     6.612950544,90039458,,inst_retired.any,71913226,100.00,147.8,IpMispredict
     6.612950544,607363,,br_misp_retired.all_branches,71913226,100.00,,
     6.713145682,89574921,,inst_retired.any,71751565,100.00,147.1,IpMispredict
     6.713145682,602406,,br_misp_retired.all_branches,71751565,100.00,,
     6.813341073,90223308,,inst_retired.any,71590764,100.00,148.1,IpMispredict
     6.813341073,608616,,br_misp_retired.all_branches,71590764,100.00,,
     6.913534533,89882692,,inst_retired.any,72620932,100.00,147.6,IpMispredict
     6.913534533,605615,,br_misp_retired.all_branches,72620932,100.00,,
     7.013729249,90301970,,inst_retired.any,72336743,100.00,148.3,IpMispredict
     7.013729249,608209,,br_misp_retired.all_branches,72336743,100.00,,
     7.113924499,89793298,,inst_retired.any,71000869,100.00,147.5,IpMispredict
     7.113924499,601049,,br_misp_retired.all_branches,71000869,100.00,,
     7.214117439,89463592,,inst_retired.any,70912452,100.00,147.0,IpMispredict
     7.214117439,596682,,br_misp_retired.all_branches,70912452,100.00,,
     7.314311303,90131642,,inst_retired.any,73087354,100.00,148.1,IpMispredict
     7.314311303,605481,,br_misp_retired.all_branches,73087354,100.00,,
     7.414504873,90254634,,inst_retired.any,72450085,100.00,148.3,IpMispredict
     7.414504873,608495,,br_misp_retired.all_branches,72450085,100.00,,
     7.514698371,89813948,,inst_retired.any,72009410,100.00,147.5,IpMispredict
     7.514698371,610390,,br_misp_retired.all_branches,72009410,100.00,,
     7.614891293,90075598,,inst_retired.any,72549596,100.00,147.9,IpMispredict
     7.614891293,628860,,br_misp_retired.all_branches,72549596,100.00,,
     7.715089861,90137996,,inst_retired.any,73278105,100.00,148.0,IpMispredict
     7.715089861,613449,,br_misp_retired.all_branches,73278105,100.00,,
     7.815284186,90405694,,inst_retired.any,73098301,100.00,148.4,IpMispredict
     7.815284186,615880,,br_misp_retired.all_branches,73098301,100.00,,
     7.915477710,90043487,,inst_retired.any,72648784,100.00,147.8,IpMispredict
     7.915477710,608306,,br_misp_retired.all_branches,72648784,100.00,,
     8.015666896,90272774,,inst_retired.any,73576813,100.00,148.2,IpMispredict
     8.015666896,615084,,br_misp_retired.all_branches,73576813,100.00,,
     8.115860668,89916873,,inst_retired.any,71671326,100.00,147.6,IpMispredict
     8.115860668,611598,,br_misp_retired.all_branches,71671326,100.00,,
     8.216060008,90640229,,inst_retired.any,72582304,100.00,148.8,IpMispredict
     8.216060008,611362,,br_misp_retired.all_branches,72582304,100.00,,
     8.316281349,89627072,,inst_retired.any,71599552,100.00,147.1,IpMispredict
     8.316281349,601907,,br_misp_retired.all_branches,71599552,100.00,,
     8.416474776,89332942,,inst_retired.any,71336878,100.00,146.7,IpMispredict
     8.416474776,606723,,br_misp_retired.all_branches,71336878,100.00,,
     8.516671647,90800853,,inst_retired.any,73125783,100.00,149.1,IpMispredict
     8.516671647,614004,,br_misp_retired.all_branches,73125783,100.00,,
     8.616868105,89797200,,inst_retired.any,71260573,100.00,147.4,IpMispredict
     8.616868105,598749,,br_misp_retired.all_branches,71260573,100.00,,
     8.717062456,89395726,,inst_retired.any,71602335,100.00,146.8,IpMispredict
     8.717062456,602035,,br_misp_retired.all_branches,71602335,100.00,,
     8.817256444,90855959,,inst_retired.any,72621055,100.00,149.2,IpMispredict
     8.817256444,609659,,br_misp_retired.all_branches,72621055,100.00,,
     8.917450325,90483378,,inst_retired.any,72846914,100.00,148.6,IpMispredict
     8.917450325,610843,,br_misp_retired.all_branches,72846914,100.00,,
     9.017644647,90286826,,inst_retired.any,72359822,100.00,148.2,IpMispredict
     9.017644647,618705,,br_misp_retired.all_branches,72359822,100.00,,
     9.117835231,90241076,,inst_retired.any,73714729,100.00,148.1,IpMispredict
     9.117835231,613464,,br_misp_retired.all_branches,73714729,100.00,,
     9.218027768,90395604,,inst_retired.any,72824218,100.00,148.4,IpMispredict
     9.218027768,617521,,br_misp_retired.all_branches,72824218,100.00,,
     9.318222238,89455856,,inst_retired.any,70972478,100.00,146.8,IpMispredict
     9.318222238,602065,,br_misp_retired.all_branches,70972478,100.00,,
     9.418416192,89889780,,inst_retired.any,71910473,100.00,147.6,IpMispredict
     9.418416192,605175,,br_misp_retired.all_branches,71910473,100.00,,
     9.518610902,90251938,,inst_retired.any,72314651,100.00,148.2,IpMispredict
     9.518610902,609663,,br_misp_retired.all_branches,72314651,100.00,,
     9.618810572,90062337,,inst_retired.any,72606517,100.00,147.8,IpMispredict
     9.618810572,619419,,br_misp_retired.all_branches,72606517,100.00,,
     9.719003885,90069490,,inst_retired.any,71981334,100.00,147.8,IpMispredict
     9.719003885,614562,,br_misp_retired.all_branches,71981334,100.00,,
     9.819198592,89817881,,inst_retired.any,70709090,100.00,147.4,IpMispredict
     9.819198592,602896,,br_misp_retired.all_branches,70709090,100.00,,
     9.919393347,89843306,,inst_retired.any,71053597,100.00,147.5,IpMispredict
     9.919393347,603235,,br_misp_retired.all_branches,71053597,100.00,,
    10.019595786,90127579,,inst_retired.any,72370325,100.00,147.9,IpMispredict
    10.019595786,609595,,br_misp_retired.all_branches,72370325,100.00,,
    10.119792219,89887273,,inst_retired.any,70561106,100.00,147.6,IpMispredict
    10.119792219,604998,,br_misp_retired.all_branches,70561106,100.00,,
    10.219981930,89307053,,inst_retired.any,71642497,100.00,146.6,IpMispredict
    10.219981930,603280,,br_misp_retired.all_branches,71642497,100.00,,
    10.320172703,89830443,,inst_retired.any,71729331,100.00,147.5,IpMispredict
    10.320172703,612607,,br_misp_retired.all_branches,71729331,100.00,,
    10.420367226,90242068,,inst_retired.any,72244722,100.00,148.2,IpMispredict
    10.420367226,610215,,br_misp_retired.all_branches,72244722,100.00,,
    10.520564541,90226761,,inst_retired.any,71516479,100.00,148.1,IpMispredict
    10.520564541,605735,,br_misp_retired.all_branches,71516479,100.00,,
    10.620759385,89678720,,inst_retired.any,70146422,100.00,147.3,IpMispredict
    10.620759385,597366,,br_misp_retired.all_branches,70146422,100.00,,
    10.720952775,90105825,,inst_retired.any,71972618,100.00,148.0,IpMispredict
    10.720952775,604236,,br_misp_retired.all_branches,71972618,100.00,,
    10.821147290,90174729,,inst_retired.any,70886348,100.00,148.1,IpMispredict
    10.821147290,600223,,br_misp_retired.all_branches,70886348,100.00,,
    10.921339978,89204233,,inst_retired.any,71101814,100.00,146.5,IpMispredict
    10.921339978,599114,,br_misp_retired.all_branches,71101814,100.00,,
    11.021556234,90116115,,inst_retired.any,71178571,100.00,148.0,IpMispredict
    11.021556234,608914,,br_misp_retired.all_branches,71178571,100.00,,
