# started on Mon May  1 18:05:53 2023

     0.100183826,30632045,,inst_retired.any,42548510,100.00,115.5,IpMispredict
     0.100183826,265235,,br_misp_retired.all_branches,42548510,100.00,,
     0.200463375,30862562,,inst_retired.any,41860638,100.00,119.2,IpMispredict
     0.200463375,252592,,br_misp_retired.all_branches,41860638,100.00,,
     0.300669978,30737622,,inst_retired.any,42163561,100.00,121.1,IpMispredict
     0.300669978,243806,,br_misp_retired.all_branches,42163561,100.00,,
     0.400876502,31521835,,inst_retired.any,42451202,100.00,125.2,IpMispredict
     0.400876502,245724,,br_misp_retired.all_branches,42451202,100.00,,
     0.501079063,30641066,,inst_retired.any,41918049,100.00,122.6,IpMispredict
     0.501079063,241829,,br_misp_retired.all_branches,41918049,100.00,,
     0.601286287,30816589,,inst_retired.any,41215534,100.00,123.9,IpMispredict
     0.601286287,242780,,br_misp_retired.all_branches,41215534,100.00,,
     0.701493338,31108769,,inst_retired.any,41484155,100.00,126.3,IpMispredict
     0.701493338,231675,,br_misp_retired.all_branches,41484155,100.00,,
     0.801699359,30585051,,inst_retired.any,41212860,100.00,125.5,IpMispredict
     0.801699359,225821,,br_misp_retired.all_branches,41212860,100.00,,
     0.901907487,31197098,,inst_retired.any,42502882,100.00,128.3,IpMispredict
     0.901907487,238526,,br_misp_retired.all_branches,42502882,100.00,,
     1.002110819,30684095,,inst_retired.any,41623709,100.00,126.4,IpMispredict
     1.002110819,239943,,br_misp_retired.all_branches,41623709,100.00,,
     1.102315234,30892779,,inst_retired.any,42155763,100.00,127.1,IpMispredict
     1.102315234,245174,,br_misp_retired.all_branches,42155763,100.00,,
     1.202517921,30762711,,inst_retired.any,42080190,100.00,126.9,IpMispredict
     1.202517921,235293,,br_misp_retired.all_branches,42080190,100.00,,
     1.302719152,31038660,,inst_retired.any,42075634,100.00,127.7,IpMispredict
     1.302719152,251376,,br_misp_retired.all_branches,42075634,100.00,,
     1.402920937,30718293,,inst_retired.any,42290920,100.00,125.9,IpMispredict
     1.402920937,256613,,br_misp_retired.all_branches,42290920,100.00,,
     1.503128034,30636838,,inst_retired.any,42347078,100.00,125.4,IpMispredict
     1.503128034,249488,,br_misp_retired.all_branches,42347078,100.00,,
     1.603343051,31094389,,inst_retired.any,41521427,100.00,126.9,IpMispredict
     1.603343051,255874,,br_misp_retired.all_branches,41521427,100.00,,
     1.703545751,30946119,,inst_retired.any,42098284,100.00,126.5,IpMispredict
     1.703545751,236206,,br_misp_retired.all_branches,42098284,100.00,,
     1.803735846,30417424,,inst_retired.any,41043619,100.00,125.1,IpMispredict
     1.803735846,219942,,br_misp_retired.all_branches,41043619,100.00,,
     1.903942102,30876306,,inst_retired.any,42675090,100.00,126.5,IpMispredict
     1.903942102,260012,,br_misp_retired.all_branches,42675090,100.00,,
     2.004143002,30803297,,inst_retired.any,42340809,100.00,126.5,IpMispredict
     2.004143002,231562,,br_misp_retired.all_branches,42340809,100.00,,
     2.104346000,30840716,,inst_retired.any,41433534,100.00,127.2,IpMispredict
     2.104346000,223956,,br_misp_retired.all_branches,41433534,100.00,,
     2.204550606,30816485,,inst_retired.any,42425683,100.00,127.1,IpMispredict
     2.204550606,238881,,br_misp_retired.all_branches,42425683,100.00,,
     2.304756143,30835486,,inst_retired.any,44131994,100.00,126.4,IpMispredict
     2.304756143,278528,,br_misp_retired.all_branches,44131994,100.00,,
     2.404962709,30921373,,inst_retired.any,44192391,100.00,126.3,IpMispredict
     2.404962709,263854,,br_misp_retired.all_branches,44192391,100.00,,
     2.505169162,30721089,,inst_retired.any,42717807,100.00,125.5,IpMispredict
     2.505169162,247431,,br_misp_retired.all_branches,42717807,100.00,,
     2.605373794,31099980,,inst_retired.any,42933495,100.00,126.9,IpMispredict
     2.605373794,251742,,br_misp_retired.all_branches,42933495,100.00,,
     2.705587935,30482537,,inst_retired.any,41469773,100.00,124.4,IpMispredict
     2.705587935,243293,,br_misp_retired.all_branches,41469773,100.00,,
     2.805811654,30809200,,inst_retired.any,41631901,100.00,126.1,IpMispredict
     2.805811654,222859,,br_misp_retired.all_branches,41631901,100.00,,
     2.906015271,30909774,,inst_retired.any,42845908,100.00,126.4,IpMispredict
     2.906015271,249000,,br_misp_retired.all_branches,42845908,100.00,,
     3.006218028,30726998,,inst_retired.any,39915678,100.00,125.7,IpMispredict
     3.006218028,241759,,br_misp_retired.all_branches,39915678,100.00,,
     3.106421907,30683434,,inst_retired.any,41600415,100.00,125.8,IpMispredict
     3.106421907,228466,,br_misp_retired.all_branches,41600415,100.00,,
     3.206625104,31117071,,inst_retired.any,41647399,100.00,127.7,IpMispredict
     3.206625104,237139,,br_misp_retired.all_branches,41647399,100.00,,
     3.306826644,30735951,,inst_retired.any,42158041,100.00,126.1,IpMispredict
     3.306826644,246900,,br_misp_retired.all_branches,42158041,100.00,,
     3.407029038,30616879,,inst_retired.any,40320290,100.00,125.5,IpMispredict
     3.407029038,248976,,br_misp_retired.all_branches,40320290,100.00,,
     3.507235437,31168396,,inst_retired.any,42255315,100.00,127.8,IpMispredict
     3.507235437,242606,,br_misp_retired.all_branches,42255315,100.00,,
     3.607412298,30710936,,inst_retired.any,41286105,100.00,126.0,IpMispredict
     3.607412298,236849,,br_misp_retired.all_branches,41286105,100.00,,
     3.707616987,30737092,,inst_retired.any,42209965,100.00,126.3,IpMispredict
     3.707616987,229728,,br_misp_retired.all_branches,42209965,100.00,,
     3.807823781,30765369,,inst_retired.any,42465314,100.00,126.2,IpMispredict
     3.807823781,258980,,br_misp_retired.all_branches,42465314,100.00,,
     3.908027363,30826638,,inst_retired.any,42006300,100.00,126.4,IpMispredict
     3.908027363,251697,,br_misp_retired.all_branches,42006300,100.00,,
     4.008238958,30836491,,inst_retired.any,41775494,100.00,126.6,IpMispredict
     4.008238958,230081,,br_misp_retired.all_branches,41775494,100.00,,
     4.108441378,30839578,,inst_retired.any,43914400,100.00,126.2,IpMispredict
     4.108441378,274381,,br_misp_retired.all_branches,43914400,100.00,,
     4.208642158,30785460,,inst_retired.any,43451316,100.00,126.1,IpMispredict
     4.208642158,236084,,br_misp_retired.all_branches,43451316,100.00,,
     4.308859656,31047564,,inst_retired.any,43835964,100.00,127.3,IpMispredict
     4.308859656,238288,,br_misp_retired.all_branches,43835964,100.00,,
     4.409064815,30744109,,inst_retired.any,42974028,100.00,125.8,IpMispredict
     4.409064815,258497,,br_misp_retired.all_branches,42974028,100.00,,
     4.509268165,30484610,,inst_retired.any,41140135,100.00,124.8,IpMispredict
     4.509268165,241193,,br_misp_retired.all_branches,41140135,100.00,,
     4.609468613,30905125,,inst_retired.any,41974756,100.00,126.7,IpMispredict
     4.609468613,230519,,br_misp_retired.all_branches,41974756,100.00,,
     4.709670827,30581068,,inst_retired.any,42123958,100.00,125.6,IpMispredict
     4.709670827,226504,,br_misp_retired.all_branches,42123958,100.00,,
     4.809876695,31300713,,inst_retired.any,43003036,100.00,128.5,IpMispredict
     4.809876695,246650,,br_misp_retired.all_branches,43003036,100.00,,
     4.910086395,30485980,,inst_retired.any,42193677,100.00,125.0,IpMispredict
     4.910086395,252671,,br_misp_retired.all_branches,42193677,100.00,,
     5.010297358,31176514,,inst_retired.any,42164171,100.00,127.9,IpMispredict
     5.010297358,238496,,br_misp_retired.all_branches,42164171,100.00,,
     5.110499715,30801924,,inst_retired.any,42537362,100.00,126.4,IpMispredict
     5.110499715,237758,,br_misp_retired.all_branches,42537362,100.00,,
     5.210705570,30817532,,inst_retired.any,41885731,100.00,126.4,IpMispredict
     5.210705570,249934,,br_misp_retired.all_branches,41885731,100.00,,
     5.310908985,30605503,,inst_retired.any,41062090,100.00,125.6,IpMispredict
     5.310908985,238033,,br_misp_retired.all_branches,41062090,100.00,,
     5.411113520,31433328,,inst_retired.any,43606625,100.00,128.8,IpMispredict
     5.411113520,262289,,br_misp_retired.all_branches,43606625,100.00,,
     5.511354292,31123528,,inst_retired.any,42719362,100.00,127.6,IpMispredict
     5.511354292,245442,,br_misp_retired.all_branches,42719362,100.00,,
     5.611560198,30330165,,inst_retired.any,41337414,100.00,124.3,IpMispredict
     5.611560198,250784,,br_misp_retired.all_branches,41337414,100.00,,
     5.711763326,30886901,,inst_retired.any,44034581,100.00,126.4,IpMispredict
     5.711763326,257650,,br_misp_retired.all_branches,44034581,100.00,,
     5.811962879,31086881,,inst_retired.any,44036575,100.00,127.2,IpMispredict
     5.811962879,242088,,br_misp_retired.all_branches,44036575,100.00,,
     5.912169131,30807514,,inst_retired.any,43723776,100.00,126.1,IpMispredict
     5.912169131,240222,,br_misp_retired.all_branches,43723776,100.00,,
     6.012376630,30972410,,inst_retired.any,44636797,100.00,126.6,IpMispredict
     6.012376630,263683,,br_misp_retired.all_branches,44636797,100.00,,
     6.112581161,31005705,,inst_retired.any,43903991,100.00,126.8,IpMispredict
     6.112581161,244776,,br_misp_retired.all_branches,43903991,100.00,,
     6.212781924,30727263,,inst_retired.any,43313263,100.00,125.8,IpMispredict
     6.212781924,223691,,br_misp_retired.all_branches,43313263,100.00,,
     6.312991230,30848903,,inst_retired.any,43897240,100.00,126.4,IpMispredict
     6.312991230,238874,,br_misp_retired.all_branches,43897240,100.00,,
     6.413195585,30761286,,inst_retired.any,43608642,100.00,126.0,IpMispredict
     6.413195585,238137,,br_misp_retired.all_branches,43608642,100.00,,
     6.513402362,30919579,,inst_retired.any,43250599,100.00,126.8,IpMispredict
     6.513402362,234770,,br_misp_retired.all_branches,43250599,100.00,,
     6.613611448,30825587,,inst_retired.any,43524924,100.00,126.4,IpMispredict
     6.613611448,236387,,br_misp_retired.all_branches,43524924,100.00,,
     6.713814021,30456573,,inst_retired.any,43307672,100.00,125.1,IpMispredict
     6.713814021,227637,,br_misp_retired.all_branches,43307672,100.00,,
     6.814021670,30874044,,inst_retired.any,43765020,100.00,126.7,IpMispredict
     6.814021670,247088,,br_misp_retired.all_branches,43765020,100.00,,
     6.914230227,31049420,,inst_retired.any,43773066,100.00,127.5,IpMispredict
     6.914230227,235752,,br_misp_retired.all_branches,43773066,100.00,,
     7.014436503,30801482,,inst_retired.any,43975348,100.00,126.6,IpMispredict
     7.014436503,234599,,br_misp_retired.all_branches,43975348,100.00,,
     7.114638979,30867968,,inst_retired.any,43605640,100.00,126.9,IpMispredict
     7.114638979,232144,,br_misp_retired.all_branches,43605640,100.00,,
     7.214841971,30990861,,inst_retired.any,44140564,100.00,127.4,IpMispredict
     7.214841971,248949,,br_misp_retired.all_branches,44140564,100.00,,
     7.315046382,30727977,,inst_retired.any,44272338,100.00,126.3,IpMispredict
     7.315046382,247494,,br_misp_retired.all_branches,44272338,100.00,,
     7.415248505,30669817,,inst_retired.any,41375430,100.00,126.1,IpMispredict
     7.415248505,229571,,br_misp_retired.all_branches,41375430,100.00,,
     7.515461285,31072327,,inst_retired.any,42326887,100.00,127.7,IpMispredict
     7.515461285,258763,,br_misp_retired.all_branches,42326887,100.00,,
     7.615647070,30875622,,inst_retired.any,42822529,100.00,126.9,IpMispredict
     7.615647070,245156,,br_misp_retired.all_branches,42822529,100.00,,
     7.715851435,30516525,,inst_retired.any,42035358,100.00,125.5,IpMispredict
     7.715851435,222949,,br_misp_retired.all_branches,42035358,100.00,,
     7.816054553,31070379,,inst_retired.any,42350154,100.00,127.8,IpMispredict
     7.816054553,249985,,br_misp_retired.all_branches,42350154,100.00,,
     7.916252911,30636752,,inst_retired.any,39585684,100.00,126.0,IpMispredict
     7.916252911,232589,,br_misp_retired.all_branches,39585684,100.00,,
     8.016455130,30615908,,inst_retired.any,41666790,100.00,126.0,IpMispredict
     8.016455130,236670,,br_misp_retired.all_branches,41666790,100.00,,
     8.116662605,30839208,,inst_retired.any,42676105,100.00,126.8,IpMispredict
     8.116662605,266520,,br_misp_retired.all_branches,42676105,100.00,,
     8.216870742,31282662,,inst_retired.any,42559980,100.00,128.6,IpMispredict
     8.216870742,245078,,br_misp_retired.all_branches,42559980,100.00,,
     8.317092931,30571501,,inst_retired.any,41258099,100.00,125.7,IpMispredict
     8.317092931,240409,,br_misp_retired.all_branches,41258099,100.00,,
     8.417301508,31011372,,inst_retired.any,42684758,100.00,127.4,IpMispredict
     8.417301508,249378,,br_misp_retired.all_branches,42684758,100.00,,
     8.517504527,30845110,,inst_retired.any,41599707,100.00,126.9,IpMispredict
     8.517504527,224213,,br_misp_retired.all_branches,41599707,100.00,,
     8.617706371,30431702,,inst_retired.any,41593769,100.00,125.3,IpMispredict
     8.617706371,228526,,br_misp_retired.all_branches,41593769,100.00,,
     8.717909402,31254108,,inst_retired.any,42417794,100.00,128.7,IpMispredict
     8.717909402,235883,,br_misp_retired.all_branches,42417794,100.00,,
     8.818115512,30773783,,inst_retired.any,42129900,100.00,126.7,IpMispredict
     8.818115512,246384,,br_misp_retired.all_branches,42129900,100.00,,
     8.918317915,30789145,,inst_retired.any,41133915,100.00,126.7,IpMispredict
     8.918317915,245137,,br_misp_retired.all_branches,41133915,100.00,,
     9.018521651,30553371,,inst_retired.any,42330983,100.00,125.7,IpMispredict
     9.018521651,255563,,br_misp_retired.all_branches,42330983,100.00,,
     9.118724475,31055090,,inst_retired.any,42568990,100.00,127.8,IpMispredict
     9.118724475,237113,,br_misp_retired.all_branches,42568990,100.00,,
     9.218925800,30844065,,inst_retired.any,42394691,100.00,126.8,IpMispredict
     9.218925800,262814,,br_misp_retired.all_branches,42394691,100.00,,
     9.319132579,30953596,,inst_retired.any,42076938,100.00,127.2,IpMispredict
     9.319132579,248937,,br_misp_retired.all_branches,42076938,100.00,,
     9.419348368,30607753,,inst_retired.any,41749034,100.00,125.9,IpMispredict
     9.419348368,231596,,br_misp_retired.all_branches,41749034,100.00,,
     9.519556835,31154449,,inst_retired.any,42770113,100.00,128.0,IpMispredict
     9.519556835,266776,,br_misp_retired.all_branches,42770113,100.00,,
     9.619745986,30783781,,inst_retired.any,41554704,100.00,126.5,IpMispredict
     9.619745986,228934,,br_misp_retired.all_branches,41554704,100.00,,
     9.719950101,30375048,,inst_retired.any,41301732,100.00,124.9,IpMispredict
     9.719950101,229658,,br_misp_retired.all_branches,41301732,100.00,,
     9.820154720,31357284,,inst_retired.any,43111028,100.00,128.8,IpMispredict
     9.820154720,277301,,br_misp_retired.all_branches,43111028,100.00,,
     9.920358859,30371612,,inst_retired.any,41931473,100.00,124.8,IpMispredict
     9.920358859,238728,,br_misp_retired.all_branches,41931473,100.00,,
    10.020569024,30767039,,inst_retired.any,41555837,100.00,126.4,IpMispredict
    10.020569024,243168,,br_misp_retired.all_branches,41555837,100.00,,
    10.120779313,31255041,,inst_retired.any,42766000,100.00,128.5,IpMispredict
    10.120779313,234207,,br_misp_retired.all_branches,42766000,100.00,,
    10.220982167,30765024,,inst_retired.any,41754893,100.00,126.5,IpMispredict
    10.220982167,228618,,br_misp_retired.all_branches,41754893,100.00,,
    10.321183210,30553112,,inst_retired.any,41885183,100.00,125.7,IpMispredict
    10.321183210,235204,,br_misp_retired.all_branches,41885183,100.00,,
    10.421385748,31468426,,inst_retired.any,42855707,100.00,129.4,IpMispredict
    10.421385748,248091,,br_misp_retired.all_branches,42855707,100.00,,
    10.521589005,31161684,,inst_retired.any,42202591,100.00,128.2,IpMispredict
    10.521589005,237792,,br_misp_retired.all_branches,42202591,100.00,,
    10.621792241,30310365,,inst_retired.any,41386307,100.00,124.7,IpMispredict
    10.621792241,233412,,br_misp_retired.all_branches,41386307,100.00,,
    10.721995012,30890867,,inst_retired.any,42160130,100.00,127.1,IpMispredict
    10.721995012,248757,,br_misp_retired.all_branches,42160130,100.00,,
    10.822195608,30829851,,inst_retired.any,41780547,100.00,126.9,IpMispredict
    10.822195608,222854,,br_misp_retired.all_branches,41780547,100.00,,
    10.922398652,30933364,,inst_retired.any,41603389,100.00,127.3,IpMispredict
    10.922398652,249715,,br_misp_retired.all_branches,41603389,100.00,,
    11.022624824,30935820,,inst_retired.any,41697114,100.00,127.3,IpMispredict
    11.022624824,243164,,br_misp_retired.all_branches,41697114,100.00,,
