# started on Tue May  2 13:48:15 2023

     0.100231915,4952384,,offcore_response.all_requests.llc_hit.any_response,51047493,100.00,,
     0.100231915,76952,,offcore_response.all_requests.llc_miss.any_response,51009226,100.00,,
     0.200482464,4869393,,offcore_response.all_requests.llc_hit.any_response,51194539,100.00,,
     0.200482464,75689,,offcore_response.all_requests.llc_miss.any_response,51219247,100.00,,
     0.300692250,5008262,,offcore_response.all_requests.llc_hit.any_response,53547937,100.00,,
     0.300692250,76936,,offcore_response.all_requests.llc_miss.any_response,53523229,100.00,,
     0.400892328,5163740,,offcore_response.all_requests.llc_hit.any_response,53157883,100.00,,
     0.400892328,77114,,offcore_response.all_requests.llc_miss.any_response,53182858,100.00,,
     0.501096654,4926855,,offcore_response.all_requests.llc_hit.any_response,50619882,100.00,,
     0.501096654,77059,,offcore_response.all_requests.llc_miss.any_response,50620384,100.00,,
     0.601300602,4861120,,offcore_response.all_requests.llc_hit.any_response,50144003,100.00,,
     0.601300602,75527,,offcore_response.all_requests.llc_miss.any_response,50143252,100.00,,
     0.701505462,5043866,,offcore_response.all_requests.llc_hit.any_response,52239135,100.00,,
     0.701505462,76108,,offcore_response.all_requests.llc_miss.any_response,52240183,100.00,,
     0.801711750,5189500,,offcore_response.all_requests.llc_hit.any_response,52070383,100.00,,
     0.801711750,77525,,offcore_response.all_requests.llc_miss.any_response,52044609,100.00,,
     0.901909239,4761635,,offcore_response.all_requests.llc_hit.any_response,50427297,100.00,,
     0.901909239,75401,,offcore_response.all_requests.llc_miss.any_response,50452956,100.00,,
     1.002113505,4940294,,offcore_response.all_requests.llc_hit.any_response,51111955,100.00,,
     1.002113505,77233,,offcore_response.all_requests.llc_miss.any_response,51111635,100.00,,
     1.102317774,5109901,,offcore_response.all_requests.llc_hit.any_response,52583879,100.00,,
     1.102317774,76830,,offcore_response.all_requests.llc_miss.any_response,52558540,100.00,,
     1.202520793,5130469,,offcore_response.all_requests.llc_hit.any_response,52110987,100.00,,
     1.202520793,77450,,offcore_response.all_requests.llc_miss.any_response,52110987,100.00,,
     1.302719067,4915652,,offcore_response.all_requests.llc_hit.any_response,51225558,100.00,,
     1.302719067,75802,,offcore_response.all_requests.llc_miss.any_response,51225558,100.00,,
     1.402919795,4992050,,offcore_response.all_requests.llc_hit.any_response,51632256,100.00,,
     1.402919795,75909,,offcore_response.all_requests.llc_miss.any_response,51632256,100.00,,
     1.503117118,5045495,,offcore_response.all_requests.llc_hit.any_response,50951732,100.00,,
     1.503117118,76546,,offcore_response.all_requests.llc_miss.any_response,50977201,100.00,,
     1.603322840,4808964,,offcore_response.all_requests.llc_hit.any_response,51335021,100.00,,
     1.603322840,75848,,offcore_response.all_requests.llc_miss.any_response,51309552,100.00,,
     1.703530754,5035282,,offcore_response.all_requests.llc_hit.any_response,51203191,100.00,,
     1.703530754,77031,,offcore_response.all_requests.llc_miss.any_response,51203191,100.00,,
     1.803736540,4938222,,offcore_response.all_requests.llc_hit.any_response,53321943,100.00,,
     1.803736540,76304,,offcore_response.all_requests.llc_miss.any_response,53346751,100.00,,
     1.903946889,5093120,,offcore_response.all_requests.llc_hit.any_response,51861636,100.00,,
     1.903946889,76375,,offcore_response.all_requests.llc_miss.any_response,51862513,100.00,,
     2.004152768,4959504,,offcore_response.all_requests.llc_hit.any_response,52019771,100.00,,
     2.004152768,76950,,offcore_response.all_requests.llc_miss.any_response,51994086,100.00,,
     2.104353819,4942765,,offcore_response.all_requests.llc_hit.any_response,50760062,100.00,,
     2.104353819,76545,,offcore_response.all_requests.llc_miss.any_response,50786169,100.00,,
     2.204560508,4892049,,offcore_response.all_requests.llc_hit.any_response,50520416,100.00,,
     2.204560508,76681,,offcore_response.all_requests.llc_miss.any_response,50520078,100.00,,
     2.304789598,5236748,,offcore_response.all_requests.llc_hit.any_response,52166226,100.00,,
     2.304789598,77796,,offcore_response.all_requests.llc_miss.any_response,52166118,100.00,,
     2.405004802,4804184,,offcore_response.all_requests.llc_hit.any_response,50264041,100.00,,
     2.405004802,76538,,offcore_response.all_requests.llc_miss.any_response,50263590,100.00,,
     2.505210316,4985872,,offcore_response.all_requests.llc_hit.any_response,51147364,100.00,,
     2.505210316,77468,,offcore_response.all_requests.llc_miss.any_response,51122154,100.00,,
     2.605417125,4908848,,offcore_response.all_requests.llc_hit.any_response,51099020,100.00,,
     2.605417125,75975,,offcore_response.all_requests.llc_miss.any_response,51123920,100.00,,
     2.705621885,5279526,,offcore_response.all_requests.llc_hit.any_response,52540327,100.00,,
     2.705621885,76531,,offcore_response.all_requests.llc_miss.any_response,52541243,100.00,,
     2.805826677,5046458,,offcore_response.all_requests.llc_hit.any_response,51973357,100.00,,
     2.805826677,75714,,offcore_response.all_requests.llc_miss.any_response,51972507,100.00,,
     2.906029947,5046311,,offcore_response.all_requests.llc_hit.any_response,51475124,100.00,,
     2.906029947,77819,,offcore_response.all_requests.llc_miss.any_response,51450158,100.00,,
     3.006229909,5228709,,offcore_response.all_requests.llc_hit.any_response,53324575,100.00,,
     3.006229909,76936,,offcore_response.all_requests.llc_miss.any_response,53324575,100.00,,
     3.106429708,4981765,,offcore_response.all_requests.llc_hit.any_response,51424331,100.00,,
     3.106429708,76844,,offcore_response.all_requests.llc_miss.any_response,51424331,100.00,,
     3.206630003,4960808,,offcore_response.all_requests.llc_hit.any_response,53968828,100.00,,
     3.206630003,75988,,offcore_response.all_requests.llc_miss.any_response,53988541,100.00,,
     3.306830744,4907481,,offcore_response.all_requests.llc_hit.any_response,50389050,100.00,,
     3.306830744,75710,,offcore_response.all_requests.llc_miss.any_response,50394940,100.00,,
     3.407035470,5126824,,offcore_response.all_requests.llc_hit.any_response,53528562,100.00,,
     3.407035470,77290,,offcore_response.all_requests.llc_miss.any_response,53502959,100.00,,
     3.507233177,5059949,,offcore_response.all_requests.llc_hit.any_response,53214915,100.00,,
     3.507233177,75905,,offcore_response.all_requests.llc_miss.any_response,53214915,100.00,,
     3.607433567,4981005,,offcore_response.all_requests.llc_hit.any_response,51316566,100.00,,
     3.607433567,77265,,offcore_response.all_requests.llc_miss.any_response,51316566,100.00,,
     3.707660247,4902814,,offcore_response.all_requests.llc_hit.any_response,51863048,100.00,,
     3.707660247,75251,,offcore_response.all_requests.llc_miss.any_response,51882411,100.00,,
     3.807864152,5003317,,offcore_response.all_requests.llc_hit.any_response,51575898,100.00,,
     3.807864152,76877,,offcore_response.all_requests.llc_miss.any_response,51581492,100.00,,
     3.908068394,5095195,,offcore_response.all_requests.llc_hit.any_response,52619775,100.00,,
     3.908068394,77144,,offcore_response.all_requests.llc_miss.any_response,52620377,100.00,,
     4.008274126,4913097,,offcore_response.all_requests.llc_hit.any_response,51098818,100.00,,
     4.008274126,76196,,offcore_response.all_requests.llc_miss.any_response,51099634,100.00,,
     4.108480209,5317235,,offcore_response.all_requests.llc_hit.any_response,53560856,100.00,,
     4.108480209,77174,,offcore_response.all_requests.llc_miss.any_response,53559844,100.00,,
     4.208687528,5012379,,offcore_response.all_requests.llc_hit.any_response,53004432,100.00,,
     4.208687528,76717,,offcore_response.all_requests.llc_miss.any_response,53003854,100.00,,
     4.308892729,5024336,,offcore_response.all_requests.llc_hit.any_response,50484165,100.00,,
     4.308892729,76462,,offcore_response.all_requests.llc_miss.any_response,50485273,100.00,,
     4.409099306,4909087,,offcore_response.all_requests.llc_hit.any_response,51064970,100.00,,
     4.409099306,75904,,offcore_response.all_requests.llc_miss.any_response,51039077,100.00,,
     4.509317197,5014582,,offcore_response.all_requests.llc_hit.any_response,51407176,100.00,,
     4.509317197,76949,,offcore_response.all_requests.llc_miss.any_response,51432891,100.00,,
     4.609528311,4971062,,offcore_response.all_requests.llc_hit.any_response,50781989,100.00,,
     4.609528311,76385,,offcore_response.all_requests.llc_miss.any_response,50774880,100.00,,
     4.709729636,5022829,,offcore_response.all_requests.llc_hit.any_response,53724576,100.00,,
     4.709729636,77245,,offcore_response.all_requests.llc_miss.any_response,53728426,100.00,,
     4.809933718,4932834,,offcore_response.all_requests.llc_hit.any_response,50861180,100.00,,
     4.809933718,75682,,offcore_response.all_requests.llc_miss.any_response,50863746,100.00,,
     4.910138033,4914848,,offcore_response.all_requests.llc_hit.any_response,50758100,100.00,,
     4.910138033,77546,,offcore_response.all_requests.llc_miss.any_response,50747099,100.00,,
     5.010340026,5059244,,offcore_response.all_requests.llc_hit.any_response,52377990,100.00,,
     5.010340026,76202,,offcore_response.all_requests.llc_miss.any_response,52363969,100.00,,
     5.110539289,5184301,,offcore_response.all_requests.llc_hit.any_response,51804916,100.00,,
     5.110539289,76265,,offcore_response.all_requests.llc_miss.any_response,51804916,100.00,,
     5.210738998,4973704,,offcore_response.all_requests.llc_hit.any_response,51511508,100.00,,
     5.210738998,76753,,offcore_response.all_requests.llc_miss.any_response,51536343,100.00,,
     5.310943504,4899115,,offcore_response.all_requests.llc_hit.any_response,52106799,100.00,,
     5.310943504,75907,,offcore_response.all_requests.llc_miss.any_response,52108563,100.00,,
     5.411152727,5128771,,offcore_response.all_requests.llc_hit.any_response,52999506,100.00,,
     5.411152727,77236,,offcore_response.all_requests.llc_miss.any_response,52972907,100.00,,
     5.511357236,5000148,,offcore_response.all_requests.llc_hit.any_response,50794239,100.00,,
     5.511357236,75257,,offcore_response.all_requests.llc_miss.any_response,50809506,100.00,,
     5.611569526,5045939,,offcore_response.all_requests.llc_hit.any_response,51616387,100.00,,
     5.611569526,76281,,offcore_response.all_requests.llc_miss.any_response,51625857,100.00,,
     5.711775744,5054125,,offcore_response.all_requests.llc_hit.any_response,54138089,100.00,,
     5.711775744,76921,,offcore_response.all_requests.llc_miss.any_response,54113352,100.00,,
     5.811980045,5073096,,offcore_response.all_requests.llc_hit.any_response,51958475,100.00,,
     5.811980045,77003,,offcore_response.all_requests.llc_miss.any_response,51958475,100.00,,
     5.912179595,4966170,,offcore_response.all_requests.llc_hit.any_response,51811339,100.00,,
     5.912179595,76518,,offcore_response.all_requests.llc_miss.any_response,51837923,100.00,,
     6.012389885,4899569,,offcore_response.all_requests.llc_hit.any_response,52230007,100.00,,
     6.012389885,75601,,offcore_response.all_requests.llc_miss.any_response,52228327,100.00,,
     6.112595557,4889606,,offcore_response.all_requests.llc_hit.any_response,51619606,100.00,,
     6.112595557,76200,,offcore_response.all_requests.llc_miss.any_response,51620262,100.00,,
     6.212799234,5099834,,offcore_response.all_requests.llc_hit.any_response,51755750,100.00,,
     6.212799234,76828,,offcore_response.all_requests.llc_miss.any_response,51755107,100.00,,
     6.313002420,4999941,,offcore_response.all_requests.llc_hit.any_response,51910909,100.00,,
     6.313002420,76356,,offcore_response.all_requests.llc_miss.any_response,51885992,100.00,,
     6.413203831,4869106,,offcore_response.all_requests.llc_hit.any_response,51727323,100.00,,
     6.413203831,76201,,offcore_response.all_requests.llc_miss.any_response,51727323,100.00,,
     6.513400593,5049329,,offcore_response.all_requests.llc_hit.any_response,52028434,100.00,,
     6.513400593,77304,,offcore_response.all_requests.llc_miss.any_response,52054048,100.00,,
     6.613628884,5128030,,offcore_response.all_requests.llc_hit.any_response,52929433,100.00,,
     6.613628884,76363,,offcore_response.all_requests.llc_miss.any_response,52928656,100.00,,
     6.713834047,5047877,,offcore_response.all_requests.llc_hit.any_response,51917690,100.00,,
     6.713834047,77460,,offcore_response.all_requests.llc_miss.any_response,51918337,100.00,,
     6.814038910,4903612,,offcore_response.all_requests.llc_hit.any_response,50306883,100.00,,
     6.814038910,76378,,offcore_response.all_requests.llc_miss.any_response,50306134,100.00,,
     6.914245358,4952686,,offcore_response.all_requests.llc_hit.any_response,51548445,100.00,,
     6.914245358,76064,,offcore_response.all_requests.llc_miss.any_response,51549409,100.00,,
     7.014453842,4833153,,offcore_response.all_requests.llc_hit.any_response,51161796,100.00,,
     7.014453842,76292,,offcore_response.all_requests.llc_miss.any_response,51160932,100.00,,
     7.114657108,4970521,,offcore_response.all_requests.llc_hit.any_response,51868232,100.00,,
     7.114657108,76590,,offcore_response.all_requests.llc_miss.any_response,51843397,100.00,,
     7.214856856,4968352,,offcore_response.all_requests.llc_hit.any_response,52616286,100.00,,
     7.214856856,76423,,offcore_response.all_requests.llc_miss.any_response,52641985,100.00,,
     7.315070019,4937536,,offcore_response.all_requests.llc_hit.any_response,51288283,100.00,,
     7.315070019,76518,,offcore_response.all_requests.llc_miss.any_response,51288165,100.00,,
     7.415274481,4939031,,offcore_response.all_requests.llc_hit.any_response,49983824,100.00,,
     7.415274481,76779,,offcore_response.all_requests.llc_miss.any_response,49958243,100.00,,
     7.515482314,5051311,,offcore_response.all_requests.llc_hit.any_response,53284925,100.00,,
     7.515482314,76091,,offcore_response.all_requests.llc_miss.any_response,53310769,100.00,,
     7.615713100,5031622,,offcore_response.all_requests.llc_hit.any_response,52017779,100.00,,
     7.615713100,77068,,offcore_response.all_requests.llc_miss.any_response,51991935,100.00,,
     7.715913577,4998703,,offcore_response.all_requests.llc_hit.any_response,52182957,100.00,,
     7.715913577,76325,,offcore_response.all_requests.llc_miss.any_response,52205960,100.00,,
     7.816117093,5113596,,offcore_response.all_requests.llc_hit.any_response,53036842,100.00,,
     7.816117093,77026,,offcore_response.all_requests.llc_miss.any_response,53038676,100.00,,
     7.916321893,5040536,,offcore_response.all_requests.llc_hit.any_response,52106750,100.00,,
     7.916321893,76633,,offcore_response.all_requests.llc_miss.any_response,52102353,100.00,,
     8.016524084,5074856,,offcore_response.all_requests.llc_hit.any_response,52258994,100.00,,
     8.016524084,76053,,offcore_response.all_requests.llc_miss.any_response,52260150,100.00,,
     8.116724733,4989694,,offcore_response.all_requests.llc_hit.any_response,51334142,100.00,,
     8.116724733,77230,,offcore_response.all_requests.llc_miss.any_response,51338140,100.00,,
     8.216935794,5056669,,offcore_response.all_requests.llc_hit.any_response,51896224,100.00,,
     8.216935794,75778,,offcore_response.all_requests.llc_miss.any_response,51895401,100.00,,
     8.317143825,5025276,,offcore_response.all_requests.llc_hit.any_response,52752664,100.00,,
     8.317143825,77725,,offcore_response.all_requests.llc_miss.any_response,52750467,100.00,,
     8.417347147,4872164,,offcore_response.all_requests.llc_hit.any_response,50380822,100.00,,
     8.417347147,75881,,offcore_response.all_requests.llc_miss.any_response,50358248,100.00,,
     8.517545802,5047716,,offcore_response.all_requests.llc_hit.any_response,52276450,100.00,,
     8.517545802,75757,,offcore_response.all_requests.llc_miss.any_response,52302246,100.00,,
     8.617752266,5075482,,offcore_response.all_requests.llc_hit.any_response,52095411,100.00,,
     8.617752266,77155,,offcore_response.all_requests.llc_miss.any_response,52069615,100.00,,
     8.717950784,5085953,,offcore_response.all_requests.llc_hit.any_response,51898124,100.00,,
     8.717950784,76728,,offcore_response.all_requests.llc_miss.any_response,51914504,100.00,,
     8.818174351,5003814,,offcore_response.all_requests.llc_hit.any_response,52688846,100.00,,
     8.818174351,76855,,offcore_response.all_requests.llc_miss.any_response,52697546,100.00,,
     8.918379224,5175856,,offcore_response.all_requests.llc_hit.any_response,51363126,100.00,,
     8.918379224,76036,,offcore_response.all_requests.llc_miss.any_response,51338046,100.00,,
     9.018578294,5057088,,offcore_response.all_requests.llc_hit.any_response,51247959,100.00,,
     9.018578294,76204,,offcore_response.all_requests.llc_miss.any_response,51272820,100.00,,
     9.118782799,4985214,,offcore_response.all_requests.llc_hit.any_response,51581984,100.00,,
     9.118782799,77082,,offcore_response.all_requests.llc_miss.any_response,51582764,100.00,,
     9.218989071,4874775,,offcore_response.all_requests.llc_hit.any_response,52001161,100.00,,
     9.218989071,76068,,offcore_response.all_requests.llc_miss.any_response,52000359,100.00,,
     9.319192953,5123879,,offcore_response.all_requests.llc_hit.any_response,52041129,100.00,,
     9.319192953,76446,,offcore_response.all_requests.llc_miss.any_response,52016290,100.00,,
     9.419396068,4991858,,offcore_response.all_requests.llc_hit.any_response,49945636,100.00,,
     9.419396068,75823,,offcore_response.all_requests.llc_miss.any_response,49945636,100.00,,
     9.519593494,5030929,,offcore_response.all_requests.llc_hit.any_response,51261883,100.00,,
     9.519593494,76994,,offcore_response.all_requests.llc_miss.any_response,51261883,100.00,,
     9.619795479,4952992,,offcore_response.all_requests.llc_hit.any_response,50791056,100.00,,
     9.619795479,76002,,offcore_response.all_requests.llc_miss.any_response,50815732,100.00,,
     9.720001843,4867065,,offcore_response.all_requests.llc_hit.any_response,50151105,100.00,,
     9.720001843,75966,,offcore_response.all_requests.llc_miss.any_response,50152082,100.00,,
     9.820209222,4936394,,offcore_response.all_requests.llc_hit.any_response,53275080,100.00,,
     9.820209222,76542,,offcore_response.all_requests.llc_miss.any_response,53275162,100.00,,
     9.920415260,4977217,,offcore_response.all_requests.llc_hit.any_response,51099097,100.00,,
     9.920415260,76421,,offcore_response.all_requests.llc_miss.any_response,51099075,100.00,,
    10.020619175,5105064,,offcore_response.all_requests.llc_hit.any_response,52616782,100.00,,
    10.020619175,76600,,offcore_response.all_requests.llc_miss.any_response,52591069,100.00,,
    10.120817596,5120454,,offcore_response.all_requests.llc_hit.any_response,51999745,100.00,,
    10.120817596,76360,,offcore_response.all_requests.llc_miss.any_response,52025632,100.00,,
    10.221022319,5073021,,offcore_response.all_requests.llc_hit.any_response,52863594,100.00,,
    10.221022319,76492,,offcore_response.all_requests.llc_miss.any_response,52862639,100.00,,
    10.321227362,5062605,,offcore_response.all_requests.llc_hit.any_response,52490393,100.00,,
    10.321227362,75956,,offcore_response.all_requests.llc_miss.any_response,52465461,100.00,,
    10.421426104,5053476,,offcore_response.all_requests.llc_hit.any_response,52429451,100.00,,
    10.421426104,76706,,offcore_response.all_requests.llc_miss.any_response,52454474,100.00,,
    10.521628745,5091381,,offcore_response.all_requests.llc_hit.any_response,52637948,100.00,,
    10.521628745,75276,,offcore_response.all_requests.llc_miss.any_response,52638759,100.00,,
    10.621833708,5183131,,offcore_response.all_requests.llc_hit.any_response,52894027,100.00,,
    10.621833708,76811,,offcore_response.all_requests.llc_miss.any_response,52893889,100.00,,
    10.722039838,5227391,,offcore_response.all_requests.llc_hit.any_response,51877063,100.00,,
    10.722039838,77192,,offcore_response.all_requests.llc_miss.any_response,51851367,100.00,,
    10.822240858,5026014,,offcore_response.all_requests.llc_hit.any_response,52092046,100.00,,
    10.822240858,75814,,offcore_response.all_requests.llc_miss.any_response,52109285,100.00,,
    10.922441130,5118378,,offcore_response.all_requests.llc_hit.any_response,53809740,100.00,,
    10.922441130,77066,,offcore_response.all_requests.llc_miss.any_response,53792501,100.00,,
    11.022658211,5091550,,offcore_response.all_requests.llc_hit.any_response,51259056,100.00,,
    11.022658211,75364,,offcore_response.all_requests.llc_miss.any_response,51259056,100.00,,
