# started on Tue May  2 13:46:29 2023

     0.100176097,85531100,,inst_retired.any,71630423,100.00,139.6,IpMispredict
     0.100176097,612865,,br_misp_retired.all_branches,71630423,100.00,,
     0.200399455,85577259,,inst_retired.any,70902687,100.00,139.8,IpMispredict
     0.200399455,611161,,br_misp_retired.all_branches,70902687,100.00,,
     0.300594264,85958181,,inst_retired.any,71293029,100.00,141.0,IpMispredict
     0.300594264,604399,,br_misp_retired.all_branches,71293029,100.00,,
     0.400788262,85046752,,inst_retired.any,70179945,100.00,140.2,IpMispredict
     0.400788262,598434,,br_misp_retired.all_branches,70179945,100.00,,
     0.500978828,86168153,,inst_retired.any,71767868,100.00,141.3,IpMispredict
     0.500978828,621471,,br_misp_retired.all_branches,71767868,100.00,,
     0.601173797,85941277,,inst_retired.any,72487984,100.00,140.8,IpMispredict
     0.601173797,613520,,br_misp_retired.all_branches,72487984,100.00,,
     0.701366568,85681230,,inst_retired.any,69901718,100.00,140.7,IpMispredict
     0.701366568,602251,,br_misp_retired.all_branches,69901718,100.00,,
     0.801560063,85367426,,inst_retired.any,70851454,100.00,140.4,IpMispredict
     0.801560063,598708,,br_misp_retired.all_branches,70851454,100.00,,
     0.901753846,85606599,,inst_retired.any,71964749,100.00,140.9,IpMispredict
     0.901753846,606151,,br_misp_retired.all_branches,71964749,100.00,,
     1.001949057,85951616,,inst_retired.any,72492599,100.00,141.4,IpMispredict
     1.001949057,609187,,br_misp_retired.all_branches,72492599,100.00,,
     1.102142555,85531100,,inst_retired.any,70678456,100.00,140.7,IpMispredict
     1.102142555,608502,,br_misp_retired.all_branches,70678456,100.00,,
     1.202337425,85651053,,inst_retired.any,71832436,100.00,140.8,IpMispredict
     1.202337425,610570,,br_misp_retired.all_branches,71832436,100.00,,
     1.302529484,85657965,,inst_retired.any,70333604,100.00,141.0,IpMispredict
     1.302529484,602462,,br_misp_retired.all_branches,70333604,100.00,,
     1.402722131,85622254,,inst_retired.any,71591503,100.00,140.9,IpMispredict
     1.402722131,605287,,br_misp_retired.all_branches,71591503,100.00,,
     1.502917327,85615158,,inst_retired.any,71136308,100.00,140.9,IpMispredict
     1.502917327,607057,,br_misp_retired.all_branches,71136308,100.00,,
     1.603110032,85714784,,inst_retired.any,71858139,100.00,141.1,IpMispredict
     1.603110032,605989,,br_misp_retired.all_branches,71858139,100.00,,
     1.703304025,86212247,,inst_retired.any,71813780,100.00,142.0,IpMispredict
     1.703304025,603586,,br_misp_retired.all_branches,71813780,100.00,,
     1.803501019,85110288,,inst_retired.any,71655029,100.00,140.2,IpMispredict
     1.803501019,604572,,br_misp_retired.all_branches,71655029,100.00,,
     1.903701280,86970339,,inst_retired.any,73535174,100.00,143.2,IpMispredict
     1.903701280,615546,,br_misp_retired.all_branches,73535174,100.00,,
     2.003898789,85746873,,inst_retired.any,71452802,100.00,141.2,IpMispredict
     2.003898789,607622,,br_misp_retired.all_branches,71452802,100.00,,
     2.104091579,85377533,,inst_retired.any,70531152,100.00,140.6,IpMispredict
     2.104091579,606661,,br_misp_retired.all_branches,70531152,100.00,,
     2.204293541,86258916,,inst_retired.any,72151916,100.00,142.0,IpMispredict
     2.204293541,604823,,br_misp_retired.all_branches,72151916,100.00,,
     2.304486851,85249813,,inst_retired.any,70504666,100.00,140.5,IpMispredict
     2.304486851,594570,,br_misp_retired.all_branches,70504666,100.00,,
     2.404683196,86194464,,inst_retired.any,71883909,100.00,142.1,IpMispredict
     2.404683196,606308,,br_misp_retired.all_branches,71883909,100.00,,
     2.504873050,85479617,,inst_retired.any,71394341,100.00,140.9,IpMispredict
     2.504873050,599908,,br_misp_retired.all_branches,71394341,100.00,,
     2.605067053,84828064,,inst_retired.any,69588746,100.00,140.0,IpMispredict
     2.605067053,595530,,br_misp_retired.all_branches,69588746,100.00,,
     2.705258745,86262252,,inst_retired.any,71441375,100.00,142.4,IpMispredict
     2.705258745,603736,,br_misp_retired.all_branches,71441375,100.00,,
     2.805475522,84862232,,inst_retired.any,70907504,100.00,140.1,IpMispredict
     2.805475522,594197,,br_misp_retired.all_branches,70907504,100.00,,
     2.905669385,86838996,,inst_retired.any,72013825,100.00,143.4,IpMispredict
     2.905669385,610767,,br_misp_retired.all_branches,72013825,100.00,,
     3.005859018,85068009,,inst_retired.any,70350895,100.00,140.5,IpMispredict
     3.005859018,598949,,br_misp_retired.all_branches,70350895,100.00,,
     3.106054478,85903885,,inst_retired.any,70966031,100.00,141.9,IpMispredict
     3.106054478,603916,,br_misp_retired.all_branches,70966031,100.00,,
     3.206246246,85554260,,inst_retired.any,71270621,100.00,141.4,IpMispredict
     3.206246246,599612,,br_misp_retired.all_branches,71270621,100.00,,
     3.306436822,85276455,,inst_retired.any,70147197,100.00,140.9,IpMispredict
     3.306436822,599006,,br_misp_retired.all_branches,70147197,100.00,,
     3.406629446,85319607,,inst_retired.any,71358826,100.00,141.1,IpMispredict
     3.406629446,598055,,br_misp_retired.all_branches,71358826,100.00,,
     3.506822327,85831119,,inst_retired.any,71818513,100.00,141.8,IpMispredict
     3.506822327,618707,,br_misp_retired.all_branches,71818513,100.00,,
     3.607018028,86166232,,inst_retired.any,71011306,100.00,142.4,IpMispredict
     3.607018028,601473,,br_misp_retired.all_branches,71011306,100.00,,
     3.707208626,84972207,,inst_retired.any,71103809,100.00,140.5,IpMispredict
     3.707208626,599377,,br_misp_retired.all_branches,71103809,100.00,,
     3.807434447,86157765,,inst_retired.any,71613337,100.00,142.4,IpMispredict
     3.807434447,608843,,br_misp_retired.all_branches,71613337,100.00,,
     3.907627445,87634697,,inst_retired.any,72250410,100.00,144.7,IpMispredict
     3.907627445,622051,,br_misp_retired.all_branches,72250410,100.00,,
     4.007826377,85734614,,inst_retired.any,71948654,100.00,141.6,IpMispredict
     4.007826377,609975,,br_misp_retired.all_branches,71948654,100.00,,
     4.108025362,85693845,,inst_retired.any,71940287,100.00,141.5,IpMispredict
     4.108025362,607013,,br_misp_retired.all_branches,71940287,100.00,,
     4.208218613,85463761,,inst_retired.any,70981359,100.00,141.1,IpMispredict
     4.208218613,607063,,br_misp_retired.all_branches,70981359,100.00,,
     4.308410805,85551171,,inst_retired.any,71360984,100.00,141.2,IpMispredict
     4.308410805,608736,,br_misp_retired.all_branches,71360984,100.00,,
     4.408605016,85703470,,inst_retired.any,71800920,100.00,141.5,IpMispredict
     4.408605016,600534,,br_misp_retired.all_branches,71800920,100.00,,
     4.508795765,86204649,,inst_retired.any,71860538,100.00,142.3,IpMispredict
     4.508795765,608273,,br_misp_retired.all_branches,71860538,100.00,,
     4.608994219,85458506,,inst_retired.any,70865006,100.00,141.1,IpMispredict
     4.608994219,610408,,br_misp_retired.all_branches,70865006,100.00,,
     4.709184310,85891101,,inst_retired.any,71911435,100.00,141.7,IpMispredict
     4.709184310,615164,,br_misp_retired.all_branches,71911435,100.00,,
     4.809379038,85254345,,inst_retired.any,71730234,100.00,140.7,IpMispredict
     4.809379038,610836,,br_misp_retired.all_branches,71730234,100.00,,
     4.909572748,85682828,,inst_retired.any,70408220,100.00,141.4,IpMispredict
     4.909572748,601740,,br_misp_retired.all_branches,70408220,100.00,,
     5.009763336,85646420,,inst_retired.any,71967705,100.00,141.3,IpMispredict
     5.009763336,605906,,br_misp_retired.all_branches,71967705,100.00,,
     5.109953908,86093268,,inst_retired.any,72018566,100.00,142.1,IpMispredict
     5.109953908,608028,,br_misp_retired.all_branches,72018566,100.00,,
     5.210144420,85993289,,inst_retired.any,71633516,100.00,141.8,IpMispredict
     5.210144420,614367,,br_misp_retired.all_branches,71633516,100.00,,
     5.310333609,85213370,,inst_retired.any,71087318,100.00,140.6,IpMispredict
     5.310333609,608586,,br_misp_retired.all_branches,71087318,100.00,,
     5.410529126,85275101,,inst_retired.any,71214808,100.00,140.7,IpMispredict
     5.410529126,597432,,br_misp_retired.all_branches,71214808,100.00,,
     5.510745184,86090362,,inst_retired.any,72158163,100.00,142.0,IpMispredict
     5.510745184,606742,,br_misp_retired.all_branches,72158163,100.00,,
     5.610939357,85656160,,inst_retired.any,71420387,100.00,141.3,IpMispredict
     5.610939357,600000,,br_misp_retired.all_branches,71420387,100.00,,
     5.711129321,85577165,,inst_retired.any,70890922,100.00,141.2,IpMispredict
     5.711129321,600375,,br_misp_retired.all_branches,70890922,100.00,,
     5.811330044,85650902,,inst_retired.any,71915436,100.00,141.3,IpMispredict
     5.811330044,611043,,br_misp_retired.all_branches,71915436,100.00,,
     5.911524792,86128017,,inst_retired.any,71349953,100.00,142.1,IpMispredict
     5.911524792,610211,,br_misp_retired.all_branches,71349953,100.00,,
     6.011718244,85559409,,inst_retired.any,70937714,100.00,141.2,IpMispredict
     6.011718244,607781,,br_misp_retired.all_branches,70937714,100.00,,
     6.111912097,85567727,,inst_retired.any,72392065,100.00,141.2,IpMispredict
     6.111912097,607304,,br_misp_retired.all_branches,72392065,100.00,,
     6.212107646,85727771,,inst_retired.any,72081821,100.00,141.4,IpMispredict
     6.212107646,607318,,br_misp_retired.all_branches,72081821,100.00,,
     6.312302642,85522633,,inst_retired.any,71433414,100.00,141.1,IpMispredict
     6.312302642,611191,,br_misp_retired.all_branches,71433414,100.00,,
     6.412497344,86189790,,inst_retired.any,72729441,100.00,142.2,IpMispredict
     6.412497344,604937,,br_misp_retired.all_branches,72729441,100.00,,
     6.512688303,85650010,,inst_retired.any,71706643,100.00,141.3,IpMispredict
     6.512688303,597306,,br_misp_retired.all_branches,71706643,100.00,,
     6.612883750,85776094,,inst_retired.any,71198307,100.00,141.6,IpMispredict
     6.612883750,600353,,br_misp_retired.all_branches,71198307,100.00,,
     6.713075361,85990920,,inst_retired.any,71702015,100.00,141.9,IpMispredict
     6.713075361,604101,,br_misp_retired.all_branches,71702015,100.00,,
     6.813265912,85866296,,inst_retired.any,70804634,100.00,141.7,IpMispredict
     6.813265912,601310,,br_misp_retired.all_branches,70804634,100.00,,
     6.913468900,84941195,,inst_retired.any,71724503,100.00,140.2,IpMispredict
     6.913468900,594510,,br_misp_retired.all_branches,71724503,100.00,,
     7.013666087,85616139,,inst_retired.any,70312126,100.00,141.4,IpMispredict
     7.013666087,593410,,br_misp_retired.all_branches,70312126,100.00,,
     7.113861290,86032391,,inst_retired.any,71658284,100.00,142.1,IpMispredict
     7.113861290,605747,,br_misp_retired.all_branches,71658284,100.00,,
     7.214054575,85507409,,inst_retired.any,71145953,100.00,141.2,IpMispredict
     7.214054575,610455,,br_misp_retired.all_branches,71145953,100.00,,
     7.314247946,86141940,,inst_retired.any,71713766,100.00,142.2,IpMispredict
     7.314247946,607065,,br_misp_retired.all_branches,71713766,100.00,,
     7.414442981,85561145,,inst_retired.any,72138413,100.00,141.3,IpMispredict
     7.414442981,601552,,br_misp_retired.all_branches,72138413,100.00,,
     7.514635275,85889086,,inst_retired.any,72158712,100.00,141.8,IpMispredict
     7.514635275,601282,,br_misp_retired.all_branches,72158712,100.00,,
     7.614831312,85939936,,inst_retired.any,72307386,100.00,142.0,IpMispredict
     7.614831312,597924,,br_misp_retired.all_branches,72307386,100.00,,
     7.715022402,85414249,,inst_retired.any,71873746,100.00,141.1,IpMispredict
     7.715022402,611494,,br_misp_retired.all_branches,71873746,100.00,,
     7.815217287,85891965,,inst_retired.any,71245219,100.00,141.8,IpMispredict
     7.815217287,613793,,br_misp_retired.all_branches,71245219,100.00,,
     7.915439873,84880337,,inst_retired.any,70336353,100.00,140.2,IpMispredict
     7.915439873,598872,,br_misp_retired.all_branches,70336353,100.00,,
     8.015631928,86146833,,inst_retired.any,70857049,100.00,142.3,IpMispredict
     8.015631928,605166,,br_misp_retired.all_branches,70857049,100.00,,
     8.115823212,85928960,,inst_retired.any,71935609,100.00,141.9,IpMispredict
     8.115823212,610907,,br_misp_retired.all_branches,71935609,100.00,,
     8.216015548,85597440,,inst_retired.any,71195977,100.00,141.4,IpMispredict
     8.216015548,604344,,br_misp_retired.all_branches,71195977,100.00,,
     8.316226914,86382096,,inst_retired.any,73395688,100.00,142.6,IpMispredict
     8.316226914,624321,,br_misp_retired.all_branches,73395688,100.00,,
     8.416420900,85862657,,inst_retired.any,71452132,100.00,141.7,IpMispredict
     8.416420900,610692,,br_misp_retired.all_branches,71452132,100.00,,
     8.516610377,85086557,,inst_retired.any,69956998,100.00,140.5,IpMispredict
     8.516610377,591227,,br_misp_retired.all_branches,69956998,100.00,,
     8.616804320,86102584,,inst_retired.any,71975540,100.00,142.2,IpMispredict
     8.616804320,605894,,br_misp_retired.all_branches,71975540,100.00,,
     8.716996023,85547574,,inst_retired.any,71679534,100.00,141.2,IpMispredict
     8.716996023,603470,,br_misp_retired.all_branches,71679534,100.00,,
     8.817188447,85724789,,inst_retired.any,72019010,100.00,141.5,IpMispredict
     8.817188447,603967,,br_misp_retired.all_branches,72019010,100.00,,
     8.917381751,86491621,,inst_retired.any,71242525,100.00,142.8,IpMispredict
     8.917381751,608607,,br_misp_retired.all_branches,71242525,100.00,,
     9.017575260,85007012,,inst_retired.any,69971931,100.00,140.4,IpMispredict
     9.017575260,601254,,br_misp_retired.all_branches,69971931,100.00,,
     9.117770619,86204696,,inst_retired.any,70828047,100.00,142.3,IpMispredict
     9.117770619,605947,,br_misp_retired.all_branches,70828047,100.00,,
     9.217960515,84684109,,inst_retired.any,69898459,100.00,139.9,IpMispredict
     9.217960515,592549,,br_misp_retired.all_branches,69898459,100.00,,
     9.318161518,86227286,,inst_retired.any,71527616,100.00,142.4,IpMispredict
     9.318161518,615734,,br_misp_retired.all_branches,71527616,100.00,,
     9.418364261,85597938,,inst_retired.any,71162194,100.00,141.3,IpMispredict
     9.418364261,607288,,br_misp_retired.all_branches,71162194,100.00,,
     9.518558104,85736075,,inst_retired.any,71037946,100.00,141.6,IpMispredict
     9.518558104,604628,,br_misp_retired.all_branches,71037946,100.00,,
     9.618753507,85335496,,inst_retired.any,71013263,100.00,140.9,IpMispredict
     9.618753507,598391,,br_misp_retired.all_branches,71013263,100.00,,
     9.718956935,86262145,,inst_retired.any,71929605,100.00,142.4,IpMispredict
     9.718956935,622909,,br_misp_retired.all_branches,71929605,100.00,,
     9.819146798,84837573,,inst_retired.any,69578545,100.00,140.1,IpMispredict
     9.819146798,593807,,br_misp_retired.all_branches,69578545,100.00,,
     9.919342125,85717517,,inst_retired.any,70878289,100.00,141.5,IpMispredict
     9.919342125,613714,,br_misp_retired.all_branches,70878289,100.00,,
    10.019532258,85963122,,inst_retired.any,70639243,100.00,141.9,IpMispredict
    10.019532258,604641,,br_misp_retired.all_branches,70639243,100.00,,
    10.119727227,85262114,,inst_retired.any,70224391,100.00,140.8,IpMispredict
    10.119727227,597481,,br_misp_retired.all_branches,70224391,100.00,,
    10.219920084,86561358,,inst_retired.any,72527608,100.00,142.9,IpMispredict
    10.219920084,612502,,br_misp_retired.all_branches,72527608,100.00,,
    10.320115914,85390564,,inst_retired.any,71277737,100.00,141.0,IpMispredict
    10.320115914,598209,,br_misp_retired.all_branches,71277737,100.00,,
    10.420309820,85815335,,inst_retired.any,70714652,100.00,141.7,IpMispredict
    10.420309820,603551,,br_misp_retired.all_branches,70714652,100.00,,
    10.520509024,85309735,,inst_retired.any,71339420,100.00,140.9,IpMispredict
    10.520509024,603106,,br_misp_retired.all_branches,71339420,100.00,,
    10.620702376,85742283,,inst_retired.any,70368442,100.00,141.6,IpMispredict
    10.620702376,599411,,br_misp_retired.all_branches,70368442,100.00,,
    10.720892497,85848468,,inst_retired.any,71228910,100.00,141.8,IpMispredict
    10.720892497,601912,,br_misp_retired.all_branches,71228910,100.00,,
    10.821094070,85901088,,inst_retired.any,73078641,100.00,141.9,IpMispredict
    10.821094070,608594,,br_misp_retired.all_branches,73078641,100.00,,
    10.921292918,86026435,,inst_retired.any,71750854,100.00,142.1,IpMispredict
    10.921292918,606842,,br_misp_retired.all_branches,71750854,100.00,,
    11.021505577,85474624,,inst_retired.any,70321981,100.00,141.2,IpMispredict
    11.021505577,609271,,br_misp_retired.all_branches,70321981,100.00,,
