# started on Mon May  1 16:53:02 2023

     0.100156956,29641352,,inst_retired.any,42914673,100.00,128.3,IpMispredict
     0.100156956,231039,,br_misp_retired.all_branches,42914673,100.00,,
     0.200416355,30048363,,inst_retired.any,43429041,100.00,121.6,IpMispredict
     0.200416355,263030,,br_misp_retired.all_branches,43429041,100.00,,
     0.300603564,29779834,,inst_retired.any,43870584,100.00,121.2,IpMispredict
     0.300603564,242960,,br_misp_retired.all_branches,43870584,100.00,,
     0.400798366,29770011,,inst_retired.any,43117372,100.00,123.7,IpMispredict
     0.400798366,225310,,br_misp_retired.all_branches,43117372,100.00,,
     0.500995459,30118343,,inst_retired.any,42602191,100.00,125.8,IpMispredict
     0.500995459,235045,,br_misp_retired.all_branches,42602191,100.00,,
     0.601192238,29725823,,inst_retired.any,43104491,100.00,123.4,IpMispredict
     0.601192238,248370,,br_misp_retired.all_branches,43104491,100.00,,
     0.701383900,29885570,,inst_retired.any,42384204,100.00,125.2,IpMispredict
     0.701383900,224810,,br_misp_retired.all_branches,42384204,100.00,,
     0.801575182,29910825,,inst_retired.any,43743183,100.00,125.9,IpMispredict
     0.801575182,230494,,br_misp_retired.all_branches,43743183,100.00,,
     0.901767224,29646404,,inst_retired.any,42490041,100.00,124.7,IpMispredict
     0.901767224,239027,,br_misp_retired.all_branches,42490041,100.00,,
     1.001962196,29753956,,inst_retired.any,43348753,100.00,124.1,IpMispredict
     1.001962196,258114,,br_misp_retired.all_branches,43348753,100.00,,
     1.102157078,30017828,,inst_retired.any,43928201,100.00,125.0,IpMispredict
     1.102157078,243220,,br_misp_retired.all_branches,43928201,100.00,,
     1.202353125,29540324,,inst_retired.any,42247432,100.00,123.1,IpMispredict
     1.202353125,238404,,br_misp_retired.all_branches,42247432,100.00,,
     1.302547769,29930215,,inst_retired.any,43114342,100.00,125.1,IpMispredict
     1.302547769,231088,,br_misp_retired.all_branches,43114342,100.00,,
     1.402739928,29464244,,inst_retired.any,42142147,100.00,123.8,IpMispredict
     1.402739928,221189,,br_misp_retired.all_branches,42142147,100.00,,
     1.502934445,29867606,,inst_retired.any,42824248,100.00,125.3,IpMispredict
     1.502934445,242752,,br_misp_retired.all_branches,42824248,100.00,,
     1.603129665,29626463,,inst_retired.any,41982878,100.00,125.2,IpMispredict
     1.603129665,212501,,br_misp_retired.all_branches,41982878,100.00,,
     1.703322919,30033522,,inst_retired.any,44580308,100.00,125.6,IpMispredict
     1.703322919,278229,,br_misp_retired.all_branches,44580308,100.00,,
     1.803512865,29541221,,inst_retired.any,42396133,100.00,123.8,IpMispredict
     1.803512865,230016,,br_misp_retired.all_branches,42396133,100.00,,
     1.903726153,29769751,,inst_retired.any,43443590,100.00,125.0,IpMispredict
     1.903726153,229378,,br_misp_retired.all_branches,43443590,100.00,,
     2.003921977,29907044,,inst_retired.any,42582537,100.00,125.7,IpMispredict
     2.003921977,233855,,br_misp_retired.all_branches,42582537,100.00,,
     2.104116858,29713726,,inst_retired.any,42571869,100.00,125.3,IpMispredict
     2.104116858,221520,,br_misp_retired.all_branches,42571869,100.00,,
     2.204311178,29442610,,inst_retired.any,43135940,100.00,123.8,IpMispredict
     2.204311178,252823,,br_misp_retired.all_branches,43135940,100.00,,
     2.304510901,30010012,,inst_retired.any,43767621,100.00,126.3,IpMispredict
     2.304510901,231393,,br_misp_retired.all_branches,43767621,100.00,,
     2.404703123,29638886,,inst_retired.any,43274684,100.00,124.8,IpMispredict
     2.404703123,237029,,br_misp_retired.all_branches,43274684,100.00,,
     2.504899572,30047239,,inst_retired.any,43773260,100.00,126.2,IpMispredict
     2.504899572,250388,,br_misp_retired.all_branches,43773260,100.00,,
     2.605091634,29548329,,inst_retired.any,42723194,100.00,124.0,IpMispredict
     2.605091634,245627,,br_misp_retired.all_branches,42723194,100.00,,
     2.705285286,29920505,,inst_retired.any,44057702,100.00,125.3,IpMispredict
     2.705285286,248230,,br_misp_retired.all_branches,44057702,100.00,,
     2.805502626,29782416,,inst_retired.any,43660085,100.00,124.9,IpMispredict
     2.805502626,232666,,br_misp_retired.all_branches,43660085,100.00,,
     2.905698961,29876551,,inst_retired.any,42782689,100.00,125.5,IpMispredict
     2.905698961,227979,,br_misp_retired.all_branches,42782689,100.00,,
     3.005895425,29376242,,inst_retired.any,42890032,100.00,123.3,IpMispredict
     3.005895425,240713,,br_misp_retired.all_branches,42890032,100.00,,
     3.106088353,30120993,,inst_retired.any,44096221,100.00,126.5,IpMispredict
     3.106088353,232639,,br_misp_retired.all_branches,44096221,100.00,,
     3.206280338,29962495,,inst_retired.any,43441679,100.00,125.9,IpMispredict
     3.206280338,233357,,br_misp_retired.all_branches,43441679,100.00,,
     3.306472583,29470066,,inst_retired.any,42528520,100.00,124.0,IpMispredict
     3.306472583,232776,,br_misp_retired.all_branches,42528520,100.00,,
     3.406664517,29793590,,inst_retired.any,42945892,100.00,125.3,IpMispredict
     3.406664517,237233,,br_misp_retired.all_branches,42945892,100.00,,
     3.506860482,29995357,,inst_retired.any,41890627,100.00,126.0,IpMispredict
     3.506860482,247943,,br_misp_retired.all_branches,41890627,100.00,,
     3.607054280,29537039,,inst_retired.any,43213911,100.00,123.9,IpMispredict
     3.607054280,247792,,br_misp_retired.all_branches,43213911,100.00,,
     3.707248273,29931265,,inst_retired.any,41625468,100.00,125.3,IpMispredict
     3.707248273,261841,,br_misp_retired.all_branches,41625468,100.00,,
     3.807447676,29598123,,inst_retired.any,43347171,100.00,123.7,IpMispredict
     3.807447676,254435,,br_misp_retired.all_branches,43347171,100.00,,
     3.907639873,29878348,,inst_retired.any,43078100,100.00,124.9,IpMispredict
     3.907639873,233049,,br_misp_retired.all_branches,43078100,100.00,,
     4.007832593,29460317,,inst_retired.any,42160634,100.00,123.3,IpMispredict
     4.007832593,231909,,br_misp_retired.all_branches,42160634,100.00,,
     4.108025073,29981876,,inst_retired.any,44018974,100.00,125.5,IpMispredict
     4.108025073,235609,,br_misp_retired.all_branches,44018974,100.00,,
     4.208220757,29550782,,inst_retired.any,43346328,100.00,123.8,IpMispredict
     4.208220757,228361,,br_misp_retired.all_branches,43346328,100.00,,
     4.308411501,29950335,,inst_retired.any,43945665,100.00,125.3,IpMispredict
     4.308411501,252530,,br_misp_retired.all_branches,43945665,100.00,,
     4.408607408,29489211,,inst_retired.any,42218415,100.00,123.5,IpMispredict
     4.408607408,230961,,br_misp_retired.all_branches,42218415,100.00,,
     4.508800249,29976676,,inst_retired.any,43675378,100.00,125.5,IpMispredict
     4.508800249,240798,,br_misp_retired.all_branches,43675378,100.00,,
     4.608995628,29967395,,inst_retired.any,42733181,100.00,125.4,IpMispredict
     4.608995628,244546,,br_misp_retired.all_branches,42733181,100.00,,
     4.709188347,29791675,,inst_retired.any,43489493,100.00,124.6,IpMispredict
     4.709188347,245066,,br_misp_retired.all_branches,43489493,100.00,,
     4.809382370,29891827,,inst_retired.any,43472218,100.00,124.8,IpMispredict
     4.809382370,255091,,br_misp_retired.all_branches,43472218,100.00,,
     4.909579754,29662999,,inst_retired.any,43134985,100.00,123.8,IpMispredict
     4.909579754,243302,,br_misp_retired.all_branches,43134985,100.00,,
     5.009777031,29898824,,inst_retired.any,43044452,100.00,124.9,IpMispredict
     5.009777031,230432,,br_misp_retired.all_branches,43044452,100.00,,
     5.109968590,29516028,,inst_retired.any,43206345,100.00,123.5,IpMispredict
     5.109968590,223261,,br_misp_retired.all_branches,43206345,100.00,,
     5.210167635,29632280,,inst_retired.any,43413527,100.00,123.9,IpMispredict
     5.210167635,245444,,br_misp_retired.all_branches,43413527,100.00,,
     5.310362758,30107180,,inst_retired.any,44206753,100.00,125.7,IpMispredict
     5.310362758,259045,,br_misp_retired.all_branches,44206753,100.00,,
     5.410557552,29584892,,inst_retired.any,42473231,100.00,123.6,IpMispredict
     5.410557552,232803,,br_misp_retired.all_branches,42473231,100.00,,
     5.510776532,30586388,,inst_retired.any,44317016,100.00,127.6,IpMispredict
     5.510776532,255727,,br_misp_retired.all_branches,44317016,100.00,,
     5.610965932,29860983,,inst_retired.any,43379081,100.00,124.5,IpMispredict
     5.610965932,248712,,br_misp_retired.all_branches,43379081,100.00,,
     5.711160857,29854290,,inst_retired.any,42830264,100.00,124.5,IpMispredict
     5.711160857,237578,,br_misp_retired.all_branches,42830264,100.00,,
     5.811353215,29482803,,inst_retired.any,42149645,100.00,123.1,IpMispredict
     5.811353215,221831,,br_misp_retired.all_branches,42149645,100.00,,
     5.911554270,29707837,,inst_retired.any,43041634,100.00,123.9,IpMispredict
     5.911554270,251280,,br_misp_retired.all_branches,43041634,100.00,,
     6.011745110,29870877,,inst_retired.any,43899883,100.00,124.4,IpMispredict
     6.011745110,266237,,br_misp_retired.all_branches,43899883,100.00,,
     6.111940478,29991140,,inst_retired.any,43198051,100.00,124.8,IpMispredict
     6.111940478,251357,,br_misp_retired.all_branches,43198051,100.00,,
     6.212133031,29256018,,inst_retired.any,42640569,100.00,121.7,IpMispredict
     6.212133031,238969,,br_misp_retired.all_branches,42640569,100.00,,
     6.312326697,30043536,,inst_retired.any,43446532,100.00,125.0,IpMispredict
     6.312326697,237511,,br_misp_retired.all_branches,43446532,100.00,,
     6.412521180,29401751,,inst_retired.any,42220627,100.00,122.5,IpMispredict
     6.412521180,223086,,br_misp_retired.all_branches,42220627,100.00,,
     6.512713164,30055761,,inst_retired.any,43680188,100.00,125.3,IpMispredict
     6.512713164,234053,,br_misp_retired.all_branches,43680188,100.00,,
     6.612908209,29822265,,inst_retired.any,42701263,100.00,124.2,IpMispredict
     6.612908209,257712,,br_misp_retired.all_branches,42701263,100.00,,
     6.713100578,29812847,,inst_retired.any,42713428,100.00,124.2,IpMispredict
     6.713100578,224868,,br_misp_retired.all_branches,42713428,100.00,,
     6.813300769,29602286,,inst_retired.any,42492145,100.00,123.5,IpMispredict
     6.813300769,229295,,br_misp_retired.all_branches,42492145,100.00,,
     6.913492863,29917427,,inst_retired.any,43629261,100.00,124.6,IpMispredict
     6.913492863,262533,,br_misp_retired.all_branches,43629261,100.00,,
     7.013692085,29710352,,inst_retired.any,42286019,100.00,123.9,IpMispredict
     7.013692085,217986,,br_misp_retired.all_branches,42286019,100.00,,
     7.113888661,29474267,,inst_retired.any,42730149,100.00,122.9,IpMispredict
     7.113888661,236314,,br_misp_retired.all_branches,42730149,100.00,,
     7.214083244,29950630,,inst_retired.any,43840767,100.00,124.8,IpMispredict
     7.214083244,262250,,br_misp_retired.all_branches,43840767,100.00,,
     7.314278329,29760351,,inst_retired.any,43572409,100.00,124.0,IpMispredict
     7.314278329,234100,,br_misp_retired.all_branches,43572409,100.00,,
     7.414471737,29856842,,inst_retired.any,43307156,100.00,124.4,IpMispredict
     7.414471737,246568,,br_misp_retired.all_branches,43307156,100.00,,
     7.514667483,29882712,,inst_retired.any,43432770,100.00,124.5,IpMispredict
     7.514667483,240957,,br_misp_retired.all_branches,43432770,100.00,,
     7.614861215,29695277,,inst_retired.any,42913153,100.00,123.7,IpMispredict
     7.614861215,231311,,br_misp_retired.all_branches,42913153,100.00,,
     7.715059311,29657166,,inst_retired.any,42176350,100.00,123.8,IpMispredict
     7.715059311,213712,,br_misp_retired.all_branches,42176350,100.00,,
     7.815255352,29707221,,inst_retired.any,43047920,100.00,123.9,IpMispredict
     7.815255352,250770,,br_misp_retired.all_branches,43047920,100.00,,
     7.915448829,29731991,,inst_retired.any,43155987,100.00,124.1,IpMispredict
     7.915448829,228667,,br_misp_retired.all_branches,43155987,100.00,,
     8.015640393,30524006,,inst_retired.any,43322059,100.00,127.5,IpMispredict
     8.015640393,228911,,br_misp_retired.all_branches,43322059,100.00,,
     8.115831393,29928210,,inst_retired.any,43714904,100.00,124.9,IpMispredict
     8.115831393,248921,,br_misp_retired.all_branches,43714904,100.00,,
     8.216027149,29802723,,inst_retired.any,42128799,100.00,124.5,IpMispredict
     8.216027149,220639,,br_misp_retired.all_branches,42128799,100.00,,
     8.316240219,29759208,,inst_retired.any,42020701,100.00,124.4,IpMispredict
     8.316240219,218750,,br_misp_retired.all_branches,42020701,100.00,,
     8.416435330,29968195,,inst_retired.any,43477503,100.00,125.3,IpMispredict
     8.416435330,237536,,br_misp_retired.all_branches,43477503,100.00,,
     8.516626490,29579631,,inst_retired.any,43144123,100.00,123.8,IpMispredict
     8.516626490,220020,,br_misp_retired.all_branches,43144123,100.00,,
     8.616818670,29907764,,inst_retired.any,44306851,100.00,125.2,IpMispredict
     8.616818670,243054,,br_misp_retired.all_branches,44306851,100.00,,
     8.717009924,29629234,,inst_retired.any,42658298,100.00,124.1,IpMispredict
     8.717009924,220416,,br_misp_retired.all_branches,42658298,100.00,,
     8.817202526,29476780,,inst_retired.any,42792766,100.00,123.5,IpMispredict
     8.817202526,230553,,br_misp_retired.all_branches,42792766,100.00,,
     8.917395320,30090650,,inst_retired.any,43173146,100.00,126.2,IpMispredict
     8.917395320,222133,,br_misp_retired.all_branches,43173146,100.00,,
     9.017589528,29801578,,inst_retired.any,43101531,100.00,125.1,IpMispredict
     9.017589528,225172,,br_misp_retired.all_branches,43101531,100.00,,
     9.117782015,29704106,,inst_retired.any,43186041,100.00,124.6,IpMispredict
     9.117782015,245223,,br_misp_retired.all_branches,43186041,100.00,,
     9.217977373,29932846,,inst_retired.any,43048517,100.00,125.6,IpMispredict
     9.217977373,236688,,br_misp_retired.all_branches,43048517,100.00,,
     9.318169185,29294461,,inst_retired.any,42126692,100.00,122.9,IpMispredict
     9.318169185,238428,,br_misp_retired.all_branches,42126692,100.00,,
     9.418366942,30286820,,inst_retired.any,43584610,100.00,127.0,IpMispredict
     9.418366942,249271,,br_misp_retired.all_branches,43584610,100.00,,
     9.518561700,29781122,,inst_retired.any,42799647,100.00,124.9,IpMispredict
     9.518561700,241596,,br_misp_retired.all_branches,42799647,100.00,,
     9.618753597,29701707,,inst_retired.any,42554122,100.00,124.5,IpMispredict
     9.618753597,244571,,br_misp_retired.all_branches,42554122,100.00,,
     9.718946471,29810038,,inst_retired.any,43500154,100.00,124.9,IpMispredict
     9.718946471,253445,,br_misp_retired.all_branches,43500154,100.00,,
     9.819138689,29501408,,inst_retired.any,42268321,100.00,123.7,IpMispredict
     9.819138689,213483,,br_misp_retired.all_branches,42268321,100.00,,
     9.919332611,29828736,,inst_retired.any,43153791,100.00,125.1,IpMispredict
     9.919332611,239440,,br_misp_retired.all_branches,43153791,100.00,,
    10.019520582,30034347,,inst_retired.any,43587211,100.00,125.9,IpMispredict
    10.019520582,246440,,br_misp_retired.all_branches,43587211,100.00,,
    10.119746243,29435680,,inst_retired.any,41965118,100.00,123.4,IpMispredict
    10.119746243,230005,,br_misp_retired.all_branches,41965118,100.00,,
    10.219939810,30059769,,inst_retired.any,43570657,100.00,126.0,IpMispredict
    10.219939810,248137,,br_misp_retired.all_branches,43570657,100.00,,
    10.320137495,29510555,,inst_retired.any,43276354,100.00,123.7,IpMispredict
    10.320137495,245250,,br_misp_retired.all_branches,43276354,100.00,,
    10.420332526,30037819,,inst_retired.any,43113307,100.00,125.9,IpMispredict
    10.420332526,239509,,br_misp_retired.all_branches,43113307,100.00,,
    10.520531306,30378473,,inst_retired.any,43181360,100.00,127.3,IpMispredict
    10.520531306,242510,,br_misp_retired.all_branches,43181360,100.00,,
    10.620725148,29810221,,inst_retired.any,43143360,100.00,124.9,IpMispredict
    10.620725148,238003,,br_misp_retired.all_branches,43143360,100.00,,
    10.720920173,29480830,,inst_retired.any,43316101,100.00,123.4,IpMispredict
    10.720920173,265574,,br_misp_retired.all_branches,43316101,100.00,,
    10.821112184,29762924,,inst_retired.any,43766163,100.00,124.6,IpMispredict
    10.821112184,231922,,br_misp_retired.all_branches,43766163,100.00,,
    10.921308017,29916063,,inst_retired.any,43168151,100.00,125.2,IpMispredict
    10.921308017,249288,,br_misp_retired.all_branches,43168151,100.00,,
    11.021523951,29726833,,inst_retired.any,42146468,100.00,124.4,IpMispredict
    11.021523951,240707,,br_misp_retired.all_branches,42146468,100.00,,
