# started on Mon May  1 16:55:15 2023

     0.100143597,5773768,,offcore_response.all_requests.llc_hit.any_response,53274476,100.00,,
     0.100143597,653,,offcore_response.all_requests.llc_miss.any_response,53289781,100.00,,
     0.200323703,5780996,,offcore_response.all_requests.llc_hit.any_response,52970813,100.00,,
     0.200323703,564,,offcore_response.all_requests.llc_miss.any_response,52970702,100.00,,
     0.300492609,5856843,,offcore_response.all_requests.llc_hit.any_response,52972051,100.00,,
     0.300492609,432,,offcore_response.all_requests.llc_miss.any_response,52979903,100.00,,
     0.400690295,5904675,,offcore_response.all_requests.llc_hit.any_response,53437663,100.00,,
     0.400690295,646,,offcore_response.all_requests.llc_miss.any_response,53414617,100.00,,
     0.500885133,5831440,,offcore_response.all_requests.llc_hit.any_response,52773646,100.00,,
     0.500885133,524,,offcore_response.all_requests.llc_miss.any_response,52781717,100.00,,
     0.601083646,5912028,,offcore_response.all_requests.llc_hit.any_response,53223683,100.00,,
     0.601083646,621,,offcore_response.all_requests.llc_miss.any_response,53215612,100.00,,
     0.701279945,5870874,,offcore_response.all_requests.llc_hit.any_response,53096920,100.00,,
     0.701279945,598,,offcore_response.all_requests.llc_miss.any_response,53119846,100.00,,
     0.801478509,5875496,,offcore_response.all_requests.llc_hit.any_response,52958612,100.00,,
     0.801478509,492,,offcore_response.all_requests.llc_miss.any_response,52935686,100.00,,
     0.901672809,5907259,,offcore_response.all_requests.llc_hit.any_response,53100365,100.00,,
     0.901672809,722,,offcore_response.all_requests.llc_miss.any_response,53100365,100.00,,
     1.001866753,5848641,,offcore_response.all_requests.llc_hit.any_response,53118447,100.00,,
     1.001866753,545,,offcore_response.all_requests.llc_miss.any_response,53118447,100.00,,
     1.102061724,5838970,,offcore_response.all_requests.llc_hit.any_response,53121609,100.00,,
     1.102061724,536,,offcore_response.all_requests.llc_miss.any_response,53144542,100.00,,
     1.202261464,5908636,,offcore_response.all_requests.llc_hit.any_response,53517855,100.00,,
     1.202261464,677,,offcore_response.all_requests.llc_miss.any_response,53517767,100.00,,
     1.302459743,5847399,,offcore_response.all_requests.llc_hit.any_response,52577262,100.00,,
     1.302459743,608,,offcore_response.all_requests.llc_miss.any_response,52554417,100.00,,
     1.402654519,5892130,,offcore_response.all_requests.llc_hit.any_response,53348353,100.00,,
     1.402654519,432,,offcore_response.all_requests.llc_miss.any_response,53371042,100.00,,
     1.502852201,5863481,,offcore_response.all_requests.llc_hit.any_response,54322313,100.00,,
     1.502852201,653,,offcore_response.all_requests.llc_miss.any_response,54299624,100.00,,
     1.603046689,5837880,,offcore_response.all_requests.llc_hit.any_response,52840741,100.00,,
     1.603046689,544,,offcore_response.all_requests.llc_miss.any_response,52840741,100.00,,
     1.703241803,5847506,,offcore_response.all_requests.llc_hit.any_response,52975694,100.00,,
     1.703241803,635,,offcore_response.all_requests.llc_miss.any_response,52975694,100.00,,
     1.803436722,5871556,,offcore_response.all_requests.llc_hit.any_response,53120521,100.00,,
     1.803436722,569,,offcore_response.all_requests.llc_miss.any_response,53129134,100.00,,
     1.903634601,5880434,,offcore_response.all_requests.llc_hit.any_response,53259243,100.00,,
     1.903634601,642,,offcore_response.all_requests.llc_miss.any_response,53250630,100.00,,
     2.003837999,5800344,,offcore_response.all_requests.llc_hit.any_response,52749496,100.00,,
     2.003837999,508,,offcore_response.all_requests.llc_miss.any_response,52772372,100.00,,
     2.104038956,5836405,,offcore_response.all_requests.llc_hit.any_response,52871717,100.00,,
     2.104038956,597,,offcore_response.all_requests.llc_miss.any_response,52848841,100.00,,
     2.204241779,5877558,,offcore_response.all_requests.llc_hit.any_response,53156624,100.00,,
     2.204241779,625,,offcore_response.all_requests.llc_miss.any_response,53167458,100.00,,
     2.304461869,5829048,,offcore_response.all_requests.llc_hit.any_response,52734818,100.00,,
     2.304461869,476,,offcore_response.all_requests.llc_miss.any_response,52736564,100.00,,
     2.404659351,5900208,,offcore_response.all_requests.llc_hit.any_response,53369364,100.00,,
     2.404659351,519,,offcore_response.all_requests.llc_miss.any_response,53365331,100.00,,
     2.504862077,5830138,,offcore_response.all_requests.llc_hit.any_response,52736873,100.00,,
     2.504862077,534,,offcore_response.all_requests.llc_miss.any_response,52736883,100.00,,
     2.605063932,5890289,,offcore_response.all_requests.llc_hit.any_response,53328435,100.00,,
     2.605063932,637,,offcore_response.all_requests.llc_miss.any_response,53319878,100.00,,
     2.705262782,5833449,,offcore_response.all_requests.llc_hit.any_response,52862591,100.00,,
     2.705262782,504,,offcore_response.all_requests.llc_miss.any_response,52874656,100.00,,
     2.805471303,5906266,,offcore_response.all_requests.llc_hit.any_response,53592344,100.00,,
     2.805471303,563,,offcore_response.all_requests.llc_miss.any_response,53580279,100.00,,
     2.905667688,5821325,,offcore_response.all_requests.llc_hit.any_response,52826722,100.00,,
     2.905667688,535,,offcore_response.all_requests.llc_miss.any_response,52849615,100.00,,
     3.005865641,5859717,,offcore_response.all_requests.llc_hit.any_response,53139569,100.00,,
     3.005865641,946,,offcore_response.all_requests.llc_miss.any_response,53116676,100.00,,
     3.106061143,5911906,,offcore_response.all_requests.llc_hit.any_response,53559536,100.00,,
     3.106061143,551,,offcore_response.all_requests.llc_miss.any_response,53582283,100.00,,
     3.206258645,5809754,,offcore_response.all_requests.llc_hit.any_response,52645409,100.00,,
     3.206258645,644,,offcore_response.all_requests.llc_miss.any_response,52645478,100.00,,
     3.306456523,5900018,,offcore_response.all_requests.llc_hit.any_response,53378381,100.00,,
     3.306456523,609,,offcore_response.all_requests.llc_miss.any_response,53366491,100.00,,
     3.406653530,5843507,,offcore_response.all_requests.llc_hit.any_response,52825678,100.00,,
     3.406653530,442,,offcore_response.all_requests.llc_miss.any_response,52814752,100.00,,
     3.506847863,5823476,,offcore_response.all_requests.llc_hit.any_response,52863123,100.00,,
     3.506847863,525,,offcore_response.all_requests.llc_miss.any_response,52886126,100.00,,
     3.607048332,5909940,,offcore_response.all_requests.llc_hit.any_response,53417051,100.00,,
     3.607048332,428,,offcore_response.all_requests.llc_miss.any_response,53394048,100.00,,
     3.707242762,5781048,,offcore_response.all_requests.llc_hit.any_response,52372853,100.00,,
     3.707242762,485,,offcore_response.all_requests.llc_miss.any_response,52372853,100.00,,
     3.807437334,5852038,,offcore_response.all_requests.llc_hit.any_response,53277783,100.00,,
     3.807437334,534,,offcore_response.all_requests.llc_miss.any_response,53288590,100.00,,
     3.907633545,5821715,,offcore_response.all_requests.llc_hit.any_response,52868219,100.00,,
     3.907633545,488,,offcore_response.all_requests.llc_miss.any_response,52857412,100.00,,
     4.007850465,5873322,,offcore_response.all_requests.llc_hit.any_response,53369750,100.00,,
     4.007850465,591,,offcore_response.all_requests.llc_miss.any_response,53392498,100.00,,
     4.108047445,5844931,,offcore_response.all_requests.llc_hit.any_response,52972028,100.00,,
     4.108047445,636,,offcore_response.all_requests.llc_miss.any_response,52949280,100.00,,
     4.208243656,5829843,,offcore_response.all_requests.llc_hit.any_response,52892588,100.00,,
     4.208243656,477,,offcore_response.all_requests.llc_miss.any_response,52915358,100.00,,
     4.308440900,5870235,,offcore_response.all_requests.llc_hit.any_response,53699726,100.00,,
     4.308440900,575,,offcore_response.all_requests.llc_miss.any_response,53700036,100.00,,
     4.408639654,5843118,,offcore_response.all_requests.llc_hit.any_response,53138984,100.00,,
     4.408639654,509,,offcore_response.all_requests.llc_miss.any_response,53140201,100.00,,
     4.508857476,5805512,,offcore_response.all_requests.llc_hit.any_response,52689908,100.00,,
     4.508857476,647,,offcore_response.all_requests.llc_miss.any_response,52675087,100.00,,
     4.609054740,5910855,,offcore_response.all_requests.llc_hit.any_response,53530452,100.00,,
     4.609054740,534,,offcore_response.all_requests.llc_miss.any_response,53543756,100.00,,
     4.709253437,5878562,,offcore_response.all_requests.llc_hit.any_response,53320864,100.00,,
     4.709253437,513,,offcore_response.all_requests.llc_miss.any_response,53321117,100.00,,
     4.809451610,5857807,,offcore_response.all_requests.llc_hit.any_response,53047637,100.00,,
     4.809451610,515,,offcore_response.all_requests.llc_miss.any_response,53047845,100.00,,
     4.909651536,5863518,,offcore_response.all_requests.llc_hit.any_response,53137735,100.00,,
     4.909651536,520,,offcore_response.all_requests.llc_miss.any_response,53114494,100.00,,
     5.009848296,5870697,,offcore_response.all_requests.llc_hit.any_response,53060632,100.00,,
     5.009848296,539,,offcore_response.all_requests.llc_miss.any_response,53083364,100.00,,
     5.110047291,5884163,,offcore_response.all_requests.llc_hit.any_response,53328237,100.00,,
     5.110047291,441,,offcore_response.all_requests.llc_miss.any_response,53328430,100.00,,
     5.210244931,5886975,,offcore_response.all_requests.llc_hit.any_response,53243516,100.00,,
     5.210244931,493,,offcore_response.all_requests.llc_miss.any_response,53220591,100.00,,
     5.310440646,5835904,,offcore_response.all_requests.llc_hit.any_response,52693061,100.00,,
     5.310440646,566,,offcore_response.all_requests.llc_miss.any_response,52716052,100.00,,
     5.410638641,5840846,,offcore_response.all_requests.llc_hit.any_response,52608078,100.00,,
     5.410638641,413,,offcore_response.all_requests.llc_miss.any_response,52595727,100.00,,
     5.510841992,5911278,,offcore_response.all_requests.llc_hit.any_response,53424727,100.00,,
     5.510841992,540,,offcore_response.all_requests.llc_miss.any_response,53414087,100.00,,
     5.611040496,5845305,,offcore_response.all_requests.llc_hit.any_response,53063305,100.00,,
     5.611040496,629,,offcore_response.all_requests.llc_miss.any_response,53085945,100.00,,
     5.711240282,5877124,,offcore_response.all_requests.llc_hit.any_response,53464633,100.00,,
     5.711240282,548,,offcore_response.all_requests.llc_miss.any_response,53458691,100.00,,
     5.811439500,5868132,,offcore_response.all_requests.llc_hit.any_response,53004695,100.00,,
     5.811439500,487,,offcore_response.all_requests.llc_miss.any_response,52987997,100.00,,
     5.911637486,5821059,,offcore_response.all_requests.llc_hit.any_response,52609727,100.00,,
     5.911637486,620,,offcore_response.all_requests.llc_miss.any_response,52632636,100.00,,
     6.011836613,5898926,,offcore_response.all_requests.llc_hit.any_response,53389010,100.00,,
     6.011836613,515,,offcore_response.all_requests.llc_miss.any_response,53383403,100.00,,
     6.112030328,5873890,,offcore_response.all_requests.llc_hit.any_response,53102682,100.00,,
     6.112030328,479,,offcore_response.all_requests.llc_miss.any_response,53085380,100.00,,
     6.212226490,5882146,,offcore_response.all_requests.llc_hit.any_response,52955237,100.00,,
     6.212226490,518,,offcore_response.all_requests.llc_miss.any_response,52955237,100.00,,
     6.312420596,5843890,,offcore_response.all_requests.llc_hit.any_response,53006697,100.00,,
     6.312420596,480,,offcore_response.all_requests.llc_miss.any_response,53025266,100.00,,
     6.412616691,5908007,,offcore_response.all_requests.llc_hit.any_response,53358894,100.00,,
     6.412616691,460,,offcore_response.all_requests.llc_miss.any_response,53340325,100.00,,
     6.512812375,5832139,,offcore_response.all_requests.llc_hit.any_response,52473212,100.00,,
     6.512812375,435,,offcore_response.all_requests.llc_miss.any_response,52496035,100.00,,
     6.613011430,5869938,,offcore_response.all_requests.llc_hit.any_response,53153950,100.00,,
     6.613011430,601,,offcore_response.all_requests.llc_miss.any_response,53153922,100.00,,
     6.713227540,5815894,,offcore_response.all_requests.llc_hit.any_response,52771558,100.00,,
     6.713227540,463,,offcore_response.all_requests.llc_miss.any_response,52748763,100.00,,
     6.813421089,5873339,,offcore_response.all_requests.llc_hit.any_response,53386511,100.00,,
     6.813421089,566,,offcore_response.all_requests.llc_miss.any_response,53409416,100.00,,
     6.913618703,5915827,,offcore_response.all_requests.llc_hit.any_response,53315482,100.00,,
     6.913618703,527,,offcore_response.all_requests.llc_miss.any_response,53292577,100.00,,
     7.013813178,5869107,,offcore_response.all_requests.llc_hit.any_response,52869569,100.00,,
     7.013813178,422,,offcore_response.all_requests.llc_miss.any_response,52893196,100.00,,
     7.114015320,5857715,,offcore_response.all_requests.llc_hit.any_response,52958645,100.00,,
     7.114015320,530,,offcore_response.all_requests.llc_miss.any_response,52935018,100.00,,
     7.214213154,5847011,,offcore_response.all_requests.llc_hit.any_response,52947642,100.00,,
     7.214213154,575,,offcore_response.all_requests.llc_miss.any_response,52958226,100.00,,
     7.314419051,5839201,,offcore_response.all_requests.llc_hit.any_response,53183905,100.00,,
     7.314419051,513,,offcore_response.all_requests.llc_miss.any_response,53173321,100.00,,
     7.414615239,5861034,,offcore_response.all_requests.llc_hit.any_response,53153959,100.00,,
     7.414615239,493,,offcore_response.all_requests.llc_miss.any_response,53171158,100.00,,
     7.514811691,5819641,,offcore_response.all_requests.llc_hit.any_response,53026304,100.00,,
     7.514811691,510,,offcore_response.all_requests.llc_miss.any_response,53018267,100.00,,
     7.615010752,5868158,,offcore_response.all_requests.llc_hit.any_response,53551206,100.00,,
     7.615010752,540,,offcore_response.all_requests.llc_miss.any_response,53542044,100.00,,
     7.715205668,5858538,,offcore_response.all_requests.llc_hit.any_response,53044155,100.00,,
     7.715205668,504,,offcore_response.all_requests.llc_miss.any_response,53066780,100.00,,
     7.815404265,5804271,,offcore_response.all_requests.llc_hit.any_response,52673217,100.00,,
     7.815404265,696,,offcore_response.all_requests.llc_miss.any_response,52673532,100.00,,
     7.915602487,5904533,,offcore_response.all_requests.llc_hit.any_response,53382417,100.00,,
     7.915602487,608,,offcore_response.all_requests.llc_miss.any_response,53359477,100.00,,
     8.015798752,5861701,,offcore_response.all_requests.llc_hit.any_response,53071210,100.00,,
     8.015798752,519,,offcore_response.all_requests.llc_miss.any_response,53094181,100.00,,
     8.116008374,5906669,,offcore_response.all_requests.llc_hit.any_response,53478098,100.00,,
     8.116008374,544,,offcore_response.all_requests.llc_miss.any_response,53455127,100.00,,
     8.216204338,5815485,,offcore_response.all_requests.llc_hit.any_response,52858620,100.00,,
     8.216204338,542,,offcore_response.all_requests.llc_miss.any_response,52881394,100.00,,
     8.316405471,5836277,,offcore_response.all_requests.llc_hit.any_response,52641268,100.00,,
     8.316405471,393,,offcore_response.all_requests.llc_miss.any_response,52641416,100.00,,
     8.416606764,5902089,,offcore_response.all_requests.llc_hit.any_response,53312909,100.00,,
     8.416606764,513,,offcore_response.all_requests.llc_miss.any_response,53289987,100.00,,
     8.516803764,5869646,,offcore_response.all_requests.llc_hit.any_response,52939859,100.00,,
     8.516803764,473,,offcore_response.all_requests.llc_miss.any_response,52963791,100.00,,
     8.617008415,5880825,,offcore_response.all_requests.llc_hit.any_response,52961490,100.00,,
     8.617008415,428,,offcore_response.all_requests.llc_miss.any_response,52937558,100.00,,
     8.717205397,5883539,,offcore_response.all_requests.llc_hit.any_response,52944261,100.00,,
     8.717205397,454,,offcore_response.all_requests.llc_miss.any_response,52951696,100.00,,
     8.817404375,5850084,,offcore_response.all_requests.llc_hit.any_response,52678871,100.00,,
     8.817404375,674,,offcore_response.all_requests.llc_miss.any_response,52694005,100.00,,
     8.917625825,5903920,,offcore_response.all_requests.llc_hit.any_response,53381873,100.00,,
     8.917625825,552,,offcore_response.all_requests.llc_miss.any_response,53359304,100.00,,
     9.017821762,5850666,,offcore_response.all_requests.llc_hit.any_response,52739640,100.00,,
     9.017821762,657,,offcore_response.all_requests.llc_miss.any_response,52754107,100.00,,
     9.118018399,5832297,,offcore_response.all_requests.llc_hit.any_response,52553841,100.00,,
     9.118018399,436,,offcore_response.all_requests.llc_miss.any_response,52554159,100.00,,
     9.218215407,5832527,,offcore_response.all_requests.llc_hit.any_response,53032210,100.00,,
     9.218215407,436,,offcore_response.all_requests.llc_miss.any_response,53040142,100.00,,
     9.318413677,5882777,,offcore_response.all_requests.llc_hit.any_response,53350717,100.00,,
     9.318413677,485,,offcore_response.all_requests.llc_miss.any_response,53328000,100.00,,
     9.418608060,5858248,,offcore_response.all_requests.llc_hit.any_response,53056828,100.00,,
     9.418608060,608,,offcore_response.all_requests.llc_miss.any_response,53080264,100.00,,
     9.518810075,5796026,,offcore_response.all_requests.llc_hit.any_response,52490055,100.00,,
     9.518810075,390,,offcore_response.all_requests.llc_miss.any_response,52489473,100.00,,
     9.619008776,5877440,,offcore_response.all_requests.llc_hit.any_response,53185196,100.00,,
     9.619008776,583,,offcore_response.all_requests.llc_miss.any_response,53162342,100.00,,
     9.719202898,5906442,,offcore_response.all_requests.llc_hit.any_response,53301750,100.00,,
     9.719202898,567,,offcore_response.all_requests.llc_miss.any_response,53324638,100.00,,
     9.819401008,5836340,,offcore_response.all_requests.llc_hit.any_response,52849022,100.00,,
     9.819401008,688,,offcore_response.all_requests.llc_miss.any_response,52826134,100.00,,
     9.919595966,5904966,,offcore_response.all_requests.llc_hit.any_response,53381051,100.00,,
     9.919595966,604,,offcore_response.all_requests.llc_miss.any_response,53381051,100.00,,
    10.019792131,5804774,,offcore_response.all_requests.llc_hit.any_response,52619170,100.00,,
    10.019792131,566,,offcore_response.all_requests.llc_miss.any_response,52619170,100.00,,
    10.120011779,5893762,,offcore_response.all_requests.llc_hit.any_response,53241005,100.00,,
    10.120011779,571,,offcore_response.all_requests.llc_miss.any_response,53263927,100.00,,
    10.220210406,5868968,,offcore_response.all_requests.llc_hit.any_response,53079760,100.00,,
    10.220210406,643,,offcore_response.all_requests.llc_miss.any_response,53056838,100.00,,
    10.320405832,5821861,,offcore_response.all_requests.llc_hit.any_response,52455341,100.00,,
    10.320405832,563,,offcore_response.all_requests.llc_miss.any_response,52478278,100.00,,
    10.420605461,5914850,,offcore_response.all_requests.llc_hit.any_response,53310811,100.00,,
    10.420605461,674,,offcore_response.all_requests.llc_miss.any_response,53310596,100.00,,
    10.520803269,5812707,,offcore_response.all_requests.llc_hit.any_response,52281925,100.00,,
    10.520803269,524,,offcore_response.all_requests.llc_miss.any_response,52275084,100.00,,
    10.621001131,5881739,,offcore_response.all_requests.llc_hit.any_response,53018021,100.00,,
    10.621001131,641,,offcore_response.all_requests.llc_miss.any_response,53024914,100.00,,
    10.721199317,5875689,,offcore_response.all_requests.llc_hit.any_response,52969198,100.00,,
    10.721199317,389,,offcore_response.all_requests.llc_miss.any_response,52960766,100.00,,
    10.821397062,5906555,,offcore_response.all_requests.llc_hit.any_response,53337687,100.00,,
    10.821397062,550,,offcore_response.all_requests.llc_miss.any_response,53340914,100.00,,
    10.921593506,5872328,,offcore_response.all_requests.llc_hit.any_response,53065623,100.00,,
    10.921593506,641,,offcore_response.all_requests.llc_miss.any_response,53058950,100.00,,
    11.021791582,5822079,,offcore_response.all_requests.llc_hit.any_response,52536656,100.00,,
    11.021791582,737,,offcore_response.all_requests.llc_miss.any_response,52525760,100.00,,
