# started on Mon May  1 16:53:29 2023

     0.100130442,88591896,,inst_retired.any,78439639,100.00,141.4,IpMispredict
     0.100130442,626403,,br_misp_retired.all_branches,78439639,100.00,,
     0.200327025,89665302,,inst_retired.any,79386629,100.00,142.6,IpMispredict
     0.200327025,631238,,br_misp_retired.all_branches,79386629,100.00,,
     0.300483749,88386047,,inst_retired.any,78361766,100.00,140.9,IpMispredict
     0.300483749,623951,,br_misp_retired.all_branches,78361766,100.00,,
     0.400663528,89499123,,inst_retired.any,79028146,100.00,142.4,IpMispredict
     0.400663528,632006,,br_misp_retired.all_branches,79028146,100.00,,
     0.500841039,88496160,,inst_retired.any,78400978,100.00,141.1,IpMispredict
     0.500841039,621989,,br_misp_retired.all_branches,78400978,100.00,,
     0.601027999,89615742,,inst_retired.any,79328395,100.00,142.7,IpMispredict
     0.601027999,633303,,br_misp_retired.all_branches,79328395,100.00,,
     0.701227819,89472890,,inst_retired.any,79133819,100.00,142.3,IpMispredict
     0.701227819,632169,,br_misp_retired.all_branches,79133819,100.00,,
     0.801424727,88420095,,inst_retired.any,78400853,100.00,140.7,IpMispredict
     0.801424727,626412,,br_misp_retired.all_branches,78400853,100.00,,
     0.901623185,89682964,,inst_retired.any,79392154,100.00,142.5,IpMispredict
     0.901623185,637052,,br_misp_retired.all_branches,79392154,100.00,,
     1.001817675,89394269,,inst_retired.any,79354364,100.00,142.0,IpMispredict
     1.001817675,631413,,br_misp_retired.all_branches,79354364,100.00,,
     1.102019173,88872605,,inst_retired.any,78401163,100.00,141.3,IpMispredict
     1.102019173,624640,,br_misp_retired.all_branches,78401163,100.00,,
     1.202218828,88575443,,inst_retired.any,78334256,100.00,140.9,IpMispredict
     1.202218828,624378,,br_misp_retired.all_branches,78334256,100.00,,
     1.302417167,89504611,,inst_retired.any,79139249,100.00,142.3,IpMispredict
     1.302417167,634346,,br_misp_retired.all_branches,79139249,100.00,,
     1.402618546,88825676,,inst_retired.any,78531993,100.00,141.3,IpMispredict
     1.402618546,623034,,br_misp_retired.all_branches,78531993,100.00,,
     1.502817795,89575836,,inst_retired.any,79553173,100.00,142.4,IpMispredict
     1.502817795,630539,,br_misp_retired.all_branches,79553173,100.00,,
     1.603012262,88548978,,inst_retired.any,78494538,100.00,140.9,IpMispredict
     1.603012262,622607,,br_misp_retired.all_branches,78494538,100.00,,
     1.703209764,89773719,,inst_retired.any,79323217,100.00,142.8,IpMispredict
     1.703209764,632816,,br_misp_retired.all_branches,79323217,100.00,,
     1.803408274,88925119,,inst_retired.any,78487447,100.00,141.5,IpMispredict
     1.803408274,625567,,br_misp_retired.all_branches,78487447,100.00,,
     1.903607577,88582288,,inst_retired.any,78436364,100.00,141.0,IpMispredict
     1.903607577,626978,,br_misp_retired.all_branches,78436364,100.00,,
     2.003840856,89494660,,inst_retired.any,79203729,100.00,142.3,IpMispredict
     2.003840856,633584,,br_misp_retired.all_branches,79203729,100.00,,
     2.104037553,88523525,,inst_retired.any,78492533,100.00,140.8,IpMispredict
     2.104037553,624968,,br_misp_retired.all_branches,78492533,100.00,,
     2.204242104,89054353,,inst_retired.any,78506896,100.00,141.7,IpMispredict
     2.204242104,630769,,br_misp_retired.all_branches,78506896,100.00,,
     2.304442345,89508649,,inst_retired.any,79456742,100.00,142.3,IpMispredict
     2.304442345,634530,,br_misp_retired.all_branches,79456742,100.00,,
     2.404638179,89232567,,inst_retired.any,79130969,100.00,141.9,IpMispredict
     2.404638179,630298,,br_misp_retired.all_branches,79130969,100.00,,
     2.504836477,89248547,,inst_retired.any,79264288,100.00,141.9,IpMispredict
     2.504836477,629381,,br_misp_retired.all_branches,79264288,100.00,,
     2.605032249,89362833,,inst_retired.any,79210502,100.00,142.1,IpMispredict
     2.605032249,631545,,br_misp_retired.all_branches,79210502,100.00,,
     2.705229778,88402614,,inst_retired.any,78277884,100.00,140.6,IpMispredict
     2.705229778,625546,,br_misp_retired.all_branches,78277884,100.00,,
     2.805448461,89139642,,inst_retired.any,79105464,100.00,141.7,IpMispredict
     2.805448461,629616,,br_misp_retired.all_branches,79105464,100.00,,
     2.905646452,89132273,,inst_retired.any,78957300,100.00,141.7,IpMispredict
     2.905646452,628997,,br_misp_retired.all_branches,78957300,100.00,,
     3.005845856,89426096,,inst_retired.any,79203931,100.00,142.1,IpMispredict
     3.005845856,633940,,br_misp_retired.all_branches,79203931,100.00,,
     3.106042443,89161478,,inst_retired.any,79079151,100.00,141.7,IpMispredict
     3.106042443,632315,,br_misp_retired.all_branches,79079151,100.00,,
     3.206237152,89141371,,inst_retired.any,78956366,100.00,141.7,IpMispredict
     3.206237152,631180,,br_misp_retired.all_branches,78956366,100.00,,
     3.306431301,88690569,,inst_retired.any,78917256,100.00,141.0,IpMispredict
     3.306431301,623870,,br_misp_retired.all_branches,78917256,100.00,,
     3.406625335,89307650,,inst_retired.any,79416589,100.00,141.9,IpMispredict
     3.406625335,631337,,br_misp_retired.all_branches,79416589,100.00,,
     3.506821442,89677803,,inst_retired.any,79366766,100.00,142.5,IpMispredict
     3.506821442,634418,,br_misp_retired.all_branches,79366766,100.00,,
     3.607018310,88520761,,inst_retired.any,78454201,100.00,140.7,IpMispredict
     3.607018310,623241,,br_misp_retired.all_branches,78454201,100.00,,
     3.707214607,89689452,,inst_retired.any,79411112,100.00,142.5,IpMispredict
     3.707214607,639728,,br_misp_retired.all_branches,79411112,100.00,,
     3.807410149,89215325,,inst_retired.any,79254944,100.00,141.7,IpMispredict
     3.807410149,630770,,br_misp_retired.all_branches,79254944,100.00,,
     3.907607324,89645106,,inst_retired.any,79228838,100.00,142.4,IpMispredict
     3.907607324,636418,,br_misp_retired.all_branches,79228838,100.00,,
     4.007839207,89298968,,inst_retired.any,79455060,100.00,141.8,IpMispredict
     4.007839207,631142,,br_misp_retired.all_branches,79455060,100.00,,
     4.108036984,88759419,,inst_retired.any,78550706,100.00,141.0,IpMispredict
     4.108036984,628362,,br_misp_retired.all_branches,78550706,100.00,,
     4.208234213,89236497,,inst_retired.any,79077523,100.00,141.7,IpMispredict
     4.208234213,632079,,br_misp_retired.all_branches,79077523,100.00,,
     4.308429277,88580888,,inst_retired.any,78392095,100.00,140.7,IpMispredict
     4.308429277,626465,,br_misp_retired.all_branches,78392095,100.00,,
     4.408624975,89699790,,inst_retired.any,79273126,100.00,142.4,IpMispredict
     4.408624975,632366,,br_misp_retired.all_branches,79273126,100.00,,
     4.508821586,88704636,,inst_retired.any,78359883,100.00,140.9,IpMispredict
     4.508821586,625387,,br_misp_retired.all_branches,78359883,100.00,,
     4.609017576,89638608,,inst_retired.any,79107960,100.00,142.4,IpMispredict
     4.609017576,630843,,br_misp_retired.all_branches,79107960,100.00,,
     4.709213958,89447697,,inst_retired.any,79075788,100.00,142.0,IpMispredict
     4.709213958,632207,,br_misp_retired.all_branches,79075788,100.00,,
     4.809412398,88317188,,inst_retired.any,78230117,100.00,140.3,IpMispredict
     4.809412398,624599,,br_misp_retired.all_branches,78230117,100.00,,
     4.909606622,89577183,,inst_retired.any,79297653,100.00,142.3,IpMispredict
     4.909606622,634858,,br_misp_retired.all_branches,79297653,100.00,,
     5.009805441,89501863,,inst_retired.any,79242488,100.00,142.1,IpMispredict
     5.009805441,633109,,br_misp_retired.all_branches,79242488,100.00,,
     5.110004696,88915838,,inst_retired.any,78948593,100.00,141.2,IpMispredict
     5.110004696,630380,,br_misp_retired.all_branches,78948593,100.00,,
     5.210206164,88702721,,inst_retired.any,78557291,100.00,140.9,IpMispredict
     5.210206164,626557,,br_misp_retired.all_branches,78557291,100.00,,
     5.310405655,89828034,,inst_retired.any,79213265,100.00,142.6,IpMispredict
     5.310405655,632883,,br_misp_retired.all_branches,79213265,100.00,,
     5.410605430,88493474,,inst_retired.any,78472861,100.00,140.5,IpMispredict
     5.410605430,622081,,br_misp_retired.all_branches,78472861,100.00,,
     5.510821849,89344171,,inst_retired.any,79374119,100.00,141.9,IpMispredict
     5.510821849,629262,,br_misp_retired.all_branches,79374119,100.00,,
     5.611019278,89559063,,inst_retired.any,79391355,100.00,142.2,IpMispredict
     5.611019278,634290,,br_misp_retired.all_branches,79391355,100.00,,
     5.711217540,88718529,,inst_retired.any,78158298,100.00,140.9,IpMispredict
     5.711217540,627381,,br_misp_retired.all_branches,78158298,100.00,,
     5.811411962,88861021,,inst_retired.any,78325140,100.00,141.1,IpMispredict
     5.811411962,629476,,br_misp_retired.all_branches,78325140,100.00,,
     5.911609662,89573616,,inst_retired.any,78812200,100.00,142.2,IpMispredict
     5.911609662,634353,,br_misp_retired.all_branches,78812200,100.00,,
     6.011841485,88687749,,inst_retired.any,78298866,100.00,140.8,IpMispredict
     6.011841485,629962,,br_misp_retired.all_branches,78298866,100.00,,
     6.112037932,89760402,,inst_retired.any,79109381,100.00,142.5,IpMispredict
     6.112037932,637155,,br_misp_retired.all_branches,79109381,100.00,,
     6.212236089,89114644,,inst_retired.any,78237402,100.00,141.5,IpMispredict
     6.212236089,629249,,br_misp_retired.all_branches,78237402,100.00,,
     6.312433054,88801943,,inst_retired.any,77995777,100.00,141.0,IpMispredict
     6.312433054,628205,,br_misp_retired.all_branches,77995777,100.00,,
     6.412633343,88581485,,inst_retired.any,77825883,100.00,140.7,IpMispredict
     6.412633343,625336,,br_misp_retired.all_branches,77825883,100.00,,
     6.512836476,90051916,,inst_retired.any,78925020,100.00,143.0,IpMispredict
     6.512836476,632020,,br_misp_retired.all_branches,78925020,100.00,,
     6.613035014,89115965,,inst_retired.any,78160842,100.00,141.5,IpMispredict
     6.613035014,626830,,br_misp_retired.all_branches,78160842,100.00,,
     6.713231301,89167491,,inst_retired.any,78332936,100.00,141.6,IpMispredict
     6.713231301,633444,,br_misp_retired.all_branches,78332936,100.00,,
     6.813428162,88695465,,inst_retired.any,78033379,100.00,140.8,IpMispredict
     6.813428162,627617,,br_misp_retired.all_branches,78033379,100.00,,
     6.913626327,89909237,,inst_retired.any,79005111,100.00,142.7,IpMispredict
     6.913626327,634908,,br_misp_retired.all_branches,79005111,100.00,,
     7.013827364,88895011,,inst_retired.any,78151067,100.00,141.1,IpMispredict
     7.013827364,627114,,br_misp_retired.all_branches,78151067,100.00,,
     7.114038345,89164517,,inst_retired.any,78299949,100.00,141.6,IpMispredict
     7.114038345,626269,,br_misp_retired.all_branches,78299949,100.00,,
     7.214244144,88560000,,inst_retired.any,77633638,100.00,140.6,IpMispredict
     7.214244144,623903,,br_misp_retired.all_branches,77633638,100.00,,
     7.314438015,89033178,,inst_retired.any,78200879,100.00,141.4,IpMispredict
     7.314438015,624853,,br_misp_retired.all_branches,78200879,100.00,,
     7.414635637,89870517,,inst_retired.any,79038853,100.00,142.7,IpMispredict
     7.414635637,634094,,br_misp_retired.all_branches,79038853,100.00,,
     7.514830146,88592056,,inst_retired.any,77985626,100.00,140.7,IpMispredict
     7.514830146,629756,,br_misp_retired.all_branches,77985626,100.00,,
     7.615025634,89292675,,inst_retired.any,78652247,100.00,141.8,IpMispredict
     7.615025634,633060,,br_misp_retired.all_branches,78652247,100.00,,
     7.715223308,89304047,,inst_retired.any,78731805,100.00,141.8,IpMispredict
     7.715223308,636022,,br_misp_retired.all_branches,78731805,100.00,,
     7.815419701,88906300,,inst_retired.any,78143417,100.00,141.2,IpMispredict
     7.815419701,630180,,br_misp_retired.all_branches,78143417,100.00,,
     7.915614677,89753881,,inst_retired.any,78800769,100.00,142.5,IpMispredict
     7.915614677,637292,,br_misp_retired.all_branches,78800769,100.00,,
     8.015848435,89309940,,inst_retired.any,78479582,100.00,141.8,IpMispredict
     8.015848435,628978,,br_misp_retired.all_branches,78479582,100.00,,
     8.116046087,89209817,,inst_retired.any,78395459,100.00,141.6,IpMispredict
     8.116046087,633003,,br_misp_retired.all_branches,78395459,100.00,,
     8.216242752,88203157,,inst_retired.any,77520614,100.00,140.0,IpMispredict
     8.216242752,625056,,br_misp_retired.all_branches,77520614,100.00,,
     8.316466773,89938526,,inst_retired.any,78952121,100.00,142.8,IpMispredict
     8.316466773,636648,,br_misp_retired.all_branches,78952121,100.00,,
     8.416663196,89328387,,inst_retired.any,78432941,100.00,141.8,IpMispredict
     8.416663196,634226,,br_misp_retired.all_branches,78432941,100.00,,
     8.516860121,88745532,,inst_retired.any,77891458,100.00,140.9,IpMispredict
     8.516860121,624472,,br_misp_retired.all_branches,77891458,100.00,,
     8.617060035,88763812,,inst_retired.any,78095327,100.00,140.9,IpMispredict
     8.617060035,625403,,br_misp_retired.all_branches,78095327,100.00,,
     8.717260131,89090983,,inst_retired.any,78154798,100.00,141.4,IpMispredict
     8.717260131,627118,,br_misp_retired.all_branches,78154798,100.00,,
     8.817453594,89816925,,inst_retired.any,78969125,100.00,142.6,IpMispredict
     8.817453594,633531,,br_misp_retired.all_branches,78969125,100.00,,
     8.917649978,89332492,,inst_retired.any,78274763,100.00,141.8,IpMispredict
     8.917649978,632233,,br_misp_retired.all_branches,78274763,100.00,,
     9.017845923,88847047,,inst_retired.any,78084143,100.00,141.1,IpMispredict
     9.017845923,625747,,br_misp_retired.all_branches,78084143,100.00,,
     9.118042584,89862098,,inst_retired.any,78916182,100.00,142.7,IpMispredict
     9.118042584,631296,,br_misp_retired.all_branches,78916182,100.00,,
     9.218237447,89066165,,inst_retired.any,78123655,100.00,141.4,IpMispredict
     9.218237447,625186,,br_misp_retired.all_branches,78123655,100.00,,
     9.318433700,89147701,,inst_retired.any,78445387,100.00,141.6,IpMispredict
     9.318433700,623654,,br_misp_retired.all_branches,78445387,100.00,,
     9.418628723,88948193,,inst_retired.any,78188793,100.00,141.3,IpMispredict
     9.418628723,623819,,br_misp_retired.all_branches,78188793,100.00,,
     9.518826610,89004353,,inst_retired.any,78226053,100.00,141.3,IpMispredict
     9.518826610,627889,,br_misp_retired.all_branches,78226053,100.00,,
     9.619022874,88805340,,inst_retired.any,78270912,100.00,141.0,IpMispredict
     9.619022874,625436,,br_misp_retired.all_branches,78270912,100.00,,
     9.719216809,89448353,,inst_retired.any,78818682,100.00,142.1,IpMispredict
     9.719216809,630038,,br_misp_retired.all_branches,78818682,100.00,,
     9.819414639,89353649,,inst_retired.any,78867737,100.00,141.9,IpMispredict
     9.819414639,630577,,br_misp_retired.all_branches,78867737,100.00,,
     9.919608993,89194226,,inst_retired.any,78368656,100.00,141.7,IpMispredict
     9.919608993,626424,,br_misp_retired.all_branches,78368656,100.00,,
    10.019842940,88762329,,inst_retired.any,78101149,100.00,141.0,IpMispredict
    10.019842940,625394,,br_misp_retired.all_branches,78101149,100.00,,
    10.120039391,89458265,,inst_retired.any,78807867,100.00,142.1,IpMispredict
    10.120039391,633783,,br_misp_retired.all_branches,78807867,100.00,,
    10.220238129,88567337,,inst_retired.any,78060322,100.00,140.7,IpMispredict
    10.220238129,623708,,br_misp_retired.all_branches,78060322,100.00,,
    10.320436234,88758673,,inst_retired.any,78071238,100.00,141.0,IpMispredict
    10.320436234,622074,,br_misp_retired.all_branches,78071238,100.00,,
    10.420637384,89602194,,inst_retired.any,78874816,100.00,142.3,IpMispredict
    10.420637384,631629,,br_misp_retired.all_branches,78874816,100.00,,
    10.520834529,88807354,,inst_retired.any,78220478,100.00,141.1,IpMispredict
    10.520834529,627603,,br_misp_retired.all_branches,78220478,100.00,,
    10.621031794,89612490,,inst_retired.any,79242429,100.00,142.3,IpMispredict
    10.621031794,632085,,br_misp_retired.all_branches,79242429,100.00,,
    10.721228852,89480360,,inst_retired.any,78871467,100.00,142.1,IpMispredict
    10.721228852,629902,,br_misp_retired.all_branches,78871467,100.00,,
    10.821426446,88429158,,inst_retired.any,78230149,100.00,140.5,IpMispredict
    10.821426446,624023,,br_misp_retired.all_branches,78230149,100.00,,
    10.921624379,89239876,,inst_retired.any,78454838,100.00,141.8,IpMispredict
    10.921624379,628177,,br_misp_retired.all_branches,78454838,100.00,,
    11.021839426,89088879,,inst_retired.any,78608821,100.00,141.5,IpMispredict
    11.021839426,629772,,br_misp_retired.all_branches,78608821,100.00,,
