# started on Tue May  2 15:55:17 2023

     0.100149385,3301581,,offcore_response.all_requests.llc_hit.any_response,43753112,100.00,,
     0.100149385,441,,offcore_response.all_requests.llc_miss.any_response,43767719,100.00,,
     0.200342946,3256321,,offcore_response.all_requests.llc_hit.any_response,43324803,100.00,,
     0.200342946,517,,offcore_response.all_requests.llc_miss.any_response,43310196,100.00,,
     0.300533515,3215698,,offcore_response.all_requests.llc_hit.any_response,43133069,100.00,,
     0.300533515,337,,offcore_response.all_requests.llc_miss.any_response,43133069,100.00,,
     0.400723384,3268129,,offcore_response.all_requests.llc_hit.any_response,44492934,100.00,,
     0.400723384,458,,offcore_response.all_requests.llc_miss.any_response,44514424,100.00,,
     0.500916292,3346600,,offcore_response.all_requests.llc_hit.any_response,43076937,100.00,,
     0.500916292,360,,offcore_response.all_requests.llc_miss.any_response,43076904,100.00,,
     0.601107944,3190917,,offcore_response.all_requests.llc_hit.any_response,42717734,100.00,,
     0.601107944,369,,offcore_response.all_requests.llc_miss.any_response,42696277,100.00,,
     0.701296182,3266969,,offcore_response.all_requests.llc_hit.any_response,43765252,100.00,,
     0.701296182,434,,offcore_response.all_requests.llc_miss.any_response,43765252,100.00,,
     0.801485653,3239421,,offcore_response.all_requests.llc_hit.any_response,42970844,100.00,,
     0.801485653,316,,offcore_response.all_requests.llc_miss.any_response,42984651,100.00,,
     0.901676787,3226311,,offcore_response.all_requests.llc_hit.any_response,42687869,100.00,,
     0.901676787,255,,offcore_response.all_requests.llc_miss.any_response,42674062,100.00,,
     1.001865171,3268926,,offcore_response.all_requests.llc_hit.any_response,43984978,100.00,,
     1.001865171,380,,offcore_response.all_requests.llc_miss.any_response,44005929,100.00,,
     1.102058648,3276783,,offcore_response.all_requests.llc_hit.any_response,43815086,100.00,,
     1.102058648,370,,offcore_response.all_requests.llc_miss.any_response,43794135,100.00,,
     1.202243953,3235146,,offcore_response.all_requests.llc_hit.any_response,43288248,100.00,,
     1.202243953,278,,offcore_response.all_requests.llc_miss.any_response,43309452,100.00,,
     1.302438445,3306157,,offcore_response.all_requests.llc_hit.any_response,43687559,100.00,,
     1.302438445,444,,offcore_response.all_requests.llc_miss.any_response,43687724,100.00,,
     1.402633284,3260229,,offcore_response.all_requests.llc_hit.any_response,43514906,100.00,,
     1.402633284,329,,offcore_response.all_requests.llc_miss.any_response,43493537,100.00,,
     1.502827957,3229360,,offcore_response.all_requests.llc_hit.any_response,42527688,100.00,,
     1.502827957,554,,offcore_response.all_requests.llc_miss.any_response,42527688,100.00,,
     1.603018607,3262931,,offcore_response.all_requests.llc_hit.any_response,43349937,100.00,,
     1.603018607,192,,offcore_response.all_requests.llc_miss.any_response,43371474,100.00,,
     1.703216473,3278134,,offcore_response.all_requests.llc_hit.any_response,43679641,100.00,,
     1.703216473,381,,offcore_response.all_requests.llc_miss.any_response,43658104,100.00,,
     1.803404251,3292468,,offcore_response.all_requests.llc_hit.any_response,42013700,100.00,,
     1.803404251,253,,offcore_response.all_requests.llc_miss.any_response,42013700,100.00,,
     1.903599405,3265603,,offcore_response.all_requests.llc_hit.any_response,43812555,100.00,,
     1.903599405,415,,offcore_response.all_requests.llc_miss.any_response,43834020,100.00,,
     2.003809071,3257366,,offcore_response.all_requests.llc_hit.any_response,44024395,100.00,,
     2.003809071,393,,offcore_response.all_requests.llc_miss.any_response,44002930,100.00,,
     2.103997443,3220049,,offcore_response.all_requests.llc_hit.any_response,42172336,100.00,,
     2.103997443,347,,offcore_response.all_requests.llc_miss.any_response,42193507,100.00,,
     2.204189970,3268505,,offcore_response.all_requests.llc_hit.any_response,43315439,100.00,,
     2.204189970,293,,offcore_response.all_requests.llc_miss.any_response,43315895,100.00,,
     2.304402716,3294218,,offcore_response.all_requests.llc_hit.any_response,43894255,100.00,,
     2.304402716,367,,offcore_response.all_requests.llc_miss.any_response,43872628,100.00,,
     2.404590489,3264320,,offcore_response.all_requests.llc_hit.any_response,42874107,100.00,,
     2.404590489,268,,offcore_response.all_requests.llc_miss.any_response,42895077,100.00,,
     2.504784713,3316367,,offcore_response.all_requests.llc_hit.any_response,44639641,100.00,,
     2.504784713,561,,offcore_response.all_requests.llc_miss.any_response,44640058,100.00,,
     2.604978117,3241805,,offcore_response.all_requests.llc_hit.any_response,42701695,100.00,,
     2.604978117,299,,offcore_response.all_requests.llc_miss.any_response,42701371,100.00,,
     2.705170888,3303047,,offcore_response.all_requests.llc_hit.any_response,44443773,100.00,,
     2.705170888,339,,offcore_response.all_requests.llc_miss.any_response,44444059,100.00,,
     2.805367325,3236197,,offcore_response.all_requests.llc_hit.any_response,43312767,100.00,,
     2.805367325,411,,offcore_response.all_requests.llc_miss.any_response,43312484,100.00,,
     2.905563204,3296190,,offcore_response.all_requests.llc_hit.any_response,43866578,100.00,,
     2.905563204,333,,offcore_response.all_requests.llc_miss.any_response,43852845,100.00,,
     3.005755775,3260973,,offcore_response.all_requests.llc_hit.any_response,43128098,100.00,,
     3.005755775,362,,offcore_response.all_requests.llc_miss.any_response,43120765,100.00,,
     3.105943898,3224878,,offcore_response.all_requests.llc_hit.any_response,42697765,100.00,,
     3.105943898,261,,offcore_response.all_requests.llc_miss.any_response,42718919,100.00,,
     3.206137600,3348027,,offcore_response.all_requests.llc_hit.any_response,44400656,100.00,,
     3.206137600,265,,offcore_response.all_requests.llc_miss.any_response,44379502,100.00,,
     3.306334180,3302268,,offcore_response.all_requests.llc_hit.any_response,43958204,100.00,,
     3.306334180,461,,offcore_response.all_requests.llc_miss.any_response,43958204,100.00,,
     3.406522929,3243275,,offcore_response.all_requests.llc_hit.any_response,43124381,100.00,,
     3.406522929,374,,offcore_response.all_requests.llc_miss.any_response,43124381,100.00,,
     3.506711183,3305473,,offcore_response.all_requests.llc_hit.any_response,43770410,100.00,,
     3.506711183,420,,offcore_response.all_requests.llc_miss.any_response,43791624,100.00,,
     3.606903854,3271015,,offcore_response.all_requests.llc_hit.any_response,43453492,100.00,,
     3.606903854,274,,offcore_response.all_requests.llc_miss.any_response,43432278,100.00,,
     3.707099911,3267477,,offcore_response.all_requests.llc_hit.any_response,43963740,100.00,,
     3.707099911,349,,offcore_response.all_requests.llc_miss.any_response,43963740,100.00,,
     3.807288689,3242490,,offcore_response.all_requests.llc_hit.any_response,42464585,100.00,,
     3.807288689,350,,offcore_response.all_requests.llc_miss.any_response,42464585,100.00,,
     3.907480990,3258147,,offcore_response.all_requests.llc_hit.any_response,42593820,100.00,,
     3.907480990,313,,offcore_response.all_requests.llc_miss.any_response,42599013,100.00,,
     4.007671340,3314034,,offcore_response.all_requests.llc_hit.any_response,44436950,100.00,,
     4.007671340,660,,offcore_response.all_requests.llc_miss.any_response,44453454,100.00,,
     4.107892663,3300997,,offcore_response.all_requests.llc_hit.any_response,43834580,100.00,,
     4.107892663,333,,offcore_response.all_requests.llc_miss.any_response,43812883,100.00,,
     4.208085071,3236678,,offcore_response.all_requests.llc_hit.any_response,43607542,100.00,,
     4.208085071,324,,offcore_response.all_requests.llc_miss.any_response,43622208,100.00,,
     4.308275670,3324860,,offcore_response.all_requests.llc_hit.any_response,44218422,100.00,,
     4.308275670,308,,offcore_response.all_requests.llc_miss.any_response,44203756,100.00,,
     4.408465198,3223885,,offcore_response.all_requests.llc_hit.any_response,43793659,100.00,,
     4.408465198,418,,offcore_response.all_requests.llc_miss.any_response,43818352,100.00,,
     4.508685915,3288322,,offcore_response.all_requests.llc_hit.any_response,44009627,100.00,,
     4.508685915,346,,offcore_response.all_requests.llc_miss.any_response,43984934,100.00,,
     4.608876634,3250522,,offcore_response.all_requests.llc_hit.any_response,43069838,100.00,,
     4.608876634,359,,offcore_response.all_requests.llc_miss.any_response,43069838,100.00,,
     4.709067642,3290739,,offcore_response.all_requests.llc_hit.any_response,43814349,100.00,,
     4.709067642,305,,offcore_response.all_requests.llc_miss.any_response,43814349,100.00,,
     4.809254473,3307287,,offcore_response.all_requests.llc_hit.any_response,44229885,100.00,,
     4.809254473,432,,offcore_response.all_requests.llc_miss.any_response,44229885,100.00,,
     4.909453396,3297456,,offcore_response.all_requests.llc_hit.any_response,44440578,100.00,,
     4.909453396,429,,offcore_response.all_requests.llc_miss.any_response,44461804,100.00,,
     5.009647524,3295418,,offcore_response.all_requests.llc_hit.any_response,41565178,100.00,,
     5.009647524,320,,offcore_response.all_requests.llc_miss.any_response,41543952,100.00,,
     5.109835835,3207990,,offcore_response.all_requests.llc_hit.any_response,43377508,100.00,,
     5.109835835,343,,offcore_response.all_requests.llc_miss.any_response,43398722,100.00,,
     5.210028693,3239692,,offcore_response.all_requests.llc_hit.any_response,43812253,100.00,,
     5.210028693,286,,offcore_response.all_requests.llc_miss.any_response,43811960,100.00,,
     5.310225474,3278746,,offcore_response.all_requests.llc_hit.any_response,43682934,100.00,,
     5.310225474,306,,offcore_response.all_requests.llc_miss.any_response,43676585,100.00,,
     5.410419656,3294285,,offcore_response.all_requests.llc_hit.any_response,43883226,100.00,,
     5.410419656,405,,offcore_response.all_requests.llc_miss.any_response,43868654,100.00,,
     5.510613345,3303563,,offcore_response.all_requests.llc_hit.any_response,44251596,100.00,,
     5.510613345,357,,offcore_response.all_requests.llc_miss.any_response,44251596,100.00,,
     5.610803422,3213137,,offcore_response.all_requests.llc_hit.any_response,42910085,100.00,,
     5.610803422,308,,offcore_response.all_requests.llc_miss.any_response,42910085,100.00,,
     5.710991472,3242065,,offcore_response.all_requests.llc_hit.any_response,42471174,100.00,,
     5.710991472,351,,offcore_response.all_requests.llc_miss.any_response,42492311,100.00,,
     5.811184027,3249790,,offcore_response.all_requests.llc_hit.any_response,43210392,100.00,,
     5.811184027,307,,offcore_response.all_requests.llc_miss.any_response,43197478,100.00,,
     5.911376757,3234206,,offcore_response.all_requests.llc_hit.any_response,43014934,100.00,,
     5.911376757,435,,offcore_response.all_requests.llc_miss.any_response,43028066,100.00,,
     6.011569469,3292450,,offcore_response.all_requests.llc_hit.any_response,43931696,100.00,,
     6.011569469,450,,offcore_response.all_requests.llc_miss.any_response,43910341,100.00,,
     6.111758302,3278886,,offcore_response.all_requests.llc_hit.any_response,43526615,100.00,,
     6.111758302,334,,offcore_response.all_requests.llc_miss.any_response,43526615,100.00,,
     6.211945504,3302470,,offcore_response.all_requests.llc_hit.any_response,44456925,100.00,,
     6.211945504,329,,offcore_response.all_requests.llc_miss.any_response,44456925,100.00,,
     6.312134012,3310203,,offcore_response.all_requests.llc_hit.any_response,44230823,100.00,,
     6.312134012,428,,offcore_response.all_requests.llc_miss.any_response,44252067,100.00,,
     6.412327779,3238511,,offcore_response.all_requests.llc_hit.any_response,42940884,100.00,,
     6.412327779,333,,offcore_response.all_requests.llc_miss.any_response,42940793,100.00,,
     6.512520240,3272386,,offcore_response.all_requests.llc_hit.any_response,44165415,100.00,,
     6.512520240,409,,offcore_response.all_requests.llc_miss.any_response,44144262,100.00,,
     6.612708284,3241187,,offcore_response.all_requests.llc_hit.any_response,43613899,100.00,,
     6.612708284,359,,offcore_response.all_requests.llc_miss.any_response,43613899,100.00,,
     6.712921557,3259797,,offcore_response.all_requests.llc_hit.any_response,43183119,100.00,,
     6.712921557,398,,offcore_response.all_requests.llc_miss.any_response,43183119,100.00,,
     6.813113039,3263948,,offcore_response.all_requests.llc_hit.any_response,44054817,100.00,,
     6.813113039,371,,offcore_response.all_requests.llc_miss.any_response,44076073,100.00,,
     6.913308533,3242807,,offcore_response.all_requests.llc_hit.any_response,43343039,100.00,,
     6.913308533,543,,offcore_response.all_requests.llc_miss.any_response,43321783,100.00,,
     7.013498187,3237236,,offcore_response.all_requests.llc_hit.any_response,43187124,100.00,,
     7.013498187,458,,offcore_response.all_requests.llc_miss.any_response,43187124,100.00,,
     7.113687053,3225935,,offcore_response.all_requests.llc_hit.any_response,43979424,100.00,,
     7.113687053,457,,offcore_response.all_requests.llc_miss.any_response,43998873,100.00,,
     7.213881909,3267213,,offcore_response.all_requests.llc_hit.any_response,42981264,100.00,,
     7.213881909,240,,offcore_response.all_requests.llc_miss.any_response,42983082,100.00,,
     7.314076121,3250328,,offcore_response.all_requests.llc_hit.any_response,42889658,100.00,,
     7.314076121,366,,offcore_response.all_requests.llc_miss.any_response,42889770,100.00,,
     7.414270791,3261667,,offcore_response.all_requests.llc_hit.any_response,43169393,100.00,,
     7.414270791,264,,offcore_response.all_requests.llc_miss.any_response,43148014,100.00,,
     7.514459268,3277873,,offcore_response.all_requests.llc_hit.any_response,44398988,100.00,,
     7.514459268,332,,offcore_response.all_requests.llc_miss.any_response,44420390,100.00,,
     7.614652271,3251656,,offcore_response.all_requests.llc_hit.any_response,43163732,100.00,,
     7.614652271,261,,offcore_response.all_requests.llc_miss.any_response,43163276,100.00,,
     7.714844464,3269835,,offcore_response.all_requests.llc_hit.any_response,43169250,100.00,,
     7.714844464,339,,offcore_response.all_requests.llc_miss.any_response,43148304,100.00,,
     7.815041309,3215911,,offcore_response.all_requests.llc_hit.any_response,43402284,100.00,,
     7.815041309,443,,offcore_response.all_requests.llc_miss.any_response,43402284,100.00,,
     7.915236124,3249727,,offcore_response.all_requests.llc_hit.any_response,43596582,100.00,,
     7.915236124,320,,offcore_response.all_requests.llc_miss.any_response,43596582,100.00,,
     8.015424766,3270840,,offcore_response.all_requests.llc_hit.any_response,43490852,100.00,,
     8.015424766,190,,offcore_response.all_requests.llc_miss.any_response,43511846,100.00,,
     8.115616980,3248063,,offcore_response.all_requests.llc_hit.any_response,43656403,100.00,,
     8.115616980,309,,offcore_response.all_requests.llc_miss.any_response,43635409,100.00,,
     8.215820349,3192575,,offcore_response.all_requests.llc_hit.any_response,42779325,100.00,,
     8.215820349,207,,offcore_response.all_requests.llc_miss.any_response,42800511,100.00,,
     8.316021795,3271838,,offcore_response.all_requests.llc_hit.any_response,43024754,100.00,,
     8.316021795,196,,offcore_response.all_requests.llc_miss.any_response,43024383,100.00,,
     8.416214148,3240962,,offcore_response.all_requests.llc_hit.any_response,43587035,100.00,,
     8.416214148,384,,offcore_response.all_requests.llc_miss.any_response,43566220,100.00,,
     8.516402804,3297712,,offcore_response.all_requests.llc_hit.any_response,43652287,100.00,,
     8.516402804,385,,offcore_response.all_requests.llc_miss.any_response,43652287,100.00,,
     8.616592955,3241473,,offcore_response.all_requests.llc_hit.any_response,43041967,100.00,,
     8.616592955,242,,offcore_response.all_requests.llc_miss.any_response,43048945,100.00,,
     8.716789463,3250531,,offcore_response.all_requests.llc_hit.any_response,43573962,100.00,,
     8.716789463,481,,offcore_response.all_requests.llc_miss.any_response,43566984,100.00,,
     8.816978339,3261273,,offcore_response.all_requests.llc_hit.any_response,43663267,100.00,,
     8.816978339,278,,offcore_response.all_requests.llc_miss.any_response,43663267,100.00,,
     8.917185360,3227329,,offcore_response.all_requests.llc_hit.any_response,43344589,100.00,,
     8.917185360,429,,offcore_response.all_requests.llc_miss.any_response,43344589,100.00,,
     9.017372161,3232591,,offcore_response.all_requests.llc_hit.any_response,42683124,100.00,,
     9.017372161,657,,offcore_response.all_requests.llc_miss.any_response,42704213,100.00,,
     9.117565590,3224578,,offcore_response.all_requests.llc_hit.any_response,43022284,100.00,,
     9.117565590,424,,offcore_response.all_requests.llc_miss.any_response,43022489,100.00,,
     9.217759407,3221415,,offcore_response.all_requests.llc_hit.any_response,42850436,100.00,,
     9.217759407,277,,offcore_response.all_requests.llc_miss.any_response,42850326,100.00,,
     9.317951765,3268337,,offcore_response.all_requests.llc_hit.any_response,43506073,100.00,,
     9.317951765,339,,offcore_response.all_requests.llc_miss.any_response,43484889,100.00,,
     9.418146104,3260416,,offcore_response.all_requests.llc_hit.any_response,44223768,100.00,,
     9.418146104,400,,offcore_response.all_requests.llc_miss.any_response,44223768,100.00,,
     9.518337010,3263866,,offcore_response.all_requests.llc_hit.any_response,43142729,100.00,,
     9.518337010,362,,offcore_response.all_requests.llc_miss.any_response,43142729,100.00,,
     9.618528683,3221034,,offcore_response.all_requests.llc_hit.any_response,42798186,100.00,,
     9.618528683,463,,offcore_response.all_requests.llc_miss.any_response,42819221,100.00,,
     9.718723900,3283305,,offcore_response.all_requests.llc_hit.any_response,44373856,100.00,,
     9.718723900,304,,offcore_response.all_requests.llc_miss.any_response,44352821,100.00,,
     9.818920574,3276144,,offcore_response.all_requests.llc_hit.any_response,43750534,100.00,,
     9.818920574,431,,offcore_response.all_requests.llc_miss.any_response,43771801,100.00,,
     9.919114672,3304561,,offcore_response.all_requests.llc_hit.any_response,44943238,100.00,,
     9.919114672,351,,offcore_response.all_requests.llc_miss.any_response,44941012,100.00,,
    10.019314506,3270381,,offcore_response.all_requests.llc_hit.any_response,43551220,100.00,,
    10.019314506,472,,offcore_response.all_requests.llc_miss.any_response,43553611,100.00,,
    10.119515083,3238531,,offcore_response.all_requests.llc_hit.any_response,43254419,100.00,,
    10.119515083,394,,offcore_response.all_requests.llc_miss.any_response,43254739,100.00,,
    10.219707999,3257343,,offcore_response.all_requests.llc_hit.any_response,43144180,100.00,,
    10.219707999,436,,offcore_response.all_requests.llc_miss.any_response,43122428,100.00,,
    10.319861829,3294905,,offcore_response.all_requests.llc_hit.any_response,42871885,100.00,,
    10.319861829,429,,offcore_response.all_requests.llc_miss.any_response,42871885,100.00,,
    10.420033248,3280991,,offcore_response.all_requests.llc_hit.any_response,41761335,100.00,,
    10.420033248,393,,offcore_response.all_requests.llc_miss.any_response,41761335,100.00,,
    10.520219394,3204223,,offcore_response.all_requests.llc_hit.any_response,42973753,100.00,,
    10.520219394,325,,offcore_response.all_requests.llc_miss.any_response,42973753,100.00,,
    10.620387431,3240855,,offcore_response.all_requests.llc_hit.any_response,43303487,100.00,,
    10.620387431,398,,offcore_response.all_requests.llc_miss.any_response,43324388,100.00,,
    10.720577835,3271573,,offcore_response.all_requests.llc_hit.any_response,43172317,100.00,,
    10.720577835,411,,offcore_response.all_requests.llc_miss.any_response,43151416,100.00,,
    10.820765002,3202468,,offcore_response.all_requests.llc_hit.any_response,42813124,100.00,,
    10.820765002,243,,offcore_response.all_requests.llc_miss.any_response,42834446,100.00,,
    10.920956809,3299313,,offcore_response.all_requests.llc_hit.any_response,44155915,100.00,,
    10.920956809,442,,offcore_response.all_requests.llc_miss.any_response,44143734,100.00,,
    11.021145885,3227521,,offcore_response.all_requests.llc_hit.any_response,42722411,100.00,,
    11.021145885,494,,offcore_response.all_requests.llc_miss.any_response,42734311,100.00,,
