# started on Tue May  2 15:53:32 2023

     0.100152900,65029704,,inst_retired.any,54122634,100.00,143.2,IpMispredict
     0.100152900,454108,,br_misp_retired.all_branches,54122634,100.00,,
     0.200413302,65325510,,inst_retired.any,54189612,100.00,143.4,IpMispredict
     0.200413302,457004,,br_misp_retired.all_branches,54189612,100.00,,
     0.300604143,65355670,,inst_retired.any,54372010,100.00,143.8,IpMispredict
     0.300604143,452025,,br_misp_retired.all_branches,54372010,100.00,,
     0.400793992,64989118,,inst_retired.any,53824555,100.00,143.4,IpMispredict
     0.400793992,449435,,br_misp_retired.all_branches,53824555,100.00,,
     0.500981415,65050495,,inst_retired.any,53936813,100.00,143.7,IpMispredict
     0.500981415,450808,,br_misp_retired.all_branches,53936813,100.00,,
     0.601171297,65027002,,inst_retired.any,53877103,100.00,143.8,IpMispredict
     0.601171297,450321,,br_misp_retired.all_branches,53877103,100.00,,
     0.701360417,64970267,,inst_retired.any,54106641,100.00,143.6,IpMispredict
     0.701360417,453448,,br_misp_retired.all_branches,54106641,100.00,,
     0.801548520,8782239,,inst_retired.any,7245551,100.00,21.8,IpMispredict
     0.801548520,60520,,br_misp_retired.all_branches,7245551,100.00,,
     0.901736356,75989468,,inst_retired.any,66410420,100.00,181.0,IpMispredict
     0.901736356,550788,,br_misp_retired.all_branches,66410420,100.00,,
     1.001927668,100668503,,inst_retired.any,83059594,100.00,225.0,IpMispredict
     1.001927668,695377,,br_misp_retired.all_branches,83059594,100.00,,
     1.102114941,16077854,,inst_retired.any,13266497,100.00,38.6,IpMispredict
     1.102114941,111546,,br_misp_retired.all_branches,13266497,100.00,,
     1.202303827,74560373,,inst_retired.any,66347879,100.00,174.6,IpMispredict
     1.202303827,539392,,br_misp_retired.all_branches,66347879,100.00,,
     1.302496923,101311263,,inst_retired.any,83962914,100.00,226.1,IpMispredict
     1.302496923,701237,,br_misp_retired.all_branches,83962914,100.00,,
     1.402685647,10892660,,inst_retired.any,8992906,100.00,25.8,IpMispredict
     1.402685647,75394,,br_misp_retired.all_branches,8992906,100.00,,
     1.502874765,78373379,,inst_retired.any,69315558,100.00,181.7,IpMispredict
     1.502874765,566923,,br_misp_retired.all_branches,69315558,100.00,,
     1.603068038,101027684,,inst_retired.any,83339799,100.00,225.4,IpMispredict
     1.603068038,704453,,br_misp_retired.all_branches,83339799,100.00,,
     1.703258680,5124521,,inst_retired.any,4232213,100.00,12.1,IpMispredict
     1.703258680,35505,,br_misp_retired.all_branches,4232213,100.00,,
     1.803448798,<not counted>,,inst_retired.any,0,100.00,,
     1.803448798,<not counted>,,br_misp_retired.all_branches,0,100.00,,
     1.903624774,81378479,,inst_retired.any,71469284,100.00,198.2,IpMispredict
     1.903624774,592267,,br_misp_retired.all_branches,71469284,100.00,,
     2.003818024,100981452,,inst_retired.any,83456497,100.00,237.5,IpMispredict
     2.003818024,702693,,br_misp_retired.all_branches,83456497,100.00,,
     2.104008792,99857566,,inst_retired.any,82714194,100.00,227.9,IpMispredict
     2.104008792,699695,,br_misp_retired.all_branches,82714194,100.00,,
     2.204197262,<not counted>,,inst_retired.any,0,100.00,,
     2.204197262,<not counted>,,br_misp_retired.all_branches,0,100.00,,
     2.304372351,81082642,,inst_retired.any,71525876,100.00,190.7,IpMispredict
     2.304372351,576073,,br_misp_retired.all_branches,71525876,100.00,,
     2.404565994,99769859,,inst_retired.any,82439855,100.00,228.7,IpMispredict
     2.404565994,691721,,br_misp_retired.all_branches,82439855,100.00,,
     2.504758714,<not counted>,,inst_retired.any,0,100.00,,
     2.504758714,<not counted>,,br_misp_retired.all_branches,0,100.00,,
     2.604933836,80782050,,inst_retired.any,71242570,100.00,189.9,IpMispredict
     2.604933836,586927,,br_misp_retired.all_branches,71242570,100.00,,
     2.705125045,100992641,,inst_retired.any,83596941,100.00,232.0,IpMispredict
     2.705125045,695382,,br_misp_retired.all_branches,83596941,100.00,,
     2.805313286,<not counted>,,inst_retired.any,0,100.00,,
     2.805313286,<not counted>,,br_misp_retired.all_branches,0,100.00,,
     2.905504179,<not counted>,,inst_retired.any,0,100.00,,
     2.905504179,<not counted>,,br_misp_retired.all_branches,0,100.00,,
     3.005677425,80421812,,inst_retired.any,71188765,100.00,195.6,IpMispredict
     3.005677425,583263,,br_misp_retired.all_branches,71188765,100.00,,
     3.105866643,100726275,,inst_retired.any,83422317,100.00,239.5,IpMispredict
     3.105866643,700101,,br_misp_retired.all_branches,83422317,100.00,,
     3.206059843,96415580,,inst_retired.any,81101744,100.00,225.1,IpMispredict
     3.206059843,667440,,br_misp_retired.all_branches,81101744,100.00,,
     3.306248000,<not counted>,,inst_retired.any,0,100.00,,
     3.306248000,<not counted>,,br_misp_retired.all_branches,0,100.00,,
     3.406421484,80547980,,inst_retired.any,70933355,100.00,191.7,IpMispredict
     3.406421484,581225,,br_misp_retired.all_branches,70933355,100.00,,
     3.506613227,100186706,,inst_retired.any,82786780,100.00,234.1,IpMispredict
     3.506613227,693292,,br_misp_retired.all_branches,82786780,100.00,,
     3.606801241,<not counted>,,inst_retired.any,0,100.00,,
     3.606801241,<not counted>,,br_misp_retired.all_branches,0,100.00,,
     3.706974469,81227458,,inst_retired.any,71282707,100.00,193.1,IpMispredict
     3.706974469,583757,,br_misp_retired.all_branches,71282707,100.00,,
     3.807165398,101256993,,inst_retired.any,83755125,100.00,236.6,IpMispredict
     3.807165398,699326,,br_misp_retired.all_branches,83755125,100.00,,
     3.907358887,<not counted>,,inst_retired.any,0,100.00,,
     3.907358887,<not counted>,,br_misp_retired.all_branches,0,100.00,,
     4.007560234,<not counted>,,inst_retired.any,0,100.00,,
     4.007560234,<not counted>,,br_misp_retired.all_branches,0,100.00,,
     4.107733727,81007029,,inst_retired.any,71051926,100.00,197.1,IpMispredict
     4.107733727,590211,,br_misp_retired.all_branches,71051926,100.00,,
     4.207925460,101432897,,inst_retired.any,83741127,100.00,242.7,IpMispredict
     4.207925460,704437,,br_misp_retired.all_branches,83741127,100.00,,
     4.308118286,100711243,,inst_retired.any,83176997,100.00,237.3,IpMispredict
     4.308118286,695859,,br_misp_retired.all_branches,83176997,100.00,,
     4.408305719,<not counted>,,inst_retired.any,0,100.00,,
     4.408305719,<not counted>,,br_misp_retired.all_branches,0,100.00,,
     4.508477138,80318974,,inst_retired.any,70803368,100.00,191.8,IpMispredict
     4.508477138,589136,,br_misp_retired.all_branches,70803368,100.00,,
     4.608668547,97909336,,inst_retired.any,81086266,100.00,230.8,IpMispredict
     4.608668547,673278,,br_misp_retired.all_branches,81086266,100.00,,
     4.708859068,<not counted>,,inst_retired.any,0,100.00,,
     4.708859068,<not counted>,,br_misp_retired.all_branches,0,100.00,,
     4.809031316,81382918,,inst_retired.any,72271361,100.00,194.4,IpMispredict
     4.809031316,584200,,br_misp_retired.all_branches,72271361,100.00,,
     4.909228602,96377524,,inst_retired.any,79792677,100.00,227.3,IpMispredict
     4.909228602,673370,,br_misp_retired.all_branches,79792677,100.00,,
     5.009423271,<not counted>,,inst_retired.any,0,100.00,,
     5.009423271,<not counted>,,br_misp_retired.all_branches,0,100.00,,
     5.109596645,<not counted>,,inst_retired.any,0,100.00,,
     5.109596645,<not counted>,,br_misp_retired.all_branches,0,100.00,,
     5.209771338,82547777,,inst_retired.any,72760261,100.00,200.9,IpMispredict
     5.209771338,595806,,br_misp_retired.all_branches,72760261,100.00,,
     5.309962727,101230742,,inst_retired.any,83705403,100.00,243.1,IpMispredict
     5.309962727,698565,,br_misp_retired.all_branches,83705403,100.00,,
     5.410154096,97433369,,inst_retired.any,80378588,100.00,231.4,IpMispredict
     5.410154096,669427,,br_misp_retired.all_branches,80378588,100.00,,
     5.510342831,<not counted>,,inst_retired.any,0,100.00,,
     5.510342831,<not counted>,,br_misp_retired.all_branches,0,100.00,,
     5.610515945,82175377,,inst_retired.any,72646809,100.00,197.3,IpMispredict
     5.610515945,585459,,br_misp_retired.all_branches,72646809,100.00,,
     5.710732846,96311122,,inst_retired.any,79647551,100.00,228.9,IpMispredict
     5.710732846,665437,,br_misp_retired.all_branches,79647551,100.00,,
     5.810922939,<not counted>,,inst_retired.any,0,100.00,,
     5.810922939,<not counted>,,br_misp_retired.all_branches,0,100.00,,
     5.911096063,83177062,,inst_retired.any,73312355,100.00,199.5,IpMispredict
     5.911096063,606903,,br_misp_retired.all_branches,73312355,100.00,,
     6.011292573,96358642,,inst_retired.any,79661225,100.00,228.9,IpMispredict
     6.011292573,668889,,br_misp_retired.all_branches,79661225,100.00,,
     6.111484142,<not counted>,,inst_retired.any,0,100.00,,
     6.111484142,<not counted>,,br_misp_retired.all_branches,0,100.00,,
     6.211656660,<not counted>,,inst_retired.any,0,100.00,,
     6.211656660,<not counted>,,br_misp_retired.all_branches,0,100.00,,
     6.311830974,83466748,,inst_retired.any,74021252,100.00,203.3,IpMispredict
     6.311830974,600701,,br_misp_retired.all_branches,74021252,100.00,,
     6.412024060,100990264,,inst_retired.any,83587734,100.00,243.3,IpMispredict
     6.412024060,702558,,br_misp_retired.all_branches,83587734,100.00,,
     6.512216725,96182295,,inst_retired.any,79496434,100.00,229.6,IpMispredict
     6.512216725,666482,,br_misp_retired.all_branches,79496434,100.00,,
     6.612406297,<not counted>,,inst_retired.any,0,100.00,,
     6.612406297,<not counted>,,br_misp_retired.all_branches,0,100.00,,
     6.712579813,84128197,,inst_retired.any,74036680,100.00,202.5,IpMispredict
     6.712579813,609127,,br_misp_retired.all_branches,74036680,100.00,,
     6.812772223,96407609,,inst_retired.any,80231927,100.00,229.9,IpMispredict
     6.812772223,674438,,br_misp_retired.all_branches,80231927,100.00,,
     6.912962532,<not counted>,,inst_retired.any,0,100.00,,
     6.912962532,<not counted>,,br_misp_retired.all_branches,0,100.00,,
     7.013135436,83535288,,inst_retired.any,74364415,100.00,200.8,IpMispredict
     7.013135436,606492,,br_misp_retired.all_branches,74364415,100.00,,
     7.113326207,97774116,,inst_retired.any,80959153,100.00,233.0,IpMispredict
     7.113326207,674412,,br_misp_retired.all_branches,80959153,100.00,,
     7.213515435,<not counted>,,inst_retired.any,0,100.00,,
     7.213515435,<not counted>,,br_misp_retired.all_branches,0,100.00,,
     7.313687721,<not counted>,,inst_retired.any,0,100.00,,
     7.313687721,<not counted>,,br_misp_retired.all_branches,0,100.00,,
     7.413860701,82673295,,inst_retired.any,73627804,100.00,201.2,IpMispredict
     7.413860701,612089,,br_misp_retired.all_branches,73627804,100.00,,
     7.514052116,101090628,,inst_retired.any,83469836,100.00,243.7,IpMispredict
     7.514052116,702065,,br_misp_retired.all_branches,83469836,100.00,,
     7.614240435,96383987,,inst_retired.any,79805914,100.00,230.5,IpMispredict
     7.614240435,666593,,br_misp_retired.all_branches,79805914,100.00,,
     7.714431492,<not counted>,,inst_retired.any,0,100.00,,
     7.714431492,<not counted>,,br_misp_retired.all_branches,0,100.00,,
     7.814606062,82484023,,inst_retired.any,73923963,100.00,198.7,IpMispredict
     7.814606062,594294,,br_misp_retired.all_branches,73923963,100.00,,
     7.914798299,96588398,,inst_retired.any,79854171,100.00,230.9,IpMispredict
     7.914798299,668461,,br_misp_retired.all_branches,79854171,100.00,,
     8.014986106,<not counted>,,inst_retired.any,0,100.00,,
     8.014986106,<not counted>,,br_misp_retired.all_branches,0,100.00,,
     8.115163393,82894122,,inst_retired.any,73657607,100.00,199.6,IpMispredict
     8.115163393,600543,,br_misp_retired.all_branches,73657607,100.00,,
     8.215358737,96792541,,inst_retired.any,79999051,100.00,231.3,IpMispredict
     8.215358737,671242,,br_misp_retired.all_branches,79999051,100.00,,
     8.315580937,<not counted>,,inst_retired.any,0,100.00,,
     8.315580937,<not counted>,,br_misp_retired.all_branches,0,100.00,,
     8.415752302,<not counted>,,inst_retired.any,0,100.00,,
     8.415752302,<not counted>,,br_misp_retired.all_branches,0,100.00,,
     8.515926379,84597775,,inst_retired.any,74360417,100.00,206.0,IpMispredict
     8.515926379,603368,,br_misp_retired.all_branches,74360417,100.00,,
     8.616136792,100560621,,inst_retired.any,83171631,100.00,242.9,IpMispredict
     8.616136792,692328,,br_misp_retired.all_branches,83171631,100.00,,
     8.716329040,94006806,,inst_retired.any,77942774,100.00,225.6,IpMispredict
     8.716329040,650422,,br_misp_retired.all_branches,77942774,100.00,,
     8.816518653,<not counted>,,inst_retired.any,0,100.00,,
     8.816518653,<not counted>,,br_misp_retired.all_branches,0,100.00,,
     8.916691815,84404214,,inst_retired.any,74464512,100.00,203.8,IpMispredict
     8.916691815,610019,,br_misp_retired.all_branches,74464512,100.00,,
     9.016884590,94834057,,inst_retired.any,78507350,100.00,227.4,IpMispredict
     9.016884590,657719,,br_misp_retired.all_branches,78507350,100.00,,
     9.117075388,<not counted>,,inst_retired.any,0,100.00,,
     9.117075388,<not counted>,,br_misp_retired.all_branches,0,100.00,,
     9.217250072,84863352,,inst_retired.any,74725506,100.00,204.7,IpMispredict
     9.217250072,610754,,br_misp_retired.all_branches,74725506,100.00,,
     9.317440352,95022936,,inst_retired.any,78593471,100.00,227.8,IpMispredict
     9.317440352,659721,,br_misp_retired.all_branches,78593471,100.00,,
     9.417631887,<not counted>,,inst_retired.any,0,100.00,,
     9.417631887,<not counted>,,br_misp_retired.all_branches,0,100.00,,
     9.517810778,<not counted>,,inst_retired.any,0,100.00,,
     9.517810778,<not counted>,,br_misp_retired.all_branches,0,100.00,,
     9.617985160,83743565,,inst_retired.any,75511602,100.00,204.0,IpMispredict
     9.617985160,605574,,br_misp_retired.all_branches,75511602,100.00,,
     9.718178818,101648424,,inst_retired.any,83881618,100.00,245.8,IpMispredict
     9.718178818,703770,,br_misp_retired.all_branches,83881618,100.00,,
     9.818369058,93725564,,inst_retired.any,77558103,100.00,225.4,IpMispredict
     9.818369058,649062,,br_misp_retired.all_branches,77558103,100.00,,
     9.918555755,<not counted>,,inst_retired.any,0,100.00,,
     9.918555755,<not counted>,,br_misp_retired.all_branches,0,100.00,,
    10.018733069,86149842,,inst_retired.any,75753266,100.00,208.2,IpMispredict
    10.018733069,631592,,br_misp_retired.all_branches,75753266,100.00,,
    10.118931039,94145747,,inst_retired.any,77782111,100.00,226.2,IpMispredict
    10.118931039,651888,,br_misp_retired.all_branches,77782111,100.00,,
    10.219119392,<not counted>,,inst_retired.any,0,100.00,,
    10.219119392,<not counted>,,br_misp_retired.all_branches,0,100.00,,
    10.319296861,85668080,,inst_retired.any,75423985,100.00,206.8,IpMispredict
    10.319296861,629244,,br_misp_retired.all_branches,75423985,100.00,,
    10.419494778,95027605,,inst_retired.any,78568346,100.00,228.1,IpMispredict
    10.419494778,663933,,br_misp_retired.all_branches,78568346,100.00,,
    10.519686175,<not counted>,,inst_retired.any,0,100.00,,
    10.519686175,<not counted>,,br_misp_retired.all_branches,0,100.00,,
    10.619858299,<not counted>,,inst_retired.any,0,100.00,,
    10.619858299,<not counted>,,br_misp_retired.all_branches,0,100.00,,
    10.720034208,86412846,,inst_retired.any,75840763,100.00,210.4,IpMispredict
    10.720034208,612697,,br_misp_retired.all_branches,75840763,100.00,,
    10.820226265,100788614,,inst_retired.any,83302292,100.00,243.8,IpMispredict
    10.820226265,694927,,br_misp_retired.all_branches,83302292,100.00,,
    10.920418359,94337123,,inst_retired.any,77802038,100.00,227.0,IpMispredict
    10.920418359,651104,,br_misp_retired.all_branches,77802038,100.00,,
    11.020608276,<not counted>,,inst_retired.any,0,100.00,,
    11.020608276,<not counted>,,br_misp_retired.all_branches,0,100.00,,
