# started on Tue May  2 15:53:05 2023

     0.100123928,2115488,,mem_load_uops_retired.l1_miss,80590503,100.00,21.7,L1MPKI
     0.100123928,97646199,,inst_retired.any,80590503,100.00,,
     0.200348323,2117491,,mem_load_uops_retired.l1_miss,81035870,100.00,21.7,L1MPKI
     0.200348323,97626364,,inst_retired.any,81035870,100.00,,
     0.300550717,2131802,,mem_load_uops_retired.l1_miss,81132516,100.00,21.8,L1MPKI
     0.300550717,98360096,,inst_retired.any,81132516,100.00,,
     0.400749908,2115874,,mem_load_uops_retired.l1_miss,80341567,100.00,21.6,L1MPKI
     0.400749908,97604218,,inst_retired.any,80341567,100.00,,
     0.500947853,410971,,mem_load_uops_retired.l1_miss,15616940,100.00,5.0,L1MPKI
     0.500947853,19028692,,inst_retired.any,15616940,100.00,,
     0.601142554,<not counted>,,mem_load_uops_retired.l1_miss,0,100.00,,
     0.601142554,<not counted>,,inst_retired.any,0,100.00,,
     0.701319890,<not counted>,,mem_load_uops_retired.l1_miss,0,100.00,,
     0.701319890,<not counted>,,inst_retired.any,0,100.00,,
     0.801495745,<not counted>,,mem_load_uops_retired.l1_miss,0,100.00,,
     0.801495745,<not counted>,,inst_retired.any,0,100.00,,
     0.901671851,1508383,,mem_load_uops_retired.l1_miss,61923565,100.00,28.3,L1MPKI
     0.901671851,69162780,,inst_retired.any,61923565,100.00,,
     1.001867133,2175503,,mem_load_uops_retired.l1_miss,83150995,100.00,37.5,L1MPKI
     1.001867133,100791719,,inst_retired.any,83150995,100.00,,
     1.102063229,2202786,,mem_load_uops_retired.l1_miss,83865276,100.00,35.5,L1MPKI
     1.102063229,102006427,,inst_retired.any,83865276,100.00,,
     1.202258611,2204004,,mem_load_uops_retired.l1_miss,83708063,100.00,33.7,L1MPKI
     1.202258611,101613977,,inst_retired.any,83708063,100.00,,
     1.302455811,2202163,,mem_load_uops_retired.l1_miss,83716683,100.00,32.3,L1MPKI
     1.302455811,101693117,,inst_retired.any,83716683,100.00,,
     1.402651514,2192230,,mem_load_uops_retired.l1_miss,83410081,100.00,31.1,L1MPKI
     1.402651514,101171890,,inst_retired.any,83410081,100.00,,
     1.502849638,2196716,,mem_load_uops_retired.l1_miss,83777979,100.00,30.3,L1MPKI
     1.502849638,101257440,,inst_retired.any,83777979,100.00,,
     1.603044726,33297,,mem_load_uops_retired.l1_miss,1306742,100.00,0.5,L1MPKI
     1.603044726,1566445,,inst_retired.any,1306742,100.00,,
     1.703236039,<not counted>,,mem_load_uops_retired.l1_miss,0,100.00,,
     1.703236039,<not counted>,,inst_retired.any,0,100.00,,
     1.803410774,<not counted>,,mem_load_uops_retired.l1_miss,0,100.00,,
     1.803410774,<not counted>,,inst_retired.any,0,100.00,,
     1.903583611,<not counted>,,mem_load_uops_retired.l1_miss,0,100.00,,
     1.903583611,<not counted>,,inst_retired.any,0,100.00,,
     2.003760308,1635833,,mem_load_uops_retired.l1_miss,67252470,100.00,28.1,L1MPKI
     2.003760308,76022637,,inst_retired.any,67252470,100.00,,
     2.103958035,2175365,,mem_load_uops_retired.l1_miss,83504381,100.00,36.1,L1MPKI
     2.103958035,101206563,,inst_retired.any,83504381,100.00,,
     2.204153998,2169254,,mem_load_uops_retired.l1_miss,83338907,100.00,34.9,L1MPKI
     2.204153998,100912784,,inst_retired.any,83338907,100.00,,
     2.304351418,2178044,,mem_load_uops_retired.l1_miss,83687347,100.00,34.1,L1MPKI
     2.304351418,101360238,,inst_retired.any,83687347,100.00,,
     2.404548771,2186209,,mem_load_uops_retired.l1_miss,83993265,100.00,33.4,L1MPKI
     2.404548771,101512438,,inst_retired.any,83993265,100.00,,
     2.504745286,2192246,,mem_load_uops_retired.l1_miss,84020535,100.00,32.8,L1MPKI
     2.504745286,101752047,,inst_retired.any,84020535,100.00,,
     2.604938205,1542199,,mem_load_uops_retired.l1_miss,58964504,100.00,23.0,L1MPKI
     2.604938205,71604597,,inst_retired.any,58964504,100.00,,
     2.705130871,<not counted>,,mem_load_uops_retired.l1_miss,0,100.00,,
     2.705130871,<not counted>,,inst_retired.any,0,100.00,,
     2.805306013,<not counted>,,mem_load_uops_retired.l1_miss,0,100.00,,
     2.805306013,<not counted>,,inst_retired.any,0,100.00,,
     2.905481665,<not counted>,,mem_load_uops_retired.l1_miss,0,100.00,,
     2.905481665,<not counted>,,inst_retired.any,0,100.00,,
     3.005679707,107858,,mem_load_uops_retired.l1_miss,8755259,100.00,1.9,L1MPKI
     3.005679707,4947732,,inst_retired.any,8755259,100.00,,
     3.105878487,2195677,,mem_load_uops_retired.l1_miss,83605522,100.00,36.8,L1MPKI
     3.105878487,101325815,,inst_retired.any,83605522,100.00,,
     3.206074997,2190915,,mem_load_uops_retired.l1_miss,83859179,100.00,35.9,L1MPKI
     3.206074997,101339877,,inst_retired.any,83859179,100.00,,
     3.306272584,2193240,,mem_load_uops_retired.l1_miss,83983888,100.00,35.3,L1MPKI
     3.306272584,101693978,,inst_retired.any,83983888,100.00,,
     3.406466760,2186872,,mem_load_uops_retired.l1_miss,83716163,100.00,34.5,L1MPKI
     3.406466760,101381271,,inst_retired.any,83716163,100.00,,
     3.506667003,2184703,,mem_load_uops_retired.l1_miss,83394996,100.00,33.9,L1MPKI
     3.506667003,101242791,,inst_retired.any,83394996,100.00,,
     3.606864076,2193063,,mem_load_uops_retired.l1_miss,83959661,100.00,33.5,L1MPKI
     3.606864076,101509101,,inst_retired.any,83959661,100.00,,
     3.707061344,983882,,mem_load_uops_retired.l1_miss,37487197,100.00,15.1,L1MPKI
     3.707061344,45566036,,inst_retired.any,37487197,100.00,,
     3.807252274,<not counted>,,mem_load_uops_retired.l1_miss,0,100.00,,
     3.807252274,<not counted>,,inst_retired.any,0,100.00,,
     3.907427332,<not counted>,,mem_load_uops_retired.l1_miss,0,100.00,,
     3.907427332,<not counted>,,inst_retired.any,0,100.00,,
     4.007602721,<not counted>,,mem_load_uops_retired.l1_miss,0,100.00,,
     4.007602721,<not counted>,,inst_retired.any,0,100.00,,
     4.107781309,628753,,mem_load_uops_retired.l1_miss,28622283,100.00,10.6,L1MPKI
     4.107781309,29067838,,inst_retired.any,28622283,100.00,,
     4.207978912,2177325,,mem_load_uops_retired.l1_miss,83801321,100.00,36.1,L1MPKI
     4.207978912,101083161,,inst_retired.any,83801321,100.00,,
     4.308175583,2182144,,mem_load_uops_retired.l1_miss,83588251,100.00,35.6,L1MPKI
     4.308175583,101454563,,inst_retired.any,83588251,100.00,,
     4.408373542,2178760,,mem_load_uops_retired.l1_miss,83533046,100.00,35.0,L1MPKI
     4.408373542,101053174,,inst_retired.any,83533046,100.00,,
     4.508571271,2180532,,mem_load_uops_retired.l1_miss,83449277,100.00,34.6,L1MPKI
     4.508571271,101331981,,inst_retired.any,83449277,100.00,,
     4.608768996,2181436,,mem_load_uops_retired.l1_miss,83619656,100.00,34.2,L1MPKI
     4.608768996,101458299,,inst_retired.any,83619656,100.00,,
     4.708963593,2175559,,mem_load_uops_retired.l1_miss,83629006,100.00,33.6,L1MPKI
     4.708963593,101273814,,inst_retired.any,83629006,100.00,,
     4.809161828,505206,,mem_load_uops_retired.l1_miss,19405216,100.00,7.9,L1MPKI
     4.809161828,23588085,,inst_retired.any,19405216,100.00,,
     4.909359675,<not counted>,,mem_load_uops_retired.l1_miss,0,100.00,,
     4.909359675,<not counted>,,inst_retired.any,0,100.00,,
     5.009538378,<not counted>,,mem_load_uops_retired.l1_miss,0,100.00,,
     5.009538378,<not counted>,,inst_retired.any,0,100.00,,
     5.109712323,<not counted>,,mem_load_uops_retired.l1_miss,0,100.00,,
     5.109712323,<not counted>,,inst_retired.any,0,100.00,,
     5.209891848,1101257,,mem_load_uops_retired.l1_miss,47123580,100.00,18.4,L1MPKI
     5.209891848,51401421,,inst_retired.any,47123580,100.00,,
     5.310092539,2183777,,mem_load_uops_retired.l1_miss,83673948,100.00,36.0,L1MPKI
     5.310092539,101618536,,inst_retired.any,83673948,100.00,,
     5.410287997,2164571,,mem_load_uops_retired.l1_miss,83256209,100.00,35.2,L1MPKI
     5.410287997,100617938,,inst_retired.any,83256209,100.00,,
     5.510488982,2181596,,mem_load_uops_retired.l1_miss,83821395,100.00,35.1,L1MPKI
     5.510488982,101449515,,inst_retired.any,83821395,100.00,,
     5.610686395,2175033,,mem_load_uops_retired.l1_miss,83749648,100.00,34.6,L1MPKI
     5.610686395,101233914,,inst_retired.any,83749648,100.00,,
     5.710884075,2194286,,mem_load_uops_retired.l1_miss,83860059,100.00,34.5,L1MPKI
     5.710884075,101789976,,inst_retired.any,83860059,100.00,,
     5.811078455,2189673,,mem_load_uops_retired.l1_miss,83950788,100.00,34.1,L1MPKI
     5.811078455,101414575,,inst_retired.any,83950788,100.00,,
     5.911296832,74477,,mem_load_uops_retired.l1_miss,2897831,100.00,1.2,L1MPKI
     5.911296832,3489787,,inst_retired.any,2897831,100.00,,
     6.011488106,<not counted>,,mem_load_uops_retired.l1_miss,0,100.00,,
     6.011488106,<not counted>,,inst_retired.any,0,100.00,,
     6.111663607,<not counted>,,mem_load_uops_retired.l1_miss,0,100.00,,
     6.111663607,<not counted>,,inst_retired.any,0,100.00,,
     6.211853096,<not counted>,,mem_load_uops_retired.l1_miss,0,100.00,,
     6.211853096,<not counted>,,inst_retired.any,0,100.00,,
     6.312030456,1603094,,mem_load_uops_retired.l1_miss,65494971,100.00,26.6,L1MPKI
     6.312030456,74424756,,inst_retired.any,65494971,100.00,,
     6.412226843,2176020,,mem_load_uops_retired.l1_miss,83690501,100.00,35.7,L1MPKI
     6.412226843,101101013,,inst_retired.any,83690501,100.00,,
     6.512423408,2182257,,mem_load_uops_retired.l1_miss,83331152,100.00,35.4,L1MPKI
     6.512423408,101326545,,inst_retired.any,83331152,100.00,,
     6.612620250,2173856,,mem_load_uops_retired.l1_miss,83465705,100.00,35.0,L1MPKI
     6.612620250,101097020,,inst_retired.any,83465705,100.00,,
     6.712815281,2180181,,mem_load_uops_retired.l1_miss,83538023,100.00,34.7,L1MPKI
     6.712815281,101332025,,inst_retired.any,83538023,100.00,,
     6.813011902,2179394,,mem_load_uops_retired.l1_miss,83615268,100.00,34.4,L1MPKI
     6.813011902,101165073,,inst_retired.any,83615268,100.00,,
     6.913207781,1647800,,mem_load_uops_retired.l1_miss,63144845,100.00,25.9,L1MPKI
     6.913207781,76623134,,inst_retired.any,63144845,100.00,,
     7.013397541,<not counted>,,mem_load_uops_retired.l1_miss,0,100.00,,
     7.013397541,<not counted>,,inst_retired.any,0,100.00,,
     7.113572582,<not counted>,,mem_load_uops_retired.l1_miss,0,100.00,,
     7.113572582,<not counted>,,inst_retired.any,0,100.00,,
     7.213744763,<not counted>,,mem_load_uops_retired.l1_miss,0,100.00,,
     7.213744763,<not counted>,,inst_retired.any,0,100.00,,
     7.313918601,64745,,mem_load_uops_retired.l1_miss,5543211,100.00,1.1,L1MPKI
     7.313918601,2988245,,inst_retired.any,5543211,100.00,,
     7.414117143,2145153,,mem_load_uops_retired.l1_miss,83602898,100.00,35.4,L1MPKI
     7.414117143,99268218,,inst_retired.any,83602898,100.00,,
     7.514315740,2197239,,mem_load_uops_retired.l1_miss,83655558,100.00,35.9,L1MPKI
     7.514315740,101833707,,inst_retired.any,83655558,100.00,,
     7.614515641,2196544,,mem_load_uops_retired.l1_miss,83853327,100.00,35.6,L1MPKI
     7.614515641,101910970,,inst_retired.any,83853327,100.00,,
     7.714712356,2199093,,mem_load_uops_retired.l1_miss,83632495,100.00,35.3,L1MPKI
     7.714712356,101781043,,inst_retired.any,83632495,100.00,,
     7.814911640,2195521,,mem_load_uops_retired.l1_miss,83676549,100.00,35.0,L1MPKI
     7.814911640,101713912,,inst_retired.any,83676549,100.00,,
     7.915108138,2192004,,mem_load_uops_retired.l1_miss,83774861,100.00,34.7,L1MPKI
     7.915108138,101673848,,inst_retired.any,83774861,100.00,,
     8.015301820,1154023,,mem_load_uops_retired.l1_miss,44065090,100.00,18.3,L1MPKI
     8.015301820,53635642,,inst_retired.any,44065090,100.00,,
     8.115496017,<not counted>,,mem_load_uops_retired.l1_miss,0,100.00,,
     8.115496017,<not counted>,,inst_retired.any,0,100.00,,
     8.215670163,<not counted>,,mem_load_uops_retired.l1_miss,0,100.00,,
     8.215670163,<not counted>,,inst_retired.any,0,100.00,,
     8.315869641,<not counted>,,mem_load_uops_retired.l1_miss,0,100.00,,
     8.315869641,<not counted>,,inst_retired.any,0,100.00,,
     8.416045487,487436,,mem_load_uops_retired.l1_miss,23210080,100.00,8.1,L1MPKI
     8.416045487,22394125,,inst_retired.any,23210080,100.00,,
     8.516240599,2215103,,mem_load_uops_retired.l1_miss,83872541,100.00,36.4,L1MPKI
     8.516240599,102340879,,inst_retired.any,83872541,100.00,,
     8.616436231,2198644,,mem_load_uops_retired.l1_miss,83656243,100.00,35.8,L1MPKI
     8.616436231,101935264,,inst_retired.any,83656243,100.00,,
     8.716653641,2188007,,mem_load_uops_retired.l1_miss,83580334,100.00,35.4,L1MPKI
     8.716653641,101548444,,inst_retired.any,83580334,100.00,,
     8.816850399,2194837,,mem_load_uops_retired.l1_miss,83825661,100.00,35.3,L1MPKI
     8.816850399,101798462,,inst_retired.any,83825661,100.00,,
     8.917046796,2185959,,mem_load_uops_retired.l1_miss,83740917,100.00,34.9,L1MPKI
     8.917046796,101471561,,inst_retired.any,83740917,100.00,,
     9.017242235,2199009,,mem_load_uops_retired.l1_miss,83751921,100.00,34.8,L1MPKI
     9.017242235,102013119,,inst_retired.any,83751921,100.00,,
     9.117436588,649141,,mem_load_uops_retired.l1_miss,24759314,100.00,10.3,L1MPKI
     9.117436588,30180544,,inst_retired.any,24759314,100.00,,
     9.217630033,<not counted>,,mem_load_uops_retired.l1_miss,0,100.00,,
     9.217630033,<not counted>,,inst_retired.any,0,100.00,,
     9.317805522,<not counted>,,mem_load_uops_retired.l1_miss,0,100.00,,
     9.317805522,<not counted>,,inst_retired.any,0,100.00,,
     9.417981164,<not counted>,,mem_load_uops_retired.l1_miss,0,100.00,,
     9.417981164,<not counted>,,inst_retired.any,0,100.00,,
     9.518157520,980351,,mem_load_uops_retired.l1_miss,42471085,100.00,16.2,L1MPKI
     9.518157520,45596197,,inst_retired.any,42471085,100.00,,
     9.618353922,2169859,,mem_load_uops_retired.l1_miss,83733403,100.00,35.6,L1MPKI
     9.618353922,101290077,,inst_retired.any,83733403,100.00,,
     9.718549517,2182260,,mem_load_uops_retired.l1_miss,83937689,100.00,35.5,L1MPKI
     9.718549517,101692205,,inst_retired.any,83937689,100.00,,
     9.818744251,2167890,,mem_load_uops_retired.l1_miss,83199650,100.00,35.1,L1MPKI
     9.818744251,100965926,,inst_retired.any,83199650,100.00,,
     9.918941650,2170248,,mem_load_uops_retired.l1_miss,83325461,100.00,34.9,L1MPKI
     9.918941650,101151926,,inst_retired.any,83325461,100.00,,
    10.019137313,2181667,,mem_load_uops_retired.l1_miss,83915871,100.00,34.8,L1MPKI
    10.019137313,102027562,,inst_retired.any,83915871,100.00,,
    10.119334767,2179411,,mem_load_uops_retired.l1_miss,83750591,100.00,34.6,L1MPKI
    10.119334767,101715855,,inst_retired.any,83750591,100.00,,
    10.219529760,95117,,mem_load_uops_retired.l1_miss,3669389,100.00,1.5,L1MPKI
    10.219529760,4476147,,inst_retired.any,3669389,100.00,,
    10.319727460,<not counted>,,mem_load_uops_retired.l1_miss,0,100.00,,
    10.319727460,<not counted>,,inst_retired.any,0,100.00,,
    10.419911208,<not counted>,,mem_load_uops_retired.l1_miss,0,100.00,,
    10.419911208,<not counted>,,inst_retired.any,0,100.00,,
    10.520086603,<not counted>,,mem_load_uops_retired.l1_miss,0,100.00,,
    10.520086603,<not counted>,,inst_retired.any,0,100.00,,
    10.620264049,1588262,,mem_load_uops_retired.l1_miss,65130947,100.00,26.1,L1MPKI
    10.620264049,73832527,,inst_retired.any,65130947,100.00,,
    10.720465966,2180187,,mem_load_uops_retired.l1_miss,83954504,100.00,35.6,L1MPKI
    10.720465966,101307300,,inst_retired.any,83954504,100.00,,
    10.820661653,2183194,,mem_load_uops_retired.l1_miss,83836400,100.00,35.5,L1MPKI
    10.820661653,101613053,,inst_retired.any,83836400,100.00,,
    10.920858914,2182417,,mem_load_uops_retired.l1_miss,83833956,100.00,35.2,L1MPKI
    10.920858914,101426177,,inst_retired.any,83833956,100.00,,
    11.021057053,2189833,,mem_load_uops_retired.l1_miss,83711894,100.00,35.2,L1MPKI
    11.021057053,101430741,,inst_retired.any,83711894,100.00,,
