# started on Tue May  2 15:55:44 2023

     0.100144484,9605508,,offcore_response.all_requests.llc_hit.any_response,81652484,100.00,,
     0.100144484,1179,,offcore_response.all_requests.llc_miss.any_response,81637209,100.00,,
     0.200322627,9549384,,offcore_response.all_requests.llc_hit.any_response,80918246,100.00,,
     0.200322627,1165,,offcore_response.all_requests.llc_miss.any_response,80927781,100.00,,
     0.300493663,9561709,,offcore_response.all_requests.llc_hit.any_response,81081151,100.00,,
     0.300493663,1026,,offcore_response.all_requests.llc_miss.any_response,81098161,100.00,,
     0.400700193,9475811,,offcore_response.all_requests.llc_hit.any_response,80258681,100.00,,
     0.400700193,983,,offcore_response.all_requests.llc_miss.any_response,80227595,100.00,,
     0.500889552,<not counted>,,offcore_response.all_requests.llc_hit.any_response,0,100.00,,
     0.500889552,<not counted>,,offcore_response.all_requests.llc_miss.any_response,0,100.00,,
     0.601075096,<not counted>,,offcore_response.all_requests.llc_hit.any_response,0,100.00,,
     0.601075096,<not counted>,,offcore_response.all_requests.llc_miss.any_response,0,100.00,,
     0.701260053,<not counted>,,offcore_response.all_requests.llc_hit.any_response,0,100.00,,
     0.701260053,<not counted>,,offcore_response.all_requests.llc_miss.any_response,0,100.00,,
     0.801443349,<not counted>,,offcore_response.all_requests.llc_hit.any_response,0,100.00,,
     0.801443349,<not counted>,,offcore_response.all_requests.llc_miss.any_response,0,100.00,,
     0.901629019,9218663,,offcore_response.all_requests.llc_hit.any_response,82411451,100.00,,
     0.901629019,679,,offcore_response.all_requests.llc_miss.any_response,82432848,100.00,,
     1.001826088,9896648,,offcore_response.all_requests.llc_hit.any_response,83422203,100.00,,
     1.001826088,843,,offcore_response.all_requests.llc_miss.any_response,83421624,100.00,,
     1.102021251,9914088,,offcore_response.all_requests.llc_hit.any_response,83541063,100.00,,
     1.102021251,749,,offcore_response.all_requests.llc_miss.any_response,83534805,100.00,,
     1.202216173,9920840,,offcore_response.all_requests.llc_hit.any_response,83834499,100.00,,
     1.202216173,767,,offcore_response.all_requests.llc_miss.any_response,83840871,100.00,,
     1.302410953,9879126,,offcore_response.all_requests.llc_hit.any_response,83605231,100.00,,
     1.302410953,750,,offcore_response.all_requests.llc_miss.any_response,83606015,100.00,,
     1.402606892,9949731,,offcore_response.all_requests.llc_hit.any_response,83763729,100.00,,
     1.402606892,904,,offcore_response.all_requests.llc_miss.any_response,83752429,100.00,,
     1.502799724,7898328,,offcore_response.all_requests.llc_hit.any_response,66572606,100.00,,
     1.502799724,799,,offcore_response.all_requests.llc_miss.any_response,66562190,100.00,,
     1.602986866,<not counted>,,offcore_response.all_requests.llc_hit.any_response,0,100.00,,
     1.602986866,<not counted>,,offcore_response.all_requests.llc_miss.any_response,0,100.00,,
     1.703172493,<not counted>,,offcore_response.all_requests.llc_hit.any_response,0,100.00,,
     1.703172493,<not counted>,,offcore_response.all_requests.llc_miss.any_response,0,100.00,,
     1.803358689,<not counted>,,offcore_response.all_requests.llc_hit.any_response,0,100.00,,
     1.803358689,<not counted>,,offcore_response.all_requests.llc_miss.any_response,0,100.00,,
     1.903545277,180695,,offcore_response.all_requests.llc_hit.any_response,3283174,100.00,,
     1.903545277,35,,offcore_response.all_requests.llc_miss.any_response,3305830,100.00,,
     2.003744536,9310234,,offcore_response.all_requests.llc_hit.any_response,83130516,100.00,,
     2.003744536,727,,offcore_response.all_requests.llc_miss.any_response,83128871,100.00,,
     2.103974457,9590481,,offcore_response.all_requests.llc_hit.any_response,83356565,100.00,,
     2.103974457,960,,offcore_response.all_requests.llc_miss.any_response,83356460,100.00,,
     2.204169810,9609522,,offcore_response.all_requests.llc_hit.any_response,83370250,100.00,,
     2.204169810,900,,offcore_response.all_requests.llc_miss.any_response,83355280,100.00,,
     2.304382345,9636118,,offcore_response.all_requests.llc_hit.any_response,83695386,100.00,,
     2.304382345,991,,offcore_response.all_requests.llc_miss.any_response,83711261,100.00,,
     2.404577010,9584072,,offcore_response.all_requests.llc_hit.any_response,83260727,100.00,,
     2.404577010,1169,,offcore_response.all_requests.llc_miss.any_response,83259818,100.00,,
     2.504771777,9628357,,offcore_response.all_requests.llc_hit.any_response,83686149,100.00,,
     2.504771777,756,,offcore_response.all_requests.llc_miss.any_response,83681809,100.00,,
     2.604966362,5060007,,offcore_response.all_requests.llc_hit.any_response,44022174,100.00,,
     2.604966362,408,,offcore_response.all_requests.llc_miss.any_response,44005612,100.00,,
     2.705156293,<not counted>,,offcore_response.all_requests.llc_hit.any_response,0,100.00,,
     2.705156293,<not counted>,,offcore_response.all_requests.llc_miss.any_response,0,100.00,,
     2.805339413,<not counted>,,offcore_response.all_requests.llc_hit.any_response,0,100.00,,
     2.805339413,<not counted>,,offcore_response.all_requests.llc_miss.any_response,0,100.00,,
     2.905523052,<not counted>,,offcore_response.all_requests.llc_hit.any_response,0,100.00,,
     2.905523052,<not counted>,,offcore_response.all_requests.llc_miss.any_response,0,100.00,,
     3.005709136,2270903,,offcore_response.all_requests.llc_hit.any_response,24471521,100.00,,
     3.005709136,203,,offcore_response.all_requests.llc_miss.any_response,24492979,100.00,,
     3.105904577,9661147,,offcore_response.all_requests.llc_hit.any_response,83815807,100.00,,
     3.105904577,788,,offcore_response.all_requests.llc_miss.any_response,83807299,100.00,,
     3.206098978,9592012,,offcore_response.all_requests.llc_hit.any_response,83256999,100.00,,
     3.206098978,794,,offcore_response.all_requests.llc_miss.any_response,83265047,100.00,,
     3.306294673,9635143,,offcore_response.all_requests.llc_hit.any_response,83582480,100.00,,
     3.306294673,926,,offcore_response.all_requests.llc_miss.any_response,83571754,100.00,,
     3.406491507,9623404,,offcore_response.all_requests.llc_hit.any_response,83472621,100.00,,
     3.406491507,865,,offcore_response.all_requests.llc_miss.any_response,83483447,100.00,,
     3.506687490,9641267,,offcore_response.all_requests.llc_hit.any_response,83801116,100.00,,
     3.506687490,753,,offcore_response.all_requests.llc_miss.any_response,83799396,100.00,,
     3.606884558,9662414,,offcore_response.all_requests.llc_hit.any_response,83786661,100.00,,
     3.606884558,700,,offcore_response.all_requests.llc_miss.any_response,83788227,100.00,,
     3.707076688,2443759,,offcore_response.all_requests.llc_hit.any_response,21286309,100.00,,
     3.707076688,287,,offcore_response.all_requests.llc_miss.any_response,21265365,100.00,,
     3.807267692,<not counted>,,offcore_response.all_requests.llc_hit.any_response,0,100.00,,
     3.807267692,<not counted>,,offcore_response.all_requests.llc_miss.any_response,0,100.00,,
     3.907453441,<not counted>,,offcore_response.all_requests.llc_hit.any_response,0,100.00,,
     3.907453441,<not counted>,,offcore_response.all_requests.llc_miss.any_response,0,100.00,,
     4.007638034,<not counted>,,offcore_response.all_requests.llc_hit.any_response,0,100.00,,
     4.007638034,<not counted>,,offcore_response.all_requests.llc_miss.any_response,0,100.00,,
     4.107825004,4929244,,offcore_response.all_requests.llc_hit.any_response,46864355,100.00,,
     4.107825004,372,,offcore_response.all_requests.llc_miss.any_response,46872743,100.00,,
     4.208019309,9883227,,offcore_response.all_requests.llc_hit.any_response,83442832,100.00,,
     4.208019309,744,,offcore_response.all_requests.llc_miss.any_response,83455256,100.00,,
     4.308219020,9902551,,offcore_response.all_requests.llc_hit.any_response,83652386,100.00,,
     4.308219020,977,,offcore_response.all_requests.llc_miss.any_response,83652601,100.00,,
     4.408418541,9889807,,offcore_response.all_requests.llc_hit.any_response,83698632,100.00,,
     4.408418541,754,,offcore_response.all_requests.llc_miss.any_response,83698638,100.00,,
     4.508634616,9845205,,offcore_response.all_requests.llc_hit.any_response,83459875,100.00,,
     4.508634616,744,,offcore_response.all_requests.llc_miss.any_response,83459709,100.00,,
     4.608832519,9927406,,offcore_response.all_requests.llc_hit.any_response,83820115,100.00,,
     4.608832519,806,,offcore_response.all_requests.llc_miss.any_response,83819725,100.00,,
     4.709029200,9875925,,offcore_response.all_requests.llc_hit.any_response,83690929,100.00,,
     4.709029200,825,,offcore_response.all_requests.llc_miss.any_response,83691581,100.00,,
     4.809223979,675609,,offcore_response.all_requests.llc_hit.any_response,5765453,100.00,,
     4.809223979,90,,offcore_response.all_requests.llc_miss.any_response,5744324,100.00,,
     4.909416617,<not counted>,,offcore_response.all_requests.llc_hit.any_response,0,100.00,,
     4.909416617,<not counted>,,offcore_response.all_requests.llc_miss.any_response,0,100.00,,
     5.009603594,<not counted>,,offcore_response.all_requests.llc_hit.any_response,0,100.00,,
     5.009603594,<not counted>,,offcore_response.all_requests.llc_miss.any_response,0,100.00,,
     5.109787684,<not counted>,,offcore_response.all_requests.llc_hit.any_response,0,100.00,,
     5.109787684,<not counted>,,offcore_response.all_requests.llc_miss.any_response,0,100.00,,
     5.209974318,6880294,,offcore_response.all_requests.llc_hit.any_response,62613396,100.00,,
     5.209974318,582,,offcore_response.all_requests.llc_miss.any_response,62635023,100.00,,
     5.310171583,9865921,,offcore_response.all_requests.llc_hit.any_response,83489544,100.00,,
     5.310171583,868,,offcore_response.all_requests.llc_miss.any_response,83488810,100.00,,
     5.410365687,9829009,,offcore_response.all_requests.llc_hit.any_response,83367568,100.00,,
     5.410365687,884,,offcore_response.all_requests.llc_miss.any_response,83367892,100.00,,
     5.510560366,9924328,,offcore_response.all_requests.llc_hit.any_response,83774002,100.00,,
     5.510560366,802,,offcore_response.all_requests.llc_miss.any_response,83772938,100.00,,
     5.610756937,9925347,,offcore_response.all_requests.llc_hit.any_response,83645683,100.00,,
     5.610756937,908,,offcore_response.all_requests.llc_miss.any_response,83640443,100.00,,
     5.710951088,9909001,,offcore_response.all_requests.llc_hit.any_response,83691280,100.00,,
     5.710951088,923,,offcore_response.all_requests.llc_miss.any_response,83697300,100.00,,
     5.811142857,7872348,,offcore_response.all_requests.llc_hit.any_response,66385768,100.00,,
     5.811142857,771,,offcore_response.all_requests.llc_miss.any_response,66364835,100.00,,
     5.911329318,<not counted>,,offcore_response.all_requests.llc_hit.any_response,0,100.00,,
     5.911329318,<not counted>,,offcore_response.all_requests.llc_miss.any_response,0,100.00,,
     6.011511704,<not counted>,,offcore_response.all_requests.llc_hit.any_response,0,100.00,,
     6.011511704,<not counted>,,offcore_response.all_requests.llc_miss.any_response,0,100.00,,
     6.111694871,<not counted>,,offcore_response.all_requests.llc_hit.any_response,0,100.00,,
     6.111694871,<not counted>,,offcore_response.all_requests.llc_miss.any_response,0,100.00,,
     6.211877408,142434,,offcore_response.all_requests.llc_hit.any_response,2569835,100.00,,
     6.211877408,57,,offcore_response.all_requests.llc_miss.any_response,2590412,100.00,,
     6.312079156,9388885,,offcore_response.all_requests.llc_hit.any_response,82782439,100.00,,
     6.312079156,767,,offcore_response.all_requests.llc_miss.any_response,82785350,100.00,,
     6.412276935,9804701,,offcore_response.all_requests.llc_hit.any_response,83423273,100.00,,
     6.412276935,6058,,offcore_response.all_requests.llc_miss.any_response,83420822,100.00,,
     6.512474221,9868686,,offcore_response.all_requests.llc_hit.any_response,83592622,100.00,,
     6.512474221,710,,offcore_response.all_requests.llc_miss.any_response,83592548,100.00,,
     6.612670620,9880572,,offcore_response.all_requests.llc_hit.any_response,83601411,100.00,,
     6.612670620,668,,offcore_response.all_requests.llc_miss.any_response,83601665,100.00,,
     6.712890508,9879629,,offcore_response.all_requests.llc_hit.any_response,83641478,100.00,,
     6.712890508,741,,offcore_response.all_requests.llc_miss.any_response,83641252,100.00,,
     6.813087135,9865648,,offcore_response.all_requests.llc_hit.any_response,83781937,100.00,,
     6.813087135,778,,offcore_response.all_requests.llc_miss.any_response,83781929,100.00,,
     6.913285961,5243098,,offcore_response.all_requests.llc_hit.any_response,44539112,100.00,,
     6.913285961,375,,offcore_response.all_requests.llc_miss.any_response,44518129,100.00,,
     7.013477626,<not counted>,,offcore_response.all_requests.llc_hit.any_response,0,100.00,,
     7.013477626,<not counted>,,offcore_response.all_requests.llc_miss.any_response,0,100.00,,
     7.113664202,<not counted>,,offcore_response.all_requests.llc_hit.any_response,0,100.00,,
     7.113664202,<not counted>,,offcore_response.all_requests.llc_miss.any_response,0,100.00,,
     7.213850428,<not counted>,,offcore_response.all_requests.llc_hit.any_response,0,100.00,,
     7.213850428,<not counted>,,offcore_response.all_requests.llc_miss.any_response,0,100.00,,
     7.314038744,2318070,,offcore_response.all_requests.llc_hit.any_response,24018217,100.00,,
     7.314038744,179,,offcore_response.all_requests.llc_miss.any_response,24039792,100.00,,
     7.414235551,9860248,,offcore_response.all_requests.llc_hit.any_response,83483815,100.00,,
     7.414235551,1076,,offcore_response.all_requests.llc_miss.any_response,83483134,100.00,,
     7.514432686,9894350,,offcore_response.all_requests.llc_hit.any_response,83625846,100.00,,
     7.514432686,834,,offcore_response.all_requests.llc_miss.any_response,83612782,100.00,,
     7.614627949,9921226,,offcore_response.all_requests.llc_hit.any_response,83528369,100.00,,
     7.614627949,731,,offcore_response.all_requests.llc_miss.any_response,83541473,100.00,,
     7.714824663,9884070,,offcore_response.all_requests.llc_hit.any_response,83794278,100.00,,
     7.714824663,721,,offcore_response.all_requests.llc_miss.any_response,83794400,100.00,,
     7.815025661,9894855,,offcore_response.all_requests.llc_hit.any_response,83813155,100.00,,
     7.815025661,870,,offcore_response.all_requests.llc_miss.any_response,83812964,100.00,,
     7.915222154,9861544,,offcore_response.all_requests.llc_hit.any_response,83754479,100.00,,
     7.915222154,904,,offcore_response.all_requests.llc_miss.any_response,83754575,100.00,,
     8.015417301,2978241,,offcore_response.all_requests.llc_hit.any_response,25219517,100.00,,
     8.015417301,350,,offcore_response.all_requests.llc_miss.any_response,25198556,100.00,,
     8.115607042,<not counted>,,offcore_response.all_requests.llc_hit.any_response,0,100.00,,
     8.115607042,<not counted>,,offcore_response.all_requests.llc_miss.any_response,0,100.00,,
     8.215789961,<not counted>,,offcore_response.all_requests.llc_hit.any_response,0,100.00,,
     8.215789961,<not counted>,,offcore_response.all_requests.llc_miss.any_response,0,100.00,,
     8.315989224,<not counted>,,offcore_response.all_requests.llc_hit.any_response,0,100.00,,
     8.315989224,<not counted>,,offcore_response.all_requests.llc_miss.any_response,0,100.00,,
     8.416175337,4400516,,offcore_response.all_requests.llc_hit.any_response,41376729,100.00,,
     8.416175337,381,,offcore_response.all_requests.llc_miss.any_response,41398259,100.00,,
     8.516371434,9898323,,offcore_response.all_requests.llc_hit.any_response,83579946,100.00,,
     8.516371434,840,,offcore_response.all_requests.llc_miss.any_response,83579153,100.00,,
     8.616566324,9885173,,offcore_response.all_requests.llc_hit.any_response,83423916,100.00,,
     8.616566324,708,,offcore_response.all_requests.llc_miss.any_response,83423967,100.00,,
     8.716761166,9915193,,offcore_response.all_requests.llc_hit.any_response,83905449,100.00,,
     8.716761166,845,,offcore_response.all_requests.llc_miss.any_response,83905662,100.00,,
     8.816955578,9903938,,offcore_response.all_requests.llc_hit.any_response,83823457,100.00,,
     8.816955578,771,,offcore_response.all_requests.llc_miss.any_response,83821736,100.00,,
     8.917171380,9839434,,offcore_response.all_requests.llc_hit.any_response,83567971,100.00,,
     8.917171380,748,,offcore_response.all_requests.llc_miss.any_response,83569775,100.00,,
     9.017368828,9855118,,offcore_response.all_requests.llc_hit.any_response,83506817,100.00,,
     9.017368828,796,,offcore_response.all_requests.llc_miss.any_response,83506812,100.00,,
     9.117562800,563795,,offcore_response.all_requests.llc_hit.any_response,4817462,100.00,,
     9.117562800,52,,offcore_response.all_requests.llc_miss.any_response,4796383,100.00,,
     9.217753380,<not counted>,,offcore_response.all_requests.llc_hit.any_response,0,100.00,,
     9.217753380,<not counted>,,offcore_response.all_requests.llc_miss.any_response,0,100.00,,
     9.317939821,<not counted>,,offcore_response.all_requests.llc_hit.any_response,0,100.00,,
     9.317939821,<not counted>,,offcore_response.all_requests.llc_miss.any_response,0,100.00,,
     9.418127433,<not counted>,,offcore_response.all_requests.llc_hit.any_response,0,100.00,,
     9.418127433,<not counted>,,offcore_response.all_requests.llc_miss.any_response,0,100.00,,
     9.518313377,7006650,,offcore_response.all_requests.llc_hit.any_response,63189454,100.00,,
     9.518313377,534,,offcore_response.all_requests.llc_miss.any_response,63211010,100.00,,
     9.618513172,9920452,,offcore_response.all_requests.llc_hit.any_response,83674873,100.00,,
     9.618513172,733,,offcore_response.all_requests.llc_miss.any_response,83674203,100.00,,
     9.718712120,9823722,,offcore_response.all_requests.llc_hit.any_response,83379922,100.00,,
     9.718712120,814,,offcore_response.all_requests.llc_miss.any_response,83380024,100.00,,
     9.818908908,9781143,,offcore_response.all_requests.llc_hit.any_response,83127012,100.00,,
     9.818908908,938,,offcore_response.all_requests.llc_miss.any_response,83114145,100.00,,
     9.919103911,9869105,,offcore_response.all_requests.llc_hit.any_response,83444388,100.00,,
     9.919103911,914,,offcore_response.all_requests.llc_miss.any_response,83457418,100.00,,
    10.019303555,9802343,,offcore_response.all_requests.llc_hit.any_response,83261238,100.00,,
    10.019303555,969,,offcore_response.all_requests.llc_miss.any_response,83261035,100.00,,
    10.119500749,8317823,,offcore_response.all_requests.llc_hit.any_response,70417514,100.00,,
    10.119500749,623,,offcore_response.all_requests.llc_miss.any_response,70396566,100.00,,
    10.219686385,<not counted>,,offcore_response.all_requests.llc_hit.any_response,0,100.00,,
    10.219686385,<not counted>,,offcore_response.all_requests.llc_miss.any_response,0,100.00,,
    10.319872343,<not counted>,,offcore_response.all_requests.llc_hit.any_response,0,100.00,,
    10.319872343,<not counted>,,offcore_response.all_requests.llc_miss.any_response,0,100.00,,
    10.420054908,<not counted>,,offcore_response.all_requests.llc_hit.any_response,0,100.00,,
    10.420054908,<not counted>,,offcore_response.all_requests.llc_miss.any_response,0,100.00,,
    10.520239979,<not counted>,,offcore_response.all_requests.llc_hit.any_response,0,100.00,,
    10.520239979,<not counted>,,offcore_response.all_requests.llc_miss.any_response,0,100.00,,
    10.620424975,8991913,,offcore_response.all_requests.llc_hit.any_response,80272603,100.00,,
    10.620424975,708,,offcore_response.all_requests.llc_miss.any_response,80294163,100.00,,
    10.720622283,9876388,,offcore_response.all_requests.llc_hit.any_response,83671349,100.00,,
    10.720622283,771,,offcore_response.all_requests.llc_miss.any_response,83656429,100.00,,
    10.820819145,9892829,,offcore_response.all_requests.llc_hit.any_response,83937266,100.00,,
    10.820819145,761,,offcore_response.all_requests.llc_miss.any_response,83951631,100.00,,
    10.921013854,9878256,,offcore_response.all_requests.llc_hit.any_response,83720987,100.00,,
    10.921013854,645,,offcore_response.all_requests.llc_miss.any_response,83720913,100.00,,
    11.021210518,9802674,,offcore_response.all_requests.llc_hit.any_response,83371732,100.00,,
    11.021210518,816,,offcore_response.all_requests.llc_miss.any_response,83371598,100.00,,
