# started on Mon May  1 19:50:09 2023

     0.100160237,32092327,,inst_retired.any,42969506,100.00,130.2,IpMispredict
     0.100160237,246461,,br_misp_retired.all_branches,42969506,100.00,,
     0.200409065,32085347,,inst_retired.any,42946138,100.00,124.9,IpMispredict
     0.200409065,267257,,br_misp_retired.all_branches,42946138,100.00,,
     0.300604956,31765569,,inst_retired.any,43840707,100.00,118.6,IpMispredict
     0.300604956,290056,,br_misp_retired.all_branches,43840707,100.00,,
     0.400801124,31712470,,inst_retired.any,43363295,100.00,122.8,IpMispredict
     0.400801124,229318,,br_misp_retired.all_branches,43363295,100.00,,
     0.500991553,32474724,,inst_retired.any,43861522,100.00,126.5,IpMispredict
     0.500991553,250611,,br_misp_retired.all_branches,43861522,100.00,,
     0.601183312,32408117,,inst_retired.any,43630669,100.00,126.1,IpMispredict
     0.601183312,258197,,br_misp_retired.all_branches,43630669,100.00,,
     0.701371612,31969891,,inst_retired.any,43720448,100.00,125.0,IpMispredict
     0.701371612,249123,,br_misp_retired.all_branches,43720448,100.00,,
     0.801566936,31955696,,inst_retired.any,42919109,100.00,125.8,IpMispredict
     0.801566936,241936,,br_misp_retired.all_branches,42919109,100.00,,
     0.901762550,32129927,,inst_retired.any,43504229,100.00,127.7,IpMispredict
     0.901762550,231148,,br_misp_retired.all_branches,43504229,100.00,,
     1.001962130,32194012,,inst_retired.any,44133260,100.00,126.9,IpMispredict
     1.001962130,272885,,br_misp_retired.all_branches,44133260,100.00,,
     1.102160186,31667194,,inst_retired.any,43497222,100.00,125.1,IpMispredict
     1.102160186,246742,,br_misp_retired.all_branches,43497222,100.00,,
     1.202356826,32043623,,inst_retired.any,43451530,100.00,126.7,IpMispredict
     1.202356826,252083,,br_misp_retired.all_branches,43451530,100.00,,
     1.302550536,31974467,,inst_retired.any,43493922,100.00,126.9,IpMispredict
     1.302550536,240012,,br_misp_retired.all_branches,43493922,100.00,,
     1.402729862,31956604,,inst_retired.any,42758242,100.00,127.7,IpMispredict
     1.402729862,228149,,br_misp_retired.all_branches,42758242,100.00,,
     1.502920564,31892265,,inst_retired.any,43715967,100.00,127.4,IpMispredict
     1.502920564,249569,,br_misp_retired.all_branches,43715967,100.00,,
     1.603118501,31863821,,inst_retired.any,43881284,100.00,126.8,IpMispredict
     1.603118501,268042,,br_misp_retired.all_branches,43881284,100.00,,
     1.703298345,32076783,,inst_retired.any,43272329,100.00,128.1,IpMispredict
     1.703298345,235456,,br_misp_retired.all_branches,43272329,100.00,,
     1.803495967,32215388,,inst_retired.any,43965565,100.00,128.6,IpMispredict
     1.803495967,251607,,br_misp_retired.all_branches,43965565,100.00,,
     1.903686439,31621625,,inst_retired.any,43258856,100.00,126.4,IpMispredict
     1.903686439,245138,,br_misp_retired.all_branches,43258856,100.00,,
     2.003882378,32073394,,inst_retired.any,42137153,100.00,128.6,IpMispredict
     2.003882378,233400,,br_misp_retired.all_branches,42137153,100.00,,
     2.104076803,31936179,,inst_retired.any,43444073,100.00,128.2,IpMispredict
     2.104076803,243738,,br_misp_retired.all_branches,43444073,100.00,,
     2.204265895,32068733,,inst_retired.any,42625900,100.00,129.2,IpMispredict
     2.204265895,228277,,br_misp_retired.all_branches,42625900,100.00,,
     2.304461064,31864560,,inst_retired.any,42751113,100.00,128.6,IpMispredict
     2.304461064,239973,,br_misp_retired.all_branches,42751113,100.00,,
     2.404655266,32139699,,inst_retired.any,43527431,100.00,129.4,IpMispredict
     2.404655266,260907,,br_misp_retired.all_branches,43527431,100.00,,
     2.504849155,31997102,,inst_retired.any,43956500,100.00,128.9,IpMispredict
     2.504849155,244668,,br_misp_retired.all_branches,43956500,100.00,,
     2.605044138,32071446,,inst_retired.any,43225560,100.00,129.1,IpMispredict
     2.605044138,252710,,br_misp_retired.all_branches,43225560,100.00,,
     2.705237974,32076160,,inst_retired.any,44039836,100.00,129.2,IpMispredict
     2.705237974,247228,,br_misp_retired.all_branches,44039836,100.00,,
     2.805451928,31914267,,inst_retired.any,43193780,100.00,128.3,IpMispredict
     2.805451928,259895,,br_misp_retired.all_branches,43193780,100.00,,
     2.905644455,31927381,,inst_retired.any,44150313,100.00,128.4,IpMispredict
     2.905644455,245561,,br_misp_retired.all_branches,44150313,100.00,,
     3.005833824,31997848,,inst_retired.any,42807960,100.00,128.6,IpMispredict
     3.005833824,253664,,br_misp_retired.all_branches,42807960,100.00,,
     3.106023735,31695505,,inst_retired.any,43230630,100.00,127.7,IpMispredict
     3.106023735,232802,,br_misp_retired.all_branches,43230630,100.00,,
     3.206215089,32124920,,inst_retired.any,43835411,100.00,129.6,IpMispredict
     3.206215089,237776,,br_misp_retired.all_branches,43835411,100.00,,
     3.306409684,31723635,,inst_retired.any,40293407,100.00,128.1,IpMispredict
     3.306409684,235058,,br_misp_retired.all_branches,40293407,100.00,,
     3.406590311,32101229,,inst_retired.any,44051394,100.00,129.9,IpMispredict
     3.406590311,230157,,br_misp_retired.all_branches,44051394,100.00,,
     3.506785116,32330582,,inst_retired.any,44132864,100.00,130.6,IpMispredict
     3.506785116,265124,,br_misp_retired.all_branches,44132864,100.00,,
     3.606974131,31697842,,inst_retired.any,41053826,100.00,128.3,IpMispredict
     3.606974131,232578,,br_misp_retired.all_branches,41053826,100.00,,
     3.707169024,32244368,,inst_retired.any,43905266,100.00,130.6,IpMispredict
     3.707169024,234634,,br_misp_retired.all_branches,43905266,100.00,,
     3.807359820,32094823,,inst_retired.any,43530199,100.00,129.8,IpMispredict
     3.807359820,261466,,br_misp_retired.all_branches,43530199,100.00,,
     3.907584709,31988395,,inst_retired.any,43160429,100.00,129.6,IpMispredict
     3.907584709,235275,,br_misp_retired.all_branches,43160429,100.00,,
     4.007775858,31855243,,inst_retired.any,43321994,100.00,129.3,IpMispredict
     4.007775858,227112,,br_misp_retired.all_branches,43321994,100.00,,
     4.107970855,31802393,,inst_retired.any,42827246,100.00,129.2,IpMispredict
     4.107970855,238766,,br_misp_retired.all_branches,42827246,100.00,,
     4.208164966,32118803,,inst_retired.any,43208919,100.00,130.6,IpMispredict
     4.208164966,236017,,br_misp_retired.all_branches,43208919,100.00,,
     4.308356420,32198286,,inst_retired.any,43164203,100.00,130.7,IpMispredict
     4.308356420,260241,,br_misp_retired.all_branches,43164203,100.00,,
     4.408553717,31747487,,inst_retired.any,43251550,100.00,128.6,IpMispredict
     4.408553717,269084,,br_misp_retired.all_branches,43251550,100.00,,
     4.508742015,31953800,,inst_retired.any,43165495,100.00,129.4,IpMispredict
     4.508742015,252284,,br_misp_retired.all_branches,43165495,100.00,,
     4.608933737,32218457,,inst_retired.any,40671638,100.00,130.5,IpMispredict
     4.608933737,242229,,br_misp_retired.all_branches,40671638,100.00,,
     4.709129899,31858505,,inst_retired.any,42853077,100.00,129.2,IpMispredict
     4.709129899,234625,,br_misp_retired.all_branches,42853077,100.00,,
     4.809321851,31636364,,inst_retired.any,42422007,100.00,128.3,IpMispredict
     4.809321851,247673,,br_misp_retired.all_branches,42422007,100.00,,
     4.909517993,32092454,,inst_retired.any,44318545,100.00,129.9,IpMispredict
     4.909517993,266404,,br_misp_retired.all_branches,44318545,100.00,,
     5.009713825,32237359,,inst_retired.any,43239752,100.00,130.3,IpMispredict
     5.009713825,263177,,br_misp_retired.all_branches,43239752,100.00,,
     5.109903655,31974371,,inst_retired.any,43162575,100.00,129.4,IpMispredict
     5.109903655,238749,,br_misp_retired.all_branches,43162575,100.00,,
     5.210098848,31969111,,inst_retired.any,42341239,100.00,129.2,IpMispredict
     5.210098848,257489,,br_misp_retired.all_branches,42341239,100.00,,
     5.310287579,32065716,,inst_retired.any,42669648,100.00,129.7,IpMispredict
     5.310287579,245563,,br_misp_retired.all_branches,42669648,100.00,,
     5.410478700,32161812,,inst_retired.any,44557009,100.00,129.8,IpMispredict
     5.410478700,268663,,br_misp_retired.all_branches,44557009,100.00,,
     5.510693301,31928417,,inst_retired.any,43448488,100.00,128.8,IpMispredict
     5.510693301,254282,,br_misp_retired.all_branches,43448488,100.00,,
     5.610882948,32724482,,inst_retired.any,43764785,100.00,132.0,IpMispredict
     5.610882948,253180,,br_misp_retired.all_branches,43764785,100.00,,
     5.711076888,31731066,,inst_retired.any,42823014,100.00,128.1,IpMispredict
     5.711076888,232876,,br_misp_retired.all_branches,42823014,100.00,,
     5.811270876,31916894,,inst_retired.any,44279412,100.00,128.9,IpMispredict
     5.811270876,245401,,br_misp_retired.all_branches,44279412,100.00,,
     5.911462099,31925585,,inst_retired.any,42094259,100.00,128.9,IpMispredict
     5.911462099,254067,,br_misp_retired.all_branches,42094259,100.00,,
     6.011657115,32433455,,inst_retired.any,42915489,100.00,130.7,IpMispredict
     6.011657115,273406,,br_misp_retired.all_branches,42915489,100.00,,
     6.111850892,32009539,,inst_retired.any,43372049,100.00,128.9,IpMispredict
     6.111850892,253104,,br_misp_retired.all_branches,43372049,100.00,,
     6.212042206,31939859,,inst_retired.any,43901783,100.00,128.5,IpMispredict
     6.212042206,265061,,br_misp_retired.all_branches,43901783,100.00,,
     6.312231208,31985981,,inst_retired.any,43822419,100.00,128.6,IpMispredict
     6.312231208,262415,,br_misp_retired.all_branches,43822419,100.00,,
     6.412422953,31871590,,inst_retired.any,43038496,100.00,128.2,IpMispredict
     6.412422953,234914,,br_misp_retired.all_branches,43038496,100.00,,
     6.512618620,32034758,,inst_retired.any,43498368,100.00,129.1,IpMispredict
     6.512618620,228619,,br_misp_retired.all_branches,43498368,100.00,,
     6.612813596,32069733,,inst_retired.any,43327580,100.00,129.2,IpMispredict
     6.612813596,253654,,br_misp_retired.all_branches,43327580,100.00,,
     6.713007357,31798115,,inst_retired.any,43235718,100.00,128.1,IpMispredict
     6.713007357,247832,,br_misp_retired.all_branches,43235718,100.00,,
     6.813204939,32090213,,inst_retired.any,45255747,100.00,129.0,IpMispredict
     6.813204939,286089,,br_misp_retired.all_branches,45255747,100.00,,
     6.913397214,32295883,,inst_retired.any,43831028,100.00,129.7,IpMispredict
     6.913397214,261657,,br_misp_retired.all_branches,43831028,100.00,,
     7.013590109,31868669,,inst_retired.any,43062487,100.00,128.0,IpMispredict
     7.013590109,247046,,br_misp_retired.all_branches,43062487,100.00,,
     7.113780069,32158511,,inst_retired.any,44463500,100.00,129.0,IpMispredict
     7.113780069,263515,,br_misp_retired.all_branches,44463500,100.00,,
     7.213970064,32002058,,inst_retired.any,42016104,100.00,128.5,IpMispredict
     7.213970064,241159,,br_misp_retired.all_branches,42016104,100.00,,
     7.314163373,31789787,,inst_retired.any,44026457,100.00,127.6,IpMispredict
     7.314163373,254664,,br_misp_retired.all_branches,44026457,100.00,,
     7.414353240,32216146,,inst_retired.any,43983800,100.00,129.2,IpMispredict
     7.414353240,261928,,br_misp_retired.all_branches,43983800,100.00,,
     7.514532185,31640769,,inst_retired.any,42841353,100.00,127.0,IpMispredict
     7.514532185,235282,,br_misp_retired.all_branches,42841353,100.00,,
     7.614725688,31710091,,inst_retired.any,42383448,100.00,127.4,IpMispredict
     7.614725688,228386,,br_misp_retired.all_branches,42383448,100.00,,
     7.714915796,32363408,,inst_retired.any,45028124,100.00,129.8,IpMispredict
     7.714915796,278769,,br_misp_retired.all_branches,45028124,100.00,,
     7.815105664,32089732,,inst_retired.any,43652668,100.00,128.7,IpMispredict
     7.815105664,250503,,br_misp_retired.all_branches,43652668,100.00,,
     7.915312202,31808665,,inst_retired.any,43848516,100.00,127.6,IpMispredict
     7.915312202,253631,,br_misp_retired.all_branches,43848516,100.00,,
     8.015509140,32234093,,inst_retired.any,43450483,100.00,129.3,IpMispredict
     8.015509140,241168,,br_misp_retired.all_branches,43450483,100.00,,
     8.115699576,31703231,,inst_retired.any,43830699,100.00,127.2,IpMispredict
     8.115699576,253203,,br_misp_retired.all_branches,43830699,100.00,,
     8.215890008,31898519,,inst_retired.any,44281865,100.00,127.9,IpMispredict
     8.215890008,260648,,br_misp_retired.all_branches,44281865,100.00,,
     8.316104184,32063283,,inst_retired.any,44417578,100.00,128.6,IpMispredict
     8.316104184,244768,,br_misp_retired.all_branches,44417578,100.00,,
     8.416293451,32017429,,inst_retired.any,43804037,100.00,128.4,IpMispredict
     8.416293451,254445,,br_misp_retired.all_branches,43804037,100.00,,
     8.516484744,31783276,,inst_retired.any,43748380,100.00,127.4,IpMispredict
     8.516484744,256663,,br_misp_retired.all_branches,43748380,100.00,,
     8.616680753,32375491,,inst_retired.any,43525835,100.00,129.8,IpMispredict
     8.616680753,248453,,br_misp_retired.all_branches,43525835,100.00,,
     8.716875936,31643824,,inst_retired.any,40523535,100.00,127.0,IpMispredict
     8.716875936,227350,,br_misp_retired.all_branches,40523535,100.00,,
     8.817066264,32075650,,inst_retired.any,43602285,100.00,128.8,IpMispredict
     8.817066264,235142,,br_misp_retired.all_branches,43602285,100.00,,
     8.917257438,32033230,,inst_retired.any,43561531,100.00,128.7,IpMispredict
     8.917257438,234718,,br_misp_retired.all_branches,43561531,100.00,,
     9.017453974,31904448,,inst_retired.any,41805543,100.00,128.3,IpMispredict
     9.017453974,226651,,br_misp_retired.all_branches,41805543,100.00,,
     9.117643832,32397025,,inst_retired.any,45068357,100.00,130.2,IpMispredict
     9.117643832,258283,,br_misp_retired.all_branches,45068357,100.00,,
     9.217839963,31603084,,inst_retired.any,40098054,100.00,127.0,IpMispredict
     9.217839963,252393,,br_misp_retired.all_branches,40098054,100.00,,
     9.318033022,32175420,,inst_retired.any,42827480,100.00,129.2,IpMispredict
     9.318033022,271846,,br_misp_retired.all_branches,42827480,100.00,,
     9.418229631,31670750,,inst_retired.any,42679770,100.00,127.3,IpMispredict
     9.418229631,227956,,br_misp_retired.all_branches,42679770,100.00,,
     9.518422880,32161166,,inst_retired.any,43917762,100.00,129.2,IpMispredict
     9.518422880,253044,,br_misp_retired.all_branches,43917762,100.00,,
     9.618614399,32039121,,inst_retired.any,42231524,100.00,128.8,IpMispredict
     9.618614399,238040,,br_misp_retired.all_branches,42231524,100.00,,
     9.718812447,32011772,,inst_retired.any,43648751,100.00,128.7,IpMispredict
     9.718812447,237764,,br_misp_retired.all_branches,43648751,100.00,,
     9.819011994,32077847,,inst_retired.any,42840893,100.00,129.1,IpMispredict
     9.819011994,229490,,br_misp_retired.all_branches,42840893,100.00,,
     9.919201030,32054853,,inst_retired.any,43405924,100.00,129.1,IpMispredict
     9.919201030,239935,,br_misp_retired.all_branches,43405924,100.00,,
    10.019400288,31760196,,inst_retired.any,43315179,100.00,127.9,IpMispredict
    10.019400288,237687,,br_misp_retired.all_branches,43315179,100.00,,
    10.119629521,32186203,,inst_retired.any,41723977,100.00,129.5,IpMispredict
    10.119629521,265524,,br_misp_retired.all_branches,41723977,100.00,,
    10.219822185,31961056,,inst_retired.any,43362578,100.00,128.6,IpMispredict
    10.219822185,248020,,br_misp_retired.all_branches,43362578,100.00,,
    10.320016492,31702283,,inst_retired.any,42322195,100.00,127.6,IpMispredict
    10.320016492,249871,,br_misp_retired.all_branches,42322195,100.00,,
    10.420193219,32402430,,inst_retired.any,44177675,100.00,130.4,IpMispredict
    10.420193219,247113,,br_misp_retired.all_branches,44177675,100.00,,
    10.520383327,31509271,,inst_retired.any,43067104,100.00,126.9,IpMispredict
    10.520383327,232764,,br_misp_retired.all_branches,43067104,100.00,,
    10.620573365,32496725,,inst_retired.any,42843947,100.00,130.8,IpMispredict
    10.620573365,263264,,br_misp_retired.all_branches,42843947,100.00,,
    10.720767930,32307042,,inst_retired.any,43600197,100.00,130.1,IpMispredict
    10.720767930,238770,,br_misp_retired.all_branches,43600197,100.00,,
    10.820958449,31933394,,inst_retired.any,43106933,100.00,128.6,IpMispredict
    10.820958449,247999,,br_misp_retired.all_branches,43106933,100.00,,
    10.921151987,32002838,,inst_retired.any,43919717,100.00,128.8,IpMispredict
    10.921151987,258464,,br_misp_retired.all_branches,43919717,100.00,,
    11.021363378,32165234,,inst_retired.any,42231617,100.00,129.4,IpMispredict
    11.021363378,265447,,br_misp_retired.all_branches,42231617,100.00,,
