# started on Mon May  1 19:50:36 2023

     0.100128720,95494384,,inst_retired.any,80142608,100.00,141.0,IpMispredict
     0.100128720,677350,,br_misp_retired.all_branches,80142608,100.00,,
     0.200364739,96198345,,inst_retired.any,80251778,100.00,141.7,IpMispredict
     0.200364739,680401,,br_misp_retired.all_branches,80251778,100.00,,
     0.300544715,95518524,,inst_retired.any,79682665,100.00,141.2,IpMispredict
     0.300544715,671748,,br_misp_retired.all_branches,79682665,100.00,,
     0.400752525,96366000,,inst_retired.any,80460723,100.00,142.2,IpMispredict
     0.400752525,680469,,br_misp_retired.all_branches,80460723,100.00,,
     0.500945479,95392643,,inst_retired.any,79893985,100.00,140.9,IpMispredict
     0.500945479,675572,,br_misp_retired.all_branches,79893985,100.00,,
     0.601139790,96067470,,inst_retired.any,80314758,100.00,141.7,IpMispredict
     0.601139790,681932,,br_misp_retired.all_branches,80314758,100.00,,
     0.701336029,95613513,,inst_retired.any,79568776,100.00,141.3,IpMispredict
     0.701336029,669331,,br_misp_retired.all_branches,79568776,100.00,,
     0.801531456,57108121,,inst_retired.any,47643698,100.00,88.9,IpMispredict
     0.801531456,401929,,br_misp_retired.all_branches,47643698,100.00,,
     0.901723541,28082978,,inst_retired.any,28288153,100.00,47.1,IpMispredict
     0.901723541,222193,,br_misp_retired.all_branches,28288153,100.00,,
     1.001916428,97187407,,inst_retired.any,81413470,100.00,160.6,IpMispredict
     1.001916428,691592,,br_misp_retired.all_branches,81413470,100.00,,
     1.102112624,96713709,,inst_retired.any,80933351,100.00,157.9,IpMispredict
     1.102112624,685297,,br_misp_retired.all_branches,80933351,100.00,,
     1.202306784,97354993,,inst_retired.any,81428807,100.00,157.4,IpMispredict
     1.202306784,686708,,br_misp_retired.all_branches,81428807,100.00,,
     1.302504804,97124229,,inst_retired.any,81371537,100.00,155.6,IpMispredict
     1.302504804,688577,,br_misp_retired.all_branches,81371537,100.00,,
     1.402700562,97259480,,inst_retired.any,81358604,100.00,154.8,IpMispredict
     1.402700562,685337,,br_misp_retired.all_branches,81358604,100.00,,
     1.502894502,97303286,,inst_retired.any,81255378,100.00,153.9,IpMispredict
     1.502894502,687374,,br_misp_retired.all_branches,81255378,100.00,,
     1.603089641,97092695,,inst_retired.any,81153935,100.00,152.8,IpMispredict
     1.603089641,684016,,br_misp_retired.all_branches,81153935,100.00,,
     1.703284397,96966420,,inst_retired.any,81067729,100.00,151.9,IpMispredict
     1.703284397,684871,,br_misp_retired.all_branches,81067729,100.00,,
     1.803477348,97500999,,inst_retired.any,81442558,100.00,152.1,IpMispredict
     1.803477348,684084,,br_misp_retired.all_branches,81442558,100.00,,
     1.903702453,55141019,,inst_retired.any,46139230,100.00,87.8,IpMispredict
     1.903702453,387083,,br_misp_retired.all_branches,46139230,100.00,,
     2.003895635,28895832,,inst_retired.any,28058561,100.00,47.6,IpMispredict
     2.003895635,225798,,br_misp_retired.all_branches,28058561,100.00,,
     2.104092515,97219942,,inst_retired.any,81202527,100.00,159.0,IpMispredict
     2.104092515,691258,,br_misp_retired.all_branches,81202527,100.00,,
     2.204290114,97284612,,inst_retired.any,81015362,100.00,158.2,IpMispredict
     2.204290114,689773,,br_misp_retired.all_branches,81015362,100.00,,
     2.304455066,97399520,,inst_retired.any,81047560,100.00,157.5,IpMispredict
     2.304455066,689332,,br_misp_retired.all_branches,81047560,100.00,,
     2.404652635,97461821,,inst_retired.any,81210603,100.00,156.8,IpMispredict
     2.404652635,692275,,br_misp_retired.all_branches,81210603,100.00,,
     2.504846909,97321284,,inst_retired.any,81105113,100.00,155.9,IpMispredict
     2.504846909,689088,,br_misp_retired.all_branches,81105113,100.00,,
     2.605039372,97287468,,inst_retired.any,81100467,100.00,155.2,IpMispredict
     2.605039372,689925,,br_misp_retired.all_branches,81100467,100.00,,
     2.705232563,97389164,,inst_retired.any,81065493,100.00,154.9,IpMispredict
     2.705232563,687263,,br_misp_retired.all_branches,81065493,100.00,,
     2.805445087,96982687,,inst_retired.any,80652932,100.00,153.7,IpMispredict
     2.805445087,685885,,br_misp_retired.all_branches,80652932,100.00,,
     2.905639704,97391079,,inst_retired.any,81299899,100.00,153.8,IpMispredict
     2.905639704,692535,,br_misp_retired.all_branches,81299899,100.00,,
     3.005831089,55232074,,inst_retired.any,46121577,100.00,88.4,IpMispredict
     3.005831089,390948,,br_misp_retired.all_branches,46121577,100.00,,
     3.106024559,28717212,,inst_retired.any,28148596,100.00,46.9,IpMispredict
     3.106024559,222604,,br_misp_retired.all_branches,28148596,100.00,,
     3.206224502,97466685,,inst_retired.any,81139498,100.00,158.6,IpMispredict
     3.206224502,694552,,br_misp_retired.all_branches,81139498,100.00,,
     3.306414345,97613976,,inst_retired.any,81217887,100.00,158.2,IpMispredict
     3.306414345,691616,,br_misp_retired.all_branches,81217887,100.00,,
     3.406609441,97589909,,inst_retired.any,81450544,100.00,157.6,IpMispredict
     3.406609441,690724,,br_misp_retired.all_branches,81450544,100.00,,
     3.506802005,97766789,,inst_retired.any,81452183,100.00,157.4,IpMispredict
     3.506802005,694403,,br_misp_retired.all_branches,81452183,100.00,,
     3.606996918,97423775,,inst_retired.any,81050697,100.00,156.3,IpMispredict
     3.606996918,689296,,br_misp_retired.all_branches,81050697,100.00,,
     3.707191429,98035434,,inst_retired.any,81523501,100.00,156.9,IpMispredict
     3.707191429,691931,,br_misp_retired.all_branches,81523501,100.00,,
     3.807388106,97253732,,inst_retired.any,81102416,100.00,155.2,IpMispredict
     3.807388106,690669,,br_misp_retired.all_branches,81102416,100.00,,
     3.907560740,97577702,,inst_retired.any,81501260,100.00,155.3,IpMispredict
     3.907560740,691589,,br_misp_retired.all_branches,81501260,100.00,,
     4.007727400,97440618,,inst_retired.any,81284355,100.00,154.7,IpMispredict
     4.007727400,691634,,br_misp_retired.all_branches,81284355,100.00,,
     4.107922046,55231087,,inst_retired.any,46216587,100.00,88.5,IpMispredict
     4.107922046,393877,,br_misp_retired.all_branches,46216587,100.00,,
     4.208115451,27686882,,inst_retired.any,28665225,100.00,45.1,IpMispredict
     4.208115451,214268,,br_misp_retired.all_branches,28665225,100.00,,
     4.308309404,97509447,,inst_retired.any,81325896,100.00,158.2,IpMispredict
     4.308309404,693145,,br_misp_retired.all_branches,81325896,100.00,,
     4.408501640,97150794,,inst_retired.any,81036207,100.00,157.2,IpMispredict
     4.408501640,688483,,br_misp_retired.all_branches,81036207,100.00,,
     4.508699823,97606478,,inst_retired.any,81305892,100.00,157.5,IpMispredict
     4.508699823,690704,,br_misp_retired.all_branches,81305892,100.00,,
     4.608896456,97523124,,inst_retired.any,81326480,100.00,157.0,IpMispredict
     4.608896456,691019,,br_misp_retired.all_branches,81326480,100.00,,
     4.709095240,97488997,,inst_retired.any,81152793,100.00,156.6,IpMispredict
     4.709095240,689972,,br_misp_retired.all_branches,81152793,100.00,,
     4.809289414,97100933,,inst_retired.any,80974300,100.00,155.6,IpMispredict
     4.809289414,685998,,br_misp_retired.all_branches,80974300,100.00,,
     4.909490424,97241742,,inst_retired.any,81214875,100.00,155.5,IpMispredict
     4.909490424,690473,,br_misp_retired.all_branches,81214875,100.00,,
     5.009688825,97302984,,inst_retired.any,81164536,100.00,155.3,IpMispredict
     5.009688825,694391,,br_misp_retired.all_branches,81164536,100.00,,
     5.109879871,96855146,,inst_retired.any,81067879,100.00,154.3,IpMispredict
     5.109879871,687046,,br_misp_retired.all_branches,81067879,100.00,,
     5.210073751,54627762,,inst_retired.any,45581525,100.00,87.7,IpMispredict
     5.210073751,390448,,br_misp_retired.all_branches,45581525,100.00,,
     5.310268189,29167399,,inst_retired.any,28849004,100.00,47.4,IpMispredict
     5.310268189,226060,,br_misp_retired.all_branches,28849004,100.00,,
     5.410464027,97615102,,inst_retired.any,81415595,100.00,158.2,IpMispredict
     5.410464027,692307,,br_misp_retired.all_branches,81415595,100.00,,
     5.510658241,97996908,,inst_retired.any,81442415,100.00,158.4,IpMispredict
     5.510658241,694584,,br_misp_retired.all_branches,81442415,100.00,,
     5.610873710,97306606,,inst_retired.any,81246696,100.00,157.0,IpMispredict
     5.610873710,692958,,br_misp_retired.all_branches,81246696,100.00,,
     5.711068609,96743363,,inst_retired.any,80775362,100.00,155.8,IpMispredict
     5.711068609,688097,,br_misp_retired.all_branches,80775362,100.00,,
     5.811250057,97589850,,inst_retired.any,81305403,100.00,156.8,IpMispredict
     5.811250057,691848,,br_misp_retired.all_branches,81305403,100.00,,
     5.911445096,97711307,,inst_retired.any,81374159,100.00,156.7,IpMispredict
     5.911445096,690132,,br_misp_retired.all_branches,81374159,100.00,,
     6.011641451,97078992,,inst_retired.any,81035490,100.00,155.4,IpMispredict
     6.011641451,688851,,br_misp_retired.all_branches,81035490,100.00,,
     6.111834736,97665295,,inst_retired.any,81309242,100.00,156.1,IpMispredict
     6.111834736,690078,,br_misp_retired.all_branches,81309242,100.00,,
     6.212027681,98120099,,inst_retired.any,81243182,100.00,156.6,IpMispredict
     6.212027681,689798,,br_misp_retired.all_branches,81243182,100.00,,
     6.312222076,54894044,,inst_retired.any,45737667,100.00,88.1,IpMispredict
     6.312222076,388017,,br_misp_retired.all_branches,45737667,100.00,,
     6.412413364,28790580,,inst_retired.any,28685066,100.00,46.7,IpMispredict
     6.412413364,225254,,br_misp_retired.all_branches,28685066,100.00,,
     6.512606272,97653865,,inst_retired.any,81500571,100.00,158.0,IpMispredict
     6.512606272,696047,,br_misp_retired.all_branches,81500571,100.00,,
     6.612800917,97340336,,inst_retired.any,81174795,100.00,157.3,IpMispredict
     6.612800917,685829,,br_misp_retired.all_branches,81174795,100.00,,
     6.712991488,97655535,,inst_retired.any,81359137,100.00,157.5,IpMispredict
     6.712991488,691461,,br_misp_retired.all_branches,81359137,100.00,,
     6.813184841,97424012,,inst_retired.any,81112031,100.00,156.9,IpMispredict
     6.813184841,689273,,br_misp_retired.all_branches,81112031,100.00,,
     6.913380047,97189592,,inst_retired.any,80953712,100.00,156.3,IpMispredict
     6.913380047,685504,,br_misp_retired.all_branches,80953712,100.00,,
     7.013573744,97630465,,inst_retired.any,81381135,100.00,156.7,IpMispredict
     7.013573744,692034,,br_misp_retired.all_branches,81381135,100.00,,
     7.113767492,97452288,,inst_retired.any,81393042,100.00,156.2,IpMispredict
     7.113767492,688691,,br_misp_retired.all_branches,81393042,100.00,,
     7.213960711,97321005,,inst_retired.any,81259876,100.00,155.8,IpMispredict
     7.213960711,690705,,br_misp_retired.all_branches,81259876,100.00,,
     7.314154213,97486711,,inst_retired.any,81286893,100.00,155.8,IpMispredict
     7.314154213,690265,,br_misp_retired.all_branches,81286893,100.00,,
     7.414336807,55848331,,inst_retired.any,46575719,100.00,89.7,IpMispredict
     7.414336807,392724,,br_misp_retired.all_branches,46575719,100.00,,
     7.514553145,28171844,,inst_retired.any,29438329,100.00,45.7,IpMispredict
     7.514553145,214929,,br_misp_retired.all_branches,29438329,100.00,,
     7.614751044,97535801,,inst_retired.any,81346229,100.00,157.8,IpMispredict
     7.614751044,697591,,br_misp_retired.all_branches,81346229,100.00,,
     7.714945098,97499814,,inst_retired.any,81375105,100.00,157.5,IpMispredict
     7.714945098,696155,,br_misp_retired.all_branches,81375105,100.00,,
     7.815140381,97509665,,inst_retired.any,81179713,100.00,157.3,IpMispredict
     7.815140381,688528,,br_misp_retired.all_branches,81179713,100.00,,
     7.915332437,96159964,,inst_retired.any,80787816,100.00,154.9,IpMispredict
     7.915332437,683483,,br_misp_retired.all_branches,80787816,100.00,,
     8.015527239,97279966,,inst_retired.any,81200055,100.00,156.5,IpMispredict
     8.015527239,689594,,br_misp_retired.all_branches,81200055,100.00,,
     8.115733226,97417203,,inst_retired.any,81304927,100.00,156.5,IpMispredict
     8.115733226,690078,,br_misp_retired.all_branches,81304927,100.00,,
     8.215926114,97225680,,inst_retired.any,81067576,100.00,156.0,IpMispredict
     8.215926114,689882,,br_misp_retired.all_branches,81067576,100.00,,
     8.316144494,97307708,,inst_retired.any,81187540,100.00,155.9,IpMispredict
     8.316144494,692100,,br_misp_retired.all_branches,81187540,100.00,,
     8.416338648,97467248,,inst_retired.any,81400228,100.00,155.9,IpMispredict
     8.416338648,691547,,br_misp_retired.all_branches,81400228,100.00,,
     8.516533042,54258132,,inst_retired.any,45355787,100.00,87.2,IpMispredict
     8.516533042,386674,,br_misp_retired.all_branches,45355787,100.00,,
     8.616726596,29550999,,inst_retired.any,29567727,100.00,47.8,IpMispredict
     8.616726596,232152,,br_misp_retired.all_branches,29567727,100.00,,
     8.716923217,97683649,,inst_retired.any,81302761,100.00,157.9,IpMispredict
     8.716923217,694713,,br_misp_retired.all_branches,81302761,100.00,,
     8.817120776,97956241,,inst_retired.any,81412501,100.00,158.1,IpMispredict
     8.817120776,694264,,br_misp_retired.all_branches,81412501,100.00,,
     8.917315494,97028753,,inst_retired.any,80995370,100.00,156.4,IpMispredict
     8.917315494,689537,,br_misp_retired.all_branches,80995370,100.00,,
     9.017510958,97124538,,inst_retired.any,80657798,100.00,156.4,IpMispredict
     9.017510958,689321,,br_misp_retired.all_branches,80657798,100.00,,
     9.117704741,97788425,,inst_retired.any,81464158,100.00,157.3,IpMispredict
     9.117704741,694979,,br_misp_retired.all_branches,81464158,100.00,,
     9.217899777,97679301,,inst_retired.any,81294710,100.00,156.9,IpMispredict
     9.217899777,693433,,br_misp_retired.all_branches,81294710,100.00,,
     9.318093737,97563312,,inst_retired.any,81187041,100.00,156.5,IpMispredict
     9.318093737,691773,,br_misp_retired.all_branches,81187041,100.00,,
     9.418288061,97222391,,inst_retired.any,80975801,100.00,155.8,IpMispredict
     9.418288061,689377,,br_misp_retired.all_branches,80975801,100.00,,
     9.518480421,97713648,,inst_retired.any,81274823,100.00,156.4,IpMispredict
     9.518480421,690910,,br_misp_retired.all_branches,81274823,100.00,,
     9.618671896,54359028,,inst_retired.any,45112624,100.00,87.4,IpMispredict
     9.618671896,385082,,br_misp_retired.all_branches,45112624,100.00,,
     9.718867698,29165731,,inst_retired.any,28762118,100.00,47.2,IpMispredict
     9.718867698,231510,,br_misp_retired.all_branches,28762118,100.00,,
     9.819067010,97351689,,inst_retired.any,81056786,100.00,157.3,IpMispredict
     9.819067010,693770,,br_misp_retired.all_branches,81056786,100.00,,
     9.919260308,97078359,,inst_retired.any,81105301,100.00,156.7,IpMispredict
     9.919260308,689382,,br_misp_retired.all_branches,81105301,100.00,,
    10.019460125,97608699,,inst_retired.any,81403188,100.00,157.3,IpMispredict
    10.019460125,690702,,br_misp_retired.all_branches,81403188,100.00,,
    10.119677443,97350587,,inst_retired.any,81196367,100.00,156.7,IpMispredict
    10.119677443,692066,,br_misp_retired.all_branches,81196367,100.00,,
    10.219873488,97426755,,inst_retired.any,81262830,100.00,156.7,IpMispredict
    10.219873488,694169,,br_misp_retired.all_branches,81262830,100.00,,
    10.320067288,96974190,,inst_retired.any,80980146,100.00,155.8,IpMispredict
    10.320067288,692262,,br_misp_retired.all_branches,80980146,100.00,,
    10.420263937,97271527,,inst_retired.any,81275389,100.00,156.1,IpMispredict
    10.420263937,694421,,br_misp_retired.all_branches,81275389,100.00,,
    10.520460112,97438040,,inst_retired.any,81365761,100.00,156.2,IpMispredict
    10.520460112,694172,,br_misp_retired.all_branches,81365761,100.00,,
    10.620656398,96865196,,inst_retired.any,80854160,100.00,155.1,IpMispredict
    10.620656398,686566,,br_misp_retired.all_branches,80854160,100.00,,
    10.720847685,55047904,,inst_retired.any,45910308,100.00,88.5,IpMispredict
    10.720847685,389023,,br_misp_retired.all_branches,45910308,100.00,,
    10.821040907,31044696,,inst_retired.any,30260611,100.00,50.2,IpMispredict
    10.821040907,243604,,br_misp_retired.all_branches,30260611,100.00,,
    10.921239748,98237738,,inst_retired.any,81758020,100.00,158.6,IpMispredict
    10.921239748,702273,,br_misp_retired.all_branches,81758020,100.00,,
    11.021456390,97592300,,inst_retired.any,81129943,100.00,157.4,IpMispredict
    11.021456390,685974,,br_misp_retired.all_branches,81129943,100.00,,
