# started on Mon May  1 17:38:16 2023

     0.100277830,6014793,,offcore_response.all_requests.llc_hit.any_response,83006867,100.00,,
     0.100277830,677,,offcore_response.all_requests.llc_miss.any_response,82968278,100.00,,
     0.200487451,6122203,,offcore_response.all_requests.llc_hit.any_response,84848340,100.00,,
     0.200487451,924,,offcore_response.all_requests.llc_miss.any_response,84837874,100.00,,
     0.300686815,5985599,,offcore_response.all_requests.llc_hit.any_response,82120604,100.00,,
     0.300686815,791,,offcore_response.all_requests.llc_miss.any_response,82120092,100.00,,
     0.400883345,6017650,,offcore_response.all_requests.llc_hit.any_response,83055483,100.00,,
     0.400883345,611,,offcore_response.all_requests.llc_miss.any_response,83057242,100.00,,
     0.501087664,6011313,,offcore_response.all_requests.llc_hit.any_response,81859772,100.00,,
     0.501087664,508,,offcore_response.all_requests.llc_miss.any_response,81838648,100.00,,
     0.601297192,6046415,,offcore_response.all_requests.llc_hit.any_response,82786431,100.00,,
     0.601297192,838,,offcore_response.all_requests.llc_miss.any_response,82779037,100.00,,
     0.701503921,6160146,,offcore_response.all_requests.llc_hit.any_response,84918859,100.00,,
     0.701503921,1192,,offcore_response.all_requests.llc_miss.any_response,84942020,100.00,,
     0.801712473,5952492,,offcore_response.all_requests.llc_hit.any_response,81827869,100.00,,
     0.801712473,734,,offcore_response.all_requests.llc_miss.any_response,81804708,100.00,,
     0.901918587,6009796,,offcore_response.all_requests.llc_hit.any_response,83149293,100.00,,
     0.901918587,808,,offcore_response.all_requests.llc_miss.any_response,83149293,100.00,,
     1.002125188,6099455,,offcore_response.all_requests.llc_hit.any_response,84944097,100.00,,
     1.002125188,510,,offcore_response.all_requests.llc_miss.any_response,85010457,100.00,,
     1.102340505,6035345,,offcore_response.all_requests.llc_hit.any_response,83038361,100.00,,
     1.102340505,766,,offcore_response.all_requests.llc_miss.any_response,83033653,100.00,,
     1.202554080,6001660,,offcore_response.all_requests.llc_hit.any_response,82794585,100.00,,
     1.202554080,677,,offcore_response.all_requests.llc_miss.any_response,82756433,100.00,,
     1.302764367,5988917,,offcore_response.all_requests.llc_hit.any_response,83471257,100.00,,
     1.302764367,757,,offcore_response.all_requests.llc_miss.any_response,83500326,100.00,,
     1.402979448,6029972,,offcore_response.all_requests.llc_hit.any_response,83097584,100.00,,
     1.402979448,680,,offcore_response.all_requests.llc_miss.any_response,83066141,100.00,,
     1.503190225,5938023,,offcore_response.all_requests.llc_hit.any_response,81489441,100.00,,
     1.503190225,346,,offcore_response.all_requests.llc_miss.any_response,81536898,100.00,,
     1.603423683,6049394,,offcore_response.all_requests.llc_hit.any_response,83541988,100.00,,
     1.603423683,527,,offcore_response.all_requests.llc_miss.any_response,83544751,100.00,,
     1.703643287,5992545,,offcore_response.all_requests.llc_hit.any_response,82993913,100.00,,
     1.703643287,442,,offcore_response.all_requests.llc_miss.any_response,82922567,100.00,,
     1.803891683,6011217,,offcore_response.all_requests.llc_hit.any_response,83028883,100.00,,
     1.803891683,784,,offcore_response.all_requests.llc_miss.any_response,83059725,100.00,,
     1.904105917,5967676,,offcore_response.all_requests.llc_hit.any_response,82154003,100.00,,
     1.904105917,655,,offcore_response.all_requests.llc_miss.any_response,82153937,100.00,,
     2.004317130,5973787,,offcore_response.all_requests.llc_hit.any_response,82249580,100.00,,
     2.004317130,547,,offcore_response.all_requests.llc_miss.any_response,82218804,100.00,,
     2.104523554,6067302,,offcore_response.all_requests.llc_hit.any_response,82792866,100.00,,
     2.104523554,502,,offcore_response.all_requests.llc_miss.any_response,82792866,100.00,,
     2.204731840,6029827,,offcore_response.all_requests.llc_hit.any_response,83568686,100.00,,
     2.204731840,460,,offcore_response.all_requests.llc_miss.any_response,83604346,100.00,,
     2.304966990,6027542,,offcore_response.all_requests.llc_hit.any_response,84256551,100.00,,
     2.304966990,764,,offcore_response.all_requests.llc_miss.any_response,84251460,100.00,,
     2.405178716,6041609,,offcore_response.all_requests.llc_hit.any_response,82608920,100.00,,
     2.405178716,680,,offcore_response.all_requests.llc_miss.any_response,82601394,100.00,,
     2.505388562,6145060,,offcore_response.all_requests.llc_hit.any_response,86247234,100.00,,
     2.505388562,648,,offcore_response.all_requests.llc_miss.any_response,86261599,100.00,,
     2.605608787,6034657,,offcore_response.all_requests.llc_hit.any_response,82742226,100.00,,
     2.605608787,820,,offcore_response.all_requests.llc_miss.any_response,82744644,100.00,,
     2.705826298,6071345,,offcore_response.all_requests.llc_hit.any_response,84044765,100.00,,
     2.705826298,1886,,offcore_response.all_requests.llc_miss.any_response,84035607,100.00,,
     2.806036594,6019879,,offcore_response.all_requests.llc_hit.any_response,84500726,100.00,,
     2.806036594,855,,offcore_response.all_requests.llc_miss.any_response,84499965,100.00,,
     2.906246664,6022605,,offcore_response.all_requests.llc_hit.any_response,82840496,100.00,,
     2.906246664,690,,offcore_response.all_requests.llc_miss.any_response,82841009,100.00,,
     3.006458106,6017677,,offcore_response.all_requests.llc_hit.any_response,83759379,100.00,,
     3.006458106,592,,offcore_response.all_requests.llc_miss.any_response,83728959,100.00,,
     3.106663759,6042081,,offcore_response.all_requests.llc_hit.any_response,83173290,100.00,,
     3.106663759,366,,offcore_response.all_requests.llc_miss.any_response,83203843,100.00,,
     3.206875378,6008174,,offcore_response.all_requests.llc_hit.any_response,83328830,100.00,,
     3.206875378,654,,offcore_response.all_requests.llc_miss.any_response,83304502,100.00,,
     3.307085417,6067144,,offcore_response.all_requests.llc_hit.any_response,82911970,100.00,,
     3.307085417,770,,offcore_response.all_requests.llc_miss.any_response,82971823,100.00,,
     3.407300458,6052430,,offcore_response.all_requests.llc_hit.any_response,84053119,100.00,,
     3.407300458,673,,offcore_response.all_requests.llc_miss.any_response,84013195,100.00,,
     3.507508741,6021465,,offcore_response.all_requests.llc_hit.any_response,82522442,100.00,,
     3.507508741,595,,offcore_response.all_requests.llc_miss.any_response,82563082,100.00,,
     3.607725412,6062984,,offcore_response.all_requests.llc_hit.any_response,83978647,100.00,,
     3.607725412,514,,offcore_response.all_requests.llc_miss.any_response,83911853,100.00,,
     3.707933707,6015609,,offcore_response.all_requests.llc_hit.any_response,82278650,100.00,,
     3.707933707,840,,offcore_response.all_requests.llc_miss.any_response,82278650,100.00,,
     3.808142186,6093341,,offcore_response.all_requests.llc_hit.any_response,83533365,100.00,,
     3.808142186,667,,offcore_response.all_requests.llc_miss.any_response,83564138,100.00,,
     3.908356875,6097932,,offcore_response.all_requests.llc_hit.any_response,82975632,100.00,,
     3.908356875,473,,offcore_response.all_requests.llc_miss.any_response,82961497,100.00,,
     4.008568556,6062272,,offcore_response.all_requests.llc_hit.any_response,84476452,100.00,,
     4.008568556,617,,offcore_response.all_requests.llc_miss.any_response,84490781,100.00,,
     4.108782467,6040905,,offcore_response.all_requests.llc_hit.any_response,83031448,100.00,,
     4.108782467,696,,offcore_response.all_requests.llc_miss.any_response,83031330,100.00,,
     4.208995206,6070235,,offcore_response.all_requests.llc_hit.any_response,83779370,100.00,,
     4.208995206,603,,offcore_response.all_requests.llc_miss.any_response,83779495,100.00,,
     4.309208940,6049154,,offcore_response.all_requests.llc_hit.any_response,83242326,100.00,,
     4.309208940,821,,offcore_response.all_requests.llc_miss.any_response,83215429,100.00,,
     4.409422334,6024937,,offcore_response.all_requests.llc_hit.any_response,83523670,100.00,,
     4.409422334,707,,offcore_response.all_requests.llc_miss.any_response,83550547,100.00,,
     4.509654788,5942480,,offcore_response.all_requests.llc_hit.any_response,82408564,100.00,,
     4.509654788,426,,offcore_response.all_requests.llc_miss.any_response,82377610,100.00,,
     4.609862081,6056597,,offcore_response.all_requests.llc_hit.any_response,83720625,100.00,,
     4.609862081,967,,offcore_response.all_requests.llc_miss.any_response,83720625,100.00,,
     4.710069464,6006911,,offcore_response.all_requests.llc_hit.any_response,81945258,100.00,,
     4.710069464,397,,offcore_response.all_requests.llc_miss.any_response,81976111,100.00,,
     4.810285791,6074087,,offcore_response.all_requests.llc_hit.any_response,84102924,100.00,,
     4.810285791,836,,offcore_response.all_requests.llc_miss.any_response,84139972,100.00,,
     4.910509839,6031038,,offcore_response.all_requests.llc_hit.any_response,82511986,100.00,,
     4.910509839,601,,offcore_response.all_requests.llc_miss.any_response,82474057,100.00,,
     5.010719037,6048224,,offcore_response.all_requests.llc_hit.any_response,83979807,100.00,,
     5.010719037,487,,offcore_response.all_requests.llc_miss.any_response,83949835,100.00,,
     5.110926723,6023597,,offcore_response.all_requests.llc_hit.any_response,83577838,100.00,,
     5.110926723,766,,offcore_response.all_requests.llc_miss.any_response,83577838,100.00,,
     5.211132543,6058427,,offcore_response.all_requests.llc_hit.any_response,83836678,100.00,,
     5.211132543,587,,offcore_response.all_requests.llc_miss.any_response,83867419,100.00,,
     5.311344958,6026963,,offcore_response.all_requests.llc_hit.any_response,83376576,100.00,,
     5.311344958,626,,offcore_response.all_requests.llc_miss.any_response,83376213,100.00,,
     5.411555252,6012596,,offcore_response.all_requests.llc_hit.any_response,82284250,100.00,,
     5.411555252,541,,offcore_response.all_requests.llc_miss.any_response,82284540,100.00,,
     5.511768173,6103336,,offcore_response.all_requests.llc_hit.any_response,84611539,100.00,,
     5.511768173,761,,offcore_response.all_requests.llc_miss.any_response,84597976,100.00,,
     5.611978006,6081923,,offcore_response.all_requests.llc_hit.any_response,84323130,100.00,,
     5.611978006,464,,offcore_response.all_requests.llc_miss.any_response,84371923,100.00,,
     5.712193264,6093215,,offcore_response.all_requests.llc_hit.any_response,83662442,100.00,,
     5.712193264,820,,offcore_response.all_requests.llc_miss.any_response,83596544,100.00,,
     5.812398024,6055992,,offcore_response.all_requests.llc_hit.any_response,83679867,100.00,,
     5.812398024,809,,offcore_response.all_requests.llc_miss.any_response,83679867,100.00,,
     5.912603753,6035913,,offcore_response.all_requests.llc_hit.any_response,83691968,100.00,,
     5.912603753,510,,offcore_response.all_requests.llc_miss.any_response,83727561,100.00,,
     6.012827685,6173440,,offcore_response.all_requests.llc_hit.any_response,84898788,100.00,,
     6.012827685,692,,offcore_response.all_requests.llc_miss.any_response,84928629,100.00,,
     6.113048823,6052651,,offcore_response.all_requests.llc_hit.any_response,83243531,100.00,,
     6.113048823,614,,offcore_response.all_requests.llc_miss.any_response,83210605,100.00,,
     6.213265090,5982908,,offcore_response.all_requests.llc_hit.any_response,82632041,100.00,,
     6.213265090,717,,offcore_response.all_requests.llc_miss.any_response,82599533,100.00,,
     6.313476837,6042950,,offcore_response.all_requests.llc_hit.any_response,83534813,100.00,,
     6.313476837,636,,offcore_response.all_requests.llc_miss.any_response,83565321,100.00,,
     6.413687309,6023148,,offcore_response.all_requests.llc_hit.any_response,82790979,100.00,,
     6.413687309,771,,offcore_response.all_requests.llc_miss.any_response,82780355,100.00,,
     6.513897963,6075744,,offcore_response.all_requests.llc_hit.any_response,84326446,100.00,,
     6.513897963,677,,offcore_response.all_requests.llc_miss.any_response,84337072,100.00,,
     6.614109680,6033797,,offcore_response.all_requests.llc_hit.any_response,83264711,100.00,,
     6.614109680,623,,offcore_response.all_requests.llc_miss.any_response,83234201,100.00,,
     6.714339598,6050617,,offcore_response.all_requests.llc_hit.any_response,83672750,100.00,,
     6.714339598,753,,offcore_response.all_requests.llc_miss.any_response,83740125,100.00,,
     6.814555505,6006400,,offcore_response.all_requests.llc_hit.any_response,82543516,100.00,,
     6.814555505,708,,offcore_response.all_requests.llc_miss.any_response,82506418,100.00,,
     6.914766921,6028465,,offcore_response.all_requests.llc_hit.any_response,83204547,100.00,,
     6.914766921,555,,offcore_response.all_requests.llc_miss.any_response,83204660,100.00,,
     7.014981373,6099001,,offcore_response.all_requests.llc_hit.any_response,84308193,100.00,,
     7.014981373,530,,offcore_response.all_requests.llc_miss.any_response,84277803,100.00,,
     7.115187316,6015747,,offcore_response.all_requests.llc_hit.any_response,82298885,100.00,,
     7.115187316,542,,offcore_response.all_requests.llc_miss.any_response,82298885,100.00,,
     7.215395240,6017950,,offcore_response.all_requests.llc_hit.any_response,83418491,100.00,,
     7.215395240,679,,offcore_response.all_requests.llc_miss.any_response,83468598,100.00,,
     7.315607131,6006555,,offcore_response.all_requests.llc_hit.any_response,83217893,100.00,,
     7.315607131,885,,offcore_response.all_requests.llc_miss.any_response,83243126,100.00,,
     7.415832452,6062820,,offcore_response.all_requests.llc_hit.any_response,83606280,100.00,,
     7.415832452,559,,offcore_response.all_requests.llc_miss.any_response,83568399,100.00,,
     7.516047292,5960162,,offcore_response.all_requests.llc_hit.any_response,82147377,100.00,,
     7.516047292,493,,offcore_response.all_requests.llc_miss.any_response,82125025,100.00,,
     7.616256743,5950626,,offcore_response.all_requests.llc_hit.any_response,82647620,100.00,,
     7.616256743,537,,offcore_response.all_requests.llc_miss.any_response,82654787,100.00,,
     7.716466131,6020461,,offcore_response.all_requests.llc_hit.any_response,83654282,100.00,,
     7.716466131,1101,,offcore_response.all_requests.llc_miss.any_response,83662633,100.00,,
     7.816677429,6082830,,offcore_response.all_requests.llc_hit.any_response,84798108,100.00,,
     7.816677429,853,,offcore_response.all_requests.llc_miss.any_response,84767483,100.00,,
     7.916883052,6075619,,offcore_response.all_requests.llc_hit.any_response,84127226,100.00,,
     7.916883052,706,,offcore_response.all_requests.llc_miss.any_response,84127226,100.00,,
     8.017089713,5941434,,offcore_response.all_requests.llc_hit.any_response,82147289,100.00,,
     8.017089713,569,,offcore_response.all_requests.llc_miss.any_response,82173638,100.00,,
     8.117300025,6025628,,offcore_response.all_requests.llc_hit.any_response,82782315,100.00,,
     8.117300025,519,,offcore_response.all_requests.llc_miss.any_response,82791202,100.00,,
     8.217514452,6012786,,offcore_response.all_requests.llc_hit.any_response,83476380,100.00,,
     8.217514452,751,,offcore_response.all_requests.llc_miss.any_response,83470284,100.00,,
     8.317732336,6055899,,offcore_response.all_requests.llc_hit.any_response,83988949,100.00,,
     8.317732336,782,,offcore_response.all_requests.llc_miss.any_response,83990535,100.00,,
     8.417944152,6046640,,offcore_response.all_requests.llc_hit.any_response,82380491,100.00,,
     8.417944152,602,,offcore_response.all_requests.llc_miss.any_response,82380649,100.00,,
     8.518155698,5972837,,offcore_response.all_requests.llc_hit.any_response,83602473,100.00,,
     8.518155698,559,,offcore_response.all_requests.llc_miss.any_response,83571589,100.00,,
     8.618373118,6035522,,offcore_response.all_requests.llc_hit.any_response,83575390,100.00,,
     8.618373118,842,,offcore_response.all_requests.llc_miss.any_response,83586242,100.00,,
     8.718583678,5969423,,offcore_response.all_requests.llc_hit.any_response,80756425,100.00,,
     8.718583678,541,,offcore_response.all_requests.llc_miss.any_response,80776592,100.00,,
     8.818797009,6099085,,offcore_response.all_requests.llc_hit.any_response,83269832,100.00,,
     8.818797009,756,,offcore_response.all_requests.llc_miss.any_response,83238813,100.00,,
     8.919039376,5982100,,offcore_response.all_requests.llc_hit.any_response,82270206,100.00,,
     8.919039376,537,,offcore_response.all_requests.llc_miss.any_response,82282321,100.00,,
     9.019255806,6089557,,offcore_response.all_requests.llc_hit.any_response,83341982,100.00,,
     9.019255806,934,,offcore_response.all_requests.llc_miss.any_response,83329867,100.00,,
     9.119463166,5987272,,offcore_response.all_requests.llc_hit.any_response,83051545,100.00,,
     9.119463166,657,,offcore_response.all_requests.llc_miss.any_response,83051545,100.00,,
     9.219706609,6064987,,offcore_response.all_requests.llc_hit.any_response,83137577,100.00,,
     9.219706609,865,,offcore_response.all_requests.llc_miss.any_response,83137577,100.00,,
     9.319918606,6031742,,offcore_response.all_requests.llc_hit.any_response,83530944,100.00,,
     9.319918606,935,,offcore_response.all_requests.llc_miss.any_response,83552947,100.00,,
     9.420131044,6104585,,offcore_response.all_requests.llc_hit.any_response,83484632,100.00,,
     9.420131044,426,,offcore_response.all_requests.llc_miss.any_response,83493302,100.00,,
     9.520342109,6033562,,offcore_response.all_requests.llc_hit.any_response,82613686,100.00,,
     9.520342109,603,,offcore_response.all_requests.llc_miss.any_response,82619812,100.00,,
     9.620559729,6062196,,offcore_response.all_requests.llc_hit.any_response,82505243,100.00,,
     9.620559729,673,,offcore_response.all_requests.llc_miss.any_response,82468444,100.00,,
     9.720766567,6009728,,offcore_response.all_requests.llc_hit.any_response,83098014,100.00,,
     9.720766567,539,,offcore_response.all_requests.llc_miss.any_response,83165318,100.00,,
     9.820986640,6107871,,offcore_response.all_requests.llc_hit.any_response,84314403,100.00,,
     9.820986640,655,,offcore_response.all_requests.llc_miss.any_response,84281440,100.00,,
     9.921208871,6033283,,offcore_response.all_requests.llc_hit.any_response,83568281,100.00,,
     9.921208871,565,,offcore_response.all_requests.llc_miss.any_response,83533940,100.00,,
    10.021422411,5979093,,offcore_response.all_requests.llc_hit.any_response,82732181,100.00,,
    10.021422411,358,,offcore_response.all_requests.llc_miss.any_response,82762987,100.00,,
    10.121638421,6025574,,offcore_response.all_requests.llc_hit.any_response,82957884,100.00,,
    10.121638421,656,,offcore_response.all_requests.llc_miss.any_response,82927078,100.00,,
    10.221845717,6066904,,offcore_response.all_requests.llc_hit.any_response,84182905,100.00,,
    10.221845717,632,,offcore_response.all_requests.llc_miss.any_response,84213884,100.00,,
    10.322058545,6036541,,offcore_response.all_requests.llc_hit.any_response,84691479,100.00,,
    10.322058545,843,,offcore_response.all_requests.llc_miss.any_response,84691131,100.00,,
    10.422269841,6084643,,offcore_response.all_requests.llc_hit.any_response,83784945,100.00,,
    10.422269841,520,,offcore_response.all_requests.llc_miss.any_response,83785085,100.00,,
    10.522482770,6028467,,offcore_response.all_requests.llc_hit.any_response,83321383,100.00,,
    10.522482770,608,,offcore_response.all_requests.llc_miss.any_response,83321794,100.00,,
    10.622694253,6009401,,offcore_response.all_requests.llc_hit.any_response,82868541,100.00,,
    10.622694253,522,,offcore_response.all_requests.llc_miss.any_response,82868006,100.00,,
    10.722906473,6132114,,offcore_response.all_requests.llc_hit.any_response,84217941,100.00,,
    10.722906473,479,,offcore_response.all_requests.llc_miss.any_response,84203677,100.00,,
    10.823126538,6071542,,offcore_response.all_requests.llc_hit.any_response,83676819,100.00,,
    10.823126538,713,,offcore_response.all_requests.llc_miss.any_response,83660436,100.00,,
    10.923332161,6069905,,offcore_response.all_requests.llc_hit.any_response,84955160,100.00,,
    10.923332161,563,,offcore_response.all_requests.llc_miss.any_response,84993581,100.00,,
    11.023549417,5968832,,offcore_response.all_requests.llc_hit.any_response,82454295,100.00,,
    11.023549417,527,,offcore_response.all_requests.llc_miss.any_response,82446773,100.00,,
