# started on Mon May  1 17:36:30 2023

     0.100164840,89320257,,inst_retired.any,95327878,100.00,143.3,IpMispredict
     0.100164840,623402,,br_misp_retired.all_branches,95327878,100.00,,
     0.200386767,89636682,,inst_retired.any,92692728,100.00,144.1,IpMispredict
     0.200386767,620368,,br_misp_retired.all_branches,92692728,100.00,,
     0.300589648,89819325,,inst_retired.any,97624849,100.00,144.4,IpMispredict
     0.300589648,622197,,br_misp_retired.all_branches,97624849,100.00,,
     0.400782425,89682464,,inst_retired.any,100223245,100.00,144.3,IpMispredict
     0.400782425,619423,,br_misp_retired.all_branches,100223245,100.00,,
     0.500996436,90091889,,inst_retired.any,94630066,100.00,145.1,IpMispredict
     0.500996436,619444,,br_misp_retired.all_branches,94630066,100.00,,
     0.601192342,89142927,,inst_retired.any,99147594,100.00,143.9,IpMispredict
     0.601192342,612623,,br_misp_retired.all_branches,99147594,100.00,,
     0.701399885,89961650,,inst_retired.any,96707495,100.00,145.2,IpMispredict
     0.701399885,618214,,br_misp_retired.all_branches,96707495,100.00,,
     0.801608864,89668643,,inst_retired.any,93948446,100.00,144.7,IpMispredict
     0.801608864,622609,,br_misp_retired.all_branches,93948446,100.00,,
     0.901812521,89428991,,inst_retired.any,94315470,100.00,144.2,IpMispredict
     0.901812521,624604,,br_misp_retired.all_branches,94315470,100.00,,
     1.002020087,89477910,,inst_retired.any,94760028,100.00,144.2,IpMispredict
     1.002020087,624039,,br_misp_retired.all_branches,94760028,100.00,,
     1.102224660,90007729,,inst_retired.any,99821119,100.00,144.9,IpMispredict
     1.102224660,625316,,br_misp_retired.all_branches,99821119,100.00,,
     1.202434839,89245853,,inst_retired.any,96591786,100.00,143.7,IpMispredict
     1.202434839,621695,,br_misp_retired.all_branches,96591786,100.00,,
     1.302639568,90051781,,inst_retired.any,95038013,100.00,144.9,IpMispredict
     1.302639568,627524,,br_misp_retired.all_branches,95038013,100.00,,
     1.402846001,89350965,,inst_retired.any,93875361,100.00,143.8,IpMispredict
     1.402846001,620248,,br_misp_retired.all_branches,93875361,100.00,,
     1.503048405,90048867,,inst_retired.any,94979100,100.00,144.8,IpMispredict
     1.503048405,625243,,br_misp_retired.all_branches,94979100,100.00,,
     1.603253909,89237034,,inst_retired.any,92535742,100.00,143.6,IpMispredict
     1.603253909,618686,,br_misp_retired.all_branches,92535742,100.00,,
     1.703460583,89935254,,inst_retired.any,98305458,100.00,144.7,IpMispredict
     1.703460583,622795,,br_misp_retired.all_branches,98305458,100.00,,
     1.803711146,88931721,,inst_retired.any,98530402,100.00,143.1,IpMispredict
     1.803711146,618988,,br_misp_retired.all_branches,98530402,100.00,,
     1.903912211,90481803,,inst_retired.any,97795777,100.00,145.5,IpMispredict
     1.903912211,627368,,br_misp_retired.all_branches,97795777,100.00,,
     2.004111765,89285090,,inst_retired.any,97519701,100.00,143.6,IpMispredict
     2.004111765,617991,,br_misp_retired.all_branches,97519701,100.00,,
     2.104323914,89534243,,inst_retired.any,94055483,100.00,144.1,IpMispredict
     2.104323914,619691,,br_misp_retired.all_branches,94055483,100.00,,
     2.204529606,89923925,,inst_retired.any,96047818,100.00,144.7,IpMispredict
     2.204529606,622628,,br_misp_retired.all_branches,96047818,100.00,,
     2.304735260,89781160,,inst_retired.any,101185530,100.00,144.4,IpMispredict
     2.304735260,624003,,br_misp_retired.all_branches,101185530,100.00,,
     2.404943177,88784887,,inst_retired.any,93051236,100.00,142.9,IpMispredict
     2.404943177,615198,,br_misp_retired.all_branches,93051236,100.00,,
     2.505156253,89774975,,inst_retired.any,95794546,100.00,144.5,IpMispredict
     2.505156253,618023,,br_misp_retired.all_branches,95794546,100.00,,
     2.605364989,89921737,,inst_retired.any,99425671,100.00,144.8,IpMispredict
     2.605364989,618209,,br_misp_retired.all_branches,99425671,100.00,,
     2.705571779,89686004,,inst_retired.any,97183545,100.00,144.3,IpMispredict
     2.705571779,625397,,br_misp_retired.all_branches,97183545,100.00,,
     2.805798564,90171807,,inst_retired.any,93579944,100.00,145.1,IpMispredict
     2.805798564,622428,,br_misp_retired.all_branches,93579944,100.00,,
     2.906007619,89568904,,inst_retired.any,97144742,100.00,144.2,IpMispredict
     2.906007619,620304,,br_misp_retired.all_branches,97144742,100.00,,
     3.006214805,89465318,,inst_retired.any,96923979,100.00,144.0,IpMispredict
     3.006214805,616520,,br_misp_retired.all_branches,96923979,100.00,,
     3.106420687,89065377,,inst_retired.any,98052162,100.00,143.4,IpMispredict
     3.106420687,619957,,br_misp_retired.all_branches,98052162,100.00,,
     3.206627555,89728161,,inst_retired.any,94669328,100.00,144.4,IpMispredict
     3.206627555,623991,,br_misp_retired.all_branches,94669328,100.00,,
     3.306835054,89976534,,inst_retired.any,95886533,100.00,144.8,IpMispredict
     3.306835054,624787,,br_misp_retired.all_branches,95886533,100.00,,
     3.407041484,89352955,,inst_retired.any,100103551,100.00,143.8,IpMispredict
     3.407041484,616564,,br_misp_retired.all_branches,100103551,100.00,,
     3.507251559,89595959,,inst_retired.any,97393117,100.00,144.2,IpMispredict
     3.507251559,623551,,br_misp_retired.all_branches,97393117,100.00,,
     3.607463672,90002434,,inst_retired.any,102809471,100.00,144.9,IpMispredict
     3.607463672,623077,,br_misp_retired.all_branches,102809471,100.00,,
     3.707680265,90175370,,inst_retired.any,95633865,100.00,145.0,IpMispredict
     3.707680265,638136,,br_misp_retired.all_branches,95633865,100.00,,
     3.807888910,89296899,,inst_retired.any,95506453,100.00,143.6,IpMispredict
     3.807888910,622475,,br_misp_retired.all_branches,95506453,100.00,,
     3.908089938,90007838,,inst_retired.any,101607467,100.00,144.7,IpMispredict
     3.908089938,624184,,br_misp_retired.all_branches,101607467,100.00,,
     4.008297968,89499281,,inst_retired.any,99627438,100.00,143.9,IpMispredict
     4.008297968,620868,,br_misp_retired.all_branches,99627438,100.00,,
     4.108498337,89800091,,inst_retired.any,96456966,100.00,144.4,IpMispredict
     4.108498337,623720,,br_misp_retired.all_branches,96456966,100.00,,
     4.208706682,89825790,,inst_retired.any,96079124,100.00,144.4,IpMispredict
     4.208706682,637333,,br_misp_retired.all_branches,96079124,100.00,,
     4.308911919,89904623,,inst_retired.any,96658318,100.00,144.4,IpMispredict
     4.308911919,635155,,br_misp_retired.all_branches,96658318,100.00,,
     4.409114413,89622056,,inst_retired.any,94892713,100.00,143.9,IpMispredict
     4.409114413,625932,,br_misp_retired.all_branches,94892713,100.00,,
     4.509323550,89478004,,inst_retired.any,94013231,100.00,143.7,IpMispredict
     4.509323550,618489,,br_misp_retired.all_branches,94013231,100.00,,
     4.609526903,89685469,,inst_retired.any,97056187,100.00,144.1,IpMispredict
     4.609526903,619268,,br_misp_retired.all_branches,97056187,100.00,,
     4.709731542,89109467,,inst_retired.any,98094158,100.00,143.2,IpMispredict
     4.709731542,615583,,br_misp_retired.all_branches,98094158,100.00,,
     4.809939790,89675535,,inst_retired.any,96239196,100.00,144.1,IpMispredict
     4.809939790,620084,,br_misp_retired.all_branches,96239196,100.00,,
     4.910152608,89341578,,inst_retired.any,92993773,100.00,143.6,IpMispredict
     4.910152608,616480,,br_misp_retired.all_branches,92993773,100.00,,
     5.010361277,90563060,,inst_retired.any,97778567,100.00,145.6,IpMispredict
     5.010361277,624599,,br_misp_retired.all_branches,97778567,100.00,,
     5.110564686,88907649,,inst_retired.any,97646626,100.00,142.9,IpMispredict
     5.110564686,612684,,br_misp_retired.all_branches,97646626,100.00,,
     5.210770906,90224606,,inst_retired.any,95773059,100.00,145.0,IpMispredict
     5.210770906,625622,,br_misp_retired.all_branches,95773059,100.00,,
     5.310973265,89616480,,inst_retired.any,97066464,100.00,144.1,IpMispredict
     5.310973265,617635,,br_misp_retired.all_branches,97066464,100.00,,
     5.411175864,89561909,,inst_retired.any,95307767,100.00,144.0,IpMispredict
     5.411175864,615511,,br_misp_retired.all_branches,95307767,100.00,,
     5.511407085,89434195,,inst_retired.any,98367627,100.00,143.8,IpMispredict
     5.511407085,614331,,br_misp_retired.all_branches,98367627,100.00,,
     5.611614566,89876335,,inst_retired.any,101616256,100.00,144.6,IpMispredict
     5.611614566,616770,,br_misp_retired.all_branches,101616256,100.00,,
     5.711829874,89591448,,inst_retired.any,99632437,100.00,144.1,IpMispredict
     5.711829874,615760,,br_misp_retired.all_branches,99632437,100.00,,
     5.812032178,88811256,,inst_retired.any,98451612,100.00,142.9,IpMispredict
     5.812032178,614900,,br_misp_retired.all_branches,98451612,100.00,,
     5.912237639,90010882,,inst_retired.any,97508836,100.00,144.9,IpMispredict
     5.912237639,619062,,br_misp_retired.all_branches,97508836,100.00,,
     6.012441008,90012487,,inst_retired.any,94503806,100.00,144.9,IpMispredict
     6.012441008,622237,,br_misp_retired.all_branches,94503806,100.00,,
     6.112646282,89758985,,inst_retired.any,100238972,100.00,144.4,IpMispredict
     6.112646282,631450,,br_misp_retired.all_branches,100238972,100.00,,
     6.212854717,89385413,,inst_retired.any,95721508,100.00,143.8,IpMispredict
     6.212854717,622006,,br_misp_retired.all_branches,95721508,100.00,,
     6.313066766,89716103,,inst_retired.any,98258971,100.00,144.3,IpMispredict
     6.313066766,624085,,br_misp_retired.all_branches,98258971,100.00,,
     6.413269608,89623756,,inst_retired.any,98915253,100.00,144.2,IpMispredict
     6.413269608,619884,,br_misp_retired.all_branches,98915253,100.00,,
     6.513475951,89381088,,inst_retired.any,92007859,100.00,143.8,IpMispredict
     6.513475951,633756,,br_misp_retired.all_branches,92007859,100.00,,
     6.613675495,89972105,,inst_retired.any,95446283,100.00,144.7,IpMispredict
     6.613675495,623272,,br_misp_retired.all_branches,95446283,100.00,,
     6.713880348,89330830,,inst_retired.any,93559836,100.00,143.7,IpMispredict
     6.713880348,615740,,br_misp_retired.all_branches,93559836,100.00,,
     6.814081609,89935616,,inst_retired.any,93988627,100.00,144.7,IpMispredict
     6.814081609,622035,,br_misp_retired.all_branches,93988627,100.00,,
     6.914285373,89427372,,inst_retired.any,97406825,100.00,143.8,IpMispredict
     6.914285373,624889,,br_misp_retired.all_branches,97406825,100.00,,
     7.014485746,89740666,,inst_retired.any,96940290,100.00,144.3,IpMispredict
     7.014485746,629701,,br_misp_retired.all_branches,96940290,100.00,,
     7.114692036,89174510,,inst_retired.any,96694145,100.00,143.4,IpMispredict
     7.114692036,620586,,br_misp_retired.all_branches,96694145,100.00,,
     7.214899261,89960882,,inst_retired.any,100215756,100.00,144.7,IpMispredict
     7.214899261,620616,,br_misp_retired.all_branches,100215756,100.00,,
     7.315107364,89852023,,inst_retired.any,99881203,100.00,144.5,IpMispredict
     7.315107364,619637,,br_misp_retired.all_branches,99881203,100.00,,
     7.415316270,89558252,,inst_retired.any,95598294,100.00,144.0,IpMispredict
     7.415316270,616043,,br_misp_retired.all_branches,95598294,100.00,,
     7.515547598,89349783,,inst_retired.any,94457154,100.00,143.7,IpMispredict
     7.515547598,623563,,br_misp_retired.all_branches,94457154,100.00,,
     7.615755805,89550195,,inst_retired.any,97070915,100.00,144.0,IpMispredict
     7.615755805,620177,,br_misp_retired.all_branches,97070915,100.00,,
     7.715967521,89524624,,inst_retired.any,94368772,100.00,144.0,IpMispredict
     7.715967521,614813,,br_misp_retired.all_branches,94368772,100.00,,
     7.816185055,89783524,,inst_retired.any,93514020,100.00,144.4,IpMispredict
     7.816185055,618595,,br_misp_retired.all_branches,93514020,100.00,,
     7.916392525,89609647,,inst_retired.any,93284409,100.00,144.2,IpMispredict
     7.916392525,619335,,br_misp_retired.all_branches,93284409,100.00,,
     8.016598042,89494475,,inst_retired.any,100581321,100.00,144.0,IpMispredict
     8.016598042,612276,,br_misp_retired.all_branches,100581321,100.00,,
     8.116805401,89679315,,inst_retired.any,99399262,100.00,144.3,IpMispredict
     8.116805401,616272,,br_misp_retired.all_branches,99399262,100.00,,
     8.217011861,89657958,,inst_retired.any,98772638,100.00,144.3,IpMispredict
     8.217011861,612864,,br_misp_retired.all_branches,98772638,100.00,,
     8.317239570,90013810,,inst_retired.any,99890488,100.00,144.9,IpMispredict
     8.317239570,619338,,br_misp_retired.all_branches,99890488,100.00,,
     8.417447390,88877128,,inst_retired.any,92035915,100.00,143.1,IpMispredict
     8.417447390,619067,,br_misp_retired.all_branches,92035915,100.00,,
     8.517658711,90061640,,inst_retired.any,95214636,100.00,145.0,IpMispredict
     8.517658711,621157,,br_misp_retired.all_branches,95214636,100.00,,
     8.617862178,89745563,,inst_retired.any,94048961,100.00,144.4,IpMispredict
     8.617862178,636789,,br_misp_retired.all_branches,94048961,100.00,,
     8.718071675,89964825,,inst_retired.any,94884036,100.00,144.7,IpMispredict
     8.718071675,631753,,br_misp_retired.all_branches,94884036,100.00,,
     8.818279632,89519298,,inst_retired.any,98738804,100.00,144.0,IpMispredict
     8.818279632,623147,,br_misp_retired.all_branches,98738804,100.00,,
     8.918483439,89915656,,inst_retired.any,100692520,100.00,144.6,IpMispredict
     8.918483439,630699,,br_misp_retired.all_branches,100692520,100.00,,
     9.018684025,89774631,,inst_retired.any,97453686,100.00,144.4,IpMispredict
     9.018684025,621784,,br_misp_retired.all_branches,97453686,100.00,,
     9.118883800,89305070,,inst_retired.any,97659527,100.00,143.7,IpMispredict
     9.118883800,616878,,br_misp_retired.all_branches,97659527,100.00,,
     9.219087379,89967443,,inst_retired.any,97249363,100.00,144.7,IpMispredict
     9.219087379,618100,,br_misp_retired.all_branches,97249363,100.00,,
     9.319292036,89154320,,inst_retired.any,92426115,100.00,143.5,IpMispredict
     9.319292036,615265,,br_misp_retired.all_branches,92426115,100.00,,
     9.419500964,89618408,,inst_retired.any,95220801,100.00,144.2,IpMispredict
     9.419500964,616702,,br_misp_retired.all_branches,95220801,100.00,,
     9.519729712,90528159,,inst_retired.any,92596935,100.00,145.7,IpMispredict
     9.519729712,627815,,br_misp_retired.all_branches,92596935,100.00,,
     9.619931749,89518268,,inst_retired.any,92716087,100.00,144.0,IpMispredict
     9.619931749,637881,,br_misp_retired.all_branches,92716087,100.00,,
     9.720145505,90449125,,inst_retired.any,96525595,100.00,145.5,IpMispredict
     9.720145505,626388,,br_misp_retired.all_branches,96525595,100.00,,
     9.820351267,89428821,,inst_retired.any,93639869,100.00,143.8,IpMispredict
     9.820351267,617685,,br_misp_retired.all_branches,93639869,100.00,,
     9.920555014,89692732,,inst_retired.any,92438695,100.00,144.3,IpMispredict
     9.920555014,616620,,br_misp_retired.all_branches,92438695,100.00,,
    10.020759723,89474972,,inst_retired.any,94223646,100.00,143.9,IpMispredict
    10.020759723,615225,,br_misp_retired.all_branches,94223646,100.00,,
    10.120965579,89415896,,inst_retired.any,98133278,100.00,143.9,IpMispredict
    10.120965579,615804,,br_misp_retired.all_branches,98133278,100.00,,
    10.221163793,89587111,,inst_retired.any,95575811,100.00,144.2,IpMispredict
    10.221163793,615239,,br_misp_retired.all_branches,95575811,100.00,,
    10.321366294,89782816,,inst_retired.any,98853436,100.00,144.5,IpMispredict
    10.321366294,616631,,br_misp_retired.all_branches,98853436,100.00,,
    10.421569318,89407719,,inst_retired.any,96012552,100.00,143.9,IpMispredict
    10.421569318,615181,,br_misp_retired.all_branches,96012552,100.00,,
    10.521769253,89872435,,inst_retired.any,101655863,100.00,144.6,IpMispredict
    10.521769253,617799,,br_misp_retired.all_branches,101655863,100.00,,
    10.621932152,89396400,,inst_retired.any,98988043,100.00,143.9,IpMispredict
    10.621932152,614071,,br_misp_retired.all_branches,98988043,100.00,,
    10.722131252,89648627,,inst_retired.any,96966529,100.00,144.3,IpMispredict
    10.722131252,617721,,br_misp_retired.all_branches,96966529,100.00,,
    10.822339506,89832024,,inst_retired.any,96784319,100.00,144.6,IpMispredict
    10.822339506,618876,,br_misp_retired.all_branches,96784319,100.00,,
    10.922542986,89770060,,inst_retired.any,96433291,100.00,144.5,IpMispredict
    10.922542986,629755,,br_misp_retired.all_branches,96433291,100.00,,
    11.022769062,89607957,,inst_retired.any,97882497,100.00,144.2,IpMispredict
    11.022769062,619966,,br_misp_retired.all_branches,97882497,100.00,,
