# started on Mon May  1 15:45:41 2023

     0.100146380,58231945,,inst_retired.any,48662287,100.00,141.0,IpMispredict
     0.100146380,413113,,br_misp_retired.all_branches,48662287,100.00,,
     0.200407597,58125220,,inst_retired.any,48206666,100.00,140.8,IpMispredict
     0.200407597,412785,,br_misp_retired.all_branches,48206666,100.00,,
     0.300599259,58243672,,inst_retired.any,48174484,100.00,141.2,IpMispredict
     0.300599259,411594,,br_misp_retired.all_branches,48174484,100.00,,
     0.400789097,58158436,,inst_retired.any,48189650,100.00,141.4,IpMispredict
     0.400789097,407453,,br_misp_retired.all_branches,48189650,100.00,,
     0.500965196,58265919,,inst_retired.any,48207091,100.00,141.9,IpMispredict
     0.500965196,408242,,br_misp_retired.all_branches,48207091,100.00,,
     0.601157178,58387958,,inst_retired.any,48204880,100.00,142.3,IpMispredict
     0.601157178,408165,,br_misp_retired.all_branches,48204880,100.00,,
     0.701350925,58156677,,inst_retired.any,48214136,100.00,141.7,IpMispredict
     0.701350925,412063,,br_misp_retired.all_branches,48214136,100.00,,
     0.801543208,58129281,,inst_retired.any,48267480,100.00,141.4,IpMispredict
     0.801543208,414851,,br_misp_retired.all_branches,48267480,100.00,,
     0.901734893,58276965,,inst_retired.any,48170101,100.00,141.8,IpMispredict
     0.901734893,410230,,br_misp_retired.all_branches,48170101,100.00,,
     1.001922112,58295536,,inst_retired.any,48218450,100.00,141.9,IpMispredict
     1.001922112,410470,,br_misp_retired.all_branches,48218450,100.00,,
     1.102117008,58208314,,inst_retired.any,48250147,100.00,141.7,IpMispredict
     1.102117008,409472,,br_misp_retired.all_branches,48250147,100.00,,
     1.202308803,58508383,,inst_retired.any,48542012,100.00,142.4,IpMispredict
     1.202308803,413136,,br_misp_retired.all_branches,48542012,100.00,,
     1.302497180,58127193,,inst_retired.any,48154399,100.00,141.5,IpMispredict
     1.302497180,410015,,br_misp_retired.all_branches,48154399,100.00,,
     1.402686456,58494511,,inst_retired.any,48559380,100.00,142.3,IpMispredict
     1.402686456,412175,,br_misp_retired.all_branches,48559380,100.00,,
     1.502876983,58298896,,inst_retired.any,48270396,100.00,141.9,IpMispredict
     1.502876983,408514,,br_misp_retired.all_branches,48270396,100.00,,
     1.603064906,58419931,,inst_retired.any,48454725,100.00,142.1,IpMispredict
     1.603064906,413592,,br_misp_retired.all_branches,48454725,100.00,,
     1.703252110,58390564,,inst_retired.any,48411367,100.00,142.0,IpMispredict
     1.703252110,413937,,br_misp_retired.all_branches,48411367,100.00,,
     1.803440271,58245957,,inst_retired.any,48348607,100.00,141.6,IpMispredict
     1.803440271,413250,,br_misp_retired.all_branches,48348607,100.00,,
     1.903631091,58184233,,inst_retired.any,48256883,100.00,141.5,IpMispredict
     1.903631091,412343,,br_misp_retired.all_branches,48256883,100.00,,
     2.003828727,58161611,,inst_retired.any,48153165,100.00,141.4,IpMispredict
     2.003828727,411431,,br_misp_retired.all_branches,48153165,100.00,,
     2.104017252,58189681,,inst_retired.any,48190033,100.00,141.5,IpMispredict
     2.104017252,408374,,br_misp_retired.all_branches,48190033,100.00,,
     2.204205475,58688182,,inst_retired.any,48370570,100.00,142.7,IpMispredict
     2.204205475,412216,,br_misp_retired.all_branches,48370570,100.00,,
     2.304395563,58485704,,inst_retired.any,48451237,100.00,142.1,IpMispredict
     2.304395563,417163,,br_misp_retired.all_branches,48451237,100.00,,
     2.404583509,58332697,,inst_retired.any,48359546,100.00,141.7,IpMispredict
     2.404583509,416073,,br_misp_retired.all_branches,48359546,100.00,,
     2.504772124,58006642,,inst_retired.any,47920635,100.00,140.9,IpMispredict
     2.504772124,409256,,br_misp_retired.all_branches,47920635,100.00,,
     2.604959556,58298145,,inst_retired.any,48143289,100.00,141.7,IpMispredict
     2.604959556,409157,,br_misp_retired.all_branches,48143289,100.00,,
     2.705150336,58288125,,inst_retired.any,48258664,100.00,141.6,IpMispredict
     2.705150336,411479,,br_misp_retired.all_branches,48258664,100.00,,
     2.805360087,58459717,,inst_retired.any,48301442,100.00,142.0,IpMispredict
     2.805360087,415377,,br_misp_retired.all_branches,48301442,100.00,,
     2.905550127,58310320,,inst_retired.any,48330857,100.00,141.6,IpMispredict
     2.905550127,413238,,br_misp_retired.all_branches,48330857,100.00,,
     3.005738966,58254668,,inst_retired.any,48156756,100.00,141.5,IpMispredict
     3.005738966,409673,,br_misp_retired.all_branches,48156756,100.00,,
     3.105931002,57922521,,inst_retired.any,48353112,100.00,140.8,IpMispredict
     3.105931002,408233,,br_misp_retired.all_branches,48353112,100.00,,
     3.206120626,58173281,,inst_retired.any,48024971,100.00,141.4,IpMispredict
     3.206120626,407771,,br_misp_retired.all_branches,48024971,100.00,,
     3.306315224,58539332,,inst_retired.any,48542090,100.00,142.3,IpMispredict
     3.306315224,414691,,br_misp_retired.all_branches,48542090,100.00,,
     3.406507240,58681612,,inst_retired.any,48534688,100.00,142.6,IpMispredict
     3.406507240,411373,,br_misp_retired.all_branches,48534688,100.00,,
     3.506682410,58045892,,inst_retired.any,48243156,100.00,141.1,IpMispredict
     3.506682410,407735,,br_misp_retired.all_branches,48243156,100.00,,
     3.606877476,58169516,,inst_retired.any,48224947,100.00,141.4,IpMispredict
     3.606877476,410997,,br_misp_retired.all_branches,48224947,100.00,,
     3.707066058,58236505,,inst_retired.any,48145315,100.00,141.6,IpMispredict
     3.707066058,407290,,br_misp_retired.all_branches,48145315,100.00,,
     3.807256760,58229567,,inst_retired.any,48133762,100.00,141.6,IpMispredict
     3.807256760,410911,,br_misp_retired.all_branches,48133762,100.00,,
     3.907450220,58396014,,inst_retired.any,48292299,100.00,142.0,IpMispredict
     3.907450220,408454,,br_misp_retired.all_branches,48292299,100.00,,
     4.007617341,58272019,,inst_retired.any,48319842,100.00,141.7,IpMispredict
     4.007617341,414041,,br_misp_retired.all_branches,48319842,100.00,,
     4.107808428,58273983,,inst_retired.any,48298254,100.00,141.7,IpMispredict
     4.107808428,410132,,br_misp_retired.all_branches,48298254,100.00,,
     4.207995817,59132254,,inst_retired.any,48905454,100.00,143.8,IpMispredict
     4.207995817,413124,,br_misp_retired.all_branches,48905454,100.00,,
     4.308188110,58278688,,inst_retired.any,48164204,100.00,141.7,IpMispredict
     4.308188110,409928,,br_misp_retired.all_branches,48164204,100.00,,
     4.408380459,58384096,,inst_retired.any,48460330,100.00,142.0,IpMispredict
     4.408380459,412973,,br_misp_retired.all_branches,48460330,100.00,,
     4.508569164,58340945,,inst_retired.any,48149903,100.00,141.9,IpMispredict
     4.508569164,411379,,br_misp_retired.all_branches,48149903,100.00,,
     4.608756596,58266711,,inst_retired.any,48163102,100.00,141.7,IpMispredict
     4.608756596,411805,,br_misp_retired.all_branches,48163102,100.00,,
     4.708946240,58407669,,inst_retired.any,48422556,100.00,142.0,IpMispredict
     4.708946240,414919,,br_misp_retired.all_branches,48422556,100.00,,
     4.809135128,58347230,,inst_retired.any,48103787,100.00,141.9,IpMispredict
     4.809135128,408527,,br_misp_retired.all_branches,48103787,100.00,,
     4.909323609,57813141,,inst_retired.any,47641581,100.00,140.6,IpMispredict
     4.909323609,401092,,br_misp_retired.all_branches,47641581,100.00,,
     5.009514196,58398547,,inst_retired.any,48218784,100.00,142.1,IpMispredict
     5.009514196,407227,,br_misp_retired.all_branches,48218784,100.00,,
     5.109702916,58433700,,inst_retired.any,48141128,100.00,142.2,IpMispredict
     5.109702916,409195,,br_misp_retired.all_branches,48141128,100.00,,
     5.209890031,58377407,,inst_retired.any,48190984,100.00,142.0,IpMispredict
     5.209890031,411055,,br_misp_retired.all_branches,48190984,100.00,,
     5.310078188,58213191,,inst_retired.any,48249732,100.00,141.6,IpMispredict
     5.310078188,412421,,br_misp_retired.all_branches,48249732,100.00,,
     5.410270313,58235991,,inst_retired.any,48164963,100.00,141.7,IpMispredict
     5.410270313,409827,,br_misp_retired.all_branches,48164963,100.00,,
     5.510483796,58231443,,inst_retired.any,48131347,100.00,141.7,IpMispredict
     5.510483796,409043,,br_misp_retired.all_branches,48131347,100.00,,
     5.610695834,58212947,,inst_retired.any,48202142,100.00,141.6,IpMispredict
     5.610695834,415139,,br_misp_retired.all_branches,48202142,100.00,,
     5.710891312,57898257,,inst_retired.any,48193241,100.00,140.9,IpMispredict
     5.710891312,409935,,br_misp_retired.all_branches,48193241,100.00,,
     5.811084979,58490361,,inst_retired.any,48560326,100.00,142.3,IpMispredict
     5.811084979,414329,,br_misp_retired.all_branches,48560326,100.00,,
     5.911280035,58615031,,inst_retired.any,48563899,100.00,142.6,IpMispredict
     5.911280035,413426,,br_misp_retired.all_branches,48563899,100.00,,
     6.011471246,58216593,,inst_retired.any,48276628,100.00,141.6,IpMispredict
     6.011471246,413850,,br_misp_retired.all_branches,48276628,100.00,,
     6.111664296,58222867,,inst_retired.any,48164807,100.00,141.6,IpMispredict
     6.111664296,413185,,br_misp_retired.all_branches,48164807,100.00,,
     6.211855718,58211398,,inst_retired.any,48159954,100.00,141.6,IpMispredict
     6.211855718,410285,,br_misp_retired.all_branches,48159954,100.00,,
     6.312046774,58052917,,inst_retired.any,48171012,100.00,141.2,IpMispredict
     6.312046774,411744,,br_misp_retired.all_branches,48171012,100.00,,
     6.412238717,58228648,,inst_retired.any,48123572,100.00,141.6,IpMispredict
     6.412238717,409358,,br_misp_retired.all_branches,48123572,100.00,,
     6.512430037,58300480,,inst_retired.any,48180336,100.00,141.8,IpMispredict
     6.512430037,409597,,br_misp_retired.all_branches,48180336,100.00,,
     6.612620634,58244891,,inst_retired.any,48219088,100.00,141.7,IpMispredict
     6.612620634,412807,,br_misp_retired.all_branches,48219088,100.00,,
     6.712809712,58246217,,inst_retired.any,48159212,100.00,141.7,IpMispredict
     6.712809712,412453,,br_misp_retired.all_branches,48159212,100.00,,
     6.813001828,58239231,,inst_retired.any,48164774,100.00,141.6,IpMispredict
     6.813001828,412778,,br_misp_retired.all_branches,48164774,100.00,,
     6.913194515,58326012,,inst_retired.any,48091903,100.00,141.9,IpMispredict
     6.913194515,409490,,br_misp_retired.all_branches,48091903,100.00,,
     7.013389598,58304041,,inst_retired.any,48151903,100.00,141.8,IpMispredict
     7.013389598,411414,,br_misp_retired.all_branches,48151903,100.00,,
     7.113587975,58619149,,inst_retired.any,48193074,100.00,142.6,IpMispredict
     7.113587975,411024,,br_misp_retired.all_branches,48193074,100.00,,
     7.213778682,58860960,,inst_retired.any,48393545,100.00,143.1,IpMispredict
     7.213778682,417087,,br_misp_retired.all_branches,48393545,100.00,,
     7.313971395,58329614,,inst_retired.any,48209733,100.00,141.8,IpMispredict
     7.313971395,412532,,br_misp_retired.all_branches,48209733,100.00,,
     7.414160722,58186911,,inst_retired.any,48191175,100.00,141.5,IpMispredict
     7.414160722,415144,,br_misp_retired.all_branches,48191175,100.00,,
     7.514350890,58246695,,inst_retired.any,48005984,100.00,141.6,IpMispredict
     7.514350890,409637,,br_misp_retired.all_branches,48005984,100.00,,
     7.614538345,58347681,,inst_retired.any,48197999,100.00,141.9,IpMispredict
     7.614538345,412023,,br_misp_retired.all_branches,48197999,100.00,,
     7.714727924,58076312,,inst_retired.any,47956610,100.00,141.2,IpMispredict
     7.714727924,408465,,br_misp_retired.all_branches,47956610,100.00,,
     7.814916227,58297999,,inst_retired.any,48152953,100.00,141.7,IpMispredict
     7.814916227,414384,,br_misp_retired.all_branches,48152953,100.00,,
     7.915105875,58317077,,inst_retired.any,48194617,100.00,141.8,IpMispredict
     7.915105875,413732,,br_misp_retired.all_branches,48194617,100.00,,
     8.015293416,58197853,,inst_retired.any,48082146,100.00,141.5,IpMispredict
     8.015293416,410684,,br_misp_retired.all_branches,48082146,100.00,,
     8.115483855,58351767,,inst_retired.any,48194714,100.00,141.8,IpMispredict
     8.115483855,413223,,br_misp_retired.all_branches,48194714,100.00,,
     8.215676002,58158568,,inst_retired.any,48233310,100.00,141.4,IpMispredict
     8.215676002,408836,,br_misp_retired.all_branches,48233310,100.00,,
     8.315898294,58112607,,inst_retired.any,48246470,100.00,141.3,IpMispredict
     8.315898294,413973,,br_misp_retired.all_branches,48246470,100.00,,
     8.416071028,58271795,,inst_retired.any,48287964,100.00,141.6,IpMispredict
     8.416071028,414310,,br_misp_retired.all_branches,48287964,100.00,,
     8.516248821,58304187,,inst_retired.any,48243869,100.00,141.7,IpMispredict
     8.516248821,410023,,br_misp_retired.all_branches,48243869,100.00,,
     8.616439871,58369213,,inst_retired.any,48286614,100.00,141.9,IpMispredict
     8.616439871,411379,,br_misp_retired.all_branches,48286614,100.00,,
     8.716631532,58406922,,inst_retired.any,48223587,100.00,142.0,IpMispredict
     8.716631532,408603,,br_misp_retired.all_branches,48223587,100.00,,
     8.816836137,58302020,,inst_retired.any,48175091,100.00,141.7,IpMispredict
     8.816836137,408932,,br_misp_retired.all_branches,48175091,100.00,,
     8.917027107,58224044,,inst_retired.any,48014880,100.00,141.6,IpMispredict
     8.917027107,405497,,br_misp_retired.all_branches,48014880,100.00,,
     9.017215751,58294925,,inst_retired.any,48247109,100.00,141.7,IpMispredict
     9.017215751,411614,,br_misp_retired.all_branches,48247109,100.00,,
     9.117404296,58006129,,inst_retired.any,47924287,100.00,141.0,IpMispredict
     9.117404296,409810,,br_misp_retired.all_branches,47924287,100.00,,
     9.217591289,58449308,,inst_retired.any,48427843,100.00,142.1,IpMispredict
     9.217591289,412446,,br_misp_retired.all_branches,48427843,100.00,,
     9.317780732,58310885,,inst_retired.any,48518004,100.00,141.8,IpMispredict
     9.317780732,414392,,br_misp_retired.all_branches,48518004,100.00,,
     9.417973143,58192337,,inst_retired.any,48187127,100.00,141.5,IpMispredict
     9.417973143,407570,,br_misp_retired.all_branches,48187127,100.00,,
     9.518166107,58138667,,inst_retired.any,48221786,100.00,141.4,IpMispredict
     9.518166107,409112,,br_misp_retired.all_branches,48221786,100.00,,
     9.618363070,58250263,,inst_retired.any,48246137,100.00,141.6,IpMispredict
     9.618363070,411407,,br_misp_retired.all_branches,48246137,100.00,,
     9.718553823,57910867,,inst_retired.any,48138669,100.00,140.8,IpMispredict
     9.718553823,405648,,br_misp_retired.all_branches,48138669,100.00,,
     9.818741297,58678717,,inst_retired.any,48602107,100.00,142.7,IpMispredict
     9.818741297,414259,,br_misp_retired.all_branches,48602107,100.00,,
     9.918934138,58285025,,inst_retired.any,48210059,100.00,141.7,IpMispredict
     9.918934138,410559,,br_misp_retired.all_branches,48210059,100.00,,
    10.019125944,58335078,,inst_retired.any,48188989,100.00,141.9,IpMispredict
    10.019125944,410126,,br_misp_retired.all_branches,48188989,100.00,,
    10.119318641,58280751,,inst_retired.any,48108311,100.00,141.7,IpMispredict
    10.119318641,408321,,br_misp_retired.all_branches,48108311,100.00,,
    10.219506219,58200193,,inst_retired.any,48179174,100.00,141.6,IpMispredict
    10.219506219,409858,,br_misp_retired.all_branches,48179174,100.00,,
    10.319694640,58367452,,inst_retired.any,48238901,100.00,142.0,IpMispredict
    10.319694640,410494,,br_misp_retired.all_branches,48238901,100.00,,
    10.419886883,58233531,,inst_retired.any,48261744,100.00,141.6,IpMispredict
    10.419886883,410096,,br_misp_retired.all_branches,48261744,100.00,,
    10.520079629,58110756,,inst_retired.any,48112776,100.00,141.3,IpMispredict
    10.520079629,409626,,br_misp_retired.all_branches,48112776,100.00,,
    10.620269383,58324132,,inst_retired.any,48315175,100.00,141.9,IpMispredict
    10.620269383,412066,,br_misp_retired.all_branches,48315175,100.00,,
    10.720459374,58308158,,inst_retired.any,48321504,100.00,141.8,IpMispredict
    10.720459374,410823,,br_misp_retired.all_branches,48321504,100.00,,
    10.820648904,58169637,,inst_retired.any,48345642,100.00,141.5,IpMispredict
    10.820648904,415900,,br_misp_retired.all_branches,48345642,100.00,,
    10.920839954,58241030,,inst_retired.any,48218524,100.00,141.6,IpMispredict
    10.920839954,412097,,br_misp_retired.all_branches,48218524,100.00,,
    11.021049327,58155304,,inst_retired.any,48289136,100.00,141.4,IpMispredict
    11.021049327,414269,,br_misp_retired.all_branches,48289136,100.00,,
