# started on Tue May  2 15:09:16 2023

     0.100266903,30320961,,inst_retired.any,42279011,100.00,118.2,IpMispredict
     0.100266903,256563,,br_misp_retired.all_branches,42279011,100.00,,
     0.200532673,29697224,,inst_retired.any,42276530,100.00,116.5,IpMispredict
     0.200532673,253060,,br_misp_retired.all_branches,42276530,100.00,,
     0.300733056,29971294,,inst_retired.any,42014665,100.00,120.8,IpMispredict
     0.300733056,234899,,br_misp_retired.all_branches,42014665,100.00,,
     0.400936041,29709872,,inst_retired.any,40749857,100.00,122.6,IpMispredict
     0.400936041,224596,,br_misp_retired.all_branches,40749857,100.00,,
     0.501140831,30718690,,inst_retired.any,43983048,100.00,125.2,IpMispredict
     0.501140831,257798,,br_misp_retired.all_branches,43983048,100.00,,
     0.601351223,28823943,,inst_retired.any,40135516,100.00,119.5,IpMispredict
     0.601351223,220888,,br_misp_retired.all_branches,40135516,100.00,,
     0.701553036,30340572,,inst_retired.any,44636385,100.00,124.9,IpMispredict
     0.701553036,252433,,br_misp_retired.all_branches,44636385,100.00,,
     0.801760090,29150613,,inst_retired.any,42096417,100.00,120.1,IpMispredict
     0.801760090,240809,,br_misp_retired.all_branches,42096417,100.00,,
     0.901960118,29398364,,inst_retired.any,42579973,100.00,120.9,IpMispredict
     0.901960118,246823,,br_misp_retired.all_branches,42579973,100.00,,
     1.002159478,29413232,,inst_retired.any,43711567,100.00,121.0,IpMispredict
     1.002159478,242428,,br_misp_retired.all_branches,43711567,100.00,,
     1.102359119,29044317,,inst_retired.any,40641235,100.00,120.1,IpMispredict
     1.102359119,229858,,br_misp_retired.all_branches,40641235,100.00,,
     1.202566484,29458963,,inst_retired.any,43994379,100.00,122.2,IpMispredict
     1.202566484,233687,,br_misp_retired.all_branches,43994379,100.00,,
     1.302767829,29393217,,inst_retired.any,42418545,100.00,122.5,IpMispredict
     1.302767829,225131,,br_misp_retired.all_branches,42418545,100.00,,
     1.402972582,29320444,,inst_retired.any,43266566,100.00,122.4,IpMispredict
     1.402972582,234394,,br_misp_retired.all_branches,43266566,100.00,,
     1.503172964,29266455,,inst_retired.any,42451394,100.00,122.8,IpMispredict
     1.503172964,221062,,br_misp_retired.all_branches,42451394,100.00,,
     1.603379438,29218484,,inst_retired.any,43161216,100.00,122.8,IpMispredict
     1.603379438,232290,,br_misp_retired.all_branches,43161216,100.00,,
     1.703584852,29238307,,inst_retired.any,41222313,100.00,123.2,IpMispredict
     1.703584852,226658,,br_misp_retired.all_branches,41222313,100.00,,
     1.803786851,29342393,,inst_retired.any,42404538,100.00,123.7,IpMispredict
     1.803786851,236208,,br_misp_retired.all_branches,42404538,100.00,,
     1.903991764,29384409,,inst_retired.any,43317809,100.00,124.1,IpMispredict
     1.903991764,229842,,br_misp_retired.all_branches,43317809,100.00,,
     2.004197329,29118918,,inst_retired.any,42732327,100.00,123.0,IpMispredict
     2.004197329,234159,,br_misp_retired.all_branches,42732327,100.00,,
     2.104398232,29269193,,inst_retired.any,42497134,100.00,123.8,IpMispredict
     2.104398232,232595,,br_misp_retired.all_branches,42497134,100.00,,
     2.204600452,29467133,,inst_retired.any,44325606,100.00,123.9,IpMispredict
     2.204600452,265778,,br_misp_retired.all_branches,44325606,100.00,,
     2.304803395,29079294,,inst_retired.any,42636802,100.00,122.4,IpMispredict
     2.304803395,233265,,br_misp_retired.all_branches,42636802,100.00,,
     2.405009794,29587464,,inst_retired.any,44007967,100.00,124.3,IpMispredict
     2.405009794,246600,,br_misp_retired.all_branches,44007967,100.00,,
     2.505210149,29179629,,inst_retired.any,42512571,100.00,122.6,IpMispredict
     2.505210149,238328,,br_misp_retired.all_branches,42512571,100.00,,
     2.605418835,29233896,,inst_retired.any,42771783,100.00,123.0,IpMispredict
     2.605418835,227328,,br_misp_retired.all_branches,42771783,100.00,,
     2.705628171,29221624,,inst_retired.any,42366186,100.00,123.0,IpMispredict
     2.705628171,235246,,br_misp_retired.all_branches,42366186,100.00,,
     2.805853321,29384706,,inst_retired.any,43078647,100.00,123.8,IpMispredict
     2.805853321,235082,,br_misp_retired.all_branches,43078647,100.00,,
     2.906051863,29148657,,inst_retired.any,42708016,100.00,122.9,IpMispredict
     2.906051863,230911,,br_misp_retired.all_branches,42708016,100.00,,
     3.006251544,29106409,,inst_retired.any,43295624,100.00,122.9,IpMispredict
     3.006251544,224086,,br_misp_retired.all_branches,43295624,100.00,,
     3.106449611,29535026,,inst_retired.any,43533219,100.00,124.6,IpMispredict
     3.106449611,242957,,br_misp_retired.all_branches,43533219,100.00,,
     3.206649917,29078618,,inst_retired.any,40615408,100.00,122.9,IpMispredict
     3.206649917,223482,,br_misp_retired.all_branches,40615408,100.00,,
     3.306850169,29477042,,inst_retired.any,40679483,100.00,124.5,IpMispredict
     3.306850169,240835,,br_misp_retired.all_branches,40679483,100.00,,
     3.407054925,29055916,,inst_retired.any,41217187,100.00,122.7,IpMispredict
     3.407054925,238265,,br_misp_retired.all_branches,41217187,100.00,,
     3.507260005,29194873,,inst_retired.any,42113251,100.00,123.0,IpMispredict
     3.507260005,260331,,br_misp_retired.all_branches,42113251,100.00,,
     3.607476979,29284209,,inst_retired.any,41162743,100.00,123.5,IpMispredict
     3.607476979,229184,,br_misp_retired.all_branches,41162743,100.00,,
     3.707675119,29440857,,inst_retired.any,41682235,100.00,124.1,IpMispredict
     3.707675119,240717,,br_misp_retired.all_branches,41682235,100.00,,
     3.807877957,29142531,,inst_retired.any,41875569,100.00,123.0,IpMispredict
     3.807877957,222260,,br_misp_retired.all_branches,41875569,100.00,,
     3.908080374,29694297,,inst_retired.any,43385172,100.00,125.1,IpMispredict
     3.908080374,258025,,br_misp_retired.all_branches,43385172,100.00,,
     4.008285104,28973816,,inst_retired.any,40228914,100.00,122.3,IpMispredict
     4.008285104,220937,,br_misp_retired.all_branches,40228914,100.00,,
     4.108492372,29197422,,inst_retired.any,41887343,100.00,123.2,IpMispredict
     4.108492372,236508,,br_misp_retired.all_branches,41887343,100.00,,
     4.208703937,29165475,,inst_retired.any,41427878,100.00,123.2,IpMispredict
     4.208703937,226300,,br_misp_retired.all_branches,41427878,100.00,,
     4.308906565,29367106,,inst_retired.any,41940708,100.00,124.2,IpMispredict
     4.308906565,220971,,br_misp_retired.all_branches,41940708,100.00,,
     4.409114706,29317811,,inst_retired.any,41646236,100.00,124.0,IpMispredict
     4.409114706,238403,,br_misp_retired.all_branches,41646236,100.00,,
     4.509321242,28991784,,inst_retired.any,41181861,100.00,122.7,IpMispredict
     4.509321242,228381,,br_misp_retired.all_branches,41181861,100.00,,
     4.609523068,29545379,,inst_retired.any,40778723,100.00,125.1,IpMispredict
     4.609523068,234757,,br_misp_retired.all_branches,40778723,100.00,,
     4.709727676,29303506,,inst_retired.any,42237266,100.00,124.0,IpMispredict
     4.709727676,240461,,br_misp_retired.all_branches,42237266,100.00,,
     4.809931932,28915257,,inst_retired.any,40740772,100.00,122.5,IpMispredict
     4.809931932,226435,,br_misp_retired.all_branches,40740772,100.00,,
     4.910132270,30773813,,inst_retired.any,43680866,100.00,130.2,IpMispredict
     4.910132270,247023,,br_misp_retired.all_branches,43680866,100.00,,
     5.010336606,29271684,,inst_retired.any,41482634,100.00,124.0,IpMispredict
     5.010336606,219375,,br_misp_retired.all_branches,41482634,100.00,,
     5.110536758,29181323,,inst_retired.any,41469817,100.00,123.9,IpMispredict
     5.110536758,217215,,br_misp_retired.all_branches,41469817,100.00,,
     5.210735647,28984028,,inst_retired.any,41228881,100.00,123.1,IpMispredict
     5.210735647,224729,,br_misp_retired.all_branches,41228881,100.00,,
     5.310934365,29399033,,inst_retired.any,41957290,100.00,124.9,IpMispredict
     5.310934365,239564,,br_misp_retired.all_branches,41957290,100.00,,
     5.411139018,29611156,,inst_retired.any,42968124,100.00,125.8,IpMispredict
     5.411139018,235540,,br_misp_retired.all_branches,42968124,100.00,,
     5.511362299,28687839,,inst_retired.any,36793457,100.00,122.0,IpMispredict
     5.511362299,215769,,br_misp_retired.all_branches,36793457,100.00,,
     5.611566300,29800815,,inst_retired.any,41624172,100.00,126.7,IpMispredict
     5.611566300,235777,,br_misp_retired.all_branches,41624172,100.00,,
     5.711750709,29831589,,inst_retired.any,42558664,100.00,126.9,IpMispredict
     5.711750709,233204,,br_misp_retired.all_branches,42558664,100.00,,
     5.811955026,29145733,,inst_retired.any,42320520,100.00,124.0,IpMispredict
     5.811955026,233958,,br_misp_retired.all_branches,42320520,100.00,,
     5.912159288,29537410,,inst_retired.any,42899254,100.00,125.8,IpMispredict
     5.912159288,222934,,br_misp_retired.all_branches,42899254,100.00,,
     6.012360963,28967517,,inst_retired.any,42460804,100.00,123.5,IpMispredict
     6.012360963,219902,,br_misp_retired.all_branches,42460804,100.00,,
     6.112559476,29083728,,inst_retired.any,43069602,100.00,124.1,IpMispredict
     6.112559476,221096,,br_misp_retired.all_branches,43069602,100.00,,
     6.212762457,29161404,,inst_retired.any,42513456,100.00,124.4,IpMispredict
     6.212762457,232986,,br_misp_retired.all_branches,42513456,100.00,,
     6.312961196,29559821,,inst_retired.any,43209106,100.00,126.2,IpMispredict
     6.312961196,230121,,br_misp_retired.all_branches,43209106,100.00,,
     6.413165016,29269503,,inst_retired.any,43523467,100.00,124.9,IpMispredict
     6.413165016,235344,,br_misp_retired.all_branches,43523467,100.00,,
     6.513363848,29285123,,inst_retired.any,42682667,100.00,125.1,IpMispredict
     6.513363848,219402,,br_misp_retired.all_branches,42682667,100.00,,
     6.613568460,28985432,,inst_retired.any,41430132,100.00,123.8,IpMispredict
     6.613568460,232543,,br_misp_retired.all_branches,41430132,100.00,,
     6.713769514,29522683,,inst_retired.any,44106944,100.00,126.1,IpMispredict
     6.713769514,237082,,br_misp_retired.all_branches,44106944,100.00,,
     6.813969309,29242736,,inst_retired.any,42876861,100.00,124.6,IpMispredict
     6.813969309,268762,,br_misp_retired.all_branches,42876861,100.00,,
     6.914173894,29360690,,inst_retired.any,43420930,100.00,125.2,IpMispredict
     6.914173894,226681,,br_misp_retired.all_branches,43420930,100.00,,
     7.014379338,29321740,,inst_retired.any,42987117,100.00,125.0,IpMispredict
     7.014379338,240958,,br_misp_retired.all_branches,42987117,100.00,,
     7.114577573,29399168,,inst_retired.any,42374422,100.00,125.4,IpMispredict
     7.114577573,220292,,br_misp_retired.all_branches,42374422,100.00,,
     7.214777975,29218945,,inst_retired.any,43107976,100.00,124.7,IpMispredict
     7.214777975,232318,,br_misp_retired.all_branches,43107976,100.00,,
     7.314981782,29331179,,inst_retired.any,43037250,100.00,125.2,IpMispredict
     7.314981782,224377,,br_misp_retired.all_branches,43037250,100.00,,
     7.415183551,29368296,,inst_retired.any,43195070,100.00,125.3,IpMispredict
     7.415183551,247384,,br_misp_retired.all_branches,43195070,100.00,,
     7.515390743,29218211,,inst_retired.any,42988106,100.00,124.7,IpMispredict
     7.515390743,223848,,br_misp_retired.all_branches,42988106,100.00,,
     7.615592621,29104476,,inst_retired.any,42446397,100.00,124.3,IpMispredict
     7.615592621,231094,,br_misp_retired.all_branches,42446397,100.00,,
     7.715798751,29344870,,inst_retired.any,41786179,100.00,125.4,IpMispredict
     7.715798751,215826,,br_misp_retired.all_branches,41786179,100.00,,
     7.816011394,29283659,,inst_retired.any,41228015,100.00,125.2,IpMispredict
     7.816011394,232860,,br_misp_retired.all_branches,41228015,100.00,,
     7.916217563,29214524,,inst_retired.any,43467699,100.00,125.0,IpMispredict
     7.916217563,219961,,br_misp_retired.all_branches,43467699,100.00,,
     8.016425854,29396008,,inst_retired.any,43744172,100.00,125.7,IpMispredict
     8.016425854,239517,,br_misp_retired.all_branches,43744172,100.00,,
     8.116631766,28812728,,inst_retired.any,42467477,100.00,123.4,IpMispredict
     8.116631766,210620,,br_misp_retired.all_branches,42467477,100.00,,
     8.216836847,29586249,,inst_retired.any,43608882,100.00,126.8,IpMispredict
     8.216836847,220112,,br_misp_retired.all_branches,43608882,100.00,,
     8.317063290,29148496,,inst_retired.any,43552696,100.00,124.9,IpMispredict
     8.317063290,224790,,br_misp_retired.all_branches,43552696,100.00,,
     8.417268704,29036889,,inst_retired.any,41423024,100.00,124.5,IpMispredict
     8.417268704,228289,,br_misp_retired.all_branches,41423024,100.00,,
     8.517472961,29651156,,inst_retired.any,44254407,100.00,127.2,IpMispredict
     8.517472961,226420,,br_misp_retired.all_branches,44254407,100.00,,
     8.617673214,29080693,,inst_retired.any,42522648,100.00,124.8,IpMispredict
     8.617673214,216014,,br_misp_retired.all_branches,42522648,100.00,,
     8.717878391,29505646,,inst_retired.any,43661508,100.00,126.7,IpMispredict
     8.717878391,227578,,br_misp_retired.all_branches,43661508,100.00,,
     8.818076327,29353698,,inst_retired.any,42783204,100.00,125.9,IpMispredict
     8.818076327,248092,,br_misp_retired.all_branches,42783204,100.00,,
     8.918277227,28965476,,inst_retired.any,43005659,100.00,124.3,IpMispredict
     8.918277227,228581,,br_misp_retired.all_branches,43005659,100.00,,
     9.018478034,29537775,,inst_retired.any,43097025,100.00,126.7,IpMispredict
     9.018478034,238388,,br_misp_retired.all_branches,43097025,100.00,,
     9.118681404,29323891,,inst_retired.any,41642280,100.00,125.9,IpMispredict
     9.118681404,224804,,br_misp_retired.all_branches,41642280,100.00,,
     9.218880870,29267151,,inst_retired.any,43948956,100.00,125.5,IpMispredict
     9.218880870,252902,,br_misp_retired.all_branches,43948956,100.00,,
     9.319081373,29269240,,inst_retired.any,43225106,100.00,125.5,IpMispredict
     9.319081373,230720,,br_misp_retired.all_branches,43225106,100.00,,
     9.419282537,29148855,,inst_retired.any,42821042,100.00,125.0,IpMispredict
     9.419282537,225873,,br_misp_retired.all_branches,42821042,100.00,,
     9.519494827,29507038,,inst_retired.any,44349694,100.00,126.6,IpMispredict
     9.519494827,227223,,br_misp_retired.all_branches,44349694,100.00,,
     9.619696321,29141005,,inst_retired.any,42872011,100.00,125.1,IpMispredict
     9.619696321,220707,,br_misp_retired.all_branches,42872011,100.00,,
     9.719898592,29396875,,inst_retired.any,43862058,100.00,126.2,IpMispredict
     9.719898592,229751,,br_misp_retired.all_branches,43862058,100.00,,
     9.820099008,28986024,,inst_retired.any,42952638,100.00,124.5,IpMispredict
     9.820099008,221072,,br_misp_retired.all_branches,42952638,100.00,,
     9.920298180,29631159,,inst_retired.any,43192742,100.00,127.3,IpMispredict
     9.920298180,234995,,br_misp_retired.all_branches,43192742,100.00,,
    10.020500564,29068921,,inst_retired.any,42517883,100.00,125.0,IpMispredict
    10.020500564,216874,,br_misp_retired.all_branches,42517883,100.00,,
    10.120701682,29093728,,inst_retired.any,42519926,100.00,125.1,IpMispredict
    10.120701682,223153,,br_misp_retired.all_branches,42519926,100.00,,
    10.220903111,29597400,,inst_retired.any,43331097,100.00,127.3,IpMispredict
    10.220903111,221449,,br_misp_retired.all_branches,43331097,100.00,,
    10.321103719,29185381,,inst_retired.any,43179518,100.00,125.5,IpMispredict
    10.321103719,237633,,br_misp_retired.all_branches,43179518,100.00,,
    10.421304409,29277316,,inst_retired.any,43739439,100.00,125.9,IpMispredict
    10.421304409,232664,,br_misp_retired.all_branches,43739439,100.00,,
    10.521504985,28936125,,inst_retired.any,43000370,100.00,124.5,IpMispredict
    10.521504985,226465,,br_misp_retired.all_branches,43000370,100.00,,
    10.621709915,29248956,,inst_retired.any,43030176,100.00,125.8,IpMispredict
    10.621709915,234193,,br_misp_retired.all_branches,43030176,100.00,,
    10.721913525,30165526,,inst_retired.any,43757844,100.00,129.6,IpMispredict
    10.721913525,264462,,br_misp_retired.all_branches,43757844,100.00,,
    10.822114876,29227239,,inst_retired.any,41979953,100.00,125.6,IpMispredict
    10.822114876,235549,,br_misp_retired.all_branches,41979953,100.00,,
    10.922319579,29461893,,inst_retired.any,42901414,100.00,126.6,IpMispredict
    10.922319579,229154,,br_misp_retired.all_branches,42901414,100.00,,
    11.022538591,29110019,,inst_retired.any,43198887,100.00,125.1,IpMispredict
    11.022538591,232059,,br_misp_retired.all_branches,43198887,100.00,,
