# started on Tue May  2 15:09:30 2023

     0.100256883,58309131,,inst_retired.any,52835756,100.00,137.4,IpMispredict
     0.100256883,424340,,br_misp_retired.all_branches,52835756,100.00,,
     0.200514292,58554635,,inst_retired.any,52663164,100.00,138.3,IpMispredict
     0.200514292,422245,,br_misp_retired.all_branches,52663164,100.00,,
     0.300717276,58301993,,inst_retired.any,52209174,100.00,138.3,IpMispredict
     0.300717276,418537,,br_misp_retired.all_branches,52209174,100.00,,
     0.400917031,58216828,,inst_retired.any,52352649,100.00,138.2,IpMispredict
     0.400917031,419322,,br_misp_retired.all_branches,52352649,100.00,,
     0.501120183,58844140,,inst_retired.any,52819079,100.00,139.5,IpMispredict
     0.501120183,424548,,br_misp_retired.all_branches,52819079,100.00,,
     0.601322386,57996178,,inst_retired.any,52214201,100.00,137.7,IpMispredict
     0.601322386,417538,,br_misp_retired.all_branches,52214201,100.00,,
     0.701526036,58532535,,inst_retired.any,52842980,100.00,139.0,IpMispredict
     0.701526036,420324,,br_misp_retired.all_branches,52842980,100.00,,
     0.801725462,58294872,,inst_retired.any,52607807,100.00,138.5,IpMispredict
     0.801725462,419843,,br_misp_retired.all_branches,52607807,100.00,,
     0.901926530,58520867,,inst_retired.any,52810016,100.00,139.0,IpMispredict
     0.901926530,422238,,br_misp_retired.all_branches,52810016,100.00,,
     1.002125850,58168938,,inst_retired.any,52268294,100.00,138.3,IpMispredict
     1.002125850,418379,,br_misp_retired.all_branches,52268294,100.00,,
     1.102330222,58609183,,inst_retired.any,52930720,100.00,139.2,IpMispredict
     1.102330222,423820,,br_misp_retired.all_branches,52930720,100.00,,
     1.202530019,58316956,,inst_retired.any,52329230,100.00,138.6,IpMispredict
     1.202530019,418646,,br_misp_retired.all_branches,52329230,100.00,,
     1.302734497,58583246,,inst_retired.any,52604875,100.00,139.2,IpMispredict
     1.302734497,420036,,br_misp_retired.all_branches,52604875,100.00,,
     1.402968143,58021341,,inst_retired.any,52243011,100.00,138.0,IpMispredict
     1.402968143,415214,,br_misp_retired.all_branches,52243011,100.00,,
     1.503169140,58393378,,inst_retired.any,52546526,100.00,138.9,IpMispredict
     1.503169140,420433,,br_misp_retired.all_branches,52546526,100.00,,
     1.603372523,58427317,,inst_retired.any,52775798,100.00,138.9,IpMispredict
     1.603372523,423237,,br_misp_retired.all_branches,52775798,100.00,,
     1.703571579,58593169,,inst_retired.any,52613419,100.00,139.3,IpMispredict
     1.703571579,420483,,br_misp_retired.all_branches,52613419,100.00,,
     1.803773923,58411285,,inst_retired.any,52539404,100.00,138.9,IpMispredict
     1.803773923,422719,,br_misp_retired.all_branches,52539404,100.00,,
     1.903974017,58184654,,inst_retired.any,52233089,100.00,138.3,IpMispredict
     1.903974017,421072,,br_misp_retired.all_branches,52233089,100.00,,
     2.004177510,58551229,,inst_retired.any,52652222,100.00,139.1,IpMispredict
     2.004177510,423826,,br_misp_retired.all_branches,52652222,100.00,,
     2.104380355,58126224,,inst_retired.any,52244522,100.00,138.1,IpMispredict
     2.104380355,420418,,br_misp_retired.all_branches,52244522,100.00,,
     2.204579862,58699945,,inst_retired.any,52883064,100.00,139.5,IpMispredict
     2.204579862,421320,,br_misp_retired.all_branches,52883064,100.00,,
     2.304778911,57929279,,inst_retired.any,52169427,100.00,137.7,IpMispredict
     2.304778911,416537,,br_misp_retired.all_branches,52169427,100.00,,
     2.404979527,59129540,,inst_retired.any,52948037,100.00,140.5,IpMispredict
     2.404979527,424570,,br_misp_retired.all_branches,52948037,100.00,,
     2.505187831,58654253,,inst_retired.any,52745467,100.00,139.4,IpMispredict
     2.505187831,421066,,br_misp_retired.all_branches,52745467,100.00,,
     2.605391428,57982312,,inst_retired.any,52118005,100.00,137.8,IpMispredict
     2.605391428,418075,,br_misp_retired.all_branches,52118005,100.00,,
     2.705595271,58648000,,inst_retired.any,52644237,100.00,139.4,IpMispredict
     2.705595271,419995,,br_misp_retired.all_branches,52644237,100.00,,
     2.805819897,58177311,,inst_retired.any,52356815,100.00,138.3,IpMispredict
     2.805819897,415906,,br_misp_retired.all_branches,52356815,100.00,,
     2.906023145,58418487,,inst_retired.any,52514827,100.00,139.0,IpMispredict
     2.906023145,417432,,br_misp_retired.all_branches,52514827,100.00,,
     3.006229895,58662512,,inst_retired.any,52678049,100.00,139.5,IpMispredict
     3.006229895,420193,,br_misp_retired.all_branches,52678049,100.00,,
     3.106438250,58385295,,inst_retired.any,52467868,100.00,138.9,IpMispredict
     3.106438250,418252,,br_misp_retired.all_branches,52467868,100.00,,
     3.206639701,58232051,,inst_retired.any,52364588,100.00,138.6,IpMispredict
     3.206639701,417979,,br_misp_retired.all_branches,52364588,100.00,,
     3.306843611,58414194,,inst_retired.any,52517586,100.00,139.0,IpMispredict
     3.306843611,416490,,br_misp_retired.all_branches,52517586,100.00,,
     3.407047098,58553548,,inst_retired.any,52652216,100.00,139.4,IpMispredict
     3.407047098,420702,,br_misp_retired.all_branches,52652216,100.00,,
     3.507251426,57813038,,inst_retired.any,51964336,100.00,137.6,IpMispredict
     3.507251426,415851,,br_misp_retired.all_branches,51964336,100.00,,
     3.607451378,58538752,,inst_retired.any,52627799,100.00,139.4,IpMispredict
     3.607451378,420937,,br_misp_retired.all_branches,52627799,100.00,,
     3.707653410,58332992,,inst_retired.any,52810353,100.00,138.9,IpMispredict
     3.707653410,418151,,br_misp_retired.all_branches,52810353,100.00,,
     3.807854357,58627920,,inst_retired.any,52577619,100.00,139.6,IpMispredict
     3.807854357,417778,,br_misp_retired.all_branches,52577619,100.00,,
     3.908059020,58083467,,inst_retired.any,52309678,100.00,138.3,IpMispredict
     3.908059020,416153,,br_misp_retired.all_branches,52309678,100.00,,
     4.008262365,58498545,,inst_retired.any,52674401,100.00,139.3,IpMispredict
     4.008262365,421593,,br_misp_retired.all_branches,52674401,100.00,,
     4.108466576,58593464,,inst_retired.any,52701188,100.00,139.5,IpMispredict
     4.108466576,422069,,br_misp_retired.all_branches,52701188,100.00,,
     4.208664941,57954001,,inst_retired.any,52163931,100.00,138.0,IpMispredict
     4.208664941,416228,,br_misp_retired.all_branches,52163931,100.00,,
     4.308868109,58474788,,inst_retired.any,52587709,100.00,139.3,IpMispredict
     4.308868109,419703,,br_misp_retired.all_branches,52587709,100.00,,
     4.409070804,58386040,,inst_retired.any,52557204,100.00,139.1,IpMispredict
     4.409070804,419714,,br_misp_retired.all_branches,52557204,100.00,,
     4.509275610,58625902,,inst_retired.any,52590403,100.00,139.6,IpMispredict
     4.509275610,419265,,br_misp_retired.all_branches,52590403,100.00,,
     4.609476085,58012592,,inst_retired.any,52113374,100.00,138.2,IpMispredict
     4.609476085,415986,,br_misp_retired.all_branches,52113374,100.00,,
     4.709680333,58578755,,inst_retired.any,53048802,100.00,139.5,IpMispredict
     4.709680333,422456,,br_misp_retired.all_branches,53048802,100.00,,
     4.809879085,58226540,,inst_retired.any,52199403,100.00,138.7,IpMispredict
     4.809879085,414228,,br_misp_retired.all_branches,52199403,100.00,,
     4.910086307,58547921,,inst_retired.any,52703427,100.00,139.5,IpMispredict
     4.910086307,420638,,br_misp_retired.all_branches,52703427,100.00,,
     5.010290080,58379952,,inst_retired.any,52756652,100.00,139.1,IpMispredict
     5.010290080,419828,,br_misp_retired.all_branches,52756652,100.00,,
     5.110490291,57905353,,inst_retired.any,52184084,100.00,138.0,IpMispredict
     5.110490291,416238,,br_misp_retired.all_branches,52184084,100.00,,
     5.210690731,58708470,,inst_retired.any,52751062,100.00,139.9,IpMispredict
     5.210690731,421320,,br_misp_retired.all_branches,52751062,100.00,,
     5.310899459,58151974,,inst_retired.any,55955544,100.00,138.5,IpMispredict
     5.310899459,425535,,br_misp_retired.all_branches,55955544,100.00,,
     5.411099841,58547565,,inst_retired.any,50681897,100.00,139.4,IpMispredict
     5.411099841,424992,,br_misp_retired.all_branches,50681897,100.00,,
     5.511323571,58611527,,inst_retired.any,50693212,100.00,139.6,IpMispredict
     5.511323571,422743,,br_misp_retired.all_branches,50693212,100.00,,
     5.611524391,58028917,,inst_retired.any,50134156,100.00,138.2,IpMispredict
     5.611524391,415754,,br_misp_retired.all_branches,50134156,100.00,,
     5.711724687,58817712,,inst_retired.any,50724571,100.00,140.1,IpMispredict
     5.711724687,423625,,br_misp_retired.all_branches,50724571,100.00,,
     5.811925276,58380282,,inst_retired.any,50570935,100.00,139.0,IpMispredict
     5.811925276,423486,,br_misp_retired.all_branches,50570935,100.00,,
     5.912125091,57915160,,inst_retired.any,50026568,100.00,137.9,IpMispredict
     5.912125091,415554,,br_misp_retired.all_branches,50026568,100.00,,
     6.012326090,58550193,,inst_retired.any,50461784,100.00,139.4,IpMispredict
     6.012326090,422722,,br_misp_retired.all_branches,50461784,100.00,,
     6.112525627,58660281,,inst_retired.any,50613356,100.00,139.6,IpMispredict
     6.112525627,426557,,br_misp_retired.all_branches,50613356,100.00,,
     6.212726404,58050003,,inst_retired.any,50256919,100.00,138.2,IpMispredict
     6.212726404,419846,,br_misp_retired.all_branches,50256919,100.00,,
     6.312932055,58445898,,inst_retired.any,50556818,100.00,139.1,IpMispredict
     6.312932055,422507,,br_misp_retired.all_branches,50556818,100.00,,
     6.413133369,58481797,,inst_retired.any,58847782,100.00,139.1,IpMispredict
     6.413133369,434849,,br_misp_retired.all_branches,58847782,100.00,,
     6.513336311,57966161,,inst_retired.any,49944364,100.00,137.9,IpMispredict
     6.513336311,417350,,br_misp_retired.all_branches,49944364,100.00,,
     6.613540389,58948089,,inst_retired.any,51013821,100.00,140.2,IpMispredict
     6.613540389,423696,,br_misp_retired.all_branches,51013821,100.00,,
     6.713744787,58168785,,inst_retired.any,49989890,100.00,138.4,IpMispredict
     6.713744787,414930,,br_misp_retired.all_branches,49989890,100.00,,
     6.813949760,58175265,,inst_retired.any,50595285,100.00,138.4,IpMispredict
     6.813949760,416687,,br_misp_retired.all_branches,50595285,100.00,,
     6.914151511,58674481,,inst_retired.any,50444259,100.00,139.6,IpMispredict
     6.914151511,418150,,br_misp_retired.all_branches,50444259,100.00,,
     7.014355071,58021383,,inst_retired.any,49891481,100.00,138.1,IpMispredict
     7.014355071,413979,,br_misp_retired.all_branches,49891481,100.00,,
     7.114558715,58478411,,inst_retired.any,50453268,100.00,139.2,IpMispredict
     7.114558715,418058,,br_misp_retired.all_branches,50453268,100.00,,
     7.214758592,58454432,,inst_retired.any,50291798,100.00,139.2,IpMispredict
     7.214758592,417348,,br_misp_retired.all_branches,50291798,100.00,,
     7.314989565,58167115,,inst_retired.any,49916746,100.00,138.5,IpMispredict
     7.314989565,413834,,br_misp_retired.all_branches,49916746,100.00,,
     7.415192871,58962647,,inst_retired.any,50438449,100.00,140.4,IpMispredict
     7.415192871,423372,,br_misp_retired.all_branches,50438449,100.00,,
     7.515393925,58610455,,inst_retired.any,50457934,100.00,139.5,IpMispredict
     7.515393925,420470,,br_misp_retired.all_branches,50457934,100.00,,
     7.615595998,58046306,,inst_retired.any,50026718,100.00,138.2,IpMispredict
     7.615595998,414708,,br_misp_retired.all_branches,50026718,100.00,,
     7.715798666,58639753,,inst_retired.any,50352272,100.00,139.6,IpMispredict
     7.715798666,419887,,br_misp_retired.all_branches,50352272,100.00,,
     7.815998603,58499662,,inst_retired.any,50176648,100.00,139.3,IpMispredict
     7.815998603,419183,,br_misp_retired.all_branches,50176648,100.00,,
     7.916200526,57999509,,inst_retired.any,49838243,100.00,138.1,IpMispredict
     7.916200526,416920,,br_misp_retired.all_branches,49838243,100.00,,
     8.016403674,58170172,,inst_retired.any,49990864,100.00,138.6,IpMispredict
     8.016403674,417260,,br_misp_retired.all_branches,49990864,100.00,,
     8.116608099,59041015,,inst_retired.any,51244988,100.00,140.6,IpMispredict
     8.116608099,424470,,br_misp_retired.all_branches,51244988,100.00,,
     8.216808441,57747981,,inst_retired.any,49940886,100.00,137.5,IpMispredict
     8.216808441,414397,,br_misp_retired.all_branches,49940886,100.00,,
     8.317035058,58509770,,inst_retired.any,50186972,100.00,139.4,IpMispredict
     8.317035058,415939,,br_misp_retired.all_branches,50186972,100.00,,
     8.417236022,58653926,,inst_retired.any,50423264,100.00,139.7,IpMispredict
     8.417236022,419360,,br_misp_retired.all_branches,50423264,100.00,,
     8.517440500,58230989,,inst_retired.any,50070895,100.00,138.7,IpMispredict
     8.517440500,416630,,br_misp_retired.all_branches,50070895,100.00,,
     8.617641698,58375813,,inst_retired.any,50354027,100.00,139.1,IpMispredict
     8.617641698,416402,,br_misp_retired.all_branches,50354027,100.00,,
     8.717842393,58471996,,inst_retired.any,50232331,100.00,139.3,IpMispredict
     8.717842393,416640,,br_misp_retired.all_branches,50232331,100.00,,
     8.818045836,58141964,,inst_retired.any,50010391,100.00,138.6,IpMispredict
     8.818045836,413689,,br_misp_retired.all_branches,50010391,100.00,,
     8.918252252,58125899,,inst_retired.any,50011557,100.00,138.6,IpMispredict
     8.918252252,412252,,br_misp_retired.all_branches,50011557,100.00,,
     9.018454184,58553410,,inst_retired.any,50423725,100.00,139.6,IpMispredict
     9.018454184,417157,,br_misp_retired.all_branches,50423725,100.00,,
     9.118655690,58646570,,inst_retired.any,50452497,100.00,139.8,IpMispredict
     9.118655690,420355,,br_misp_retired.all_branches,50452497,100.00,,
     9.218858337,58190071,,inst_retired.any,50101159,100.00,138.7,IpMispredict
     9.218858337,415253,,br_misp_retired.all_branches,50101159,100.00,,
     9.319062806,57989842,,inst_retired.any,49997323,100.00,138.3,IpMispredict
     9.319062806,414981,,br_misp_retired.all_branches,49997323,100.00,,
     9.419264845,58739907,,inst_retired.any,50578162,100.00,140.1,IpMispredict
     9.419264845,418891,,br_misp_retired.all_branches,50578162,100.00,,
     9.519467295,58347665,,inst_retired.any,50275725,100.00,139.1,IpMispredict
     9.519467295,414877,,br_misp_retired.all_branches,50275725,100.00,,
     9.619666973,58205024,,inst_retired.any,50216633,100.00,138.8,IpMispredict
     9.619666973,415367,,br_misp_retired.all_branches,50216633,100.00,,
     9.719872453,58242492,,inst_retired.any,50769983,100.00,138.9,IpMispredict
     9.719872453,418253,,br_misp_retired.all_branches,50769983,100.00,,
     9.820081786,58479247,,inst_retired.any,57440122,100.00,139.5,IpMispredict
     9.820081786,423126,,br_misp_retired.all_branches,57440122,100.00,,
     9.920288995,58647122,,inst_retired.any,52671335,100.00,139.8,IpMispredict
     9.920288995,421534,,br_misp_retired.all_branches,52671335,100.00,,
    10.020496997,58401141,,inst_retired.any,52472954,100.00,139.3,IpMispredict
    10.020496997,419646,,br_misp_retired.all_branches,52472954,100.00,,
    10.120710276,58058540,,inst_retired.any,52270053,100.00,138.4,IpMispredict
    10.120710276,417608,,br_misp_retired.all_branches,52270053,100.00,,
    10.220915871,58628362,,inst_retired.any,52707129,100.00,139.8,IpMispredict
    10.220915871,419368,,br_misp_retired.all_branches,52707129,100.00,,
    10.321119170,58188647,,inst_retired.any,52255495,100.00,138.8,IpMispredict
    10.321119170,416707,,br_misp_retired.all_branches,52255495,100.00,,
    10.421319675,58549005,,inst_retired.any,52597176,100.00,139.6,IpMispredict
    10.421319675,418544,,br_misp_retired.all_branches,52597176,100.00,,
    10.521523623,57832684,,inst_retired.any,52012433,100.00,137.9,IpMispredict
    10.521523623,413545,,br_misp_retired.all_branches,52012433,100.00,,
    10.621723063,58539207,,inst_retired.any,56897522,100.00,139.6,IpMispredict
    10.621723063,434291,,br_misp_retired.all_branches,56897522,100.00,,
    10.721926495,58711948,,inst_retired.any,50790669,100.00,140.0,IpMispredict
    10.721926495,422522,,br_misp_retired.all_branches,50790669,100.00,,
    10.822130994,58027622,,inst_retired.any,50000972,100.00,138.4,IpMispredict
    10.822130994,416637,,br_misp_retired.all_branches,50000972,100.00,,
    10.922337837,58451913,,inst_retired.any,50327730,100.00,139.4,IpMispredict
    10.922337837,419752,,br_misp_retired.all_branches,50327730,100.00,,
    11.022559609,58544784,,inst_retired.any,50461718,100.00,139.6,IpMispredict
    11.022559609,420105,,br_misp_retired.all_branches,50461718,100.00,,
