# started on Tue May  2 15:11:42 2023

     0.100600796,8655830,,offcore_response.all_requests.llc_hit.any_response,76240938,100.00,,
     0.100600796,118915,,offcore_response.all_requests.llc_miss.any_response,76072264,100.00,,
     0.200850963,8784881,,offcore_response.all_requests.llc_hit.any_response,76884650,100.00,,
     0.200850963,120079,,offcore_response.all_requests.llc_miss.any_response,76867370,100.00,,
     0.301065474,8753332,,offcore_response.all_requests.llc_hit.any_response,76928159,100.00,,
     0.301065474,119971,,offcore_response.all_requests.llc_miss.any_response,76947175,100.00,,
     0.401282804,8662934,,offcore_response.all_requests.llc_hit.any_response,76068623,100.00,,
     0.401282804,119234,,offcore_response.all_requests.llc_miss.any_response,76068081,100.00,,
     0.501499238,8523816,,offcore_response.all_requests.llc_hit.any_response,80999777,100.00,,
     0.501499238,116901,,offcore_response.all_requests.llc_miss.any_response,80984592,100.00,,
     0.601716359,8335115,,offcore_response.all_requests.llc_hit.any_response,81228792,100.00,,
     0.601716359,112840,,offcore_response.all_requests.llc_miss.any_response,81244121,100.00,,
     0.701931834,8707167,,offcore_response.all_requests.llc_hit.any_response,81125833,100.00,,
     0.701931834,117810,,offcore_response.all_requests.llc_miss.any_response,81126201,100.00,,
     0.802148639,8638900,,offcore_response.all_requests.llc_hit.any_response,80414180,100.00,,
     0.802148639,116789,,offcore_response.all_requests.llc_miss.any_response,80406531,100.00,,
     0.902361689,1654460,,offcore_response.all_requests.llc_hit.any_response,15643587,100.00,,
     0.902361689,22647,,offcore_response.all_requests.llc_miss.any_response,15618429,100.00,,
     1.002573921,6225675,,offcore_response.all_requests.llc_hit.any_response,62450987,100.00,,
     1.002573921,85054,,offcore_response.all_requests.llc_miss.any_response,62484877,100.00,,
     1.102791485,8771598,,offcore_response.all_requests.llc_hit.any_response,81360155,100.00,,
     1.102791485,119112,,offcore_response.all_requests.llc_miss.any_response,81345832,100.00,,
     1.203018988,8730835,,offcore_response.all_requests.llc_hit.any_response,81047566,100.00,,
     1.203018988,118440,,offcore_response.all_requests.llc_miss.any_response,81056158,100.00,,
     1.303231330,8750596,,offcore_response.all_requests.llc_hit.any_response,81293034,100.00,,
     1.303231330,118809,,offcore_response.all_requests.llc_miss.any_response,81278767,100.00,,
     1.403447558,8717043,,offcore_response.all_requests.llc_hit.any_response,80928730,100.00,,
     1.403447558,117673,,offcore_response.all_requests.llc_miss.any_response,80947600,100.00,,
     1.503662506,8708988,,offcore_response.all_requests.llc_hit.any_response,80988534,100.00,,
     1.503662506,117510,,offcore_response.all_requests.llc_miss.any_response,80976218,100.00,,
     1.603872700,8753678,,offcore_response.all_requests.llc_hit.any_response,81366353,100.00,,
     1.603872700,118514,,offcore_response.all_requests.llc_miss.any_response,81360303,100.00,,
     1.704087414,8750892,,offcore_response.all_requests.llc_hit.any_response,81214135,100.00,,
     1.704087414,118555,,offcore_response.all_requests.llc_miss.any_response,81232007,100.00,,
     1.804301934,8735465,,offcore_response.all_requests.llc_hit.any_response,81179909,100.00,,
     1.804301934,118802,,offcore_response.all_requests.llc_miss.any_response,81163996,100.00,,
     1.904519525,8744783,,offcore_response.all_requests.llc_hit.any_response,81347606,100.00,,
     1.904519525,118977,,offcore_response.all_requests.llc_miss.any_response,81347201,100.00,,
     2.004732695,1276246,,offcore_response.all_requests.llc_hit.any_response,11968288,100.00,,
     2.004732695,17450,,offcore_response.all_requests.llc_miss.any_response,11952338,100.00,,
     2.104942908,6212270,,offcore_response.all_requests.llc_hit.any_response,63523270,100.00,,
     2.104942908,83963,,offcore_response.all_requests.llc_miss.any_response,63548267,100.00,,
     2.205155548,8577113,,offcore_response.all_requests.llc_hit.any_response,81317518,100.00,,
     2.205155548,115526,,offcore_response.all_requests.llc_miss.any_response,81324472,100.00,,
     2.305388601,8520718,,offcore_response.all_requests.llc_hit.any_response,80969840,100.00,,
     2.305388601,114885,,offcore_response.all_requests.llc_miss.any_response,80952590,100.00,,
     2.405605854,8412840,,offcore_response.all_requests.llc_hit.any_response,80223037,100.00,,
     2.405605854,112639,,offcore_response.all_requests.llc_miss.any_response,80229174,100.00,,
     2.505822306,8396280,,offcore_response.all_requests.llc_hit.any_response,80153832,100.00,,
     2.505822306,114926,,offcore_response.all_requests.llc_miss.any_response,80155785,100.00,,
     2.606034618,8439665,,offcore_response.all_requests.llc_hit.any_response,80607336,100.00,,
     2.606034618,111518,,offcore_response.all_requests.llc_miss.any_response,80616350,100.00,,
     2.706247270,8421482,,offcore_response.all_requests.llc_hit.any_response,80296331,100.00,,
     2.706247270,111053,,offcore_response.all_requests.llc_miss.any_response,80296382,100.00,,
     2.806462312,8419618,,offcore_response.all_requests.llc_hit.any_response,80142332,100.00,,
     2.806462312,110399,,offcore_response.all_requests.llc_miss.any_response,80139419,100.00,,
     2.906677848,8402731,,offcore_response.all_requests.llc_hit.any_response,80365678,100.00,,
     2.906677848,113817,,offcore_response.all_requests.llc_miss.any_response,80354084,100.00,,
     3.006888944,8371222,,offcore_response.all_requests.llc_hit.any_response,79935369,100.00,,
     3.006888944,110627,,offcore_response.all_requests.llc_miss.any_response,79949867,100.00,,
     3.107103880,1288735,,offcore_response.all_requests.llc_hit.any_response,12501490,100.00,,
     3.107103880,17403,,offcore_response.all_requests.llc_miss.any_response,12469643,100.00,,
     3.207318452,6392351,,offcore_response.all_requests.llc_hit.any_response,63842343,100.00,,
     3.207318452,87202,,offcore_response.all_requests.llc_miss.any_response,63875097,100.00,,
     3.307537105,8620410,,offcore_response.all_requests.llc_hit.any_response,80251034,100.00,,
     3.307537105,115095,,offcore_response.all_requests.llc_miss.any_response,80249597,100.00,,
     3.407752448,8541715,,offcore_response.all_requests.llc_hit.any_response,80521891,100.00,,
     3.407752448,112332,,offcore_response.all_requests.llc_miss.any_response,80507926,100.00,,
     3.507964729,9213921,,offcore_response.all_requests.llc_hit.any_response,80889878,100.00,,
     3.507964729,121253,,offcore_response.all_requests.llc_miss.any_response,80903522,100.00,,
     3.608179603,9211367,,offcore_response.all_requests.llc_hit.any_response,81090015,100.00,,
     3.608179603,121484,,offcore_response.all_requests.llc_miss.any_response,81087090,100.00,,
     3.708393669,9226702,,offcore_response.all_requests.llc_hit.any_response,81226589,100.00,,
     3.708393669,121880,,offcore_response.all_requests.llc_miss.any_response,81226663,100.00,,
     3.808607799,9238187,,offcore_response.all_requests.llc_hit.any_response,81263291,100.00,,
     3.808607799,121555,,offcore_response.all_requests.llc_miss.any_response,81263910,100.00,,
     3.908822977,9243714,,offcore_response.all_requests.llc_hit.any_response,81238348,100.00,,
     3.908822977,121488,,offcore_response.all_requests.llc_miss.any_response,81240873,100.00,,
     4.009035981,9237561,,offcore_response.all_requests.llc_hit.any_response,81263419,100.00,,
     4.009035981,121304,,offcore_response.all_requests.llc_miss.any_response,81263794,100.00,,
     4.109250447,9167666,,offcore_response.all_requests.llc_hit.any_response,81020443,100.00,,
     4.109250447,120922,,offcore_response.all_requests.llc_miss.any_response,81007427,100.00,,
     4.209461032,1242921,,offcore_response.all_requests.llc_hit.any_response,11272573,100.00,,
     4.209461032,16865,,offcore_response.all_requests.llc_miss.any_response,11253925,100.00,,
     4.309670721,6635191,,offcore_response.all_requests.llc_hit.any_response,63988003,100.00,,
     4.309670721,84755,,offcore_response.all_requests.llc_miss.any_response,64001803,100.00,,
     4.409915601,9043078,,offcore_response.all_requests.llc_hit.any_response,81331654,100.00,,
     4.409915601,117366,,offcore_response.all_requests.llc_miss.any_response,81330846,100.00,,
     4.510131552,9046849,,offcore_response.all_requests.llc_hit.any_response,81348355,100.00,,
     4.510131552,118520,,offcore_response.all_requests.llc_miss.any_response,81350909,100.00,,
     4.610347489,9012278,,offcore_response.all_requests.llc_hit.any_response,81237546,100.00,,
     4.610347489,118689,,offcore_response.all_requests.llc_miss.any_response,81253249,100.00,,
     4.710561036,9016321,,offcore_response.all_requests.llc_hit.any_response,81288832,100.00,,
     4.710561036,118723,,offcore_response.all_requests.llc_miss.any_response,81288787,100.00,,
     4.810774428,9000222,,offcore_response.all_requests.llc_hit.any_response,81372605,100.00,,
     4.810774428,118711,,offcore_response.all_requests.llc_miss.any_response,81372909,100.00,,
     4.911022509,8973149,,offcore_response.all_requests.llc_hit.any_response,81841464,100.00,,
     4.911022509,119453,,offcore_response.all_requests.llc_miss.any_response,81841238,100.00,,
     5.011236491,9008055,,offcore_response.all_requests.llc_hit.any_response,81350816,100.00,,
     5.011236491,119343,,offcore_response.all_requests.llc_miss.any_response,81332127,100.00,,
     5.111446394,9005504,,offcore_response.all_requests.llc_hit.any_response,81321651,100.00,,
     5.111446394,119227,,offcore_response.all_requests.llc_miss.any_response,81340413,100.00,,
     5.211659445,9010438,,offcore_response.all_requests.llc_hit.any_response,81116493,100.00,,
     5.211659445,118817,,offcore_response.all_requests.llc_miss.any_response,81100704,100.00,,
     5.311872857,1072607,,offcore_response.all_requests.llc_hit.any_response,9812703,100.00,,
     5.311872857,14597,,offcore_response.all_requests.llc_miss.any_response,9797137,100.00,,
     5.412084095,6783726,,offcore_response.all_requests.llc_hit.any_response,63673333,100.00,,
     5.412084095,88304,,offcore_response.all_requests.llc_miss.any_response,63705969,100.00,,
     5.512300787,8642261,,offcore_response.all_requests.llc_hit.any_response,81025982,100.00,,
     5.512300787,114357,,offcore_response.all_requests.llc_miss.any_response,81006422,100.00,,
     5.612516526,8706644,,offcore_response.all_requests.llc_hit.any_response,80912526,100.00,,
     5.612516526,120309,,offcore_response.all_requests.llc_miss.any_response,80930548,100.00,,
     5.712728562,8735196,,offcore_response.all_requests.llc_hit.any_response,81056737,100.00,,
     5.712728562,120456,,offcore_response.all_requests.llc_miss.any_response,81039949,100.00,,
     5.812943369,8762492,,offcore_response.all_requests.llc_hit.any_response,81140990,100.00,,
     5.812943369,121250,,offcore_response.all_requests.llc_miss.any_response,81141694,100.00,,
     5.913152083,8735100,,offcore_response.all_requests.llc_hit.any_response,81290058,100.00,,
     5.913152083,120356,,offcore_response.all_requests.llc_miss.any_response,81306312,100.00,,
     6.013365957,8716066,,offcore_response.all_requests.llc_hit.any_response,81276892,100.00,,
     6.013365957,120629,,offcore_response.all_requests.llc_miss.any_response,81276775,100.00,,
     6.113578887,8712938,,offcore_response.all_requests.llc_hit.any_response,80950527,100.00,,
     6.113578887,120353,,offcore_response.all_requests.llc_miss.any_response,80950551,100.00,,
     6.213794304,8727677,,offcore_response.all_requests.llc_hit.any_response,80939126,100.00,,
     6.213794304,120563,,offcore_response.all_requests.llc_miss.any_response,80933736,100.00,,
     6.314010243,8745999,,offcore_response.all_requests.llc_hit.any_response,81092271,100.00,,
     6.314010243,120780,,offcore_response.all_requests.llc_miss.any_response,81078429,100.00,,
     6.414220524,1112738,,offcore_response.all_requests.llc_hit.any_response,10480332,100.00,,
     6.414220524,15696,,offcore_response.all_requests.llc_miss.any_response,10468389,100.00,,
     6.514423203,6717041,,offcore_response.all_requests.llc_hit.any_response,64670449,100.00,,
     6.514423203,88550,,offcore_response.all_requests.llc_miss.any_response,64686583,100.00,,
     6.614656006,9026734,,offcore_response.all_requests.llc_hit.any_response,81242929,100.00,,
     6.614656006,121131,,offcore_response.all_requests.llc_miss.any_response,81245862,100.00,,
     6.714880126,9035747,,offcore_response.all_requests.llc_hit.any_response,81283957,100.00,,
     6.714880126,121340,,offcore_response.all_requests.llc_miss.any_response,81284457,100.00,,
     6.815094208,9053655,,offcore_response.all_requests.llc_hit.any_response,81286228,100.00,,
     6.815094208,121390,,offcore_response.all_requests.llc_miss.any_response,81280122,100.00,,
     6.915307896,9044219,,offcore_response.all_requests.llc_hit.any_response,81390970,100.00,,
     6.915307896,121532,,offcore_response.all_requests.llc_miss.any_response,81408382,100.00,,
     7.015519032,9052247,,offcore_response.all_requests.llc_hit.any_response,81471842,100.00,,
     7.015519032,121569,,offcore_response.all_requests.llc_miss.any_response,81469905,100.00,,
     7.115733933,9051212,,offcore_response.all_requests.llc_hit.any_response,81268918,100.00,,
     7.115733933,121057,,offcore_response.all_requests.llc_miss.any_response,81270920,100.00,,
     7.215947866,9044643,,offcore_response.all_requests.llc_hit.any_response,81215776,100.00,,
     7.215947866,121776,,offcore_response.all_requests.llc_miss.any_response,81198062,100.00,,
     7.316160929,9042620,,offcore_response.all_requests.llc_hit.any_response,81345106,100.00,,
     7.316160929,121730,,offcore_response.all_requests.llc_miss.any_response,81356873,100.00,,
     7.416370895,9051629,,offcore_response.all_requests.llc_hit.any_response,81314545,100.00,,
     7.416370895,121811,,offcore_response.all_requests.llc_miss.any_response,81320403,100.00,,
     7.516587542,1000107,,offcore_response.all_requests.llc_hit.any_response,9156328,100.00,,
     7.516587542,13668,,offcore_response.all_requests.llc_miss.any_response,9125479,100.00,,
     7.616798729,6822173,,offcore_response.all_requests.llc_hit.any_response,64323450,100.00,,
     7.616798729,90532,,offcore_response.all_requests.llc_miss.any_response,64345995,100.00,,
     7.717007861,8499291,,offcore_response.all_requests.llc_hit.any_response,80957321,100.00,,
     7.717007861,115391,,offcore_response.all_requests.llc_miss.any_response,80965938,100.00,,
     7.817220129,8518282,,offcore_response.all_requests.llc_hit.any_response,81379108,100.00,,
     7.817220129,116524,,offcore_response.all_requests.llc_miss.any_response,81368230,100.00,,
     7.917430717,9256258,,offcore_response.all_requests.llc_hit.any_response,81247990,100.00,,
     7.917430717,127494,,offcore_response.all_requests.llc_miss.any_response,81251209,100.00,,
     8.017640580,9235791,,offcore_response.all_requests.llc_hit.any_response,81121550,100.00,,
     8.017640580,127221,,offcore_response.all_requests.llc_miss.any_response,81129053,100.00,,
     8.117852774,9251699,,offcore_response.all_requests.llc_hit.any_response,81072571,100.00,,
     8.117852774,123863,,offcore_response.all_requests.llc_miss.any_response,81067579,100.00,,
     8.218062243,9236512,,offcore_response.all_requests.llc_hit.any_response,81077966,100.00,,
     8.218062243,123732,,offcore_response.all_requests.llc_miss.any_response,81083137,100.00,,
     8.318273887,9261095,,offcore_response.all_requests.llc_hit.any_response,81111876,100.00,,
     8.318273887,123698,,offcore_response.all_requests.llc_miss.any_response,81111594,100.00,,
     8.418487238,9247858,,offcore_response.all_requests.llc_hit.any_response,81142143,100.00,,
     8.418487238,123434,,offcore_response.all_requests.llc_miss.any_response,81142452,100.00,,
     8.518699667,9223089,,offcore_response.all_requests.llc_hit.any_response,80921562,100.00,,
     8.518699667,123247,,offcore_response.all_requests.llc_miss.any_response,80921614,100.00,,
     8.618914954,1105635,,offcore_response.all_requests.llc_hit.any_response,9762110,100.00,,
     8.618914954,14867,,offcore_response.all_requests.llc_miss.any_response,9730846,100.00,,
     8.719123127,6785736,,offcore_response.all_requests.llc_hit.any_response,65365115,100.00,,
     8.719123127,89438,,offcore_response.all_requests.llc_miss.any_response,65390531,100.00,,
     8.819355406,9068156,,offcore_response.all_requests.llc_hit.any_response,81333639,100.00,,
     8.819355406,120835,,offcore_response.all_requests.llc_miss.any_response,81338967,100.00,,
     8.919568509,9068632,,offcore_response.all_requests.llc_hit.any_response,81355764,100.00,,
     8.919568509,120878,,offcore_response.all_requests.llc_miss.any_response,81344068,100.00,,
     9.019777353,8855801,,offcore_response.all_requests.llc_hit.any_response,81305584,100.00,,
     9.019777353,118148,,offcore_response.all_requests.llc_miss.any_response,81286536,100.00,,
     9.119987205,8397074,,offcore_response.all_requests.llc_hit.any_response,80672215,100.00,,
     9.119987205,117599,,offcore_response.all_requests.llc_miss.any_response,80687205,100.00,,
     9.220200155,8709216,,offcore_response.all_requests.llc_hit.any_response,81292056,100.00,,
     9.220200155,121216,,offcore_response.all_requests.llc_miss.any_response,81295465,100.00,,
     9.320412551,8780229,,offcore_response.all_requests.llc_hit.any_response,81417591,100.00,,
     9.320412551,121132,,offcore_response.all_requests.llc_miss.any_response,81431925,100.00,,
     9.420629962,8756042,,offcore_response.all_requests.llc_hit.any_response,81318966,100.00,,
     9.420629962,121400,,offcore_response.all_requests.llc_miss.any_response,81304496,100.00,,
     9.520838581,8733639,,offcore_response.all_requests.llc_hit.any_response,81024504,100.00,,
     9.520838581,120607,,offcore_response.all_requests.llc_miss.any_response,81038525,100.00,,
     9.621053192,8742987,,offcore_response.all_requests.llc_hit.any_response,81276268,100.00,,
     9.621053192,120517,,offcore_response.all_requests.llc_miss.any_response,81275376,100.00,,
     9.721267688,891163,,offcore_response.all_requests.llc_hit.any_response,8451191,100.00,,
     9.721267688,12499,,offcore_response.all_requests.llc_miss.any_response,8419799,100.00,,
     9.821474000,6552653,,offcore_response.all_requests.llc_hit.any_response,65052745,100.00,,
     9.821474000,90128,,offcore_response.all_requests.llc_miss.any_response,65085638,100.00,,
     9.921687266,8724957,,offcore_response.all_requests.llc_hit.any_response,81398729,100.00,,
     9.921687266,120384,,offcore_response.all_requests.llc_miss.any_response,81389991,100.00,,
    10.021899265,8742596,,offcore_response.all_requests.llc_hit.any_response,81414136,100.00,,
    10.021899265,120469,,offcore_response.all_requests.llc_miss.any_response,81421424,100.00,,
    10.122112275,8703703,,offcore_response.all_requests.llc_hit.any_response,81216823,100.00,,
    10.122112275,120233,,offcore_response.all_requests.llc_miss.any_response,81199642,100.00,,
    10.222326795,8693596,,offcore_response.all_requests.llc_hit.any_response,81019433,100.00,,
    10.222326795,119658,,offcore_response.all_requests.llc_miss.any_response,81026474,100.00,,
    10.322537132,8678088,,offcore_response.all_requests.llc_hit.any_response,81072924,100.00,,
    10.322537132,119281,,offcore_response.all_requests.llc_miss.any_response,81076810,100.00,,
    10.422749246,8669228,,offcore_response.all_requests.llc_hit.any_response,81020613,100.00,,
    10.422749246,119661,,offcore_response.all_requests.llc_miss.any_response,81023595,100.00,,
    10.522960222,8629493,,offcore_response.all_requests.llc_hit.any_response,80624012,100.00,,
    10.522960222,118614,,offcore_response.all_requests.llc_miss.any_response,80627126,100.00,,
    10.623174816,8680940,,offcore_response.all_requests.llc_hit.any_response,80902543,100.00,,
    10.623174816,119189,,offcore_response.all_requests.llc_miss.any_response,80902494,100.00,,
    10.723388715,8750039,,offcore_response.all_requests.llc_hit.any_response,81381499,100.00,,
    10.723388715,120412,,offcore_response.all_requests.llc_miss.any_response,81369004,100.00,,
    10.823600823,967624,,offcore_response.all_requests.llc_hit.any_response,9151282,100.00,,
    10.823600823,13501,,offcore_response.all_requests.llc_miss.any_response,9132541,100.00,,
    10.923826095,6500078,,offcore_response.all_requests.llc_hit.any_response,66193390,100.00,,
    10.923826095,88710,,offcore_response.all_requests.llc_miss.any_response,66207160,100.00,,
    11.024039873,8559217,,offcore_response.all_requests.llc_hit.any_response,81471365,100.00,,
    11.024039873,117442,,offcore_response.all_requests.llc_miss.any_response,81482854,100.00,,
