# started on Mon May  1 17:16:34 2023

     0.100154470,3113275,,offcore_response.all_requests.llc_hit.any_response,43652349,100.00,,
     0.100154470,364,,offcore_response.all_requests.llc_miss.any_response,43675870,100.00,,
     0.200363698,3086662,,offcore_response.all_requests.llc_hit.any_response,43223684,100.00,,
     0.200363698,428,,offcore_response.all_requests.llc_miss.any_response,43200163,100.00,,
     0.300544379,3050692,,offcore_response.all_requests.llc_hit.any_response,43710932,100.00,,
     0.300544379,183,,offcore_response.all_requests.llc_miss.any_response,43710932,100.00,,
     0.400734098,3065053,,offcore_response.all_requests.llc_hit.any_response,43288994,100.00,,
     0.400734098,553,,offcore_response.all_requests.llc_miss.any_response,43288994,100.00,,
     0.500925955,3067424,,offcore_response.all_requests.llc_hit.any_response,42616476,100.00,,
     0.500925955,314,,offcore_response.all_requests.llc_miss.any_response,42640003,100.00,,
     0.601124969,3109625,,offcore_response.all_requests.llc_hit.any_response,43970938,100.00,,
     0.601124969,242,,offcore_response.all_requests.llc_miss.any_response,43965523,100.00,,
     0.701322887,3106502,,offcore_response.all_requests.llc_hit.any_response,44323405,100.00,,
     0.701322887,352,,offcore_response.all_requests.llc_miss.any_response,44305293,100.00,,
     0.801513772,3107015,,offcore_response.all_requests.llc_hit.any_response,43866848,100.00,,
     0.801513772,382,,offcore_response.all_requests.llc_miss.any_response,43890389,100.00,,
     0.901710145,3062620,,offcore_response.all_requests.llc_hit.any_response,43224291,100.00,,
     0.901710145,278,,offcore_response.all_requests.llc_miss.any_response,43200750,100.00,,
     1.001900970,3089799,,offcore_response.all_requests.llc_hit.any_response,43831802,100.00,,
     1.001900970,246,,offcore_response.all_requests.llc_miss.any_response,43831802,100.00,,
     1.102093365,3117975,,offcore_response.all_requests.llc_hit.any_response,44386987,100.00,,
     1.102093365,417,,offcore_response.all_requests.llc_miss.any_response,44405604,100.00,,
     1.202286864,3106538,,offcore_response.all_requests.llc_hit.any_response,43789361,100.00,,
     1.202286864,793,,offcore_response.all_requests.llc_miss.any_response,43770744,100.00,,
     1.302477447,3078814,,offcore_response.all_requests.llc_hit.any_response,43735220,100.00,,
     1.302477447,218,,offcore_response.all_requests.llc_miss.any_response,43758817,100.00,,
     1.402675836,3078767,,offcore_response.all_requests.llc_hit.any_response,41754246,100.00,,
     1.402675836,428,,offcore_response.all_requests.llc_miss.any_response,41736762,100.00,,
     1.502871589,3091690,,offcore_response.all_requests.llc_hit.any_response,42902278,100.00,,
     1.502871589,273,,offcore_response.all_requests.llc_miss.any_response,42896165,100.00,,
     1.603060687,3098776,,offcore_response.all_requests.llc_hit.any_response,43414955,100.00,,
     1.603060687,358,,offcore_response.all_requests.llc_miss.any_response,43414955,100.00,,
     1.703255009,3089709,,offcore_response.all_requests.llc_hit.any_response,42887424,100.00,,
     1.703255009,250,,offcore_response.all_requests.llc_miss.any_response,42910738,100.00,,
     1.803448643,3099165,,offcore_response.all_requests.llc_hit.any_response,43531382,100.00,,
     1.803448643,358,,offcore_response.all_requests.llc_miss.any_response,43531638,100.00,,
     1.903645843,3028492,,offcore_response.all_requests.llc_hit.any_response,42717701,100.00,,
     1.903645843,385,,offcore_response.all_requests.llc_miss.any_response,42717397,100.00,,
     2.003852928,3059188,,offcore_response.all_requests.llc_hit.any_response,43608999,100.00,,
     2.003852928,373,,offcore_response.all_requests.llc_miss.any_response,43585733,100.00,,
     2.104013633,3044336,,offcore_response.all_requests.llc_hit.any_response,42928445,100.00,,
     2.104013633,370,,offcore_response.all_requests.llc_miss.any_response,42928445,100.00,,
     2.204188420,3140288,,offcore_response.all_requests.llc_hit.any_response,44643993,100.00,,
     2.204188420,287,,offcore_response.all_requests.llc_miss.any_response,44667652,100.00,,
     2.304407090,3041927,,offcore_response.all_requests.llc_hit.any_response,43124219,100.00,,
     2.304407090,272,,offcore_response.all_requests.llc_miss.any_response,43100560,100.00,,
     2.404598265,3065910,,offcore_response.all_requests.llc_hit.any_response,43656038,100.00,,
     2.404598265,244,,offcore_response.all_requests.llc_miss.any_response,43672356,100.00,,
     2.504791185,3034082,,offcore_response.all_requests.llc_hit.any_response,42665276,100.00,,
     2.504791185,317,,offcore_response.all_requests.llc_miss.any_response,42648958,100.00,,
     2.604980112,3113723,,offcore_response.all_requests.llc_hit.any_response,42802527,100.00,,
     2.604980112,378,,offcore_response.all_requests.llc_miss.any_response,42802527,100.00,,
     2.705171281,3088505,,offcore_response.all_requests.llc_hit.any_response,44268298,100.00,,
     2.705171281,337,,offcore_response.all_requests.llc_miss.any_response,44268298,100.00,,
     2.805363151,3109334,,offcore_response.all_requests.llc_hit.any_response,44010176,100.00,,
     2.805363151,358,,offcore_response.all_requests.llc_miss.any_response,44033679,100.00,,
     2.905557931,3128314,,offcore_response.all_requests.llc_hit.any_response,44251221,100.00,,
     2.905557931,406,,offcore_response.all_requests.llc_miss.any_response,44250936,100.00,,
     3.005755004,3033048,,offcore_response.all_requests.llc_hit.any_response,43031770,100.00,,
     3.005755004,347,,offcore_response.all_requests.llc_miss.any_response,43029370,100.00,,
     3.105960068,3046724,,offcore_response.all_requests.llc_hit.any_response,43198962,100.00,,
     3.105960068,331,,offcore_response.all_requests.llc_miss.any_response,43201510,100.00,,
     3.206155393,3099068,,offcore_response.all_requests.llc_hit.any_response,44007917,100.00,,
     3.206155393,380,,offcore_response.all_requests.llc_miss.any_response,44008731,100.00,,
     3.306351169,3079836,,offcore_response.all_requests.llc_hit.any_response,43092412,100.00,,
     3.306351169,402,,offcore_response.all_requests.llc_miss.any_response,43068232,100.00,,
     3.406541673,3050901,,offcore_response.all_requests.llc_hit.any_response,40947636,100.00,,
     3.406541673,182,,offcore_response.all_requests.llc_miss.any_response,40971388,100.00,,
     3.506739618,3082636,,offcore_response.all_requests.llc_hit.any_response,43727101,100.00,,
     3.506739618,412,,offcore_response.all_requests.llc_miss.any_response,43703349,100.00,,
     3.606932420,3045988,,offcore_response.all_requests.llc_hit.any_response,44027605,100.00,,
     3.606932420,489,,offcore_response.all_requests.llc_miss.any_response,44027605,100.00,,
     3.707123984,3099097,,offcore_response.all_requests.llc_hit.any_response,43884870,100.00,,
     3.707123984,422,,offcore_response.all_requests.llc_miss.any_response,43908833,100.00,,
     3.807320862,3061199,,offcore_response.all_requests.llc_hit.any_response,43469249,100.00,,
     3.807320862,310,,offcore_response.all_requests.llc_miss.any_response,43469429,100.00,,
     3.907519331,3056224,,offcore_response.all_requests.llc_hit.any_response,43775783,100.00,,
     3.907519331,432,,offcore_response.all_requests.llc_miss.any_response,43751640,100.00,,
     4.007710035,3085945,,offcore_response.all_requests.llc_hit.any_response,44152962,100.00,,
     4.007710035,424,,offcore_response.all_requests.llc_miss.any_response,44158833,100.00,,
     4.107893973,3057165,,offcore_response.all_requests.llc_hit.any_response,42766122,100.00,,
     4.107893973,386,,offcore_response.all_requests.llc_miss.any_response,42783763,100.00,,
     4.208085133,3109549,,offcore_response.all_requests.llc_hit.any_response,44091078,100.00,,
     4.208085133,345,,offcore_response.all_requests.llc_miss.any_response,44067566,100.00,,
     4.308280638,3067158,,offcore_response.all_requests.llc_hit.any_response,42902551,100.00,,
     4.308280638,249,,offcore_response.all_requests.llc_miss.any_response,42926186,100.00,,
     4.408476625,3027379,,offcore_response.all_requests.llc_hit.any_response,42755640,100.00,,
     4.408476625,306,,offcore_response.all_requests.llc_miss.any_response,42756080,100.00,,
     4.508699690,3084370,,offcore_response.all_requests.llc_hit.any_response,43583688,100.00,,
     4.508699690,338,,offcore_response.all_requests.llc_miss.any_response,43575418,100.00,,
     4.608898941,3116825,,offcore_response.all_requests.llc_hit.any_response,44528664,100.00,,
     4.608898941,284,,offcore_response.all_requests.llc_miss.any_response,44536566,100.00,,
     4.709095843,3116150,,offcore_response.all_requests.llc_hit.any_response,44216751,100.00,,
     4.709095843,465,,offcore_response.all_requests.llc_miss.any_response,44199635,100.00,,
     4.809297129,3128498,,offcore_response.all_requests.llc_hit.any_response,44831717,100.00,,
     4.809297129,378,,offcore_response.all_requests.llc_miss.any_response,44825126,100.00,,
     4.909491610,3043379,,offcore_response.all_requests.llc_hit.any_response,43357471,100.00,,
     4.909491610,270,,offcore_response.all_requests.llc_miss.any_response,43380657,100.00,,
     5.009685882,3122053,,offcore_response.all_requests.llc_hit.any_response,44380694,100.00,,
     5.009685882,340,,offcore_response.all_requests.llc_miss.any_response,44362091,100.00,,
     5.109879292,3075539,,offcore_response.all_requests.llc_hit.any_response,44250403,100.00,,
     5.109879292,350,,offcore_response.all_requests.llc_miss.any_response,44269150,100.00,,
     5.210075616,3075398,,offcore_response.all_requests.llc_hit.any_response,43582644,100.00,,
     5.210075616,202,,offcore_response.all_requests.llc_miss.any_response,43559314,100.00,,
     5.310268301,3063178,,offcore_response.all_requests.llc_hit.any_response,43416334,100.00,,
     5.310268301,332,,offcore_response.all_requests.llc_miss.any_response,43416334,100.00,,
     5.410459527,3024583,,offcore_response.all_requests.llc_hit.any_response,42461597,100.00,,
     5.410459527,303,,offcore_response.all_requests.llc_miss.any_response,42485129,100.00,,
     5.510654040,3081640,,offcore_response.all_requests.llc_hit.any_response,43798296,100.00,,
     5.510654040,337,,offcore_response.all_requests.llc_miss.any_response,43789128,100.00,,
     5.610850461,3121019,,offcore_response.all_requests.llc_hit.any_response,44004922,100.00,,
     5.610850461,357,,offcore_response.all_requests.llc_miss.any_response,43990558,100.00,,
     5.711046044,3086461,,offcore_response.all_requests.llc_hit.any_response,43132258,100.00,,
     5.711046044,311,,offcore_response.all_requests.llc_miss.any_response,43132258,100.00,,
     5.811240694,3126187,,offcore_response.all_requests.llc_hit.any_response,44394954,100.00,,
     5.811240694,452,,offcore_response.all_requests.llc_miss.any_response,44394954,100.00,,
     5.911431414,3022387,,offcore_response.all_requests.llc_hit.any_response,42992665,100.00,,
     5.911431414,310,,offcore_response.all_requests.llc_miss.any_response,43015995,100.00,,
     6.011626699,3177242,,offcore_response.all_requests.llc_hit.any_response,45158072,100.00,,
     6.011626699,331,,offcore_response.all_requests.llc_miss.any_response,45134742,100.00,,
     6.111819355,3144653,,offcore_response.all_requests.llc_hit.any_response,43762781,100.00,,
     6.111819355,375,,offcore_response.all_requests.llc_miss.any_response,43762781,100.00,,
     6.211991258,3092149,,offcore_response.all_requests.llc_hit.any_response,44044541,100.00,,
     6.211991258,410,,offcore_response.all_requests.llc_miss.any_response,44068154,100.00,,
     6.312170844,3062209,,offcore_response.all_requests.llc_hit.any_response,43307941,100.00,,
     6.312170844,311,,offcore_response.all_requests.llc_miss.any_response,43284328,100.00,,
     6.412363242,3079309,,offcore_response.all_requests.llc_hit.any_response,43592378,100.00,,
     6.412363242,454,,offcore_response.all_requests.llc_miss.any_response,43592378,100.00,,
     6.512559295,3090253,,offcore_response.all_requests.llc_hit.any_response,43841233,100.00,,
     6.512559295,341,,offcore_response.all_requests.llc_miss.any_response,43841233,100.00,,
     6.612748961,3092063,,offcore_response.all_requests.llc_hit.any_response,44149493,100.00,,
     6.612748961,393,,offcore_response.all_requests.llc_miss.any_response,44173266,100.00,,
     6.712972544,3087293,,offcore_response.all_requests.llc_hit.any_response,43980511,100.00,,
     6.712972544,232,,offcore_response.all_requests.llc_miss.any_response,43980596,100.00,,
     6.813173151,3087457,,offcore_response.all_requests.llc_hit.any_response,43998961,100.00,,
     6.813173151,319,,offcore_response.all_requests.llc_miss.any_response,43982931,100.00,,
     6.913373993,3087466,,offcore_response.all_requests.llc_hit.any_response,42416366,100.00,,
     6.913373993,225,,offcore_response.all_requests.llc_miss.any_response,42431734,100.00,,
     7.013569268,3095807,,offcore_response.all_requests.llc_hit.any_response,44193736,100.00,,
     7.013569268,546,,offcore_response.all_requests.llc_miss.any_response,44170540,100.00,,
     7.113763460,3058977,,offcore_response.all_requests.llc_hit.any_response,43274131,100.00,,
     7.113763460,284,,offcore_response.all_requests.llc_miss.any_response,43274131,100.00,,
     7.213956824,3064164,,offcore_response.all_requests.llc_hit.any_response,42080684,100.00,,
     7.213956824,303,,offcore_response.all_requests.llc_miss.any_response,42104466,100.00,,
     7.314151470,3106752,,offcore_response.all_requests.llc_hit.any_response,44274465,100.00,,
     7.314151470,257,,offcore_response.all_requests.llc_miss.any_response,44250683,100.00,,
     7.414345783,3053348,,offcore_response.all_requests.llc_hit.any_response,41477108,100.00,,
     7.414345783,427,,offcore_response.all_requests.llc_miss.any_response,41477108,100.00,,
     7.514541994,3140110,,offcore_response.all_requests.llc_hit.any_response,44820228,100.00,,
     7.514541994,354,,offcore_response.all_requests.llc_miss.any_response,44843783,100.00,,
     7.614736363,3018378,,offcore_response.all_requests.llc_hit.any_response,42783763,100.00,,
     7.614736363,369,,offcore_response.all_requests.llc_miss.any_response,42760208,100.00,,
     7.714928524,3117679,,offcore_response.all_requests.llc_hit.any_response,44446406,100.00,,
     7.714928524,335,,offcore_response.all_requests.llc_miss.any_response,44446406,100.00,,
     7.815124096,3054828,,offcore_response.all_requests.llc_hit.any_response,43310110,100.00,,
     7.815124096,540,,offcore_response.all_requests.llc_miss.any_response,43333618,100.00,,
     7.915317684,3062614,,offcore_response.all_requests.llc_hit.any_response,43786561,100.00,,
     7.915317684,410,,offcore_response.all_requests.llc_miss.any_response,43774259,100.00,,
     8.015511642,3032471,,offcore_response.all_requests.llc_hit.any_response,43393688,100.00,,
     8.015511642,368,,offcore_response.all_requests.llc_miss.any_response,43382482,100.00,,
     8.115710278,3104311,,offcore_response.all_requests.llc_hit.any_response,44432671,100.00,,
     8.115710278,307,,offcore_response.all_requests.llc_miss.any_response,44448375,100.00,,
     8.215896329,3117888,,offcore_response.all_requests.llc_hit.any_response,44116057,100.00,,
     8.215896329,398,,offcore_response.all_requests.llc_miss.any_response,44126985,100.00,,
     8.316079836,3071233,,offcore_response.all_requests.llc_hit.any_response,43134274,100.00,,
     8.316079836,273,,offcore_response.all_requests.llc_miss.any_response,43131115,100.00,,
     8.416275331,3119918,,offcore_response.all_requests.llc_hit.any_response,42564938,100.00,,
     8.416275331,230,,offcore_response.all_requests.llc_miss.any_response,42541465,100.00,,
     8.516467282,3089085,,offcore_response.all_requests.llc_hit.any_response,44278951,100.00,,
     8.516467282,457,,offcore_response.all_requests.llc_miss.any_response,44302242,100.00,,
     8.616661885,3078055,,offcore_response.all_requests.llc_hit.any_response,43162058,100.00,,
     8.616661885,333,,offcore_response.all_requests.llc_miss.any_response,43138767,100.00,,
     8.716853869,3121623,,offcore_response.all_requests.llc_hit.any_response,43169886,100.00,,
     8.716853869,237,,offcore_response.all_requests.llc_miss.any_response,43169886,100.00,,
     8.817045992,3113863,,offcore_response.all_requests.llc_hit.any_response,44292458,100.00,,
     8.817045992,323,,offcore_response.all_requests.llc_miss.any_response,44312915,100.00,,
     8.917257662,3038883,,offcore_response.all_requests.llc_hit.any_response,43413480,100.00,,
     8.917257662,388,,offcore_response.all_requests.llc_miss.any_response,43393023,100.00,,
     9.017449512,3130732,,offcore_response.all_requests.llc_hit.any_response,44911349,100.00,,
     9.017449512,462,,offcore_response.all_requests.llc_miss.any_response,44935194,100.00,,
     9.117644289,3017487,,offcore_response.all_requests.llc_hit.any_response,42894457,100.00,,
     9.117644289,225,,offcore_response.all_requests.llc_miss.any_response,42870612,100.00,,
     9.217833952,3064933,,offcore_response.all_requests.llc_hit.any_response,43371738,100.00,,
     9.217833952,256,,offcore_response.all_requests.llc_miss.any_response,43395560,100.00,,
     9.318031983,3078904,,offcore_response.all_requests.llc_hit.any_response,43797518,100.00,,
     9.318031983,413,,offcore_response.all_requests.llc_miss.any_response,43773696,100.00,,
     9.418225887,3120368,,offcore_response.all_requests.llc_hit.any_response,44158209,100.00,,
     9.418225887,296,,offcore_response.all_requests.llc_miss.any_response,44183028,100.00,,
     9.518427820,3089922,,offcore_response.all_requests.llc_hit.any_response,44213649,100.00,,
     9.518427820,300,,offcore_response.all_requests.llc_miss.any_response,44188830,100.00,,
     9.618618001,3061479,,offcore_response.all_requests.llc_hit.any_response,42194945,100.00,,
     9.618618001,228,,offcore_response.all_requests.llc_miss.any_response,42218413,100.00,,
     9.718814892,3090916,,offcore_response.all_requests.llc_hit.any_response,44124281,100.00,,
     9.718814892,392,,offcore_response.all_requests.llc_miss.any_response,44121154,100.00,,
     9.819019275,3075032,,offcore_response.all_requests.llc_hit.any_response,43534849,100.00,,
     9.819019275,305,,offcore_response.all_requests.llc_miss.any_response,43538258,100.00,,
     9.919215428,3104737,,offcore_response.all_requests.llc_hit.any_response,43135517,100.00,,
     9.919215428,282,,offcore_response.all_requests.llc_miss.any_response,43111767,100.00,,
    10.019408201,3072545,,offcore_response.all_requests.llc_hit.any_response,43446623,100.00,,
    10.019408201,365,,offcore_response.all_requests.llc_miss.any_response,43446623,100.00,,
    10.119601759,3007412,,offcore_response.all_requests.llc_hit.any_response,41658099,100.00,,
    10.119601759,418,,offcore_response.all_requests.llc_miss.any_response,41681384,100.00,,
    10.219798008,3147522,,offcore_response.all_requests.llc_hit.any_response,43029639,100.00,,
    10.219798008,324,,offcore_response.all_requests.llc_miss.any_response,43006354,100.00,,
    10.319970924,3057007,,offcore_response.all_requests.llc_hit.any_response,43225818,100.00,,
    10.319970924,383,,offcore_response.all_requests.llc_miss.any_response,43234020,100.00,,
    10.420167032,3049961,,offcore_response.all_requests.llc_hit.any_response,43295660,100.00,,
    10.420167032,545,,offcore_response.all_requests.llc_miss.any_response,43287458,100.00,,
    10.520343055,3105890,,offcore_response.all_requests.llc_hit.any_response,44307214,100.00,,
    10.520343055,504,,offcore_response.all_requests.llc_miss.any_response,44330337,100.00,,
    10.620540912,3091135,,offcore_response.all_requests.llc_hit.any_response,44111716,100.00,,
    10.620540912,427,,offcore_response.all_requests.llc_miss.any_response,44111877,100.00,,
    10.720734597,3055515,,offcore_response.all_requests.llc_hit.any_response,42889503,100.00,,
    10.720734597,370,,offcore_response.all_requests.llc_miss.any_response,42889656,100.00,,
    10.820934777,3106918,,offcore_response.all_requests.llc_hit.any_response,43886485,100.00,,
    10.820934777,435,,offcore_response.all_requests.llc_miss.any_response,43886793,100.00,,
    10.921138644,3031801,,offcore_response.all_requests.llc_hit.any_response,42675216,100.00,,
    10.921138644,332,,offcore_response.all_requests.llc_miss.any_response,42651471,100.00,,
    11.021328012,3112951,,offcore_response.all_requests.llc_hit.any_response,43382772,100.00,,
    11.021328012,308,,offcore_response.all_requests.llc_miss.any_response,43382772,100.00,,
