# started on Mon May  1 17:16:48 2023

     0.100208578,6044521,,offcore_response.all_requests.llc_hit.any_response,54447610,100.00,,
     0.100208578,674,,offcore_response.all_requests.llc_miss.any_response,54445234,100.00,,
     0.200445840,6096026,,offcore_response.all_requests.llc_hit.any_response,54942048,100.00,,
     0.200445840,802,,offcore_response.all_requests.llc_miss.any_response,54941512,100.00,,
     0.300645558,6025478,,offcore_response.all_requests.llc_hit.any_response,54566640,100.00,,
     0.300645558,749,,offcore_response.all_requests.llc_miss.any_response,54550216,100.00,,
     0.400846436,6033242,,offcore_response.all_requests.llc_hit.any_response,54208243,100.00,,
     0.400846436,631,,offcore_response.all_requests.llc_miss.any_response,54201468,100.00,,
     0.501041895,6096674,,offcore_response.all_requests.llc_hit.any_response,54830381,100.00,,
     0.501041895,681,,offcore_response.all_requests.llc_miss.any_response,54830381,100.00,,
     0.601236864,6046995,,offcore_response.all_requests.llc_hit.any_response,54443307,100.00,,
     0.601236864,489,,offcore_response.all_requests.llc_miss.any_response,54465914,100.00,,
     0.701438277,5994702,,offcore_response.all_requests.llc_hit.any_response,53722882,100.00,,
     0.701438277,554,,offcore_response.all_requests.llc_miss.any_response,53723129,100.00,,
     0.801639055,6065591,,offcore_response.all_requests.llc_hit.any_response,54302130,100.00,,
     0.801639055,635,,offcore_response.all_requests.llc_miss.any_response,54279276,100.00,,
     0.901834385,6081981,,offcore_response.all_requests.llc_hit.any_response,54345220,100.00,,
     0.901834385,679,,offcore_response.all_requests.llc_miss.any_response,54345220,100.00,,
     1.002028998,6059759,,offcore_response.all_requests.llc_hit.any_response,54478877,100.00,,
     1.002028998,598,,offcore_response.all_requests.llc_miss.any_response,54478877,100.00,,
     1.102223224,5992939,,offcore_response.all_requests.llc_hit.any_response,53668593,100.00,,
     1.102223224,653,,offcore_response.all_requests.llc_miss.any_response,53668593,100.00,,
     1.202419291,6054461,,offcore_response.all_requests.llc_hit.any_response,54410524,100.00,,
     1.202419291,664,,offcore_response.all_requests.llc_miss.any_response,54434069,100.00,,
     1.302621471,6040256,,offcore_response.all_requests.llc_hit.any_response,54421695,100.00,,
     1.302621471,679,,offcore_response.all_requests.llc_miss.any_response,54414339,100.00,,
     1.402819592,6001705,,offcore_response.all_requests.llc_hit.any_response,54004118,100.00,,
     1.402819592,415,,offcore_response.all_requests.llc_miss.any_response,53987929,100.00,,
     1.503015613,6010968,,offcore_response.all_requests.llc_hit.any_response,53962152,100.00,,
     1.503015613,475,,offcore_response.all_requests.llc_miss.any_response,53962152,100.00,,
     1.603210085,6061993,,offcore_response.all_requests.llc_hit.any_response,54373885,100.00,,
     1.603210085,559,,offcore_response.all_requests.llc_miss.any_response,54396569,100.00,,
     1.703409760,6064197,,offcore_response.all_requests.llc_hit.any_response,54290847,100.00,,
     1.703409760,490,,offcore_response.all_requests.llc_miss.any_response,54291161,100.00,,
     1.803609538,6042568,,offcore_response.all_requests.llc_hit.any_response,54273530,100.00,,
     1.803609538,562,,offcore_response.all_requests.llc_miss.any_response,54273226,100.00,,
     1.903807749,6065637,,offcore_response.all_requests.llc_hit.any_response,54322178,100.00,,
     1.903807749,585,,offcore_response.all_requests.llc_miss.any_response,54299484,100.00,,
     2.004004672,6057403,,offcore_response.all_requests.llc_hit.any_response,54258020,100.00,,
     2.004004672,459,,offcore_response.all_requests.llc_miss.any_response,54258020,100.00,,
     2.104199902,5991426,,offcore_response.all_requests.llc_hit.any_response,53669392,100.00,,
     2.104199902,439,,offcore_response.all_requests.llc_miss.any_response,53669392,100.00,,
     2.204396289,6080759,,offcore_response.all_requests.llc_hit.any_response,54744025,100.00,,
     2.204396289,542,,offcore_response.all_requests.llc_miss.any_response,54766643,100.00,,
     2.304614000,6013380,,offcore_response.all_requests.llc_hit.any_response,53855765,100.00,,
     2.304614000,553,,offcore_response.all_requests.llc_miss.any_response,53855912,100.00,,
     2.404813218,6038242,,offcore_response.all_requests.llc_hit.any_response,54346199,100.00,,
     2.404813218,630,,offcore_response.all_requests.llc_miss.any_response,54323434,100.00,,
     2.505007096,6063390,,offcore_response.all_requests.llc_hit.any_response,54713658,100.00,,
     2.505007096,740,,offcore_response.all_requests.llc_miss.any_response,54736430,100.00,,
     2.605209580,6031939,,offcore_response.all_requests.llc_hit.any_response,54249697,100.00,,
     2.605209580,557,,offcore_response.all_requests.llc_miss.any_response,54238343,100.00,,
     2.705411290,6064857,,offcore_response.all_requests.llc_hit.any_response,54297111,100.00,,
     2.705411290,419,,offcore_response.all_requests.llc_miss.any_response,54285693,100.00,,
     2.805606076,6098126,,offcore_response.all_requests.llc_hit.any_response,54598565,100.00,,
     2.805606076,775,,offcore_response.all_requests.llc_miss.any_response,54598565,100.00,,
     2.905800994,6068923,,offcore_response.all_requests.llc_hit.any_response,54418499,100.00,,
     2.905800994,510,,offcore_response.all_requests.llc_miss.any_response,54418499,100.00,,
     3.005997755,6080332,,offcore_response.all_requests.llc_hit.any_response,54345981,100.00,,
     3.005997755,664,,offcore_response.all_requests.llc_miss.any_response,54345981,100.00,,
     3.106192245,6019755,,offcore_response.all_requests.llc_hit.any_response,54110072,100.00,,
     3.106192245,511,,offcore_response.all_requests.llc_miss.any_response,54130783,100.00,,
     3.206389868,6032217,,offcore_response.all_requests.llc_hit.any_response,54156840,100.00,,
     3.206389868,537,,offcore_response.all_requests.llc_miss.any_response,54136129,100.00,,
     3.306585663,6046286,,offcore_response.all_requests.llc_hit.any_response,54436472,100.00,,
     3.306585663,598,,offcore_response.all_requests.llc_miss.any_response,54456961,100.00,,
     3.406786661,6055705,,offcore_response.all_requests.llc_hit.any_response,54344294,100.00,,
     3.406786661,470,,offcore_response.all_requests.llc_miss.any_response,54346519,100.00,,
     3.506986176,6055395,,offcore_response.all_requests.llc_hit.any_response,54073098,100.00,,
     3.506986176,601,,offcore_response.all_requests.llc_miss.any_response,54058554,100.00,,
     3.607190495,6106666,,offcore_response.all_requests.llc_hit.any_response,54961345,100.00,,
     3.607190495,493,,offcore_response.all_requests.llc_miss.any_response,54976018,100.00,,
     3.707391603,6058964,,offcore_response.all_requests.llc_hit.any_response,54309006,100.00,,
     3.707391603,443,,offcore_response.all_requests.llc_miss.any_response,54309051,100.00,,
     3.807613714,5983945,,offcore_response.all_requests.llc_hit.any_response,53761554,100.00,,
     3.807613714,606,,offcore_response.all_requests.llc_miss.any_response,53738666,100.00,,
     3.907810064,6068586,,offcore_response.all_requests.llc_hit.any_response,54727951,100.00,,
     3.907810064,593,,offcore_response.all_requests.llc_miss.any_response,54750893,100.00,,
     4.008010945,6061798,,offcore_response.all_requests.llc_hit.any_response,54417745,100.00,,
     4.008010945,573,,offcore_response.all_requests.llc_miss.any_response,54394803,100.00,,
     4.108205658,6044840,,offcore_response.all_requests.llc_hit.any_response,54068863,100.00,,
     4.108205658,599,,offcore_response.all_requests.llc_miss.any_response,54068863,100.00,,
     4.208401985,6022177,,offcore_response.all_requests.llc_hit.any_response,54055728,100.00,,
     4.208401985,597,,offcore_response.all_requests.llc_miss.any_response,54069122,100.00,,
     4.308598582,6037224,,offcore_response.all_requests.llc_hit.any_response,54320412,100.00,,
     4.308598582,581,,offcore_response.all_requests.llc_miss.any_response,54329731,100.00,,
     4.408797189,6080013,,offcore_response.all_requests.llc_hit.any_response,55092835,100.00,,
     4.408797189,584,,offcore_response.all_requests.llc_miss.any_response,55070122,100.00,,
     4.509012536,6058877,,offcore_response.all_requests.llc_hit.any_response,54588832,100.00,,
     4.509012536,654,,offcore_response.all_requests.llc_miss.any_response,54588832,100.00,,
     4.609207366,6032731,,offcore_response.all_requests.llc_hit.any_response,54370159,100.00,,
     4.609207366,617,,offcore_response.all_requests.llc_miss.any_response,54370159,100.00,,
     4.709402791,6039962,,offcore_response.all_requests.llc_hit.any_response,54043473,100.00,,
     4.709402791,720,,offcore_response.all_requests.llc_miss.any_response,54043473,100.00,,
     4.809596880,6054111,,offcore_response.all_requests.llc_hit.any_response,54542187,100.00,,
     4.809596880,584,,offcore_response.all_requests.llc_miss.any_response,54542187,100.00,,
     4.909793023,6036315,,offcore_response.all_requests.llc_hit.any_response,54324741,100.00,,
     4.909793023,658,,offcore_response.all_requests.llc_miss.any_response,54347464,100.00,,
     5.009990429,6012163,,offcore_response.all_requests.llc_hit.any_response,54716258,100.00,,
     5.009990429,674,,offcore_response.all_requests.llc_miss.any_response,54716119,100.00,,
     5.110188898,6035596,,offcore_response.all_requests.llc_hit.any_response,54650588,100.00,,
     5.110188898,556,,offcore_response.all_requests.llc_miss.any_response,54628004,100.00,,
     5.210383752,5996708,,offcore_response.all_requests.llc_hit.any_response,53980683,100.00,,
     5.210383752,694,,offcore_response.all_requests.llc_miss.any_response,53980683,100.00,,
     5.310578030,6037064,,offcore_response.all_requests.llc_hit.any_response,54548769,100.00,,
     5.310578030,633,,offcore_response.all_requests.llc_miss.any_response,54548769,100.00,,
     5.410772783,6035808,,offcore_response.all_requests.llc_hit.any_response,54693266,100.00,,
     5.410772783,744,,offcore_response.all_requests.llc_miss.any_response,54716945,100.00,,
     5.510971941,6035574,,offcore_response.all_requests.llc_hit.any_response,54230406,100.00,,
     5.510971941,654,,offcore_response.all_requests.llc_miss.any_response,54229979,100.00,,
     5.611173275,6070165,,offcore_response.all_requests.llc_hit.any_response,54461558,100.00,,
     5.611173275,529,,offcore_response.all_requests.llc_miss.any_response,54461798,100.00,,
     5.711371942,6089265,,offcore_response.all_requests.llc_hit.any_response,54645665,100.00,,
     5.711371942,705,,offcore_response.all_requests.llc_miss.any_response,54645057,100.00,,
     5.811572354,6063292,,offcore_response.all_requests.llc_hit.any_response,54536097,100.00,,
     5.811572354,687,,offcore_response.all_requests.llc_miss.any_response,54513213,100.00,,
     5.911779186,6022684,,offcore_response.all_requests.llc_hit.any_response,54366819,100.00,,
     5.911779186,660,,offcore_response.all_requests.llc_miss.any_response,54366819,100.00,,
     6.011974767,6015753,,offcore_response.all_requests.llc_hit.any_response,53962881,100.00,,
     6.011974767,615,,offcore_response.all_requests.llc_miss.any_response,53973436,100.00,,
     6.112172294,6049874,,offcore_response.all_requests.llc_hit.any_response,54516482,100.00,,
     6.112172294,576,,offcore_response.all_requests.llc_miss.any_response,54528967,100.00,,
     6.212372891,6034240,,offcore_response.all_requests.llc_hit.any_response,54167740,100.00,,
     6.212372891,566,,offcore_response.all_requests.llc_miss.any_response,54152608,100.00,,
     6.312571092,6033188,,offcore_response.all_requests.llc_hit.any_response,54412867,100.00,,
     6.312571092,545,,offcore_response.all_requests.llc_miss.any_response,54427913,100.00,,
     6.412772410,6042463,,offcore_response.all_requests.llc_hit.any_response,54226018,100.00,,
     6.412772410,594,,offcore_response.all_requests.llc_miss.any_response,54219667,100.00,,
     6.512971630,6050664,,offcore_response.all_requests.llc_hit.any_response,54447341,100.00,,
     6.512971630,616,,offcore_response.all_requests.llc_miss.any_response,54440402,100.00,,
     6.613176591,6096504,,offcore_response.all_requests.llc_hit.any_response,54588344,100.00,,
     6.613176591,647,,offcore_response.all_requests.llc_miss.any_response,54578680,100.00,,
     6.713397521,6077957,,offcore_response.all_requests.llc_hit.any_response,54474918,100.00,,
     6.713397521,526,,offcore_response.all_requests.llc_miss.any_response,54474918,100.00,,
     6.813596113,6029670,,offcore_response.all_requests.llc_hit.any_response,54025043,100.00,,
     6.813596113,550,,offcore_response.all_requests.llc_miss.any_response,54025043,100.00,,
     6.913798184,6072152,,offcore_response.all_requests.llc_hit.any_response,54385416,100.00,,
     6.913798184,571,,offcore_response.all_requests.llc_miss.any_response,54385416,100.00,,
     7.013994675,6048901,,offcore_response.all_requests.llc_hit.any_response,54615489,100.00,,
     7.013994675,493,,offcore_response.all_requests.llc_miss.any_response,54638191,100.00,,
     7.114194052,6045710,,offcore_response.all_requests.llc_hit.any_response,54477790,100.00,,
     7.114194052,506,,offcore_response.all_requests.llc_miss.any_response,54455088,100.00,,
     7.214390981,6046041,,offcore_response.all_requests.llc_hit.any_response,54189868,100.00,,
     7.214390981,410,,offcore_response.all_requests.llc_miss.any_response,54189868,100.00,,
     7.314586333,6085595,,offcore_response.all_requests.llc_hit.any_response,55035265,100.00,,
     7.314586333,596,,offcore_response.all_requests.llc_miss.any_response,55044203,100.00,,
     7.414783480,6085198,,offcore_response.all_requests.llc_hit.any_response,55294750,100.00,,
     7.414783480,483,,offcore_response.all_requests.llc_miss.any_response,55291545,100.00,,
     7.514978629,6077187,,offcore_response.all_requests.llc_hit.any_response,54462972,100.00,,
     7.514978629,697,,offcore_response.all_requests.llc_miss.any_response,54457239,100.00,,
     7.615182954,6061342,,offcore_response.all_requests.llc_hit.any_response,54529873,100.00,,
     7.615182954,599,,offcore_response.all_requests.llc_miss.any_response,54552516,100.00,,
     7.715395738,6065124,,offcore_response.all_requests.llc_hit.any_response,54612357,100.00,,
     7.715395738,665,,offcore_response.all_requests.llc_miss.any_response,54603510,100.00,,
     7.815606649,6037527,,offcore_response.all_requests.llc_hit.any_response,54505498,100.00,,
     7.815606649,660,,offcore_response.all_requests.llc_miss.any_response,54514724,100.00,,
     7.915811357,6087760,,offcore_response.all_requests.llc_hit.any_response,55447785,100.00,,
     7.915811357,5694,,offcore_response.all_requests.llc_miss.any_response,55424763,100.00,,
     8.016008760,6072803,,offcore_response.all_requests.llc_hit.any_response,54785226,100.00,,
     8.016008760,621,,offcore_response.all_requests.llc_miss.any_response,54785226,100.00,,
     8.116206899,6045119,,offcore_response.all_requests.llc_hit.any_response,54583643,100.00,,
     8.116206899,565,,offcore_response.all_requests.llc_miss.any_response,54583643,100.00,,
     8.216403772,6045930,,offcore_response.all_requests.llc_hit.any_response,54274142,100.00,,
     8.216403772,594,,offcore_response.all_requests.llc_miss.any_response,54274142,100.00,,
     8.316599175,6004351,,offcore_response.all_requests.llc_hit.any_response,54096697,100.00,,
     8.316599175,490,,offcore_response.all_requests.llc_miss.any_response,54119512,100.00,,
     8.416802937,6054414,,offcore_response.all_requests.llc_hit.any_response,54725330,100.00,,
     8.416802937,605,,offcore_response.all_requests.llc_miss.any_response,54717519,100.00,,
     8.517000357,6045020,,offcore_response.all_requests.llc_hit.any_response,54223359,100.00,,
     8.517000357,492,,offcore_response.all_requests.llc_miss.any_response,54208355,100.00,,
     8.617197968,6058369,,offcore_response.all_requests.llc_hit.any_response,54607764,100.00,,
     8.617197968,669,,offcore_response.all_requests.llc_miss.any_response,54607764,100.00,,
     8.717393725,6029672,,offcore_response.all_requests.llc_hit.any_response,54381950,100.00,,
     8.717393725,551,,offcore_response.all_requests.llc_miss.any_response,54381950,100.00,,
     8.817588016,6081577,,offcore_response.all_requests.llc_hit.any_response,54756189,100.00,,
     8.817588016,629,,offcore_response.all_requests.llc_miss.any_response,54766183,100.00,,
     8.917803055,6001621,,offcore_response.all_requests.llc_hit.any_response,54441104,100.00,,
     8.917803055,696,,offcore_response.all_requests.llc_miss.any_response,54431110,100.00,,
     9.017998785,6045191,,offcore_response.all_requests.llc_hit.any_response,54449558,100.00,,
     9.017998785,580,,offcore_response.all_requests.llc_miss.any_response,54472431,100.00,,
     9.118197371,6102039,,offcore_response.all_requests.llc_hit.any_response,54974667,100.00,,
     9.118197371,652,,offcore_response.all_requests.llc_miss.any_response,54974696,100.00,,
     9.218397545,6055457,,offcore_response.all_requests.llc_hit.any_response,54549563,100.00,,
     9.218397545,581,,offcore_response.all_requests.llc_miss.any_response,54526661,100.00,,
     9.318589446,6050266,,offcore_response.all_requests.llc_hit.any_response,54741099,100.00,,
     9.318589446,559,,offcore_response.all_requests.llc_miss.any_response,54760694,100.00,,
     9.418785979,6047029,,offcore_response.all_requests.llc_hit.any_response,54472117,100.00,,
     9.418785979,529,,offcore_response.all_requests.llc_miss.any_response,54475235,100.00,,
     9.518984713,6059103,,offcore_response.all_requests.llc_hit.any_response,54573712,100.00,,
     9.518984713,403,,offcore_response.all_requests.llc_miss.any_response,54550999,100.00,,
     9.619183640,6028402,,offcore_response.all_requests.llc_hit.any_response,54309327,100.00,,
     9.619183640,596,,offcore_response.all_requests.llc_miss.any_response,54309327,100.00,,
     9.719380392,5982683,,offcore_response.all_requests.llc_hit.any_response,54109187,100.00,,
     9.719380392,489,,offcore_response.all_requests.llc_miss.any_response,54117153,100.00,,
     9.819582070,6066219,,offcore_response.all_requests.llc_hit.any_response,54728622,100.00,,
     9.819582070,562,,offcore_response.all_requests.llc_miss.any_response,54743459,100.00,,
     9.919797169,6029651,,offcore_response.all_requests.llc_hit.any_response,54166951,100.00,,
     9.919797169,696,,offcore_response.all_requests.llc_miss.any_response,54154312,100.00,,
    10.019999941,6052186,,offcore_response.all_requests.llc_hit.any_response,54388404,100.00,,
    10.019999941,490,,offcore_response.all_requests.llc_miss.any_response,54400964,100.00,,
    10.120198892,6028276,,offcore_response.all_requests.llc_hit.any_response,54294319,100.00,,
    10.120198892,633,,offcore_response.all_requests.llc_miss.any_response,54280155,100.00,,
    10.220407449,6021479,,offcore_response.all_requests.llc_hit.any_response,54189200,100.00,,
    10.220407449,743,,offcore_response.all_requests.llc_miss.any_response,54195831,100.00,,
    10.320605578,6015657,,offcore_response.all_requests.llc_hit.any_response,54047621,100.00,,
    10.320605578,656,,offcore_response.all_requests.llc_miss.any_response,54040579,100.00,,
    10.420803126,6047313,,offcore_response.all_requests.llc_hit.any_response,54092019,100.00,,
    10.420803126,504,,offcore_response.all_requests.llc_miss.any_response,54083870,100.00,,
    10.520999845,6013987,,offcore_response.all_requests.llc_hit.any_response,54378616,100.00,,
    10.520999845,538,,offcore_response.all_requests.llc_miss.any_response,54401395,100.00,,
    10.621196239,6012969,,offcore_response.all_requests.llc_hit.any_response,54013673,100.00,,
    10.621196239,646,,offcore_response.all_requests.llc_miss.any_response,54007611,100.00,,
    10.721375823,6074649,,offcore_response.all_requests.llc_hit.any_response,54347937,100.00,,
    10.721375823,648,,offcore_response.all_requests.llc_miss.any_response,54354113,100.00,,
    10.821572232,6047392,,offcore_response.all_requests.llc_hit.any_response,54304886,100.00,,
    10.821572232,549,,offcore_response.all_requests.llc_miss.any_response,54281993,100.00,,
    10.921758001,6079564,,offcore_response.all_requests.llc_hit.any_response,54673516,100.00,,
    10.921758001,649,,offcore_response.all_requests.llc_miss.any_response,54673516,100.00,,
    11.021953692,6069965,,offcore_response.all_requests.llc_hit.any_response,54669217,100.00,,
    11.021953692,584,,offcore_response.all_requests.llc_miss.any_response,54691806,100.00,,
