# started on Mon May  1 17:15:02 2023

     0.100149880,92729458,,inst_retired.any,82353512,100.00,139.7,IpMispredict
     0.100149880,663573,,br_misp_retired.all_branches,82353512,100.00,,
     0.200424501,92831511,,inst_retired.any,81365841,100.00,139.9,IpMispredict
     0.200424501,663197,,br_misp_retired.all_branches,81365841,100.00,,
     0.300620133,91665032,,inst_retired.any,80449061,100.00,139.0,IpMispredict
     0.300620133,651333,,br_misp_retired.all_branches,80449061,100.00,,
     0.400814097,92166502,,inst_retired.any,81620532,100.00,139.7,IpMispredict
     0.400814097,661050,,br_misp_retired.all_branches,81620532,100.00,,
     0.501014860,93030146,,inst_retired.any,81589912,100.00,140.7,IpMispredict
     0.501014860,666433,,br_misp_retired.all_branches,81589912,100.00,,
     0.601207990,91317656,,inst_retired.any,79465848,100.00,138.3,IpMispredict
     0.601207990,655436,,br_misp_retired.all_branches,79465848,100.00,,
     0.701401911,92590717,,inst_retired.any,81636843,100.00,140.1,IpMispredict
     0.701401911,666208,,br_misp_retired.all_branches,81636843,100.00,,
     0.801595968,92096340,,inst_retired.any,80420307,100.00,139.3,IpMispredict
     0.801595968,661607,,br_misp_retired.all_branches,80420307,100.00,,
     0.901790060,92838244,,inst_retired.any,81413140,100.00,140.4,IpMispredict
     0.901790060,664078,,br_misp_retired.all_branches,81413140,100.00,,
     1.001983824,92074901,,inst_retired.any,80702299,100.00,139.2,IpMispredict
     1.001983824,659687,,br_misp_retired.all_branches,80702299,100.00,,
     1.102176561,91689077,,inst_retired.any,80645655,100.00,138.8,IpMispredict
     1.102176561,653347,,br_misp_retired.all_branches,80645655,100.00,,
     1.202370981,92832380,,inst_retired.any,81567944,100.00,140.4,IpMispredict
     1.202370981,667135,,br_misp_retired.all_branches,81567944,100.00,,
     1.302563986,92176429,,inst_retired.any,81229514,100.00,139.5,IpMispredict
     1.302563986,655911,,br_misp_retired.all_branches,81229514,100.00,,
     1.402758048,91799018,,inst_retired.any,80623329,100.00,139.0,IpMispredict
     1.402758048,656957,,br_misp_retired.all_branches,80623329,100.00,,
     1.502958861,93007131,,inst_retired.any,81698254,100.00,140.8,IpMispredict
     1.502958861,664807,,br_misp_retired.all_branches,81698254,100.00,,
     1.603152948,91577235,,inst_retired.any,79918256,100.00,138.6,IpMispredict
     1.603152948,659105,,br_misp_retired.all_branches,79918256,100.00,,
     1.703347100,91979923,,inst_retired.any,80239374,100.00,139.2,IpMispredict
     1.703347100,660183,,br_misp_retired.all_branches,80239374,100.00,,
     1.803539899,92042166,,inst_retired.any,80562586,100.00,139.3,IpMispredict
     1.803539899,659757,,br_misp_retired.all_branches,80562586,100.00,,
     1.903734892,93014320,,inst_retired.any,81625245,100.00,140.7,IpMispredict
     1.903734892,669025,,br_misp_retired.all_branches,81625245,100.00,,
     2.003928335,91651788,,inst_retired.any,80534898,100.00,138.7,IpMispredict
     2.003928335,654579,,br_misp_retired.all_branches,80534898,100.00,,
     2.104123435,92274761,,inst_retired.any,80983140,100.00,139.7,IpMispredict
     2.104123435,657896,,br_misp_retired.all_branches,80983140,100.00,,
     2.204317900,92214026,,inst_retired.any,80757240,100.00,139.6,IpMispredict
     2.204317900,659585,,br_misp_retired.all_branches,80757240,100.00,,
     2.304512612,92747945,,inst_retired.any,81589915,100.00,140.4,IpMispredict
     2.304512612,661731,,br_misp_retired.all_branches,81589915,100.00,,
     2.404706133,92035968,,inst_retired.any,80921715,100.00,139.3,IpMispredict
     2.404706133,659808,,br_misp_retired.all_branches,80921715,100.00,,
     2.504899499,91886791,,inst_retired.any,80546069,100.00,139.1,IpMispredict
     2.504899499,657316,,br_misp_retired.all_branches,80546069,100.00,,
     2.605092932,92291029,,inst_retired.any,80605714,100.00,139.7,IpMispredict
     2.605092932,664489,,br_misp_retired.all_branches,80605714,100.00,,
     2.705288878,92581587,,inst_retired.any,81206834,100.00,140.1,IpMispredict
     2.705288878,663402,,br_misp_retired.all_branches,81206834,100.00,,
     2.805499714,92529467,,inst_retired.any,80986474,100.00,140.0,IpMispredict
     2.805499714,662085,,br_misp_retired.all_branches,80986474,100.00,,
     2.905694962,92143685,,inst_retired.any,81381146,100.00,139.5,IpMispredict
     2.905694962,657634,,br_misp_retired.all_branches,81381146,100.00,,
     3.005888034,92380582,,inst_retired.any,81329471,100.00,139.9,IpMispredict
     3.005888034,659627,,br_misp_retired.all_branches,81329471,100.00,,
     3.106082092,91552452,,inst_retired.any,80627575,100.00,138.6,IpMispredict
     3.106082092,652857,,br_misp_retired.all_branches,80627575,100.00,,
     3.206279327,92577630,,inst_retired.any,81391892,100.00,140.2,IpMispredict
     3.206279327,659930,,br_misp_retired.all_branches,81391892,100.00,,
     3.306473933,91868110,,inst_retired.any,81318615,100.00,139.2,IpMispredict
     3.306473933,655989,,br_misp_retired.all_branches,81318615,100.00,,
     3.406668479,92763249,,inst_retired.any,81407157,100.00,140.5,IpMispredict
     3.406668479,664951,,br_misp_retired.all_branches,81407157,100.00,,
     3.506863218,91673331,,inst_retired.any,80599162,100.00,138.9,IpMispredict
     3.506863218,653413,,br_misp_retired.all_branches,80599162,100.00,,
     3.607061973,92493647,,inst_retired.any,80620357,100.00,140.1,IpMispredict
     3.607061973,655390,,br_misp_retired.all_branches,80620357,100.00,,
     3.707252456,92517053,,inst_retired.any,80542720,100.00,140.2,IpMispredict
     3.707252456,654642,,br_misp_retired.all_branches,80542720,100.00,,
     3.807446999,91789033,,inst_retired.any,79667898,100.00,139.1,IpMispredict
     3.807446999,653461,,br_misp_retired.all_branches,79667898,100.00,,
     3.907656539,93342671,,inst_retired.any,81483358,100.00,141.4,IpMispredict
     3.907656539,669604,,br_misp_retired.all_branches,81483358,100.00,,
     4.007850907,91796983,,inst_retired.any,80522390,100.00,139.1,IpMispredict
     4.007850907,657981,,br_misp_retired.all_branches,80522390,100.00,,
     4.108044758,91963143,,inst_retired.any,80618654,100.00,139.4,IpMispredict
     4.108044758,653988,,br_misp_retired.all_branches,80618654,100.00,,
     4.208239150,92842971,,inst_retired.any,81539238,100.00,140.7,IpMispredict
     4.208239150,659610,,br_misp_retired.all_branches,81539238,100.00,,
     4.308432567,91915971,,inst_retired.any,80613243,100.00,139.3,IpMispredict
     4.308432567,654501,,br_misp_retired.all_branches,80613243,100.00,,
     4.408626427,91901801,,inst_retired.any,80740566,100.00,139.3,IpMispredict
     4.408626427,656746,,br_misp_retired.all_branches,80740566,100.00,,
     4.508820698,92384645,,inst_retired.any,80899438,100.00,140.1,IpMispredict
     4.508820698,658701,,br_misp_retired.all_branches,80899438,100.00,,
     4.609014642,92302197,,inst_retired.any,80588050,100.00,140.0,IpMispredict
     4.609014642,659300,,br_misp_retired.all_branches,80588050,100.00,,
     4.709207086,92316072,,inst_retired.any,80410906,100.00,140.0,IpMispredict
     4.709207086,656656,,br_misp_retired.all_branches,80410906,100.00,,
     4.809401997,91645164,,inst_retired.any,79616919,100.00,139.0,IpMispredict
     4.809401997,647762,,br_misp_retired.all_branches,79616919,100.00,,
     4.909596676,92833628,,inst_retired.any,81526491,100.00,140.8,IpMispredict
     4.909596676,667463,,br_misp_retired.all_branches,81526491,100.00,,
     5.009791028,91963346,,inst_retired.any,80754918,100.00,139.5,IpMispredict
     5.009791028,662103,,br_misp_retired.all_branches,80754918,100.00,,
     5.109985116,92084758,,inst_retired.any,81044249,100.00,139.6,IpMispredict
     5.109985116,659620,,br_misp_retired.all_branches,81044249,100.00,,
     5.210183614,92692197,,inst_retired.any,81663265,100.00,140.5,IpMispredict
     5.210183614,663641,,br_misp_retired.all_branches,81663265,100.00,,
     5.310383248,91834353,,inst_retired.any,80781840,100.00,139.3,IpMispredict
     5.310383248,655172,,br_misp_retired.all_branches,80781840,100.00,,
     5.410577181,93002429,,inst_retired.any,81761516,100.00,141.0,IpMispredict
     5.410577181,665381,,br_misp_retired.all_branches,81761516,100.00,,
     5.510791854,91920636,,inst_retired.any,80801796,100.00,139.4,IpMispredict
     5.510791854,658714,,br_misp_retired.all_branches,80801796,100.00,,
     5.610986463,92208047,,inst_retired.any,80696030,100.00,139.8,IpMispredict
     5.610986463,659362,,br_misp_retired.all_branches,80696030,100.00,,
     5.711180504,91901130,,inst_retired.any,80375741,100.00,139.4,IpMispredict
     5.711180504,656096,,br_misp_retired.all_branches,80375741,100.00,,
     5.811375909,92342493,,inst_retired.any,80488061,100.00,140.0,IpMispredict
     5.811375909,658855,,br_misp_retired.all_branches,80488061,100.00,,
     5.911574958,91851038,,inst_retired.any,80537788,100.00,139.3,IpMispredict
     5.911574958,657942,,br_misp_retired.all_branches,80537788,100.00,,
     6.011780041,92479269,,inst_retired.any,80790842,100.00,140.2,IpMispredict
     6.011780041,660604,,br_misp_retired.all_branches,80790842,100.00,,
     6.111974763,92957008,,inst_retired.any,81457742,100.00,140.9,IpMispredict
     6.111974763,662725,,br_misp_retired.all_branches,81457742,100.00,,
     6.212175045,91349625,,inst_retired.any,79945015,100.00,138.6,IpMispredict
     6.212175045,647093,,br_misp_retired.all_branches,79945015,100.00,,
     6.312375722,92917174,,inst_retired.any,81534849,100.00,140.9,IpMispredict
     6.312375722,662876,,br_misp_retired.all_branches,81534849,100.00,,
     6.412568908,93335248,,inst_retired.any,81404937,100.00,141.5,IpMispredict
     6.412568908,661029,,br_misp_retired.all_branches,81404937,100.00,,
     6.512777393,91870839,,inst_retired.any,80535264,100.00,139.3,IpMispredict
     6.512777393,652838,,br_misp_retired.all_branches,80535264,100.00,,
     6.612980702,92030535,,inst_retired.any,80326535,100.00,139.6,IpMispredict
     6.612980702,659375,,br_misp_retired.all_branches,80326535,100.00,,
     6.713169684,91931177,,inst_retired.any,80226594,100.00,139.5,IpMispredict
     6.713169684,654891,,br_misp_retired.all_branches,80226594,100.00,,
     6.813364139,92150399,,inst_retired.any,80408837,100.00,139.8,IpMispredict
     6.813364139,658915,,br_misp_retired.all_branches,80408837,100.00,,
     6.913556143,91943605,,inst_retired.any,81111891,100.00,139.5,IpMispredict
     6.913556143,658139,,br_misp_retired.all_branches,81111891,100.00,,
     7.013751096,92755872,,inst_retired.any,81359027,100.00,140.7,IpMispredict
     7.013751096,660547,,br_misp_retired.all_branches,81359027,100.00,,
     7.113945465,92532484,,inst_retired.any,80781788,100.00,140.4,IpMispredict
     7.113945465,658347,,br_misp_retired.all_branches,80781788,100.00,,
     7.214139004,92343082,,inst_retired.any,80515862,100.00,140.1,IpMispredict
     7.214139004,653729,,br_misp_retired.all_branches,80515862,100.00,,
     7.314329807,92092050,,inst_retired.any,80825875,100.00,139.7,IpMispredict
     7.314329807,653797,,br_misp_retired.all_branches,80825875,100.00,,
     7.414519128,92211096,,inst_retired.any,80674989,100.00,139.9,IpMispredict
     7.414519128,659539,,br_misp_retired.all_branches,80674989,100.00,,
     7.514721261,92385815,,inst_retired.any,80571233,100.00,140.2,IpMispredict
     7.514721261,656388,,br_misp_retired.all_branches,80571233,100.00,,
     7.614933651,92308752,,inst_retired.any,80184476,100.00,140.1,IpMispredict
     7.614933651,659105,,br_misp_retired.all_branches,80184476,100.00,,
     7.715126109,92441840,,inst_retired.any,80242725,100.00,140.3,IpMispredict
     7.715126109,660060,,br_misp_retired.all_branches,80242725,100.00,,
     7.815318244,91351717,,inst_retired.any,79280126,100.00,138.6,IpMispredict
     7.815318244,655350,,br_misp_retired.all_branches,79280126,100.00,,
     7.915509376,93055909,,inst_retired.any,81502110,100.00,141.2,IpMispredict
     7.915509376,663298,,br_misp_retired.all_branches,81502110,100.00,,
     8.015703341,91677250,,inst_retired.any,81895960,100.00,139.1,IpMispredict
     8.015703341,652684,,br_misp_retired.all_branches,81895960,100.00,,
     8.115898203,92877337,,inst_retired.any,81316013,100.00,140.9,IpMispredict
     8.115898203,660935,,br_misp_retired.all_branches,81316013,100.00,,
     8.216091264,91921851,,inst_retired.any,80663761,100.00,139.5,IpMispredict
     8.216091264,653912,,br_misp_retired.all_branches,80663761,100.00,,
     8.316308984,92259918,,inst_retired.any,80842013,100.00,140.0,IpMispredict
     8.316308984,655060,,br_misp_retired.all_branches,80842013,100.00,,
     8.416500279,92446420,,inst_retired.any,81044551,100.00,140.3,IpMispredict
     8.416500279,661240,,br_misp_retired.all_branches,81044551,100.00,,
     8.516695817,92608683,,inst_retired.any,80890914,100.00,140.5,IpMispredict
     8.516695817,659375,,br_misp_retired.all_branches,80890914,100.00,,
     8.616887764,91505110,,inst_retired.any,79598956,100.00,138.9,IpMispredict
     8.616887764,652945,,br_misp_retired.all_branches,79598956,100.00,,
     8.717083835,92544781,,inst_retired.any,80310898,100.00,140.5,IpMispredict
     8.717083835,659173,,br_misp_retired.all_branches,80310898,100.00,,
     8.817278337,92450292,,inst_retired.any,79848787,100.00,140.3,IpMispredict
     8.817278337,656029,,br_misp_retired.all_branches,79848787,100.00,,
     8.917471683,92568361,,inst_retired.any,80848929,100.00,140.5,IpMispredict
     8.917471683,658248,,br_misp_retired.all_branches,80848929,100.00,,
     9.017664923,91808566,,inst_retired.any,80392758,100.00,139.4,IpMispredict
     9.017664923,655770,,br_misp_retired.all_branches,80392758,100.00,,
     9.117862020,93132778,,inst_retired.any,81509706,100.00,141.4,IpMispredict
     9.117862020,659497,,br_misp_retired.all_branches,81509706,100.00,,
     9.218054575,92043351,,inst_retired.any,80540568,100.00,139.7,IpMispredict
     9.218054575,657663,,br_misp_retired.all_branches,80540568,100.00,,
     9.318247252,92000727,,inst_retired.any,80458765,100.00,139.7,IpMispredict
     9.318247252,655209,,br_misp_retired.all_branches,80458765,100.00,,
     9.418439837,91857108,,inst_retired.any,80584586,100.00,139.4,IpMispredict
     9.418439837,657968,,br_misp_retired.all_branches,80584586,100.00,,
     9.518633633,92868013,,inst_retired.any,81142925,100.00,141.0,IpMispredict
     9.518633633,657210,,br_misp_retired.all_branches,81142925,100.00,,
     9.618828420,91460822,,inst_retired.any,79427641,100.00,138.9,IpMispredict
     9.618828420,650908,,br_misp_retired.all_branches,79427641,100.00,,
     9.719020580,92681243,,inst_retired.any,80485077,100.00,140.7,IpMispredict
     9.719020580,656419,,br_misp_retired.all_branches,80485077,100.00,,
     9.819213432,92433041,,inst_retired.any,80165453,100.00,140.3,IpMispredict
     9.819213432,657790,,br_misp_retired.all_branches,80165453,100.00,,
     9.919403252,92565653,,inst_retired.any,81089929,100.00,140.5,IpMispredict
     9.919403252,661328,,br_misp_retired.all_branches,81089929,100.00,,
    10.019597537,92256326,,inst_retired.any,80392926,100.00,140.1,IpMispredict
    10.019597537,662328,,br_misp_retired.all_branches,80392926,100.00,,
    10.119818457,91424943,,inst_retired.any,79909755,100.00,138.8,IpMispredict
    10.119818457,657043,,br_misp_retired.all_branches,79909755,100.00,,
    10.220024553,92780015,,inst_retired.any,81412768,100.00,140.9,IpMispredict
    10.220024553,661367,,br_misp_retired.all_branches,81412768,100.00,,
    10.320220715,91879286,,inst_retired.any,80651049,100.00,139.5,IpMispredict
    10.320220715,652055,,br_misp_retired.all_branches,80651049,100.00,,
    10.420418739,92294792,,inst_retired.any,80806434,100.00,140.1,IpMispredict
    10.420418739,658485,,br_misp_retired.all_branches,80806434,100.00,,
    10.520611360,92151055,,inst_retired.any,80644632,100.00,139.9,IpMispredict
    10.520611360,658549,,br_misp_retired.all_branches,80644632,100.00,,
    10.620806232,92430755,,inst_retired.any,80387244,100.00,140.3,IpMispredict
    10.620806232,659713,,br_misp_retired.all_branches,80387244,100.00,,
    10.720998780,92393847,,inst_retired.any,80335292,100.00,140.3,IpMispredict
    10.720998780,654859,,br_misp_retired.all_branches,80335292,100.00,,
    10.821193276,91566719,,inst_retired.any,79743497,100.00,139.0,IpMispredict
    10.821193276,651884,,br_misp_retired.all_branches,79743497,100.00,,
    10.921384193,92117933,,inst_retired.any,80807120,100.00,139.9,IpMispredict
    10.921384193,655750,,br_misp_retired.all_branches,80807120,100.00,,
    11.021597448,93142676,,inst_retired.any,81726877,100.00,141.4,IpMispredict
    11.021597448,666932,,br_misp_retired.all_branches,81726877,100.00,,
