# started on Mon May  1 17:17:01 2023

     0.100181846,8811759,,offcore_response.all_requests.llc_hit.any_response,81084040,100.00,,
     0.100181846,981,,offcore_response.all_requests.llc_miss.any_response,81077997,100.00,,
     0.200418598,8729043,,offcore_response.all_requests.llc_hit.any_response,80045832,100.00,,
     0.200418598,928,,offcore_response.all_requests.llc_miss.any_response,80045693,100.00,,
     0.300616116,9100947,,offcore_response.all_requests.llc_hit.any_response,81939471,100.00,,
     0.300616116,783,,offcore_response.all_requests.llc_miss.any_response,81928526,100.00,,
     0.400814252,8914233,,offcore_response.all_requests.llc_hit.any_response,80105422,100.00,,
     0.400814252,831,,offcore_response.all_requests.llc_miss.any_response,80116326,100.00,,
     0.501013296,8969698,,offcore_response.all_requests.llc_hit.any_response,80978957,100.00,,
     0.501013296,776,,offcore_response.all_requests.llc_miss.any_response,80978894,100.00,,
     0.601216109,8955638,,offcore_response.all_requests.llc_hit.any_response,81162504,100.00,,
     0.601216109,1044,,offcore_response.all_requests.llc_miss.any_response,81161684,100.00,,
     0.701418368,8986413,,offcore_response.all_requests.llc_hit.any_response,81038940,100.00,,
     0.701418368,970,,offcore_response.all_requests.llc_miss.any_response,81039416,100.00,,
     0.801617421,8989828,,offcore_response.all_requests.llc_hit.any_response,81184117,100.00,,
     0.801617421,765,,offcore_response.all_requests.llc_miss.any_response,81172494,100.00,,
     0.901814892,8893322,,offcore_response.all_requests.llc_hit.any_response,80370659,100.00,,
     0.901814892,768,,offcore_response.all_requests.llc_miss.any_response,80384243,100.00,,
     1.002014167,8991602,,offcore_response.all_requests.llc_hit.any_response,81158427,100.00,,
     1.002014167,690,,offcore_response.all_requests.llc_miss.any_response,81156764,100.00,,
     1.102213638,8955996,,offcore_response.all_requests.llc_hit.any_response,80535344,100.00,,
     1.102213638,762,,offcore_response.all_requests.llc_miss.any_response,80535087,100.00,,
     1.202411089,8877804,,offcore_response.all_requests.llc_hit.any_response,80187324,100.00,,
     1.202411089,711,,offcore_response.all_requests.llc_miss.any_response,80187702,100.00,,
     1.302591804,8840471,,offcore_response.all_requests.llc_hit.any_response,82145724,100.00,,
     1.302591804,883,,offcore_response.all_requests.llc_miss.any_response,82132664,100.00,,
     1.402790334,8930217,,offcore_response.all_requests.llc_hit.any_response,81577777,100.00,,
     1.402790334,720,,offcore_response.all_requests.llc_miss.any_response,81590812,100.00,,
     1.502994178,8979264,,offcore_response.all_requests.llc_hit.any_response,81034947,100.00,,
     1.502994178,882,,offcore_response.all_requests.llc_miss.any_response,81034968,100.00,,
     1.603192550,8994329,,offcore_response.all_requests.llc_hit.any_response,81252728,100.00,,
     1.603192550,744,,offcore_response.all_requests.llc_miss.any_response,81253998,100.00,,
     1.703390986,8960894,,offcore_response.all_requests.llc_hit.any_response,80779258,100.00,,
     1.703390986,897,,offcore_response.all_requests.llc_miss.any_response,80777754,100.00,,
     1.803588276,9004709,,offcore_response.all_requests.llc_hit.any_response,81250876,100.00,,
     1.803588276,602,,offcore_response.all_requests.llc_miss.any_response,81245775,100.00,,
     1.903793148,9018837,,offcore_response.all_requests.llc_hit.any_response,81256294,100.00,,
     1.903793148,612,,offcore_response.all_requests.llc_miss.any_response,81261202,100.00,,
     2.003992222,8904318,,offcore_response.all_requests.llc_hit.any_response,80570909,100.00,,
     2.003992222,731,,offcore_response.all_requests.llc_miss.any_response,80548296,100.00,,
     2.104192279,8975214,,offcore_response.all_requests.llc_hit.any_response,81220310,100.00,,
     2.104192279,748,,offcore_response.all_requests.llc_miss.any_response,81243088,100.00,,
     2.204389408,8989417,,offcore_response.all_requests.llc_hit.any_response,81151899,100.00,,
     2.204389408,806,,offcore_response.all_requests.llc_miss.any_response,81152185,100.00,,
     2.304607370,8891998,,offcore_response.all_requests.llc_hit.any_response,80119258,100.00,,
     2.304607370,687,,offcore_response.all_requests.llc_miss.any_response,80119282,100.00,,
     2.404806885,8916763,,offcore_response.all_requests.llc_hit.any_response,80159568,100.00,,
     2.404806885,829,,offcore_response.all_requests.llc_miss.any_response,80159417,100.00,,
     2.505007704,9004842,,offcore_response.all_requests.llc_hit.any_response,81007853,100.00,,
     2.505007704,959,,offcore_response.all_requests.llc_miss.any_response,81007851,100.00,,
     2.605207803,8932720,,offcore_response.all_requests.llc_hit.any_response,80553096,100.00,,
     2.605207803,663,,offcore_response.all_requests.llc_miss.any_response,80553144,100.00,,
     2.705405842,8992781,,offcore_response.all_requests.llc_hit.any_response,81281277,100.00,,
     2.705405842,674,,offcore_response.all_requests.llc_miss.any_response,81281229,100.00,,
     2.805604994,8999565,,offcore_response.all_requests.llc_hit.any_response,81165974,100.00,,
     2.805604994,891,,offcore_response.all_requests.llc_miss.any_response,81165957,100.00,,
     2.905802380,8904491,,offcore_response.all_requests.llc_hit.any_response,80433332,100.00,,
     2.905802380,885,,offcore_response.all_requests.llc_miss.any_response,80433259,100.00,,
     3.006002504,8976887,,offcore_response.all_requests.llc_hit.any_response,81053309,100.00,,
     3.006002504,841,,offcore_response.all_requests.llc_miss.any_response,81053578,100.00,,
     3.106202601,8985116,,offcore_response.all_requests.llc_hit.any_response,81092995,100.00,,
     3.106202601,625,,offcore_response.all_requests.llc_miss.any_response,81079822,100.00,,
     3.206400646,8964469,,offcore_response.all_requests.llc_hit.any_response,80863881,100.00,,
     3.206400646,637,,offcore_response.all_requests.llc_miss.any_response,80860972,100.00,,
     3.306601318,8853488,,offcore_response.all_requests.llc_hit.any_response,79959234,100.00,,
     3.306601318,731,,offcore_response.all_requests.llc_miss.any_response,79968844,100.00,,
     3.406798193,8864807,,offcore_response.all_requests.llc_hit.any_response,79999281,100.00,,
     3.406798193,758,,offcore_response.all_requests.llc_miss.any_response,79992044,100.00,,
     3.507004691,8856017,,offcore_response.all_requests.llc_hit.any_response,80125567,100.00,,
     3.507004691,768,,offcore_response.all_requests.llc_miss.any_response,80138982,100.00,,
     3.607204831,8959295,,offcore_response.all_requests.llc_hit.any_response,81307191,100.00,,
     3.607204831,785,,offcore_response.all_requests.llc_miss.any_response,81284371,100.00,,
     3.707400615,8990746,,offcore_response.all_requests.llc_hit.any_response,81425410,100.00,,
     3.707400615,817,,offcore_response.all_requests.llc_miss.any_response,81442032,100.00,,
     3.807599459,8961950,,offcore_response.all_requests.llc_hit.any_response,81263814,100.00,,
     3.807599459,923,,offcore_response.all_requests.llc_miss.any_response,81283057,100.00,,
     3.907814036,9009306,,offcore_response.all_requests.llc_hit.any_response,81807254,100.00,,
     3.907814036,793,,offcore_response.all_requests.llc_miss.any_response,81784593,100.00,,
     4.008011309,8933952,,offcore_response.all_requests.llc_hit.any_response,80532744,100.00,,
     4.008011309,786,,offcore_response.all_requests.llc_miss.any_response,80542631,100.00,,
     4.108212087,8990166,,offcore_response.all_requests.llc_hit.any_response,81115293,100.00,,
     4.108212087,799,,offcore_response.all_requests.llc_miss.any_response,81115046,100.00,,
     4.208410403,8963570,,offcore_response.all_requests.llc_hit.any_response,80808354,100.00,,
     4.208410403,845,,offcore_response.all_requests.llc_miss.any_response,80808345,100.00,,
     4.308608973,8861994,,offcore_response.all_requests.llc_hit.any_response,80071781,100.00,,
     4.308608973,832,,offcore_response.all_requests.llc_miss.any_response,80071744,100.00,,
     4.408806146,8953657,,offcore_response.all_requests.llc_hit.any_response,81003640,100.00,,
     4.408806146,868,,offcore_response.all_requests.llc_miss.any_response,80990085,100.00,,
     4.509027476,8970253,,offcore_response.all_requests.llc_hit.any_response,80870270,100.00,,
     4.509027476,1148,,offcore_response.all_requests.llc_miss.any_response,80883755,100.00,,
     4.609226473,8967041,,offcore_response.all_requests.llc_hit.any_response,80832442,100.00,,
     4.609226473,740,,offcore_response.all_requests.llc_miss.any_response,80832610,100.00,,
     4.709426108,8955408,,offcore_response.all_requests.llc_hit.any_response,80898917,100.00,,
     4.709426108,890,,offcore_response.all_requests.llc_miss.any_response,80898870,100.00,,
     4.809624792,8978964,,offcore_response.all_requests.llc_hit.any_response,81043086,100.00,,
     4.809624792,700,,offcore_response.all_requests.llc_miss.any_response,81043339,100.00,,
     4.909833922,8934655,,offcore_response.all_requests.llc_hit.any_response,81171305,100.00,,
     4.909833922,868,,offcore_response.all_requests.llc_miss.any_response,81171164,100.00,,
     5.010037220,8926408,,offcore_response.all_requests.llc_hit.any_response,80463278,100.00,,
     5.010037220,800,,offcore_response.all_requests.llc_miss.any_response,80462839,100.00,,
     5.110233558,9030725,,offcore_response.all_requests.llc_hit.any_response,81303874,100.00,,
     5.110233558,736,,offcore_response.all_requests.llc_miss.any_response,81290526,100.00,,
     5.210428469,8879728,,offcore_response.all_requests.llc_hit.any_response,79876554,100.00,,
     5.210428469,660,,offcore_response.all_requests.llc_miss.any_response,79890271,100.00,,
     5.310625853,8839612,,offcore_response.all_requests.llc_hit.any_response,79506676,100.00,,
     5.310625853,910,,offcore_response.all_requests.llc_miss.any_response,79498999,100.00,,
     5.410821502,8872896,,offcore_response.all_requests.llc_hit.any_response,80106487,100.00,,
     5.410821502,899,,offcore_response.all_requests.llc_miss.any_response,80101253,100.00,,
     5.511025698,8988644,,offcore_response.all_requests.llc_hit.any_response,81675495,100.00,,
     5.511025698,991,,offcore_response.all_requests.llc_miss.any_response,81688166,100.00,,
     5.611224862,8956983,,offcore_response.all_requests.llc_hit.any_response,80782494,100.00,,
     5.611224862,824,,offcore_response.all_requests.llc_miss.any_response,80769024,100.00,,
     5.711424515,8958269,,offcore_response.all_requests.llc_hit.any_response,80803799,100.00,,
     5.711424515,867,,offcore_response.all_requests.llc_miss.any_response,80817634,100.00,,
     5.811622653,8930573,,offcore_response.all_requests.llc_hit.any_response,80321020,100.00,,
     5.811622653,938,,offcore_response.all_requests.llc_miss.any_response,80321037,100.00,,
     5.911833311,9027004,,offcore_response.all_requests.llc_hit.any_response,81446255,100.00,,
     5.911833311,777,,offcore_response.all_requests.llc_miss.any_response,81429928,100.00,,
     6.012032428,8883753,,offcore_response.all_requests.llc_hit.any_response,80394197,100.00,,
     6.012032428,916,,offcore_response.all_requests.llc_miss.any_response,80410249,100.00,,
     6.112230184,9023335,,offcore_response.all_requests.llc_hit.any_response,81249563,100.00,,
     6.112230184,852,,offcore_response.all_requests.llc_miss.any_response,81249096,100.00,,
     6.212433849,8892060,,offcore_response.all_requests.llc_hit.any_response,80084549,100.00,,
     6.212433849,970,,offcore_response.all_requests.llc_miss.any_response,80085266,100.00,,
     6.312635118,8844510,,offcore_response.all_requests.llc_hit.any_response,79832191,100.00,,
     6.312635118,881,,offcore_response.all_requests.llc_miss.any_response,79826051,100.00,,
     6.412834252,8813681,,offcore_response.all_requests.llc_hit.any_response,79505561,100.00,,
     6.412834252,918,,offcore_response.all_requests.llc_miss.any_response,79508695,100.00,,
     6.513040308,8976114,,offcore_response.all_requests.llc_hit.any_response,81065458,100.00,,
     6.513040308,827,,offcore_response.all_requests.llc_miss.any_response,81066090,100.00,,
     6.613236821,8925684,,offcore_response.all_requests.llc_hit.any_response,80267988,100.00,,
     6.613236821,726,,offcore_response.all_requests.llc_miss.any_response,80256122,100.00,,
     6.713461600,8960101,,offcore_response.all_requests.llc_hit.any_response,81180701,100.00,,
     6.713461600,685,,offcore_response.all_requests.llc_miss.any_response,81193037,100.00,,
     6.813661496,9007510,,offcore_response.all_requests.llc_hit.any_response,81219786,100.00,,
     6.813661496,871,,offcore_response.all_requests.llc_miss.any_response,81216331,100.00,,
     6.913861908,8909843,,offcore_response.all_requests.llc_hit.any_response,80440077,100.00,,
     6.913861908,894,,offcore_response.all_requests.llc_miss.any_response,80439429,100.00,,
     7.014061576,8979358,,offcore_response.all_requests.llc_hit.any_response,81994159,100.00,,
     7.014061576,955,,offcore_response.all_requests.llc_miss.any_response,82000198,100.00,,
     7.114262164,8974911,,offcore_response.all_requests.llc_hit.any_response,81002800,100.00,,
     7.114262164,689,,offcore_response.all_requests.llc_miss.any_response,81002654,100.00,,
     7.214461679,8897459,,offcore_response.all_requests.llc_hit.any_response,80330208,100.00,,
     7.214461679,805,,offcore_response.all_requests.llc_miss.any_response,80330115,100.00,,
     7.314661448,8883427,,offcore_response.all_requests.llc_hit.any_response,80059161,100.00,,
     7.314661448,697,,offcore_response.all_requests.llc_miss.any_response,80059311,100.00,,
     7.414859985,8867707,,offcore_response.all_requests.llc_hit.any_response,79949111,100.00,,
     7.414859985,818,,offcore_response.all_requests.llc_miss.any_response,79943820,100.00,,
     7.515058307,8983911,,offcore_response.all_requests.llc_hit.any_response,81089256,100.00,,
     7.515058307,736,,offcore_response.all_requests.llc_miss.any_response,81094513,100.00,,
     7.615258447,8912436,,offcore_response.all_requests.llc_hit.any_response,80277394,100.00,,
     7.615258447,850,,offcore_response.all_requests.llc_miss.any_response,80277259,100.00,,
     7.715457508,8997970,,offcore_response.all_requests.llc_hit.any_response,81125145,100.00,,
     7.715457508,711,,offcore_response.all_requests.llc_miss.any_response,81125569,100.00,,
     7.815657688,8912025,,offcore_response.all_requests.llc_hit.any_response,80325394,100.00,,
     7.815657688,868,,offcore_response.all_requests.llc_miss.any_response,80325108,100.00,,
     7.915857363,9015478,,offcore_response.all_requests.llc_hit.any_response,81307860,100.00,,
     7.915857363,595,,offcore_response.all_requests.llc_miss.any_response,81307922,100.00,,
     8.016055748,9009469,,offcore_response.all_requests.llc_hit.any_response,81141578,100.00,,
     8.016055748,778,,offcore_response.all_requests.llc_miss.any_response,81141589,100.00,,
     8.116254847,8909947,,offcore_response.all_requests.llc_hit.any_response,80314199,100.00,,
     8.116254847,844,,offcore_response.all_requests.llc_miss.any_response,80314171,100.00,,
     8.216453967,8872610,,offcore_response.all_requests.llc_hit.any_response,79997433,100.00,,
     8.216453967,807,,offcore_response.all_requests.llc_miss.any_response,79988902,100.00,,
     8.316650830,8870812,,offcore_response.all_requests.llc_hit.any_response,79929181,100.00,,
     8.316650830,770,,offcore_response.all_requests.llc_miss.any_response,79928018,100.00,,
     8.416847311,8872304,,offcore_response.all_requests.llc_hit.any_response,80054019,100.00,,
     8.416847311,872,,offcore_response.all_requests.llc_miss.any_response,80063753,100.00,,
     8.517046155,8964601,,offcore_response.all_requests.llc_hit.any_response,80808906,100.00,,
     8.517046155,795,,offcore_response.all_requests.llc_miss.any_response,80809726,100.00,,
     8.617246518,8921706,,offcore_response.all_requests.llc_hit.any_response,80505319,100.00,,
     8.617246518,640,,offcore_response.all_requests.llc_miss.any_response,80504546,100.00,,
     8.717444606,8914691,,offcore_response.all_requests.llc_hit.any_response,80262267,100.00,,
     8.717444606,818,,offcore_response.all_requests.llc_miss.any_response,80246792,100.00,,
     8.817643845,9006270,,offcore_response.all_requests.llc_hit.any_response,81101358,100.00,,
     8.817643845,863,,offcore_response.all_requests.llc_miss.any_response,81116718,100.00,,
     8.917862227,8927285,,offcore_response.all_requests.llc_hit.any_response,80863225,100.00,,
     8.917862227,818,,offcore_response.all_requests.llc_miss.any_response,80854533,100.00,,
     9.018060709,8986984,,offcore_response.all_requests.llc_hit.any_response,81295171,100.00,,
     9.018060709,748,,offcore_response.all_requests.llc_miss.any_response,81291445,100.00,,
     9.118259680,8900729,,offcore_response.all_requests.llc_hit.any_response,80347235,100.00,,
     9.118259680,587,,offcore_response.all_requests.llc_miss.any_response,80359618,100.00,,
     9.218458985,8831511,,offcore_response.all_requests.llc_hit.any_response,79929915,100.00,,
     9.218458985,813,,offcore_response.all_requests.llc_miss.any_response,79929966,100.00,,
     9.318653635,8931824,,offcore_response.all_requests.llc_hit.any_response,81969577,100.00,,
     9.318653635,740,,offcore_response.all_requests.llc_miss.any_response,81969368,100.00,,
     9.418852692,8795872,,offcore_response.all_requests.llc_hit.any_response,79821970,100.00,,
     9.418852692,910,,offcore_response.all_requests.llc_miss.any_response,79822299,100.00,,
     9.519055291,8930262,,offcore_response.all_requests.llc_hit.any_response,80917782,100.00,,
     9.519055291,922,,offcore_response.all_requests.llc_miss.any_response,80919936,100.00,,
     9.619256600,9028182,,offcore_response.all_requests.llc_hit.any_response,81158337,100.00,,
     9.619256600,931,,offcore_response.all_requests.llc_miss.any_response,81156203,100.00,,
     9.719458110,8933692,,offcore_response.all_requests.llc_hit.any_response,80585206,100.00,,
     9.719458110,762,,offcore_response.all_requests.llc_miss.any_response,80584850,100.00,,
     9.819654123,8974712,,offcore_response.all_requests.llc_hit.any_response,81668984,100.00,,
     9.819654123,954,,offcore_response.all_requests.llc_miss.any_response,81657959,100.00,,
     9.919814170,9013323,,offcore_response.all_requests.llc_hit.any_response,80885000,100.00,,
     9.919814170,802,,offcore_response.all_requests.llc_miss.any_response,80882800,100.00,,
    10.020021310,8993384,,offcore_response.all_requests.llc_hit.any_response,81266896,100.00,,
    10.020021310,991,,offcore_response.all_requests.llc_miss.any_response,81280327,100.00,,
    10.120223819,9011998,,offcore_response.all_requests.llc_hit.any_response,81124117,100.00,,
    10.120223819,792,,offcore_response.all_requests.llc_miss.any_response,81122218,100.00,,
    10.220423053,8867478,,offcore_response.all_requests.llc_hit.any_response,79967708,100.00,,
    10.220423053,820,,offcore_response.all_requests.llc_miss.any_response,79969585,100.00,,
    10.320621622,8868029,,offcore_response.all_requests.llc_hit.any_response,79952242,100.00,,
    10.320621622,844,,offcore_response.all_requests.llc_miss.any_response,79952157,100.00,,
    10.420821598,8865994,,offcore_response.all_requests.llc_hit.any_response,80033272,100.00,,
    10.420821598,967,,offcore_response.all_requests.llc_miss.any_response,80033442,100.00,,
    10.521023800,8933480,,offcore_response.all_requests.llc_hit.any_response,81069479,100.00,,
    10.521023800,956,,offcore_response.all_requests.llc_miss.any_response,81055023,100.00,,
    10.621225860,8916496,,offcore_response.all_requests.llc_hit.any_response,80126509,100.00,,
    10.621225860,713,,offcore_response.all_requests.llc_miss.any_response,80140863,100.00,,
    10.721423301,9056401,,offcore_response.all_requests.llc_hit.any_response,82022232,100.00,,
    10.721423301,851,,offcore_response.all_requests.llc_miss.any_response,82015010,100.00,,
    10.821619044,8946628,,offcore_response.all_requests.llc_hit.any_response,81011412,100.00,,
    10.821619044,996,,offcore_response.all_requests.llc_miss.any_response,81011352,100.00,,
    10.921815268,9005636,,offcore_response.all_requests.llc_hit.any_response,81015439,100.00,,
    10.921815268,985,,offcore_response.all_requests.llc_miss.any_response,81022701,100.00,,
    11.022013974,8904062,,offcore_response.all_requests.llc_hit.any_response,80180620,100.00,,
    11.022013974,833,,offcore_response.all_requests.llc_miss.any_response,80180639,100.00,,
