# started on Tue May  2 15:16:03 2023

     0.100322639,3067457,,offcore_response.all_requests.llc_hit.any_response,44211018,100.00,,
     0.100322639,38567,,offcore_response.all_requests.llc_miss.any_response,44147419,100.00,,
     0.200564555,3057586,,offcore_response.all_requests.llc_hit.any_response,43812299,100.00,,
     0.200564555,37984,,offcore_response.all_requests.llc_miss.any_response,43812299,100.00,,
     0.300779822,3063783,,offcore_response.all_requests.llc_hit.any_response,43085873,100.00,,
     0.300779822,38072,,offcore_response.all_requests.llc_miss.any_response,43104021,100.00,,
     0.400996563,2991035,,offcore_response.all_requests.llc_hit.any_response,43747165,100.00,,
     0.400996563,37878,,offcore_response.all_requests.llc_miss.any_response,43736801,100.00,,
     0.501221435,3021963,,offcore_response.all_requests.llc_hit.any_response,43450981,100.00,,
     0.501221435,38376,,offcore_response.all_requests.llc_miss.any_response,43457267,100.00,,
     0.601436857,3081187,,offcore_response.all_requests.llc_hit.any_response,44351751,100.00,,
     0.601436857,38320,,offcore_response.all_requests.llc_miss.any_response,44360419,100.00,,
     0.701657396,3076036,,offcore_response.all_requests.llc_hit.any_response,44541020,100.00,,
     0.701657396,38236,,offcore_response.all_requests.llc_miss.any_response,44548795,100.00,,
     0.801877357,2996660,,offcore_response.all_requests.llc_hit.any_response,43270379,100.00,,
     0.801877357,38087,,offcore_response.all_requests.llc_miss.any_response,43239866,100.00,,
     0.902089734,2992584,,offcore_response.all_requests.llc_hit.any_response,43808749,100.00,,
     0.902089734,38467,,offcore_response.all_requests.llc_miss.any_response,43841427,100.00,,
     1.002309431,2994686,,offcore_response.all_requests.llc_hit.any_response,42697619,100.00,,
     1.002309431,38071,,offcore_response.all_requests.llc_miss.any_response,42664941,100.00,,
     1.102521795,3008974,,offcore_response.all_requests.llc_hit.any_response,44518973,100.00,,
     1.102521795,38073,,offcore_response.all_requests.llc_miss.any_response,44551648,100.00,,
     1.202739388,3063241,,offcore_response.all_requests.llc_hit.any_response,44494207,100.00,,
     1.202739388,38354,,offcore_response.all_requests.llc_miss.any_response,44461532,100.00,,
     1.302953592,2957522,,offcore_response.all_requests.llc_hit.any_response,43101634,100.00,,
     1.302953592,37391,,offcore_response.all_requests.llc_miss.any_response,43101634,100.00,,
     1.403166467,3073480,,offcore_response.all_requests.llc_hit.any_response,44054379,100.00,,
     1.403166467,38444,,offcore_response.all_requests.llc_miss.any_response,44069384,100.00,,
     1.503384129,3044318,,offcore_response.all_requests.llc_hit.any_response,43785126,100.00,,
     1.503384129,37847,,offcore_response.all_requests.llc_miss.any_response,43770121,100.00,,
     1.603596105,3068828,,offcore_response.all_requests.llc_hit.any_response,44751948,100.00,,
     1.603596105,37963,,offcore_response.all_requests.llc_miss.any_response,44785834,100.00,,
     1.703817897,2988584,,offcore_response.all_requests.llc_hit.any_response,43355312,100.00,,
     1.703817897,38230,,offcore_response.all_requests.llc_miss.any_response,43321426,100.00,,
     1.804029907,2983555,,offcore_response.all_requests.llc_hit.any_response,42971828,100.00,,
     1.804029907,37841,,offcore_response.all_requests.llc_miss.any_response,42971828,100.00,,
     1.904246097,3058598,,offcore_response.all_requests.llc_hit.any_response,44603066,100.00,,
     1.904246097,38238,,offcore_response.all_requests.llc_miss.any_response,44603066,100.00,,
     2.004461917,3038381,,offcore_response.all_requests.llc_hit.any_response,44216400,100.00,,
     2.004461917,38146,,offcore_response.all_requests.llc_miss.any_response,44224930,100.00,,
     2.104679731,3074956,,offcore_response.all_requests.llc_hit.any_response,43963681,100.00,,
     2.104679731,38138,,offcore_response.all_requests.llc_miss.any_response,43981702,100.00,,
     2.204895508,3036852,,offcore_response.all_requests.llc_hit.any_response,43086636,100.00,,
     2.204895508,38042,,offcore_response.all_requests.llc_miss.any_response,43060085,100.00,,
     2.305130589,3010942,,offcore_response.all_requests.llc_hit.any_response,42938029,100.00,,
     2.305130589,37767,,offcore_response.all_requests.llc_miss.any_response,42938029,100.00,,
     2.405343457,3047512,,offcore_response.all_requests.llc_hit.any_response,45360539,100.00,,
     2.405343457,38403,,offcore_response.all_requests.llc_miss.any_response,45360539,100.00,,
     2.505555553,3088541,,offcore_response.all_requests.llc_hit.any_response,43648611,100.00,,
     2.505555553,37992,,offcore_response.all_requests.llc_miss.any_response,43648611,100.00,,
     2.605766146,2973746,,offcore_response.all_requests.llc_hit.any_response,43694066,100.00,,
     2.605766146,37652,,offcore_response.all_requests.llc_miss.any_response,43694066,100.00,,
     2.705979030,3103910,,offcore_response.all_requests.llc_hit.any_response,44715291,100.00,,
     2.705979030,38268,,offcore_response.all_requests.llc_miss.any_response,44748217,100.00,,
     2.806196810,3025289,,offcore_response.all_requests.llc_hit.any_response,42786669,100.00,,
     2.806196810,38265,,offcore_response.all_requests.llc_miss.any_response,42753743,100.00,,
     2.906409384,3016381,,offcore_response.all_requests.llc_hit.any_response,43997972,100.00,,
     2.906409384,37429,,offcore_response.all_requests.llc_miss.any_response,43997972,100.00,,
     3.006620628,2995691,,offcore_response.all_requests.llc_hit.any_response,43736089,100.00,,
     3.006620628,38179,,offcore_response.all_requests.llc_miss.any_response,43736089,100.00,,
     3.106834593,3015511,,offcore_response.all_requests.llc_hit.any_response,43795706,100.00,,
     3.106834593,37989,,offcore_response.all_requests.llc_miss.any_response,43795706,100.00,,
     3.207081686,3118175,,offcore_response.all_requests.llc_hit.any_response,45286797,100.00,,
     3.207081686,38430,,offcore_response.all_requests.llc_miss.any_response,45320040,100.00,,
     3.307300913,3016910,,offcore_response.all_requests.llc_hit.any_response,43750245,100.00,,
     3.307300913,37381,,offcore_response.all_requests.llc_miss.any_response,43717002,100.00,,
     3.407513731,3068802,,offcore_response.all_requests.llc_hit.any_response,43990858,100.00,,
     3.407513731,38293,,offcore_response.all_requests.llc_miss.any_response,43990858,100.00,,
     3.507726479,3015190,,offcore_response.all_requests.llc_hit.any_response,44038209,100.00,,
     3.507726479,38345,,offcore_response.all_requests.llc_miss.any_response,44038209,100.00,,
     3.607938661,2974442,,offcore_response.all_requests.llc_hit.any_response,43273437,100.00,,
     3.607938661,38221,,offcore_response.all_requests.llc_miss.any_response,43273437,100.00,,
     3.708152332,3045987,,offcore_response.all_requests.llc_hit.any_response,44180195,100.00,,
     3.708152332,37783,,offcore_response.all_requests.llc_miss.any_response,44180195,100.00,,
     3.808363800,3021549,,offcore_response.all_requests.llc_hit.any_response,43357387,100.00,,
     3.808363800,37822,,offcore_response.all_requests.llc_miss.any_response,43357387,100.00,,
     3.908576481,3021714,,offcore_response.all_requests.llc_hit.any_response,44409535,100.00,,
     3.908576481,38452,,offcore_response.all_requests.llc_miss.any_response,44431897,100.00,,
     4.008791587,3049906,,offcore_response.all_requests.llc_hit.any_response,45384603,100.00,,
     4.008791587,37968,,offcore_response.all_requests.llc_miss.any_response,45396159,100.00,,
     4.109013192,3012535,,offcore_response.all_requests.llc_hit.any_response,41325682,100.00,,
     4.109013192,37717,,offcore_response.all_requests.llc_miss.any_response,41291764,100.00,,
     4.209225295,3112277,,offcore_response.all_requests.llc_hit.any_response,43138524,100.00,,
     4.209225295,37786,,offcore_response.all_requests.llc_miss.any_response,43138524,100.00,,
     4.309448076,3045044,,offcore_response.all_requests.llc_hit.any_response,41814701,100.00,,
     4.309448076,38352,,offcore_response.all_requests.llc_miss.any_response,41847915,100.00,,
     4.409666543,3034391,,offcore_response.all_requests.llc_hit.any_response,42134924,100.00,,
     4.409666543,38074,,offcore_response.all_requests.llc_miss.any_response,42135411,100.00,,
     4.509903146,3031586,,offcore_response.all_requests.llc_hit.any_response,41889166,100.00,,
     4.509903146,37525,,offcore_response.all_requests.llc_miss.any_response,41888679,100.00,,
     4.610126011,3081134,,offcore_response.all_requests.llc_hit.any_response,44949028,100.00,,
     4.610126011,38098,,offcore_response.all_requests.llc_miss.any_response,44915814,100.00,,
     4.710338211,3037762,,offcore_response.all_requests.llc_hit.any_response,43864773,100.00,,
     4.710338211,37376,,offcore_response.all_requests.llc_miss.any_response,43864773,100.00,,
     4.810548870,3035763,,offcore_response.all_requests.llc_hit.any_response,43551839,100.00,,
     4.810548870,37749,,offcore_response.all_requests.llc_miss.any_response,43551839,100.00,,
     4.910763139,3020878,,offcore_response.all_requests.llc_hit.any_response,43796177,100.00,,
     4.910763139,37905,,offcore_response.all_requests.llc_miss.any_response,43796177,100.00,,
     5.010987356,3062231,,offcore_response.all_requests.llc_hit.any_response,44387922,100.00,,
     5.010987356,37718,,offcore_response.all_requests.llc_miss.any_response,44387922,100.00,,
     5.111201283,3044494,,offcore_response.all_requests.llc_hit.any_response,44237316,100.00,,
     5.111201283,37873,,offcore_response.all_requests.llc_miss.any_response,44269055,100.00,,
     5.211421514,3031670,,offcore_response.all_requests.llc_hit.any_response,42572521,100.00,,
     5.211421514,37876,,offcore_response.all_requests.llc_miss.any_response,42576262,100.00,,
     5.311654496,3061984,,offcore_response.all_requests.llc_hit.any_response,43071061,100.00,,
     5.311654496,37435,,offcore_response.all_requests.llc_miss.any_response,43068682,100.00,,
     5.411875262,3015654,,offcore_response.all_requests.llc_hit.any_response,44120420,100.00,,
     5.411875262,37730,,offcore_response.all_requests.llc_miss.any_response,44121461,100.00,,
     5.512097692,3009975,,offcore_response.all_requests.llc_hit.any_response,43642555,100.00,,
     5.512097692,37018,,offcore_response.all_requests.llc_miss.any_response,43628303,100.00,,
     5.612315515,3055159,,offcore_response.all_requests.llc_hit.any_response,45559043,100.00,,
     5.612315515,37916,,offcore_response.all_requests.llc_miss.any_response,45539153,100.00,,
     5.712529131,3027206,,offcore_response.all_requests.llc_hit.any_response,43737938,100.00,,
     5.712529131,37750,,offcore_response.all_requests.llc_miss.any_response,43742468,100.00,,
     5.812744816,2963172,,offcore_response.all_requests.llc_hit.any_response,42879927,100.00,,
     5.812744816,37966,,offcore_response.all_requests.llc_miss.any_response,42875397,100.00,,
     5.912959709,2972016,,offcore_response.all_requests.llc_hit.any_response,43451399,100.00,,
     5.912959709,37515,,offcore_response.all_requests.llc_miss.any_response,43451399,100.00,,
     6.013173482,3090480,,offcore_response.all_requests.llc_hit.any_response,45232734,100.00,,
     6.013173482,38499,,offcore_response.all_requests.llc_miss.any_response,45266359,100.00,,
     6.113402123,3062874,,offcore_response.all_requests.llc_hit.any_response,43962558,100.00,,
     6.113402123,37618,,offcore_response.all_requests.llc_miss.any_response,43942829,100.00,,
     6.213617102,3012976,,offcore_response.all_requests.llc_hit.any_response,43820550,100.00,,
     6.213617102,38045,,offcore_response.all_requests.llc_miss.any_response,43840229,100.00,,
     6.313839583,3045916,,offcore_response.all_requests.llc_hit.any_response,44367894,100.00,,
     6.313839583,37397,,offcore_response.all_requests.llc_miss.any_response,44367654,100.00,,
     6.414059507,3069244,,offcore_response.all_requests.llc_hit.any_response,45303765,100.00,,
     6.414059507,38011,,offcore_response.all_requests.llc_miss.any_response,45270430,100.00,,
     6.514275706,2998751,,offcore_response.all_requests.llc_hit.any_response,43215767,100.00,,
     6.514275706,37714,,offcore_response.all_requests.llc_miss.any_response,43248906,100.00,,
     6.614517397,3037398,,offcore_response.all_requests.llc_hit.any_response,44256037,100.00,,
     6.614517397,38168,,offcore_response.all_requests.llc_miss.any_response,44222898,100.00,,
     6.714734656,3037819,,offcore_response.all_requests.llc_hit.any_response,44072269,100.00,,
     6.714734656,37608,,offcore_response.all_requests.llc_miss.any_response,44072269,100.00,,
     6.814926739,3018152,,offcore_response.all_requests.llc_hit.any_response,44108578,100.00,,
     6.814926739,38029,,offcore_response.all_requests.llc_miss.any_response,44142108,100.00,,
     6.915148029,3028088,,offcore_response.all_requests.llc_hit.any_response,43720495,100.00,,
     6.915148029,37678,,offcore_response.all_requests.llc_miss.any_response,43708393,100.00,,
     7.015369106,3015124,,offcore_response.all_requests.llc_hit.any_response,41848803,100.00,,
     7.015369106,38162,,offcore_response.all_requests.llc_miss.any_response,41827375,100.00,,
     7.115590053,3074758,,offcore_response.all_requests.llc_hit.any_response,43139527,100.00,,
     7.115590053,37990,,offcore_response.all_requests.llc_miss.any_response,43139527,100.00,,
     7.215803562,3051094,,offcore_response.all_requests.llc_hit.any_response,42682363,100.00,,
     7.215803562,37514,,offcore_response.all_requests.llc_miss.any_response,42701920,100.00,,
     7.316022290,3040091,,offcore_response.all_requests.llc_hit.any_response,42217135,100.00,,
     7.316022290,38863,,offcore_response.all_requests.llc_miss.any_response,42197578,100.00,,
     7.416234112,3103662,,offcore_response.all_requests.llc_hit.any_response,42569955,100.00,,
     7.416234112,38500,,offcore_response.all_requests.llc_miss.any_response,42593622,100.00,,
     7.516449914,3067879,,offcore_response.all_requests.llc_hit.any_response,42669198,100.00,,
     7.516449914,37766,,offcore_response.all_requests.llc_miss.any_response,42678126,100.00,,
     7.616668604,3004955,,offcore_response.all_requests.llc_hit.any_response,43645376,100.00,,
     7.616668604,37467,,offcore_response.all_requests.llc_miss.any_response,43646579,100.00,,
     7.716890543,3091657,,offcore_response.all_requests.llc_hit.any_response,45404269,100.00,,
     7.716890543,38185,,offcore_response.all_requests.llc_miss.any_response,45370471,100.00,,
     7.817109265,3072895,,offcore_response.all_requests.llc_hit.any_response,43881969,100.00,,
     7.817109265,37829,,offcore_response.all_requests.llc_miss.any_response,43881969,100.00,,
     7.917321772,2975068,,offcore_response.all_requests.llc_hit.any_response,43049387,100.00,,
     7.917321772,38088,,offcore_response.all_requests.llc_miss.any_response,43069614,100.00,,
     8.017538689,3061418,,offcore_response.all_requests.llc_hit.any_response,43935188,100.00,,
     8.017538689,38324,,offcore_response.all_requests.llc_miss.any_response,43940129,100.00,,
     8.117756795,2998380,,offcore_response.all_requests.llc_hit.any_response,43585996,100.00,,
     8.117756795,38034,,offcore_response.all_requests.llc_miss.any_response,43580612,100.00,,
     8.217978323,3032134,,offcore_response.all_requests.llc_hit.any_response,43527230,100.00,,
     8.217978323,38339,,offcore_response.all_requests.llc_miss.any_response,43507446,100.00,,
     8.318192591,3060424,,offcore_response.all_requests.llc_hit.any_response,44361500,100.00,,
     8.318192591,37761,,offcore_response.all_requests.llc_miss.any_response,44394360,100.00,,
     8.418412015,3045123,,offcore_response.all_requests.llc_hit.any_response,44596677,100.00,,
     8.418412015,38037,,offcore_response.all_requests.llc_miss.any_response,44597842,100.00,,
     8.518633483,3034437,,offcore_response.all_requests.llc_hit.any_response,43952868,100.00,,
     8.518633483,38227,,offcore_response.all_requests.llc_miss.any_response,43941994,100.00,,
     8.618849942,3028540,,offcore_response.all_requests.llc_hit.any_response,44175350,100.00,,
     8.618849942,37718,,offcore_response.all_requests.llc_miss.any_response,44152199,100.00,,
     8.719092675,3025812,,offcore_response.all_requests.llc_hit.any_response,44229051,100.00,,
     8.719092675,38395,,offcore_response.all_requests.llc_miss.any_response,44229051,100.00,,
     8.819324260,3027181,,offcore_response.all_requests.llc_hit.any_response,43606991,100.00,,
     8.819324260,38216,,offcore_response.all_requests.llc_miss.any_response,43606991,100.00,,
     8.919538552,2985255,,offcore_response.all_requests.llc_hit.any_response,42960358,100.00,,
     8.919538552,37784,,offcore_response.all_requests.llc_miss.any_response,42960358,100.00,,
     9.019751974,3058583,,offcore_response.all_requests.llc_hit.any_response,44755120,100.00,,
     9.019751974,37889,,offcore_response.all_requests.llc_miss.any_response,44755120,100.00,,
     9.119965048,3014996,,offcore_response.all_requests.llc_hit.any_response,42053306,100.00,,
     9.119965048,37957,,offcore_response.all_requests.llc_miss.any_response,42086079,100.00,,
     9.220183242,3014176,,offcore_response.all_requests.llc_hit.any_response,44258169,100.00,,
     9.220183242,38256,,offcore_response.all_requests.llc_miss.any_response,44225396,100.00,,
     9.320397018,2991010,,offcore_response.all_requests.llc_hit.any_response,43033476,100.00,,
     9.320397018,38041,,offcore_response.all_requests.llc_miss.any_response,43066722,100.00,,
     9.420616802,3025685,,offcore_response.all_requests.llc_hit.any_response,43727942,100.00,,
     9.420616802,38091,,offcore_response.all_requests.llc_miss.any_response,43701342,100.00,,
     9.520832843,3007189,,offcore_response.all_requests.llc_hit.any_response,44393469,100.00,,
     9.520832843,38214,,offcore_response.all_requests.llc_miss.any_response,44386823,100.00,,
     9.621045912,3020175,,offcore_response.all_requests.llc_hit.any_response,44262487,100.00,,
     9.621045912,37966,,offcore_response.all_requests.llc_miss.any_response,44296173,100.00,,
     9.721271395,3053039,,offcore_response.all_requests.llc_hit.any_response,43985337,100.00,,
     9.721271395,37827,,offcore_response.all_requests.llc_miss.any_response,43982995,100.00,,
     9.821488553,3027000,,offcore_response.all_requests.llc_hit.any_response,43501007,100.00,,
     9.821488553,37969,,offcore_response.all_requests.llc_miss.any_response,43469663,100.00,,
     9.921701772,3012970,,offcore_response.all_requests.llc_hit.any_response,42843134,100.00,,
     9.921701772,38021,,offcore_response.all_requests.llc_miss.any_response,42865478,100.00,,
    10.021918525,3047212,,offcore_response.all_requests.llc_hit.any_response,44684668,100.00,,
    10.021918525,37828,,offcore_response.all_requests.llc_miss.any_response,44662324,100.00,,
    10.122131586,3053676,,offcore_response.all_requests.llc_hit.any_response,42194008,100.00,,
    10.122131586,37385,,offcore_response.all_requests.llc_miss.any_response,42226594,100.00,,
    10.222349205,3090542,,offcore_response.all_requests.llc_hit.any_response,43335082,100.00,,
    10.222349205,37772,,offcore_response.all_requests.llc_miss.any_response,43325860,100.00,,
    10.322565631,3052437,,offcore_response.all_requests.llc_hit.any_response,41220060,100.00,,
    10.322565631,36984,,offcore_response.all_requests.llc_miss.any_response,41229292,100.00,,
    10.422786404,3118888,,offcore_response.all_requests.llc_hit.any_response,43079783,100.00,,
    10.422786404,37675,,offcore_response.all_requests.llc_miss.any_response,43047187,100.00,,
    10.523029281,3051583,,offcore_response.all_requests.llc_hit.any_response,43789369,100.00,,
    10.523029281,37293,,offcore_response.all_requests.llc_miss.any_response,43789369,100.00,,
    10.623242934,3033893,,offcore_response.all_requests.llc_hit.any_response,43632108,100.00,,
    10.623242934,38427,,offcore_response.all_requests.llc_miss.any_response,43665916,100.00,,
    10.723463637,3035141,,offcore_response.all_requests.llc_hit.any_response,43452342,100.00,,
    10.723463637,37954,,offcore_response.all_requests.llc_miss.any_response,43418534,100.00,,
    10.823677534,2998942,,offcore_response.all_requests.llc_hit.any_response,44299502,100.00,,
    10.823677534,37910,,offcore_response.all_requests.llc_miss.any_response,44333017,100.00,,
    10.923897133,3025028,,offcore_response.all_requests.llc_hit.any_response,44602177,100.00,,
    10.923897133,38374,,offcore_response.all_requests.llc_miss.any_response,44568662,100.00,,
    11.024128691,3053308,,offcore_response.all_requests.llc_hit.any_response,43487064,100.00,,
    11.024128691,37535,,offcore_response.all_requests.llc_miss.any_response,43521446,100.00,,
