# started on Tue May  2 15:16:16 2023

     0.100374791,5874921,,offcore_response.all_requests.llc_hit.any_response,54199449,100.00,,
     0.100374791,75854,,offcore_response.all_requests.llc_miss.any_response,54138517,100.00,,
     0.200631734,5791119,,offcore_response.all_requests.llc_hit.any_response,53513357,100.00,,
     0.200631734,74555,,offcore_response.all_requests.llc_miss.any_response,53478823,100.00,,
     0.300840802,5834233,,offcore_response.all_requests.llc_hit.any_response,54007958,100.00,,
     0.300840802,75401,,offcore_response.all_requests.llc_miss.any_response,54040220,100.00,,
     0.401056309,5795495,,offcore_response.all_requests.llc_hit.any_response,53880151,100.00,,
     0.401056309,75296,,offcore_response.all_requests.llc_miss.any_response,53847889,100.00,,
     0.501266724,5816449,,offcore_response.all_requests.llc_hit.any_response,53763785,100.00,,
     0.501266724,75068,,offcore_response.all_requests.llc_miss.any_response,53795748,100.00,,
     0.601482221,5844175,,offcore_response.all_requests.llc_hit.any_response,53939977,100.00,,
     0.601482221,75365,,offcore_response.all_requests.llc_miss.any_response,53940694,100.00,,
     0.701699782,5796903,,offcore_response.all_requests.llc_hit.any_response,53346026,100.00,,
     0.701699782,74445,,offcore_response.all_requests.llc_miss.any_response,53313346,100.00,,
     0.801909816,5815113,,offcore_response.all_requests.llc_hit.any_response,53736075,100.00,,
     0.801909816,75016,,offcore_response.all_requests.llc_miss.any_response,53748380,100.00,,
     0.902130650,5840542,,offcore_response.all_requests.llc_hit.any_response,53897815,100.00,,
     0.902130650,75609,,offcore_response.all_requests.llc_miss.any_response,53907904,100.00,,
     1.002342358,5787533,,offcore_response.all_requests.llc_hit.any_response,53502259,100.00,,
     1.002342358,74881,,offcore_response.all_requests.llc_miss.any_response,53492630,100.00,,
     1.102554564,5827980,,offcore_response.all_requests.llc_hit.any_response,53735699,100.00,,
     1.102554564,75315,,offcore_response.all_requests.llc_miss.any_response,53733447,100.00,,
     1.202769927,5790394,,offcore_response.all_requests.llc_hit.any_response,53449989,100.00,,
     1.202769927,74607,,offcore_response.all_requests.llc_miss.any_response,53439476,100.00,,
     1.302981106,5831725,,offcore_response.all_requests.llc_hit.any_response,53936875,100.00,,
     1.302981106,75160,,offcore_response.all_requests.llc_miss.any_response,53948210,100.00,,
     1.403222026,5841271,,offcore_response.all_requests.llc_hit.any_response,53926438,100.00,,
     1.403222026,75574,,offcore_response.all_requests.llc_miss.any_response,53945496,100.00,,
     1.503438819,5817521,,offcore_response.all_requests.llc_hit.any_response,53725081,100.00,,
     1.503438819,75315,,offcore_response.all_requests.llc_miss.any_response,53726503,100.00,,
     1.603653421,5823742,,offcore_response.all_requests.llc_hit.any_response,53759147,100.00,,
     1.603653421,75165,,offcore_response.all_requests.llc_miss.any_response,53727332,100.00,,
     1.703865116,5769997,,offcore_response.all_requests.llc_hit.any_response,53170987,100.00,,
     1.703865116,74243,,offcore_response.all_requests.llc_miss.any_response,53210451,100.00,,
     1.804079735,5829426,,offcore_response.all_requests.llc_hit.any_response,54122302,100.00,,
     1.804079735,75262,,offcore_response.all_requests.llc_miss.any_response,54115556,100.00,,
     1.904297552,5837994,,offcore_response.all_requests.llc_hit.any_response,53888385,100.00,,
     1.904297552,75037,,offcore_response.all_requests.llc_miss.any_response,53883855,100.00,,
     2.004509869,5807515,,offcore_response.all_requests.llc_hit.any_response,53737871,100.00,,
     2.004509869,74909,,offcore_response.all_requests.llc_miss.any_response,53742314,100.00,,
     2.104725744,5788702,,offcore_response.all_requests.llc_hit.any_response,53623298,100.00,,
     2.104725744,74999,,offcore_response.all_requests.llc_miss.any_response,53650490,100.00,,
     2.204951931,5798873,,offcore_response.all_requests.llc_hit.any_response,53639149,100.00,,
     2.204951931,74965,,offcore_response.all_requests.llc_miss.any_response,53579326,100.00,,
     2.305182881,5815296,,offcore_response.all_requests.llc_hit.any_response,54661672,100.00,,
     2.305182881,75611,,offcore_response.all_requests.llc_miss.any_response,54672841,100.00,,
     2.405402400,5782825,,offcore_response.all_requests.llc_hit.any_response,53409869,100.00,,
     2.405402400,74848,,offcore_response.all_requests.llc_miss.any_response,53398700,100.00,,
     2.505612669,5802678,,offcore_response.all_requests.llc_hit.any_response,53908956,100.00,,
     2.505612669,75189,,offcore_response.all_requests.llc_miss.any_response,53941449,100.00,,
     2.605828760,5770719,,offcore_response.all_requests.llc_hit.any_response,53631255,100.00,,
     2.605828760,74818,,offcore_response.all_requests.llc_miss.any_response,53653204,100.00,,
     2.706047334,5800539,,offcore_response.all_requests.llc_hit.any_response,53891423,100.00,,
     2.706047334,75411,,offcore_response.all_requests.llc_miss.any_response,53866168,100.00,,
     2.806260749,5791367,,offcore_response.all_requests.llc_hit.any_response,53804757,100.00,,
     2.806260749,74822,,offcore_response.all_requests.llc_miss.any_response,53802604,100.00,,
     2.906479212,5795040,,offcore_response.all_requests.llc_hit.any_response,53621144,100.00,,
     2.906479212,75115,,offcore_response.all_requests.llc_miss.any_response,53634384,100.00,,
     3.006701018,5778591,,offcore_response.all_requests.llc_hit.any_response,53597598,100.00,,
     3.006701018,74742,,offcore_response.all_requests.llc_miss.any_response,53573606,100.00,,
     3.106915533,5803655,,offcore_response.all_requests.llc_hit.any_response,54375467,100.00,,
     3.106915533,74770,,offcore_response.all_requests.llc_miss.any_response,54369959,100.00,,
     3.207127989,5888353,,offcore_response.all_requests.llc_hit.any_response,55179129,100.00,,
     3.207127989,75714,,offcore_response.all_requests.llc_miss.any_response,55175859,100.00,,
     3.307355948,5773379,,offcore_response.all_requests.llc_hit.any_response,53830713,100.00,,
     3.307355948,74528,,offcore_response.all_requests.llc_miss.any_response,53855666,100.00,,
     3.407572370,5793491,,offcore_response.all_requests.llc_hit.any_response,53828975,100.00,,
     3.407572370,74983,,offcore_response.all_requests.llc_miss.any_response,53796518,100.00,,
     3.507782421,5797291,,offcore_response.all_requests.llc_hit.any_response,53603680,100.00,,
     3.507782421,74987,,offcore_response.all_requests.llc_miss.any_response,53603680,100.00,,
     3.607991997,5759386,,offcore_response.all_requests.llc_hit.any_response,53537474,100.00,,
     3.607991997,74902,,offcore_response.all_requests.llc_miss.any_response,53563650,100.00,,
     3.708207223,5801832,,offcore_response.all_requests.llc_hit.any_response,53734135,100.00,,
     3.708207223,75456,,offcore_response.all_requests.llc_miss.any_response,53740079,100.00,,
     3.808422179,5839837,,offcore_response.all_requests.llc_hit.any_response,54412821,100.00,,
     3.808422179,75520,,offcore_response.all_requests.llc_miss.any_response,54396447,100.00,,
     3.908636546,5791261,,offcore_response.all_requests.llc_hit.any_response,53769348,100.00,,
     3.908636546,74849,,offcore_response.all_requests.llc_miss.any_response,53769443,100.00,,
     4.008848160,5802313,,offcore_response.all_requests.llc_hit.any_response,53748977,100.00,,
     4.008848160,74799,,offcore_response.all_requests.llc_miss.any_response,53765753,100.00,,
     4.109064342,5764636,,offcore_response.all_requests.llc_hit.any_response,53578998,100.00,,
     4.109064342,74876,,offcore_response.all_requests.llc_miss.any_response,53546381,100.00,,
     4.209274190,5750596,,offcore_response.all_requests.llc_hit.any_response,53529787,100.00,,
     4.209274190,74572,,offcore_response.all_requests.llc_miss.any_response,53529787,100.00,,
     4.309485977,5784872,,offcore_response.all_requests.llc_hit.any_response,53972790,100.00,,
     4.309485977,74953,,offcore_response.all_requests.llc_miss.any_response,54005191,100.00,,
     4.409700773,5780534,,offcore_response.all_requests.llc_hit.any_response,53826710,100.00,,
     4.409700773,74698,,offcore_response.all_requests.llc_miss.any_response,53827220,100.00,,
     4.509935574,5792943,,offcore_response.all_requests.llc_hit.any_response,53783741,100.00,,
     4.509935574,74977,,offcore_response.all_requests.llc_miss.any_response,53750830,100.00,,
     4.610144829,5750628,,offcore_response.all_requests.llc_hit.any_response,53844860,100.00,,
     4.610144829,74576,,offcore_response.all_requests.llc_miss.any_response,53844860,100.00,,
     4.710354032,5763897,,offcore_response.all_requests.llc_hit.any_response,53636956,100.00,,
     4.710354032,74957,,offcore_response.all_requests.llc_miss.any_response,53636956,100.00,,
     4.810565015,5781370,,offcore_response.all_requests.llc_hit.any_response,54334973,100.00,,
     4.810565015,74976,,offcore_response.all_requests.llc_miss.any_response,54367651,100.00,,
     4.910780264,5796011,,offcore_response.all_requests.llc_hit.any_response,54135610,100.00,,
     4.910780264,75381,,offcore_response.all_requests.llc_miss.any_response,54120286,100.00,,
     5.010995721,5751066,,offcore_response.all_requests.llc_hit.any_response,53247724,100.00,,
     5.010995721,75046,,offcore_response.all_requests.llc_miss.any_response,53257253,100.00,,
     5.111211719,5799388,,offcore_response.all_requests.llc_hit.any_response,53945577,100.00,,
     5.111211719,75866,,offcore_response.all_requests.llc_miss.any_response,53950508,100.00,,
     5.211428164,5772801,,offcore_response.all_requests.llc_hit.any_response,53530111,100.00,,
     5.211428164,75443,,offcore_response.all_requests.llc_miss.any_response,53498297,100.00,,
     5.311639334,5810157,,offcore_response.all_requests.llc_hit.any_response,54036444,100.00,,
     5.311639334,75893,,offcore_response.all_requests.llc_miss.any_response,54068873,100.00,,
     5.411851931,5806399,,offcore_response.all_requests.llc_hit.any_response,55733123,100.00,,
     5.411851931,76038,,offcore_response.all_requests.llc_miss.any_response,55700694,100.00,,
     5.512063050,5881621,,offcore_response.all_requests.llc_hit.any_response,51539052,100.00,,
     5.512063050,77276,,offcore_response.all_requests.llc_miss.any_response,51570161,100.00,,
     5.612276412,5839658,,offcore_response.all_requests.llc_hit.any_response,51408821,100.00,,
     5.612276412,77060,,offcore_response.all_requests.llc_miss.any_response,51377712,100.00,,
     5.712486278,5819395,,offcore_response.all_requests.llc_hit.any_response,50904125,100.00,,
     5.712486278,76153,,offcore_response.all_requests.llc_miss.any_response,50932067,100.00,,
     5.812695270,5886105,,offcore_response.all_requests.llc_hit.any_response,51574416,100.00,,
     5.812695270,77171,,offcore_response.all_requests.llc_miss.any_response,51559226,100.00,,
     5.912911418,5793889,,offcore_response.all_requests.llc_hit.any_response,58091195,100.00,,
     5.912911418,76210,,offcore_response.all_requests.llc_miss.any_response,58110802,100.00,,
     6.013122288,5867588,,offcore_response.all_requests.llc_hit.any_response,54142542,100.00,,
     6.013122288,77334,,offcore_response.all_requests.llc_miss.any_response,54142820,100.00,,
     6.113335272,5794874,,offcore_response.all_requests.llc_hit.any_response,53448088,100.00,,
     6.113335272,76430,,offcore_response.all_requests.llc_miss.any_response,53447339,100.00,,
     6.213548744,5839084,,offcore_response.all_requests.llc_hit.any_response,53880358,100.00,,
     6.213548744,77156,,offcore_response.all_requests.llc_miss.any_response,53848470,100.00,,
     6.313757258,5817024,,offcore_response.all_requests.llc_hit.any_response,53683266,100.00,,
     6.313757258,76872,,offcore_response.all_requests.llc_miss.any_response,53683266,100.00,,
     6.413967007,5814182,,offcore_response.all_requests.llc_hit.any_response,53663253,100.00,,
     6.413967007,76647,,offcore_response.all_requests.llc_miss.any_response,53663253,100.00,,
     6.514176207,5796996,,offcore_response.all_requests.llc_hit.any_response,53577971,100.00,,
     6.514176207,76767,,offcore_response.all_requests.llc_miss.any_response,53609782,100.00,,
     6.614413034,5755247,,offcore_response.all_requests.llc_hit.any_response,53164914,100.00,,
     6.614413034,76405,,offcore_response.all_requests.llc_miss.any_response,53162294,100.00,,
     6.714624442,5812292,,offcore_response.all_requests.llc_hit.any_response,53909888,100.00,,
     6.714624442,76865,,offcore_response.all_requests.llc_miss.any_response,53898759,100.00,,
     6.814836073,5803748,,offcore_response.all_requests.llc_hit.any_response,57645314,100.00,,
     6.814836073,75914,,offcore_response.all_requests.llc_miss.any_response,57627252,100.00,,
     6.915044547,5731369,,offcore_response.all_requests.llc_hit.any_response,51160014,100.00,,
     6.915044547,74178,,offcore_response.all_requests.llc_miss.any_response,51180265,100.00,,
     7.015256360,5880371,,offcore_response.all_requests.llc_hit.any_response,51513159,100.00,,
     7.015256360,75863,,offcore_response.all_requests.llc_miss.any_response,51492908,100.00,,
     7.115465903,5889596,,offcore_response.all_requests.llc_hit.any_response,51189736,100.00,,
     7.115465903,75563,,offcore_response.all_requests.llc_miss.any_response,51210079,100.00,,
     7.215677725,5920212,,offcore_response.all_requests.llc_hit.any_response,51494419,100.00,,
     7.215677725,75983,,offcore_response.all_requests.llc_miss.any_response,51501969,100.00,,
     7.315891308,5838113,,offcore_response.all_requests.llc_hit.any_response,51040962,100.00,,
     7.315891308,75200,,offcore_response.all_requests.llc_miss.any_response,51013069,100.00,,
     7.416100277,5909220,,offcore_response.all_requests.llc_hit.any_response,51511774,100.00,,
     7.416100277,75687,,offcore_response.all_requests.llc_miss.any_response,51544475,100.00,,
     7.516316603,5883535,,offcore_response.all_requests.llc_hit.any_response,51213420,100.00,,
     7.516316603,75487,,offcore_response.all_requests.llc_miss.any_response,51180719,100.00,,
     7.616525865,5871823,,offcore_response.all_requests.llc_hit.any_response,51187872,100.00,,
     7.616525865,75119,,offcore_response.all_requests.llc_miss.any_response,51220623,100.00,,
     7.716743829,5936159,,offcore_response.all_requests.llc_hit.any_response,51600064,100.00,,
     7.716743829,76083,,offcore_response.all_requests.llc_miss.any_response,51597423,100.00,,
     7.816959954,5881370,,offcore_response.all_requests.llc_hit.any_response,51283557,100.00,,
     7.816959954,75173,,offcore_response.all_requests.llc_miss.any_response,51253447,100.00,,
     7.917171555,5886764,,offcore_response.all_requests.llc_hit.any_response,51282471,100.00,,
     7.917171555,75247,,offcore_response.all_requests.llc_miss.any_response,51314378,100.00,,
     8.017388001,5954318,,offcore_response.all_requests.llc_hit.any_response,51634061,100.00,,
     8.017388001,75675,,offcore_response.all_requests.llc_miss.any_response,51634837,100.00,,
     8.117605704,5921511,,offcore_response.all_requests.llc_hit.any_response,51760009,100.00,,
     8.117605704,75527,,offcore_response.all_requests.llc_miss.any_response,51727326,100.00,,
     8.217815982,5905428,,offcore_response.all_requests.llc_hit.any_response,51373984,100.00,,
     8.217815982,75369,,offcore_response.all_requests.llc_miss.any_response,51373984,100.00,,
     8.318027337,5887430,,offcore_response.all_requests.llc_hit.any_response,51329250,100.00,,
     8.318027337,74941,,offcore_response.all_requests.llc_miss.any_response,51361324,100.00,,
     8.418243446,5928785,,offcore_response.all_requests.llc_hit.any_response,51678762,100.00,,
     8.418243446,75961,,offcore_response.all_requests.llc_miss.any_response,51666934,100.00,,
     8.518456935,5896052,,offcore_response.all_requests.llc_hit.any_response,51329458,100.00,,
     8.518456935,75546,,offcore_response.all_requests.llc_miss.any_response,51329567,100.00,,
     8.618668462,5832486,,offcore_response.all_requests.llc_hit.any_response,50889314,100.00,,
     8.618668462,74716,,offcore_response.all_requests.llc_miss.any_response,50868959,100.00,,
     8.718878333,5881467,,offcore_response.all_requests.llc_hit.any_response,51335916,100.00,,
     8.718878333,75427,,offcore_response.all_requests.llc_miss.any_response,51362589,100.00,,
     8.819109274,5873178,,offcore_response.all_requests.llc_hit.any_response,51409600,100.00,,
     8.819109274,75559,,offcore_response.all_requests.llc_miss.any_response,51382927,100.00,,
     8.919348275,5812476,,offcore_response.all_requests.llc_hit.any_response,61990580,100.00,,
     8.919348275,75676,,offcore_response.all_requests.llc_miss.any_response,61990580,100.00,,
     9.019557030,5683019,,offcore_response.all_requests.llc_hit.any_response,50861293,100.00,,
     9.019557030,76551,,offcore_response.all_requests.llc_miss.any_response,50893963,100.00,,
     9.119774799,5772019,,offcore_response.all_requests.llc_hit.any_response,51650119,100.00,,
     9.119774799,77279,,offcore_response.all_requests.llc_miss.any_response,51635332,100.00,,
     9.219986607,5845244,,offcore_response.all_requests.llc_hit.any_response,51461562,100.00,,
     9.219986607,76514,,offcore_response.all_requests.llc_miss.any_response,51467660,100.00,,
     9.320200211,5860076,,offcore_response.all_requests.llc_hit.any_response,55966709,100.00,,
     9.320200211,74845,,offcore_response.all_requests.llc_miss.any_response,55975057,100.00,,
     9.420416352,5844903,,offcore_response.all_requests.llc_hit.any_response,54090915,100.00,,
     9.420416352,77374,,offcore_response.all_requests.llc_miss.any_response,54091169,100.00,,
     9.520632652,5790949,,offcore_response.all_requests.llc_hit.any_response,53471011,100.00,,
     9.520632652,75460,,offcore_response.all_requests.llc_miss.any_response,53438428,100.00,,
     9.620842369,5861800,,offcore_response.all_requests.llc_hit.any_response,62768110,100.00,,
     9.620842369,77373,,offcore_response.all_requests.llc_miss.any_response,62768110,100.00,,
     9.721054038,5772623,,offcore_response.all_requests.llc_hit.any_response,53659238,100.00,,
     9.721054038,75587,,offcore_response.all_requests.llc_miss.any_response,53689541,100.00,,
     9.821271018,5744749,,offcore_response.all_requests.llc_hit.any_response,53797060,100.00,,
     9.821271018,74829,,offcore_response.all_requests.llc_miss.any_response,53800128,100.00,,
     9.921489742,5751201,,offcore_response.all_requests.llc_hit.any_response,53820446,100.00,,
     9.921489742,76731,,offcore_response.all_requests.llc_miss.any_response,53817034,100.00,,
    10.021710906,5848707,,offcore_response.all_requests.llc_hit.any_response,54364702,100.00,,
    10.021710906,77379,,offcore_response.all_requests.llc_miss.any_response,54345587,100.00,,
    10.121929637,5785264,,offcore_response.all_requests.llc_hit.any_response,53955817,100.00,,
    10.121929637,75230,,offcore_response.all_requests.llc_miss.any_response,53971401,100.00,,
    10.222142588,5748693,,offcore_response.all_requests.llc_hit.any_response,53434171,100.00,,
    10.222142588,75472,,offcore_response.all_requests.llc_miss.any_response,53407743,100.00,,
    10.322352363,5827817,,offcore_response.all_requests.llc_hit.any_response,54115322,100.00,,
    10.322352363,77032,,offcore_response.all_requests.llc_miss.any_response,54147623,100.00,,
    10.422572454,5738535,,offcore_response.all_requests.llc_hit.any_response,53264805,100.00,,
    10.422572454,74848,,offcore_response.all_requests.llc_miss.any_response,53265446,100.00,,
    10.522797554,5820833,,offcore_response.all_requests.llc_hit.any_response,54048320,100.00,,
    10.522797554,76222,,offcore_response.all_requests.llc_miss.any_response,54015378,100.00,,
    10.623005784,5743833,,offcore_response.all_requests.llc_hit.any_response,53566822,100.00,,
    10.623005784,76182,,offcore_response.all_requests.llc_miss.any_response,53599476,100.00,,
    10.723224167,5727250,,offcore_response.all_requests.llc_hit.any_response,53180968,100.00,,
    10.723224167,75511,,offcore_response.all_requests.llc_miss.any_response,53180028,100.00,,
    10.823440306,5825566,,offcore_response.all_requests.llc_hit.any_response,54483090,100.00,,
    10.823440306,77073,,offcore_response.all_requests.llc_miss.any_response,54483951,100.00,,
    10.923658189,5723599,,offcore_response.all_requests.llc_hit.any_response,53223176,100.00,,
    10.923658189,75324,,offcore_response.all_requests.llc_miss.any_response,53211043,100.00,,
    11.023891467,5813334,,offcore_response.all_requests.llc_hit.any_response,53992887,100.00,,
    11.023891467,76046,,offcore_response.all_requests.llc_miss.any_response,53972445,100.00,,
