# started on Tue May  2 15:16:30 2023

     0.100549705,8252327,,offcore_response.all_requests.llc_hit.any_response,81617440,100.00,,
     0.100549705,104613,,offcore_response.all_requests.llc_miss.any_response,81462751,100.00,,
     0.200788506,8735246,,offcore_response.all_requests.llc_hit.any_response,81236433,100.00,,
     0.200788506,115605,,offcore_response.all_requests.llc_miss.any_response,81245889,100.00,,
     0.301009151,8652873,,offcore_response.all_requests.llc_hit.any_response,81485164,100.00,,
     0.301009151,114261,,offcore_response.all_requests.llc_miss.any_response,81487005,100.00,,
     0.401229092,9222432,,offcore_response.all_requests.llc_hit.any_response,80687233,100.00,,
     0.401229092,115742,,offcore_response.all_requests.llc_miss.any_response,80653699,100.00,,
     0.501443033,8770773,,offcore_response.all_requests.llc_hit.any_response,76601283,100.00,,
     0.501443033,110078,,offcore_response.all_requests.llc_miss.any_response,76620545,100.00,,
     0.601656725,8754023,,offcore_response.all_requests.llc_hit.any_response,76806009,100.00,,
     0.601656725,110215,,offcore_response.all_requests.llc_miss.any_response,76818651,100.00,,
     0.701874123,8777830,,offcore_response.all_requests.llc_hit.any_response,76892186,100.00,,
     0.701874123,110204,,offcore_response.all_requests.llc_miss.any_response,76892936,100.00,,
     0.802094454,3244352,,offcore_response.all_requests.llc_hit.any_response,28641915,100.00,,
     0.802094454,40947,,offcore_response.all_requests.llc_miss.any_response,28609261,100.00,,
     0.902310969,5224371,,offcore_response.all_requests.llc_hit.any_response,51264228,100.00,,
     0.902310969,66284,,offcore_response.all_requests.llc_miss.any_response,51290126,100.00,,
     1.002525611,9047622,,offcore_response.all_requests.llc_hit.any_response,81187472,100.00,,
     1.002525611,114040,,offcore_response.all_requests.llc_miss.any_response,81192754,100.00,,
     1.102741731,9162810,,offcore_response.all_requests.llc_hit.any_response,81852499,100.00,,
     1.102741731,114163,,offcore_response.all_requests.llc_miss.any_response,81853010,100.00,,
     1.202955431,8427234,,offcore_response.all_requests.llc_hit.any_response,81568030,100.00,,
     1.202955431,104394,,offcore_response.all_requests.llc_miss.any_response,81567930,100.00,,
     1.303171803,8562002,,offcore_response.all_requests.llc_hit.any_response,81185692,100.00,,
     1.303171803,106016,,offcore_response.all_requests.llc_miss.any_response,81180083,100.00,,
     1.403400882,8612440,,offcore_response.all_requests.llc_hit.any_response,81444616,100.00,,
     1.403400882,106738,,offcore_response.all_requests.llc_miss.any_response,81450157,100.00,,
     1.503617358,8615845,,offcore_response.all_requests.llc_hit.any_response,81485684,100.00,,
     1.503617358,106389,,offcore_response.all_requests.llc_miss.any_response,81483308,100.00,,
     1.603833353,8549024,,offcore_response.all_requests.llc_hit.any_response,81208141,100.00,,
     1.603833353,105847,,offcore_response.all_requests.llc_miss.any_response,81210721,100.00,,
     1.704049137,8420439,,offcore_response.all_requests.llc_hit.any_response,80673222,100.00,,
     1.704049137,108097,,offcore_response.all_requests.llc_miss.any_response,80674394,100.00,,
     1.804266926,8500814,,offcore_response.all_requests.llc_hit.any_response,80768541,100.00,,
     1.804266926,106854,,offcore_response.all_requests.llc_miss.any_response,80767510,100.00,,
     1.904486015,2451006,,offcore_response.all_requests.llc_hit.any_response,23435626,100.00,,
     1.904486015,31296,,offcore_response.all_requests.llc_miss.any_response,23403758,100.00,,
     2.004701868,5051940,,offcore_response.all_requests.llc_hit.any_response,51232137,100.00,,
     2.004701868,62802,,offcore_response.all_requests.llc_miss.any_response,51265200,100.00,,
     2.104922052,8747144,,offcore_response.all_requests.llc_hit.any_response,81129034,100.00,,
     2.104922052,108888,,offcore_response.all_requests.llc_miss.any_response,81127873,100.00,,
     2.205137178,8788498,,offcore_response.all_requests.llc_hit.any_response,81259562,100.00,,
     2.205137178,109502,,offcore_response.all_requests.llc_miss.any_response,81246339,100.00,,
     2.305372327,8790114,,offcore_response.all_requests.llc_hit.any_response,81242652,100.00,,
     2.305372327,109273,,offcore_response.all_requests.llc_miss.any_response,81256004,100.00,,
     2.405586518,8783570,,offcore_response.all_requests.llc_hit.any_response,81046145,100.00,,
     2.405586518,108519,,offcore_response.all_requests.llc_miss.any_response,81026607,100.00,,
     2.505800862,8794557,,offcore_response.all_requests.llc_hit.any_response,81218217,100.00,,
     2.505800862,108552,,offcore_response.all_requests.llc_miss.any_response,81221533,100.00,,
     2.606012413,8725316,,offcore_response.all_requests.llc_hit.any_response,80785235,100.00,,
     2.606012413,108122,,offcore_response.all_requests.llc_miss.any_response,80801350,100.00,,
     2.706227997,8782296,,offcore_response.all_requests.llc_hit.any_response,81147493,100.00,,
     2.706227997,109490,,offcore_response.all_requests.llc_miss.any_response,81128213,100.00,,
     2.806441223,8754187,,offcore_response.all_requests.llc_hit.any_response,81022354,100.00,,
     2.806441223,109865,,offcore_response.all_requests.llc_miss.any_response,81042031,100.00,,
     2.906656366,8723193,,offcore_response.all_requests.llc_hit.any_response,80991443,100.00,,
     2.906656366,109755,,offcore_response.all_requests.llc_miss.any_response,80975067,100.00,,
     3.006867380,2594912,,offcore_response.all_requests.llc_hit.any_response,24162561,100.00,,
     3.006867380,32940,,offcore_response.all_requests.llc_miss.any_response,24146616,100.00,,
     3.107080320,5028028,,offcore_response.all_requests.llc_hit.any_response,52085688,100.00,,
     3.107080320,61482,,offcore_response.all_requests.llc_miss.any_response,52100823,100.00,,
     3.207296037,8597809,,offcore_response.all_requests.llc_hit.any_response,81237102,100.00,,
     3.207296037,106120,,offcore_response.all_requests.llc_miss.any_response,81253398,100.00,,
     3.307509275,8499054,,offcore_response.all_requests.llc_hit.any_response,80570113,100.00,,
     3.307509275,104834,,offcore_response.all_requests.llc_miss.any_response,80570037,100.00,,
     3.407723586,8605912,,offcore_response.all_requests.llc_hit.any_response,81494530,100.00,,
     3.407723586,106659,,offcore_response.all_requests.llc_miss.any_response,81476279,100.00,,
     3.507936431,8531798,,offcore_response.all_requests.llc_hit.any_response,81025213,100.00,,
     3.507936431,105569,,offcore_response.all_requests.llc_miss.any_response,81043718,100.00,,
     3.608110458,8524587,,offcore_response.all_requests.llc_hit.any_response,80882544,100.00,,
     3.608110458,104965,,offcore_response.all_requests.llc_miss.any_response,80865374,100.00,,
     3.708322835,8560337,,offcore_response.all_requests.llc_hit.any_response,81071155,100.00,,
     3.708322835,105793,,offcore_response.all_requests.llc_miss.any_response,81085766,100.00,,
     3.808535578,8452945,,offcore_response.all_requests.llc_hit.any_response,80748952,100.00,,
     3.808535578,109456,,offcore_response.all_requests.llc_miss.any_response,80742373,100.00,,
     3.908749234,8437552,,offcore_response.all_requests.llc_hit.any_response,80608685,100.00,,
     3.908749234,111904,,offcore_response.all_requests.llc_miss.any_response,80608444,100.00,,
     4.008962890,8763693,,offcore_response.all_requests.llc_hit.any_response,80629243,100.00,,
     4.008962890,112552,,offcore_response.all_requests.llc_miss.any_response,80638705,100.00,,
     4.109178934,2464003,,offcore_response.all_requests.llc_hit.any_response,22725683,100.00,,
     4.109178934,31786,,offcore_response.all_requests.llc_miss.any_response,22693991,100.00,,
     4.209391338,5152314,,offcore_response.all_requests.llc_hit.any_response,52296634,100.00,,
     4.209391338,68852,,offcore_response.all_requests.llc_miss.any_response,52321577,100.00,,
     4.309606306,8817775,,offcore_response.all_requests.llc_hit.any_response,81077920,100.00,,
     4.309606306,117258,,offcore_response.all_requests.llc_miss.any_response,81078828,100.00,,
     4.409837671,8849492,,offcore_response.all_requests.llc_hit.any_response,81282196,100.00,,
     4.409837671,111396,,offcore_response.all_requests.llc_miss.any_response,81288918,100.00,,
     4.510053916,8776410,,offcore_response.all_requests.llc_hit.any_response,80711942,100.00,,
     4.510053916,110110,,offcore_response.all_requests.llc_miss.any_response,80711086,100.00,,
     4.610267566,8770949,,offcore_response.all_requests.llc_hit.any_response,80750189,100.00,,
     4.610267566,110300,,offcore_response.all_requests.llc_miss.any_response,80750478,100.00,,
     4.710481816,8777862,,offcore_response.all_requests.llc_hit.any_response,81008172,100.00,,
     4.710481816,110993,,offcore_response.all_requests.llc_miss.any_response,81006536,100.00,,
     4.810654042,8629791,,offcore_response.all_requests.llc_hit.any_response,80667818,100.00,,
     4.810654042,109490,,offcore_response.all_requests.llc_miss.any_response,80670409,100.00,,
     4.910872856,8718880,,offcore_response.all_requests.llc_hit.any_response,80766872,100.00,,
     4.910872856,111467,,offcore_response.all_requests.llc_miss.any_response,80757843,100.00,,
     5.011084295,8718239,,offcore_response.all_requests.llc_hit.any_response,80758024,100.00,,
     5.011084295,112345,,offcore_response.all_requests.llc_miss.any_response,80759953,100.00,,
     5.111300576,8753649,,offcore_response.all_requests.llc_hit.any_response,80987002,100.00,,
     5.111300576,111965,,offcore_response.all_requests.llc_miss.any_response,80992934,100.00,,
     5.211514932,2530286,,offcore_response.all_requests.llc_hit.any_response,23519007,100.00,,
     5.211514932,32677,,offcore_response.all_requests.llc_miss.any_response,23487214,100.00,,
     5.311725616,5115279,,offcore_response.all_requests.llc_hit.any_response,52987494,100.00,,
     5.311725616,65243,,offcore_response.all_requests.llc_miss.any_response,53001455,100.00,,
     5.411938236,8574673,,offcore_response.all_requests.llc_hit.any_response,81301643,100.00,,
     5.411938236,109063,,offcore_response.all_requests.llc_miss.any_response,81302145,100.00,,
     5.512108479,8522089,,offcore_response.all_requests.llc_hit.any_response,80754526,100.00,,
     5.512108479,107646,,offcore_response.all_requests.llc_miss.any_response,80745932,100.00,,
     5.612314821,8552688,,offcore_response.all_requests.llc_hit.any_response,81026914,100.00,,
     5.612314821,110051,,offcore_response.all_requests.llc_miss.any_response,81052298,100.00,,
     5.712523960,8588492,,offcore_response.all_requests.llc_hit.any_response,81348899,100.00,,
     5.712523960,112716,,offcore_response.all_requests.llc_miss.any_response,81336844,100.00,,
     5.812734367,8808399,,offcore_response.all_requests.llc_hit.any_response,81313938,100.00,,
     5.812734367,114046,,offcore_response.all_requests.llc_miss.any_response,81326491,100.00,,
     5.912953814,8481794,,offcore_response.all_requests.llc_hit.any_response,80792708,100.00,,
     5.912953814,106738,,offcore_response.all_requests.llc_miss.any_response,80792512,100.00,,
     6.013165368,8541425,,offcore_response.all_requests.llc_hit.any_response,80873257,100.00,,
     6.013165368,109366,,offcore_response.all_requests.llc_miss.any_response,80856291,100.00,,
     6.113380517,8517705,,offcore_response.all_requests.llc_hit.any_response,80625355,100.00,,
     6.113380517,109197,,offcore_response.all_requests.llc_miss.any_response,80642163,100.00,,
     6.213594414,8651657,,offcore_response.all_requests.llc_hit.any_response,81424903,100.00,,
     6.213594414,113433,,offcore_response.all_requests.llc_miss.any_response,81408770,100.00,,
     6.313807589,2493533,,offcore_response.all_requests.llc_hit.any_response,22098370,100.00,,
     6.313807589,32312,,offcore_response.all_requests.llc_miss.any_response,22083106,100.00,,
     6.414018932,5535665,,offcore_response.all_requests.llc_hit.any_response,53063508,100.00,,
     6.414018932,71883,,offcore_response.all_requests.llc_miss.any_response,53095052,100.00,,
     6.514235933,9273923,,offcore_response.all_requests.llc_hit.any_response,81458679,100.00,,
     6.514235933,120976,,offcore_response.all_requests.llc_miss.any_response,81458387,100.00,,
     6.614470982,9256557,,offcore_response.all_requests.llc_hit.any_response,81282336,100.00,,
     6.614470982,116132,,offcore_response.all_requests.llc_miss.any_response,81282263,100.00,,
     6.714684690,9285941,,offcore_response.all_requests.llc_hit.any_response,81453349,100.00,,
     6.714684690,114182,,offcore_response.all_requests.llc_miss.any_response,81453659,100.00,,
     6.814900277,9251007,,offcore_response.all_requests.llc_hit.any_response,81379314,100.00,,
     6.814900277,113845,,offcore_response.all_requests.llc_miss.any_response,81379279,100.00,,
     6.915114648,9248178,,offcore_response.all_requests.llc_hit.any_response,81609862,100.00,,
     6.915114648,114342,,offcore_response.all_requests.llc_miss.any_response,81609654,100.00,,
     7.015360155,9281160,,offcore_response.all_requests.llc_hit.any_response,81453902,100.00,,
     7.015360155,114633,,offcore_response.all_requests.llc_miss.any_response,81454032,100.00,,
     7.115577659,9243325,,offcore_response.all_requests.llc_hit.any_response,81121587,100.00,,
     7.115577659,115182,,offcore_response.all_requests.llc_miss.any_response,81112475,100.00,,
     7.215788670,9214317,,offcore_response.all_requests.llc_hit.any_response,81077507,100.00,,
     7.215788670,115119,,offcore_response.all_requests.llc_miss.any_response,81082417,100.00,,
     7.315998854,9241534,,offcore_response.all_requests.llc_hit.any_response,81131753,100.00,,
     7.315998854,115191,,offcore_response.all_requests.llc_miss.any_response,81135614,100.00,,
     7.416211290,2467772,,offcore_response.all_requests.llc_hit.any_response,21855966,100.00,,
     7.416211290,31265,,offcore_response.all_requests.llc_miss.any_response,21824931,100.00,,
     7.516418373,5620720,,offcore_response.all_requests.llc_hit.any_response,53412883,100.00,,
     7.516418373,67062,,offcore_response.all_requests.llc_miss.any_response,53444425,100.00,,
     7.616630375,9355865,,offcore_response.all_requests.llc_hit.any_response,81673316,100.00,,
     7.616630375,113543,,offcore_response.all_requests.llc_miss.any_response,81669179,100.00,,
     7.716840536,9321556,,offcore_response.all_requests.llc_hit.any_response,81456742,100.00,,
     7.716840536,114253,,offcore_response.all_requests.llc_miss.any_response,81460426,100.00,,
     7.817054222,9314866,,offcore_response.all_requests.llc_hit.any_response,81451707,100.00,,
     7.817054222,113707,,offcore_response.all_requests.llc_miss.any_response,81451990,100.00,,
     7.917268285,8505594,,offcore_response.all_requests.llc_hit.any_response,81465454,100.00,,
     7.917268285,105075,,offcore_response.all_requests.llc_miss.any_response,81465371,100.00,,
     8.017482092,8445015,,offcore_response.all_requests.llc_hit.any_response,80982947,100.00,,
     8.017482092,104580,,offcore_response.all_requests.llc_miss.any_response,80980412,100.00,,
     8.117697030,9266150,,offcore_response.all_requests.llc_hit.any_response,81158608,100.00,,
     8.117697030,114272,,offcore_response.all_requests.llc_miss.any_response,81160884,100.00,,
     8.217909607,9255483,,offcore_response.all_requests.llc_hit.any_response,81114754,100.00,,
     8.217909607,114671,,offcore_response.all_requests.llc_miss.any_response,81109440,100.00,,
     8.318119464,9273648,,offcore_response.all_requests.llc_hit.any_response,81191459,100.00,,
     8.318119464,115075,,offcore_response.all_requests.llc_miss.any_response,81194703,100.00,,
     8.418331583,9258805,,offcore_response.all_requests.llc_hit.any_response,81091721,100.00,,
     8.418331583,115600,,offcore_response.all_requests.llc_miss.any_response,81077672,100.00,,
     8.518541723,2441821,,offcore_response.all_requests.llc_hit.any_response,21459038,100.00,,
     8.518541723,30783,,offcore_response.all_requests.llc_miss.any_response,21444127,100.00,,
     8.618747875,5657697,,offcore_response.all_requests.llc_hit.any_response,53836007,100.00,,
     8.618747875,68881,,offcore_response.all_requests.llc_miss.any_response,53867721,100.00,,
     8.718961161,9307787,,offcore_response.all_requests.llc_hit.any_response,81150843,100.00,,
     8.718961161,113341,,offcore_response.all_requests.llc_miss.any_response,81150783,100.00,,
     8.819223392,9339077,,offcore_response.all_requests.llc_hit.any_response,81541847,100.00,,
     8.819223392,114371,,offcore_response.all_requests.llc_miss.any_response,81521926,100.00,,
     8.919450523,9329176,,offcore_response.all_requests.llc_hit.any_response,81506654,100.00,,
     8.919450523,114273,,offcore_response.all_requests.llc_miss.any_response,81526853,100.00,,
     9.019667171,9342523,,offcore_response.all_requests.llc_hit.any_response,81377017,100.00,,
     9.019667171,113996,,offcore_response.all_requests.llc_miss.any_response,81376256,100.00,,
     9.119880764,9322314,,offcore_response.all_requests.llc_hit.any_response,81706465,100.00,,
     9.119880764,115126,,offcore_response.all_requests.llc_miss.any_response,81690301,100.00,,
     9.220094119,9299966,,offcore_response.all_requests.llc_hit.any_response,81498316,100.00,,
     9.220094119,114599,,offcore_response.all_requests.llc_miss.any_response,81514802,100.00,,
     9.320309075,9239925,,offcore_response.all_requests.llc_hit.any_response,81112598,100.00,,
     9.320309075,114836,,offcore_response.all_requests.llc_miss.any_response,81098498,100.00,,
     9.420519523,9201225,,offcore_response.all_requests.llc_hit.any_response,81081566,100.00,,
     9.420519523,115812,,offcore_response.all_requests.llc_miss.any_response,81092195,100.00,,
     9.520731352,8469497,,offcore_response.all_requests.llc_hit.any_response,81177449,100.00,,
     9.520731352,107462,,offcore_response.all_requests.llc_miss.any_response,81181098,100.00,,
     9.620946530,2273540,,offcore_response.all_requests.llc_hit.any_response,21036250,100.00,,
     9.620946530,29291,,offcore_response.all_requests.llc_miss.any_response,21004579,100.00,,
     9.721155357,5351092,,offcore_response.all_requests.llc_hit.any_response,53887949,100.00,,
     9.721155357,67232,,offcore_response.all_requests.llc_miss.any_response,53905930,100.00,,
     9.821367837,8684438,,offcore_response.all_requests.llc_hit.any_response,80486970,100.00,,
     9.821367837,109791,,offcore_response.all_requests.llc_miss.any_response,80481360,100.00,,
     9.921581367,8776186,,offcore_response.all_requests.llc_hit.any_response,81034892,100.00,,
     9.921581367,111420,,offcore_response.all_requests.llc_miss.any_response,81045410,100.00,,
    10.021792044,8809418,,offcore_response.all_requests.llc_hit.any_response,81197582,100.00,,
    10.021792044,111760,,offcore_response.all_requests.llc_miss.any_response,81206242,100.00,,
    10.122006790,8748865,,offcore_response.all_requests.llc_hit.any_response,80927061,100.00,,
    10.122006790,111528,,offcore_response.all_requests.llc_miss.any_response,80926001,100.00,,
    10.222216285,8774665,,offcore_response.all_requests.llc_hit.any_response,81332557,100.00,,
    10.222216285,111610,,offcore_response.all_requests.llc_miss.any_response,81323840,100.00,,
    10.322427854,8744621,,offcore_response.all_requests.llc_hit.any_response,80997936,100.00,,
    10.322427854,110671,,offcore_response.all_requests.llc_miss.any_response,80988343,100.00,,
    10.422638879,8770004,,offcore_response.all_requests.llc_hit.any_response,80992339,100.00,,
    10.422638879,111462,,offcore_response.all_requests.llc_miss.any_response,81011520,100.00,,
    10.522852215,8706562,,offcore_response.all_requests.llc_hit.any_response,80638886,100.00,,
    10.522852215,111860,,offcore_response.all_requests.llc_miss.any_response,80638710,100.00,,
    10.623069894,8681028,,offcore_response.all_requests.llc_hit.any_response,80568156,100.00,,
    10.623069894,112181,,offcore_response.all_requests.llc_miss.any_response,80557910,100.00,,
    10.723282669,2199737,,offcore_response.all_requests.llc_hit.any_response,20493424,100.00,,
    10.723282669,28686,,offcore_response.all_requests.llc_miss.any_response,20472486,100.00,,
    10.823492767,5398667,,offcore_response.all_requests.llc_hit.any_response,54023704,100.00,,
    10.823492767,67362,,offcore_response.all_requests.llc_miss.any_response,54051928,100.00,,
    10.923726763,8770121,,offcore_response.all_requests.llc_hit.any_response,80897190,100.00,,
    10.923726763,110965,,offcore_response.all_requests.llc_miss.any_response,80894284,100.00,,
    11.023938618,8790140,,offcore_response.all_requests.llc_hit.any_response,80929531,100.00,,
    11.023938618,111022,,offcore_response.all_requests.llc_miss.any_response,80935743,100.00,,
