# started on Tue May  2 15:14:31 2023

     0.100249625,89498402,,inst_retired.any,79227715,100.00,138.8,IpMispredict
     0.100249625,644934,,br_misp_retired.all_branches,79227715,100.00,,
     0.200518582,90490522,,inst_retired.any,79763883,100.00,140.0,IpMispredict
     0.200518582,647505,,br_misp_retired.all_branches,79763883,100.00,,
     0.300719448,90198886,,inst_retired.any,79580997,100.00,139.6,IpMispredict
     0.300719448,645584,,br_misp_retired.all_branches,79580997,100.00,,
     0.400923213,89859160,,inst_retired.any,79408658,100.00,139.4,IpMispredict
     0.400923213,640417,,br_misp_retired.all_branches,79408658,100.00,,
     0.501124313,90053156,,inst_retired.any,79768482,100.00,139.7,IpMispredict
     0.501124313,645344,,br_misp_retired.all_branches,79768482,100.00,,
     0.601327454,90021181,,inst_retired.any,79528857,100.00,139.8,IpMispredict
     0.601327454,640967,,br_misp_retired.all_branches,79528857,100.00,,
     0.701531771,89934700,,inst_retired.any,79373233,100.00,139.7,IpMispredict
     0.701531771,642593,,br_misp_retired.all_branches,79373233,100.00,,
     0.801731801,81855946,,inst_retired.any,71948924,100.00,128.6,IpMispredict
     0.801731801,585852,,br_misp_retired.all_branches,71948924,100.00,,
     0.901934176,1766417,,inst_retired.any,3520290,100.00,3.1,IpMispredict
     0.901934176,26949,,br_misp_retired.all_branches,3520290,100.00,,
     1.002138483,86998988,,inst_retired.any,79267751,100.00,151.1,IpMispredict
     1.002138483,637690,,br_misp_retired.all_branches,79267751,100.00,,
     1.102340097,90737534,,inst_retired.any,80083186,100.00,155.6,IpMispredict
     1.102340097,655666,,br_misp_retired.all_branches,80083186,100.00,,
     1.202548399,90969861,,inst_retired.any,80017920,100.00,154.5,IpMispredict
     1.202548399,653082,,br_misp_retired.all_branches,80017920,100.00,,
     1.302756772,91273806,,inst_retired.any,80105941,100.00,153.7,IpMispredict
     1.302756772,653073,,br_misp_retired.all_branches,80105941,100.00,,
     1.402957761,91029257,,inst_retired.any,80191842,100.00,152.3,IpMispredict
     1.402957761,648526,,br_misp_retired.all_branches,80191842,100.00,,
     1.503162502,91410727,,inst_retired.any,80471243,100.00,152.1,IpMispredict
     1.503162502,648177,,br_misp_retired.all_branches,80471243,100.00,,
     1.603395189,90688758,,inst_retired.any,79884889,100.00,150.2,IpMispredict
     1.603395189,642526,,br_misp_retired.all_branches,79884889,100.00,,
     1.703599195,90815994,,inst_retired.any,79747780,100.00,149.7,IpMispredict
     1.703599195,654719,,br_misp_retired.all_branches,79747780,100.00,,
     1.803798250,90883389,,inst_retired.any,79930765,100.00,149.1,IpMispredict
     1.803798250,655544,,br_misp_retired.all_branches,79930765,100.00,,
     1.904001056,82562328,,inst_retired.any,72596029,100.00,135.7,IpMispredict
     1.904001056,592746,,br_misp_retired.all_branches,72596029,100.00,,
     2.004204905,2003271,,inst_retired.any,4237438,100.00,3.5,IpMispredict
     2.004204905,36582,,br_misp_retired.all_branches,4237438,100.00,,
     2.104411417,84815961,,inst_retired.any,79551438,100.00,145.6,IpMispredict
     2.104411417,636974,,br_misp_retired.all_branches,79551438,100.00,,
     2.204614066,92485734,,inst_retired.any,80338780,100.00,157.7,IpMispredict
     2.204614066,665311,,br_misp_retired.all_branches,80338780,100.00,,
     2.304817304,96303323,,inst_retired.any,80847341,100.00,162.9,IpMispredict
     2.304817304,692350,,br_misp_retired.all_branches,80847341,100.00,,
     2.405020916,96216258,,inst_retired.any,80648030,100.00,161.7,IpMispredict
     2.405020916,686358,,br_misp_retired.all_branches,80648030,100.00,,
     2.505219823,86434371,,inst_retired.any,80602583,100.00,145.0,IpMispredict
     2.505219823,626187,,br_misp_retired.all_branches,80602583,100.00,,
     2.605420261,90640313,,inst_retired.any,79932887,100.00,151.5,IpMispredict
     2.605420261,650189,,br_misp_retired.all_branches,79932887,100.00,,
     2.705622022,91211463,,inst_retired.any,79992345,100.00,151.9,IpMispredict
     2.705622022,655837,,br_misp_retired.all_branches,79992345,100.00,,
     2.805844023,88187938,,inst_retired.any,79839097,100.00,146.5,IpMispredict
     2.805844023,647433,,br_misp_retired.all_branches,79839097,100.00,,
     2.906045987,95550596,,inst_retired.any,80139278,100.00,157.9,IpMispredict
     2.906045987,694074,,br_misp_retired.all_branches,80139278,100.00,,
     3.006247768,84918301,,inst_retired.any,71217063,100.00,140.2,IpMispredict
     3.006247768,613748,,br_misp_retired.all_branches,71217063,100.00,,
     3.106449533,2204992,,inst_retired.any,4224692,100.00,3.8,IpMispredict
     3.106449533,31667,,br_misp_retired.all_branches,4224692,100.00,,
     3.206653519,92061533,,inst_retired.any,80238902,100.00,156.1,IpMispredict
     3.206653519,670557,,br_misp_retired.all_branches,80238902,100.00,,
     3.306856075,95473439,,inst_retired.any,80679612,100.00,161.1,IpMispredict
     3.306856075,692240,,br_misp_retired.all_branches,80679612,100.00,,
     3.407058437,95798256,,inst_retired.any,80645634,100.00,160.8,IpMispredict
     3.407058437,689510,,br_misp_retired.all_branches,80645634,100.00,,
     3.507261755,95685056,,inst_retired.any,80768754,100.00,159.9,IpMispredict
     3.507261755,687240,,br_misp_retired.all_branches,80768754,100.00,,
     3.607463001,95547421,,inst_retired.any,80481207,100.00,159.1,IpMispredict
     3.607463001,683580,,br_misp_retired.all_branches,80481207,100.00,,
     3.707665831,95655331,,inst_retired.any,80691146,100.00,158.7,IpMispredict
     3.707665831,681888,,br_misp_retired.all_branches,80691146,100.00,,
     3.807865186,95867772,,inst_retired.any,80542878,100.00,158.4,IpMispredict
     3.807865186,691650,,br_misp_retired.all_branches,80542878,100.00,,
     3.908067174,93270202,,inst_retired.any,80395331,100.00,153.6,IpMispredict
     3.908067174,685972,,br_misp_retired.all_branches,80395331,100.00,,
     4.008272390,87760945,,inst_retired.any,79602444,100.00,144.4,IpMispredict
     4.008272390,636000,,br_misp_retired.all_branches,79602444,100.00,,
     4.108472519,80329766,,inst_retired.any,70658508,100.00,132.3,IpMispredict
     4.108472519,582122,,br_misp_retired.all_branches,70658508,100.00,,
     4.208674268,2498675,,inst_retired.any,4485968,100.00,4.2,IpMispredict
     4.208674268,37143,,br_misp_retired.all_branches,4485968,100.00,,
     4.308876643,88541877,,inst_retired.any,79879211,100.00,148.8,IpMispredict
     4.308876643,652297,,br_misp_retired.all_branches,79879211,100.00,,
     4.409079908,91247736,,inst_retired.any,80329724,100.00,153.0,IpMispredict
     4.409079908,657777,,br_misp_retired.all_branches,80329724,100.00,,
     4.509282403,90947161,,inst_retired.any,80057982,100.00,152.1,IpMispredict
     4.509282403,652303,,br_misp_retired.all_branches,80057982,100.00,,
     4.609485296,90458608,,inst_retired.any,79766320,100.00,151.1,IpMispredict
     4.609485296,645773,,br_misp_retired.all_branches,79766320,100.00,,
     4.709690843,90887356,,inst_retired.any,80409084,100.00,151.5,IpMispredict
     4.709690843,650737,,br_misp_retired.all_branches,80409084,100.00,,
     4.809892390,91134464,,inst_retired.any,80581487,100.00,151.6,IpMispredict
     4.809892390,655547,,br_misp_retired.all_branches,80581487,100.00,,
     4.910100127,91099419,,inst_retired.any,80333154,100.00,151.3,IpMispredict
     4.910100127,656108,,br_misp_retired.all_branches,80333154,100.00,,
     5.010307528,90675888,,inst_retired.any,79839877,100.00,150.3,IpMispredict
     5.010307528,659389,,br_misp_retired.all_branches,79839877,100.00,,
     5.110510297,90454396,,inst_retired.any,79578991,100.00,149.7,IpMispredict
     5.110510297,657978,,br_misp_retired.all_branches,79578991,100.00,,
     5.210715039,81455190,,inst_retired.any,71521718,100.00,134.8,IpMispredict
     5.210715039,590774,,br_misp_retired.all_branches,71521718,100.00,,
     5.310919589,2498098,,inst_retired.any,4796931,100.00,4.2,IpMispredict
     5.310919589,30937,,br_misp_retired.all_branches,4796931,100.00,,
     5.411122760,88036197,,inst_retired.any,79513659,100.00,148.2,IpMispredict
     5.411122760,640619,,br_misp_retired.all_branches,79513659,100.00,,
     5.511326164,90804772,,inst_retired.any,80251221,100.00,152.5,IpMispredict
     5.511326164,651927,,br_misp_retired.all_branches,80251221,100.00,,
     5.611554079,90885035,,inst_retired.any,80235747,100.00,152.4,IpMispredict
     5.611554079,655797,,br_misp_retired.all_branches,80235747,100.00,,
     5.711758856,90812146,,inst_retired.any,80201248,100.00,152.0,IpMispredict
     5.711758856,655087,,br_misp_retired.all_branches,80201248,100.00,,
     5.811960737,90495432,,inst_retired.any,79901642,100.00,151.3,IpMispredict
     5.811960737,643075,,br_misp_retired.all_branches,79901642,100.00,,
     5.912163898,91037174,,inst_retired.any,80238862,100.00,152.0,IpMispredict
     5.912163898,652534,,br_misp_retired.all_branches,80238862,100.00,,
     6.012368805,90955997,,inst_retired.any,80089007,100.00,151.6,IpMispredict
     6.012368805,654017,,br_misp_retired.all_branches,80089007,100.00,,
     6.112571589,90652024,,inst_retired.any,79653665,100.00,150.8,IpMispredict
     6.112571589,659558,,br_misp_retired.all_branches,79653665,100.00,,
     6.212769891,91047712,,inst_retired.any,79831506,100.00,151.3,IpMispredict
     6.212769891,659943,,br_misp_retired.all_branches,79831506,100.00,,
     6.312971758,81152969,,inst_retired.any,71159870,100.00,134.9,IpMispredict
     6.312971758,583813,,br_misp_retired.all_branches,71159870,100.00,,
     6.413172226,2476602,,inst_retired.any,4997056,100.00,4.2,IpMispredict
     6.413172226,38837,,br_misp_retired.all_branches,4997056,100.00,,
     6.513376145,88292107,,inst_retired.any,80000429,100.00,148.7,IpMispredict
     6.513376145,645233,,br_misp_retired.all_branches,80000429,100.00,,
     6.613576543,90061407,,inst_retired.any,80027947,100.00,151.5,IpMispredict
     6.613576543,651424,,br_misp_retired.all_branches,80027947,100.00,,
     6.713775871,90723480,,inst_retired.any,80099785,100.00,152.4,IpMispredict
     6.713775871,654086,,br_misp_retired.all_branches,80099785,100.00,,
     6.813979015,86204155,,inst_retired.any,80309946,100.00,144.6,IpMispredict
     6.813979015,637177,,br_misp_retired.all_branches,80309946,100.00,,
     6.914182793,95022531,,inst_retired.any,80513911,100.00,159.1,IpMispredict
     6.914182793,680076,,br_misp_retired.all_branches,80513911,100.00,,
     7.014384172,95951937,,inst_retired.any,80717516,100.00,160.3,IpMispredict
     7.014384172,680471,,br_misp_retired.all_branches,80717516,100.00,,
     7.114585980,96095901,,inst_retired.any,80593757,100.00,160.3,IpMispredict
     7.114585980,685879,,br_misp_retired.all_branches,80593757,100.00,,
     7.214787914,95830880,,inst_retired.any,80543685,100.00,159.5,IpMispredict
     7.214787914,692445,,br_misp_retired.all_branches,80543685,100.00,,
     7.314990216,96076796,,inst_retired.any,80645231,100.00,159.6,IpMispredict
     7.314990216,689584,,br_misp_retired.all_branches,80645231,100.00,,
     7.415194616,83716720,,inst_retired.any,70353986,100.00,139.0,IpMispredict
     7.415194616,600651,,br_misp_retired.all_branches,70353986,100.00,,
     7.515420570,2864796,,inst_retired.any,5266845,100.00,4.8,IpMispredict
     7.515420570,36775,,br_misp_retired.all_branches,5266845,100.00,,
     7.615624024,93428845,,inst_retired.any,80173581,100.00,156.8,IpMispredict
     7.615624024,681491,,br_misp_retired.all_branches,80173581,100.00,,
     7.715825979,95408286,,inst_retired.any,80459741,100.00,159.8,IpMispredict
     7.715825979,685976,,br_misp_retired.all_branches,80459741,100.00,,
     7.816026583,95545856,,inst_retired.any,80752374,100.00,159.7,IpMispredict
     7.816026583,690634,,br_misp_retired.all_branches,80752374,100.00,,
     7.916229212,95880538,,inst_retired.any,80842448,100.00,160.0,IpMispredict
     7.916229212,689168,,br_misp_retired.all_branches,80842448,100.00,,
     8.016430605,94605830,,inst_retired.any,80859830,100.00,157.6,IpMispredict
     8.016430605,693400,,br_misp_retired.all_branches,80859830,100.00,,
     8.116639877,83066546,,inst_retired.any,80239860,100.00,138.3,IpMispredict
     8.116639877,609588,,br_misp_retired.all_branches,80239860,100.00,,
     8.216841239,95845405,,inst_retired.any,80627441,100.00,159.3,IpMispredict
     8.216841239,691964,,br_misp_retired.all_branches,80627441,100.00,,
     8.317061520,95763529,,inst_retired.any,80606047,100.00,158.9,IpMispredict
     8.317061520,691473,,br_misp_retired.all_branches,80606047,100.00,,
     8.417262164,95830183,,inst_retired.any,80432427,100.00,158.7,IpMispredict
     8.417262164,694155,,br_misp_retired.all_branches,80432427,100.00,,
     8.517463463,83539818,,inst_retired.any,70134572,100.00,138.3,IpMispredict
     8.517463463,605883,,br_misp_retired.all_branches,70134572,100.00,,
     8.617663437,3500410,,inst_retired.any,5526110,100.00,5.9,IpMispredict
     8.617663437,45901,,br_misp_retired.all_branches,5526110,100.00,,
     8.717865852,93623741,,inst_retired.any,80452378,100.00,156.5,IpMispredict
     8.717865852,684405,,br_misp_retired.all_branches,80452378,100.00,,
     8.818069701,94206990,,inst_retired.any,80709571,100.00,157.1,IpMispredict
     8.818069701,696621,,br_misp_retired.all_branches,80709571,100.00,,
     8.918275291,86475016,,inst_retired.any,80074903,100.00,144.2,IpMispredict
     8.918275291,623815,,br_misp_retired.all_branches,80074903,100.00,,
     9.018479663,90894722,,inst_retired.any,80328755,100.00,151.4,IpMispredict
     9.018479663,654502,,br_misp_retired.all_branches,80328755,100.00,,
     9.118684164,90091689,,inst_retired.any,79855610,100.00,149.9,IpMispredict
     9.118684164,650741,,br_misp_retired.all_branches,79855610,100.00,,
     9.218883905,90652125,,inst_retired.any,80073871,100.00,150.7,IpMispredict
     9.218883905,652821,,br_misp_retired.all_branches,80073871,100.00,,
     9.319087184,90702963,,inst_retired.any,79984994,100.00,150.6,IpMispredict
     9.319087184,655844,,br_misp_retired.all_branches,79984994,100.00,,
     9.419290728,91135670,,inst_retired.any,80164411,100.00,151.2,IpMispredict
     9.419290728,657488,,br_misp_retired.all_branches,80164411,100.00,,
     9.519493842,91012966,,inst_retired.any,79948100,100.00,150.9,IpMispredict
     9.519493842,654317,,br_misp_retired.all_branches,79948100,100.00,,
     9.619696791,80060415,,inst_retired.any,70390604,100.00,132.8,IpMispredict
     9.619696791,576287,,br_misp_retired.all_branches,70390604,100.00,,
     9.719896483,2973317,,inst_retired.any,5785324,100.00,5.0,IpMispredict
     9.719896483,38353,,br_misp_retired.all_branches,5785324,100.00,,
     9.820099233,87321316,,inst_retired.any,79190940,100.00,146.2,IpMispredict
     9.820099233,630587,,br_misp_retired.all_branches,79190940,100.00,,
     9.920298641,90812889,,inst_retired.any,80210574,100.00,151.9,IpMispredict
     9.920298641,650791,,br_misp_retired.all_branches,80210574,100.00,,
    10.020505245,91050273,,inst_retired.any,80482187,100.00,152.1,IpMispredict
    10.020505245,651175,,br_misp_retired.all_branches,80482187,100.00,,
    10.120710982,90586538,,inst_retired.any,80133757,100.00,151.2,IpMispredict
    10.120710982,649082,,br_misp_retired.all_branches,80133757,100.00,,
    10.220913030,90394640,,inst_retired.any,79874505,100.00,150.8,IpMispredict
    10.220913030,648697,,br_misp_retired.all_branches,79874505,100.00,,
    10.321113660,91074941,,inst_retired.any,80360697,100.00,151.8,IpMispredict
    10.321113660,649915,,br_misp_retired.all_branches,80360697,100.00,,
    10.421315000,91332209,,inst_retired.any,80332167,100.00,152.1,IpMispredict
    10.421315000,653896,,br_misp_retired.all_branches,80332167,100.00,,
    10.521516279,91059438,,inst_retired.any,80122218,100.00,151.5,IpMispredict
    10.521516279,655660,,br_misp_retired.all_branches,80122218,100.00,,
    10.621717912,87135912,,inst_retired.any,80119678,100.00,144.9,IpMispredict
    10.621717912,635919,,br_misp_retired.all_branches,80119678,100.00,,
    10.721916670,82437793,,inst_retired.any,69495682,100.00,137.1,IpMispredict
    10.721916670,598441,,br_misp_retired.all_branches,69495682,100.00,,
    10.822116135,3248812,,inst_retired.any,6132321,100.00,5.4,IpMispredict
    10.822116135,40671,,br_misp_retired.all_branches,6132321,100.00,,
    10.922320327,88757195,,inst_retired.any,79695271,100.00,148.8,IpMispredict
    10.922320327,645954,,br_misp_retired.all_branches,79695271,100.00,,
    11.022541893,90626416,,inst_retired.any,80170247,100.00,151.8,IpMispredict
    11.022541893,651368,,br_misp_retired.all_branches,80170247,100.00,,
