# started on Tue May  2 14:54:53 2023

     0.100332124,30235849,,inst_retired.any,42192961,100.00,94.7,IpMispredict
     0.100332124,319298,,br_misp_retired.all_branches,42192961,100.00,,
     0.200591520,30169171,,inst_retired.any,41603452,100.00,98.0,IpMispredict
     0.200591520,296107,,br_misp_retired.all_branches,41603452,100.00,,
     0.300801246,29928256,,inst_retired.any,42202011,100.00,96.9,IpMispredict
     0.300801246,311427,,br_misp_retired.all_branches,42202011,100.00,,
     0.401006276,30025017,,inst_retired.any,41617764,100.00,96.6,IpMispredict
     0.401006276,316317,,br_misp_retired.all_branches,41617764,100.00,,
     0.501212418,30011679,,inst_retired.any,41651964,100.00,96.8,IpMispredict
     0.501212418,306446,,br_misp_retired.all_branches,41651964,100.00,,
     0.601419589,29921124,,inst_retired.any,41724382,100.00,96.8,IpMispredict
     0.601419589,305929,,br_misp_retired.all_branches,41724382,100.00,,
     0.701621655,30748850,,inst_retired.any,42573379,100.00,99.7,IpMispredict
     0.701621655,303553,,br_misp_retired.all_branches,42573379,100.00,,
     0.801822860,30287777,,inst_retired.any,42538685,100.00,98.4,IpMispredict
     0.801822860,303810,,br_misp_retired.all_branches,42538685,100.00,,
     0.902027001,29931520,,inst_retired.any,41864229,100.00,97.1,IpMispredict
     0.902027001,310430,,br_misp_retired.all_branches,41864229,100.00,,
     1.002229174,29754288,,inst_retired.any,40960828,100.00,96.6,IpMispredict
     1.002229174,305938,,br_misp_retired.all_branches,40960828,100.00,,
     1.102434461,30119032,,inst_retired.any,42783589,100.00,98.0,IpMispredict
     1.102434461,301713,,br_misp_retired.all_branches,42783589,100.00,,
     1.202642978,30410579,,inst_retired.any,42797077,100.00,99.0,IpMispredict
     1.202642978,304457,,br_misp_retired.all_branches,42797077,100.00,,
     1.302842665,30191789,,inst_retired.any,42165033,100.00,98.4,IpMispredict
     1.302842665,302936,,br_misp_retired.all_branches,42165033,100.00,,
     1.403043084,29920536,,inst_retired.any,41902569,100.00,97.7,IpMispredict
     1.403043084,297692,,br_misp_retired.all_branches,41902569,100.00,,
     1.503247068,30579683,,inst_retired.any,43102900,100.00,100.3,IpMispredict
     1.503247068,286716,,br_misp_retired.all_branches,43102900,100.00,,
     1.603453866,29890266,,inst_retired.any,41656983,100.00,98.1,IpMispredict
     1.603453866,300876,,br_misp_retired.all_branches,41656983,100.00,,
     1.703656640,30164034,,inst_retired.any,42454946,100.00,99.0,IpMispredict
     1.703656640,304629,,br_misp_retired.all_branches,42454946,100.00,,
     1.803863794,30022957,,inst_retired.any,42182174,100.00,98.0,IpMispredict
     1.803863794,336172,,br_misp_retired.all_branches,42182174,100.00,,
     1.904069245,30414336,,inst_retired.any,42986133,100.00,99.0,IpMispredict
     1.904069245,323939,,br_misp_retired.all_branches,42986133,100.00,,
     2.004278356,29988094,,inst_retired.any,42967569,100.00,96.7,IpMispredict
     2.004278356,362877,,br_misp_retired.all_branches,42967569,100.00,,
     2.104479236,30024501,,inst_retired.any,41197139,100.00,96.7,IpMispredict
     2.104479236,315849,,br_misp_retired.all_branches,41197139,100.00,,
     2.204686940,30247575,,inst_retired.any,42635564,100.00,97.6,IpMispredict
     2.204686940,304220,,br_misp_retired.all_branches,42635564,100.00,,
     2.304891882,29868590,,inst_retired.any,41944324,100.00,96.4,IpMispredict
     2.304891882,303456,,br_misp_retired.all_branches,41944324,100.00,,
     2.405093246,30236337,,inst_retired.any,42102370,100.00,98.0,IpMispredict
     2.405093246,280583,,br_misp_retired.all_branches,42102370,100.00,,
     2.505292943,30141578,,inst_retired.any,43555499,100.00,97.5,IpMispredict
     2.505292943,323422,,br_misp_retired.all_branches,43555499,100.00,,
     2.605498337,30086285,,inst_retired.any,42115850,100.00,97.0,IpMispredict
     2.605498337,332075,,br_misp_retired.all_branches,42115850,100.00,,
     2.705697256,29829139,,inst_retired.any,40938548,100.00,96.3,IpMispredict
     2.705697256,302155,,br_misp_retired.all_branches,40938548,100.00,,
     2.805897842,29957758,,inst_retired.any,43868166,100.00,96.8,IpMispredict
     2.805897842,302819,,br_misp_retired.all_branches,43868166,100.00,,
     2.906116313,30206667,,inst_retired.any,42990998,100.00,97.5,IpMispredict
     2.906116313,319053,,br_misp_retired.all_branches,42990998,100.00,,
     3.006318158,30017599,,inst_retired.any,43555440,100.00,96.9,IpMispredict
     3.006318158,307351,,br_misp_retired.all_branches,43555440,100.00,,
     3.106523655,30197737,,inst_retired.any,44019236,100.00,97.5,IpMispredict
     3.106523655,306294,,br_misp_retired.all_branches,44019236,100.00,,
     3.206725076,30031013,,inst_retired.any,42838823,100.00,97.0,IpMispredict
     3.206725076,307901,,br_misp_retired.all_branches,42838823,100.00,,
     3.306924053,30228668,,inst_retired.any,43685683,100.00,97.8,IpMispredict
     3.306924053,289326,,br_misp_retired.all_branches,43685683,100.00,,
     3.407123796,30209623,,inst_retired.any,43846913,100.00,98.0,IpMispredict
     3.407123796,285561,,br_misp_retired.all_branches,43846913,100.00,,
     3.507323854,30123249,,inst_retired.any,43506674,100.00,97.7,IpMispredict
     3.507323854,314106,,br_misp_retired.all_branches,43506674,100.00,,
     3.607524079,30028623,,inst_retired.any,43469784,100.00,97.3,IpMispredict
     3.607524079,313730,,br_misp_retired.all_branches,43469784,100.00,,
     3.707729727,30070531,,inst_retired.any,42355525,100.00,97.4,IpMispredict
     3.707729727,308590,,br_misp_retired.all_branches,42355525,100.00,,
     3.807935237,30433991,,inst_retired.any,44474204,100.00,98.8,IpMispredict
     3.807935237,292949,,br_misp_retired.all_branches,44474204,100.00,,
     3.908136444,30359966,,inst_retired.any,44545642,100.00,98.7,IpMispredict
     3.908136444,289539,,br_misp_retired.all_branches,44545642,100.00,,
     4.008337929,29615592,,inst_retired.any,42931411,100.00,96.2,IpMispredict
     4.008337929,311814,,br_misp_retired.all_branches,42931411,100.00,,
     4.108544418,30592378,,inst_retired.any,43565053,100.00,99.5,IpMispredict
     4.108544418,290107,,br_misp_retired.all_branches,43565053,100.00,,
     4.208744049,29987313,,inst_retired.any,43263108,100.00,97.6,IpMispredict
     4.208744049,308676,,br_misp_retired.all_branches,43263108,100.00,,
     4.308944611,30133883,,inst_retired.any,43069222,100.00,98.1,IpMispredict
     4.308944611,291257,,br_misp_retired.all_branches,43069222,100.00,,
     4.409146667,30193058,,inst_retired.any,44586621,100.00,98.3,IpMispredict
     4.409146667,312442,,br_misp_retired.all_branches,44586621,100.00,,
     4.509354507,29816314,,inst_retired.any,41928288,100.00,97.1,IpMispredict
     4.509354507,308404,,br_misp_retired.all_branches,41928288,100.00,,
     4.609555667,29943214,,inst_retired.any,42877160,100.00,97.5,IpMispredict
     4.609555667,308335,,br_misp_retired.all_branches,42877160,100.00,,
     4.709759800,30010408,,inst_retired.any,43202587,100.00,97.7,IpMispredict
     4.709759800,302156,,br_misp_retired.all_branches,43202587,100.00,,
     4.809974827,30338960,,inst_retired.any,43939115,100.00,98.9,IpMispredict
     4.809974827,293250,,br_misp_retired.all_branches,43939115,100.00,,
     4.910182088,30440375,,inst_retired.any,43513334,100.00,99.3,IpMispredict
     4.910182088,299965,,br_misp_retired.all_branches,43513334,100.00,,
     5.010391592,29954317,,inst_retired.any,42690269,100.00,97.9,IpMispredict
     5.010391592,277432,,br_misp_retired.all_branches,42690269,100.00,,
     5.110592287,30042619,,inst_retired.any,42785824,100.00,98.0,IpMispredict
     5.110592287,326032,,br_misp_retired.all_branches,42785824,100.00,,
     5.210796174,30330986,,inst_retired.any,44418592,100.00,98.9,IpMispredict
     5.210796174,315830,,br_misp_retired.all_branches,44418592,100.00,,
     5.310998201,30052112,,inst_retired.any,43043973,100.00,98.1,IpMispredict
     5.310998201,288520,,br_misp_retired.all_branches,43043973,100.00,,
     5.411201807,30182317,,inst_retired.any,43464992,100.00,98.7,IpMispredict
     5.411201807,277240,,br_misp_retired.all_branches,43464992,100.00,,
     5.511425085,30147048,,inst_retired.any,43913331,100.00,98.5,IpMispredict
     5.511425085,316244,,br_misp_retired.all_branches,43913331,100.00,,
     5.611651939,30812370,,inst_retired.any,43962943,100.00,100.8,IpMispredict
     5.611651939,294066,,br_misp_retired.all_branches,43962943,100.00,,
     5.711855378,30046566,,inst_retired.any,43180281,100.00,98.2,IpMispredict
     5.711855378,324786,,br_misp_retired.all_branches,43180281,100.00,,
     5.812059182,30355671,,inst_retired.any,43464854,100.00,99.1,IpMispredict
     5.812059182,319790,,br_misp_retired.all_branches,43464854,100.00,,
     5.912265644,29871083,,inst_retired.any,43794431,100.00,97.3,IpMispredict
     5.912265644,338370,,br_misp_retired.all_branches,43794431,100.00,,
     6.012466467,29724966,,inst_retired.any,43192411,100.00,96.8,IpMispredict
     6.012466467,327600,,br_misp_retired.all_branches,43192411,100.00,,
     6.112671824,30155541,,inst_retired.any,43493296,100.00,98.0,IpMispredict
     6.112671824,339853,,br_misp_retired.all_branches,43493296,100.00,,
     6.212885507,30374338,,inst_retired.any,42817469,100.00,98.5,IpMispredict
     6.212885507,339049,,br_misp_retired.all_branches,42817469,100.00,,
     6.313086527,30068651,,inst_retired.any,42232752,100.00,97.6,IpMispredict
     6.313086527,289261,,br_misp_retired.all_branches,42232752,100.00,,
     6.413291419,30376712,,inst_retired.any,42899076,100.00,98.6,IpMispredict
     6.413291419,306434,,br_misp_retired.all_branches,42899076,100.00,,
     6.513491441,29849884,,inst_retired.any,41941217,100.00,96.8,IpMispredict
     6.513491441,331237,,br_misp_retired.all_branches,41941217,100.00,,
     6.613695260,30256022,,inst_retired.any,42081221,100.00,98.1,IpMispredict
     6.613695260,308295,,br_misp_retired.all_branches,42081221,100.00,,
     6.713895050,29820682,,inst_retired.any,43383306,100.00,96.7,IpMispredict
     6.713895050,318992,,br_misp_retired.all_branches,43383306,100.00,,
     6.814095072,29951006,,inst_retired.any,43635216,100.00,97.1,IpMispredict
     6.814095072,317181,,br_misp_retired.all_branches,43635216,100.00,,
     6.914295862,30033283,,inst_retired.any,43313691,100.00,97.4,IpMispredict
     6.914295862,303900,,br_misp_retired.all_branches,43313691,100.00,,
     7.014494589,30517158,,inst_retired.any,43529878,100.00,98.9,IpMispredict
     7.014494589,309203,,br_misp_retired.all_branches,43529878,100.00,,
     7.114695165,29916341,,inst_retired.any,43281202,100.00,97.0,IpMispredict
     7.114695165,307212,,br_misp_retired.all_branches,43281202,100.00,,
     7.214895490,30195511,,inst_retired.any,43833490,100.00,98.0,IpMispredict
     7.214895490,273018,,br_misp_retired.all_branches,43833490,100.00,,
     7.315102341,30420889,,inst_retired.any,44539418,100.00,98.8,IpMispredict
     7.315102341,291214,,br_misp_retired.all_branches,44539418,100.00,,
     7.415308610,30337979,,inst_retired.any,43592773,100.00,98.6,IpMispredict
     7.415308610,296236,,br_misp_retired.all_branches,43592773,100.00,,
     7.515509991,29806575,,inst_retired.any,43830153,100.00,96.9,IpMispredict
     7.515509991,308583,,br_misp_retired.all_branches,43830153,100.00,,
     7.615719908,29779924,,inst_retired.any,43004147,100.00,96.8,IpMispredict
     7.615719908,300381,,br_misp_retired.all_branches,43004147,100.00,,
     7.715925502,30284317,,inst_retired.any,44135927,100.00,98.5,IpMispredict
     7.715925502,312212,,br_misp_retired.all_branches,44135927,100.00,,
     7.816129462,30258601,,inst_retired.any,42984845,100.00,98.4,IpMispredict
     7.816129462,294389,,br_misp_retired.all_branches,42984845,100.00,,
     7.916332668,30411388,,inst_retired.any,43810926,100.00,99.0,IpMispredict
     7.916332668,299104,,br_misp_retired.all_branches,43810926,100.00,,
     8.016533324,30792519,,inst_retired.any,43563447,100.00,100.2,IpMispredict
     8.016533324,305936,,br_misp_retired.all_branches,43563447,100.00,,
     8.116738697,30093237,,inst_retired.any,43135228,100.00,97.8,IpMispredict
     8.116738697,329529,,br_misp_retired.all_branches,43135228,100.00,,
     8.216946560,30296872,,inst_retired.any,43666159,100.00,98.6,IpMispredict
     8.216946560,293458,,br_misp_retired.all_branches,43666159,100.00,,
     8.317167146,29917362,,inst_retired.any,42717594,100.00,97.3,IpMispredict
     8.317167146,315770,,br_misp_retired.all_branches,42717594,100.00,,
     8.417367527,30049768,,inst_retired.any,44155734,100.00,97.7,IpMispredict
     8.417367527,322328,,br_misp_retired.all_branches,44155734,100.00,,
     8.517572848,29975989,,inst_retired.any,43523114,100.00,97.4,IpMispredict
     8.517572848,325163,,br_misp_retired.all_branches,43523114,100.00,,
     8.617773510,30060981,,inst_retired.any,42945775,100.00,97.7,IpMispredict
     8.617773510,295642,,br_misp_retired.all_branches,42945775,100.00,,
     8.717979912,29948614,,inst_retired.any,43504705,100.00,97.3,IpMispredict
     8.717979912,314875,,br_misp_retired.all_branches,43504705,100.00,,
     8.818178957,29915299,,inst_retired.any,43407201,100.00,97.1,IpMispredict
     8.818178957,331532,,br_misp_retired.all_branches,43407201,100.00,,
     8.918379894,30442415,,inst_retired.any,43930990,100.00,98.9,IpMispredict
     8.918379894,295923,,br_misp_retired.all_branches,43930990,100.00,,
     9.018580400,30069045,,inst_retired.any,44360069,100.00,97.6,IpMispredict
     9.018580400,328119,,br_misp_retired.all_branches,44360069,100.00,,
     9.118787885,30173278,,inst_retired.any,43314333,100.00,97.9,IpMispredict
     9.118787885,314236,,br_misp_retired.all_branches,43314333,100.00,,
     9.218988274,29866938,,inst_retired.any,43283632,100.00,96.9,IpMispredict
     9.218988274,302361,,br_misp_retired.all_branches,43283632,100.00,,
     9.319194001,30188528,,inst_retired.any,43210770,100.00,98.0,IpMispredict
     9.319194001,297227,,br_misp_retired.all_branches,43210770,100.00,,
     9.419422178,30106742,,inst_retired.any,43187751,100.00,97.6,IpMispredict
     9.419422178,331118,,br_misp_retired.all_branches,43187751,100.00,,
     9.519626750,29937821,,inst_retired.any,42898738,100.00,97.1,IpMispredict
     9.519626750,318714,,br_misp_retired.all_branches,42898738,100.00,,
     9.619832237,30394120,,inst_retired.any,43836700,100.00,98.7,IpMispredict
     9.619832237,267086,,br_misp_retired.all_branches,43836700,100.00,,
     9.720032689,30041495,,inst_retired.any,42958395,100.00,97.5,IpMispredict
     9.720032689,315457,,br_misp_retired.all_branches,42958395,100.00,,
     9.820236505,30262161,,inst_retired.any,43565246,100.00,98.2,IpMispredict
     9.820236505,319134,,br_misp_retired.all_branches,43565246,100.00,,
     9.920437007,29865784,,inst_retired.any,43123199,100.00,96.9,IpMispredict
     9.920437007,313979,,br_misp_retired.all_branches,43123199,100.00,,
    10.020639655,29910391,,inst_retired.any,43524416,100.00,97.1,IpMispredict
    10.020639655,278658,,br_misp_retired.all_branches,43524416,100.00,,
    10.120839177,30024917,,inst_retired.any,42988768,100.00,97.5,IpMispredict
    10.120839177,320417,,br_misp_retired.all_branches,42988768,100.00,,
    10.221049790,30255158,,inst_retired.any,44227800,100.00,98.2,IpMispredict
    10.221049790,319890,,br_misp_retired.all_branches,44227800,100.00,,
    10.321254502,29736179,,inst_retired.any,43108541,100.00,96.5,IpMispredict
    10.321254502,312622,,br_misp_retired.all_branches,43108541,100.00,,
    10.421463531,30028164,,inst_retired.any,43384598,100.00,97.4,IpMispredict
    10.421463531,316626,,br_misp_retired.all_branches,43384598,100.00,,
    10.521667354,30173857,,inst_retired.any,44086864,100.00,97.9,IpMispredict
    10.521667354,291003,,br_misp_retired.all_branches,44086864,100.00,,
    10.621871090,30836392,,inst_retired.any,43311560,100.00,100.2,IpMispredict
    10.621871090,268102,,br_misp_retired.all_branches,43311560,100.00,,
    10.722071131,29732550,,inst_retired.any,42615732,100.00,96.6,IpMispredict
    10.722071131,294792,,br_misp_retired.all_branches,42615732,100.00,,
    10.822270157,30177196,,inst_retired.any,43857258,100.00,98.0,IpMispredict
    10.822270157,328578,,br_misp_retired.all_branches,43857258,100.00,,
    10.922477033,30127959,,inst_retired.any,42790347,100.00,97.9,IpMispredict
    10.922477033,310214,,br_misp_retired.all_branches,42790347,100.00,,
    11.022695828,30002554,,inst_retired.any,44265584,100.00,97.4,IpMispredict
    11.022695828,323136,,br_misp_retired.all_branches,44265584,100.00,,
