# started on Tue May  2 14:56:52 2023

     0.100332727,3444925,,offcore_response.all_requests.llc_hit.any_response,62518474,100.00,,
     0.100332727,28550,,offcore_response.all_requests.llc_miss.any_response,62517028,100.00,,
     0.200593881,3434382,,offcore_response.all_requests.llc_hit.any_response,62345748,100.00,,
     0.200593881,27324,,offcore_response.all_requests.llc_miss.any_response,62325604,100.00,,
     0.300818940,3474124,,offcore_response.all_requests.llc_hit.any_response,62866486,100.00,,
     0.300818940,27815,,offcore_response.all_requests.llc_miss.any_response,62815064,100.00,,
     0.401027181,3440752,,offcore_response.all_requests.llc_hit.any_response,61962340,100.00,,
     0.401027181,29796,,offcore_response.all_requests.llc_miss.any_response,61962340,100.00,,
     0.501238324,3486909,,offcore_response.all_requests.llc_hit.any_response,62733982,100.00,,
     0.501238324,28543,,offcore_response.all_requests.llc_miss.any_response,62733982,100.00,,
     0.601449920,3521962,,offcore_response.all_requests.llc_hit.any_response,62820829,100.00,,
     0.601449920,28847,,offcore_response.all_requests.llc_miss.any_response,62820829,100.00,,
     0.701659771,3391194,,offcore_response.all_requests.llc_hit.any_response,61594762,100.00,,
     0.701659771,29892,,offcore_response.all_requests.llc_miss.any_response,61594762,100.00,,
     0.801868990,3491573,,offcore_response.all_requests.llc_hit.any_response,63566776,100.00,,
     0.801868990,35182,,offcore_response.all_requests.llc_miss.any_response,63566776,100.00,,
     0.902079446,3441885,,offcore_response.all_requests.llc_hit.any_response,62018353,100.00,,
     0.902079446,29452,,offcore_response.all_requests.llc_miss.any_response,62031704,100.00,,
     1.002291495,3526367,,offcore_response.all_requests.llc_hit.any_response,63334757,100.00,,
     1.002291495,27845,,offcore_response.all_requests.llc_miss.any_response,63354115,100.00,,
     1.102511938,3489653,,offcore_response.all_requests.llc_hit.any_response,62855865,100.00,,
     1.102511938,27636,,offcore_response.all_requests.llc_miss.any_response,62823156,100.00,,
     1.202720653,3454785,,offcore_response.all_requests.llc_hit.any_response,62769803,100.00,,
     1.202720653,27330,,offcore_response.all_requests.llc_miss.any_response,62803176,100.00,,
     1.302938910,3512140,,offcore_response.all_requests.llc_hit.any_response,61643191,100.00,,
     1.302938910,28766,,offcore_response.all_requests.llc_miss.any_response,61632681,100.00,,
     1.403150608,3501143,,offcore_response.all_requests.llc_hit.any_response,61505057,100.00,,
     1.403150608,29496,,offcore_response.all_requests.llc_miss.any_response,61539253,100.00,,
     1.503399333,3541375,,offcore_response.all_requests.llc_hit.any_response,62747616,100.00,,
     1.503399333,27701,,offcore_response.all_requests.llc_miss.any_response,62716873,100.00,,
     1.603612401,3534478,,offcore_response.all_requests.llc_hit.any_response,62752854,100.00,,
     1.603612401,33785,,offcore_response.all_requests.llc_miss.any_response,62726538,100.00,,
     1.703823749,3495458,,offcore_response.all_requests.llc_hit.any_response,61931372,100.00,,
     1.703823749,28341,,offcore_response.all_requests.llc_miss.any_response,62002072,100.00,,
     1.804044479,3504747,,offcore_response.all_requests.llc_hit.any_response,61819731,100.00,,
     1.804044479,31195,,offcore_response.all_requests.llc_miss.any_response,61749031,100.00,,
     1.904255155,3479289,,offcore_response.all_requests.llc_hit.any_response,61456702,100.00,,
     1.904255155,32453,,offcore_response.all_requests.llc_miss.any_response,61489281,100.00,,
     2.004472577,3520660,,offcore_response.all_requests.llc_hit.any_response,62208383,100.00,,
     2.004472577,30524,,offcore_response.all_requests.llc_miss.any_response,62257665,100.00,,
     2.104703676,3533815,,offcore_response.all_requests.llc_hit.any_response,62991353,100.00,,
     2.104703676,29979,,offcore_response.all_requests.llc_miss.any_response,62942461,100.00,,
     2.204920544,3483738,,offcore_response.all_requests.llc_hit.any_response,63077866,100.00,,
     2.204920544,29090,,offcore_response.all_requests.llc_miss.any_response,63078578,100.00,,
     2.305157348,3483759,,offcore_response.all_requests.llc_hit.any_response,62521521,100.00,,
     2.305157348,29439,,offcore_response.all_requests.llc_miss.any_response,62487840,100.00,,
     2.405366895,3417724,,offcore_response.all_requests.llc_hit.any_response,61844121,100.00,,
     2.405366895,30449,,offcore_response.all_requests.llc_miss.any_response,61844121,100.00,,
     2.505581807,3469421,,offcore_response.all_requests.llc_hit.any_response,62888679,100.00,,
     2.505581807,30100,,offcore_response.all_requests.llc_miss.any_response,62888679,100.00,,
     2.605788975,3466959,,offcore_response.all_requests.llc_hit.any_response,62557908,100.00,,
     2.605788975,29100,,offcore_response.all_requests.llc_miss.any_response,62590484,100.00,,
     2.706006939,3529050,,offcore_response.all_requests.llc_hit.any_response,63346218,100.00,,
     2.706006939,28008,,offcore_response.all_requests.llc_miss.any_response,63313642,100.00,,
     2.806222623,3490899,,offcore_response.all_requests.llc_hit.any_response,62797983,100.00,,
     2.806222623,26594,,offcore_response.all_requests.llc_miss.any_response,62797983,100.00,,
     2.906431719,3445412,,offcore_response.all_requests.llc_hit.any_response,62088749,100.00,,
     2.906431719,27693,,offcore_response.all_requests.llc_miss.any_response,62088749,100.00,,
     3.006642398,3511339,,offcore_response.all_requests.llc_hit.any_response,63323012,100.00,,
     3.006642398,27632,,offcore_response.all_requests.llc_miss.any_response,63323012,100.00,,
     3.106853515,3469047,,offcore_response.all_requests.llc_hit.any_response,62558065,100.00,,
     3.106853515,27116,,offcore_response.all_requests.llc_miss.any_response,62558065,100.00,,
     3.207065434,3474393,,offcore_response.all_requests.llc_hit.any_response,62702075,100.00,,
     3.207065434,27858,,offcore_response.all_requests.llc_miss.any_response,62735722,100.00,,
     3.307288660,3486719,,offcore_response.all_requests.llc_hit.any_response,62735368,100.00,,
     3.307288660,27589,,offcore_response.all_requests.llc_miss.any_response,62773132,100.00,,
     3.407513261,3524096,,offcore_response.all_requests.llc_hit.any_response,63281747,100.00,,
     3.407513261,29719,,offcore_response.all_requests.llc_miss.any_response,63243034,100.00,,
     3.507730596,3442388,,offcore_response.all_requests.llc_hit.any_response,62359000,100.00,,
     3.507730596,28514,,offcore_response.all_requests.llc_miss.any_response,62358310,100.00,,
     3.607945576,3484209,,offcore_response.all_requests.llc_hit.any_response,63043385,100.00,,
     3.607945576,27975,,offcore_response.all_requests.llc_miss.any_response,63084473,100.00,,
     3.708169323,3493714,,offcore_response.all_requests.llc_hit.any_response,62760556,100.00,,
     3.708169323,30273,,offcore_response.all_requests.llc_miss.any_response,62720890,100.00,,
     3.808387592,3446324,,offcore_response.all_requests.llc_hit.any_response,62364100,100.00,,
     3.808387592,28025,,offcore_response.all_requests.llc_miss.any_response,62403460,100.00,,
     3.908618299,3511039,,offcore_response.all_requests.llc_hit.any_response,63130289,100.00,,
     3.908618299,27833,,offcore_response.all_requests.llc_miss.any_response,63057499,100.00,,
     4.008831667,3502720,,offcore_response.all_requests.llc_hit.any_response,63381201,100.00,,
     4.008831667,28442,,offcore_response.all_requests.llc_miss.any_response,63381201,100.00,,
     4.109041532,3561288,,offcore_response.all_requests.llc_hit.any_response,63297844,100.00,,
     4.109041532,29250,,offcore_response.all_requests.llc_miss.any_response,63330737,100.00,,
     4.209262619,3535742,,offcore_response.all_requests.llc_hit.any_response,62798655,100.00,,
     4.209262619,31771,,offcore_response.all_requests.llc_miss.any_response,62775104,100.00,,
     4.309480725,3509771,,offcore_response.all_requests.llc_hit.any_response,61850868,100.00,,
     4.309480725,29881,,offcore_response.all_requests.llc_miss.any_response,61874021,100.00,,
     4.409696421,3479158,,offcore_response.all_requests.llc_hit.any_response,61327912,100.00,,
     4.409696421,26856,,offcore_response.all_requests.llc_miss.any_response,61327973,100.00,,
     4.509933557,3506284,,offcore_response.all_requests.llc_hit.any_response,62039438,100.00,,
     4.509933557,29128,,offcore_response.all_requests.llc_miss.any_response,62039945,100.00,,
     4.610150264,3526546,,offcore_response.all_requests.llc_hit.any_response,62022191,100.00,,
     4.610150264,27863,,offcore_response.all_requests.llc_miss.any_response,61989128,100.00,,
     4.710359206,3535777,,offcore_response.all_requests.llc_hit.any_response,62300033,100.00,,
     4.710359206,31061,,offcore_response.all_requests.llc_miss.any_response,62331750,100.00,,
     4.810576799,3475646,,offcore_response.all_requests.llc_hit.any_response,61369135,100.00,,
     4.810576799,30235,,offcore_response.all_requests.llc_miss.any_response,61410470,100.00,,
     4.910805673,3550241,,offcore_response.all_requests.llc_hit.any_response,62868945,100.00,,
     4.910805673,29047,,offcore_response.all_requests.llc_miss.any_response,62795893,100.00,,
     5.011014849,3508157,,offcore_response.all_requests.llc_hit.any_response,62141024,100.00,,
     5.011014849,28336,,offcore_response.all_requests.llc_miss.any_response,62141024,100.00,,
     5.111228099,3553883,,offcore_response.all_requests.llc_hit.any_response,62876563,100.00,,
     5.111228099,28764,,offcore_response.all_requests.llc_miss.any_response,62943856,100.00,,
     5.211450251,3559050,,offcore_response.all_requests.llc_hit.any_response,63110248,100.00,,
     5.211450251,28991,,offcore_response.all_requests.llc_miss.any_response,63042955,100.00,,
     5.311661979,3526489,,offcore_response.all_requests.llc_hit.any_response,62725218,100.00,,
     5.311661979,30557,,offcore_response.all_requests.llc_miss.any_response,62725218,100.00,,
     5.411871627,3475732,,offcore_response.all_requests.llc_hit.any_response,61553958,100.00,,
     5.411871627,30287,,offcore_response.all_requests.llc_miss.any_response,61580750,100.00,,
     5.512086329,3510909,,offcore_response.all_requests.llc_hit.any_response,61697338,100.00,,
     5.512086329,27346,,offcore_response.all_requests.llc_miss.any_response,61670546,100.00,,
     5.612294025,3520364,,offcore_response.all_requests.llc_hit.any_response,62092606,100.00,,
     5.612294025,27992,,offcore_response.all_requests.llc_miss.any_response,62136813,100.00,,
     5.712512047,3517210,,offcore_response.all_requests.llc_hit.any_response,62039111,100.00,,
     5.712512047,30408,,offcore_response.all_requests.llc_miss.any_response,62027402,100.00,,
     5.812726947,3558802,,offcore_response.all_requests.llc_hit.any_response,62908316,100.00,,
     5.812726947,36880,,offcore_response.all_requests.llc_miss.any_response,62909045,100.00,,
     5.912944229,3542006,,offcore_response.all_requests.llc_hit.any_response,62608156,100.00,,
     5.912944229,33693,,offcore_response.all_requests.llc_miss.any_response,62613378,100.00,,
     6.013166823,3512017,,offcore_response.all_requests.llc_hit.any_response,62874722,100.00,,
     6.013166823,28531,,offcore_response.all_requests.llc_miss.any_response,62836273,100.00,,
     6.113381434,3439476,,offcore_response.all_requests.llc_hit.any_response,61649278,100.00,,
     6.113381434,28826,,offcore_response.all_requests.llc_miss.any_response,61674777,100.00,,
     6.213594550,3476911,,offcore_response.all_requests.llc_hit.any_response,63079474,100.00,,
     6.213594550,37305,,offcore_response.all_requests.llc_miss.any_response,63053975,100.00,,
     6.313804059,3380746,,offcore_response.all_requests.llc_hit.any_response,60739057,100.00,,
     6.313804059,37699,,offcore_response.all_requests.llc_miss.any_response,60761205,100.00,,
     6.414017298,3445748,,offcore_response.all_requests.llc_hit.any_response,62250905,100.00,,
     6.414017298,37561,,offcore_response.all_requests.llc_miss.any_response,62310274,100.00,,
     6.514254984,3455036,,offcore_response.all_requests.llc_hit.any_response,62412960,100.00,,
     6.514254984,37903,,offcore_response.all_requests.llc_miss.any_response,62331443,100.00,,
     6.614489288,3440876,,offcore_response.all_requests.llc_hit.any_response,61987120,100.00,,
     6.614489288,38160,,offcore_response.all_requests.llc_miss.any_response,61987120,100.00,,
     6.714701010,3430721,,offcore_response.all_requests.llc_hit.any_response,62293681,100.00,,
     6.714701010,37416,,offcore_response.all_requests.llc_miss.any_response,62293681,100.00,,
     6.814908244,3382853,,offcore_response.all_requests.llc_hit.any_response,60990833,100.00,,
     6.814908244,37801,,offcore_response.all_requests.llc_miss.any_response,61037661,100.00,,
     6.915138473,3429987,,offcore_response.all_requests.llc_hit.any_response,62278988,100.00,,
     6.915138473,38110,,offcore_response.all_requests.llc_miss.any_response,62267377,100.00,,
     7.015360722,3390272,,offcore_response.all_requests.llc_hit.any_response,61504298,100.00,,
     7.015360722,37644,,offcore_response.all_requests.llc_miss.any_response,61469081,100.00,,
     7.115573393,3443996,,offcore_response.all_requests.llc_hit.any_response,62425916,100.00,,
     7.115573393,38302,,offcore_response.all_requests.llc_miss.any_response,62443995,100.00,,
     7.215788960,3398799,,offcore_response.all_requests.llc_hit.any_response,61707421,100.00,,
     7.215788960,37921,,offcore_response.all_requests.llc_miss.any_response,61689342,100.00,,
     7.316002626,3437633,,offcore_response.all_requests.llc_hit.any_response,62183451,100.00,,
     7.316002626,37726,,offcore_response.all_requests.llc_miss.any_response,62257756,100.00,,
     7.416229230,3473186,,offcore_response.all_requests.llc_hit.any_response,62457764,100.00,,
     7.416229230,37947,,offcore_response.all_requests.llc_miss.any_response,62416866,100.00,,
     7.516448592,3426846,,offcore_response.all_requests.llc_hit.any_response,62124381,100.00,,
     7.516448592,37436,,offcore_response.all_requests.llc_miss.any_response,62164289,100.00,,
     7.616672542,3440954,,offcore_response.all_requests.llc_hit.any_response,62164796,100.00,,
     7.616672542,37572,,offcore_response.all_requests.llc_miss.any_response,62125258,100.00,,
     7.716889456,3481558,,offcore_response.all_requests.llc_hit.any_response,62873607,100.00,,
     7.716889456,37825,,offcore_response.all_requests.llc_miss.any_response,62872826,100.00,,
     7.817105638,3445527,,offcore_response.all_requests.llc_hit.any_response,62408099,100.00,,
     7.817105638,37801,,offcore_response.all_requests.llc_miss.any_response,62375103,100.00,,
     7.917317154,3401442,,offcore_response.all_requests.llc_hit.any_response,61881354,100.00,,
     7.917317154,37874,,offcore_response.all_requests.llc_miss.any_response,61881354,100.00,,
     8.017526670,3400278,,offcore_response.all_requests.llc_hit.any_response,62015475,100.00,,
     8.017526670,37752,,offcore_response.all_requests.llc_miss.any_response,62015475,100.00,,
     8.117749180,3447356,,offcore_response.all_requests.llc_hit.any_response,61904257,100.00,,
     8.117749180,38003,,offcore_response.all_requests.llc_miss.any_response,61937344,100.00,,
     8.217971941,3442193,,offcore_response.all_requests.llc_hit.any_response,62314532,100.00,,
     8.217971941,37829,,offcore_response.all_requests.llc_miss.any_response,62315453,100.00,,
     8.318192026,3374615,,offcore_response.all_requests.llc_hit.any_response,61390989,100.00,,
     8.318192026,37774,,offcore_response.all_requests.llc_miss.any_response,61390013,100.00,,
     8.418409126,3448277,,offcore_response.all_requests.llc_hit.any_response,62404086,100.00,,
     8.418409126,37951,,offcore_response.all_requests.llc_miss.any_response,62371054,100.00,,
     8.518620628,3393786,,offcore_response.all_requests.llc_hit.any_response,61720840,100.00,,
     8.518620628,37912,,offcore_response.all_requests.llc_miss.any_response,61745908,100.00,,
     8.618835594,3442936,,offcore_response.all_requests.llc_hit.any_response,62414456,100.00,,
     8.618835594,37847,,offcore_response.all_requests.llc_miss.any_response,62389388,100.00,,
     8.719047854,3454087,,offcore_response.all_requests.llc_hit.any_response,62367141,100.00,,
     8.719047854,37432,,offcore_response.all_requests.llc_miss.any_response,62367141,100.00,,
     8.819277400,3433964,,offcore_response.all_requests.llc_hit.any_response,62188358,100.00,,
     8.819277400,37659,,offcore_response.all_requests.llc_miss.any_response,62188358,100.00,,
     8.919491036,3483871,,offcore_response.all_requests.llc_hit.any_response,62521832,100.00,,
     8.919491036,38063,,offcore_response.all_requests.llc_miss.any_response,62555019,100.00,,
     9.019709006,3443448,,offcore_response.all_requests.llc_hit.any_response,62185856,100.00,,
     9.019709006,37439,,offcore_response.all_requests.llc_miss.any_response,62152669,100.00,,
     9.119921182,3409989,,offcore_response.all_requests.llc_hit.any_response,61848686,100.00,,
     9.119921182,37276,,offcore_response.all_requests.llc_miss.any_response,61848686,100.00,,
     9.220130782,3452833,,offcore_response.all_requests.llc_hit.any_response,62202372,100.00,,
     9.220130782,37836,,offcore_response.all_requests.llc_miss.any_response,62236071,100.00,,
     9.320349247,3434031,,offcore_response.all_requests.llc_hit.any_response,61963195,100.00,,
     9.320349247,37686,,offcore_response.all_requests.llc_miss.any_response,61939482,100.00,,
     9.420570747,3511259,,offcore_response.all_requests.llc_hit.any_response,63293584,100.00,,
     9.420570747,37993,,offcore_response.all_requests.llc_miss.any_response,63283598,100.00,,
     9.520787427,3456246,,offcore_response.all_requests.llc_hit.any_response,62260092,100.00,,
     9.520787427,37782,,offcore_response.all_requests.llc_miss.any_response,62260092,100.00,,
     9.620999058,3439667,,offcore_response.all_requests.llc_hit.any_response,62196363,100.00,,
     9.620999058,37989,,offcore_response.all_requests.llc_miss.any_response,62196363,100.00,,
     9.721212281,3389895,,offcore_response.all_requests.llc_hit.any_response,61743627,100.00,,
     9.721212281,37770,,offcore_response.all_requests.llc_miss.any_response,61777044,100.00,,
     9.821432756,3493316,,offcore_response.all_requests.llc_hit.any_response,62693980,100.00,,
     9.821432756,37837,,offcore_response.all_requests.llc_miss.any_response,62660563,100.00,,
     9.921648163,3538405,,offcore_response.all_requests.llc_hit.any_response,63097586,100.00,,
     9.921648163,37777,,offcore_response.all_requests.llc_miss.any_response,63097586,100.00,,
    10.021862261,3510967,,offcore_response.all_requests.llc_hit.any_response,62794784,100.00,,
    10.021862261,37924,,offcore_response.all_requests.llc_miss.any_response,62794784,100.00,,
    10.122073261,3543624,,offcore_response.all_requests.llc_hit.any_response,63144900,100.00,,
    10.122073261,37808,,offcore_response.all_requests.llc_miss.any_response,63144900,100.00,,
    10.222281711,3488487,,offcore_response.all_requests.llc_hit.any_response,62690354,100.00,,
    10.222281711,37752,,offcore_response.all_requests.llc_miss.any_response,62753731,100.00,,
    10.322505721,3532425,,offcore_response.all_requests.llc_hit.any_response,63327088,100.00,,
    10.322505721,38123,,offcore_response.all_requests.llc_miss.any_response,63297151,100.00,,
    10.422734733,3465344,,offcore_response.all_requests.llc_hit.any_response,62089314,100.00,,
    10.422734733,37946,,offcore_response.all_requests.llc_miss.any_response,62090550,100.00,,
    10.522961701,3483644,,offcore_response.all_requests.llc_hit.any_response,62744688,100.00,,
    10.522961701,38098,,offcore_response.all_requests.llc_miss.any_response,62710012,100.00,,
    10.623169388,3503277,,offcore_response.all_requests.llc_hit.any_response,62619146,100.00,,
    10.623169388,37842,,offcore_response.all_requests.llc_miss.any_response,62619146,100.00,,
    10.723391613,3486031,,offcore_response.all_requests.llc_hit.any_response,62858995,100.00,,
    10.723391613,37385,,offcore_response.all_requests.llc_miss.any_response,62858995,100.00,,
    10.823599956,3510290,,offcore_response.all_requests.llc_hit.any_response,62982953,100.00,,
    10.823599956,38077,,offcore_response.all_requests.llc_miss.any_response,62982953,100.00,,
    10.923814690,3470195,,offcore_response.all_requests.llc_hit.any_response,62550972,100.00,,
    10.923814690,37827,,offcore_response.all_requests.llc_miss.any_response,62595127,100.00,,
    11.024055144,3496618,,offcore_response.all_requests.llc_hit.any_response,62980569,100.00,,
    11.024055144,38114,,offcore_response.all_requests.llc_miss.any_response,62936414,100.00,,
