# started on Tue May  2 14:57:06 2023

     0.100287921,5895874,,offcore_response.all_requests.llc_hit.any_response,83671900,100.00,,
     0.100287921,75026,,offcore_response.all_requests.llc_miss.any_response,83603261,100.00,,
     0.200548117,5914766,,offcore_response.all_requests.llc_hit.any_response,84493046,100.00,,
     0.200548117,73965,,offcore_response.all_requests.llc_miss.any_response,84485215,100.00,,
     0.300747431,5913099,,offcore_response.all_requests.llc_hit.any_response,81987440,100.00,,
     0.300747431,74613,,offcore_response.all_requests.llc_miss.any_response,81962696,100.00,,
     0.400953124,5926770,,offcore_response.all_requests.llc_hit.any_response,84524723,100.00,,
     0.400953124,74915,,offcore_response.all_requests.llc_miss.any_response,84598528,100.00,,
     0.501180277,6031716,,offcore_response.all_requests.llc_hit.any_response,86241905,100.00,,
     0.501180277,74709,,offcore_response.all_requests.llc_miss.any_response,86181907,100.00,,
     0.601401360,5871494,,offcore_response.all_requests.llc_hit.any_response,83758854,100.00,,
     0.601401360,74342,,offcore_response.all_requests.llc_miss.any_response,83745047,100.00,,
     0.701612036,5560721,,offcore_response.all_requests.llc_hit.any_response,79602950,100.00,,
     0.701612036,70818,,offcore_response.all_requests.llc_miss.any_response,79602950,100.00,,
     0.801830090,166681,,offcore_response.all_requests.llc_hit.any_response,3038652,100.00,,
     0.801830090,3447,,offcore_response.all_requests.llc_miss.any_response,3085562,100.00,,
     0.902051704,12299123,,offcore_response.all_requests.llc_hit.any_response,126660334,100.00,,
     0.902051704,138845,,offcore_response.all_requests.llc_miss.any_response,126682672,100.00,,
     1.002273529,5236801,,offcore_response.all_requests.llc_hit.any_response,73488692,100.00,,
     1.002273529,49225,,offcore_response.all_requests.llc_miss.any_response,73419444,100.00,,
     1.102486888,241293,,offcore_response.all_requests.llc_hit.any_response,4418608,100.00,,
     1.102486888,3108,,offcore_response.all_requests.llc_miss.any_response,4462182,100.00,,
     1.202713496,12537516,,offcore_response.all_requests.llc_hit.any_response,129169029,100.00,,
     1.202713496,139140,,offcore_response.all_requests.llc_miss.any_response,129125455,100.00,,
     1.302923985,6005513,,offcore_response.all_requests.llc_hit.any_response,83451280,100.00,,
     1.302923985,58713,,offcore_response.all_requests.llc_miss.any_response,83521865,100.00,,
     1.403157493,6000021,,offcore_response.all_requests.llc_hit.any_response,86129466,100.00,,
     1.403157493,57265,,offcore_response.all_requests.llc_miss.any_response,86058881,100.00,,
     1.503367284,5214516,,offcore_response.all_requests.llc_hit.any_response,75700238,100.00,,
     1.503367284,48763,,offcore_response.all_requests.llc_miss.any_response,75700238,100.00,,
     1.603581150,753127,,offcore_response.all_requests.llc_hit.any_response,14102565,100.00,,
     1.603581150,8295,,offcore_response.all_requests.llc_miss.any_response,14176433,100.00,,
     1.703810333,11918091,,offcore_response.all_requests.llc_hit.any_response,124430530,100.00,,
     1.703810333,127167,,offcore_response.all_requests.llc_miss.any_response,124389576,100.00,,
     1.804031396,5511127,,offcore_response.all_requests.llc_hit.any_response,82671545,100.00,,
     1.804031396,54527,,offcore_response.all_requests.llc_miss.any_response,82705905,100.00,,
     1.904257575,6457201,,offcore_response.all_requests.llc_hit.any_response,85488695,100.00,,
     1.904257575,59206,,offcore_response.all_requests.llc_miss.any_response,85442391,100.00,,
     2.004469072,4838025,,offcore_response.all_requests.llc_hit.any_response,69801735,100.00,,
     2.004469072,45335,,offcore_response.all_requests.llc_miss.any_response,69780765,100.00,,
     2.104689069,1202399,,offcore_response.all_requests.llc_hit.any_response,20461882,100.00,,
     2.104689069,13627,,offcore_response.all_requests.llc_miss.any_response,20539871,100.00,,
     2.204918750,11978104,,offcore_response.all_requests.llc_hit.any_response,120001809,100.00,,
     2.204918750,127589,,offcore_response.all_requests.llc_miss.any_response,119954988,100.00,,
     2.305154547,4844049,,offcore_response.all_requests.llc_hit.any_response,69611969,100.00,,
     2.305154547,46983,,offcore_response.all_requests.llc_miss.any_response,69580801,100.00,,
     2.405371408,1299229,,offcore_response.all_requests.llc_hit.any_response,21012354,100.00,,
     2.405371408,14395,,offcore_response.all_requests.llc_miss.any_response,21064189,100.00,,
     2.505589283,11922821,,offcore_response.all_requests.llc_hit.any_response,121663132,100.00,,
     2.505589283,126243,,offcore_response.all_requests.llc_miss.any_response,121643648,100.00,,
     2.605804758,4483724,,offcore_response.all_requests.llc_hit.any_response,63753134,100.00,,
     2.605804758,41284,,offcore_response.all_requests.llc_miss.any_response,63720783,100.00,,
     2.706031620,1242298,,offcore_response.all_requests.llc_hit.any_response,20637567,100.00,,
     2.706031620,13190,,offcore_response.all_requests.llc_miss.any_response,20662763,100.00,,
     2.806252995,12440904,,offcore_response.all_requests.llc_hit.any_response,130839521,100.00,,
     2.806252995,132518,,offcore_response.all_requests.llc_miss.any_response,130846888,100.00,,
     2.906470730,6070443,,offcore_response.all_requests.llc_hit.any_response,86972881,100.00,,
     2.906470730,72258,,offcore_response.all_requests.llc_miss.any_response,86993134,100.00,,
     3.006698323,5920797,,offcore_response.all_requests.llc_hit.any_response,84878428,100.00,,
     3.006698323,75027,,offcore_response.all_requests.llc_miss.any_response,84825612,100.00,,
     3.106909336,4366031,,offcore_response.all_requests.llc_hit.any_response,62154562,100.00,,
     3.106909336,55287,,offcore_response.all_requests.llc_miss.any_response,62154562,100.00,,
     3.207126736,1882492,,offcore_response.all_requests.llc_hit.any_response,26074976,100.00,,
     3.207126736,23775,,offcore_response.all_requests.llc_miss.any_response,26149774,100.00,,
     3.307381428,11776285,,offcore_response.all_requests.llc_hit.any_response,118390822,100.00,,
     3.307381428,125203,,offcore_response.all_requests.llc_miss.any_response,118347727,100.00,,
     3.407597088,4335962,,offcore_response.all_requests.llc_hit.any_response,62674163,100.00,,
     3.407597088,44378,,offcore_response.all_requests.llc_miss.any_response,62642460,100.00,,
     3.507811007,1770328,,offcore_response.all_requests.llc_hit.any_response,25412562,100.00,,
     3.507811007,21633,,offcore_response.all_requests.llc_miss.any_response,25462923,100.00,,
     3.608029424,11976490,,offcore_response.all_requests.llc_hit.any_response,120927909,100.00,,
     3.608029424,142269,,offcore_response.all_requests.llc_miss.any_response,120877548,100.00,,
     3.708240384,4453026,,offcore_response.all_requests.llc_hit.any_response,62683426,100.00,,
     3.708240384,43132,,offcore_response.all_requests.llc_miss.any_response,62683426,100.00,,
     3.808456875,1795529,,offcore_response.all_requests.llc_hit.any_response,25712559,100.00,,
     3.808456875,20594,,offcore_response.all_requests.llc_miss.any_response,25763516,100.00,,
     3.908686353,12093725,,offcore_response.all_requests.llc_hit.any_response,121291725,100.00,,
     3.908686353,137249,,offcore_response.all_requests.llc_miss.any_response,121247814,100.00,,
     4.008901390,6025442,,offcore_response.all_requests.llc_hit.any_response,87431165,100.00,,
     4.008901390,55816,,offcore_response.all_requests.llc_miss.any_response,87433691,100.00,,
     4.109117207,6026570,,offcore_response.all_requests.llc_hit.any_response,86235651,100.00,,
     4.109117207,55738,,offcore_response.all_requests.llc_miss.any_response,86257554,100.00,,
     4.209331395,4216670,,offcore_response.all_requests.llc_hit.any_response,60110829,100.00,,
     4.209331395,39415,,offcore_response.all_requests.llc_miss.any_response,60079354,100.00,,
     4.309550265,1822640,,offcore_response.all_requests.llc_hit.any_response,25680172,100.00,,
     4.309550265,20642,,offcore_response.all_requests.llc_miss.any_response,25750106,100.00,,
     4.409773373,11891482,,offcore_response.all_requests.llc_hit.any_response,119680248,100.00,,
     4.409773373,127672,,offcore_response.all_requests.llc_miss.any_response,119632850,100.00,,
     4.510011930,4281090,,offcore_response.all_requests.llc_hit.any_response,61619301,100.00,,
     4.510011930,41099,,offcore_response.all_requests.llc_miss.any_response,61596765,100.00,,
     4.610224440,1864174,,offcore_response.all_requests.llc_hit.any_response,26269975,100.00,,
     4.610224440,20716,,offcore_response.all_requests.llc_miss.any_response,26323685,100.00,,
     4.710451189,11649477,,offcore_response.all_requests.llc_hit.any_response,120861319,100.00,,
     4.710451189,126153,,offcore_response.all_requests.llc_miss.any_response,120807609,100.00,,
     4.810663773,5941930,,offcore_response.all_requests.llc_hit.any_response,84929953,100.00,,
     4.810663773,58876,,offcore_response.all_requests.llc_miss.any_response,84963323,100.00,,
     4.910881475,6031426,,offcore_response.all_requests.llc_hit.any_response,83151037,100.00,,
     4.910881475,54856,,offcore_response.all_requests.llc_miss.any_response,83135177,100.00,,
     5.011095850,6028070,,offcore_response.all_requests.llc_hit.any_response,86993328,100.00,,
     5.011095850,57638,,offcore_response.all_requests.llc_miss.any_response,86975818,100.00,,
     5.111323639,5959290,,offcore_response.all_requests.llc_hit.any_response,82546998,100.00,,
     5.111323639,55940,,offcore_response.all_requests.llc_miss.any_response,82578385,100.00,,
     5.211541290,4026162,,offcore_response.all_requests.llc_hit.any_response,57425796,100.00,,
     5.211541290,36946,,offcore_response.all_requests.llc_miss.any_response,57394409,100.00,,
     5.311759631,3684260,,offcore_response.all_requests.llc_hit.any_response,43272519,100.00,,
     5.311759631,40944,,offcore_response.all_requests.llc_miss.any_response,43326179,100.00,,
     5.411980577,10303524,,offcore_response.all_requests.llc_hit.any_response,107399986,100.00,,
     5.411980577,111009,,offcore_response.all_requests.llc_miss.any_response,107346326,100.00,,
     5.512190497,3825920,,offcore_response.all_requests.llc_hit.any_response,55205056,100.00,,
     5.512190497,36266,,offcore_response.all_requests.llc_miss.any_response,55205056,100.00,,
     5.612404050,3879830,,offcore_response.all_requests.llc_hit.any_response,45956243,100.00,,
     5.612404050,43353,,offcore_response.all_requests.llc_miss.any_response,46026734,100.00,,
     5.712632487,10382909,,offcore_response.all_requests.llc_hit.any_response,110806118,100.00,,
     5.712632487,109075,,offcore_response.all_requests.llc_miss.any_response,110767954,100.00,,
     5.812848916,3641166,,offcore_response.all_requests.llc_hit.any_response,52668726,100.00,,
     5.812848916,34178,,offcore_response.all_requests.llc_miss.any_response,52636399,100.00,,
     5.913064516,4193544,,offcore_response.all_requests.llc_hit.any_response,49318995,100.00,,
     5.913064516,46846,,offcore_response.all_requests.llc_miss.any_response,49375587,100.00,,
     6.013286979,9857670,,offcore_response.all_requests.llc_hit.any_response,108454562,100.00,,
     6.013286979,104839,,offcore_response.all_requests.llc_miss.any_response,108468501,100.00,,
     6.113507779,6138597,,offcore_response.all_requests.llc_hit.any_response,89219953,100.00,,
     6.113507779,58327,,offcore_response.all_requests.llc_miss.any_response,89172673,100.00,,
     6.213725909,5927158,,offcore_response.all_requests.llc_hit.any_response,84876690,100.00,,
     6.213725909,55174,,offcore_response.all_requests.llc_miss.any_response,84922812,100.00,,
     6.313950857,6048994,,offcore_response.all_requests.llc_hit.any_response,85139513,100.00,,
     6.313950857,61513,,offcore_response.all_requests.llc_miss.any_response,85141373,100.00,,
     6.414172227,5958257,,offcore_response.all_requests.llc_hit.any_response,83412838,100.00,,
     6.414172227,56826,,offcore_response.all_requests.llc_miss.any_response,83341605,100.00,,
     6.514381036,3127654,,offcore_response.all_requests.llc_hit.any_response,44358424,100.00,,
     6.514381036,29524,,offcore_response.all_requests.llc_miss.any_response,44358424,100.00,,
     6.614619851,5981400,,offcore_response.all_requests.llc_hit.any_response,66662566,100.00,,
     6.614619851,67487,,offcore_response.all_requests.llc_miss.any_response,66732865,100.00,,
     6.714842484,8546171,,offcore_response.all_requests.llc_hit.any_response,100292746,100.00,,
     6.714842484,89037,,offcore_response.all_requests.llc_miss.any_response,100222447,100.00,,
     6.815058295,2968446,,offcore_response.all_requests.llc_hit.any_response,43265930,100.00,,
     6.815058295,27847,,offcore_response.all_requests.llc_miss.any_response,43265930,100.00,,
     6.915304591,6203816,,offcore_response.all_requests.llc_hit.any_response,69005917,100.00,,
     6.915304591,68113,,offcore_response.all_requests.llc_miss.any_response,69076074,100.00,,
     7.015529997,8942013,,offcore_response.all_requests.llc_hit.any_response,100750596,100.00,,
     7.015529997,91904,,offcore_response.all_requests.llc_miss.any_response,100713474,100.00,,
     7.115747933,2892687,,offcore_response.all_requests.llc_hit.any_response,41979541,100.00,,
     7.115747933,27398,,offcore_response.all_requests.llc_miss.any_response,41946506,100.00,,
     7.215961903,6579183,,offcore_response.all_requests.llc_hit.any_response,70997150,100.00,,
     7.215961903,73223,,offcore_response.all_requests.llc_miss.any_response,71056776,100.00,,
     7.316179688,8686443,,offcore_response.all_requests.llc_hit.any_response,96930098,100.00,,
     7.316179688,90326,,offcore_response.all_requests.llc_miss.any_response,96870472,100.00,,
     7.416387054,5962209,,offcore_response.all_requests.llc_hit.any_response,86659155,100.00,,
     7.416387054,56143,,offcore_response.all_requests.llc_miss.any_response,86691291,100.00,,
     7.516603078,6020067,,offcore_response.all_requests.llc_hit.any_response,86936110,100.00,,
     7.516603078,56249,,offcore_response.all_requests.llc_miss.any_response,86903974,100.00,,
     7.616813910,2257952,,offcore_response.all_requests.llc_hit.any_response,32924918,100.00,,
     7.616813910,21519,,offcore_response.all_requests.llc_miss.any_response,32924918,100.00,,
     7.717025757,7263624,,offcore_response.all_requests.llc_hit.any_response,78371435,100.00,,
     7.717025757,83386,,offcore_response.all_requests.llc_miss.any_response,78439884,100.00,,
     7.817243967,8454110,,offcore_response.all_requests.llc_hit.any_response,97258101,100.00,,
     7.817243967,85633,,offcore_response.all_requests.llc_miss.any_response,97199889,100.00,,
     7.917453730,2317843,,offcore_response.all_requests.llc_hit.any_response,33742108,100.00,,
     7.917453730,22165,,offcore_response.all_requests.llc_miss.any_response,33731871,100.00,,
     8.017667687,7356303,,offcore_response.all_requests.llc_hit.any_response,78409062,100.00,,
     8.017667687,83116,,offcore_response.all_requests.llc_miss.any_response,78464505,100.00,,
     8.117888279,8271515,,offcore_response.all_requests.llc_hit.any_response,97970518,100.00,,
     8.117888279,84349,,offcore_response.all_requests.llc_miss.any_response,97930604,100.00,,
     8.218102076,2377929,,offcore_response.all_requests.llc_hit.any_response,33202889,100.00,,
     8.218102076,21673,,offcore_response.all_requests.llc_miss.any_response,33187360,100.00,,
     8.318315658,7272816,,offcore_response.all_requests.llc_hit.any_response,77759193,100.00,,
     8.318315658,82838,,offcore_response.all_requests.llc_miss.any_response,77809870,100.00,,
     8.418533945,8054679,,offcore_response.all_requests.llc_hit.any_response,94973925,100.00,,
     8.418533945,78721,,offcore_response.all_requests.llc_miss.any_response,94923248,100.00,,
     8.518741090,6123456,,offcore_response.all_requests.llc_hit.any_response,87268264,100.00,,
     8.518741090,55538,,offcore_response.all_requests.llc_miss.any_response,87288163,100.00,,
     8.618956112,5968703,,offcore_response.all_requests.llc_hit.any_response,84936791,100.00,,
     8.618956112,55701,,offcore_response.all_requests.llc_miss.any_response,84948216,100.00,,
     8.719170666,2403506,,offcore_response.all_requests.llc_hit.any_response,34384310,100.00,,
     8.719170666,22966,,offcore_response.all_requests.llc_miss.any_response,34352986,100.00,,
     8.819404666,6947951,,offcore_response.all_requests.llc_hit.any_response,78930428,100.00,,
     8.819404666,76526,,offcore_response.all_requests.llc_miss.any_response,79001142,100.00,,
     8.919628573,8945746,,offcore_response.all_requests.llc_hit.any_response,96641548,100.00,,
     8.919628573,101838,,offcore_response.all_requests.llc_miss.any_response,96587302,100.00,,
     9.019841741,2366521,,offcore_response.all_requests.llc_hit.any_response,32880999,100.00,,
     9.019841741,24085,,offcore_response.all_requests.llc_miss.any_response,32864531,100.00,,
     9.120058709,7483297,,offcore_response.all_requests.llc_hit.any_response,78422998,100.00,,
     9.120058709,93751,,offcore_response.all_requests.llc_miss.any_response,78494508,100.00,,
     9.220284028,8563421,,offcore_response.all_requests.llc_hit.any_response,95267611,100.00,,
     9.220284028,91852,,offcore_response.all_requests.llc_miss.any_response,95196101,100.00,,
     9.320499223,2380890,,offcore_response.all_requests.llc_hit.any_response,32953807,100.00,,
     9.320499223,23581,,offcore_response.all_requests.llc_miss.any_response,32953807,100.00,,
     9.420712682,7679645,,offcore_response.all_requests.llc_hit.any_response,78856423,100.00,,
     9.420712682,96798,,offcore_response.all_requests.llc_miss.any_response,78909408,100.00,,
     9.520933946,8163666,,offcore_response.all_requests.llc_hit.any_response,92325194,100.00,,
     9.520933946,87891,,offcore_response.all_requests.llc_miss.any_response,92303383,100.00,,
     9.621147462,6000420,,offcore_response.all_requests.llc_hit.any_response,84316499,100.00,,
     9.621147462,58363,,offcore_response.all_requests.llc_miss.any_response,84285325,100.00,,
     9.721361786,5944392,,offcore_response.all_requests.llc_hit.any_response,83808517,100.00,,
     9.721361786,62602,,offcore_response.all_requests.llc_miss.any_response,83877014,100.00,,
     9.821579975,6070269,,offcore_response.all_requests.llc_hit.any_response,78393494,100.00,,
     9.821579975,60763,,offcore_response.all_requests.llc_miss.any_response,78342784,100.00,,
     9.921798908,6042817,,offcore_response.all_requests.llc_hit.any_response,83444824,100.00,,
     9.921798908,61257,,offcore_response.all_requests.llc_miss.any_response,83496304,100.00,,
    10.022019534,2556907,,offcore_response.all_requests.llc_hit.any_response,36221560,100.00,,
    10.022019534,26542,,offcore_response.all_requests.llc_miss.any_response,36152293,100.00,,
    10.122234876,8415744,,offcore_response.all_requests.llc_hit.any_response,85574352,100.00,,
    10.122234876,96132,,offcore_response.all_requests.llc_miss.any_response,85629182,100.00,,
    10.222458031,7238464,,offcore_response.all_requests.llc_hit.any_response,85804294,100.00,,
    10.222458031,65734,,offcore_response.all_requests.llc_miss.any_response,85783316,100.00,,
    10.322672729,5972495,,offcore_response.all_requests.llc_hit.any_response,83809106,100.00,,
    10.322672729,56208,,offcore_response.all_requests.llc_miss.any_response,83807421,100.00,,
    10.422889355,1874493,,offcore_response.all_requests.llc_hit.any_response,26865283,100.00,,
    10.422889355,17050,,offcore_response.all_requests.llc_miss.any_response,26833116,100.00,,
    10.523105536,8746223,,offcore_response.all_requests.llc_hit.any_response,90296532,100.00,,
    10.523105536,99301,,offcore_response.all_requests.llc_miss.any_response,90371200,100.00,,
    10.623351637,7483481,,offcore_response.all_requests.llc_hit.any_response,86974233,100.00,,
    10.623351637,65050,,offcore_response.all_requests.llc_miss.any_response,86899565,100.00,,
    10.723559834,5959195,,offcore_response.all_requests.llc_hit.any_response,85088525,100.00,,
    10.723559834,55399,,offcore_response.all_requests.llc_miss.any_response,85112308,100.00,,
    10.823772458,6043011,,offcore_response.all_requests.llc_hit.any_response,83380963,100.00,,
    10.823772458,58744,,offcore_response.all_requests.llc_miss.any_response,83389593,100.00,,
    10.924007529,6066720,,offcore_response.all_requests.llc_hit.any_response,84844052,100.00,,
    10.924007529,58248,,offcore_response.all_requests.llc_miss.any_response,84842432,100.00,,
    11.024221490,1884737,,offcore_response.all_requests.llc_hit.any_response,26343646,100.00,,
    11.024221490,18059,,offcore_response.all_requests.llc_miss.any_response,26312853,100.00,,
