# started on Tue May  2 14:54:40 2023

     0.100244166,1864722,,mem_load_uops_retired.l1_miss,89686407,100.00,20.0,L1MPKI
     0.100244166,93114482,,inst_retired.any,89686407,100.00,,
     0.200492200,1861228,,mem_load_uops_retired.l1_miss,86660099,100.00,20.0,L1MPKI
     0.200492200,93119037,,inst_retired.any,86660099,100.00,,
     0.300690384,1858771,,mem_load_uops_retired.l1_miss,95388699,100.00,20.0,L1MPKI
     0.300690384,92732112,,inst_retired.any,95388699,100.00,,
     0.400896529,1870899,,mem_load_uops_retired.l1_miss,87698699,100.00,20.1,L1MPKI
     0.400896529,93729573,,inst_retired.any,87698699,100.00,,
     0.501106571,1830186,,mem_load_uops_retired.l1_miss,82742671,100.00,19.7,L1MPKI
     0.501106571,91711352,,inst_retired.any,82742671,100.00,,
     0.601313352,1873102,,mem_load_uops_retired.l1_miss,89718111,100.00,20.1,L1MPKI
     0.601313352,93527347,,inst_retired.any,89718111,100.00,,
     0.701516885,1051895,,mem_load_uops_retired.l1_miss,49410240,100.00,12.1,L1MPKI
     0.701516885,52739544,,inst_retired.any,49410240,100.00,,
     0.801723111,<not counted>,,mem_load_uops_retired.l1_miss,0,100.00,,
     0.801723111,<not counted>,,inst_retired.any,0,100.00,,
     0.901908081,948785,,mem_load_uops_retired.l1_miss,52105752,100.00,13.0,L1MPKI
     0.901908081,47153994,,inst_retired.any,52105752,100.00,,
     1.002124544,3858821,,mem_load_uops_retired.l1_miss,165937134,100.00,45.3,L1MPKI
     1.002124544,193997421,,inst_retired.any,165937134,100.00,,
     1.102333509,2373626,,mem_load_uops_retired.l1_miss,103125810,100.00,26.9,L1MPKI
     1.102333509,119969867,,inst_retired.any,103125810,100.00,,
     1.202542088,1043185,,mem_load_uops_retired.l1_miss,51752863,100.00,12.2,L1MPKI
     1.202542088,51506895,,inst_retired.any,51752863,100.00,,
     1.302755831,3824541,,mem_load_uops_retired.l1_miss,165407296,100.00,40.9,L1MPKI
     1.302755831,191975179,,inst_retired.any,165407296,100.00,,
     1.402964804,960706,,mem_load_uops_retired.l1_miss,41717250,100.00,10.6,L1MPKI
     1.402964804,48179739,,inst_retired.any,41717250,100.00,,
     1.503203245,1228598,,mem_load_uops_retired.l1_miss,60552639,100.00,13.9,L1MPKI
     1.503203245,60936140,,inst_retired.any,60552639,100.00,,
     1.603373244,3545822,,mem_load_uops_retired.l1_miss,163979796,100.00,37.8,L1MPKI
     1.603373244,177379936,,inst_retired.any,163979796,100.00,,
     1.703578257,672794,,mem_load_uops_retired.l1_miss,30399062,100.00,7.4,L1MPKI
     1.703578257,33712441,,inst_retired.any,30399062,100.00,,
     1.803790086,<not counted>,,mem_load_uops_retired.l1_miss,0,100.00,,
     1.803790086,<not counted>,,inst_retired.any,0,100.00,,
     1.903974305,<not counted>,,mem_load_uops_retired.l1_miss,0,100.00,,
     1.903974305,<not counted>,,inst_retired.any,0,100.00,,
     2.004153461,1475555,,mem_load_uops_retired.l1_miss,73078702,100.00,18.3,L1MPKI
     2.004153461,73311800,,inst_retired.any,73078702,100.00,,
     2.104367409,3819216,,mem_load_uops_retired.l1_miss,165724072,100.00,44.5,L1MPKI
     2.104367409,192221664,,inst_retired.any,165724072,100.00,,
     2.204576962,3044157,,mem_load_uops_retired.l1_miss,137712171,100.00,34.3,L1MPKI
     2.204576962,152965505,,inst_retired.any,137712171,100.00,,
     2.304789142,3806943,,mem_load_uops_retired.l1_miss,165354109,100.00,40.8,L1MPKI
     2.304789142,191367899,,inst_retired.any,165354109,100.00,,
     2.404994426,553549,,mem_load_uops_retired.l1_miss,29703644,100.00,6.1,L1MPKI
     2.404994426,27934118,,inst_retired.any,29703644,100.00,,
     2.505196802,<not counted>,,mem_load_uops_retired.l1_miss,0,100.00,,
     2.505196802,<not counted>,,inst_retired.any,0,100.00,,
     2.605381990,2103441,,mem_load_uops_retired.l1_miss,97961141,100.00,24.0,L1MPKI
     2.605381990,104858553,,inst_retired.any,97961141,100.00,,
     2.705593519,3819281,,mem_load_uops_retired.l1_miss,165925842,100.00,41.7,L1MPKI
     2.705593519,192215394,,inst_retired.any,165925842,100.00,,
     2.805794483,341444,,mem_load_uops_retired.l1_miss,14959664,100.00,3.8,L1MPKI
     2.805794483,17262965,,inst_retired.any,14959664,100.00,,
     2.905989366,<not counted>,,mem_load_uops_retired.l1_miss,0,100.00,,
     2.905989366,<not counted>,,inst_retired.any,0,100.00,,
     3.006193479,<not counted>,,mem_load_uops_retired.l1_miss,0,100.00,,
     3.006193479,<not counted>,,inst_retired.any,0,100.00,,
     3.106377722,2338929,,mem_load_uops_retired.l1_miss,109527637,100.00,27.8,L1MPKI
     3.106377722,117314683,,inst_retired.any,109527637,100.00,,
     3.206584520,3810170,,mem_load_uops_retired.l1_miss,165356898,100.00,43.6,L1MPKI
     3.206584520,192561567,,inst_retired.any,165356898,100.00,,
     3.306790913,3824264,,mem_load_uops_retired.l1_miss,165793917,100.00,42.2,L1MPKI
     3.306790913,192864787,,inst_retired.any,165793917,100.00,,
     3.406997009,3087942,,mem_load_uops_retired.l1_miss,135654898,100.00,33.4,L1MPKI
     3.406997009,155927256,,inst_retired.any,135654898,100.00,,
     3.507197176,<not counted>,,mem_load_uops_retired.l1_miss,0,100.00,,
     3.507197176,<not counted>,,inst_retired.any,0,100.00,,
     3.607380235,<not counted>,,mem_load_uops_retired.l1_miss,0,100.00,,
     3.607380235,<not counted>,,inst_retired.any,0,100.00,,
     3.707546652,3345675,,mem_load_uops_retired.l1_miss,151991412,100.00,37.4,L1MPKI
     3.707546652,167509550,,inst_retired.any,151991412,100.00,,
     3.807750907,2662043,,mem_load_uops_retired.l1_miss,116623439,100.00,29.3,L1MPKI
     3.807750907,135287292,,inst_retired.any,116623439,100.00,,
     3.907949387,<not counted>,,mem_load_uops_retired.l1_miss,0,100.00,,
     3.907949387,<not counted>,,inst_retired.any,0,100.00,,
     4.008127213,<not counted>,,mem_load_uops_retired.l1_miss,0,100.00,,
     4.008127213,<not counted>,,inst_retired.any,0,100.00,,
     4.108304207,41765,,mem_load_uops_retired.l1_miss,4299969,100.00,0.5,L1MPKI
     4.108304207,2092063,,inst_retired.any,4299969,100.00,,
     4.208517326,3665869,,mem_load_uops_retired.l1_miss,164814484,100.00,42.4,L1MPKI
     4.208517326,182762388,,inst_retired.any,164814484,100.00,,
     4.308719098,3719363,,mem_load_uops_retired.l1_miss,165666829,100.00,41.9,L1MPKI
     4.308719098,185914682,,inst_retired.any,165666829,100.00,,
     4.408927916,3809374,,mem_load_uops_retired.l1_miss,165732664,100.00,41.8,L1MPKI
     4.408927916,191179793,,inst_retired.any,165732664,100.00,,
     4.509135155,1410399,,mem_load_uops_retired.l1_miss,61698772,100.00,15.5,L1MPKI
     4.509135155,70896505,,inst_retired.any,61698772,100.00,,
     4.609342301,<not counted>,,mem_load_uops_retired.l1_miss,0,100.00,,
     4.609342301,<not counted>,,inst_retired.any,0,100.00,,
     4.709527205,1130001,,mem_load_uops_retired.l1_miss,57291786,100.00,12.8,L1MPKI
     4.709527205,56002695,,inst_retired.any,57291786,100.00,,
     4.809741951,3752605,,mem_load_uops_retired.l1_miss,165635535,100.00,41.6,L1MPKI
     4.809741951,188196296,,inst_retired.any,165635535,100.00,,
     4.909957021,950003,,mem_load_uops_retired.l1_miss,44467057,100.00,10.6,L1MPKI
     4.909957021,47842395,,inst_retired.any,44467057,100.00,,
     5.010161783,<not counted>,,mem_load_uops_retired.l1_miss,0,100.00,,
     5.010161783,<not counted>,,inst_retired.any,0,100.00,,
     5.110345133,<not counted>,,mem_load_uops_retired.l1_miss,0,100.00,,
     5.110345133,<not counted>,,inst_retired.any,0,100.00,,
     5.210528817,1537443,,mem_load_uops_retired.l1_miss,76568455,100.00,18.0,L1MPKI
     5.210528817,76207935,,inst_retired.any,76568455,100.00,,
     5.310739503,3738024,,mem_load_uops_retired.l1_miss,164916337,100.00,42.7,L1MPKI
     5.310739503,187397496,,inst_retired.any,164916337,100.00,,
     5.410947497,3831819,,mem_load_uops_retired.l1_miss,165688878,100.00,42.8,L1MPKI
     5.410947497,191840713,,inst_retired.any,165688878,100.00,,
     5.511153699,3827149,,mem_load_uops_retired.l1_miss,164506440,100.00,41.9,L1MPKI
     5.511153699,191467375,,inst_retired.any,164506440,100.00,,
     5.611377635,<not counted>,,mem_load_uops_retired.l1_miss,0,100.00,,
     5.611377635,<not counted>,,inst_retired.any,0,100.00,,
     5.711541933,<not counted>,,mem_load_uops_retired.l1_miss,0,100.00,,
     5.711541933,<not counted>,,inst_retired.any,0,100.00,,
     5.811735525,2681623,,mem_load_uops_retired.l1_miss,124606315,100.00,30.2,L1MPKI
     5.811735525,134719403,,inst_retired.any,124606315,100.00,,
     5.911949219,3237921,,mem_load_uops_retired.l1_miss,140287100,100.00,35.9,L1MPKI
     5.911949219,163061600,,inst_retired.any,140287100,100.00,,
     6.012153870,<not counted>,,mem_load_uops_retired.l1_miss,0,100.00,,
     6.012153870,<not counted>,,inst_retired.any,0,100.00,,
     6.112337885,<not counted>,,mem_load_uops_retired.l1_miss,0,100.00,,
     6.112337885,<not counted>,,inst_retired.any,0,100.00,,
     6.212521004,<not counted>,,mem_load_uops_retired.l1_miss,0,100.00,,
     6.212521004,<not counted>,,inst_retired.any,0,100.00,,
     6.312703004,3093236,,mem_load_uops_retired.l1_miss,144246072,100.00,35.6,L1MPKI
     6.312703004,153344117,,inst_retired.any,144246072,100.00,,
     6.412907576,3694237,,mem_load_uops_retired.l1_miss,164470250,100.00,41.8,L1MPKI
     6.412907576,184549149,,inst_retired.any,164470250,100.00,,
     6.513113355,3697760,,mem_load_uops_retired.l1_miss,164675991,100.00,41.1,L1MPKI
     6.513113355,184896939,,inst_retired.any,164675991,100.00,,
     6.613317077,2156275,,mem_load_uops_retired.l1_miss,95922784,100.00,23.9,L1MPKI
     6.613317077,107796838,,inst_retired.any,95922784,100.00,,
     6.713516257,<not counted>,,mem_load_uops_retired.l1_miss,0,100.00,,
     6.713516257,<not counted>,,inst_retired.any,0,100.00,,
     6.813703115,322629,,mem_load_uops_retired.l1_miss,23402959,100.00,3.7,L1MPKI
     6.813703115,15829474,,inst_retired.any,23402959,100.00,,
     6.913915703,3901640,,mem_load_uops_retired.l1_miss,166542160,100.00,43.7,L1MPKI
     6.913915703,194037253,,inst_retired.any,166542160,100.00,,
     7.014120165,1748046,,mem_load_uops_retired.l1_miss,74929264,100.00,19.6,L1MPKI
     7.014120165,87358939,,inst_retired.any,74929264,100.00,,
     7.114323892,<not counted>,,mem_load_uops_retired.l1_miss,0,100.00,,
     7.114323892,<not counted>,,inst_retired.any,0,100.00,,
     7.214506195,<not counted>,,mem_load_uops_retired.l1_miss,0,100.00,,
     7.214506195,<not counted>,,inst_retired.any,0,100.00,,
     7.314694928,816565,,mem_load_uops_retired.l1_miss,43272643,100.00,9.5,L1MPKI
     7.314694928,40105417,,inst_retired.any,43272643,100.00,,
     7.414908657,3898695,,mem_load_uops_retired.l1_miss,166560713,100.00,44.5,L1MPKI
     7.414908657,194495330,,inst_retired.any,166560713,100.00,,
     7.515117155,3905051,,mem_load_uops_retired.l1_miss,166658176,100.00,43.9,L1MPKI
     7.515117155,194589317,,inst_retired.any,166658176,100.00,,
     7.615346988,3896876,,mem_load_uops_retired.l1_miss,166424264,100.00,43.1,L1MPKI
     7.615346988,194252199,,inst_retired.any,166424264,100.00,,
     7.715554558,517658,,mem_load_uops_retired.l1_miss,22327004,100.00,5.8,L1MPKI
     7.715554558,25844636,,inst_retired.any,22327004,100.00,,
     7.815760121,<not counted>,,mem_load_uops_retired.l1_miss,0,100.00,,
     7.815760121,<not counted>,,inst_retired.any,0,100.00,,
     7.915943525,2038572,,mem_load_uops_retired.l1_miss,96516534,100.00,23.0,L1MPKI
     7.915943525,100601529,,inst_retired.any,96516534,100.00,,
     8.016155517,3877879,,mem_load_uops_retired.l1_miss,166380038,100.00,43.1,L1MPKI
     8.016155517,194156828,,inst_retired.any,166380038,100.00,,
     8.116359019,8382,,mem_load_uops_retired.l1_miss,525084,100.00,0.1,L1MPKI
     8.116359019,469391,,inst_retired.any,525084,100.00,,
     8.216562507,<not counted>,,mem_load_uops_retired.l1_miss,0,100.00,,
     8.216562507,<not counted>,,inst_retired.any,0,100.00,,
     8.316743565,<not counted>,,mem_load_uops_retired.l1_miss,0,100.00,,
     8.316743565,<not counted>,,inst_retired.any,0,100.00,,
     8.416929203,2532987,,mem_load_uops_retired.l1_miss,117581301,100.00,29.1,L1MPKI
     8.416929203,125584848,,inst_retired.any,117581301,100.00,,
     8.517142225,3907077,,mem_load_uops_retired.l1_miss,166944609,100.00,44.2,L1MPKI
     8.517142225,194236380,,inst_retired.any,166944609,100.00,,
     8.617348240,3908447,,mem_load_uops_retired.l1_miss,166753763,100.00,43.6,L1MPKI
     8.617348240,194615239,,inst_retired.any,166753763,100.00,,
     8.717569856,2616864,,mem_load_uops_retired.l1_miss,111728796,100.00,29.1,L1MPKI
     8.717569856,130292275,,inst_retired.any,111728796,100.00,,
     8.817769575,<not counted>,,mem_load_uops_retired.l1_miss,0,100.00,,
     8.817769575,<not counted>,,inst_retired.any,0,100.00,,
     8.917946949,90918,,mem_load_uops_retired.l1_miss,8680070,100.00,1.0,L1MPKI
     8.917946949,4899370,,inst_retired.any,8680070,100.00,,
     9.018162907,3774195,,mem_load_uops_retired.l1_miss,166102042,100.00,42.3,L1MPKI
     9.018162907,188227305,,inst_retired.any,166102042,100.00,,
     9.118364710,2084100,,mem_load_uops_retired.l1_miss,91205184,100.00,23.3,L1MPKI
     9.118364710,104553821,,inst_retired.any,91205184,100.00,,
     9.218565221,<not counted>,,mem_load_uops_retired.l1_miss,0,100.00,,
     9.218565221,<not counted>,,inst_retired.any,0,100.00,,
     9.318745556,<not counted>,,mem_load_uops_retired.l1_miss,0,100.00,,
     9.318745556,<not counted>,,inst_retired.any,0,100.00,,
     9.418927218,418537,,mem_load_uops_retired.l1_miss,26298734,100.00,4.8,L1MPKI
     9.418927218,20604463,,inst_retired.any,26298734,100.00,,
     9.519135311,3988779,,mem_load_uops_retired.l1_miss,166335010,100.00,45.4,L1MPKI
     9.519135311,198945571,,inst_retired.any,166335010,100.00,,
     9.619318716,3945497,,mem_load_uops_retired.l1_miss,166736500,100.00,44.3,L1MPKI
     9.619318716,197560248,,inst_retired.any,166736500,100.00,,
     9.719527044,3966366,,mem_load_uops_retired.l1_miss,166498968,100.00,44.0,L1MPKI
     9.719527044,199051259,,inst_retired.any,166498968,100.00,,
     9.819733802,763886,,mem_load_uops_retired.l1_miss,32193971,100.00,8.5,L1MPKI
     9.819733802,38296473,,inst_retired.any,32193971,100.00,,
     9.919937240,<not counted>,,mem_load_uops_retired.l1_miss,0,100.00,,
     9.919937240,<not counted>,,inst_retired.any,0,100.00,,
    10.020123065,1868330,,mem_load_uops_retired.l1_miss,85689645,100.00,21.0,L1MPKI
    10.020123065,92512143,,inst_retired.any,85689645,100.00,,
    10.120335593,4002561,,mem_load_uops_retired.l1_miss,166806889,100.00,44.5,L1MPKI
    10.120335593,200429267,,inst_retired.any,166806889,100.00,,
    10.220538661,298892,,mem_load_uops_retired.l1_miss,12762113,100.00,3.4,L1MPKI
    10.220538661,15076576,,inst_retired.any,12762113,100.00,,
    10.320742161,<not counted>,,mem_load_uops_retired.l1_miss,0,100.00,,
    10.320742161,<not counted>,,inst_retired.any,0,100.00,,
    10.420926012,<not counted>,,mem_load_uops_retired.l1_miss,0,100.00,,
    10.420926012,<not counted>,,inst_retired.any,0,100.00,,
    10.521109969,2307164,,mem_load_uops_retired.l1_miss,105742660,100.00,26.3,L1MPKI
    10.521109969,115243435,,inst_retired.any,105742660,100.00,,
    10.621327076,3964159,,mem_load_uops_retired.l1_miss,166969939,100.00,44.7,L1MPKI
    10.621327076,198350290,,inst_retired.any,166969939,100.00,,
    10.721536811,3967642,,mem_load_uops_retired.l1_miss,166714842,100.00,44.2,L1MPKI
    10.721536811,198367699,,inst_retired.any,166714842,100.00,,
    10.821745211,2767143,,mem_load_uops_retired.l1_miss,121449226,100.00,30.7,L1MPKI
    10.821745211,138315525,,inst_retired.any,121449226,100.00,,
    10.921957593,<not counted>,,mem_load_uops_retired.l1_miss,0,100.00,,
    10.921957593,<not counted>,,inst_retired.any,0,100.00,,
    11.022139586,<not counted>,,mem_load_uops_retired.l1_miss,0,100.00,,
    11.022139586,<not counted>,,inst_retired.any,0,100.00,,
