# started on Tue May  2 15:24:44 2023

     0.100146715,58072540,,inst_retired.any,51799895,100.00,134.9,IpMispredict
     0.100146715,430569,,br_misp_retired.all_branches,51799895,100.00,,
     0.200393601,58759947,,inst_retired.any,51887120,100.00,136.6,IpMispredict
     0.200393601,429590,,br_misp_retired.all_branches,51887120,100.00,,
     0.300592410,58440046,,inst_retired.any,52139604,100.00,136.0,IpMispredict
     0.300592410,429096,,br_misp_retired.all_branches,52139604,100.00,,
     0.400785954,58149049,,inst_retired.any,51695304,100.00,136.5,IpMispredict
     0.400785954,414433,,br_misp_retired.all_branches,51695304,100.00,,
     0.500977263,59106829,,inst_retired.any,52261069,100.00,138.8,IpMispredict
     0.500977263,424927,,br_misp_retired.all_branches,52261069,100.00,,
     0.601170704,57112966,,inst_retired.any,50510405,100.00,134.2,IpMispredict
     0.601170704,425022,,br_misp_retired.all_branches,50510405,100.00,,
     0.701361163,58610237,,inst_retired.any,52542152,100.00,137.8,IpMispredict
     0.701361163,422719,,br_misp_retired.all_branches,52542152,100.00,,
     0.801557063,8125513,,inst_retired.any,6943421,100.00,21.4,IpMispredict
     0.801557063,56660,,br_misp_retired.all_branches,6943421,100.00,,
     0.901746298,90690630,,inst_retired.any,73206880,100.00,223.6,IpMispredict
     0.901746298,617422,,br_misp_retired.all_branches,73206880,100.00,,
     1.001940874,75504998,,inst_retired.any,60071101,100.00,180.9,IpMispredict
     1.001940874,524359,,br_misp_retired.all_branches,60071101,100.00,,
     1.102132647,58197674,,inst_retired.any,50114084,100.00,138.9,IpMispredict
     1.102132647,432643,,br_misp_retired.all_branches,50114084,100.00,,
     1.202326475,57882609,,inst_retired.any,51334083,100.00,138.0,IpMispredict
     1.202326475,425009,,br_misp_retired.all_branches,51334083,100.00,,
     1.302524957,9891527,,inst_retired.any,8210275,100.00,25.2,IpMispredict
     1.302524957,67008,,br_misp_retired.all_branches,8210275,100.00,,
     1.402716188,91801772,,inst_retired.any,74249330,100.00,224.9,IpMispredict
     1.402716188,615428,,br_misp_retired.all_branches,74249330,100.00,,
     1.502909607,73144650,,inst_retired.any,60953287,100.00,176.5,IpMispredict
     1.502909607,500174,,br_misp_retired.all_branches,60953287,100.00,,
     1.603097106,58122776,,inst_retired.any,52194659,100.00,139.6,IpMispredict
     1.603097106,444309,,br_misp_retired.all_branches,52194659,100.00,,
     1.703292175,57574256,,inst_retired.any,48493438,100.00,137.7,IpMispredict
     1.703292175,449642,,br_misp_retired.all_branches,48493438,100.00,,
     1.803491188,58638754,,inst_retired.any,51770502,100.00,140.2,IpMispredict
     1.803491188,422172,,br_misp_retired.all_branches,51770502,100.00,,
     1.903688323,4881385,,inst_retired.any,4512413,100.00,12.2,IpMispredict
     1.903688323,42689,,br_misp_retired.all_branches,4512413,100.00,,
     2.003906274,99133419,,inst_retired.any,77706293,100.00,240.9,IpMispredict
     2.003906274,655143,,br_misp_retired.all_branches,77706293,100.00,,
     2.104099531,69353322,,inst_retired.any,57043266,100.00,167.2,IpMispredict
     2.104099531,482819,,br_misp_retired.all_branches,57043266,100.00,,
     2.204290269,58768569,,inst_retired.any,50608087,100.00,141.3,IpMispredict
     2.204290269,435112,,br_misp_retired.all_branches,50608087,100.00,,
     2.304481978,58687171,,inst_retired.any,52094257,100.00,140.9,IpMispredict
     2.304481978,429834,,br_misp_retired.all_branches,52094257,100.00,,
     2.404671323,6197405,,inst_retired.any,5030901,100.00,15.5,IpMispredict
     2.404671323,42356,,br_misp_retired.all_branches,5030901,100.00,,
     2.504862016,90793893,,inst_retired.any,75114268,100.00,221.7,IpMispredict
     2.504862016,620584,,br_misp_retired.all_branches,75114268,100.00,,
     2.605054785,79474652,,inst_retired.any,64479294,100.00,191.5,IpMispredict
     2.605054785,552699,,br_misp_retired.all_branches,64479294,100.00,,
     2.705245787,58668723,,inst_retired.any,53396722,100.00,141.2,IpMispredict
     2.705245787,425763,,br_misp_retired.all_branches,53396722,100.00,,
     2.805434647,57644810,,inst_retired.any,51485696,100.00,138.5,IpMispredict
     2.805434647,435599,,br_misp_retired.all_branches,51485696,100.00,,
     2.905653467,8463095,,inst_retired.any,7771639,100.00,21.0,IpMispredict
     2.905653467,59827,,br_misp_retired.all_branches,7771639,100.00,,
     3.005843679,96187654,,inst_retired.any,78618288,100.00,233.4,IpMispredict
     3.005843679,650641,,br_misp_retired.all_branches,78618288,100.00,,
     3.106034305,71777270,,inst_retired.any,57543025,100.00,173.1,IpMispredict
     3.106034305,492388,,br_misp_retired.all_branches,57543025,100.00,,
     3.206235889,7695090,,inst_retired.any,7149561,100.00,19.1,IpMispredict
     3.206235889,55077,,br_misp_retired.all_branches,7149561,100.00,,
     3.306428592,82367393,,inst_retired.any,74448633,100.00,201.3,IpMispredict
     3.306428592,592372,,br_misp_retired.all_branches,74448633,100.00,,
     3.406623108,93805929,,inst_retired.any,77835077,100.00,225.2,IpMispredict
     3.406623108,656813,,br_misp_retired.all_branches,77835077,100.00,,
     3.506813835,3067439,,inst_retired.any,3102442,100.00,7.6,IpMispredict
     3.506813835,21919,,br_misp_retired.all_branches,3102442,100.00,,
     3.607003979,88604613,,inst_retired.any,76822839,100.00,215.5,IpMispredict
     3.607003979,618828,,br_misp_retired.all_branches,76822839,100.00,,
     3.707201344,85171823,,inst_retired.any,64915629,100.00,205.0,IpMispredict
     3.707201344,574105,,br_misp_retired.all_branches,64915629,100.00,,
     3.807393639,58080400,,inst_retired.any,51527369,100.00,139.6,IpMispredict
     3.807393639,430191,,br_misp_retired.all_branches,51527369,100.00,,
     3.907580926,57130919,,inst_retired.any,51722602,100.00,137.2,IpMispredict
     3.907580926,430246,,br_misp_retired.all_branches,51722602,100.00,,
     4.007771719,<not counted>,,inst_retired.any,0,100.00,,
     4.007771719,<not counted>,,br_misp_retired.all_branches,0,100.00,,
     4.107952644,94261985,,inst_retired.any,81352754,100.00,228.8,IpMispredict
     4.107952644,655300,,br_misp_retired.all_branches,81352754,100.00,,
     4.208142693,81613984,,inst_retired.any,66180496,100.00,196.4,IpMispredict
     4.208142693,565868,,br_misp_retired.all_branches,66180496,100.00,,
     4.308332652,<not counted>,,inst_retired.any,0,100.00,,
     4.308332652,<not counted>,,br_misp_retired.all_branches,0,100.00,,
     4.408507401,111494516,,inst_retired.any,86546343,100.00,269.7,IpMispredict
     4.408507401,732976,,br_misp_retired.all_branches,86546343,100.00,,
     4.508703535,62177731,,inst_retired.any,53614718,100.00,150.1,IpMispredict
     4.508703535,452729,,br_misp_retired.all_branches,53614718,100.00,,
     4.608892117,<not counted>,,inst_retired.any,0,100.00,,
     4.608892117,<not counted>,,br_misp_retired.all_branches,0,100.00,,
     4.709072146,105859313,,inst_retired.any,85046444,100.00,256.9,IpMispredict
     4.709072146,723786,,br_misp_retired.all_branches,85046444,100.00,,
     4.809266252,73920141,,inst_retired.any,62680971,100.00,178.5,IpMispredict
     4.809266252,515547,,br_misp_retired.all_branches,62680971,100.00,,
     4.909479568,58351454,,inst_retired.any,50196630,100.00,140.8,IpMispredict
     4.909479568,424131,,br_misp_retired.all_branches,50196630,100.00,,
     5.009681378,52457746,,inst_retired.any,46768887,100.00,126.8,IpMispredict
     5.009681378,379713,,br_misp_retired.all_branches,46768887,100.00,,
     5.109870024,<not counted>,,inst_retired.any,0,100.00,,
     5.109870024,<not counted>,,br_misp_retired.all_branches,0,100.00,,
     5.210046147,107965998,,inst_retired.any,88412821,100.00,262.0,IpMispredict
     5.210046147,744653,,br_misp_retired.all_branches,88412821,100.00,,
     5.310236186,70842494,,inst_retired.any,57582630,100.00,171.3,IpMispredict
     5.310236186,493266,,br_misp_retired.all_branches,57582630,100.00,,
     5.410432133,61969410,,inst_retired.any,55703463,100.00,149.4,IpMispredict
     5.410432133,474626,,br_misp_retired.all_branches,55703463,100.00,,
     5.510629439,56262634,,inst_retired.any,48889421,100.00,135.5,IpMispredict
     5.510629439,439753,,br_misp_retired.all_branches,48889421,100.00,,
     5.610836715,<not counted>,,inst_retired.any,0,100.00,,
     5.610836715,<not counted>,,br_misp_retired.all_branches,0,100.00,,
     5.711012420,118083201,,inst_retired.any,93072634,100.00,284.9,IpMispredict
     5.711012420,788304,,br_misp_retired.all_branches,93072634,100.00,,
     5.811206977,58216762,,inst_retired.any,50414716,100.00,140.4,IpMispredict
     5.811206977,425828,,br_misp_retired.all_branches,50414716,100.00,,
     5.911396047,58110502,,inst_retired.any,50147157,100.00,140.0,IpMispredict
     5.911396047,441314,,br_misp_retired.all_branches,50147157,100.00,,
     6.011586424,58172610,,inst_retired.any,52468470,100.00,139.9,IpMispredict
     6.011586424,446657,,br_misp_retired.all_branches,52468470,100.00,,
     6.111775063,44805990,,inst_retired.any,38268480,100.00,108.2,IpMispredict
     6.111775063,322115,,br_misp_retired.all_branches,38268480,100.00,,
     6.211963656,6093646,,inst_retired.any,7827441,100.00,14.9,IpMispredict
     6.211963656,58978,,br_misp_retired.all_branches,7827441,100.00,,
     6.312159215,104044302,,inst_retired.any,88498641,100.00,251.6,IpMispredict
     6.312159215,731504,,br_misp_retired.all_branches,88498641,100.00,,
     6.412353747,83854887,,inst_retired.any,68148919,100.00,201.4,IpMispredict
     6.412353747,591094,,br_misp_retired.all_branches,68148919,100.00,,
     6.512544982,57675645,,inst_retired.any,49846271,100.00,138.5,IpMispredict
     6.512544982,417687,,br_misp_retired.all_branches,49846271,100.00,,
     6.612736993,44412371,,inst_retired.any,39731919,100.00,107.1,IpMispredict
     6.612736993,318392,,br_misp_retired.all_branches,39731919,100.00,,
     6.712923402,7254987,,inst_retired.any,10537709,100.00,17.7,IpMispredict
     6.712923402,64341,,br_misp_retired.all_branches,10537709,100.00,,
     6.813117629,121334180,,inst_retired.any,91209990,100.00,292.2,IpMispredict
     6.813117629,791882,,br_misp_retired.all_branches,91209990,100.00,,
     6.913333619,58868356,,inst_retired.any,51858840,100.00,141.8,IpMispredict
     6.913333619,409515,,br_misp_retired.all_branches,51858840,100.00,,
     7.013539337,58096163,,inst_retired.any,50822187,100.00,139.8,IpMispredict
     7.013539337,436225,,br_misp_retired.all_branches,50822187,100.00,,
     7.113725567,47019828,,inst_retired.any,43169137,100.00,113.3,IpMispredict
     7.113725567,370089,,br_misp_retired.all_branches,43169137,100.00,,
     7.213915569,9869139,,inst_retired.any,12433599,100.00,24.0,IpMispredict
     7.213915569,93850,,br_misp_retired.all_branches,12433599,100.00,,
     7.314109868,118593051,,inst_retired.any,89340514,100.00,285.4,IpMispredict
     7.314109868,784672,,br_misp_retired.all_branches,89340514,100.00,,
     7.414303639,58391809,,inst_retired.any,52246530,100.00,140.5,IpMispredict
     7.414303639,431401,,br_misp_retired.all_branches,52246530,100.00,,
     7.514490812,45363675,,inst_retired.any,38266575,100.00,109.4,IpMispredict
     7.514490812,326580,,br_misp_retired.all_branches,38266575,100.00,,
     7.614676695,<not counted>,,inst_retired.any,0,100.00,,
     7.614676695,<not counted>,,br_misp_retired.all_branches,0,100.00,,
     7.714868758,12531726,,inst_retired.any,15149382,100.00,30.9,IpMispredict
     7.714868758,96272,,br_misp_retired.all_branches,15149382,100.00,,
     7.815068941,137846943,,inst_retired.any,98261883,100.00,335.2,IpMispredict
     7.815068941,890205,,br_misp_retired.all_branches,98261883,100.00,,
     7.915270497,93007627,,inst_retired.any,71709980,100.00,224.7,IpMispredict
     7.915270497,627230,,br_misp_retired.all_branches,71709980,100.00,,
     8.015467575,57849086,,inst_retired.any,51043717,100.00,139.6,IpMispredict
     8.015467575,439466,,br_misp_retired.all_branches,51043717,100.00,,
     8.115666128,59066976,,inst_retired.any,51433701,100.00,142.4,IpMispredict
     8.115666128,448663,,br_misp_retired.all_branches,51433701,100.00,,
     8.215908642,58968350,,inst_retired.any,51384436,100.00,142.1,IpMispredict
     8.215908642,430836,,br_misp_retired.all_branches,51384436,100.00,,
     8.316107835,57730917,,inst_retired.any,51391736,100.00,139.0,IpMispredict
     8.316107835,444019,,br_misp_retired.all_branches,51391736,100.00,,
     8.416332318,58476778,,inst_retired.any,53484379,100.00,140.8,IpMispredict
     8.416332318,419637,,br_misp_retired.all_branches,53484379,100.00,,
     8.516524769,57706266,,inst_retired.any,51391003,100.00,138.9,IpMispredict
     8.516524769,423709,,br_misp_retired.all_branches,51391003,100.00,,
     8.616711186,43633041,,inst_retired.any,37596995,100.00,105.4,IpMispredict
     8.616711186,304954,,br_misp_retired.all_branches,37596995,100.00,,
     8.716908326,12525115,,inst_retired.any,15103697,100.00,30.5,IpMispredict
     8.716908326,99965,,br_misp_retired.all_branches,15103697,100.00,,
     8.817103200,121088137,,inst_retired.any,92877290,100.00,291.7,IpMispredict
     8.817103200,811162,,br_misp_retired.all_branches,92877290,100.00,,
     8.917292557,43459598,,inst_retired.any,37074543,100.00,105.0,IpMispredict
     8.917292557,318698,,br_misp_retired.all_branches,37074543,100.00,,
     9.017489926,15788665,,inst_retired.any,18307201,100.00,38.4,IpMispredict
     9.017489926,119339,,br_misp_retired.all_branches,18307201,100.00,,
     9.117685181,114716759,,inst_retired.any,85034132,100.00,276.8,IpMispredict
     9.117685181,751888,,br_misp_retired.all_branches,85034132,100.00,,
     9.217875434,58789981,,inst_retired.any,51752062,100.00,141.8,IpMispredict
     9.217875434,430988,,br_misp_retired.all_branches,51752062,100.00,,
     9.318064113,41744773,,inst_retired.any,37694198,100.00,100.9,IpMispredict
     9.318064113,315703,,br_misp_retired.all_branches,37694198,100.00,,
     9.418252588,18868267,,inst_retired.any,20532012,100.00,45.9,IpMispredict
     9.418252588,141056,,br_misp_retired.all_branches,20532012,100.00,,
     9.518459543,113937560,,inst_retired.any,84711478,100.00,275.0,IpMispredict
     9.518459543,761487,,br_misp_retired.all_branches,84711478,100.00,,
     9.618652124,58041014,,inst_retired.any,51562231,100.00,140.1,IpMispredict
     9.618652124,417138,,br_misp_retired.all_branches,51562231,100.00,,
     9.718849434,58944785,,inst_retired.any,54684683,100.00,142.2,IpMispredict
     9.718849434,432707,,br_misp_retired.all_branches,54684683,100.00,,
     9.819039339,57929946,,inst_retired.any,50811234,100.00,139.7,IpMispredict
     9.819039339,428201,,br_misp_retired.all_branches,50811234,100.00,,
     9.919246375,57968283,,inst_retired.any,51144128,100.00,139.8,IpMispredict
     9.919246375,419671,,br_misp_retired.all_branches,51144128,100.00,,
    10.019438591,35388320,,inst_retired.any,28873375,100.00,85.6,IpMispredict
    10.019438591,264040,,br_misp_retired.all_branches,28873375,100.00,,
    10.119630215,25296787,,inst_retired.any,23651906,100.00,61.5,IpMispredict
    10.119630215,197729,,br_misp_retired.all_branches,23651906,100.00,,
    10.219847915,117240547,,inst_retired.any,85733349,100.00,282.4,IpMispredict
    10.219847915,817930,,br_misp_retired.all_branches,85733349,100.00,,
    10.320038491,57704173,,inst_retired.any,47947016,100.00,138.9,IpMispredict
    10.320038491,450866,,br_misp_retired.all_branches,47947016,100.00,,
    10.420239592,57682932,,inst_retired.any,49891970,100.00,138.7,IpMispredict
    10.420239592,445818,,br_misp_retired.all_branches,49891970,100.00,,
    10.520436657,57658647,,inst_retired.any,46159764,100.00,138.6,IpMispredict
    10.520436657,435904,,br_misp_retired.all_branches,46159764,100.00,,
    10.620625714,57550935,,inst_retired.any,50288895,100.00,138.3,IpMispredict
    10.620625714,442597,,br_misp_retired.all_branches,50288895,100.00,,
    10.720818577,57710225,,inst_retired.any,47241278,100.00,138.6,IpMispredict
    10.720818577,433681,,br_misp_retired.all_branches,47241278,100.00,,
    10.821011549,58168450,,inst_retired.any,47072445,100.00,139.6,IpMispredict
    10.821011549,453831,,br_misp_retired.all_branches,47072445,100.00,,
    10.921209293,57567896,,inst_retired.any,48298333,100.00,138.1,IpMispredict
    10.921209293,419618,,br_misp_retired.all_branches,48298333,100.00,,
    11.021404340,58128546,,inst_retired.any,47623457,100.00,139.4,IpMispredict
    11.021404340,454186,,br_misp_retired.all_branches,47623457,100.00,,
