# started on Tue May  2 15:24:04 2023

     0.100145360,1159236,,mem_load_uops_retired.l1_miss,50900168,100.00,20.2,L1MPKI
     0.100145360,57334237,,inst_retired.any,50900168,100.00,,
     0.200413669,1179933,,mem_load_uops_retired.l1_miss,48805058,100.00,20.4,L1MPKI
     0.200413669,58487258,,inst_retired.any,48805058,100.00,,
     0.300601741,1174427,,mem_load_uops_retired.l1_miss,49858515,100.00,20.2,L1MPKI
     0.300601741,58202222,,inst_retired.any,49858515,100.00,,
     0.400796680,1158380,,mem_load_uops_retired.l1_miss,49508976,100.00,20.0,L1MPKI
     0.400796680,57609946,,inst_retired.any,49508976,100.00,,
     0.500986930,1187636,,mem_load_uops_retired.l1_miss,52586715,100.00,20.5,L1MPKI
     0.500986930,58705288,,inst_retired.any,52586715,100.00,,
     0.601172638,1168564,,mem_load_uops_retired.l1_miss,50491579,100.00,20.1,L1MPKI
     0.601172638,57900846,,inst_retired.any,50491579,100.00,,
     0.701373727,1167730,,mem_load_uops_retired.l1_miss,51595283,100.00,20.1,L1MPKI
     0.701373727,57749841,,inst_retired.any,51595283,100.00,,
     0.801563389,67587,,mem_load_uops_retired.l1_miss,2866695,100.00,1.3,L1MPKI
     0.801563389,3425269,,inst_retired.any,2866695,100.00,,
     0.901757017,1854104,,mem_load_uops_retired.l1_miss,80081602,100.00,33.5,L1MPKI
     0.901757017,89358792,,inst_retired.any,80081602,100.00,,
     1.001972813,1741682,,mem_load_uops_retired.l1_miss,67922673,100.00,29.7,L1MPKI
     1.001972813,86745629,,inst_retired.any,67922673,100.00,,
     1.102162122,1162446,,mem_load_uops_retired.l1_miss,50781335,100.00,19.9,L1MPKI
     1.102162122,57519653,,inst_retired.any,50781335,100.00,,
     1.202354235,53865,,mem_load_uops_retired.l1_miss,2176549,100.00,1.0,L1MPKI
     1.202354235,2711650,,inst_retired.any,2176549,100.00,,
     1.302540451,2263343,,mem_load_uops_retired.l1_miss,87149752,100.00,38.8,L1MPKI
     1.302540451,113072715,,inst_retired.any,87149752,100.00,,
     1.402734321,1181722,,mem_load_uops_retired.l1_miss,50243924,100.00,20.2,L1MPKI
     1.402734321,58309678,,inst_retired.any,50243924,100.00,,
     1.502923208,1172569,,mem_load_uops_retired.l1_miss,50916067,100.00,20.1,L1MPKI
     1.502923208,57857040,,inst_retired.any,50916067,100.00,,
     1.603114672,1156602,,mem_load_uops_retired.l1_miss,48759539,100.00,19.8,L1MPKI
     1.603114672,57526485,,inst_retired.any,48759539,100.00,,
     1.703311315,1194476,,mem_load_uops_retired.l1_miss,52729298,100.00,20.5,L1MPKI
     1.703311315,58909188,,inst_retired.any,52729298,100.00,,
     1.803499330,47315,,mem_load_uops_retired.l1_miss,1873655,100.00,0.9,L1MPKI
     1.803499330,2399593,,inst_retired.any,1873655,100.00,,
     1.903690682,2285141,,mem_load_uops_retired.l1_miss,89699633,100.00,39.2,L1MPKI
     1.903690682,113510508,,inst_retired.any,89699633,100.00,,
     2.003880489,1161975,,mem_load_uops_retired.l1_miss,49710094,100.00,20.0,L1MPKI
     2.003880489,57511354,,inst_retired.any,49710094,100.00,,
     2.104070726,1182547,,mem_load_uops_retired.l1_miss,50784621,100.00,20.3,L1MPKI
     2.104070726,59063181,,inst_retired.any,50784621,100.00,,
     2.204256195,1131930,,mem_load_uops_retired.l1_miss,50036685,100.00,19.5,L1MPKI
     2.204256195,56197975,,inst_retired.any,50036685,100.00,,
     2.304445365,<not counted>,,mem_load_uops_retired.l1_miss,0,100.00,,
     2.304445365,<not counted>,,inst_retired.any,0,100.00,,
     2.404617868,2343054,,mem_load_uops_retired.l1_miss,89896256,100.00,40.3,L1MPKI
     2.404617868,115795985,,inst_retired.any,89896256,100.00,,
     2.504811205,1262994,,mem_load_uops_retired.l1_miss,51368621,100.00,21.6,L1MPKI
     2.504811205,62711532,,inst_retired.any,51368621,100.00,,
     2.605009645,1172266,,mem_load_uops_retired.l1_miss,53718046,100.00,20.1,L1MPKI
     2.605009645,58038570,,inst_retired.any,53718046,100.00,,
     2.705208726,1194717,,mem_load_uops_retired.l1_miss,52923662,100.00,20.5,L1MPKI
     2.705208726,59616744,,inst_retired.any,52923662,100.00,,
     2.805396872,1084259,,mem_load_uops_retired.l1_miss,47780115,100.00,18.6,L1MPKI
     2.805396872,54205263,,inst_retired.any,47780115,100.00,,
     2.905603333,<not counted>,,mem_load_uops_retired.l1_miss,0,100.00,,
     2.905603333,<not counted>,,inst_retired.any,0,100.00,,
     3.005777049,2231498,,mem_load_uops_retired.l1_miss,89753851,100.00,38.5,L1MPKI
     3.005777049,109939621,,inst_retired.any,89753851,100.00,,
     3.105966521,1384770,,mem_load_uops_retired.l1_miss,57045804,100.00,23.7,L1MPKI
     3.105966521,68822387,,inst_retired.any,57045804,100.00,,
     3.206155321,1169237,,mem_load_uops_retired.l1_miss,51129469,100.00,20.0,L1MPKI
     3.206155321,57858819,,inst_retired.any,51129469,100.00,,
     3.306345084,1081484,,mem_load_uops_retired.l1_miss,46512257,100.00,18.6,L1MPKI
     3.306345084,53636969,,inst_retired.any,46512257,100.00,,
     3.406530190,<not counted>,,mem_load_uops_retired.l1_miss,0,100.00,,
     3.406530190,<not counted>,,inst_retired.any,0,100.00,,
     3.506719134,2211767,,mem_load_uops_retired.l1_miss,91175115,100.00,38.1,L1MPKI
     3.506719134,108457988,,inst_retired.any,91175115,100.00,,
     3.606912696,1465455,,mem_load_uops_retired.l1_miss,58079734,100.00,25.1,L1MPKI
     3.606912696,73167521,,inst_retired.any,58079734,100.00,,
     3.707107526,1147426,,mem_load_uops_retired.l1_miss,49744120,100.00,19.7,L1MPKI
     3.707107526,56841541,,inst_retired.any,49744120,100.00,,
     3.807295763,<not counted>,,mem_load_uops_retired.l1_miss,0,100.00,,
     3.807295763,<not counted>,,inst_retired.any,0,100.00,,
     3.907464136,<not counted>,,mem_load_uops_retired.l1_miss,0,100.00,,
     3.907464136,<not counted>,,inst_retired.any,0,100.00,,
     4.007635714,2375771,,mem_load_uops_retired.l1_miss,93484224,100.00,41.7,L1MPKI
     4.007635714,117388285,,inst_retired.any,93484224,100.00,,
     4.107826071,2303067,,mem_load_uops_retired.l1_miss,84379813,100.00,39.5,L1MPKI
     4.107826071,115296096,,inst_retired.any,84379813,100.00,,
     4.208021654,1164803,,mem_load_uops_retired.l1_miss,52210069,100.00,20.0,L1MPKI
     4.208021654,57699906,,inst_retired.any,52210069,100.00,,
     4.308246074,1166080,,mem_load_uops_retired.l1_miss,50701725,100.00,20.0,L1MPKI
     4.308246074,57875581,,inst_retired.any,50701725,100.00,,
     4.408437590,1107615,,mem_load_uops_retired.l1_miss,49141621,100.00,19.0,L1MPKI
     4.408437590,54916460,,inst_retired.any,49141621,100.00,,
     4.508632853,1248928,,mem_load_uops_retired.l1_miss,55429769,100.00,21.4,L1MPKI
     4.508632853,61897890,,inst_retired.any,55429769,100.00,,
     4.608834347,1178410,,mem_load_uops_retired.l1_miss,51607018,100.00,20.2,L1MPKI
     4.608834347,58426483,,inst_retired.any,51607018,100.00,,
     4.709026168,1163193,,mem_load_uops_retired.l1_miss,49681203,100.00,20.0,L1MPKI
     4.709026168,57563244,,inst_retired.any,49681203,100.00,,
     4.809219836,1070408,,mem_load_uops_retired.l1_miss,44358248,100.00,18.4,L1MPKI
     4.809219836,53145440,,inst_retired.any,44358248,100.00,,
     4.909411581,<not counted>,,mem_load_uops_retired.l1_miss,0,100.00,,
     4.909411581,<not counted>,,inst_retired.any,0,100.00,,
     5.009589850,2305737,,mem_load_uops_retired.l1_miss,93229555,100.00,39.7,L1MPKI
     5.009589850,112998041,,inst_retired.any,93229555,100.00,,
     5.109781518,1427039,,mem_load_uops_retired.l1_miss,58015786,100.00,24.4,L1MPKI
     5.109781518,70498412,,inst_retired.any,58015786,100.00,,
     5.209969172,1052286,,mem_load_uops_retired.l1_miss,46647254,100.00,18.1,L1MPKI
     5.209969172,52061042,,inst_retired.any,46647254,100.00,,
     5.310157531,54986,,mem_load_uops_retired.l1_miss,4001121,100.00,1.0,L1MPKI
     5.310157531,2589336,,inst_retired.any,4001121,100.00,,
     5.410361394,2417566,,mem_load_uops_retired.l1_miss,93387992,100.00,41.4,L1MPKI
     5.410361394,119944675,,inst_retired.any,93387992,100.00,,
     5.510554123,1178853,,mem_load_uops_retired.l1_miss,50451142,100.00,20.2,L1MPKI
     5.510554123,58408598,,inst_retired.any,50451142,100.00,,
     5.610744298,1184299,,mem_load_uops_retired.l1_miss,51368436,100.00,20.3,L1MPKI
     5.610744298,58626953,,inst_retired.any,51368436,100.00,,
     5.710935246,1172464,,mem_load_uops_retired.l1_miss,49866632,100.00,20.1,L1MPKI
     5.710935246,58204428,,inst_retired.any,49866632,100.00,,
     5.811153315,1017162,,mem_load_uops_retired.l1_miss,46196140,100.00,17.5,L1MPKI
     5.811153315,50264594,,inst_retired.any,46196140,100.00,,
     5.911344610,118345,,mem_load_uops_retired.l1_miss,8742673,100.00,2.1,L1MPKI
     5.911344610,5658168,,inst_retired.any,8742673,100.00,,
     6.011538217,2336208,,mem_load_uops_retired.l1_miss,91970001,100.00,40.1,L1MPKI
     6.011538217,114228394,,inst_retired.any,91970001,100.00,,
     6.111749549,1318929,,mem_load_uops_retired.l1_miss,54396788,100.00,22.6,L1MPKI
     6.111749549,65618057,,inst_retired.any,54396788,100.00,,
     6.211942093,1002848,,mem_load_uops_retired.l1_miss,42242924,100.00,17.2,L1MPKI
     6.211942093,49565350,,inst_retired.any,42242924,100.00,,
     6.312129152,123941,,mem_load_uops_retired.l1_miss,8464211,100.00,2.2,L1MPKI
     6.312129152,5928712,,inst_retired.any,8464211,100.00,,
     6.412328223,2449230,,mem_load_uops_retired.l1_miss,93461267,100.00,41.9,L1MPKI
     6.412328223,121089209,,inst_retired.any,93461267,100.00,,
     6.512524411,1007482,,mem_load_uops_retired.l1_miss,42685378,100.00,17.3,L1MPKI
     6.512524411,50112236,,inst_retired.any,42685378,100.00,,
     6.612710753,119556,,mem_load_uops_retired.l1_miss,8281182,100.00,2.1,L1MPKI
     6.612710753,5733424,,inst_retired.any,8281182,100.00,,
     6.712911812,2380491,,mem_load_uops_retired.l1_miss,89939790,100.00,40.8,L1MPKI
     6.712911812,118473275,,inst_retired.any,89939790,100.00,,
     6.813101805,1174063,,mem_load_uops_retired.l1_miss,52649493,100.00,20.1,L1MPKI
     6.813101805,58130716,,inst_retired.any,52649493,100.00,,
     6.913291458,894544,,mem_load_uops_retired.l1_miss,38263788,100.00,15.4,L1MPKI
     6.913291458,44600229,,inst_retired.any,38263788,100.00,,
     7.013493386,140313,,mem_load_uops_retired.l1_miss,10270304,100.00,2.4,L1MPKI
     7.013493386,6725566,,inst_retired.any,10270304,100.00,,
     7.113689122,2467035,,mem_load_uops_retired.l1_miss,91137152,100.00,42.2,L1MPKI
     7.113689122,123252703,,inst_retired.any,91137152,100.00,,
     7.213877761,1168272,,mem_load_uops_retired.l1_miss,51477403,100.00,20.0,L1MPKI
     7.213877761,57802017,,inst_retired.any,51477403,100.00,,
     7.314074758,1131017,,mem_load_uops_retired.l1_miss,50002129,100.00,19.4,L1MPKI
     7.314074758,56106749,,inst_retired.any,50002129,100.00,,
     7.414270779,1208445,,mem_load_uops_retired.l1_miss,53460473,100.00,20.7,L1MPKI
     7.414270779,59503312,,inst_retired.any,53460473,100.00,,
     7.514461678,1184573,,mem_load_uops_retired.l1_miss,51579106,100.00,20.3,L1MPKI
     7.514461678,58551520,,inst_retired.any,51579106,100.00,,
     7.614655820,1131833,,mem_load_uops_retired.l1_miss,48292323,100.00,19.4,L1MPKI
     7.614655820,56240420,,inst_retired.any,48292323,100.00,,
     7.714851982,1192737,,mem_load_uops_retired.l1_miss,51764754,100.00,20.4,L1MPKI
     7.714851982,59094327,,inst_retired.any,51764754,100.00,,
     7.815043261,916125,,mem_load_uops_retired.l1_miss,40966553,100.00,15.7,L1MPKI
     7.815043261,45302924,,inst_retired.any,40966553,100.00,,
     7.915230823,<not counted>,,mem_load_uops_retired.l1_miss,0,100.00,,
     7.915230823,<not counted>,,inst_retired.any,0,100.00,,
     8.015402108,241418,,mem_load_uops_retired.l1_miss,14399917,100.00,4.2,L1MPKI
     8.015402108,11610149,,inst_retired.any,14399917,100.00,,
     8.115601219,2547946,,mem_load_uops_retired.l1_miss,94988067,100.00,44.1,L1MPKI
     8.115601219,126248512,,inst_retired.any,94988067,100.00,,
     8.215799879,2170083,,mem_load_uops_retired.l1_miss,79772767,100.00,37.2,L1MPKI
     8.215799879,108632513,,inst_retired.any,79772767,100.00,,
     8.315989959,1174188,,mem_load_uops_retired.l1_miss,49900505,100.00,20.1,L1MPKI
     8.315989959,58054873,,inst_retired.any,49900505,100.00,,
     8.416178734,1165475,,mem_load_uops_retired.l1_miss,50431352,100.00,20.0,L1MPKI
     8.416178734,57679793,,inst_retired.any,50431352,100.00,,
     8.516372533,1166919,,mem_load_uops_retired.l1_miss,50781178,100.00,20.0,L1MPKI
     8.516372533,58202740,,inst_retired.any,50781178,100.00,,
     8.616584950,1159378,,mem_load_uops_retired.l1_miss,50178593,100.00,19.9,L1MPKI
     8.616584950,57571136,,inst_retired.any,50178593,100.00,,
     8.716790972,1183172,,mem_load_uops_retired.l1_miss,50231449,100.00,20.3,L1MPKI
     8.716790972,58655082,,inst_retired.any,50231449,100.00,,
     8.816984974,1166923,,mem_load_uops_retired.l1_miss,52568050,100.00,20.0,L1MPKI
     8.816984974,57739089,,inst_retired.any,52568050,100.00,,
     8.917174355,863995,,mem_load_uops_retired.l1_miss,37775782,100.00,14.9,L1MPKI
     8.917174355,42832525,,inst_retired.any,37775782,100.00,,
     9.017363126,257438,,mem_load_uops_retired.l1_miss,14952499,100.00,4.5,L1MPKI
     9.017363126,12404786,,inst_retired.any,14952499,100.00,,
     9.117566112,2436795,,mem_load_uops_retired.l1_miss,92993233,100.00,41.8,L1MPKI
     9.117566112,120119153,,inst_retired.any,92993233,100.00,,
     9.217762774,1206439,,mem_load_uops_retired.l1_miss,49759024,100.00,20.7,L1MPKI
     9.217762774,59701752,,inst_retired.any,49759024,100.00,,
     9.317961227,859988,,mem_load_uops_retired.l1_miss,39603033,100.00,14.8,L1MPKI
     9.317961227,42664036,,inst_retired.any,39603033,100.00,,
     9.418159236,337120,,mem_load_uops_retired.l1_miss,17694812,100.00,5.8,L1MPKI
     9.418159236,16223031,,inst_retired.any,17694812,100.00,,
     9.518347766,2356065,,mem_load_uops_retired.l1_miss,88186248,100.00,40.4,L1MPKI
     9.518347766,116760739,,inst_retired.any,88186248,100.00,,
     9.618538428,1167166,,mem_load_uops_retired.l1_miss,49909765,100.00,20.0,L1MPKI
     9.618538428,57784412,,inst_retired.any,49909765,100.00,,
     9.718736680,1175975,,mem_load_uops_retired.l1_miss,51286125,100.00,20.2,L1MPKI
     9.718736680,57951453,,inst_retired.any,51286125,100.00,,
     9.818922279,827975,,mem_load_uops_retired.l1_miss,35673606,100.00,14.2,L1MPKI
     9.818922279,40860844,,inst_retired.any,35673606,100.00,,
     9.919107157,<not counted>,,mem_load_uops_retired.l1_miss,0,100.00,,
     9.919107157,<not counted>,,inst_retired.any,0,100.00,,
    10.019284970,470159,,mem_load_uops_retired.l1_miss,22863288,100.00,8.2,L1MPKI
    10.019284970,22798242,,inst_retired.any,22863288,100.00,,
    10.119490816,2385723,,mem_load_uops_retired.l1_miss,92765650,100.00,41.3,L1MPKI
    10.119490816,117564279,,inst_retired.any,92765650,100.00,,
    10.219697722,2233960,,mem_load_uops_retired.l1_miss,84455126,100.00,38.3,L1MPKI
    10.219697722,112232534,,inst_retired.any,84455126,100.00,,
    10.319899650,1158187,,mem_load_uops_retired.l1_miss,48226138,100.00,19.8,L1MPKI
    10.319899650,57542967,,inst_retired.any,48226138,100.00,,
    10.420108148,1155548,,mem_load_uops_retired.l1_miss,51254383,100.00,19.8,L1MPKI
    10.420108148,57647670,,inst_retired.any,51254383,100.00,,
    10.520301641,1193255,,mem_load_uops_retired.l1_miss,54656965,100.00,20.4,L1MPKI
    10.520301641,58863940,,inst_retired.any,54656965,100.00,,
    10.620504656,1170265,,mem_load_uops_retired.l1_miss,49414952,100.00,20.1,L1MPKI
    10.620504656,57989939,,inst_retired.any,49414952,100.00,,
    10.720702983,1183351,,mem_load_uops_retired.l1_miss,51493993,100.00,20.3,L1MPKI
    10.720702983,58777950,,inst_retired.any,51493993,100.00,,
    10.820899752,1162502,,mem_load_uops_retired.l1_miss,50545950,100.00,19.9,L1MPKI
    10.820899752,57516345,,inst_retired.any,50545950,100.00,,
    10.921097015,747683,,mem_load_uops_retired.l1_miss,31861561,100.00,12.9,L1MPKI
    10.921097015,37237568,,inst_retired.any,31861561,100.00,,
    11.021285973,458053,,mem_load_uops_retired.l1_miss,23494558,100.00,7.9,L1MPKI
    11.021285973,22097831,,inst_retired.any,23494558,100.00,,
