# started on Tue May  2 15:24:17 2023

     0.100164488,1749317,,mem_load_uops_retired.l1_miss,70000503,100.00,20.0,L1MPKI
     0.100164488,87641947,,inst_retired.any,70000503,100.00,,
     0.200443762,1732352,,mem_load_uops_retired.l1_miss,67971927,100.00,19.9,L1MPKI
     0.200443762,86477533,,inst_retired.any,67971927,100.00,,
     0.300643238,1723955,,mem_load_uops_retired.l1_miss,66733380,100.00,19.8,L1MPKI
     0.300643238,86548691,,inst_retired.any,66733380,100.00,,
     0.400841804,1727254,,mem_load_uops_retired.l1_miss,69591876,100.00,19.9,L1MPKI
     0.400841804,86385449,,inst_retired.any,69591876,100.00,,
     0.501038477,1723014,,mem_load_uops_retired.l1_miss,68819432,100.00,19.9,L1MPKI
     0.501038477,86437349,,inst_retired.any,68819432,100.00,,
     0.601240487,732755,,mem_load_uops_retired.l1_miss,29066165,100.00,9.4,L1MPKI
     0.601240487,36686793,,inst_retired.any,29066165,100.00,,
     0.701434059,<not counted>,,mem_load_uops_retired.l1_miss,0,100.00,,
     0.701434059,<not counted>,,inst_retired.any,0,100.00,,
     0.801607995,<not counted>,,mem_load_uops_retired.l1_miss,0,100.00,,
     0.801607995,<not counted>,,inst_retired.any,0,100.00,,
     0.901782739,974220,,mem_load_uops_retired.l1_miss,42490474,100.00,16.9,L1MPKI
     0.901782739,48062627,,inst_retired.any,42490474,100.00,,
     1.001977750,2635869,,mem_load_uops_retired.l1_miss,96328889,100.00,40.5,L1MPKI
     1.001977750,133078177,,inst_retired.any,96328889,100.00,,
     1.102174339,2732266,,mem_load_uops_retired.l1_miss,98084566,100.00,38.1,L1MPKI
     1.102174339,138487287,,inst_retired.any,98084566,100.00,,
     1.202368200,1113554,,mem_load_uops_retired.l1_miss,40543761,100.00,15.8,L1MPKI
     1.202368200,56560513,,inst_retired.any,40543761,100.00,,
     1.302565985,957141,,mem_load_uops_retired.l1_miss,44023733,100.00,13.9,L1MPKI
     1.302565985,46569665,,inst_retired.any,44023733,100.00,,
     1.402774491,2609181,,mem_load_uops_retired.l1_miss,96324719,100.00,35.7,L1MPKI
     1.402774491,130693086,,inst_retired.any,96324719,100.00,,
     1.502969402,2594500,,mem_load_uops_retired.l1_miss,96000878,100.00,33.7,L1MPKI
     1.502969402,130276921,,inst_retired.any,96000878,100.00,,
     1.603160501,845120,,mem_load_uops_retired.l1_miss,30716787,100.00,11.3,L1MPKI
     1.603160501,42583228,,inst_retired.any,30716787,100.00,,
     1.703350093,<not counted>,,mem_load_uops_retired.l1_miss,0,100.00,,
     1.703350093,<not counted>,,inst_retired.any,0,100.00,,
     1.803528870,<not counted>,,mem_load_uops_retired.l1_miss,0,100.00,,
     1.803528870,<not counted>,,inst_retired.any,0,100.00,,
     1.903733558,<not counted>,,mem_load_uops_retired.l1_miss,0,100.00,,
     1.903733558,<not counted>,,inst_retired.any,0,100.00,,
     2.003908785,1283558,,mem_load_uops_retired.l1_miss,52728709,100.00,20.4,L1MPKI
     2.003908785,63581047,,inst_retired.any,52728709,100.00,,
     2.104117992,2687273,,mem_load_uops_retired.l1_miss,97401140,100.00,40.4,L1MPKI
     2.104117992,135458231,,inst_retired.any,97401140,100.00,,
     2.204312146,2639138,,mem_load_uops_retired.l1_miss,96906503,100.00,38.0,L1MPKI
     2.204312146,133462748,,inst_retired.any,96906503,100.00,,
     2.304508099,838762,,mem_load_uops_retired.l1_miss,30328343,100.00,12.3,L1MPKI
     2.304508099,42568361,,inst_retired.any,30328343,100.00,,
     2.404700016,1194660,,mem_load_uops_retired.l1_miss,51375787,100.00,17.6,L1MPKI
     2.404700016,58407935,,inst_retired.any,51375787,100.00,,
     2.504896123,2774489,,mem_load_uops_retired.l1_miss,99154366,100.00,39.2,L1MPKI
     2.504896123,139686116,,inst_retired.any,99154366,100.00,,
     2.605091723,2640807,,mem_load_uops_retired.l1_miss,97084918,100.00,36.1,L1MPKI
     2.605091723,133465987,,inst_retired.any,97084918,100.00,,
     2.705283234,811116,,mem_load_uops_retired.l1_miss,28940379,100.00,11.3,L1MPKI
     2.705283234,41158807,,inst_retired.any,28940379,100.00,,
     2.805472920,<not counted>,,mem_load_uops_retired.l1_miss,0,100.00,,
     2.805472920,<not counted>,,inst_retired.any,0,100.00,,
     2.905645593,<not counted>,,mem_load_uops_retired.l1_miss,0,100.00,,
     2.905645593,<not counted>,,inst_retired.any,0,100.00,,
     3.005839195,<not counted>,,mem_load_uops_retired.l1_miss,0,100.00,,
     3.005839195,<not counted>,,inst_retired.any,0,100.00,,
     3.106014672,1128528,,mem_load_uops_retired.l1_miss,49924235,100.00,17.5,L1MPKI
     3.106014672,55131779,,inst_retired.any,49924235,100.00,,
     3.206212015,2723383,,mem_load_uops_retired.l1_miss,98029784,100.00,40.8,L1MPKI
     3.206212015,137256796,,inst_retired.any,98029784,100.00,,
     3.306408712,2763852,,mem_load_uops_retired.l1_miss,98910794,100.00,40.1,L1MPKI
     3.306408712,140246748,,inst_retired.any,98910794,100.00,,
     3.406604242,2102899,,mem_load_uops_retired.l1_miss,80804569,100.00,30.0,L1MPKI
     3.406604242,106087451,,inst_retired.any,80804569,100.00,,
     3.506799580,2696069,,mem_load_uops_retired.l1_miss,97585334,100.00,37.5,L1MPKI
     3.506799580,135560724,,inst_retired.any,97585334,100.00,,
     3.606997940,2694818,,mem_load_uops_retired.l1_miss,98017854,100.00,36.6,L1MPKI
     3.606997940,135411515,,inst_retired.any,98017854,100.00,,
     3.707191066,2136685,,mem_load_uops_retired.l1_miss,76268308,100.00,28.6,L1MPKI
     3.707191066,107370733,,inst_retired.any,76268308,100.00,,
     3.807380704,<not counted>,,mem_load_uops_retired.l1_miss,0,100.00,,
     3.807380704,<not counted>,,inst_retired.any,0,100.00,,
     3.907553984,<not counted>,,mem_load_uops_retired.l1_miss,0,100.00,,
     3.907553984,<not counted>,,inst_retired.any,0,100.00,,
     4.007752093,<not counted>,,mem_load_uops_retired.l1_miss,0,100.00,,
     4.007752093,<not counted>,,inst_retired.any,0,100.00,,
     4.107925890,<not counted>,,mem_load_uops_retired.l1_miss,0,100.00,,
     4.107925890,<not counted>,,inst_retired.any,0,100.00,,
     4.208102380,2258724,,mem_load_uops_retired.l1_miss,90037374,100.00,33.0,L1MPKI
     4.208102380,112111605,,inst_retired.any,90037374,100.00,,
     4.308299316,2690721,,mem_load_uops_retired.l1_miss,97463296,100.00,38.5,L1MPKI
     4.308299316,135550338,,inst_retired.any,97463296,100.00,,
     4.408493919,2692046,,mem_load_uops_retired.l1_miss,97411713,100.00,37.7,L1MPKI
     4.408493919,135943479,,inst_retired.any,97411713,100.00,,
     4.508696155,2755295,,mem_load_uops_retired.l1_miss,98670955,100.00,37.8,L1MPKI
     4.508696155,138480043,,inst_retired.any,98670955,100.00,,
     4.608915007,2757995,,mem_load_uops_retired.l1_miss,98679801,100.00,37.1,L1MPKI
     4.608915007,138282481,,inst_retired.any,98679801,100.00,,
     4.709108690,2212983,,mem_load_uops_retired.l1_miss,78492654,100.00,29.4,L1MPKI
     4.709108690,111221186,,inst_retired.any,78492654,100.00,,
     4.809300003,<not counted>,,mem_load_uops_retired.l1_miss,0,100.00,,
     4.809300003,<not counted>,,inst_retired.any,0,100.00,,
     4.909474242,<not counted>,,mem_load_uops_retired.l1_miss,0,100.00,,
     4.909474242,<not counted>,,inst_retired.any,0,100.00,,
     5.009647219,<not counted>,,mem_load_uops_retired.l1_miss,0,100.00,,
     5.009647219,<not counted>,,inst_retired.any,0,100.00,,
     5.109821265,<not counted>,,mem_load_uops_retired.l1_miss,0,100.00,,
     5.109821265,<not counted>,,inst_retired.any,0,100.00,,
     5.210000517,2179961,,mem_load_uops_retired.l1_miss,87188989,100.00,31.1,L1MPKI
     5.210000517,107682418,,inst_retired.any,87188989,100.00,,
     5.310199464,2776754,,mem_load_uops_retired.l1_miss,98770024,100.00,38.9,L1MPKI
     5.310199464,139410735,,inst_retired.any,98770024,100.00,,
     5.410396483,2753494,,mem_load_uops_retired.l1_miss,98254308,100.00,37.9,L1MPKI
     5.410396483,138096789,,inst_retired.any,98254308,100.00,,
     5.510593953,2776702,,mem_load_uops_retired.l1_miss,99011979,100.00,37.6,L1MPKI
     5.510593953,140155797,,inst_retired.any,99011979,100.00,,
     5.610790712,2690105,,mem_load_uops_retired.l1_miss,97416809,100.00,35.9,L1MPKI
     5.610790712,135829042,,inst_retired.any,97416809,100.00,,
     5.710985178,2191545,,mem_load_uops_retired.l1_miss,77789002,100.00,29.0,L1MPKI
     5.710985178,110237862,,inst_retired.any,77789002,100.00,,
     5.811176526,<not counted>,,mem_load_uops_retired.l1_miss,0,100.00,,
     5.811176526,<not counted>,,inst_retired.any,0,100.00,,
     5.911369705,<not counted>,,mem_load_uops_retired.l1_miss,0,100.00,,
     5.911369705,<not counted>,,inst_retired.any,0,100.00,,
     6.011541789,<not counted>,,mem_load_uops_retired.l1_miss,0,100.00,,
     6.011541789,<not counted>,,inst_retired.any,0,100.00,,
     6.111731185,<not counted>,,mem_load_uops_retired.l1_miss,0,100.00,,
     6.111731185,<not counted>,,inst_retired.any,0,100.00,,
     6.211906111,2272419,,mem_load_uops_retired.l1_miss,88878231,100.00,31.9,L1MPKI
     6.211906111,113053834,,inst_retired.any,88878231,100.00,,
     6.312103121,2739500,,mem_load_uops_retired.l1_miss,98293404,100.00,37.9,L1MPKI
     6.312103121,137836310,,inst_retired.any,98293404,100.00,,
     6.412298256,2786219,,mem_load_uops_retired.l1_miss,98888541,100.00,38.0,L1MPKI
     6.412298256,140183976,,inst_retired.any,98888541,100.00,,
     6.512492739,2751721,,mem_load_uops_retired.l1_miss,98335467,100.00,37.0,L1MPKI
     6.512492739,138142750,,inst_retired.any,98335467,100.00,,
     6.612689393,2801791,,mem_load_uops_retired.l1_miss,99447104,100.00,37.2,L1MPKI
     6.612689393,140982235,,inst_retired.any,99447104,100.00,,
     6.712883397,2192964,,mem_load_uops_retired.l1_miss,78434859,100.00,28.9,L1MPKI
     6.712883397,110350435,,inst_retired.any,78434859,100.00,,
     6.813072540,<not counted>,,mem_load_uops_retired.l1_miss,0,100.00,,
     6.813072540,<not counted>,,inst_retired.any,0,100.00,,
     6.913247482,<not counted>,,mem_load_uops_retired.l1_miss,0,100.00,,
     6.913247482,<not counted>,,inst_retired.any,0,100.00,,
     7.013423723,<not counted>,,mem_load_uops_retired.l1_miss,0,100.00,,
     7.013423723,<not counted>,,inst_retired.any,0,100.00,,
     7.113597599,<not counted>,,mem_load_uops_retired.l1_miss,0,100.00,,
     7.113597599,<not counted>,,inst_retired.any,0,100.00,,
     7.213772213,2195896,,mem_load_uops_retired.l1_miss,87017924,100.00,30.4,L1MPKI
     7.213772213,110573890,,inst_retired.any,87017924,100.00,,
     7.313969449,2672523,,mem_load_uops_retired.l1_miss,97628956,100.00,36.6,L1MPKI
     7.313969449,135005146,,inst_retired.any,97628956,100.00,,
     7.414164125,2707069,,mem_load_uops_retired.l1_miss,97474817,100.00,36.6,L1MPKI
     7.414164125,136238009,,inst_retired.any,97474817,100.00,,
     7.514363818,2726540,,mem_load_uops_retired.l1_miss,98278566,100.00,36.5,L1MPKI
     7.514363818,138226153,,inst_retired.any,98278566,100.00,,
     7.614561653,2774947,,mem_load_uops_retired.l1_miss,98821707,100.00,36.7,L1MPKI
     7.614561653,140749974,,inst_retired.any,98821707,100.00,,
     7.714756758,2348761,,mem_load_uops_retired.l1_miss,83907686,100.00,30.8,L1MPKI
     7.714756758,119065722,,inst_retired.any,83907686,100.00,,
     7.814949297,<not counted>,,mem_load_uops_retired.l1_miss,0,100.00,,
     7.814949297,<not counted>,,inst_retired.any,0,100.00,,
     7.915125035,<not counted>,,mem_load_uops_retired.l1_miss,0,100.00,,
     7.915125035,<not counted>,,inst_retired.any,0,100.00,,
     8.015299138,<not counted>,,mem_load_uops_retired.l1_miss,0,100.00,,
     8.015299138,<not counted>,,inst_retired.any,0,100.00,,
     8.115471586,<not counted>,,mem_load_uops_retired.l1_miss,0,100.00,,
     8.115471586,<not counted>,,inst_retired.any,0,100.00,,
     8.215660125,2109836,,mem_load_uops_retired.l1_miss,82369892,100.00,29.0,L1MPKI
     8.215660125,104902789,,inst_retired.any,82369892,100.00,,
     8.315859938,2680665,,mem_load_uops_retired.l1_miss,97257696,100.00,36.4,L1MPKI
     8.315859938,134958166,,inst_retired.any,97257696,100.00,,
     8.416060760,2704646,,mem_load_uops_retired.l1_miss,97736416,100.00,36.4,L1MPKI
     8.416060760,135339366,,inst_retired.any,97736416,100.00,,
     8.516270879,2723998,,mem_load_uops_retired.l1_miss,97827750,100.00,36.3,L1MPKI
     8.516270879,136581828,,inst_retired.any,97827750,100.00,,
     8.616466452,2730721,,mem_load_uops_retired.l1_miss,98327694,100.00,36.0,L1MPKI
     8.616466452,138226484,,inst_retired.any,98327694,100.00,,
     8.716659719,2291567,,mem_load_uops_retired.l1_miss,82515785,100.00,30.1,L1MPKI
     8.716659719,115889540,,inst_retired.any,82515785,100.00,,
     8.816869802,<not counted>,,mem_load_uops_retired.l1_miss,0,100.00,,
     8.816869802,<not counted>,,inst_retired.any,0,100.00,,
     8.917045370,<not counted>,,mem_load_uops_retired.l1_miss,0,100.00,,
     8.917045370,<not counted>,,inst_retired.any,0,100.00,,
     9.017217941,<not counted>,,mem_load_uops_retired.l1_miss,0,100.00,,
     9.017217941,<not counted>,,inst_retired.any,0,100.00,,
     9.117390743,<not counted>,,mem_load_uops_retired.l1_miss,0,100.00,,
     9.117390743,<not counted>,,inst_retired.any,0,100.00,,
     9.217566260,2090357,,mem_load_uops_retired.l1_miss,83180862,100.00,28.6,L1MPKI
     9.217566260,104507305,,inst_retired.any,83180862,100.00,,
     9.317763280,2730538,,mem_load_uops_retired.l1_miss,98344692,100.00,37.0,L1MPKI
     9.317763280,137353569,,inst_retired.any,98344692,100.00,,
     9.417958301,2694059,,mem_load_uops_retired.l1_miss,97905066,100.00,36.1,L1MPKI
     9.417958301,136315454,,inst_retired.any,97905066,100.00,,
     9.518152844,2703579,,mem_load_uops_retired.l1_miss,97350754,100.00,35.9,L1MPKI
     9.518152844,135863030,,inst_retired.any,97350754,100.00,,
     9.618349897,2738412,,mem_load_uops_retired.l1_miss,97851299,100.00,36.1,L1MPKI
     9.618349897,137781256,,inst_retired.any,97851299,100.00,,
     9.718541887,2402963,,mem_load_uops_retired.l1_miss,86717740,100.00,31.5,L1MPKI
     9.718541887,121626239,,inst_retired.any,86717740,100.00,,
     9.818732373,<not counted>,,mem_load_uops_retired.l1_miss,0,100.00,,
     9.818732373,<not counted>,,inst_retired.any,0,100.00,,
     9.918905458,<not counted>,,mem_load_uops_retired.l1_miss,0,100.00,,
     9.918905458,<not counted>,,inst_retired.any,0,100.00,,
    10.019079602,<not counted>,,mem_load_uops_retired.l1_miss,0,100.00,,
    10.019079602,<not counted>,,inst_retired.any,0,100.00,,
    10.119255929,<not counted>,,mem_load_uops_retired.l1_miss,0,100.00,,
    10.119255929,<not counted>,,inst_retired.any,0,100.00,,
    10.219431474,1856822,,mem_load_uops_retired.l1_miss,76010282,100.00,25.3,L1MPKI
    10.219431474,91807568,,inst_retired.any,76010282,100.00,,
    10.319631238,2707420,,mem_load_uops_retired.l1_miss,97880842,100.00,36.5,L1MPKI
    10.319631238,136967166,,inst_retired.any,97880842,100.00,,
    10.419826093,2777442,,mem_load_uops_retired.l1_miss,98939220,100.00,37.2,L1MPKI
    10.419826093,141175342,,inst_retired.any,98939220,100.00,,
    10.520029016,2729721,,mem_load_uops_retired.l1_miss,98064990,100.00,36.2,L1MPKI
    10.520029016,138372385,,inst_retired.any,98064990,100.00,,
    10.620224087,2704031,,mem_load_uops_retired.l1_miss,97540859,100.00,35.6,L1MPKI
    10.620224087,136879242,,inst_retired.any,97540859,100.00,,
    10.720418470,639629,,mem_load_uops_retired.l1_miss,22625866,100.00,8.5,L1MPKI
    10.720418470,32443392,,inst_retired.any,22625866,100.00,,
    10.820608640,<not counted>,,mem_load_uops_retired.l1_miss,0,100.00,,
    10.820608640,<not counted>,,inst_retired.any,0,100.00,,
    10.920780555,<not counted>,,mem_load_uops_retired.l1_miss,0,100.00,,
    10.920780555,<not counted>,,inst_retired.any,0,100.00,,
    11.020953398,<not counted>,,mem_load_uops_retired.l1_miss,0,100.00,,
    11.020953398,<not counted>,,inst_retired.any,0,100.00,,
