# started on Tue May  2 15:26:57 2023

     0.100185723,6786586,,offcore_response.all_requests.llc_hit.any_response,67112381,100.00,,
     0.100185723,1210,,offcore_response.all_requests.llc_miss.any_response,67117723,100.00,,
     0.200428077,6903900,,offcore_response.all_requests.llc_hit.any_response,68891876,100.00,,
     0.200428077,1208,,offcore_response.all_requests.llc_miss.any_response,68892400,100.00,,
     0.300632093,6832078,,offcore_response.all_requests.llc_hit.any_response,66298096,100.00,,
     0.300632093,1125,,offcore_response.all_requests.llc_miss.any_response,66271415,100.00,,
     0.400819108,7057282,,offcore_response.all_requests.llc_hit.any_response,69981153,100.00,,
     0.400819108,1941,,offcore_response.all_requests.llc_miss.any_response,69981153,100.00,,
     0.501008503,7071876,,offcore_response.all_requests.llc_hit.any_response,68784312,100.00,,
     0.501008503,1217,,offcore_response.all_requests.llc_miss.any_response,68784312,100.00,,
     0.601197738,1710384,,offcore_response.all_requests.llc_hit.any_response,17058824,100.00,,
     0.601197738,456,,offcore_response.all_requests.llc_miss.any_response,17058824,100.00,,
     0.701382411,<not counted>,,offcore_response.all_requests.llc_hit.any_response,0,100.00,,
     0.701382411,<not counted>,,offcore_response.all_requests.llc_miss.any_response,0,100.00,,
     0.801563158,<not counted>,,offcore_response.all_requests.llc_hit.any_response,0,100.00,,
     0.801563158,<not counted>,,offcore_response.all_requests.llc_miss.any_response,0,100.00,,
     0.901756423,5371823,,offcore_response.all_requests.llc_hit.any_response,57546790,100.00,,
     0.901756423,1300,,offcore_response.all_requests.llc_miss.any_response,57573480,100.00,,
     1.001962560,10340778,,offcore_response.all_requests.llc_hit.any_response,98635328,100.00,,
     1.001962560,1589,,offcore_response.all_requests.llc_miss.any_response,98627808,100.00,,
     1.102154648,10328110,,offcore_response.all_requests.llc_hit.any_response,98260703,100.00,,
     1.102154648,1215,,offcore_response.all_requests.llc_miss.any_response,98260941,100.00,,
     1.202343795,2563184,,offcore_response.all_requests.llc_hit.any_response,24548819,100.00,,
     1.202343795,336,,offcore_response.all_requests.llc_miss.any_response,24529411,100.00,,
     1.302536733,5614928,,offcore_response.all_requests.llc_hit.any_response,59254945,100.00,,
     1.302536733,832,,offcore_response.all_requests.llc_miss.any_response,59274634,100.00,,
     1.402729922,10177174,,offcore_response.all_requests.llc_hit.any_response,97835661,100.00,,
     1.402729922,1413,,offcore_response.all_requests.llc_miss.any_response,97835937,100.00,,
     1.502923003,10384993,,offcore_response.all_requests.llc_hit.any_response,98581695,100.00,,
     1.502923003,1290,,offcore_response.all_requests.llc_miss.any_response,98580934,100.00,,
     1.603112267,1637889,,offcore_response.all_requests.llc_hit.any_response,15671091,100.00,,
     1.603112267,185,,offcore_response.all_requests.llc_miss.any_response,15651887,100.00,,
     1.703294634,<not counted>,,offcore_response.all_requests.llc_hit.any_response,0,100.00,,
     1.703294634,<not counted>,,offcore_response.all_requests.llc_miss.any_response,0,100.00,,
     1.803475302,<not counted>,,offcore_response.all_requests.llc_hit.any_response,0,100.00,,
     1.803475302,<not counted>,,offcore_response.all_requests.llc_miss.any_response,0,100.00,,
     1.903657846,<not counted>,,offcore_response.all_requests.llc_hit.any_response,0,100.00,,
     1.903657846,<not counted>,,offcore_response.all_requests.llc_miss.any_response,0,100.00,,
     2.003867527,6372264,,offcore_response.all_requests.llc_hit.any_response,66241299,100.00,,
     2.003867527,1275,,offcore_response.all_requests.llc_miss.any_response,66260777,100.00,,
     2.104059682,10515163,,offcore_response.all_requests.llc_hit.any_response,99589448,100.00,,
     2.104059682,1251,,offcore_response.all_requests.llc_miss.any_response,99589292,100.00,,
     2.204252532,10261391,,offcore_response.all_requests.llc_hit.any_response,98453452,100.00,,
     2.204252532,1343,,offcore_response.all_requests.llc_miss.any_response,98453496,100.00,,
     2.304474103,1376577,,offcore_response.all_requests.llc_hit.any_response,13143055,100.00,,
     2.304474103,141,,offcore_response.all_requests.llc_miss.any_response,13123689,100.00,,
     2.404661685,6158602,,offcore_response.all_requests.llc_hit.any_response,65496754,100.00,,
     2.404661685,1141,,offcore_response.all_requests.llc_miss.any_response,65516479,100.00,,
     2.504855353,9891155,,offcore_response.all_requests.llc_hit.any_response,98330245,100.00,,
     2.504855353,1215,,offcore_response.all_requests.llc_miss.any_response,98329725,100.00,,
     2.605053191,9879346,,offcore_response.all_requests.llc_hit.any_response,98103593,100.00,,
     2.605053191,1402,,offcore_response.all_requests.llc_miss.any_response,98108952,100.00,,
     2.705256699,1289608,,offcore_response.all_requests.llc_hit.any_response,12937714,100.00,,
     2.705256699,146,,offcore_response.all_requests.llc_miss.any_response,12913150,100.00,,
     2.805443166,<not counted>,,offcore_response.all_requests.llc_hit.any_response,0,100.00,,
     2.805443166,<not counted>,,offcore_response.all_requests.llc_miss.any_response,0,100.00,,
     2.905623741,<not counted>,,offcore_response.all_requests.llc_hit.any_response,0,100.00,,
     2.905623741,<not counted>,,offcore_response.all_requests.llc_miss.any_response,0,100.00,,
     3.005810411,6471361,,offcore_response.all_requests.llc_hit.any_response,67318952,100.00,,
     3.005810411,927,,offcore_response.all_requests.llc_miss.any_response,67339963,100.00,,
     3.106005108,10239369,,offcore_response.all_requests.llc_hit.any_response,98176556,100.00,,
     3.106005108,1223,,offcore_response.all_requests.llc_miss.any_response,98174704,100.00,,
     3.206196106,8105545,,offcore_response.all_requests.llc_hit.any_response,81851486,100.00,,
     3.206196106,1110,,offcore_response.all_requests.llc_miss.any_response,81852702,100.00,,
     3.306387486,7679952,,offcore_response.all_requests.llc_hit.any_response,73772622,100.00,,
     3.306387486,1109,,offcore_response.all_requests.llc_miss.any_response,73752247,100.00,,
     3.406572683,<not counted>,,offcore_response.all_requests.llc_hit.any_response,0,100.00,,
     3.406572683,<not counted>,,offcore_response.all_requests.llc_miss.any_response,0,100.00,,
     3.506754468,8944370,,offcore_response.all_requests.llc_hit.any_response,93219618,100.00,,
     3.506754468,1245,,offcore_response.all_requests.llc_miss.any_response,93239363,100.00,,
     3.606948564,9871741,,offcore_response.all_requests.llc_hit.any_response,97937143,100.00,,
     3.606948564,1403,,offcore_response.all_requests.llc_miss.any_response,97936709,100.00,,
     3.707136618,5272748,,offcore_response.all_requests.llc_hit.any_response,52773831,100.00,,
     3.707136618,893,,offcore_response.all_requests.llc_miss.any_response,52754520,100.00,,
     3.807319645,<not counted>,,offcore_response.all_requests.llc_hit.any_response,0,100.00,,
     3.807319645,<not counted>,,offcore_response.all_requests.llc_miss.any_response,0,100.00,,
     3.907501061,<not counted>,,offcore_response.all_requests.llc_hit.any_response,0,100.00,,
     3.907501061,<not counted>,,offcore_response.all_requests.llc_miss.any_response,0,100.00,,
     4.007681523,1285828,,offcore_response.all_requests.llc_hit.any_response,17319689,100.00,,
     4.007681523,231,,offcore_response.all_requests.llc_miss.any_response,17339170,100.00,,
     4.107903575,9798038,,offcore_response.all_requests.llc_hit.any_response,95016412,100.00,,
     4.107903575,1746,,offcore_response.all_requests.llc_miss.any_response,95016074,100.00,,
     4.208102996,10241784,,offcore_response.all_requests.llc_hit.any_response,97948709,100.00,,
     4.208102996,1397,,offcore_response.all_requests.llc_miss.any_response,97938323,100.00,,
     4.308298298,10361388,,offcore_response.all_requests.llc_hit.any_response,98390372,100.00,,
     4.308298298,1319,,offcore_response.all_requests.llc_miss.any_response,98400694,100.00,,
     4.408488017,1125412,,offcore_response.all_requests.llc_hit.any_response,10757781,100.00,,
     4.408488017,93,,offcore_response.all_requests.llc_miss.any_response,10738702,100.00,,
     4.508693602,5052674,,offcore_response.all_requests.llc_hit.any_response,54786461,100.00,,
     4.508693602,1105,,offcore_response.all_requests.llc_miss.any_response,54806196,100.00,,
     4.608885252,10448027,,offcore_response.all_requests.llc_hit.any_response,99042904,100.00,,
     4.608885252,1085,,offcore_response.all_requests.llc_miss.any_response,99042763,100.00,,
     4.709073344,9208373,,offcore_response.all_requests.llc_hit.any_response,87837193,100.00,,
     4.709073344,1184,,offcore_response.all_requests.llc_miss.any_response,87817599,100.00,,
     4.809258471,<not counted>,,offcore_response.all_requests.llc_hit.any_response,0,100.00,,
     4.809258471,<not counted>,,offcore_response.all_requests.llc_miss.any_response,0,100.00,,
     4.909438648,<not counted>,,offcore_response.all_requests.llc_hit.any_response,0,100.00,,
     4.909438648,<not counted>,,offcore_response.all_requests.llc_miss.any_response,0,100.00,,
     5.009624040,<not counted>,,offcore_response.all_requests.llc_hit.any_response,0,100.00,,
     5.009624040,<not counted>,,offcore_response.all_requests.llc_miss.any_response,0,100.00,,
     5.109806204,7591223,,offcore_response.all_requests.llc_hit.any_response,78606320,100.00,,
     5.109806204,1099,,offcore_response.all_requests.llc_miss.any_response,78625896,100.00,,
     5.210002101,10380344,,offcore_response.all_requests.llc_hit.any_response,99029001,100.00,,
     5.210002101,1087,,offcore_response.all_requests.llc_miss.any_response,99028591,100.00,,
     5.310197493,10255118,,offcore_response.all_requests.llc_hit.any_response,98262938,100.00,,
     5.310197493,1524,,offcore_response.all_requests.llc_miss.any_response,98263049,100.00,,
     5.410390042,4842560,,offcore_response.all_requests.llc_hit.any_response,46254041,100.00,,
     5.410390042,709,,offcore_response.all_requests.llc_miss.any_response,46234764,100.00,,
     5.510580762,2025524,,offcore_response.all_requests.llc_hit.any_response,24473793,100.00,,
     5.510580762,539,,offcore_response.all_requests.llc_miss.any_response,24500274,100.00,,
     5.610785407,9603271,,offcore_response.all_requests.llc_hit.any_response,93928564,100.00,,
     5.610785407,1476,,offcore_response.all_requests.llc_miss.any_response,93921295,100.00,,
     5.710976170,10233608,,offcore_response.all_requests.llc_hit.any_response,98136404,100.00,,
     5.710976170,1241,,offcore_response.all_requests.llc_miss.any_response,98136475,100.00,,
     5.811165983,1884596,,offcore_response.all_requests.llc_hit.any_response,17956425,100.00,,
     5.811165983,261,,offcore_response.all_requests.llc_miss.any_response,17937142,100.00,,
     5.911351760,<not counted>,,offcore_response.all_requests.llc_hit.any_response,0,100.00,,
     5.911351760,<not counted>,,offcore_response.all_requests.llc_miss.any_response,0,100.00,,
     6.011531918,<not counted>,,offcore_response.all_requests.llc_hit.any_response,0,100.00,,
     6.011531918,<not counted>,,offcore_response.all_requests.llc_miss.any_response,0,100.00,,
     6.111716486,4795558,,offcore_response.all_requests.llc_hit.any_response,51336446,100.00,,
     6.111716486,834,,offcore_response.all_requests.llc_miss.any_response,51356203,100.00,,
     6.211908597,10296165,,offcore_response.all_requests.llc_hit.any_response,98221257,100.00,,
     6.211908597,1077,,offcore_response.all_requests.llc_miss.any_response,98220435,100.00,,
     6.312099422,10310863,,offcore_response.all_requests.llc_hit.any_response,97984786,100.00,,
     6.312099422,1435,,offcore_response.all_requests.llc_miss.any_response,97985290,100.00,,
     6.412288115,8027355,,offcore_response.all_requests.llc_hit.any_response,76802127,100.00,,
     6.412288115,1050,,offcore_response.all_requests.llc_miss.any_response,76782688,100.00,,
     6.512474779,<not counted>,,offcore_response.all_requests.llc_hit.any_response,0,100.00,,
     6.512474779,<not counted>,,offcore_response.all_requests.llc_miss.any_response,0,100.00,,
     6.612658681,8769167,,offcore_response.all_requests.llc_hit.any_response,89775698,100.00,,
     6.612658681,1681,,offcore_response.all_requests.llc_miss.any_response,89795336,100.00,,
     6.712880170,10070421,,offcore_response.all_requests.llc_hit.any_response,97630866,100.00,,
     6.712880170,1401,,offcore_response.all_requests.llc_miss.any_response,97630255,100.00,,
     6.813071269,5216257,,offcore_response.all_requests.llc_hit.any_response,49538247,100.00,,
     6.813071269,655,,offcore_response.all_requests.llc_miss.any_response,49519220,100.00,,
     6.913258936,<not counted>,,offcore_response.all_requests.llc_hit.any_response,0,100.00,,
     6.913258936,<not counted>,,offcore_response.all_requests.llc_miss.any_response,0,100.00,,
     7.013439456,<not counted>,,offcore_response.all_requests.llc_hit.any_response,0,100.00,,
     7.013439456,<not counted>,,offcore_response.all_requests.llc_miss.any_response,0,100.00,,
     7.113623028,1709553,,offcore_response.all_requests.llc_hit.any_response,21095354,100.00,,
     7.113623028,253,,offcore_response.all_requests.llc_miss.any_response,21115072,100.00,,
     7.213814254,10253483,,offcore_response.all_requests.llc_hit.any_response,97990670,100.00,,
     7.213814254,1314,,offcore_response.all_requests.llc_miss.any_response,97989925,100.00,,
     7.314005931,10355102,,offcore_response.all_requests.llc_hit.any_response,98413794,100.00,,
     7.314005931,1228,,offcore_response.all_requests.llc_miss.any_response,98414096,100.00,,
     7.414198459,9893258,,offcore_response.all_requests.llc_hit.any_response,97941931,100.00,,
     7.414198459,1530,,offcore_response.all_requests.llc_miss.any_response,97941875,100.00,,
     7.514387814,684734,,offcore_response.all_requests.llc_hit.any_response,6785548,100.00,,
     7.514387814,86,,offcore_response.all_requests.llc_miss.any_response,6766329,100.00,,
     7.614577485,5625875,,offcore_response.all_requests.llc_hit.any_response,59777464,100.00,,
     7.614577485,928,,offcore_response.all_requests.llc_miss.any_response,59797096,100.00,,
     7.714772460,10013303,,offcore_response.all_requests.llc_hit.any_response,98941645,100.00,,
     7.714772460,1288,,offcore_response.all_requests.llc_miss.any_response,98941139,100.00,,
     7.814961786,7986613,,offcore_response.all_requests.llc_hit.any_response,78807820,100.00,,
     7.814961786,914,,offcore_response.all_requests.llc_miss.any_response,78788694,100.00,,
     7.915147370,<not counted>,,offcore_response.all_requests.llc_hit.any_response,0,100.00,,
     7.915147370,<not counted>,,offcore_response.all_requests.llc_miss.any_response,0,100.00,,
     8.015329200,<not counted>,,offcore_response.all_requests.llc_hit.any_response,0,100.00,,
     8.015329200,<not counted>,,offcore_response.all_requests.llc_miss.any_response,0,100.00,,
     8.115511803,<not counted>,,offcore_response.all_requests.llc_hit.any_response,0,100.00,,
     8.115511803,<not counted>,,offcore_response.all_requests.llc_miss.any_response,0,100.00,,
     8.215725353,8308148,,offcore_response.all_requests.llc_hit.any_response,86430558,100.00,,
     8.215725353,1470,,offcore_response.all_requests.llc_miss.any_response,86450273,100.00,,
     8.315930401,10193803,,offcore_response.all_requests.llc_hit.any_response,97925803,100.00,,
     8.315930401,1281,,offcore_response.all_requests.llc_miss.any_response,97925176,100.00,,
     8.416123608,10362584,,offcore_response.all_requests.llc_hit.any_response,98578522,100.00,,
     8.416123608,1508,,offcore_response.all_requests.llc_miss.any_response,98578790,100.00,,
     8.516313376,3988307,,offcore_response.all_requests.llc_hit.any_response,38010148,100.00,,
     8.516313376,488,,offcore_response.all_requests.llc_miss.any_response,37990792,100.00,,
     8.616510007,2702806,,offcore_response.all_requests.llc_hit.any_response,30956291,100.00,,
     8.616510007,547,,offcore_response.all_requests.llc_miss.any_response,30983317,100.00,,
     8.716710057,10327648,,offcore_response.all_requests.llc_hit.any_response,98275310,100.00,,
     8.716710057,1334,,offcore_response.all_requests.llc_miss.any_response,98267540,100.00,,
     8.816918335,10470130,,offcore_response.all_requests.llc_hit.any_response,99232707,100.00,,
     8.816918335,1338,,offcore_response.all_requests.llc_miss.any_response,99213451,100.00,,
     8.917112135,963496,,offcore_response.all_requests.llc_hit.any_response,9088655,100.00,,
     8.917112135,87,,offcore_response.all_requests.llc_miss.any_response,9088655,100.00,,
     9.017299071,<not counted>,,offcore_response.all_requests.llc_hit.any_response,0,100.00,,
     9.017299071,<not counted>,,offcore_response.all_requests.llc_miss.any_response,0,100.00,,
     9.117479655,<not counted>,,offcore_response.all_requests.llc_hit.any_response,0,100.00,,
     9.117479655,<not counted>,,offcore_response.all_requests.llc_miss.any_response,0,100.00,,
     9.217661708,5362868,,offcore_response.all_requests.llc_hit.any_response,57006601,100.00,,
     9.217661708,1111,,offcore_response.all_requests.llc_miss.any_response,57026412,100.00,,
     9.317852802,10490982,,offcore_response.all_requests.llc_hit.any_response,99055304,100.00,,
     9.317852802,1474,,offcore_response.all_requests.llc_miss.any_response,99054786,100.00,,
     9.418044142,10323075,,offcore_response.all_requests.llc_hit.any_response,98448690,100.00,,
     9.418044142,1328,,offcore_response.all_requests.llc_miss.any_response,98448758,100.00,,
     9.518233149,6913392,,offcore_response.all_requests.llc_hit.any_response,65979654,100.00,,
     9.518233149,962,,offcore_response.all_requests.llc_miss.any_response,65960293,100.00,,
     9.618416033,306305,,offcore_response.all_requests.llc_hit.any_response,5358150,100.00,,
     9.618416033,66,,offcore_response.all_requests.llc_miss.any_response,5378914,100.00,,
     9.718609924,9795596,,offcore_response.all_requests.llc_hit.any_response,96510893,100.00,,
     9.718609924,1244,,offcore_response.all_requests.llc_miss.any_response,96509440,100.00,,
     9.818800732,10177592,,offcore_response.all_requests.llc_hit.any_response,97759304,100.00,,
     9.818800732,1511,,offcore_response.all_requests.llc_miss.any_response,97759396,100.00,,
     9.918991576,4068652,,offcore_response.all_requests.llc_hit.any_response,38716500,100.00,,
     9.918991576,532,,offcore_response.all_requests.llc_miss.any_response,38697097,100.00,,
    10.019186177,<not counted>,,offcore_response.all_requests.llc_hit.any_response,0,100.00,,
    10.019186177,<not counted>,,offcore_response.all_requests.llc_miss.any_response,0,100.00,,
    10.119369673,<not counted>,,offcore_response.all_requests.llc_hit.any_response,0,100.00,,
    10.119369673,<not counted>,,offcore_response.all_requests.llc_miss.any_response,0,100.00,,
    10.219553486,2512868,,offcore_response.all_requests.llc_hit.any_response,29266157,100.00,,
    10.219553486,485,,offcore_response.all_requests.llc_miss.any_response,29285671,100.00,,
    10.319744377,10136137,,offcore_response.all_requests.llc_hit.any_response,97169648,100.00,,
    10.319744377,1538,,offcore_response.all_requests.llc_miss.any_response,97169347,100.00,,
    10.419939347,10303309,,offcore_response.all_requests.llc_hit.any_response,98192094,100.00,,
    10.419939347,1342,,offcore_response.all_requests.llc_miss.any_response,98192137,100.00,,
    10.520130276,9972470,,offcore_response.all_requests.llc_hit.any_response,94531152,100.00,,
    10.520130276,1296,,offcore_response.all_requests.llc_miss.any_response,94511896,100.00,,
    10.620316767,<not counted>,,offcore_response.all_requests.llc_hit.any_response,0,100.00,,
    10.620316767,<not counted>,,offcore_response.all_requests.llc_miss.any_response,0,100.00,,
    10.720498576,6807823,,offcore_response.all_requests.llc_hit.any_response,70510316,100.00,,
    10.720498576,1094,,offcore_response.all_requests.llc_miss.any_response,70529775,100.00,,
    10.820697393,10188569,,offcore_response.all_requests.llc_hit.any_response,97951912,100.00,,
    10.820697393,1249,,offcore_response.all_requests.llc_miss.any_response,97951582,100.00,,
    10.920885899,7404442,,offcore_response.all_requests.llc_hit.any_response,70612272,100.00,,
    10.920885899,899,,offcore_response.all_requests.llc_miss.any_response,70593143,100.00,,
    11.021090049,<not counted>,,offcore_response.all_requests.llc_hit.any_response,0,100.00,,
    11.021090049,<not counted>,,offcore_response.all_requests.llc_miss.any_response,0,100.00,,
