# started on Tue May  2 15:24:57 2023

     0.100153639,86298787,,inst_retired.any,67322918,100.00,144.0,IpMispredict
     0.100153639,599354,,br_misp_retired.all_branches,67322918,100.00,,
     0.200410380,85698336,,inst_retired.any,68234830,100.00,143.0,IpMispredict
     0.200410380,599423,,br_misp_retired.all_branches,68234830,100.00,,
     0.300598360,87902229,,inst_retired.any,69716891,100.00,146.7,IpMispredict
     0.300598360,598691,,br_misp_retired.all_branches,69716891,100.00,,
     0.400788179,85875953,,inst_retired.any,67557836,100.00,143.8,IpMispredict
     0.400788179,592046,,br_misp_retired.all_branches,67557836,100.00,,
     0.500980186,87324770,,inst_retired.any,69305969,100.00,145.9,IpMispredict
     0.500980186,602809,,br_misp_retired.all_branches,69305969,100.00,,
     0.601173469,41071845,,inst_retired.any,32494503,100.00,75.0,IpMispredict
     0.601173469,291454,,br_misp_retired.all_branches,32494503,100.00,,
     0.701358470,<not counted>,,inst_retired.any,0,100.00,,
     0.701358470,<not counted>,,br_misp_retired.all_branches,0,100.00,,
     0.801529395,<not counted>,,inst_retired.any,0,100.00,,
     0.801529395,<not counted>,,br_misp_retired.all_branches,0,100.00,,
     0.901718137,36258790,,inst_retired.any,35497664,100.00,92.0,IpMispredict
     0.901718137,265187,,br_misp_retired.all_branches,35497664,100.00,,
     1.001907973,125946535,,inst_retired.any,95193140,100.00,287.6,IpMispredict
     1.001907973,830944,,br_misp_retired.all_branches,95193140,100.00,,
     1.102098652,138884773,,inst_retired.any,98589706,100.00,290.1,IpMispredict
     1.102098652,886804,,br_misp_retired.all_branches,98589706,100.00,,
     1.202291185,69401359,,inst_retired.any,49013565,100.00,145.9,IpMispredict
     1.202291185,441592,,br_misp_retired.all_branches,49013565,100.00,,
     1.302479296,47284264,,inst_retired.any,40038179,100.00,101.9,IpMispredict
     1.302479296,321482,,br_misp_retired.all_branches,40038179,100.00,,
     1.402668948,138991262,,inst_retired.any,98774209,100.00,281.0,IpMispredict
     1.402668948,895130,,br_misp_retired.all_branches,98774209,100.00,,
     1.502857950,135496148,,inst_retired.any,97649805,100.00,260.6,IpMispredict
     1.502857950,875148,,br_misp_retired.all_branches,97649805,100.00,,
     1.603045593,51022400,,inst_retired.any,35814324,100.00,100.5,IpMispredict
     1.603045593,325979,,br_misp_retired.all_branches,35814324,100.00,,
     1.703231248,<not counted>,,inst_retired.any,0,100.00,,
     1.703231248,<not counted>,,br_misp_retired.all_branches,0,100.00,,
     1.803400399,<not counted>,,inst_retired.any,0,100.00,,
     1.803400399,<not counted>,,br_misp_retired.all_branches,0,100.00,,
     1.903569562,<not counted>,,inst_retired.any,0,100.00,,
     1.903569562,<not counted>,,br_misp_retired.all_branches,0,100.00,,
     2.003741814,51310297,,inst_retired.any,46473084,100.00,120.9,IpMispredict
     2.003741814,364597,,br_misp_retired.all_branches,46473084,100.00,,
     2.103939681,135217871,,inst_retired.any,97772498,100.00,303.2,IpMispredict
     2.103939681,873950,,br_misp_retired.all_branches,97772498,100.00,,
     2.204129636,138370991,,inst_retired.any,98438860,100.00,297.1,IpMispredict
     2.204129636,880625,,br_misp_retired.all_branches,98438860,100.00,,
     2.304317717,43545544,,inst_retired.any,31349613,100.00,95.2,IpMispredict
     2.304317717,279056,,br_misp_retired.all_branches,31349613,100.00,,
     2.404504305,57437667,,inst_retired.any,48871570,100.00,126.4,IpMispredict
     2.404504305,384191,,br_misp_retired.all_branches,48871570,100.00,,
     2.504692713,138662955,,inst_retired.any,98806158,100.00,294.0,IpMispredict
     2.504692713,883914,,br_misp_retired.all_branches,98806158,100.00,,
     2.604886428,138523219,,inst_retired.any,98824161,100.00,284.2,IpMispredict
     2.604886428,882040,,br_misp_retired.all_branches,98824161,100.00,,
     2.705077575,46779124,,inst_retired.any,33377479,100.00,97.4,IpMispredict
     2.705077575,298993,,br_misp_retired.all_branches,33377479,100.00,,
     2.805262025,<not counted>,,inst_retired.any,0,100.00,,
     2.805262025,<not counted>,,br_misp_retired.all_branches,0,100.00,,
     2.905449999,<not counted>,,inst_retired.any,0,100.00,,
     2.905449999,<not counted>,,br_misp_retired.all_branches,0,100.00,,
     3.005619721,<not counted>,,inst_retired.any,0,100.00,,
     3.005619721,<not counted>,,br_misp_retired.all_branches,0,100.00,,
     3.105790868,54885238,,inst_retired.any,47285242,100.00,127.5,IpMispredict
     3.105790868,375518,,br_misp_retired.all_branches,47285242,100.00,,
     3.205980369,138133656,,inst_retired.any,98400853,100.00,310.7,IpMispredict
     3.205980369,880156,,br_misp_retired.all_branches,98400853,100.00,,
     3.306171514,141378779,,inst_retired.any,99274416,100.00,308.6,IpMispredict
     3.306171514,891144,,br_misp_retired.all_branches,99274416,100.00,,
     3.406358872,47051463,,inst_retired.any,32847215,100.00,103.8,IpMispredict
     3.406358872,295578,,br_misp_retired.all_branches,32847215,100.00,,
     3.506545703,49158040,,inst_retired.any,45161675,100.00,109.0,IpMispredict
     3.506545703,365946,,br_misp_retired.all_branches,45161675,100.00,,
     3.606742377,134862238,,inst_retired.any,97397709,100.00,291.5,IpMispredict
     3.606742377,875711,,br_misp_retired.all_branches,97397709,100.00,,
     3.706932080,141533990,,inst_retired.any,99038285,100.00,298.4,IpMispredict
     3.706932080,894563,,br_misp_retired.all_branches,99038285,100.00,,
     3.807121590,47056590,,inst_retired.any,33534663,100.00,100.2,IpMispredict
     3.807121590,298909,,br_misp_retired.all_branches,33534663,100.00,,
     3.907305087,<not counted>,,inst_retired.any,0,100.00,,
     3.907305087,<not counted>,,br_misp_retired.all_branches,0,100.00,,
     4.007474161,<not counted>,,inst_retired.any,0,100.00,,
     4.007474161,<not counted>,,br_misp_retired.all_branches,0,100.00,,
     4.107654290,46388142,,inst_retired.any,45248064,100.00,104.6,IpMispredict
     4.107654290,334704,,br_misp_retired.all_branches,45248064,100.00,,
     4.207895992,116521789,,inst_retired.any,91860534,100.00,257.9,IpMispredict
     4.207895992,787462,,br_misp_retired.all_branches,91860534,100.00,,
     4.308107630,138117345,,inst_retired.any,98557225,100.00,299.1,IpMispredict
     4.308107630,880430,,br_misp_retired.all_branches,98557225,100.00,,
     4.408305154,114095317,,inst_retired.any,82342379,100.00,243.9,IpMispredict
     4.408305154,728254,,br_misp_retired.all_branches,82342379,100.00,,
     4.508489908,<not counted>,,inst_retired.any,0,100.00,,
     4.508489908,<not counted>,,br_misp_retired.all_branches,0,100.00,,
     4.608671112,106689402,,inst_retired.any,84983204,100.00,230.4,IpMispredict
     4.608671112,723247,,br_misp_retired.all_branches,84983204,100.00,,
     4.708867355,135339716,,inst_retired.any,97244637,100.00,286.9,IpMispredict
     4.708867355,868172,,br_misp_retired.all_branches,97244637,100.00,,
     4.809057091,88003545,,inst_retired.any,62310586,100.00,185.8,IpMispredict
     4.809057091,560586,,br_misp_retired.all_branches,62310586,100.00,,
     4.909242682,<not counted>,,inst_retired.any,0,100.00,,
     4.909242682,<not counted>,,br_misp_retired.all_branches,0,100.00,,
     5.009415106,<not counted>,,inst_retired.any,0,100.00,,
     5.009415106,<not counted>,,br_misp_retired.all_branches,0,100.00,,
     5.109585627,6840361,,inst_retired.any,10352785,100.00,15.3,IpMispredict
     5.109585627,53837,,br_misp_retired.all_branches,10352785,100.00,,
     5.209778177,130683710,,inst_retired.any,96382062,100.00,287.4,IpMispredict
     5.209778177,856421,,br_misp_retired.all_branches,96382062,100.00,,
     5.309969366,141333820,,inst_retired.any,99083484,100.00,305.2,IpMispredict
     5.309969366,895995,,br_misp_retired.all_branches,99083484,100.00,,
     5.410159404,139661528,,inst_retired.any,98722893,100.00,296.6,IpMispredict
     5.410159404,886627,,br_misp_retired.all_branches,98722893,100.00,,
     5.510345617,20235289,,inst_retired.any,14213479,100.00,43.5,IpMispredict
     5.510345617,129276,,br_misp_retired.all_branches,14213479,100.00,,
     5.610531326,60475132,,inst_retired.any,52223663,100.00,130.4,IpMispredict
     5.610531326,416261,,br_misp_retired.all_branches,52223663,100.00,,
     5.710741746,137939661,,inst_retired.any,98409367,100.00,292.8,IpMispredict
     5.710741746,881786,,br_misp_retired.all_branches,98409367,100.00,,
     5.810926907,122860042,,inst_retired.any,87503497,100.00,257.8,IpMispredict
     5.810926907,786814,,br_misp_retired.all_branches,87503497,100.00,,
     5.911111396,<not counted>,,inst_retired.any,0,100.00,,
     5.911111396,<not counted>,,br_misp_retired.all_branches,0,100.00,,
     6.011280201,<not counted>,,inst_retired.any,0,100.00,,
     6.011280201,<not counted>,,br_misp_retired.all_branches,0,100.00,,
     6.111449406,<not counted>,,inst_retired.any,0,100.00,,
     6.111449406,<not counted>,,br_misp_retired.all_branches,0,100.00,,
     6.211619615,101230705,,inst_retired.any,80107330,100.00,221.7,IpMispredict
     6.211619615,667084,,br_misp_retired.all_branches,80107330,100.00,,
     6.311820848,140793877,,inst_retired.any,99052579,100.00,303.8,IpMispredict
     6.311820848,885228,,br_misp_retired.all_branches,99052579,100.00,,
     6.412012149,137386058,,inst_retired.any,98057456,100.00,292.4,IpMispredict
     6.412012149,872937,,br_misp_retired.all_branches,98057456,100.00,,
     6.512199297,62693383,,inst_retired.any,45345815,100.00,133.8,IpMispredict
     6.512199297,400653,,br_misp_retired.all_branches,45345815,100.00,,
     6.612395476,21246660,,inst_retired.any,23014548,100.00,45.8,IpMispredict
     6.612395476,155662,,br_misp_retired.all_branches,23014548,100.00,,
     6.712586476,131930020,,inst_retired.any,96685329,100.00,280.8,IpMispredict
     6.712586476,859172,,br_misp_retired.all_branches,96685329,100.00,,
     6.812773664,138592262,,inst_retired.any,98657847,100.00,291.2,IpMispredict
     6.812773664,882504,,br_misp_retired.all_branches,98657847,100.00,,
     6.912963426,29168046,,inst_retired.any,20572879,100.00,61.8,IpMispredict
     6.912963426,184735,,br_misp_retired.all_branches,20572879,100.00,,
     7.013153435,<not counted>,,inst_retired.any,0,100.00,,
     7.013153435,<not counted>,,br_misp_retired.all_branches,0,100.00,,
     7.113325234,<not counted>,,inst_retired.any,0,100.00,,
     7.113325234,<not counted>,,br_misp_retired.all_branches,0,100.00,,
     7.213498136,53463674,,inst_retired.any,47746575,100.00,116.9,IpMispredict
     7.213498136,373569,,br_misp_retired.all_branches,47746575,100.00,,
     7.313687838,139309383,,inst_retired.any,98741749,100.00,300.8,IpMispredict
     7.313687838,883101,,br_misp_retired.all_branches,98741749,100.00,,
     7.413876547,136678355,,inst_retired.any,98080120,100.00,291.7,IpMispredict
     7.413876547,869654,,br_misp_retired.all_branches,98080120,100.00,,
     7.514064343,103642307,,inst_retired.any,76770783,100.00,219.9,IpMispredict
     7.514064343,668145,,br_misp_retired.all_branches,76770783,100.00,,
     7.614248878,<not counted>,,inst_retired.any,0,100.00,,
     7.614248878,<not counted>,,br_misp_retired.all_branches,0,100.00,,
     7.714420419,110183330,,inst_retired.any,88374931,100.00,235.1,IpMispredict
     7.714420419,737383,,br_misp_retired.all_branches,88374931,100.00,,
     7.814610530,134587120,,inst_retired.any,97646667,100.00,284.1,IpMispredict
     7.814610530,868066,,br_misp_retired.all_branches,97646667,100.00,,
     7.914797895,69496866,,inst_retired.any,51018974,100.00,146.8,IpMispredict
     7.914797895,450000,,br_misp_retired.all_branches,51018974,100.00,,
     8.014980728,<not counted>,,inst_retired.any,0,100.00,,
     8.014980728,<not counted>,,br_misp_retired.all_branches,0,100.00,,
     8.115150986,<not counted>,,inst_retired.any,0,100.00,,
     8.115150986,<not counted>,,br_misp_retired.all_branches,0,100.00,,
     8.215336523,17206489,,inst_retired.any,18749310,100.00,37.6,IpMispredict
     8.215336523,127346,,br_misp_retired.all_branches,18749310,100.00,,
     8.315534156,133216541,,inst_retired.any,96638306,100.00,288.0,IpMispredict
     8.315534156,860582,,br_misp_retired.all_branches,96638306,100.00,,
     8.415726901,137013420,,inst_retired.any,98252957,100.00,293.1,IpMispredict
     8.415726901,874276,,br_misp_retired.all_branches,98252957,100.00,,
     8.515935095,140085953,,inst_retired.any,98981155,100.00,296.6,IpMispredict
     8.515935095,886373,,br_misp_retired.all_branches,98981155,100.00,,
     8.616124457,19856086,,inst_retired.any,14409661,100.00,42.4,IpMispredict
     8.616124457,125855,,br_misp_retired.all_branches,14409661,100.00,,
     8.716310078,67158995,,inst_retired.any,56143562,100.00,143.5,IpMispredict
     8.716310078,451926,,br_misp_retired.all_branches,56143562,100.00,,
     8.816500524,138353733,,inst_retired.any,98376934,100.00,292.6,IpMispredict
     8.816500524,886593,,br_misp_retired.all_branches,98376934,100.00,,
     8.916687496,114516525,,inst_retired.any,82020139,100.00,240.7,IpMispredict
     8.916687496,737266,,br_misp_retired.all_branches,82020139,100.00,,
     9.016873245,<not counted>,,inst_retired.any,0,100.00,,
     9.016873245,<not counted>,,br_misp_retired.all_branches,0,100.00,,
     9.117048067,<not counted>,,inst_retired.any,0,100.00,,
     9.117048067,<not counted>,,br_misp_retired.all_branches,0,100.00,,
     9.217224689,<not counted>,,inst_retired.any,0,100.00,,
     9.217224689,<not counted>,,br_misp_retired.all_branches,0,100.00,,
     9.317395951,102572481,,inst_retired.any,82687799,100.00,221.7,IpMispredict
     9.317395951,684915,,br_misp_retired.all_branches,82687799,100.00,,
     9.417587771,137168808,,inst_retired.any,98579062,100.00,293.6,IpMispredict
     9.417587771,878501,,br_misp_retired.all_branches,98579062,100.00,,
     9.517776081,142065307,,inst_retired.any,99536291,100.00,301.2,IpMispredict
     9.517776081,897023,,br_misp_retired.all_branches,99536291,100.00,,
     9.617962947,55397060,,inst_retired.any,39824702,100.00,117.8,IpMispredict
     9.617962947,353312,,br_misp_retired.all_branches,39824702,100.00,,
     9.718147366,29810556,,inst_retired.any,28223461,100.00,63.7,IpMispredict
     9.718147366,208489,,br_misp_retired.all_branches,28223461,100.00,,
     9.818338517,136420044,,inst_retired.any,97880631,100.00,289.1,IpMispredict
     9.818338517,875811,,br_misp_retired.all_branches,97880631,100.00,,
     9.918527787,140888933,,inst_retired.any,99071476,100.00,295.9,IpMispredict
     9.918527787,896310,,br_misp_retired.all_branches,99071476,100.00,,
    10.018715150,15845138,,inst_retired.any,11371422,100.00,33.5,IpMispredict
    10.018715150,100700,,br_misp_retired.all_branches,11371422,100.00,,
    10.118897694,<not counted>,,inst_retired.any,0,100.00,,
    10.118897694,<not counted>,,br_misp_retired.all_branches,0,100.00,,
    10.219066670,<not counted>,,inst_retired.any,0,100.00,,
    10.219066670,<not counted>,,br_misp_retired.all_branches,0,100.00,,
    10.319238052,69848852,,inst_retired.any,57063974,100.00,150.8,IpMispredict
    10.319238052,468385,,br_misp_retired.all_branches,57063974,100.00,,
    10.419428298,140768695,,inst_retired.any,99138062,100.00,301.2,IpMispredict
    10.419428298,895929,,br_misp_retired.all_branches,99138062,100.00,,
    10.519617986,139528702,,inst_retired.any,98725708,100.00,296.0,IpMispredict
    10.519617986,888086,,br_misp_retired.all_branches,98725708,100.00,,
    10.619804196,99286833,,inst_retired.any,70171108,100.00,210.0,IpMispredict
    10.619804196,629403,,br_misp_retired.all_branches,70171108,100.00,,
    10.719986974,803980,,inst_retired.any,1153288,100.00,1.7,IpMispredict
    10.719986974,10441,,br_misp_retired.all_branches,1153288,100.00,,
    10.820175001,99835408,,inst_retired.any,88871097,100.00,212.1,IpMispredict
    10.820175001,707596,,br_misp_retired.all_branches,88871097,100.00,,
    10.920372227,125370972,,inst_retired.any,94806971,100.00,264.5,IpMispredict
    10.920372227,823535,,br_misp_retired.all_branches,94806971,100.00,,
    11.020561249,62842751,,inst_retired.any,44792691,100.00,132.8,IpMispredict
    11.020561249,401534,,br_misp_retired.all_branches,44792691,100.00,,
