# started on Mon May  1 19:33:11 2023

     0.100192274,5632799,,offcore_response.all_requests.llc_hit.any_response,49730564,100.00,,
     0.100192274,75914,,offcore_response.all_requests.llc_miss.any_response,49712824,100.00,,
     0.200417236,5700093,,offcore_response.all_requests.llc_hit.any_response,50255179,100.00,,
     0.200417236,76495,,offcore_response.all_requests.llc_miss.any_response,50255179,100.00,,
     0.300608189,5678457,,offcore_response.all_requests.llc_hit.any_response,50151443,100.00,,
     0.300608189,75772,,offcore_response.all_requests.llc_miss.any_response,50151443,100.00,,
     0.400796955,5668292,,offcore_response.all_requests.llc_hit.any_response,49838574,100.00,,
     0.400796955,75797,,offcore_response.all_requests.llc_miss.any_response,49838574,100.00,,
     0.500987809,5647124,,offcore_response.all_requests.llc_hit.any_response,49653241,100.00,,
     0.500987809,73012,,offcore_response.all_requests.llc_miss.any_response,49674038,100.00,,
     0.601187561,5735319,,offcore_response.all_requests.llc_hit.any_response,49692069,100.00,,
     0.601187561,73931,,offcore_response.all_requests.llc_miss.any_response,49698138,100.00,,
     0.701386485,5783460,,offcore_response.all_requests.llc_hit.any_response,49650391,100.00,,
     0.701386485,75130,,offcore_response.all_requests.llc_miss.any_response,49642930,100.00,,
     0.801581341,5747594,,offcore_response.all_requests.llc_hit.any_response,49518120,100.00,,
     0.801581341,75011,,offcore_response.all_requests.llc_miss.any_response,49520041,100.00,,
     0.901776215,5793280,,offcore_response.all_requests.llc_hit.any_response,49906512,100.00,,
     0.901776215,75701,,offcore_response.all_requests.llc_miss.any_response,49885186,100.00,,
     1.001964641,5817831,,offcore_response.all_requests.llc_hit.any_response,50087332,100.00,,
     1.001964641,75816,,offcore_response.all_requests.llc_miss.any_response,50102295,100.00,,
     1.102158030,5760582,,offcore_response.all_requests.llc_hit.any_response,49568693,100.00,,
     1.102158030,75005,,offcore_response.all_requests.llc_miss.any_response,49574594,100.00,,
     1.202350883,5775915,,offcore_response.all_requests.llc_hit.any_response,49609927,100.00,,
     1.202350883,75443,,offcore_response.all_requests.llc_miss.any_response,49607200,100.00,,
     1.302542223,5765318,,offcore_response.all_requests.llc_hit.any_response,49543935,100.00,,
     1.302542223,75197,,offcore_response.all_requests.llc_miss.any_response,49546444,100.00,,
     1.402734045,5769586,,offcore_response.all_requests.llc_hit.any_response,49562452,100.00,,
     1.402734045,75494,,offcore_response.all_requests.llc_miss.any_response,49541806,100.00,,
     1.502921896,5788543,,offcore_response.all_requests.llc_hit.any_response,49761145,100.00,,
     1.502921896,75815,,offcore_response.all_requests.llc_miss.any_response,49761145,100.00,,
     1.603111017,5786841,,offcore_response.all_requests.llc_hit.any_response,49817947,100.00,,
     1.603111017,75707,,offcore_response.all_requests.llc_miss.any_response,49817947,100.00,,
     1.703304864,5799720,,offcore_response.all_requests.llc_hit.any_response,49876156,100.00,,
     1.703304864,75702,,offcore_response.all_requests.llc_miss.any_response,49896988,100.00,,
     1.803498843,5725048,,offcore_response.all_requests.llc_hit.any_response,49520691,100.00,,
     1.803498843,75142,,offcore_response.all_requests.llc_miss.any_response,49521277,100.00,,
     1.903720233,5746723,,offcore_response.all_requests.llc_hit.any_response,49675354,100.00,,
     1.903720233,75420,,offcore_response.all_requests.llc_miss.any_response,49664932,100.00,,
     2.003913197,5819048,,offcore_response.all_requests.llc_hit.any_response,50132391,100.00,,
     2.003913197,75977,,offcore_response.all_requests.llc_miss.any_response,50121395,100.00,,
     2.104092094,5801829,,offcore_response.all_requests.llc_hit.any_response,49933064,100.00,,
     2.104092094,75457,,offcore_response.all_requests.llc_miss.any_response,49953684,100.00,,
     2.204289919,5774092,,offcore_response.all_requests.llc_hit.any_response,49602017,100.00,,
     2.204289919,75216,,offcore_response.all_requests.llc_miss.any_response,49599547,100.00,,
     2.304503628,5834696,,offcore_response.all_requests.llc_hit.any_response,50264001,100.00,,
     2.304503628,76028,,offcore_response.all_requests.llc_miss.any_response,50245851,100.00,,
     2.404694287,5779390,,offcore_response.all_requests.llc_hit.any_response,49763642,100.00,,
     2.404694287,75109,,offcore_response.all_requests.llc_miss.any_response,49784865,100.00,,
     2.504888726,5736670,,offcore_response.all_requests.llc_hit.any_response,49544014,100.00,,
     2.504888726,74761,,offcore_response.all_requests.llc_miss.any_response,49543458,100.00,,
     2.605084811,5820906,,offcore_response.all_requests.llc_hit.any_response,50011208,100.00,,
     2.605084811,75658,,offcore_response.all_requests.llc_miss.any_response,49990541,100.00,,
     2.705274000,5783234,,offcore_response.all_requests.llc_hit.any_response,49790312,100.00,,
     2.705274000,75636,,offcore_response.all_requests.llc_miss.any_response,49790312,100.00,,
     2.805463856,5806419,,offcore_response.all_requests.llc_hit.any_response,50035205,100.00,,
     2.805463856,75559,,offcore_response.all_requests.llc_miss.any_response,50056352,100.00,,
     2.905658871,5786349,,offcore_response.all_requests.llc_hit.any_response,49734410,100.00,,
     2.905658871,75111,,offcore_response.all_requests.llc_miss.any_response,49734252,100.00,,
     3.005853513,5775830,,offcore_response.all_requests.llc_hit.any_response,49743342,100.00,,
     3.005853513,75440,,offcore_response.all_requests.llc_miss.any_response,49738390,100.00,,
     3.106046789,5786279,,offcore_response.all_requests.llc_hit.any_response,49715355,100.00,,
     3.106046789,75150,,offcore_response.all_requests.llc_miss.any_response,49720048,100.00,,
     3.206240652,5810657,,offcore_response.all_requests.llc_hit.any_response,50012876,100.00,,
     3.206240652,75523,,offcore_response.all_requests.llc_miss.any_response,49992146,100.00,,
     3.306430656,5805649,,offcore_response.all_requests.llc_hit.any_response,49908913,100.00,,
     3.306430656,76087,,offcore_response.all_requests.llc_miss.any_response,49929706,100.00,,
     3.406627024,5755548,,offcore_response.all_requests.llc_hit.any_response,49381679,100.00,,
     3.406627024,75122,,offcore_response.all_requests.llc_miss.any_response,49366977,100.00,,
     3.506833633,5772837,,offcore_response.all_requests.llc_hit.any_response,49561941,100.00,,
     3.506833633,75100,,offcore_response.all_requests.llc_miss.any_response,49576378,100.00,,
     3.607027679,5798930,,offcore_response.all_requests.llc_hit.any_response,49825270,100.00,,
     3.607027679,75309,,offcore_response.all_requests.llc_miss.any_response,49804742,100.00,,
     3.707216326,5812018,,offcore_response.all_requests.llc_hit.any_response,49986293,100.00,,
     3.707216326,75419,,offcore_response.all_requests.llc_miss.any_response,49986293,100.00,,
     3.807405658,5734727,,offcore_response.all_requests.llc_hit.any_response,49568685,100.00,,
     3.807405658,75063,,offcore_response.all_requests.llc_miss.any_response,49589977,100.00,,
     3.907601666,5769440,,offcore_response.all_requests.llc_hit.any_response,49656214,100.00,,
     3.907601666,75117,,offcore_response.all_requests.llc_miss.any_response,49648595,100.00,,
     4.007793153,5834163,,offcore_response.all_requests.llc_hit.any_response,50215669,100.00,,
     4.007793153,75713,,offcore_response.all_requests.llc_miss.any_response,50201996,100.00,,
     4.107984339,5788392,,offcore_response.all_requests.llc_hit.any_response,49885372,100.00,,
     4.107984339,75374,,offcore_response.all_requests.llc_miss.any_response,49906122,100.00,,
     4.208179923,5762940,,offcore_response.all_requests.llc_hit.any_response,49446398,100.00,,
     4.208179923,75019,,offcore_response.all_requests.llc_miss.any_response,49425648,100.00,,
     4.308370387,5839740,,offcore_response.all_requests.llc_hit.any_response,50146048,100.00,,
     4.308370387,75809,,offcore_response.all_requests.llc_miss.any_response,50166668,100.00,,
     4.408566250,5746583,,offcore_response.all_requests.llc_hit.any_response,49453361,100.00,,
     4.408566250,74834,,offcore_response.all_requests.llc_miss.any_response,49454009,100.00,,
     4.508778419,5821146,,offcore_response.all_requests.llc_hit.any_response,50005348,100.00,,
     4.508778419,75674,,offcore_response.all_requests.llc_miss.any_response,49984080,100.00,,
     4.608967190,5797107,,offcore_response.all_requests.llc_hit.any_response,49914224,100.00,,
     4.608967190,75603,,offcore_response.all_requests.llc_miss.any_response,49935413,100.00,,
     4.709146889,5748135,,offcore_response.all_requests.llc_hit.any_response,49464596,100.00,,
     4.709146889,75211,,offcore_response.all_requests.llc_miss.any_response,49464175,100.00,,
     4.809342642,5800219,,offcore_response.all_requests.llc_hit.any_response,49888464,100.00,,
     4.809342642,75597,,offcore_response.all_requests.llc_miss.any_response,49867696,100.00,,
     4.909539399,5820402,,offcore_response.all_requests.llc_hit.any_response,49998804,100.00,,
     4.909539399,75727,,offcore_response.all_requests.llc_miss.any_response,50012023,100.00,,
     5.009739175,5804686,,offcore_response.all_requests.llc_hit.any_response,49927863,100.00,,
     5.009739175,75314,,offcore_response.all_requests.llc_miss.any_response,49914644,100.00,,
     5.109933631,5787279,,offcore_response.all_requests.llc_hit.any_response,49745033,100.00,,
     5.109933631,74747,,offcore_response.all_requests.llc_miss.any_response,49765890,100.00,,
     5.210127882,5803359,,offcore_response.all_requests.llc_hit.any_response,49717556,100.00,,
     5.210127882,74734,,offcore_response.all_requests.llc_miss.any_response,49718095,100.00,,
     5.310340291,5861213,,offcore_response.all_requests.llc_hit.any_response,50295673,100.00,,
     5.310340291,75476,,offcore_response.all_requests.llc_miss.any_response,50274277,100.00,,
     5.410529145,5794170,,offcore_response.all_requests.llc_hit.any_response,49728896,100.00,,
     5.410529145,74924,,offcore_response.all_requests.llc_miss.any_response,49728896,100.00,,
     5.510718815,5811024,,offcore_response.all_requests.llc_hit.any_response,49683157,100.00,,
     5.510718815,74796,,offcore_response.all_requests.llc_miss.any_response,49691412,100.00,,
     5.610910416,5799716,,offcore_response.all_requests.llc_hit.any_response,49606886,100.00,,
     5.610910416,74314,,offcore_response.all_requests.llc_miss.any_response,49616300,100.00,,
     5.711104955,5801395,,offcore_response.all_requests.llc_hit.any_response,49619078,100.00,,
     5.711104955,74461,,offcore_response.all_requests.llc_miss.any_response,49611492,100.00,,
     5.811297970,5884494,,offcore_response.all_requests.llc_hit.any_response,50358654,100.00,,
     5.811297970,75586,,offcore_response.all_requests.llc_miss.any_response,50366265,100.00,,
     5.911491402,5767359,,offcore_response.all_requests.llc_hit.any_response,49462115,100.00,,
     5.911491402,74928,,offcore_response.all_requests.llc_miss.any_response,49463674,100.00,,
     6.011682450,5799739,,offcore_response.all_requests.llc_hit.any_response,49642367,100.00,,
     6.011682450,74992,,offcore_response.all_requests.llc_miss.any_response,49645009,100.00,,
     6.111890957,5815073,,offcore_response.all_requests.llc_hit.any_response,49959623,100.00,,
     6.111890957,75002,,offcore_response.all_requests.llc_miss.any_response,49937728,100.00,,
     6.212078668,5854959,,offcore_response.all_requests.llc_hit.any_response,50185259,100.00,,
     6.212078668,75711,,offcore_response.all_requests.llc_miss.any_response,50185259,100.00,,
     6.312270079,5799337,,offcore_response.all_requests.llc_hit.any_response,49717047,100.00,,
     6.312270079,74896,,offcore_response.all_requests.llc_miss.any_response,49737718,100.00,,
     6.412463861,5777122,,offcore_response.all_requests.llc_hit.any_response,49557383,100.00,,
     6.412463861,74620,,offcore_response.all_requests.llc_miss.any_response,49558255,100.00,,
     6.512661095,5814522,,offcore_response.all_requests.llc_hit.any_response,49833790,100.00,,
     6.512661095,75125,,offcore_response.all_requests.llc_miss.any_response,49812247,100.00,,
     6.612875528,5845360,,offcore_response.all_requests.llc_hit.any_response,50040994,100.00,,
     6.612875528,75373,,offcore_response.all_requests.llc_miss.any_response,50040994,100.00,,
     6.713066844,5825923,,offcore_response.all_requests.llc_hit.any_response,49725148,100.00,,
     6.713066844,75174,,offcore_response.all_requests.llc_miss.any_response,49745935,100.00,,
     6.813261305,5797698,,offcore_response.all_requests.llc_hit.any_response,49696264,100.00,,
     6.813261305,74768,,offcore_response.all_requests.llc_miss.any_response,49696710,100.00,,
     6.913455963,5857848,,offcore_response.all_requests.llc_hit.any_response,50006751,100.00,,
     6.913455963,75382,,offcore_response.all_requests.llc_miss.any_response,49985518,100.00,,
     7.013645331,5844950,,offcore_response.all_requests.llc_hit.any_response,50119558,100.00,,
     7.013645331,75480,,offcore_response.all_requests.llc_miss.any_response,50139754,100.00,,
     7.113841552,5771206,,offcore_response.all_requests.llc_hit.any_response,49654629,100.00,,
     7.113841552,74668,,offcore_response.all_requests.llc_miss.any_response,49655033,100.00,,
     7.214036291,5764659,,offcore_response.all_requests.llc_hit.any_response,49519852,100.00,,
     7.214036291,74543,,offcore_response.all_requests.llc_miss.any_response,49499252,100.00,,
     7.314227778,5822468,,offcore_response.all_requests.llc_hit.any_response,50038957,100.00,,
     7.314227778,75527,,offcore_response.all_requests.llc_miss.any_response,50038957,100.00,,
     7.414416204,5823973,,offcore_response.all_requests.llc_hit.any_response,49977586,100.00,,
     7.414416204,75597,,offcore_response.all_requests.llc_miss.any_response,49977586,100.00,,
     7.514609670,5757996,,offcore_response.all_requests.llc_hit.any_response,49540543,100.00,,
     7.514609670,74675,,offcore_response.all_requests.llc_miss.any_response,49561169,100.00,,
     7.614803535,5784975,,offcore_response.all_requests.llc_hit.any_response,49653900,100.00,,
     7.614803535,75055,,offcore_response.all_requests.llc_miss.any_response,49646783,100.00,,
     7.715001460,5793500,,offcore_response.all_requests.llc_hit.any_response,49754253,100.00,,
     7.715001460,75151,,offcore_response.all_requests.llc_miss.any_response,49740744,100.00,,
     7.815190595,5834961,,offcore_response.all_requests.llc_hit.any_response,50166948,100.00,,
     7.815190595,75709,,offcore_response.all_requests.llc_miss.any_response,50166948,100.00,,
     7.915380685,5766673,,offcore_response.all_requests.llc_hit.any_response,49608805,100.00,,
     7.915380685,74869,,offcore_response.all_requests.llc_miss.any_response,49622116,100.00,,
     8.015572049,5744512,,offcore_response.all_requests.llc_hit.any_response,49543960,100.00,,
     8.015572049,74701,,offcore_response.all_requests.llc_miss.any_response,49552558,100.00,,
     8.115768570,5807356,,offcore_response.all_requests.llc_hit.any_response,49999609,100.00,,
     8.115768570,75356,,offcore_response.all_requests.llc_miss.any_response,49977700,100.00,,
     8.215941742,5815735,,offcore_response.all_requests.llc_hit.any_response,50112338,100.00,,
     8.215941742,75207,,offcore_response.all_requests.llc_miss.any_response,50116700,100.00,,
     8.316114863,5776419,,offcore_response.all_requests.llc_hit.any_response,49628794,100.00,,
     8.316114863,74838,,offcore_response.all_requests.llc_miss.any_response,49644831,100.00,,
     8.416321358,5791227,,offcore_response.all_requests.llc_hit.any_response,49596676,100.00,,
     8.416321358,74844,,offcore_response.all_requests.llc_miss.any_response,49597501,100.00,,
     8.516515862,5798041,,offcore_response.all_requests.llc_hit.any_response,49793453,100.00,,
     8.516515862,74960,,offcore_response.all_requests.llc_miss.any_response,49772229,100.00,,
     8.616703540,5835174,,offcore_response.all_requests.llc_hit.any_response,50175572,100.00,,
     8.616703540,75704,,offcore_response.all_requests.llc_miss.any_response,50196902,100.00,,
     8.716897369,5786486,,offcore_response.all_requests.llc_hit.any_response,49584117,100.00,,
     8.716897369,74843,,offcore_response.all_requests.llc_miss.any_response,49580255,100.00,,
     8.817107405,5762686,,offcore_response.all_requests.llc_hit.any_response,49610633,100.00,,
     8.817107405,74747,,offcore_response.all_requests.llc_miss.any_response,49614587,100.00,,
     8.917301709,5781421,,offcore_response.all_requests.llc_hit.any_response,49789911,100.00,,
     8.917301709,75375,,offcore_response.all_requests.llc_miss.any_response,49768489,100.00,,
     9.017491005,5818573,,offcore_response.all_requests.llc_hit.any_response,50049139,100.00,,
     9.017491005,75503,,offcore_response.all_requests.llc_miss.any_response,50049139,100.00,,
     9.117667500,5779811,,offcore_response.all_requests.llc_hit.any_response,49706874,100.00,,
     9.117667500,75190,,offcore_response.all_requests.llc_miss.any_response,49725597,100.00,,
     9.217833498,5758028,,offcore_response.all_requests.llc_hit.any_response,49504364,100.00,,
     9.217833498,74770,,offcore_response.all_requests.llc_miss.any_response,49491173,100.00,,
     9.318012666,5763957,,offcore_response.all_requests.llc_hit.any_response,49631474,100.00,,
     9.318012666,74899,,offcore_response.all_requests.llc_miss.any_response,49646632,100.00,,
     9.418206037,5777927,,offcore_response.all_requests.llc_hit.any_response,49594125,100.00,,
     9.418206037,75355,,offcore_response.all_requests.llc_miss.any_response,49594872,100.00,,
     9.518400752,5787858,,offcore_response.all_requests.llc_hit.any_response,49656438,100.00,,
     9.518400752,75136,,offcore_response.all_requests.llc_miss.any_response,49655905,100.00,,
     9.618595855,5805369,,offcore_response.all_requests.llc_hit.any_response,49711085,100.00,,
     9.618595855,75025,,offcore_response.all_requests.llc_miss.any_response,49704310,100.00,,
     9.718789051,5794983,,offcore_response.all_requests.llc_hit.any_response,49680237,100.00,,
     9.718789051,75281,,offcore_response.all_requests.llc_miss.any_response,49687079,100.00,,
     9.818982289,5819950,,offcore_response.all_requests.llc_hit.any_response,49959659,100.00,,
     9.818982289,75180,,offcore_response.all_requests.llc_miss.any_response,49960621,100.00,,
     9.919182864,5775981,,offcore_response.all_requests.llc_hit.any_response,49524637,100.00,,
     9.919182864,75320,,offcore_response.all_requests.llc_miss.any_response,49505471,100.00,,
    10.019381310,5840174,,offcore_response.all_requests.llc_hit.any_response,50189982,100.00,,
    10.019381310,75933,,offcore_response.all_requests.llc_miss.any_response,50187215,100.00,,
    10.119579830,5764493,,offcore_response.all_requests.llc_hit.any_response,49446821,100.00,,
    10.119579830,74932,,offcore_response.all_requests.llc_miss.any_response,49467764,100.00,,
    10.219774775,5774252,,offcore_response.all_requests.llc_hit.any_response,49597638,100.00,,
    10.219774775,75282,,offcore_response.all_requests.llc_miss.any_response,49576695,100.00,,
    10.319966399,5845316,,offcore_response.all_requests.llc_hit.any_response,50151869,100.00,,
    10.319966399,75818,,offcore_response.all_requests.llc_miss.any_response,50172753,100.00,,
    10.420161468,5773671,,offcore_response.all_requests.llc_hit.any_response,49535329,100.00,,
    10.420161468,75146,,offcore_response.all_requests.llc_miss.any_response,49535879,100.00,,
    10.520357616,5787159,,offcore_response.all_requests.llc_hit.any_response,49549467,100.00,,
    10.520357616,75008,,offcore_response.all_requests.llc_miss.any_response,49528033,100.00,,
    10.620544802,5864225,,offcore_response.all_requests.llc_hit.any_response,50282564,100.00,,
    10.620544802,76059,,offcore_response.all_requests.llc_miss.any_response,50282564,100.00,,
    10.720733096,5811512,,offcore_response.all_requests.llc_hit.any_response,49691042,100.00,,
    10.720733096,74644,,offcore_response.all_requests.llc_miss.any_response,49708525,100.00,,
    10.820925093,5790703,,offcore_response.all_requests.llc_hit.any_response,49670648,100.00,,
    10.820925093,74608,,offcore_response.all_requests.llc_miss.any_response,49674560,100.00,,
    10.921118748,5842563,,offcore_response.all_requests.llc_hit.any_response,50248318,100.00,,
    10.921118748,75509,,offcore_response.all_requests.llc_miss.any_response,50248048,100.00,,
    11.021333459,5787104,,offcore_response.all_requests.llc_hit.any_response,49822200,100.00,,
    11.021333459,75136,,offcore_response.all_requests.llc_miss.any_response,49801075,100.00,,
