# started on Mon May  1 19:33:24 2023

     0.100171150,9041208,,offcore_response.all_requests.llc_hit.any_response,74619660,100.00,,
     0.100171150,748,,offcore_response.all_requests.llc_miss.any_response,74614448,100.00,,
     0.200403987,9036708,,offcore_response.all_requests.llc_hit.any_response,74719539,100.00,,
     0.200403987,706,,offcore_response.all_requests.llc_miss.any_response,74722471,100.00,,
     0.300600721,9050974,,offcore_response.all_requests.llc_hit.any_response,74757114,100.00,,
     0.300600721,694,,offcore_response.all_requests.llc_miss.any_response,74757751,100.00,,
     0.400798710,9154846,,offcore_response.all_requests.llc_hit.any_response,75610749,100.00,,
     0.400798710,701,,offcore_response.all_requests.llc_miss.any_response,75609868,100.00,,
     0.500994668,9035513,,offcore_response.all_requests.llc_hit.any_response,74951912,100.00,,
     0.500994668,727,,offcore_response.all_requests.llc_miss.any_response,74952662,100.00,,
     0.601178006,9065903,,offcore_response.all_requests.llc_hit.any_response,74780941,100.00,,
     0.601178006,732,,offcore_response.all_requests.llc_miss.any_response,74780135,100.00,,
     0.701371761,9139226,,offcore_response.all_requests.llc_hit.any_response,75696447,100.00,,
     0.701371761,860,,offcore_response.all_requests.llc_miss.any_response,75689846,100.00,,
     0.801566463,5780385,,offcore_response.all_requests.llc_hit.any_response,47899292,100.00,,
     0.801566463,607,,offcore_response.all_requests.llc_miss.any_response,47885374,100.00,,
     0.901760295,2884573,,offcore_response.all_requests.llc_hit.any_response,28207992,100.00,,
     0.901760295,284,,offcore_response.all_requests.llc_miss.any_response,28231007,100.00,,
     1.001960692,10030711,,offcore_response.all_requests.llc_hit.any_response,83348963,100.00,,
     1.001960692,428,,offcore_response.all_requests.llc_miss.any_response,83346537,100.00,,
     1.102153730,10027164,,offcore_response.all_requests.llc_hit.any_response,83303001,100.00,,
     1.102153730,434,,offcore_response.all_requests.llc_miss.any_response,83303834,100.00,,
     1.202349336,10038368,,offcore_response.all_requests.llc_hit.any_response,83342337,100.00,,
     1.202349336,448,,offcore_response.all_requests.llc_miss.any_response,83341598,100.00,,
     1.302543686,10059324,,offcore_response.all_requests.llc_hit.any_response,83363775,100.00,,
     1.302543686,488,,offcore_response.all_requests.llc_miss.any_response,83350538,100.00,,
     1.402737154,10061974,,offcore_response.all_requests.llc_hit.any_response,83418752,100.00,,
     1.402737154,494,,offcore_response.all_requests.llc_miss.any_response,83431957,100.00,,
     1.502931415,10025489,,offcore_response.all_requests.llc_hit.any_response,83361142,100.00,,
     1.502931415,469,,offcore_response.all_requests.llc_miss.any_response,83361775,100.00,,
     1.603127074,10070660,,offcore_response.all_requests.llc_hit.any_response,83377480,100.00,,
     1.603127074,539,,offcore_response.all_requests.llc_miss.any_response,83361349,100.00,,
     1.703319898,9970699,,offcore_response.all_requests.llc_hit.any_response,82584738,100.00,,
     1.703319898,567,,offcore_response.all_requests.llc_miss.any_response,82597244,100.00,,
     1.803516931,10065431,,offcore_response.all_requests.llc_hit.any_response,83420912,100.00,,
     1.803516931,496,,offcore_response.all_requests.llc_miss.any_response,83423940,100.00,,
     1.903743575,5171056,,offcore_response.all_requests.llc_hit.any_response,42958444,100.00,,
     1.903743575,378,,offcore_response.all_requests.llc_miss.any_response,42937757,100.00,,
     2.003941942,<not counted>,,offcore_response.all_requests.llc_hit.any_response,0,100.00,,
     2.003941942,<not counted>,,offcore_response.all_requests.llc_miss.any_response,0,100.00,,
     2.104128150,2678677,,offcore_response.all_requests.llc_hit.any_response,28018445,100.00,,
     2.104128150,420,,offcore_response.all_requests.llc_miss.any_response,28041460,100.00,,
     2.204327808,9983570,,offcore_response.all_requests.llc_hit.any_response,83249979,100.00,,
     2.204327808,666,,offcore_response.all_requests.llc_miss.any_response,83247379,100.00,,
     2.304543729,10020141,,offcore_response.all_requests.llc_hit.any_response,83364982,100.00,,
     2.304543729,697,,offcore_response.all_requests.llc_miss.any_response,83353492,100.00,,
     2.404740538,10059399,,offcore_response.all_requests.llc_hit.any_response,83375078,100.00,,
     2.404740538,619,,offcore_response.all_requests.llc_miss.any_response,83378798,100.00,,
     2.504902995,10068221,,offcore_response.all_requests.llc_hit.any_response,83250819,100.00,,
     2.504902995,673,,offcore_response.all_requests.llc_miss.any_response,83259471,100.00,,
     2.605106456,10040083,,offcore_response.all_requests.llc_hit.any_response,83234752,100.00,,
     2.605106456,671,,offcore_response.all_requests.llc_miss.any_response,83219764,100.00,,
     2.705291113,10005373,,offcore_response.all_requests.llc_hit.any_response,83328717,100.00,,
     2.705291113,798,,offcore_response.all_requests.llc_miss.any_response,83343867,100.00,,
     2.805494270,10015994,,offcore_response.all_requests.llc_hit.any_response,83424031,100.00,,
     2.805494270,747,,offcore_response.all_requests.llc_miss.any_response,83423356,100.00,,
     2.905693024,10072139,,offcore_response.all_requests.llc_hit.any_response,83360621,100.00,,
     2.905693024,796,,offcore_response.all_requests.llc_miss.any_response,83353264,100.00,,
     3.005889597,10065928,,offcore_response.all_requests.llc_hit.any_response,83512071,100.00,,
     3.005889597,810,,offcore_response.all_requests.llc_miss.any_response,83519171,100.00,,
     3.106084745,5372984,,offcore_response.all_requests.llc_hit.any_response,44532912,100.00,,
     3.106084745,471,,offcore_response.all_requests.llc_miss.any_response,44512385,100.00,,
     3.206276580,2876996,,offcore_response.all_requests.llc_hit.any_response,28391691,100.00,,
     3.206276580,395,,offcore_response.all_requests.llc_miss.any_response,28409581,100.00,,
     3.306473709,10071085,,offcore_response.all_requests.llc_hit.any_response,83315329,100.00,,
     3.306473709,550,,offcore_response.all_requests.llc_miss.any_response,83317897,100.00,,
     3.406672387,10062656,,offcore_response.all_requests.llc_hit.any_response,83193543,100.00,,
     3.406672387,721,,offcore_response.all_requests.llc_miss.any_response,83178016,100.00,,
     3.506863382,10059221,,offcore_response.all_requests.llc_hit.any_response,83382893,100.00,,
     3.506863382,528,,offcore_response.all_requests.llc_miss.any_response,83398602,100.00,,
     3.607055914,10064631,,offcore_response.all_requests.llc_hit.any_response,83391663,100.00,,
     3.607055914,680,,offcore_response.all_requests.llc_miss.any_response,83389100,100.00,,
     3.707249145,10057333,,offcore_response.all_requests.llc_hit.any_response,83428189,100.00,,
     3.707249145,738,,offcore_response.all_requests.llc_miss.any_response,83431115,100.00,,
     3.807444121,10049065,,offcore_response.all_requests.llc_hit.any_response,83354283,100.00,,
     3.807444121,833,,offcore_response.all_requests.llc_miss.any_response,83354493,100.00,,
     3.907639236,9798566,,offcore_response.all_requests.llc_hit.any_response,81009610,100.00,,
     3.907639236,955,,offcore_response.all_requests.llc_miss.any_response,81021197,100.00,,
     4.007848752,10069295,,offcore_response.all_requests.llc_hit.any_response,83330750,100.00,,
     4.007848752,725,,offcore_response.all_requests.llc_miss.any_response,83319322,100.00,,
     4.108047136,5118137,,offcore_response.all_requests.llc_hit.any_response,42305775,100.00,,
     4.108047136,405,,offcore_response.all_requests.llc_miss.any_response,42284403,100.00,,
     4.208240546,<not counted>,,offcore_response.all_requests.llc_hit.any_response,0,100.00,,
     4.208240546,<not counted>,,offcore_response.all_requests.llc_miss.any_response,0,100.00,,
     4.308423274,3946152,,offcore_response.all_requests.llc_hit.any_response,37564008,100.00,,
     4.308423274,378,,offcore_response.all_requests.llc_miss.any_response,37572334,100.00,,
     4.408623156,10028238,,offcore_response.all_requests.llc_hit.any_response,83211091,100.00,,
     4.408623156,662,,offcore_response.all_requests.llc_miss.any_response,83223266,100.00,,
     4.508837225,10043993,,offcore_response.all_requests.llc_hit.any_response,83345906,100.00,,
     4.508837225,824,,offcore_response.all_requests.llc_miss.any_response,83346606,100.00,,
     4.609031889,10019473,,offcore_response.all_requests.llc_hit.any_response,83393239,100.00,,
     4.609031889,854,,offcore_response.all_requests.llc_miss.any_response,83392560,100.00,,
     4.709226971,10061500,,offcore_response.all_requests.llc_hit.any_response,83344115,100.00,,
     4.709226971,805,,offcore_response.all_requests.llc_miss.any_response,83343042,100.00,,
     4.809422825,10059292,,offcore_response.all_requests.llc_hit.any_response,83235786,100.00,,
     4.809422825,797,,offcore_response.all_requests.llc_miss.any_response,83236914,100.00,,
     4.909617943,10062922,,offcore_response.all_requests.llc_hit.any_response,83478012,100.00,,
     4.909617943,775,,offcore_response.all_requests.llc_miss.any_response,83464774,100.00,,
     5.009812423,10075445,,offcore_response.all_requests.llc_hit.any_response,83412709,100.00,,
     5.009812423,756,,offcore_response.all_requests.llc_miss.any_response,83426135,100.00,,
     5.110008207,10098329,,offcore_response.all_requests.llc_hit.any_response,83496338,100.00,,
     5.110008207,819,,offcore_response.all_requests.llc_miss.any_response,83496815,100.00,,
     5.210205614,5329365,,offcore_response.all_requests.llc_hit.any_response,44109204,100.00,,
     5.210205614,541,,offcore_response.all_requests.llc_miss.any_response,44087962,100.00,,
     5.310390846,<not counted>,,offcore_response.all_requests.llc_hit.any_response,0,100.00,,
     5.310390846,<not counted>,,offcore_response.all_requests.llc_miss.any_response,0,100.00,,
     5.410572985,3977839,,offcore_response.all_requests.llc_hit.any_response,37485157,100.00,,
     5.410572985,364,,offcore_response.all_requests.llc_miss.any_response,37496166,100.00,,
     5.510769597,10020754,,offcore_response.all_requests.llc_hit.any_response,83357979,100.00,,
     5.510769597,628,,offcore_response.all_requests.llc_miss.any_response,83360575,100.00,,
     5.610960934,10060309,,offcore_response.all_requests.llc_hit.any_response,83251433,100.00,,
     5.610960934,751,,offcore_response.all_requests.llc_miss.any_response,83258953,100.00,,
     5.711142037,10035962,,offcore_response.all_requests.llc_hit.any_response,83289549,100.00,,
     5.711142037,817,,offcore_response.all_requests.llc_miss.any_response,83289387,100.00,,
     5.811341352,10078010,,offcore_response.all_requests.llc_hit.any_response,83403951,100.00,,
     5.811341352,767,,offcore_response.all_requests.llc_miss.any_response,83393540,100.00,,
     5.911538111,10096781,,offcore_response.all_requests.llc_hit.any_response,83428313,100.00,,
     5.911538111,766,,offcore_response.all_requests.llc_miss.any_response,83462762,100.00,,
     6.011742749,10059555,,offcore_response.all_requests.llc_hit.any_response,83465594,100.00,,
     6.011742749,852,,offcore_response.all_requests.llc_miss.any_response,83435968,100.00,,
     6.111935592,10090306,,offcore_response.all_requests.llc_hit.any_response,83328792,100.00,,
     6.111935592,808,,offcore_response.all_requests.llc_miss.any_response,83334115,100.00,,
     6.212128759,10113731,,offcore_response.all_requests.llc_hit.any_response,83448422,100.00,,
     6.212128759,782,,offcore_response.all_requests.llc_miss.any_response,83449686,100.00,,
     6.312326683,5341106,,offcore_response.all_requests.llc_hit.any_response,44118841,100.00,,
     6.312326683,425,,offcore_response.all_requests.llc_miss.any_response,44096879,100.00,,
     6.412489838,3989410,,offcore_response.all_requests.llc_hit.any_response,37572187,100.00,,
     6.412489838,472,,offcore_response.all_requests.llc_miss.any_response,37590832,100.00,,
     6.512686788,9969578,,offcore_response.all_requests.llc_hit.any_response,83142483,100.00,,
     6.512686788,526,,offcore_response.all_requests.llc_miss.any_response,83131995,100.00,,
     6.612864298,10032528,,offcore_response.all_requests.llc_hit.any_response,83242495,100.00,,
     6.612864298,701,,offcore_response.all_requests.llc_miss.any_response,83255452,100.00,,
     6.713089272,4940865,,offcore_response.all_requests.llc_hit.any_response,41061755,100.00,,
     6.713089272,470,,offcore_response.all_requests.llc_miss.any_response,41040641,100.00,,
     6.813281305,4153763,,offcore_response.all_requests.llc_hit.any_response,38560914,100.00,,
     6.813281305,472,,offcore_response.all_requests.llc_miss.any_response,38583577,100.00,,
     6.913480182,10009627,,offcore_response.all_requests.llc_hit.any_response,83333134,100.00,,
     6.913480182,614,,offcore_response.all_requests.llc_miss.any_response,83316598,100.00,,
     7.013674613,9977614,,offcore_response.all_requests.llc_hit.any_response,83277725,100.00,,
     7.013674613,683,,offcore_response.all_requests.llc_miss.any_response,83293400,100.00,,
     7.113875247,10038400,,offcore_response.all_requests.llc_hit.any_response,83432679,100.00,,
     7.113875247,697,,offcore_response.all_requests.llc_miss.any_response,83431303,100.00,,
     7.214069590,10046685,,offcore_response.all_requests.llc_hit.any_response,83226972,100.00,,
     7.214069590,616,,offcore_response.all_requests.llc_miss.any_response,83228376,100.00,,
     7.314265347,10057855,,offcore_response.all_requests.llc_hit.any_response,83482691,100.00,,
     7.314265347,729,,offcore_response.all_requests.llc_miss.any_response,83481357,100.00,,
     7.414458732,9874281,,offcore_response.all_requests.llc_hit.any_response,82060996,100.00,,
     7.414458732,940,,offcore_response.all_requests.llc_miss.any_response,82058931,100.00,,
     7.514655939,10023885,,offcore_response.all_requests.llc_hit.any_response,83559216,100.00,,
     7.514655939,823,,offcore_response.all_requests.llc_miss.any_response,83558967,100.00,,
     7.614849761,10014759,,offcore_response.all_requests.llc_hit.any_response,83337038,100.00,,
     7.614849761,718,,offcore_response.all_requests.llc_miss.any_response,83340066,100.00,,
     7.715045531,5162023,,offcore_response.all_requests.llc_hit.any_response,42972792,100.00,,
     7.715045531,425,,offcore_response.all_requests.llc_miss.any_response,42951582,100.00,,
     7.815239491,<not counted>,,offcore_response.all_requests.llc_hit.any_response,0,100.00,,
     7.815239491,<not counted>,,offcore_response.all_requests.llc_miss.any_response,0,100.00,,
     7.915420270,4105185,,offcore_response.all_requests.llc_hit.any_response,38321542,100.00,,
     7.915420270,303,,offcore_response.all_requests.llc_miss.any_response,38344239,100.00,,
     8.015620804,9976006,,offcore_response.all_requests.llc_hit.any_response,83212708,100.00,,
     8.015620804,413,,offcore_response.all_requests.llc_miss.any_response,83210541,100.00,,
     8.115815529,9990009,,offcore_response.all_requests.llc_hit.any_response,83040408,100.00,,
     8.115815529,435,,offcore_response.all_requests.llc_miss.any_response,83056884,100.00,,
     8.216027148,9941163,,offcore_response.all_requests.llc_hit.any_response,83261923,100.00,,
     8.216027148,498,,offcore_response.all_requests.llc_miss.any_response,83231072,100.00,,
     8.316223593,10018012,,offcore_response.all_requests.llc_hit.any_response,83262936,100.00,,
     8.316223593,510,,offcore_response.all_requests.llc_miss.any_response,83278040,100.00,,
     8.416420646,10013993,,offcore_response.all_requests.llc_hit.any_response,83294759,100.00,,
     8.416420646,573,,offcore_response.all_requests.llc_miss.any_response,83292283,100.00,,
     8.516613767,9983801,,offcore_response.all_requests.llc_hit.any_response,83387815,100.00,,
     8.516613767,617,,offcore_response.all_requests.llc_miss.any_response,83375860,100.00,,
     8.616810330,10016344,,offcore_response.all_requests.llc_hit.any_response,83282924,100.00,,
     8.616810330,610,,offcore_response.all_requests.llc_miss.any_response,83296784,100.00,,
     8.717006009,9996701,,offcore_response.all_requests.llc_hit.any_response,83343225,100.00,,
     8.717006009,613,,offcore_response.all_requests.llc_miss.any_response,83329611,100.00,,
     8.817203650,5152098,,offcore_response.all_requests.llc_hit.any_response,42933778,100.00,,
     8.817203650,402,,offcore_response.all_requests.llc_miss.any_response,42926704,100.00,,
     8.917418969,<not counted>,,offcore_response.all_requests.llc_hit.any_response,0,100.00,,
     8.917418969,<not counted>,,offcore_response.all_requests.llc_miss.any_response,0,100.00,,
     9.017601351,4129355,,offcore_response.all_requests.llc_hit.any_response,38725652,100.00,,
     9.017601351,333,,offcore_response.all_requests.llc_miss.any_response,38748444,100.00,,
     9.117798197,10046057,,offcore_response.all_requests.llc_hit.any_response,83289377,100.00,,
     9.117798197,641,,offcore_response.all_requests.llc_miss.any_response,83278032,100.00,,
     9.217989015,10077469,,offcore_response.all_requests.llc_hit.any_response,83316519,100.00,,
     9.217989015,497,,offcore_response.all_requests.llc_miss.any_response,83326315,100.00,,
     9.318183342,10073556,,offcore_response.all_requests.llc_hit.any_response,83366394,100.00,,
     9.318183342,560,,offcore_response.all_requests.llc_miss.any_response,83365978,100.00,,
     9.418376757,10077814,,offcore_response.all_requests.llc_hit.any_response,83506638,100.00,,
     9.418376757,673,,offcore_response.all_requests.llc_miss.any_response,83493305,100.00,,
     9.518568231,10111028,,offcore_response.all_requests.llc_hit.any_response,83590085,100.00,,
     9.518568231,794,,offcore_response.all_requests.llc_miss.any_response,83603056,100.00,,
     9.618760690,10111216,,offcore_response.all_requests.llc_hit.any_response,83368541,100.00,,
     9.618760690,785,,offcore_response.all_requests.llc_miss.any_response,83369357,100.00,,
     9.718954525,10083927,,offcore_response.all_requests.llc_hit.any_response,83589416,100.00,,
     9.718954525,748,,offcore_response.all_requests.llc_miss.any_response,83588952,100.00,,
     9.819146861,10044712,,offcore_response.all_requests.llc_hit.any_response,83281344,100.00,,
     9.819146861,748,,offcore_response.all_requests.llc_miss.any_response,83281996,100.00,,
     9.919346581,5032613,,offcore_response.all_requests.llc_hit.any_response,41646085,100.00,,
     9.919346581,352,,offcore_response.all_requests.llc_miss.any_response,41624616,100.00,,
    10.019541726,<not counted>,,offcore_response.all_requests.llc_hit.any_response,0,100.00,,
    10.019541726,<not counted>,,offcore_response.all_requests.llc_miss.any_response,0,100.00,,
    10.119737937,4154937,,offcore_response.all_requests.llc_hit.any_response,39093253,100.00,,
    10.119737937,488,,offcore_response.all_requests.llc_miss.any_response,39104215,100.00,,
    10.219920577,10034970,,offcore_response.all_requests.llc_hit.any_response,83439273,100.00,,
    10.219920577,839,,offcore_response.all_requests.llc_miss.any_response,83448776,100.00,,
    10.320084784,10052205,,offcore_response.all_requests.llc_hit.any_response,83526547,100.00,,
    10.320084784,871,,offcore_response.all_requests.llc_miss.any_response,83527375,100.00,,
    10.420279228,10046786,,offcore_response.all_requests.llc_hit.any_response,83278919,100.00,,
    10.420279228,587,,offcore_response.all_requests.llc_miss.any_response,83277097,100.00,,
    10.520473735,10038106,,offcore_response.all_requests.llc_hit.any_response,83169943,100.00,,
    10.520473735,695,,offcore_response.all_requests.llc_miss.any_response,83171835,100.00,,
    10.620668496,10046907,,offcore_response.all_requests.llc_hit.any_response,83383068,100.00,,
    10.620668496,847,,offcore_response.all_requests.llc_miss.any_response,83380157,100.00,,
    10.720862018,10065003,,offcore_response.all_requests.llc_hit.any_response,83520758,100.00,,
    10.720862018,907,,offcore_response.all_requests.llc_miss.any_response,83524077,100.00,,
    10.821060791,10079496,,offcore_response.all_requests.llc_hit.any_response,83478465,100.00,,
    10.821060791,714,,offcore_response.all_requests.llc_miss.any_response,83477293,100.00,,
    10.921257363,10060266,,offcore_response.all_requests.llc_hit.any_response,83387799,100.00,,
    10.921257363,730,,offcore_response.all_requests.llc_miss.any_response,83382399,100.00,,
    11.021474684,5002932,,offcore_response.all_requests.llc_hit.any_response,41662665,100.00,,
    11.021474684,453,,offcore_response.all_requests.llc_miss.any_response,41647466,100.00,,
