# started on Mon May  1 16:57:11 2023

     0.100131227,32238404,,inst_retired.any,45145380,100.00,129.9,IpMispredict
     0.100131227,248105,,br_misp_retired.all_branches,45145380,100.00,,
     0.200324675,32092207,,inst_retired.any,44838674,100.00,128.4,IpMispredict
     0.200324675,251747,,br_misp_retired.all_branches,44838674,100.00,,
     0.300503538,32423586,,inst_retired.any,46218827,100.00,126.6,IpMispredict
     0.300503538,268538,,br_misp_retired.all_branches,46218827,100.00,,
     0.400698111,32001603,,inst_retired.any,45041612,100.00,126.9,IpMispredict
     0.400698111,240310,,br_misp_retired.all_branches,45041612,100.00,,
     0.500897217,32649863,,inst_retired.any,42824347,100.00,130.7,IpMispredict
     0.500897217,240450,,br_misp_retired.all_branches,42824347,100.00,,
     0.601090774,32223401,,inst_retired.any,45348226,100.00,127.7,IpMispredict
     0.601090774,264708,,br_misp_retired.all_branches,45348226,100.00,,
     0.701281889,32088881,,inst_retired.any,44595570,100.00,127.9,IpMispredict
     0.701281889,242637,,br_misp_retired.all_branches,44595570,100.00,,
     0.801476150,32305458,,inst_retired.any,44885719,100.00,129.5,IpMispredict
     0.801476150,239780,,br_misp_retired.all_branches,44885719,100.00,,
     0.901672968,32172082,,inst_retired.any,44244745,100.00,129.3,IpMispredict
     0.901672968,243680,,br_misp_retired.all_branches,44244745,100.00,,
     1.001865205,32125164,,inst_retired.any,44465773,100.00,129.9,IpMispredict
     1.001865205,234004,,br_misp_retired.all_branches,44465773,100.00,,
     1.102057776,31987267,,inst_retired.any,44730372,100.00,130.1,IpMispredict
     1.102057776,230177,,br_misp_retired.all_branches,44730372,100.00,,
     1.202253078,32247374,,inst_retired.any,45080153,100.00,131.6,IpMispredict
     1.202253078,236657,,br_misp_retired.all_branches,45080153,100.00,,
     1.302444620,32340373,,inst_retired.any,44930789,100.00,131.8,IpMispredict
     1.302444620,248561,,br_misp_retired.all_branches,44930789,100.00,,
     1.402640525,31925436,,inst_retired.any,44563921,100.00,130.2,IpMispredict
     1.402640525,244633,,br_misp_retired.all_branches,44563921,100.00,,
     1.502834249,32274035,,inst_retired.any,44816569,100.00,130.9,IpMispredict
     1.502834249,263737,,br_misp_retired.all_branches,44816569,100.00,,
     1.603024682,32187515,,inst_retired.any,44045532,100.00,130.8,IpMispredict
     1.603024682,239771,,br_misp_retired.all_branches,44045532,100.00,,
     1.703213882,32181723,,inst_retired.any,45056487,100.00,130.7,IpMispredict
     1.703213882,248983,,br_misp_retired.all_branches,45056487,100.00,,
     1.803406068,32262481,,inst_retired.any,45808277,100.00,130.7,IpMispredict
     1.803406068,255912,,br_misp_retired.all_branches,45808277,100.00,,
     1.903600290,31971672,,inst_retired.any,45112706,100.00,129.6,IpMispredict
     1.903600290,245907,,br_misp_retired.all_branches,45112706,100.00,,
     2.003811088,32493256,,inst_retired.any,45358986,100.00,131.5,IpMispredict
     2.003811088,253106,,br_misp_retired.all_branches,45358986,100.00,,
     2.104005786,31859076,,inst_retired.any,44403027,100.00,129.2,IpMispredict
     2.104005786,235887,,br_misp_retired.all_branches,44403027,100.00,,
     2.204202040,32114710,,inst_retired.any,44634138,100.00,130.1,IpMispredict
     2.204202040,251428,,br_misp_retired.all_branches,44634138,100.00,,
     2.304400833,32306608,,inst_retired.any,45415035,100.00,130.9,IpMispredict
     2.304400833,247128,,br_misp_retired.all_branches,45415035,100.00,,
     2.404592345,31938196,,inst_retired.any,44204913,100.00,129.6,IpMispredict
     2.404592345,236612,,br_misp_retired.all_branches,44204913,100.00,,
     2.504783071,32239281,,inst_retired.any,44885330,100.00,130.6,IpMispredict
     2.504783071,258536,,br_misp_retired.all_branches,44885330,100.00,,
     2.604975836,32360889,,inst_retired.any,45385354,100.00,130.8,IpMispredict
     2.604975836,259524,,br_misp_retired.all_branches,45385354,100.00,,
     2.705170399,32035001,,inst_retired.any,44640526,100.00,129.4,IpMispredict
     2.705170399,253164,,br_misp_retired.all_branches,44640526,100.00,,
     2.805385802,32118548,,inst_retired.any,44610608,100.00,129.7,IpMispredict
     2.805385802,250391,,br_misp_retired.all_branches,44610608,100.00,,
     2.905577746,32024471,,inst_retired.any,44034986,100.00,129.4,IpMispredict
     2.905577746,244098,,br_misp_retired.all_branches,44034986,100.00,,
     3.005773227,32196000,,inst_retired.any,45580435,100.00,129.7,IpMispredict
     3.005773227,267773,,br_misp_retired.all_branches,45580435,100.00,,
     3.105965892,32314570,,inst_retired.any,44625488,100.00,130.1,IpMispredict
     3.105965892,254130,,br_misp_retired.all_branches,44625488,100.00,,
     3.206157570,32203046,,inst_retired.any,44497439,100.00,129.7,IpMispredict
     3.206157570,242976,,br_misp_retired.all_branches,44497439,100.00,,
     3.306349063,32343846,,inst_retired.any,45003205,100.00,130.2,IpMispredict
     3.306349063,251680,,br_misp_retired.all_branches,45003205,100.00,,
     3.406540495,31887541,,inst_retired.any,43751679,100.00,128.6,IpMispredict
     3.406540495,233660,,br_misp_retired.all_branches,43751679,100.00,,
     3.506732063,32308021,,inst_retired.any,45365224,100.00,130.4,IpMispredict
     3.506732063,241790,,br_misp_retired.all_branches,45365224,100.00,,
     3.606923569,31969659,,inst_retired.any,41920563,100.00,129.3,IpMispredict
     3.606923569,227862,,br_misp_retired.all_branches,41920563,100.00,,
     3.707116123,32383482,,inst_retired.any,45325554,100.00,130.9,IpMispredict
     3.707116123,252795,,br_misp_retired.all_branches,45325554,100.00,,
     3.807319442,31941474,,inst_retired.any,44234051,100.00,128.9,IpMispredict
     3.807319442,266580,,br_misp_retired.all_branches,44234051,100.00,,
     3.907516644,32053764,,inst_retired.any,44835307,100.00,129.5,IpMispredict
     3.907516644,237855,,br_misp_retired.all_branches,44835307,100.00,,
     4.007708030,32215527,,inst_retired.any,44962804,100.00,130.2,IpMispredict
     4.007708030,241253,,br_misp_retired.all_branches,44962804,100.00,,
     4.107904489,32474852,,inst_retired.any,45800564,100.00,130.8,IpMispredict
     4.107904489,279973,,br_misp_retired.all_branches,45800564,100.00,,
     4.208097802,31814876,,inst_retired.any,43509749,100.00,128.1,IpMispredict
     4.208097802,251829,,br_misp_retired.all_branches,43509749,100.00,,
     4.308291612,32513976,,inst_retired.any,44951624,100.00,130.9,IpMispredict
     4.308291612,252081,,br_misp_retired.all_branches,44951624,100.00,,
     4.408487174,31824925,,inst_retired.any,44698640,100.00,128.1,IpMispredict
     4.408487174,246846,,br_misp_retired.all_branches,44698640,100.00,,
     4.508679080,32277016,,inst_retired.any,44934158,100.00,129.9,IpMispredict
     4.508679080,258406,,br_misp_retired.all_branches,44934158,100.00,,
     4.608873997,32438209,,inst_retired.any,44382128,100.00,130.7,IpMispredict
     4.608873997,232763,,br_misp_retired.all_branches,44382128,100.00,,
     4.709065953,31923445,,inst_retired.any,44494383,100.00,128.8,IpMispredict
     4.709065953,234260,,br_misp_retired.all_branches,44494383,100.00,,
     4.809258485,32373020,,inst_retired.any,44850477,100.00,130.4,IpMispredict
     4.809258485,266744,,br_misp_retired.all_branches,44850477,100.00,,
     4.909454182,31916767,,inst_retired.any,42758437,100.00,128.5,IpMispredict
     4.909454182,249910,,br_misp_retired.all_branches,42758437,100.00,,
     5.009654268,32267673,,inst_retired.any,45939802,100.00,129.7,IpMispredict
     5.009654268,268477,,br_misp_retired.all_branches,45939802,100.00,,
     5.109853397,32265630,,inst_retired.any,44652090,100.00,129.8,IpMispredict
     5.109853397,240296,,br_misp_retired.all_branches,44652090,100.00,,
     5.210046917,31972779,,inst_retired.any,44412124,100.00,128.5,IpMispredict
     5.210046917,260704,,br_misp_retired.all_branches,44412124,100.00,,
     5.310240400,31884917,,inst_retired.any,44151535,100.00,128.2,IpMispredict
     5.310240400,245765,,br_misp_retired.all_branches,44151535,100.00,,
     5.410434619,32424624,,inst_retired.any,43968049,100.00,130.1,IpMispredict
     5.410434619,270576,,br_misp_retired.all_branches,43968049,100.00,,
     5.510647480,32766729,,inst_retired.any,44582073,100.00,131.5,IpMispredict
     5.510647480,248694,,br_misp_retired.all_branches,44582073,100.00,,
     5.610838932,32307171,,inst_retired.any,44513459,100.00,129.8,IpMispredict
     5.610838932,238819,,br_misp_retired.all_branches,44513459,100.00,,
     5.711028359,31969517,,inst_retired.any,44473859,100.00,128.4,IpMispredict
     5.711028359,248424,,br_misp_retired.all_branches,44473859,100.00,,
     5.811220556,32207720,,inst_retired.any,45346309,100.00,129.3,IpMispredict
     5.811220556,261821,,br_misp_retired.all_branches,45346309,100.00,,
     5.911410955,33147709,,inst_retired.any,45829832,100.00,132.9,IpMispredict
     5.911410955,259134,,br_misp_retired.all_branches,45829832,100.00,,
     6.011603813,32143906,,inst_retired.any,44724514,100.00,128.9,IpMispredict
     6.011603813,251601,,br_misp_retired.all_branches,44724514,100.00,,
     6.111805301,31987081,,inst_retired.any,44675154,100.00,128.2,IpMispredict
     6.111805301,255664,,br_misp_retired.all_branches,44675154,100.00,,
     6.211997799,32376938,,inst_retired.any,45360317,100.00,129.8,IpMispredict
     6.211997799,246507,,br_misp_retired.all_branches,45360317,100.00,,
     6.312189461,32222494,,inst_retired.any,44591411,100.00,129.2,IpMispredict
     6.312189461,249317,,br_misp_retired.all_branches,44591411,100.00,,
     6.412384107,31918314,,inst_retired.any,45324616,100.00,127.7,IpMispredict
     6.412384107,278362,,br_misp_retired.all_branches,45324616,100.00,,
     6.512581700,31912662,,inst_retired.any,42644219,100.00,127.8,IpMispredict
     6.512581700,242479,,br_misp_retired.all_branches,42644219,100.00,,
     6.612777255,32402437,,inst_retired.any,44213739,100.00,129.8,IpMispredict
     6.612777255,238928,,br_misp_retired.all_branches,44213739,100.00,,
     6.712970360,32300328,,inst_retired.any,45397613,100.00,129.5,IpMispredict
     6.712970360,232701,,br_misp_retired.all_branches,45397613,100.00,,
     6.813164615,31815269,,inst_retired.any,44229702,100.00,127.6,IpMispredict
     6.813164615,250377,,br_misp_retired.all_branches,44229702,100.00,,
     6.913354480,32476748,,inst_retired.any,44229487,100.00,130.2,IpMispredict
     6.913354480,248345,,br_misp_retired.all_branches,44229487,100.00,,
     7.013549750,32030178,,inst_retired.any,44495774,100.00,128.5,IpMispredict
     7.013549750,248316,,br_misp_retired.all_branches,44495774,100.00,,
     7.113745085,32524454,,inst_retired.any,43269328,100.00,130.5,IpMispredict
     7.113745085,246347,,br_misp_retired.all_branches,43269328,100.00,,
     7.213941872,31984241,,inst_retired.any,44872568,100.00,128.4,IpMispredict
     7.213941872,237769,,br_misp_retired.all_branches,44872568,100.00,,
     7.314141592,32324787,,inst_retired.any,44960150,100.00,129.7,IpMispredict
     7.314141592,255487,,br_misp_retired.all_branches,44960150,100.00,,
     7.414333325,32059675,,inst_retired.any,44880198,100.00,128.6,IpMispredict
     7.414333325,255826,,br_misp_retired.all_branches,44880198,100.00,,
     7.514530687,32051875,,inst_retired.any,44493653,100.00,128.7,IpMispredict
     7.514530687,232270,,br_misp_retired.all_branches,44493653,100.00,,
     7.614727354,31946531,,inst_retired.any,41913472,100.00,128.3,IpMispredict
     7.614727354,245831,,br_misp_retired.all_branches,41913472,100.00,,
     7.714919036,32691453,,inst_retired.any,45381598,100.00,131.3,IpMispredict
     7.714919036,241950,,br_misp_retired.all_branches,45381598,100.00,,
     7.815116195,32136436,,inst_retired.any,44370078,100.00,129.0,IpMispredict
     7.815116195,256188,,br_misp_retired.all_branches,44370078,100.00,,
     7.915315224,31962755,,inst_retired.any,44661679,100.00,128.3,IpMispredict
     7.915315224,250551,,br_misp_retired.all_branches,44661679,100.00,,
     8.015507440,32349412,,inst_retired.any,44813098,100.00,129.9,IpMispredict
     8.015507440,247960,,br_misp_retired.all_branches,44813098,100.00,,
     8.115700971,31912335,,inst_retired.any,44382118,100.00,128.0,IpMispredict
     8.115700971,262905,,br_misp_retired.all_branches,44382118,100.00,,
     8.215894991,32187351,,inst_retired.any,44217857,100.00,129.1,IpMispredict
     8.215894991,254990,,br_misp_retired.all_branches,44217857,100.00,,
     8.316112239,32283400,,inst_retired.any,45135057,100.00,129.5,IpMispredict
     8.316112239,245462,,br_misp_retired.all_branches,45135057,100.00,,
     8.416302261,32148382,,inst_retired.any,45701134,100.00,128.9,IpMispredict
     8.416302261,267562,,br_misp_retired.all_branches,45701134,100.00,,
     8.516494157,32066916,,inst_retired.any,44982687,100.00,128.4,IpMispredict
     8.516494157,268527,,br_misp_retired.all_branches,44982687,100.00,,
     8.616686491,32429768,,inst_retired.any,44581550,100.00,129.9,IpMispredict
     8.616686491,249098,,br_misp_retired.all_branches,44581550,100.00,,
     8.716880124,32201668,,inst_retired.any,44771898,100.00,128.9,IpMispredict
     8.716880124,263897,,br_misp_retired.all_branches,44771898,100.00,,
     8.817073611,31878211,,inst_retired.any,44903182,100.00,127.7,IpMispredict
     8.817073611,236948,,br_misp_retired.all_branches,44903182,100.00,,
     8.917265276,32437591,,inst_retired.any,45605734,100.00,129.9,IpMispredict
     8.917265276,249757,,br_misp_retired.all_branches,45605734,100.00,,
     9.017456036,32139292,,inst_retired.any,44978586,100.00,128.8,IpMispredict
     9.017456036,241814,,br_misp_retired.all_branches,44978586,100.00,,
     9.117656245,32121052,,inst_retired.any,44758023,100.00,128.8,IpMispredict
     9.117656245,237020,,br_misp_retired.all_branches,44758023,100.00,,
     9.217852752,32228027,,inst_retired.any,45336843,100.00,129.1,IpMispredict
     9.217852752,256717,,br_misp_retired.all_branches,45336843,100.00,,
     9.318046949,32151321,,inst_retired.any,45213168,100.00,128.9,IpMispredict
     9.318046949,243507,,br_misp_retired.all_branches,45213168,100.00,,
     9.418240128,32055302,,inst_retired.any,44642406,100.00,128.5,IpMispredict
     9.418240128,249886,,br_misp_retired.all_branches,44642406,100.00,,
     9.518432569,32197508,,inst_retired.any,44716800,100.00,129.1,IpMispredict
     9.518432569,240723,,br_misp_retired.all_branches,44716800,100.00,,
     9.618626405,32105490,,inst_retired.any,45063616,100.00,128.7,IpMispredict
     9.618626405,245393,,br_misp_retired.all_branches,45063616,100.00,,
     9.718822154,32120508,,inst_retired.any,43700161,100.00,128.8,IpMispredict
     9.718822154,247696,,br_misp_retired.all_branches,43700161,100.00,,
     9.819016000,32071176,,inst_retired.any,43891662,100.00,128.7,IpMispredict
     9.819016000,243592,,br_misp_retired.all_branches,43891662,100.00,,
     9.919206631,32261082,,inst_retired.any,44438053,100.00,129.4,IpMispredict
     9.919206631,248020,,br_misp_retired.all_branches,44438053,100.00,,
    10.019417999,32224332,,inst_retired.any,44784381,100.00,129.3,IpMispredict
    10.019417999,241265,,br_misp_retired.all_branches,44784381,100.00,,
    10.119618324,32108822,,inst_retired.any,45550300,100.00,128.8,IpMispredict
    10.119618324,253315,,br_misp_retired.all_branches,45550300,100.00,,
    10.219824008,32299238,,inst_retired.any,45965935,100.00,129.6,IpMispredict
    10.219824008,252415,,br_misp_retired.all_branches,45965935,100.00,,
    10.320020352,32109439,,inst_retired.any,45009376,100.00,128.8,IpMispredict
    10.320020352,247622,,br_misp_retired.all_branches,45009376,100.00,,
    10.420217022,32118936,,inst_retired.any,44257060,100.00,128.9,IpMispredict
    10.420217022,243713,,br_misp_retired.all_branches,44257060,100.00,,
    10.520414500,32726283,,inst_retired.any,44783609,100.00,131.2,IpMispredict
    10.520414500,264612,,br_misp_retired.all_branches,44783609,100.00,,
    10.620606864,32443836,,inst_retired.any,45221922,100.00,130.1,IpMispredict
    10.620606864,245628,,br_misp_retired.all_branches,45221922,100.00,,
    10.720802462,32107960,,inst_retired.any,44570266,100.00,128.8,IpMispredict
    10.720802462,250548,,br_misp_retired.all_branches,44570266,100.00,,
    10.820996743,32030176,,inst_retired.any,44985775,100.00,128.5,IpMispredict
    10.820996743,247859,,br_misp_retired.all_branches,44985775,100.00,,
    10.921189218,32006803,,inst_retired.any,45246220,100.00,128.3,IpMispredict
    10.921189218,259530,,br_misp_retired.all_branches,45246220,100.00,,
    11.021402366,32561805,,inst_retired.any,45274052,100.00,130.5,IpMispredict
    11.021402366,270183,,br_misp_retired.all_branches,45274052,100.00,,
