# started on Mon May  1 16:59:10 2023

     0.100202940,3257650,,offcore_response.all_requests.llc_hit.any_response,45459903,100.00,,
     0.100202940,424,,offcore_response.all_requests.llc_miss.any_response,45447610,100.00,,
     0.200430748,3242522,,offcore_response.all_requests.llc_hit.any_response,44767990,100.00,,
     0.200430748,395,,offcore_response.all_requests.llc_miss.any_response,44767590,100.00,,
     0.300627798,3233222,,offcore_response.all_requests.llc_hit.any_response,44316376,100.00,,
     0.300627798,426,,offcore_response.all_requests.llc_miss.any_response,44293134,100.00,,
     0.400822018,3299668,,offcore_response.all_requests.llc_hit.any_response,45750390,100.00,,
     0.400822018,426,,offcore_response.all_requests.llc_miss.any_response,45750390,100.00,,
     0.501015797,3227161,,offcore_response.all_requests.llc_hit.any_response,44258009,100.00,,
     0.501015797,440,,offcore_response.all_requests.llc_miss.any_response,44258009,100.00,,
     0.601207805,3270803,,offcore_response.all_requests.llc_hit.any_response,45147204,100.00,,
     0.601207805,360,,offcore_response.all_requests.llc_miss.any_response,45170536,100.00,,
     0.701403489,3212805,,offcore_response.all_requests.llc_hit.any_response,44567433,100.00,,
     0.701403489,341,,offcore_response.all_requests.llc_miss.any_response,44567611,100.00,,
     0.801603081,3262994,,offcore_response.all_requests.llc_hit.any_response,45060802,100.00,,
     0.801603081,371,,offcore_response.all_requests.llc_miss.any_response,45060315,100.00,,
     0.901799783,3240413,,offcore_response.all_requests.llc_hit.any_response,44500684,100.00,,
     0.901799783,368,,offcore_response.all_requests.llc_miss.any_response,44477661,100.00,,
     1.001992900,3273700,,offcore_response.all_requests.llc_hit.any_response,44773872,100.00,,
     1.001992900,218,,offcore_response.all_requests.llc_miss.any_response,44797092,100.00,,
     1.102191424,3299690,,offcore_response.all_requests.llc_hit.any_response,44231037,100.00,,
     1.102191424,417,,offcore_response.all_requests.llc_miss.any_response,44207817,100.00,,
     1.202384722,3230885,,offcore_response.all_requests.llc_hit.any_response,45388913,100.00,,
     1.202384722,896,,offcore_response.all_requests.llc_miss.any_response,45388913,100.00,,
     1.302581785,3274067,,offcore_response.all_requests.llc_hit.any_response,45613528,100.00,,
     1.302581785,314,,offcore_response.all_requests.llc_miss.any_response,45636982,100.00,,
     1.402777595,3214719,,offcore_response.all_requests.llc_hit.any_response,44638535,100.00,,
     1.402777595,373,,offcore_response.all_requests.llc_miss.any_response,44615081,100.00,,
     1.502971204,3259904,,offcore_response.all_requests.llc_hit.any_response,46026043,100.00,,
     1.502971204,306,,offcore_response.all_requests.llc_miss.any_response,46026043,100.00,,
     1.603163529,3249910,,offcore_response.all_requests.llc_hit.any_response,44392359,100.00,,
     1.603163529,315,,offcore_response.all_requests.llc_miss.any_response,44415653,100.00,,
     1.703362707,3208057,,offcore_response.all_requests.llc_hit.any_response,44530243,100.00,,
     1.703362707,460,,offcore_response.all_requests.llc_miss.any_response,44506949,100.00,,
     1.803557177,3286819,,offcore_response.all_requests.llc_hit.any_response,45973031,100.00,,
     1.803557177,443,,offcore_response.all_requests.llc_miss.any_response,45979680,100.00,,
     1.903767184,3211555,,offcore_response.all_requests.llc_hit.any_response,44575203,100.00,,
     1.903767184,404,,offcore_response.all_requests.llc_miss.any_response,44568554,100.00,,
     2.003958768,3272809,,offcore_response.all_requests.llc_hit.any_response,45005238,100.00,,
     2.003958768,390,,offcore_response.all_requests.llc_miss.any_response,45005238,100.00,,
     2.104150306,3237071,,offcore_response.all_requests.llc_hit.any_response,44555125,100.00,,
     2.104150306,219,,offcore_response.all_requests.llc_miss.any_response,44568649,100.00,,
     2.204345106,3277845,,offcore_response.all_requests.llc_hit.any_response,46120434,100.00,,
     2.204345106,431,,offcore_response.all_requests.llc_miss.any_response,46130144,100.00,,
     2.304572737,3251122,,offcore_response.all_requests.llc_hit.any_response,45095246,100.00,,
     2.304572737,331,,offcore_response.all_requests.llc_miss.any_response,45096001,100.00,,
     2.404770849,3285508,,offcore_response.all_requests.llc_hit.any_response,46059827,100.00,,
     2.404770849,489,,offcore_response.all_requests.llc_miss.any_response,46035838,100.00,,
     2.504964421,3157138,,offcore_response.all_requests.llc_hit.any_response,43945877,100.00,,
     2.504964421,467,,offcore_response.all_requests.llc_miss.any_response,43969718,100.00,,
     2.605161631,3243240,,offcore_response.all_requests.llc_hit.any_response,43188574,100.00,,
     2.605161631,518,,offcore_response.all_requests.llc_miss.any_response,43188103,100.00,,
     2.705359262,3194912,,offcore_response.all_requests.llc_hit.any_response,44159587,100.00,,
     2.705359262,479,,offcore_response.all_requests.llc_miss.any_response,44136217,100.00,,
     2.805551277,3330241,,offcore_response.all_requests.llc_hit.any_response,46043343,100.00,,
     2.805551277,396,,offcore_response.all_requests.llc_miss.any_response,46043343,100.00,,
     2.905749469,3264436,,offcore_response.all_requests.llc_hit.any_response,44292925,100.00,,
     2.905749469,390,,offcore_response.all_requests.llc_miss.any_response,44316284,100.00,,
     3.005945574,3284415,,offcore_response.all_requests.llc_hit.any_response,46328436,100.00,,
     3.005945574,489,,offcore_response.all_requests.llc_miss.any_response,46305077,100.00,,
     3.106142166,3260364,,offcore_response.all_requests.llc_hit.any_response,43282139,100.00,,
     3.106142166,363,,offcore_response.all_requests.llc_miss.any_response,43282139,100.00,,
     3.206336603,3198794,,offcore_response.all_requests.llc_hit.any_response,43608566,100.00,,
     3.206336603,367,,offcore_response.all_requests.llc_miss.any_response,43608566,100.00,,
     3.306529824,3287392,,offcore_response.all_requests.llc_hit.any_response,45427487,100.00,,
     3.306529824,485,,offcore_response.all_requests.llc_miss.any_response,45427487,100.00,,
     3.406724014,3265630,,offcore_response.all_requests.llc_hit.any_response,44350361,100.00,,
     3.406724014,216,,offcore_response.all_requests.llc_miss.any_response,44350361,100.00,,
     3.506915764,3241279,,offcore_response.all_requests.llc_hit.any_response,45158042,100.00,,
     3.506915764,349,,offcore_response.all_requests.llc_miss.any_response,45181459,100.00,,
     3.607113349,3255507,,offcore_response.all_requests.llc_hit.any_response,44585498,100.00,,
     3.607113349,270,,offcore_response.all_requests.llc_miss.any_response,44585237,100.00,,
     3.707309075,3310929,,offcore_response.all_requests.llc_hit.any_response,46607840,100.00,,
     3.707309075,329,,offcore_response.all_requests.llc_miss.any_response,46584684,100.00,,
     3.807502915,3265214,,offcore_response.all_requests.llc_hit.any_response,45136003,100.00,,
     3.807502915,472,,offcore_response.all_requests.llc_miss.any_response,45151341,100.00,,
     3.907724077,3239741,,offcore_response.all_requests.llc_hit.any_response,45260388,100.00,,
     3.907724077,360,,offcore_response.all_requests.llc_miss.any_response,45245050,100.00,,
     4.007916328,3310557,,offcore_response.all_requests.llc_hit.any_response,45467821,100.00,,
     4.007916328,373,,offcore_response.all_requests.llc_miss.any_response,45467821,100.00,,
     4.108109041,3222099,,offcore_response.all_requests.llc_hit.any_response,45032181,100.00,,
     4.108109041,466,,offcore_response.all_requests.llc_miss.any_response,45032181,100.00,,
     4.208302563,3244160,,offcore_response.all_requests.llc_hit.any_response,44437702,100.00,,
     4.208302563,295,,offcore_response.all_requests.llc_miss.any_response,44437702,100.00,,
     4.308495480,3263446,,offcore_response.all_requests.llc_hit.any_response,45381793,100.00,,
     4.308495480,572,,offcore_response.all_requests.llc_miss.any_response,45381793,100.00,,
     4.408688501,3282930,,offcore_response.all_requests.llc_hit.any_response,44694007,100.00,,
     4.408688501,445,,offcore_response.all_requests.llc_miss.any_response,44717129,100.00,,
     4.508902549,3193202,,offcore_response.all_requests.llc_hit.any_response,43643186,100.00,,
     4.508902549,366,,offcore_response.all_requests.llc_miss.any_response,43620064,100.00,,
     4.609097397,3272778,,offcore_response.all_requests.llc_hit.any_response,44778024,100.00,,
     4.609097397,370,,offcore_response.all_requests.llc_miss.any_response,44778024,100.00,,
     4.709290618,3264481,,offcore_response.all_requests.llc_hit.any_response,45224043,100.00,,
     4.709290618,394,,offcore_response.all_requests.llc_miss.any_response,45224043,100.00,,
     4.809481303,3264558,,offcore_response.all_requests.llc_hit.any_response,45275245,100.00,,
     4.809481303,345,,offcore_response.all_requests.llc_miss.any_response,45275245,100.00,,
     4.909671911,3233808,,offcore_response.all_requests.llc_hit.any_response,44610809,100.00,,
     4.909671911,395,,offcore_response.all_requests.llc_miss.any_response,44610809,100.00,,
     5.009863261,3284321,,offcore_response.all_requests.llc_hit.any_response,46026932,100.00,,
     5.009863261,350,,offcore_response.all_requests.llc_miss.any_response,46032573,100.00,,
     5.110057434,3260898,,offcore_response.all_requests.llc_hit.any_response,45041090,100.00,,
     5.110057434,350,,offcore_response.all_requests.llc_miss.any_response,45035449,100.00,,
     5.210250742,3282501,,offcore_response.all_requests.llc_hit.any_response,46591607,100.00,,
     5.210250742,351,,offcore_response.all_requests.llc_miss.any_response,46591607,100.00,,
     5.310444102,3260746,,offcore_response.all_requests.llc_hit.any_response,45426114,100.00,,
     5.310444102,321,,offcore_response.all_requests.llc_miss.any_response,45449686,100.00,,
     5.410642222,3245485,,offcore_response.all_requests.llc_hit.any_response,44378371,100.00,,
     5.410642222,350,,offcore_response.all_requests.llc_miss.any_response,44378157,100.00,,
     5.510840771,3269453,,offcore_response.all_requests.llc_hit.any_response,45415011,100.00,,
     5.510840771,457,,offcore_response.all_requests.llc_miss.any_response,45415698,100.00,,
     5.611038896,3353457,,offcore_response.all_requests.llc_hit.any_response,44921239,100.00,,
     5.611038896,401,,offcore_response.all_requests.llc_miss.any_response,44897194,100.00,,
     5.711237173,3266246,,offcore_response.all_requests.llc_hit.any_response,45115085,100.00,,
     5.711237173,377,,offcore_response.all_requests.llc_miss.any_response,45115085,100.00,,
     5.811432769,3291772,,offcore_response.all_requests.llc_hit.any_response,43048433,100.00,,
     5.811432769,406,,offcore_response.all_requests.llc_miss.any_response,43067319,100.00,,
     5.911626919,3241718,,offcore_response.all_requests.llc_hit.any_response,45151179,100.00,,
     5.911626919,382,,offcore_response.all_requests.llc_miss.any_response,45132293,100.00,,
     6.011819344,3252386,,offcore_response.all_requests.llc_hit.any_response,45399861,100.00,,
     6.011819344,325,,offcore_response.all_requests.llc_miss.any_response,45423163,100.00,,
     6.112017724,3303722,,offcore_response.all_requests.llc_hit.any_response,45445574,100.00,,
     6.112017724,299,,offcore_response.all_requests.llc_miss.any_response,45445704,100.00,,
     6.212214248,3256261,,offcore_response.all_requests.llc_hit.any_response,45224237,100.00,,
     6.212214248,587,,offcore_response.all_requests.llc_miss.any_response,45200805,100.00,,
     6.312405912,3223993,,offcore_response.all_requests.llc_hit.any_response,44445746,100.00,,
     6.312405912,368,,offcore_response.all_requests.llc_miss.any_response,44445746,100.00,,
     6.412600509,3262595,,offcore_response.all_requests.llc_hit.any_response,45200496,100.00,,
     6.412600509,417,,offcore_response.all_requests.llc_miss.any_response,45223794,100.00,,
     6.512797105,3283362,,offcore_response.all_requests.llc_hit.any_response,45745800,100.00,,
     6.512797105,527,,offcore_response.all_requests.llc_miss.any_response,45746253,100.00,,
     6.612995652,3247282,,offcore_response.all_requests.llc_hit.any_response,44931253,100.00,,
     6.612995652,367,,offcore_response.all_requests.llc_miss.any_response,44930593,100.00,,
     6.713216159,3265069,,offcore_response.all_requests.llc_hit.any_response,45154272,100.00,,
     6.713216159,326,,offcore_response.all_requests.llc_miss.any_response,45151014,100.00,,
     6.813415654,3224160,,offcore_response.all_requests.llc_hit.any_response,45097141,100.00,,
     6.813415654,423,,offcore_response.all_requests.llc_miss.any_response,45100532,100.00,,
     6.913616081,3284284,,offcore_response.all_requests.llc_hit.any_response,45397574,100.00,,
     6.913616081,376,,offcore_response.all_requests.llc_miss.any_response,45374350,100.00,,
     7.013808637,3308050,,offcore_response.all_requests.llc_hit.any_response,46183623,100.00,,
     7.013808637,340,,offcore_response.all_requests.llc_miss.any_response,46183623,100.00,,
     7.114000815,3255559,,offcore_response.all_requests.llc_hit.any_response,44956306,100.00,,
     7.114000815,428,,offcore_response.all_requests.llc_miss.any_response,44967706,100.00,,
     7.214196278,3275444,,offcore_response.all_requests.llc_hit.any_response,45368601,100.00,,
     7.214196278,314,,offcore_response.all_requests.llc_miss.any_response,45380517,100.00,,
     7.314394503,3282334,,offcore_response.all_requests.llc_hit.any_response,44590371,100.00,,
     7.314394503,350,,offcore_response.all_requests.llc_miss.any_response,44567055,100.00,,
     7.414585379,3305460,,offcore_response.all_requests.llc_hit.any_response,45980635,100.00,,
     7.414585379,416,,offcore_response.all_requests.llc_miss.any_response,45995107,100.00,,
     7.514782860,3170217,,offcore_response.all_requests.llc_hit.any_response,43840341,100.00,,
     7.514782860,471,,offcore_response.all_requests.llc_miss.any_response,43849917,100.00,,
     7.614983341,3266095,,offcore_response.all_requests.llc_hit.any_response,45122668,100.00,,
     7.614983341,333,,offcore_response.all_requests.llc_miss.any_response,45121910,100.00,,
     7.715180597,3305581,,offcore_response.all_requests.llc_hit.any_response,45918615,100.00,,
     7.715180597,389,,offcore_response.all_requests.llc_miss.any_response,45919363,100.00,,
     7.815379451,3228691,,offcore_response.all_requests.llc_hit.any_response,45200094,100.00,,
     7.815379451,424,,offcore_response.all_requests.llc_miss.any_response,45176056,100.00,,
     7.915572591,3272012,,offcore_response.all_requests.llc_hit.any_response,44873714,100.00,,
     7.915572591,351,,offcore_response.all_requests.llc_miss.any_response,44873714,100.00,,
     8.015794308,3269684,,offcore_response.all_requests.llc_hit.any_response,45042640,100.00,,
     8.015794308,470,,offcore_response.all_requests.llc_miss.any_response,45065709,100.00,,
     8.115989554,3224932,,offcore_response.all_requests.llc_hit.any_response,45285027,100.00,,
     8.115989554,387,,offcore_response.all_requests.llc_miss.any_response,45261958,100.00,,
     8.216182383,3255990,,offcore_response.all_requests.llc_hit.any_response,45194068,100.00,,
     8.216182383,333,,offcore_response.all_requests.llc_miss.any_response,45194068,100.00,,
     8.316374815,3226757,,offcore_response.all_requests.llc_hit.any_response,44872247,100.00,,
     8.316374815,408,,offcore_response.all_requests.llc_miss.any_response,44872247,100.00,,
     8.416575433,3306977,,offcore_response.all_requests.llc_hit.any_response,44871282,100.00,,
     8.416575433,390,,offcore_response.all_requests.llc_miss.any_response,44887303,100.00,,
     8.516774839,3278437,,offcore_response.all_requests.llc_hit.any_response,45149224,100.00,,
     8.516774839,354,,offcore_response.all_requests.llc_miss.any_response,45156762,100.00,,
     8.616976208,3237911,,offcore_response.all_requests.llc_hit.any_response,45070994,100.00,,
     8.616976208,380,,offcore_response.all_requests.llc_miss.any_response,45047435,100.00,,
     8.717178978,3230423,,offcore_response.all_requests.llc_hit.any_response,45115135,100.00,,
     8.717178978,447,,offcore_response.all_requests.llc_miss.any_response,45115135,100.00,,
     8.817373294,3250785,,offcore_response.all_requests.llc_hit.any_response,45243598,100.00,,
     8.817373294,327,,offcore_response.all_requests.llc_miss.any_response,45243598,100.00,,
     8.917587730,3236588,,offcore_response.all_requests.llc_hit.any_response,44846112,100.00,,
     8.917587730,424,,offcore_response.all_requests.llc_miss.any_response,44846112,100.00,,
     9.017780005,3239345,,offcore_response.all_requests.llc_hit.any_response,44463949,100.00,,
     9.017780005,413,,offcore_response.all_requests.llc_miss.any_response,44487269,100.00,,
     9.117978992,3217889,,offcore_response.all_requests.llc_hit.any_response,43259746,100.00,,
     9.117978992,435,,offcore_response.all_requests.llc_miss.any_response,43259790,100.00,,
     9.218176734,3229527,,offcore_response.all_requests.llc_hit.any_response,44584285,100.00,,
     9.218176734,293,,offcore_response.all_requests.llc_miss.any_response,44584490,100.00,,
     9.318374050,3264474,,offcore_response.all_requests.llc_hit.any_response,43783614,100.00,,
     9.318374050,429,,offcore_response.all_requests.llc_miss.any_response,43760045,100.00,,
     9.418566029,3242602,,offcore_response.all_requests.llc_hit.any_response,44763182,100.00,,
     9.418566029,384,,offcore_response.all_requests.llc_miss.any_response,44763182,100.00,,
     9.518758287,3249907,,offcore_response.all_requests.llc_hit.any_response,45001103,100.00,,
     9.518758287,452,,offcore_response.all_requests.llc_miss.any_response,45001103,100.00,,
     9.618950231,3244244,,offcore_response.all_requests.llc_hit.any_response,45555540,100.00,,
     9.618950231,376,,offcore_response.all_requests.llc_miss.any_response,45555540,100.00,,
     9.719141197,3305016,,offcore_response.all_requests.llc_hit.any_response,44419186,100.00,,
     9.719141197,427,,offcore_response.all_requests.llc_miss.any_response,44419186,100.00,,
     9.819334190,3197176,,offcore_response.all_requests.llc_hit.any_response,43758986,100.00,,
     9.819334190,256,,offcore_response.all_requests.llc_miss.any_response,43758986,100.00,,
     9.919535162,3214171,,offcore_response.all_requests.llc_hit.any_response,45430888,100.00,,
     9.919535162,485,,offcore_response.all_requests.llc_miss.any_response,45454406,100.00,,
    10.019745957,3255978,,offcore_response.all_requests.llc_hit.any_response,45050500,100.00,,
    10.019745957,461,,offcore_response.all_requests.llc_miss.any_response,45050296,100.00,,
    10.119943226,3242035,,offcore_response.all_requests.llc_hit.any_response,44964709,100.00,,
    10.119943226,422,,offcore_response.all_requests.llc_miss.any_response,44941395,100.00,,
    10.220135442,3268239,,offcore_response.all_requests.llc_hit.any_response,45183088,100.00,,
    10.220135442,497,,offcore_response.all_requests.llc_miss.any_response,45206891,100.00,,
    10.320333958,3209364,,offcore_response.all_requests.llc_hit.any_response,44823589,100.00,,
    10.320333958,506,,offcore_response.all_requests.llc_miss.any_response,44799786,100.00,,
    10.420527308,3253067,,offcore_response.all_requests.llc_hit.any_response,44746203,100.00,,
    10.420527308,425,,offcore_response.all_requests.llc_miss.any_response,44769447,100.00,,
    10.520722654,3263660,,offcore_response.all_requests.llc_hit.any_response,45463816,100.00,,
    10.520722654,473,,offcore_response.all_requests.llc_miss.any_response,45440572,100.00,,
    10.620916071,3202708,,offcore_response.all_requests.llc_hit.any_response,45319815,100.00,,
    10.620916071,371,,offcore_response.all_requests.llc_miss.any_response,45319815,100.00,,
    10.721112517,3242033,,offcore_response.all_requests.llc_hit.any_response,44925756,100.00,,
    10.721112517,425,,offcore_response.all_requests.llc_miss.any_response,44946527,100.00,,
    10.821307831,3211904,,offcore_response.all_requests.llc_hit.any_response,42733020,100.00,,
    10.821307831,289,,offcore_response.all_requests.llc_miss.any_response,42735459,100.00,,
    10.921503601,3243242,,offcore_response.all_requests.llc_hit.any_response,45287313,100.00,,
    10.921503601,426,,offcore_response.all_requests.llc_miss.any_response,45264103,100.00,,
    11.021696819,3179669,,offcore_response.all_requests.llc_hit.any_response,43317288,100.00,,
    11.021696819,257,,offcore_response.all_requests.llc_miss.any_response,43317288,100.00,,
