# started on Mon May  1 16:57:24 2023

     0.100152332,64358644,,inst_retired.any,56567618,100.00,140.2,IpMispredict
     0.100152332,458969,,br_misp_retired.all_branches,56567618,100.00,,
     0.200399988,64329690,,inst_retired.any,56511133,100.00,140.2,IpMispredict
     0.200399988,458793,,br_misp_retired.all_branches,56511133,100.00,,
     0.300588232,64095779,,inst_retired.any,56361677,100.00,140.0,IpMispredict
     0.300588232,455356,,br_misp_retired.all_branches,56361677,100.00,,
     0.400781080,64111621,,inst_retired.any,56185856,100.00,140.4,IpMispredict
     0.400781080,452843,,br_misp_retired.all_branches,56185856,100.00,,
     0.500974121,64447336,,inst_retired.any,56414480,100.00,141.1,IpMispredict
     0.500974121,457666,,br_misp_retired.all_branches,56414480,100.00,,
     0.601165977,64220863,,inst_retired.any,56651107,100.00,140.6,IpMispredict
     0.601165977,457075,,br_misp_retired.all_branches,56651107,100.00,,
     0.701358584,64298017,,inst_retired.any,56501490,100.00,140.6,IpMispredict
     0.701358584,460115,,br_misp_retired.all_branches,56501490,100.00,,
     0.801552294,64114706,,inst_retired.any,56268100,100.00,140.3,IpMispredict
     0.801552294,456172,,br_misp_retired.all_branches,56268100,100.00,,
     0.901745964,64421046,,inst_retired.any,56353724,100.00,140.8,IpMispredict
     0.901745964,459821,,br_misp_retired.all_branches,56353724,100.00,,
     1.001940573,64058833,,inst_retired.any,56419817,100.00,140.2,IpMispredict
     1.001940573,452141,,br_misp_retired.all_branches,56419817,100.00,,
     1.102131663,64344204,,inst_retired.any,56549835,100.00,140.9,IpMispredict
     1.102131663,455181,,br_misp_retired.all_branches,56549835,100.00,,
     1.202325039,64406315,,inst_retired.any,56260125,100.00,141.0,IpMispredict
     1.202325039,457010,,br_misp_retired.all_branches,56260125,100.00,,
     1.302518231,63799312,,inst_retired.any,55663918,100.00,139.7,IpMispredict
     1.302518231,456631,,br_misp_retired.all_branches,55663918,100.00,,
     1.402710507,64069151,,inst_retired.any,56156790,100.00,140.3,IpMispredict
     1.402710507,455213,,br_misp_retired.all_branches,56156790,100.00,,
     1.502904067,64210188,,inst_retired.any,56197895,100.00,140.6,IpMispredict
     1.502904067,455529,,br_misp_retired.all_branches,56197895,100.00,,
     1.603098806,64685498,,inst_retired.any,56681397,100.00,141.6,IpMispredict
     1.603098806,459536,,br_misp_retired.all_branches,56681397,100.00,,
     1.703296342,63878058,,inst_retired.any,56566124,100.00,139.8,IpMispredict
     1.703296342,458139,,br_misp_retired.all_branches,56566124,100.00,,
     1.803493673,64178095,,inst_retired.any,56419210,100.00,140.5,IpMispredict
     1.803493673,457414,,br_misp_retired.all_branches,56419210,100.00,,
     1.903718623,64713488,,inst_retired.any,56618844,100.00,141.6,IpMispredict
     1.903718623,458881,,br_misp_retired.all_branches,56618844,100.00,,
     2.003911571,64158468,,inst_retired.any,56366750,100.00,140.4,IpMispredict
     2.003911571,458710,,br_misp_retired.all_branches,56366750,100.00,,
     2.104104790,63844761,,inst_retired.any,56196703,100.00,139.7,IpMispredict
     2.104104790,454302,,br_misp_retired.all_branches,56196703,100.00,,
     2.204300280,64877627,,inst_retired.any,56718661,100.00,141.9,IpMispredict
     2.204300280,462288,,br_misp_retired.all_branches,56718661,100.00,,
     2.304496245,64577775,,inst_retired.any,56881821,100.00,141.2,IpMispredict
     2.304496245,458826,,br_misp_retired.all_branches,56881821,100.00,,
     2.404692227,64269210,,inst_retired.any,56142268,100.00,140.6,IpMispredict
     2.404692227,456298,,br_misp_retired.all_branches,56142268,100.00,,
     2.504886541,64180899,,inst_retired.any,56324087,100.00,140.4,IpMispredict
     2.504886541,457138,,br_misp_retired.all_branches,56324087,100.00,,
     2.605082717,63775694,,inst_retired.any,55725277,100.00,139.5,IpMispredict
     2.605082717,454795,,br_misp_retired.all_branches,55725277,100.00,,
     2.705277503,64244076,,inst_retired.any,56709268,100.00,140.5,IpMispredict
     2.705277503,456884,,br_misp_retired.all_branches,56709268,100.00,,
     2.805496582,64342933,,inst_retired.any,56506175,100.00,140.8,IpMispredict
     2.805496582,457852,,br_misp_retired.all_branches,56506175,100.00,,
     2.905690062,64454855,,inst_retired.any,56552044,100.00,141.0,IpMispredict
     2.905690062,457579,,br_misp_retired.all_branches,56552044,100.00,,
     3.005882705,63820747,,inst_retired.any,55812328,100.00,139.6,IpMispredict
     3.005882705,453729,,br_misp_retired.all_branches,55812328,100.00,,
     3.106077321,64621339,,inst_retired.any,56703453,100.00,141.4,IpMispredict
     3.106077321,457294,,br_misp_retired.all_branches,56703453,100.00,,
     3.206270786,64113963,,inst_retired.any,56535494,100.00,140.3,IpMispredict
     3.206270786,456529,,br_misp_retired.all_branches,56535494,100.00,,
     3.306462521,64105617,,inst_retired.any,56097712,100.00,140.3,IpMispredict
     3.306462521,457636,,br_misp_retired.all_branches,56097712,100.00,,
     3.406655429,64205653,,inst_retired.any,56344317,100.00,140.5,IpMispredict
     3.406655429,459334,,br_misp_retired.all_branches,56344317,100.00,,
     3.506848194,64358799,,inst_retired.any,56355668,100.00,140.8,IpMispredict
     3.506848194,460418,,br_misp_retired.all_branches,56355668,100.00,,
     3.607041005,63830817,,inst_retired.any,56138846,100.00,139.7,IpMispredict
     3.607041005,452636,,br_misp_retired.all_branches,56138846,100.00,,
     3.707234862,64442817,,inst_retired.any,56445701,100.00,141.0,IpMispredict
     3.707234862,460363,,br_misp_retired.all_branches,56445701,100.00,,
     3.807427950,64644058,,inst_retired.any,56739640,100.00,141.4,IpMispredict
     3.807427950,458944,,br_misp_retired.all_branches,56739640,100.00,,
     3.907618954,63575359,,inst_retired.any,55680691,100.00,139.1,IpMispredict
     3.907618954,453890,,br_misp_retired.all_branches,55680691,100.00,,
     4.007819216,64533381,,inst_retired.any,57275518,100.00,141.1,IpMispredict
     4.007819216,460671,,br_misp_retired.all_branches,57275518,100.00,,
     4.108016076,64026725,,inst_retired.any,55963366,100.00,140.0,IpMispredict
     4.108016076,458450,,br_misp_retired.all_branches,55963366,100.00,,
     4.208210641,64826877,,inst_retired.any,56681283,100.00,141.7,IpMispredict
     4.208210641,462203,,br_misp_retired.all_branches,56681283,100.00,,
     4.308404094,63770545,,inst_retired.any,55922174,100.00,139.5,IpMispredict
     4.308404094,449903,,br_misp_retired.all_branches,55922174,100.00,,
     4.408597647,64061245,,inst_retired.any,56169205,100.00,140.1,IpMispredict
     4.408597647,456660,,br_misp_retired.all_branches,56169205,100.00,,
     4.508792455,64604263,,inst_retired.any,56403765,100.00,141.3,IpMispredict
     4.508792455,462251,,br_misp_retired.all_branches,56403765,100.00,,
     4.608987414,63865141,,inst_retired.any,55979656,100.00,139.7,IpMispredict
     4.608987414,453069,,br_misp_retired.all_branches,55979656,100.00,,
     4.709183266,64560475,,inst_retired.any,56537485,100.00,141.2,IpMispredict
     4.709183266,461671,,br_misp_retired.all_branches,56537485,100.00,,
     4.809377858,64085717,,inst_retired.any,55875538,100.00,140.2,IpMispredict
     4.809377858,454540,,br_misp_retired.all_branches,55875538,100.00,,
     4.909571842,64159663,,inst_retired.any,55997209,100.00,140.3,IpMispredict
     4.909571842,456566,,br_misp_retired.all_branches,55997209,100.00,,
     5.009768342,64286678,,inst_retired.any,56585563,100.00,140.6,IpMispredict
     5.009768342,458335,,br_misp_retired.all_branches,56585563,100.00,,
     5.109966094,64597614,,inst_retired.any,56677804,100.00,141.3,IpMispredict
     5.109966094,459628,,br_misp_retired.all_branches,56677804,100.00,,
     5.210160823,64119035,,inst_retired.any,56523782,100.00,140.2,IpMispredict
     5.210160823,455682,,br_misp_retired.all_branches,56523782,100.00,,
     5.310359297,64406491,,inst_retired.any,56436972,100.00,140.8,IpMispredict
     5.310359297,457948,,br_misp_retired.all_branches,56436972,100.00,,
     5.410554303,63948623,,inst_retired.any,55650759,100.00,139.9,IpMispredict
     5.410554303,453778,,br_misp_retired.all_branches,55650759,100.00,,
     5.510770512,63913918,,inst_retired.any,55726217,100.00,139.8,IpMispredict
     5.510770512,454227,,br_misp_retired.all_branches,55726217,100.00,,
     5.610963417,64392713,,inst_retired.any,56221312,100.00,140.9,IpMispredict
     5.610963417,457240,,br_misp_retired.all_branches,56221312,100.00,,
     5.711158151,64128869,,inst_retired.any,55918662,100.00,140.3,IpMispredict
     5.711158151,451444,,br_misp_retired.all_branches,55918662,100.00,,
     5.811353472,64421785,,inst_retired.any,56016862,100.00,141.0,IpMispredict
     5.811353472,456038,,br_misp_retired.all_branches,56016862,100.00,,
     5.911548064,64293780,,inst_retired.any,56085782,100.00,140.7,IpMispredict
     5.911548064,456215,,br_misp_retired.all_branches,56085782,100.00,,
     6.011742536,64131429,,inst_retired.any,55904940,100.00,140.3,IpMispredict
     6.011742536,453395,,br_misp_retired.all_branches,55904940,100.00,,
     6.111934281,64663782,,inst_retired.any,56485721,100.00,141.5,IpMispredict
     6.111934281,457782,,br_misp_retired.all_branches,56485721,100.00,,
     6.212130349,64179835,,inst_retired.any,56047818,100.00,140.5,IpMispredict
     6.212130349,454841,,br_misp_retired.all_branches,56047818,100.00,,
     6.312323043,63932438,,inst_retired.any,55914881,100.00,139.9,IpMispredict
     6.312323043,451090,,br_misp_retired.all_branches,55914881,100.00,,
     6.412515583,64051756,,inst_retired.any,55783736,100.00,140.2,IpMispredict
     6.412515583,454454,,br_misp_retired.all_branches,55783736,100.00,,
     6.512708504,64379029,,inst_retired.any,56127892,100.00,140.9,IpMispredict
     6.512708504,456533,,br_misp_retired.all_branches,56127892,100.00,,
     6.612900855,63898810,,inst_retired.any,56200720,100.00,139.9,IpMispredict
     6.612900855,456563,,br_misp_retired.all_branches,56200720,100.00,,
     6.713095181,64792340,,inst_retired.any,56721271,100.00,141.8,IpMispredict
     6.713095181,461566,,br_misp_retired.all_branches,56721271,100.00,,
     6.813288444,63973158,,inst_retired.any,56265851,100.00,140.0,IpMispredict
     6.813288444,456852,,br_misp_retired.all_branches,56265851,100.00,,
     6.913486761,64236983,,inst_retired.any,55925068,100.00,140.6,IpMispredict
     6.913486761,455547,,br_misp_retired.all_branches,55925068,100.00,,
     7.013683902,64479098,,inst_retired.any,56445265,100.00,141.1,IpMispredict
     7.013683902,457726,,br_misp_retired.all_branches,56445265,100.00,,
     7.113874836,63804377,,inst_retired.any,55507547,100.00,139.7,IpMispredict
     7.113874836,453066,,br_misp_retired.all_branches,55507547,100.00,,
     7.214069631,64925288,,inst_retired.any,56441021,100.00,142.1,IpMispredict
     7.214069631,460448,,br_misp_retired.all_branches,56441021,100.00,,
     7.314260822,64462812,,inst_retired.any,56105294,100.00,141.1,IpMispredict
     7.314260822,460614,,br_misp_retired.all_branches,56105294,100.00,,
     7.414454056,63677300,,inst_retired.any,55491664,100.00,139.4,IpMispredict
     7.414454056,449912,,br_misp_retired.all_branches,55491664,100.00,,
     7.514647392,64445166,,inst_retired.any,56409669,100.00,141.1,IpMispredict
     7.514647392,459899,,br_misp_retired.all_branches,56409669,100.00,,
     7.614843685,63808764,,inst_retired.any,55687346,100.00,139.7,IpMispredict
     7.614843685,455356,,br_misp_retired.all_branches,55687346,100.00,,
     7.715039570,64539304,,inst_retired.any,56545470,100.00,141.3,IpMispredict
     7.715039570,457753,,br_misp_retired.all_branches,56545470,100.00,,
     7.815237612,64225186,,inst_retired.any,56380683,100.00,140.6,IpMispredict
     7.815237612,457204,,br_misp_retired.all_branches,56380683,100.00,,
     7.915432872,64472150,,inst_retired.any,56175946,100.00,141.1,IpMispredict
     7.915432872,457960,,br_misp_retired.all_branches,56175946,100.00,,
     8.015628001,63965491,,inst_retired.any,55908926,100.00,140.0,IpMispredict
     8.015628001,456105,,br_misp_retired.all_branches,55908926,100.00,,
     8.115834558,64414480,,inst_retired.any,56294483,100.00,141.0,IpMispredict
     8.115834558,457081,,br_misp_retired.all_branches,56294483,100.00,,
     8.216007141,64255298,,inst_retired.any,56169205,100.00,140.6,IpMispredict
     8.216007141,459075,,br_misp_retired.all_branches,56169205,100.00,,
     8.316219705,64135050,,inst_retired.any,56236942,100.00,140.4,IpMispredict
     8.316219705,457036,,br_misp_retired.all_branches,56236942,100.00,,
     8.416413094,63957914,,inst_retired.any,55856913,100.00,140.0,IpMispredict
     8.416413094,458250,,br_misp_retired.all_branches,55856913,100.00,,
     8.516607859,64446003,,inst_retired.any,56269563,100.00,141.0,IpMispredict
     8.516607859,459270,,br_misp_retired.all_branches,56269563,100.00,,
     8.616802447,64136992,,inst_retired.any,56026619,100.00,140.4,IpMispredict
     8.616802447,455453,,br_misp_retired.all_branches,56026619,100.00,,
     8.716994948,64574198,,inst_retired.any,56249441,100.00,141.3,IpMispredict
     8.716994948,461173,,br_misp_retired.all_branches,56249441,100.00,,
     8.817189340,63786010,,inst_retired.any,56201282,100.00,139.6,IpMispredict
     8.817189340,452655,,br_misp_retired.all_branches,56201282,100.00,,
     8.917382704,64600294,,inst_retired.any,56831985,100.00,141.4,IpMispredict
     8.917382704,462929,,br_misp_retired.all_branches,56831985,100.00,,
     9.017574517,63707564,,inst_retired.any,55847731,100.00,139.4,IpMispredict
     9.017574517,452158,,br_misp_retired.all_branches,55847731,100.00,,
     9.117766873,64314943,,inst_retired.any,56610952,100.00,140.7,IpMispredict
     9.117766873,458992,,br_misp_retired.all_branches,56610952,100.00,,
     9.217960580,64606777,,inst_retired.any,56500111,100.00,141.4,IpMispredict
     9.217960580,459248,,br_misp_retired.all_branches,56500111,100.00,,
     9.318154626,63901617,,inst_retired.any,55746026,100.00,139.8,IpMispredict
     9.318154626,452148,,br_misp_retired.all_branches,55746026,100.00,,
     9.418347437,64539210,,inst_retired.any,56763498,100.00,141.2,IpMispredict
     9.418347437,458045,,br_misp_retired.all_branches,56763498,100.00,,
     9.518541388,64115956,,inst_retired.any,56177464,100.00,140.3,IpMispredict
     9.518541388,458208,,br_misp_retired.all_branches,56177464,100.00,,
     9.618733076,64320930,,inst_retired.any,56389595,100.00,140.8,IpMispredict
     9.618733076,459609,,br_misp_retired.all_branches,56389595,100.00,,
     9.718925575,64171362,,inst_retired.any,56239237,100.00,140.4,IpMispredict
     9.718925575,456463,,br_misp_retired.all_branches,56239237,100.00,,
     9.819120117,64577766,,inst_retired.any,56498313,100.00,141.3,IpMispredict
     9.819120117,457966,,br_misp_retired.all_branches,56498313,100.00,,
     9.919315279,64256796,,inst_retired.any,56244932,100.00,140.6,IpMispredict
     9.919315279,454505,,br_misp_retired.all_branches,56244932,100.00,,
    10.019512254,64108209,,inst_retired.any,55921559,100.00,140.3,IpMispredict
    10.019512254,457096,,br_misp_retired.all_branches,55921559,100.00,,
    10.119706508,63745508,,inst_retired.any,56187174,100.00,139.5,IpMispredict
    10.119706508,456016,,br_misp_retired.all_branches,56187174,100.00,,
    10.219907889,64795866,,inst_retired.any,56788973,100.00,141.8,IpMispredict
    10.219907889,461621,,br_misp_retired.all_branches,56788973,100.00,,
    10.320103870,63739537,,inst_retired.any,56049444,100.00,139.5,IpMispredict
    10.320103870,454821,,br_misp_retired.all_branches,56049444,100.00,,
    10.420301228,64255225,,inst_retired.any,57356407,100.00,140.6,IpMispredict
    10.420301228,462043,,br_misp_retired.all_branches,57356407,100.00,,
    10.520494380,64716407,,inst_retired.any,56872723,100.00,141.6,IpMispredict
    10.520494380,463711,,br_misp_retired.all_branches,56872723,100.00,,
    10.620691601,63997659,,inst_retired.any,56268336,100.00,140.0,IpMispredict
    10.620691601,453401,,br_misp_retired.all_branches,56268336,100.00,,
    10.720888638,63952402,,inst_retired.any,56154958,100.00,139.9,IpMispredict
    10.720888638,454766,,br_misp_retired.all_branches,56154958,100.00,,
    10.821083591,64550274,,inst_retired.any,56566228,100.00,141.2,IpMispredict
    10.821083591,456324,,br_misp_retired.all_branches,56566228,100.00,,
    10.921276184,64409057,,inst_retired.any,56400309,100.00,140.9,IpMispredict
    10.921276184,459955,,br_misp_retired.all_branches,56400309,100.00,,
    11.021486148,63636868,,inst_retired.any,55816963,100.00,139.2,IpMispredict
    11.021486148,452492,,br_misp_retired.all_branches,55816963,100.00,,
