# started on Mon May  1 16:59:23 2023

     0.100150077,6350765,,offcore_response.all_requests.llc_hit.any_response,56366740,100.00,,
     0.100150077,481,,offcore_response.all_requests.llc_miss.any_response,56366740,100.00,,
     0.200336691,6448869,,offcore_response.all_requests.llc_hit.any_response,57004710,100.00,,
     0.200336691,428,,offcore_response.all_requests.llc_miss.any_response,57004710,100.00,,
     0.300502969,6375277,,offcore_response.all_requests.llc_hit.any_response,56317505,100.00,,
     0.300502969,434,,offcore_response.all_requests.llc_miss.any_response,56336537,100.00,,
     0.400685641,6400913,,offcore_response.all_requests.llc_hit.any_response,56796816,100.00,,
     0.400685641,649,,offcore_response.all_requests.llc_miss.any_response,56777784,100.00,,
     0.500887387,6441642,,offcore_response.all_requests.llc_hit.any_response,57135206,100.00,,
     0.500887387,639,,offcore_response.all_requests.llc_miss.any_response,57146424,100.00,,
     0.601099081,6340295,,offcore_response.all_requests.llc_hit.any_response,56462125,100.00,,
     0.601099081,470,,offcore_response.all_requests.llc_miss.any_response,56467973,100.00,,
     0.701297864,6354470,,offcore_response.all_requests.llc_hit.any_response,56287586,100.00,,
     0.701297864,715,,offcore_response.all_requests.llc_miss.any_response,56293479,100.00,,
     0.801497536,6393616,,offcore_response.all_requests.llc_hit.any_response,56731530,100.00,,
     0.801497536,558,,offcore_response.all_requests.llc_miss.any_response,56731902,100.00,,
     0.901696222,6356626,,offcore_response.all_requests.llc_hit.any_response,56528261,100.00,,
     0.901696222,678,,offcore_response.all_requests.llc_miss.any_response,56519731,100.00,,
     1.001894949,6402758,,offcore_response.all_requests.llc_hit.any_response,56876621,100.00,,
     1.001894949,483,,offcore_response.all_requests.llc_miss.any_response,56884995,100.00,,
     1.102097675,6376486,,offcore_response.all_requests.llc_hit.any_response,57521476,100.00,,
     1.102097675,707,,offcore_response.all_requests.llc_miss.any_response,57521394,100.00,,
     1.202297390,6371881,,offcore_response.all_requests.llc_hit.any_response,56297901,100.00,,
     1.202297390,566,,offcore_response.all_requests.llc_miss.any_response,56274808,100.00,,
     1.302495205,6350484,,offcore_response.all_requests.llc_hit.any_response,56234299,100.00,,
     1.302495205,574,,offcore_response.all_requests.llc_miss.any_response,56251496,100.00,,
     1.402693647,6428126,,offcore_response.all_requests.llc_hit.any_response,56621034,100.00,,
     1.402693647,617,,offcore_response.all_requests.llc_miss.any_response,56603837,100.00,,
     1.502890656,6360961,,offcore_response.all_requests.llc_hit.any_response,55895477,100.00,,
     1.502890656,443,,offcore_response.all_requests.llc_miss.any_response,55918523,100.00,,
     1.603092096,6377185,,offcore_response.all_requests.llc_hit.any_response,56368743,100.00,,
     1.603092096,721,,offcore_response.all_requests.llc_miss.any_response,56356279,100.00,,
     1.703292817,6330029,,offcore_response.all_requests.llc_hit.any_response,56037343,100.00,,
     1.703292817,719,,offcore_response.all_requests.llc_miss.any_response,56042145,100.00,,
     1.803491426,6403348,,offcore_response.all_requests.llc_hit.any_response,56616204,100.00,,
     1.803491426,832,,offcore_response.all_requests.llc_miss.any_response,56600820,100.00,,
     1.903688867,6359465,,offcore_response.all_requests.llc_hit.any_response,56510549,100.00,,
     1.903688867,514,,offcore_response.all_requests.llc_miss.any_response,56510549,100.00,,
     2.003885304,6425337,,offcore_response.all_requests.llc_hit.any_response,56596900,100.00,,
     2.003885304,464,,offcore_response.all_requests.llc_miss.any_response,56596900,100.00,,
     2.104084020,6374892,,offcore_response.all_requests.llc_hit.any_response,56310227,100.00,,
     2.104084020,571,,offcore_response.all_requests.llc_miss.any_response,56310227,100.00,,
     2.204281488,6392794,,offcore_response.all_requests.llc_hit.any_response,56539391,100.00,,
     2.204281488,713,,offcore_response.all_requests.llc_miss.any_response,56558223,100.00,,
     2.304500441,6440286,,offcore_response.all_requests.llc_hit.any_response,57025249,100.00,,
     2.304500441,723,,offcore_response.all_requests.llc_miss.any_response,57029405,100.00,,
     2.404700875,6378909,,offcore_response.all_requests.llc_hit.any_response,56305164,100.00,,
     2.404700875,483,,offcore_response.all_requests.llc_miss.any_response,56305441,100.00,,
     2.504902158,6368529,,offcore_response.all_requests.llc_hit.any_response,56487716,100.00,,
     2.504902158,5594,,offcore_response.all_requests.llc_miss.any_response,56483757,100.00,,
     2.605100503,6408324,,offcore_response.all_requests.llc_hit.any_response,56460893,100.00,,
     2.605100503,581,,offcore_response.all_requests.llc_miss.any_response,56441587,100.00,,
     2.705299222,6369016,,offcore_response.all_requests.llc_hit.any_response,55816742,100.00,,
     2.705299222,554,,offcore_response.all_requests.llc_miss.any_response,55839851,100.00,,
     2.805500990,6467738,,offcore_response.all_requests.llc_hit.any_response,56754303,100.00,,
     2.805500990,579,,offcore_response.all_requests.llc_miss.any_response,56754360,100.00,,
     2.905704561,6402992,,offcore_response.all_requests.llc_hit.any_response,56369002,100.00,,
     2.905704561,762,,offcore_response.all_requests.llc_miss.any_response,56368867,100.00,,
     3.005904296,6355651,,offcore_response.all_requests.llc_hit.any_response,56226325,100.00,,
     3.005904296,566,,offcore_response.all_requests.llc_miss.any_response,56226285,100.00,,
     3.106106734,6374114,,offcore_response.all_requests.llc_hit.any_response,56114814,100.00,,
     3.106106734,575,,offcore_response.all_requests.llc_miss.any_response,56115374,100.00,,
     3.206310425,6436348,,offcore_response.all_requests.llc_hit.any_response,56602488,100.00,,
     3.206310425,625,,offcore_response.all_requests.llc_miss.any_response,56602290,100.00,,
     3.306511788,6341012,,offcore_response.all_requests.llc_hit.any_response,55804147,100.00,,
     3.306511788,489,,offcore_response.all_requests.llc_miss.any_response,55780794,100.00,,
     3.406710134,6433531,,offcore_response.all_requests.llc_hit.any_response,56699458,100.00,,
     3.406710134,629,,offcore_response.all_requests.llc_miss.any_response,56699458,100.00,,
     3.506906501,6338152,,offcore_response.all_requests.llc_hit.any_response,55837284,100.00,,
     3.506906501,469,,offcore_response.all_requests.llc_miss.any_response,55837284,100.00,,
     3.607103918,6389122,,offcore_response.all_requests.llc_hit.any_response,56192573,100.00,,
     3.607103918,632,,offcore_response.all_requests.llc_miss.any_response,56215700,100.00,,
     3.707305951,6362431,,offcore_response.all_requests.llc_hit.any_response,56224723,100.00,,
     3.707305951,519,,offcore_response.all_requests.llc_miss.any_response,56201596,100.00,,
     3.807502052,6381134,,offcore_response.all_requests.llc_hit.any_response,56105390,100.00,,
     3.807502052,558,,offcore_response.all_requests.llc_miss.any_response,56105390,100.00,,
     3.907698618,6422630,,offcore_response.all_requests.llc_hit.any_response,56901964,100.00,,
     3.907698618,481,,offcore_response.all_requests.llc_miss.any_response,56925035,100.00,,
     4.007898720,6374856,,offcore_response.all_requests.llc_hit.any_response,56388944,100.00,,
     4.007898720,499,,offcore_response.all_requests.llc_miss.any_response,56389143,100.00,,
     4.108106270,6377255,,offcore_response.all_requests.llc_hit.any_response,56437451,100.00,,
     4.108106270,496,,offcore_response.all_requests.llc_miss.any_response,56414181,100.00,,
     4.208303740,6350442,,offcore_response.all_requests.llc_hit.any_response,56128690,100.00,,
     4.208303740,497,,offcore_response.all_requests.llc_miss.any_response,56151864,100.00,,
     4.308503980,6416735,,offcore_response.all_requests.llc_hit.any_response,56513526,100.00,,
     4.308503980,498,,offcore_response.all_requests.llc_miss.any_response,56490352,100.00,,
     4.408701807,6363040,,offcore_response.all_requests.llc_hit.any_response,56391115,100.00,,
     4.408701807,724,,offcore_response.all_requests.llc_miss.any_response,56414499,100.00,,
     4.508922372,6365064,,offcore_response.all_requests.llc_hit.any_response,56184849,100.00,,
     4.508922372,459,,offcore_response.all_requests.llc_miss.any_response,56183352,100.00,,
     4.609121847,6445321,,offcore_response.all_requests.llc_hit.any_response,56606392,100.00,,
     4.609121847,508,,offcore_response.all_requests.llc_miss.any_response,56607638,100.00,,
     4.709323717,6398873,,offcore_response.all_requests.llc_hit.any_response,56284774,100.00,,
     4.709323717,522,,offcore_response.all_requests.llc_miss.any_response,56261641,100.00,,
     4.809521130,6387542,,offcore_response.all_requests.llc_hit.any_response,56405974,100.00,,
     4.809521130,662,,offcore_response.all_requests.llc_miss.any_response,56427305,100.00,,
     4.909722246,6378269,,offcore_response.all_requests.llc_hit.any_response,56327026,100.00,,
     4.909722246,766,,offcore_response.all_requests.llc_miss.any_response,56328805,100.00,,
     5.009929351,6446708,,offcore_response.all_requests.llc_hit.any_response,56739268,100.00,,
     5.009929351,447,,offcore_response.all_requests.llc_miss.any_response,56739382,100.00,,
     5.110130770,6422651,,offcore_response.all_requests.llc_hit.any_response,56590327,100.00,,
     5.110130770,617,,offcore_response.all_requests.llc_miss.any_response,56590313,100.00,,
     5.210331020,6354881,,offcore_response.all_requests.llc_hit.any_response,56106923,100.00,,
     5.210331020,901,,offcore_response.all_requests.llc_miss.any_response,56083713,100.00,,
     5.310527275,6391560,,offcore_response.all_requests.llc_hit.any_response,56303102,100.00,,
     5.310527275,545,,offcore_response.all_requests.llc_miss.any_response,56326320,100.00,,
     5.410727460,6358020,,offcore_response.all_requests.llc_hit.any_response,56201296,100.00,,
     5.410727460,612,,offcore_response.all_requests.llc_miss.any_response,56188729,100.00,,
     5.510928783,6455325,,offcore_response.all_requests.llc_hit.any_response,56970882,100.00,,
     5.510928783,612,,offcore_response.all_requests.llc_miss.any_response,56983266,100.00,,
     5.611129453,6386667,,offcore_response.all_requests.llc_hit.any_response,56459295,100.00,,
     5.611129453,645,,offcore_response.all_requests.llc_miss.any_response,56443940,100.00,,
     5.711328821,6369375,,offcore_response.all_requests.llc_hit.any_response,56009532,100.00,,
     5.711328821,558,,offcore_response.all_requests.llc_miss.any_response,56001852,100.00,,
     5.811524584,6411208,,offcore_response.all_requests.llc_hit.any_response,56553437,100.00,,
     5.811524584,593,,offcore_response.all_requests.llc_miss.any_response,56576941,100.00,,
     5.911730594,6421569,,offcore_response.all_requests.llc_hit.any_response,56751963,100.00,,
     5.911730594,471,,offcore_response.all_requests.llc_miss.any_response,56728459,100.00,,
     6.011925829,6337885,,offcore_response.all_requests.llc_hit.any_response,55963763,100.00,,
     6.011925829,439,,offcore_response.all_requests.llc_miss.any_response,55986976,100.00,,
     6.112126761,6394931,,offcore_response.all_requests.llc_hit.any_response,56244794,100.00,,
     6.112126761,414,,offcore_response.all_requests.llc_miss.any_response,56228868,100.00,,
     6.212328030,6407476,,offcore_response.all_requests.llc_hit.any_response,56416648,100.00,,
     6.212328030,549,,offcore_response.all_requests.llc_miss.any_response,56432697,100.00,,
     6.312529308,6436761,,offcore_response.all_requests.llc_hit.any_response,56610021,100.00,,
     6.312529308,521,,offcore_response.all_requests.llc_miss.any_response,56609625,100.00,,
     6.412733371,6395559,,offcore_response.all_requests.llc_hit.any_response,56333355,100.00,,
     6.412733371,574,,offcore_response.all_requests.llc_miss.any_response,56333699,100.00,,
     6.512935465,6363661,,offcore_response.all_requests.llc_hit.any_response,55974122,100.00,,
     6.512935465,489,,offcore_response.all_requests.llc_miss.any_response,55950838,100.00,,
     6.613133516,6380894,,offcore_response.all_requests.llc_hit.any_response,56089439,100.00,,
     6.613133516,444,,offcore_response.all_requests.llc_miss.any_response,56112148,100.00,,
     6.713359141,6387637,,offcore_response.all_requests.llc_hit.any_response,56452384,100.00,,
     6.713359141,516,,offcore_response.all_requests.llc_miss.any_response,56429675,100.00,,
     6.813556351,6362654,,offcore_response.all_requests.llc_hit.any_response,56137679,100.00,,
     6.813556351,476,,offcore_response.all_requests.llc_miss.any_response,56137679,100.00,,
     6.913753357,6378720,,offcore_response.all_requests.llc_hit.any_response,56074006,100.00,,
     6.913753357,469,,offcore_response.all_requests.llc_miss.any_response,56097222,100.00,,
     7.013953499,6419506,,offcore_response.all_requests.llc_hit.any_response,56514182,100.00,,
     7.013953499,431,,offcore_response.all_requests.llc_miss.any_response,56504466,100.00,,
     7.114152733,6400139,,offcore_response.all_requests.llc_hit.any_response,56393251,100.00,,
     7.114152733,515,,offcore_response.all_requests.llc_miss.any_response,56379751,100.00,,
     7.214349572,6353522,,offcore_response.all_requests.llc_hit.any_response,55980672,100.00,,
     7.214349572,497,,offcore_response.all_requests.llc_miss.any_response,56004003,100.00,,
     7.314551376,6437117,,offcore_response.all_requests.llc_hit.any_response,56650299,100.00,,
     7.314551376,464,,offcore_response.all_requests.llc_miss.any_response,56648636,100.00,,
     7.414751749,6384029,,offcore_response.all_requests.llc_hit.any_response,56457226,100.00,,
     7.414751749,389,,offcore_response.all_requests.llc_miss.any_response,56458451,100.00,,
     7.514954522,6404946,,offcore_response.all_requests.llc_hit.any_response,56396081,100.00,,
     7.514954522,547,,offcore_response.all_requests.llc_miss.any_response,56383710,100.00,,
     7.615156070,6380863,,offcore_response.all_requests.llc_hit.any_response,56425147,100.00,,
     7.615156070,489,,offcore_response.all_requests.llc_miss.any_response,56414625,100.00,,
     7.715352851,6348553,,offcore_response.all_requests.llc_hit.any_response,56127534,100.00,,
     7.715352851,450,,offcore_response.all_requests.llc_miss.any_response,56151991,100.00,,
     7.815554579,6379489,,offcore_response.all_requests.llc_hit.any_response,56516189,100.00,,
     7.815554579,600,,offcore_response.all_requests.llc_miss.any_response,56491732,100.00,,
     7.915752864,6399036,,offcore_response.all_requests.llc_hit.any_response,56603651,100.00,,
     7.915752864,563,,offcore_response.all_requests.llc_miss.any_response,56626790,100.00,,
     8.015954213,6398503,,offcore_response.all_requests.llc_hit.any_response,56316356,100.00,,
     8.015954213,520,,offcore_response.all_requests.llc_miss.any_response,56293217,100.00,,
     8.116152582,6401644,,offcore_response.all_requests.llc_hit.any_response,56221009,100.00,,
     8.116152582,390,,offcore_response.all_requests.llc_miss.any_response,56221009,100.00,,
     8.216349597,6368633,,offcore_response.all_requests.llc_hit.any_response,56169886,100.00,,
     8.216349597,519,,offcore_response.all_requests.llc_miss.any_response,56189520,100.00,,
     8.316549182,6431682,,offcore_response.all_requests.llc_hit.any_response,56788217,100.00,,
     8.316549182,520,,offcore_response.all_requests.llc_miss.any_response,56779112,100.00,,
     8.416750164,6374878,,offcore_response.all_requests.llc_hit.any_response,56347114,100.00,,
     8.416750164,545,,offcore_response.all_requests.llc_miss.any_response,56347108,100.00,,
     8.516950584,6396763,,offcore_response.all_requests.llc_hit.any_response,56523506,100.00,,
     8.516950584,519,,offcore_response.all_requests.llc_miss.any_response,56536117,100.00,,
     8.617151528,6461107,,offcore_response.all_requests.llc_hit.any_response,56736493,100.00,,
     8.617151528,550,,offcore_response.all_requests.llc_miss.any_response,56737266,100.00,,
     8.717354908,6345520,,offcore_response.all_requests.llc_hit.any_response,55802736,100.00,,
     8.717354908,561,,offcore_response.all_requests.llc_miss.any_response,55802018,100.00,,
     8.817555784,6422478,,offcore_response.all_requests.llc_hit.any_response,56718939,100.00,,
     8.817555784,561,,offcore_response.all_requests.llc_miss.any_response,56695750,100.00,,
     8.917772010,6380146,,offcore_response.all_requests.llc_hit.any_response,56576199,100.00,,
     8.917772010,630,,offcore_response.all_requests.llc_miss.any_response,56599393,100.00,,
     9.017972611,6422854,,offcore_response.all_requests.llc_hit.any_response,57166169,100.00,,
     9.017972611,524,,offcore_response.all_requests.llc_miss.any_response,57151737,100.00,,
     9.118172800,6372145,,offcore_response.all_requests.llc_hit.any_response,56178049,100.00,,
     9.118172800,619,,offcore_response.all_requests.llc_miss.any_response,56169287,100.00,,
     9.218371510,6353393,,offcore_response.all_requests.llc_hit.any_response,56453361,100.00,,
     9.218371510,384,,offcore_response.all_requests.llc_miss.any_response,56476627,100.00,,
     9.318572133,6367644,,offcore_response.all_requests.llc_hit.any_response,56130668,100.00,,
     9.318572133,541,,offcore_response.all_requests.llc_miss.any_response,56117480,100.00,,
     9.418778491,6437198,,offcore_response.all_requests.llc_hit.any_response,56908330,100.00,,
     9.418778491,449,,offcore_response.all_requests.llc_miss.any_response,56921415,100.00,,
     9.518979008,6329379,,offcore_response.all_requests.llc_hit.any_response,55911666,100.00,,
     9.518979008,568,,offcore_response.all_requests.llc_miss.any_response,55911427,100.00,,
     9.619181462,6396319,,offcore_response.all_requests.llc_hit.any_response,56684962,100.00,,
     9.619181462,603,,offcore_response.all_requests.llc_miss.any_response,56662038,100.00,,
     9.719382611,6358214,,offcore_response.all_requests.llc_hit.any_response,56022705,100.00,,
     9.719382611,425,,offcore_response.all_requests.llc_miss.any_response,56037941,100.00,,
     9.819581194,6422233,,offcore_response.all_requests.llc_hit.any_response,56658883,100.00,,
     9.819581194,634,,offcore_response.all_requests.llc_miss.any_response,56665781,100.00,,
     9.919804350,6334689,,offcore_response.all_requests.llc_hit.any_response,56008249,100.00,,
     9.919804350,594,,offcore_response.all_requests.llc_miss.any_response,55986115,100.00,,
    10.020009233,6364892,,offcore_response.all_requests.llc_hit.any_response,56194992,100.00,,
    10.020009233,613,,offcore_response.all_requests.llc_miss.any_response,56205117,100.00,,
    10.120216008,6401171,,offcore_response.all_requests.llc_hit.any_response,56532087,100.00,,
    10.120216008,600,,offcore_response.all_requests.llc_miss.any_response,56544936,100.00,,
    10.220417374,6346056,,offcore_response.all_requests.llc_hit.any_response,55955734,100.00,,
    10.220417374,528,,offcore_response.all_requests.llc_miss.any_response,55955879,100.00,,
    10.320619087,6444033,,offcore_response.all_requests.llc_hit.any_response,56711378,100.00,,
    10.320619087,576,,offcore_response.all_requests.llc_miss.any_response,56688259,100.00,,
    10.420817512,6335815,,offcore_response.all_requests.llc_hit.any_response,55906807,100.00,,
    10.420817512,632,,offcore_response.all_requests.llc_miss.any_response,55929862,100.00,,
    10.521020091,6402301,,offcore_response.all_requests.llc_hit.any_response,56601862,100.00,,
    10.521020091,581,,offcore_response.all_requests.llc_miss.any_response,56594444,100.00,,
    10.621220307,6385080,,offcore_response.all_requests.llc_hit.any_response,56246472,100.00,,
    10.621220307,486,,offcore_response.all_requests.llc_miss.any_response,56253985,100.00,,
    10.721421930,6384087,,offcore_response.all_requests.llc_hit.any_response,56325910,100.00,,
    10.721421930,680,,offcore_response.all_requests.llc_miss.any_response,56325532,100.00,,
    10.821622484,6378453,,offcore_response.all_requests.llc_hit.any_response,56330300,100.00,,
    10.821622484,605,,offcore_response.all_requests.llc_miss.any_response,56318424,100.00,,
    10.921822021,6365674,,offcore_response.all_requests.llc_hit.any_response,56138781,100.00,,
    10.921822021,600,,offcore_response.all_requests.llc_miss.any_response,56145931,100.00,,
    11.022021964,6383859,,offcore_response.all_requests.llc_hit.any_response,56357354,100.00,,
    11.022021964,467,,offcore_response.all_requests.llc_miss.any_response,56339308,100.00,,
