# started on Tue May  2 14:32:53 2023

     0.100315802,3119663,,offcore_response.all_requests.llc_hit.any_response,42231242,100.00,,
     0.100315802,280,,offcore_response.all_requests.llc_miss.any_response,42204783,100.00,,
     0.200562184,3114017,,offcore_response.all_requests.llc_hit.any_response,42428315,100.00,,
     0.200562184,275,,offcore_response.all_requests.llc_miss.any_response,42396589,100.00,,
     0.300768695,3113951,,offcore_response.all_requests.llc_hit.any_response,41620447,100.00,,
     0.300768695,300,,offcore_response.all_requests.llc_miss.any_response,41651452,100.00,,
     0.400982729,3092990,,offcore_response.all_requests.llc_hit.any_response,41615269,100.00,,
     0.400982729,125,,offcore_response.all_requests.llc_miss.any_response,41594520,100.00,,
     0.501192347,3164793,,offcore_response.all_requests.llc_hit.any_response,41693397,100.00,,
     0.501192347,534,,offcore_response.all_requests.llc_miss.any_response,41683141,100.00,,
     0.601402372,3105751,,offcore_response.all_requests.llc_hit.any_response,40852889,100.00,,
     0.601402372,127,,offcore_response.all_requests.llc_miss.any_response,40852889,100.00,,
     0.701610059,3108778,,offcore_response.all_requests.llc_hit.any_response,41478340,100.00,,
     0.701610059,262,,offcore_response.all_requests.llc_miss.any_response,41510111,100.00,,
     0.801824568,3111503,,offcore_response.all_requests.llc_hit.any_response,41542120,100.00,,
     0.801824568,162,,offcore_response.all_requests.llc_miss.any_response,41541017,100.00,,
     0.902036144,3120483,,offcore_response.all_requests.llc_hit.any_response,42002737,100.00,,
     0.902036144,245,,offcore_response.all_requests.llc_miss.any_response,41972069,100.00,,
     1.002244820,3103696,,offcore_response.all_requests.llc_hit.any_response,41408220,100.00,,
     1.002244820,140,,offcore_response.all_requests.llc_miss.any_response,41438723,100.00,,
     1.102457343,3176776,,offcore_response.all_requests.llc_hit.any_response,42343093,100.00,,
     1.102457343,291,,offcore_response.all_requests.llc_miss.any_response,42312590,100.00,,
     1.202664937,3085148,,offcore_response.all_requests.llc_hit.any_response,41801550,100.00,,
     1.202664937,192,,offcore_response.all_requests.llc_miss.any_response,41831993,100.00,,
     1.302877622,3113087,,offcore_response.all_requests.llc_hit.any_response,41657020,100.00,,
     1.302877622,774,,offcore_response.all_requests.llc_miss.any_response,41657589,100.00,,
     1.403091930,3107527,,offcore_response.all_requests.llc_hit.any_response,41588996,100.00,,
     1.403091930,1349,,offcore_response.all_requests.llc_miss.any_response,41557984,100.00,,
     1.503303840,2971693,,offcore_response.all_requests.llc_hit.any_response,41739790,100.00,,
     1.503303840,37302,,offcore_response.all_requests.llc_miss.any_response,41771273,100.00,,
     1.603516926,2997469,,offcore_response.all_requests.llc_hit.any_response,42160614,100.00,,
     1.603516926,37590,,offcore_response.all_requests.llc_miss.any_response,42159796,100.00,,
     1.703715120,2962331,,offcore_response.all_requests.llc_hit.any_response,41286922,100.00,,
     1.703715120,37056,,offcore_response.all_requests.llc_miss.any_response,41256257,100.00,,
     1.803928805,3039929,,offcore_response.all_requests.llc_hit.any_response,41482318,100.00,,
     1.803928805,37804,,offcore_response.all_requests.llc_miss.any_response,41482318,100.00,,
     1.904135645,3041552,,offcore_response.all_requests.llc_hit.any_response,42347731,100.00,,
     1.904135645,37730,,offcore_response.all_requests.llc_miss.any_response,42378592,100.00,,
     2.004349800,2975503,,offcore_response.all_requests.llc_hit.any_response,42328164,100.00,,
     2.004349800,37124,,offcore_response.all_requests.llc_miss.any_response,42329046,100.00,,
     2.104565827,3005939,,offcore_response.all_requests.llc_hit.any_response,41528494,100.00,,
     2.104565827,37327,,offcore_response.all_requests.llc_miss.any_response,41496751,100.00,,
     2.204776843,3020966,,offcore_response.all_requests.llc_hit.any_response,41934901,100.00,,
     2.204776843,37741,,offcore_response.all_requests.llc_miss.any_response,41965592,100.00,,
     2.305010798,2891821,,offcore_response.all_requests.llc_hit.any_response,40557307,100.00,,
     2.305010798,37213,,offcore_response.all_requests.llc_miss.any_response,40526616,100.00,,
     2.405218932,2999106,,offcore_response.all_requests.llc_hit.any_response,41795182,100.00,,
     2.405218932,37248,,offcore_response.all_requests.llc_miss.any_response,41795182,100.00,,
     2.505427023,3040731,,offcore_response.all_requests.llc_hit.any_response,43484459,100.00,,
     2.505427023,37815,,offcore_response.all_requests.llc_miss.any_response,43516572,100.00,,
     2.605656273,3034423,,offcore_response.all_requests.llc_hit.any_response,42436504,100.00,,
     2.605656273,37433,,offcore_response.all_requests.llc_miss.any_response,42434916,100.00,,
     2.705879014,2983380,,offcore_response.all_requests.llc_hit.any_response,40940673,100.00,,
     2.705879014,36894,,offcore_response.all_requests.llc_miss.any_response,40927119,100.00,,
     2.806091262,3017843,,offcore_response.all_requests.llc_hit.any_response,41636284,100.00,,
     2.806091262,38094,,offcore_response.all_requests.llc_miss.any_response,41649954,100.00,,
     2.906303125,2915876,,offcore_response.all_requests.llc_hit.any_response,41028296,100.00,,
     2.906303125,36873,,offcore_response.all_requests.llc_miss.any_response,40997655,100.00,,
     3.006510997,3001037,,offcore_response.all_requests.llc_hit.any_response,41788298,100.00,,
     3.006510997,37671,,offcore_response.all_requests.llc_miss.any_response,41793436,100.00,,
     3.106722026,3000358,,offcore_response.all_requests.llc_hit.any_response,41663442,100.00,,
     3.106722026,37733,,offcore_response.all_requests.llc_miss.any_response,41658304,100.00,,
     3.206930677,3016944,,offcore_response.all_requests.llc_hit.any_response,41799359,100.00,,
     3.206930677,37235,,offcore_response.all_requests.llc_miss.any_response,41799359,100.00,,
     3.307137763,2951913,,offcore_response.all_requests.llc_hit.any_response,40197528,100.00,,
     3.307137763,37080,,offcore_response.all_requests.llc_miss.any_response,40229879,100.00,,
     3.407366528,2967916,,offcore_response.all_requests.llc_hit.any_response,41410247,100.00,,
     3.407366528,37615,,offcore_response.all_requests.llc_miss.any_response,41408842,100.00,,
     3.507581138,2959722,,offcore_response.all_requests.llc_hit.any_response,41883740,100.00,,
     3.507581138,37251,,offcore_response.all_requests.llc_miss.any_response,41852794,100.00,,
     3.607791320,2997828,,offcore_response.all_requests.llc_hit.any_response,42057922,100.00,,
     3.607791320,37794,,offcore_response.all_requests.llc_miss.any_response,42057922,100.00,,
     3.707999664,2981977,,offcore_response.all_requests.llc_hit.any_response,41484112,100.00,,
     3.707999664,37485,,offcore_response.all_requests.llc_miss.any_response,41515873,100.00,,
     3.808216055,3024676,,offcore_response.all_requests.llc_hit.any_response,42227325,100.00,,
     3.808216055,37506,,offcore_response.all_requests.llc_miss.any_response,42195564,100.00,,
     3.908423256,2951727,,offcore_response.all_requests.llc_hit.any_response,40669946,100.00,,
     3.908423256,37522,,offcore_response.all_requests.llc_miss.any_response,40701146,100.00,,
     4.008635864,3011519,,offcore_response.all_requests.llc_hit.any_response,42011856,100.00,,
     4.008635864,36752,,offcore_response.all_requests.llc_miss.any_response,41980656,100.00,,
     4.108846077,3064767,,offcore_response.all_requests.llc_hit.any_response,42635843,100.00,,
     4.108846077,38204,,offcore_response.all_requests.llc_miss.any_response,42635843,100.00,,
     4.209056827,3005537,,offcore_response.all_requests.llc_hit.any_response,41989764,100.00,,
     4.209056827,36925,,offcore_response.all_requests.llc_miss.any_response,41989764,100.00,,
     4.309266095,3002792,,offcore_response.all_requests.llc_hit.any_response,41439200,100.00,,
     4.309266095,37111,,offcore_response.all_requests.llc_miss.any_response,41470711,100.00,,
     4.409483449,3017285,,offcore_response.all_requests.llc_hit.any_response,41154606,100.00,,
     4.409483449,37791,,offcore_response.all_requests.llc_miss.any_response,41123095,100.00,,
     4.509712813,3012064,,offcore_response.all_requests.llc_hit.any_response,42502832,100.00,,
     4.509712813,37434,,offcore_response.all_requests.llc_miss.any_response,42502832,100.00,,
     4.609924630,3022337,,offcore_response.all_requests.llc_hit.any_response,41788833,100.00,,
     4.609924630,37203,,offcore_response.all_requests.llc_miss.any_response,41788833,100.00,,
     4.710133145,3053517,,offcore_response.all_requests.llc_hit.any_response,42700599,100.00,,
     4.710133145,37651,,offcore_response.all_requests.llc_miss.any_response,42731803,100.00,,
     4.810350735,2980078,,offcore_response.all_requests.llc_hit.any_response,41508018,100.00,,
     4.810350735,37251,,offcore_response.all_requests.llc_miss.any_response,41476814,100.00,,
     4.910560195,2960410,,offcore_response.all_requests.llc_hit.any_response,40763086,100.00,,
     4.910560195,37257,,offcore_response.all_requests.llc_miss.any_response,40763086,100.00,,
     5.010776341,3016490,,offcore_response.all_requests.llc_hit.any_response,41927691,100.00,,
     5.010776341,37572,,offcore_response.all_requests.llc_miss.any_response,41927691,100.00,,
     5.110983964,2993710,,offcore_response.all_requests.llc_hit.any_response,41360442,100.00,,
     5.110983964,37733,,offcore_response.all_requests.llc_miss.any_response,41360442,100.00,,
     5.211192746,2958625,,offcore_response.all_requests.llc_hit.any_response,41177958,100.00,,
     5.211192746,37233,,offcore_response.all_requests.llc_miss.any_response,41225288,100.00,,
     5.311424572,2980773,,offcore_response.all_requests.llc_hit.any_response,41671157,100.00,,
     5.311424572,37158,,offcore_response.all_requests.llc_miss.any_response,41623827,100.00,,
     5.411637013,3016483,,offcore_response.all_requests.llc_hit.any_response,42660273,100.00,,
     5.411637013,37319,,offcore_response.all_requests.llc_miss.any_response,42660273,100.00,,
     5.511846019,3035368,,offcore_response.all_requests.llc_hit.any_response,41748191,100.00,,
     5.511846019,37985,,offcore_response.all_requests.llc_miss.any_response,41778017,100.00,,
     5.612063068,2934051,,offcore_response.all_requests.llc_hit.any_response,40507185,100.00,,
     5.612063068,37006,,offcore_response.all_requests.llc_miss.any_response,40507955,100.00,,
     5.712277610,2964521,,offcore_response.all_requests.llc_hit.any_response,41351655,100.00,,
     5.712277610,37546,,offcore_response.all_requests.llc_miss.any_response,41352712,100.00,,
     5.812492967,3008853,,offcore_response.all_requests.llc_hit.any_response,42106377,100.00,,
     5.812492967,37744,,offcore_response.all_requests.llc_miss.any_response,42074724,100.00,,
     5.912666087,3061222,,offcore_response.all_requests.llc_hit.any_response,42993248,100.00,,
     5.912666087,37410,,offcore_response.all_requests.llc_miss.any_response,42993248,100.00,,
     6.012877375,2971104,,offcore_response.all_requests.llc_hit.any_response,40459875,100.00,,
     6.012877375,36450,,offcore_response.all_requests.llc_miss.any_response,40468467,100.00,,
     6.113091474,2963612,,offcore_response.all_requests.llc_hit.any_response,41725857,100.00,,
     6.113091474,37809,,offcore_response.all_requests.llc_miss.any_response,41729453,100.00,,
     6.213297823,2983513,,offcore_response.all_requests.llc_hit.any_response,41593273,100.00,,
     6.213297823,37213,,offcore_response.all_requests.llc_miss.any_response,41604015,100.00,,
     6.313503903,3012969,,offcore_response.all_requests.llc_hit.any_response,41171719,100.00,,
     6.313503903,37593,,offcore_response.all_requests.llc_miss.any_response,41148789,100.00,,
     6.413708425,3016933,,offcore_response.all_requests.llc_hit.any_response,41275624,100.00,,
     6.413708425,37135,,offcore_response.all_requests.llc_miss.any_response,41275624,100.00,,
     6.513910633,2963672,,offcore_response.all_requests.llc_hit.any_response,41979992,100.00,,
     6.513910633,36676,,offcore_response.all_requests.llc_miss.any_response,41998071,100.00,,
     6.614138787,2982495,,offcore_response.all_requests.llc_hit.any_response,41565584,100.00,,
     6.614138787,36751,,offcore_response.all_requests.llc_miss.any_response,41577655,100.00,,
     6.714346346,2997406,,offcore_response.all_requests.llc_hit.any_response,41718732,100.00,,
     6.714346346,37063,,offcore_response.all_requests.llc_miss.any_response,41714995,100.00,,
     6.814556712,3031210,,offcore_response.all_requests.llc_hit.any_response,41873886,100.00,,
     6.814556712,37590,,offcore_response.all_requests.llc_miss.any_response,41847473,100.00,,
     6.914763049,3049686,,offcore_response.all_requests.llc_hit.any_response,43573355,100.00,,
     6.914763049,37190,,offcore_response.all_requests.llc_miss.any_response,43573355,100.00,,
     7.014968376,2983131,,offcore_response.all_requests.llc_hit.any_response,40427589,100.00,,
     7.014968376,37308,,offcore_response.all_requests.llc_miss.any_response,40427589,100.00,,
     7.115171399,2999145,,offcore_response.all_requests.llc_hit.any_response,41761201,100.00,,
     7.115171399,37683,,offcore_response.all_requests.llc_miss.any_response,41802120,100.00,,
     7.215361637,2984049,,offcore_response.all_requests.llc_hit.any_response,41291847,100.00,,
     7.215361637,37635,,offcore_response.all_requests.llc_miss.any_response,41250928,100.00,,
     7.315566244,3011308,,offcore_response.all_requests.llc_hit.any_response,42335496,100.00,,
     7.315566244,37510,,offcore_response.all_requests.llc_miss.any_response,42366593,100.00,,
     7.415759376,3013203,,offcore_response.all_requests.llc_hit.any_response,41443002,100.00,,
     7.415759376,37492,,offcore_response.all_requests.llc_miss.any_response,41411905,100.00,,
     7.515962906,2956225,,offcore_response.all_requests.llc_hit.any_response,41700558,100.00,,
     7.515962906,37417,,offcore_response.all_requests.llc_miss.any_response,41714844,100.00,,
     7.616172638,2969968,,offcore_response.all_requests.llc_hit.any_response,40042558,100.00,,
     7.616172638,37598,,offcore_response.all_requests.llc_miss.any_response,40028272,100.00,,
     7.716376114,3003866,,offcore_response.all_requests.llc_hit.any_response,41566477,100.00,,
     7.716376114,37580,,offcore_response.all_requests.llc_miss.any_response,41566477,100.00,,
     7.816584256,2972932,,offcore_response.all_requests.llc_hit.any_response,41966758,100.00,,
     7.816584256,37119,,offcore_response.all_requests.llc_miss.any_response,41993848,100.00,,
     7.916796373,2993899,,offcore_response.all_requests.llc_hit.any_response,41355603,100.00,,
     7.916796373,37713,,offcore_response.all_requests.llc_miss.any_response,41357051,100.00,,
     8.017003965,2995442,,offcore_response.all_requests.llc_hit.any_response,40847444,100.00,,
     8.017003965,37246,,offcore_response.all_requests.llc_miss.any_response,40849117,100.00,,
     8.117211736,3029631,,offcore_response.all_requests.llc_hit.any_response,41342966,100.00,,
     8.117211736,38052,,offcore_response.all_requests.llc_miss.any_response,41343420,100.00,,
     8.217421387,2931003,,offcore_response.all_requests.llc_hit.any_response,40227726,100.00,,
     8.217421387,37170,,offcore_response.all_requests.llc_miss.any_response,40197061,100.00,,
     8.317623837,3000351,,offcore_response.all_requests.llc_hit.any_response,41320772,100.00,,
     8.317623837,37854,,offcore_response.all_requests.llc_miss.any_response,41320772,100.00,,
     8.417827313,2972070,,offcore_response.all_requests.llc_hit.any_response,41999018,100.00,,
     8.417827313,37280,,offcore_response.all_requests.llc_miss.any_response,41999018,100.00,,
     8.518039150,3000643,,offcore_response.all_requests.llc_hit.any_response,42172290,100.00,,
     8.518039150,37759,,offcore_response.all_requests.llc_miss.any_response,42172290,100.00,,
     8.618244237,2984058,,offcore_response.all_requests.llc_hit.any_response,41133049,100.00,,
     8.618244237,37476,,offcore_response.all_requests.llc_miss.any_response,41163239,100.00,,
     8.718460182,2968886,,offcore_response.all_requests.llc_hit.any_response,40285783,100.00,,
     8.718460182,37832,,offcore_response.all_requests.llc_miss.any_response,40278963,100.00,,
     8.818689419,2971331,,offcore_response.all_requests.llc_hit.any_response,41446832,100.00,,
     8.818689419,37324,,offcore_response.all_requests.llc_miss.any_response,41438629,100.00,,
     8.918900516,3015986,,offcore_response.all_requests.llc_hit.any_response,41484515,100.00,,
     8.918900516,37261,,offcore_response.all_requests.llc_miss.any_response,41469348,100.00,,
     9.019108748,3030267,,offcore_response.all_requests.llc_hit.any_response,42445906,100.00,,
     9.019108748,37642,,offcore_response.all_requests.llc_miss.any_response,42445906,100.00,,
     9.119292940,2966022,,offcore_response.all_requests.llc_hit.any_response,41619831,100.00,,
     9.119292940,37650,,offcore_response.all_requests.llc_miss.any_response,41619831,100.00,,
     9.219501645,3018465,,offcore_response.all_requests.llc_hit.any_response,42108663,100.00,,
     9.219501645,37384,,offcore_response.all_requests.llc_miss.any_response,42108663,100.00,,
     9.319690000,3041753,,offcore_response.all_requests.llc_hit.any_response,41883034,100.00,,
     9.319690000,37516,,offcore_response.all_requests.llc_miss.any_response,41883034,100.00,,
     9.419896681,3002874,,offcore_response.all_requests.llc_hit.any_response,41934945,100.00,,
     9.419896681,37668,,offcore_response.all_requests.llc_miss.any_response,41934945,100.00,,
     9.520099262,3000680,,offcore_response.all_requests.llc_hit.any_response,42762071,100.00,,
     9.520099262,37766,,offcore_response.all_requests.llc_miss.any_response,42793630,100.00,,
     9.620313083,2979097,,offcore_response.all_requests.llc_hit.any_response,41650060,100.00,,
     9.620313083,37111,,offcore_response.all_requests.llc_miss.any_response,41618501,100.00,,
     9.720516392,2981459,,offcore_response.all_requests.llc_hit.any_response,40967500,100.00,,
     9.720516392,37197,,offcore_response.all_requests.llc_miss.any_response,40967500,100.00,,
     9.820724233,2996352,,offcore_response.all_requests.llc_hit.any_response,42111143,100.00,,
     9.820724233,37498,,offcore_response.all_requests.llc_miss.any_response,42111143,100.00,,
     9.920928344,2962616,,offcore_response.all_requests.llc_hit.any_response,41433800,100.00,,
     9.920928344,37466,,offcore_response.all_requests.llc_miss.any_response,41464614,100.00,,
    10.021140802,2993119,,offcore_response.all_requests.llc_hit.any_response,41728740,100.00,,
    10.021140802,37517,,offcore_response.all_requests.llc_miss.any_response,41714642,100.00,,
    10.121346551,3039556,,offcore_response.all_requests.llc_hit.any_response,42057506,100.00,,
    10.121346551,37558,,offcore_response.all_requests.llc_miss.any_response,42040790,100.00,,
    10.221552168,2895382,,offcore_response.all_requests.llc_hit.any_response,39514418,100.00,,
    10.221552168,36883,,offcore_response.all_requests.llc_miss.any_response,39514418,100.00,,
    10.321754873,3053195,,offcore_response.all_requests.llc_hit.any_response,41661938,100.00,,
    10.321754873,36967,,offcore_response.all_requests.llc_miss.any_response,41693308,100.00,,
    10.421968039,2998821,,offcore_response.all_requests.llc_hit.any_response,42250016,100.00,,
    10.421968039,37202,,offcore_response.all_requests.llc_miss.any_response,42240995,100.00,,
    10.522173507,3016391,,offcore_response.all_requests.llc_hit.any_response,41590305,100.00,,
    10.522173507,37158,,offcore_response.all_requests.llc_miss.any_response,41567956,100.00,,
    10.622378982,2996613,,offcore_response.all_requests.llc_hit.any_response,42537746,100.00,,
    10.622378982,37664,,offcore_response.all_requests.llc_miss.any_response,42537746,100.00,,
    10.722583348,2970331,,offcore_response.all_requests.llc_hit.any_response,41472054,100.00,,
    10.722583348,36915,,offcore_response.all_requests.llc_miss.any_response,41472054,100.00,,
    10.822787509,3036955,,offcore_response.all_requests.llc_hit.any_response,42207899,100.00,,
    10.822787509,37191,,offcore_response.all_requests.llc_miss.any_response,42238103,100.00,,
    10.922996796,2989452,,offcore_response.all_requests.llc_hit.any_response,41717556,100.00,,
    10.922996796,37293,,offcore_response.all_requests.llc_miss.any_response,41687352,100.00,,
    11.023219443,2965252,,offcore_response.all_requests.llc_hit.any_response,39837923,100.00,,
    11.023219443,36542,,offcore_response.all_requests.llc_miss.any_response,39868219,100.00,,
