# started on Tue May  2 14:33:20 2023

     0.100253635,8878626,,offcore_response.all_requests.llc_hit.any_response,76379932,100.00,,
     0.100253635,488,,offcore_response.all_requests.llc_miss.any_response,76358161,100.00,,
     0.200504526,8942627,,offcore_response.all_requests.llc_hit.any_response,77152345,100.00,,
     0.200504526,337,,offcore_response.all_requests.llc_miss.any_response,77151852,100.00,,
     0.300720451,8938058,,offcore_response.all_requests.llc_hit.any_response,76640048,100.00,,
     0.300720451,405,,offcore_response.all_requests.llc_miss.any_response,76625498,100.00,,
     0.400934184,8957368,,offcore_response.all_requests.llc_hit.any_response,76693044,100.00,,
     0.400934184,569,,offcore_response.all_requests.llc_miss.any_response,76707575,100.00,,
     0.501137734,8873612,,offcore_response.all_requests.llc_hit.any_response,79596186,100.00,,
     0.501137734,581,,offcore_response.all_requests.llc_miss.any_response,79596741,100.00,,
     0.601347355,9001773,,offcore_response.all_requests.llc_hit.any_response,75917214,100.00,,
     0.601347355,218,,offcore_response.all_requests.llc_miss.any_response,75916493,100.00,,
     0.701554684,9012826,,offcore_response.all_requests.llc_hit.any_response,75972419,100.00,,
     0.701554684,255,,offcore_response.all_requests.llc_miss.any_response,75961719,100.00,,
     0.801765852,5637275,,offcore_response.all_requests.llc_hit.any_response,47556577,100.00,,
     0.801765852,459,,offcore_response.all_requests.llc_miss.any_response,47537312,100.00,,
     0.901979028,2640111,,offcore_response.all_requests.llc_hit.any_response,26758960,100.00,,
     0.901979028,818,,offcore_response.all_requests.llc_miss.any_response,26782925,100.00,,
     1.002197916,9890509,,offcore_response.all_requests.llc_hit.any_response,82747652,100.00,,
     1.002197916,164,,offcore_response.all_requests.llc_miss.any_response,82753943,100.00,,
     1.102406298,9881989,,offcore_response.all_requests.llc_hit.any_response,82810770,100.00,,
     1.102406298,247,,offcore_response.all_requests.llc_miss.any_response,82801660,100.00,,
     1.202617476,9854481,,offcore_response.all_requests.llc_hit.any_response,82630019,100.00,,
     1.202617476,253,,offcore_response.all_requests.llc_miss.any_response,82638779,100.00,,
     1.302829522,9915042,,offcore_response.all_requests.llc_hit.any_response,83038587,100.00,,
     1.302829522,376,,offcore_response.all_requests.llc_miss.any_response,83038830,100.00,,
     1.403039687,9819369,,offcore_response.all_requests.llc_hit.any_response,82638868,100.00,,
     1.403039687,536,,offcore_response.all_requests.llc_miss.any_response,82638734,100.00,,
     1.503255396,9817870,,offcore_response.all_requests.llc_hit.any_response,82575732,100.00,,
     1.503255396,400,,offcore_response.all_requests.llc_miss.any_response,82561018,100.00,,
     1.603464802,9819905,,offcore_response.all_requests.llc_hit.any_response,82734699,100.00,,
     1.603464802,294,,offcore_response.all_requests.llc_miss.any_response,82776914,100.00,,
     1.703667797,9809532,,offcore_response.all_requests.llc_hit.any_response,82771386,100.00,,
     1.703667797,448,,offcore_response.all_requests.llc_miss.any_response,82744028,100.00,,
     1.803876570,6468308,,offcore_response.all_requests.llc_hit.any_response,54404132,100.00,,
     1.803876570,814,,offcore_response.all_requests.llc_miss.any_response,54373974,100.00,,
     1.904092879,<not counted>,,offcore_response.all_requests.llc_hit.any_response,0,100.00,,
     1.904092879,<not counted>,,offcore_response.all_requests.llc_miss.any_response,0,100.00,,
     2.004299771,2661384,,offcore_response.all_requests.llc_hit.any_response,26589189,100.00,,
     2.004299771,590,,offcore_response.all_requests.llc_miss.any_response,26622051,100.00,,
     2.104514289,9145229,,offcore_response.all_requests.llc_hit.any_response,81416921,100.00,,
     2.104514289,264,,offcore_response.all_requests.llc_miss.any_response,81404521,100.00,,
     2.204724782,9136356,,offcore_response.all_requests.llc_hit.any_response,81896909,100.00,,
     2.204724782,645,,offcore_response.all_requests.llc_miss.any_response,81907418,100.00,,
     2.304958628,9861789,,offcore_response.all_requests.llc_hit.any_response,82637884,100.00,,
     2.304958628,295,,offcore_response.all_requests.llc_miss.any_response,82622737,100.00,,
     2.405164585,9875007,,offcore_response.all_requests.llc_hit.any_response,82989075,100.00,,
     2.405164585,529,,offcore_response.all_requests.llc_miss.any_response,82991267,100.00,,
     2.505375057,9835875,,offcore_response.all_requests.llc_hit.any_response,82748973,100.00,,
     2.505375057,284,,offcore_response.all_requests.llc_miss.any_response,82755603,100.00,,
     2.605584130,9852977,,offcore_response.all_requests.llc_hit.any_response,82875919,100.00,,
     2.605584130,374,,offcore_response.all_requests.llc_miss.any_response,82881531,100.00,,
     2.705792076,9846341,,offcore_response.all_requests.llc_hit.any_response,82755113,100.00,,
     2.705792076,311,,offcore_response.all_requests.llc_miss.any_response,82757256,100.00,,
     2.806006732,9855297,,offcore_response.all_requests.llc_hit.any_response,82848534,100.00,,
     2.806006732,296,,offcore_response.all_requests.llc_miss.any_response,82846457,100.00,,
     2.906215440,9793696,,offcore_response.all_requests.llc_hit.any_response,82597515,100.00,,
     2.906215440,449,,offcore_response.all_requests.llc_miss.any_response,82584444,100.00,,
     3.006422883,5527579,,offcore_response.all_requests.llc_hit.any_response,46662024,100.00,,
     3.006422883,437,,offcore_response.all_requests.llc_miss.any_response,46644771,100.00,,
     3.106635416,<not counted>,,offcore_response.all_requests.llc_hit.any_response,0,100.00,,
     3.106635416,<not counted>,,offcore_response.all_requests.llc_miss.any_response,0,100.00,,
     3.206842054,2498232,,offcore_response.all_requests.llc_hit.any_response,27481183,100.00,,
     3.206842054,495,,offcore_response.all_requests.llc_miss.any_response,27507243,100.00,,
     3.307056816,9853020,,offcore_response.all_requests.llc_hit.any_response,82765866,100.00,,
     3.307056816,365,,offcore_response.all_requests.llc_miss.any_response,82769834,100.00,,
     3.407270910,9865144,,offcore_response.all_requests.llc_hit.any_response,82917885,100.00,,
     3.407270910,442,,offcore_response.all_requests.llc_miss.any_response,82918106,100.00,,
     3.507484384,9822204,,offcore_response.all_requests.llc_hit.any_response,82612461,100.00,,
     3.507484384,341,,offcore_response.all_requests.llc_miss.any_response,82592979,100.00,,
     3.607726696,9799434,,offcore_response.all_requests.llc_hit.any_response,82840437,100.00,,
     3.607726696,412,,offcore_response.all_requests.llc_miss.any_response,82859823,100.00,,
     3.707940685,9852467,,offcore_response.all_requests.llc_hit.any_response,83069422,100.00,,
     3.707940685,356,,offcore_response.all_requests.llc_miss.any_response,83069082,100.00,,
     3.808153593,9872417,,offcore_response.all_requests.llc_hit.any_response,83004548,100.00,,
     3.808153593,308,,offcore_response.all_requests.llc_miss.any_response,83004000,100.00,,
     3.908364497,9847182,,offcore_response.all_requests.llc_hit.any_response,82935350,100.00,,
     3.908364497,253,,offcore_response.all_requests.llc_miss.any_response,82935754,100.00,,
     4.008575598,9246981,,offcore_response.all_requests.llc_hit.any_response,82689659,100.00,,
     4.008575598,346,,offcore_response.all_requests.llc_miss.any_response,82690683,100.00,,
     4.108789809,9739156,,offcore_response.all_requests.llc_hit.any_response,82500521,100.00,,
     4.108789809,185,,offcore_response.all_requests.llc_miss.any_response,82498368,100.00,,
     4.209000093,5487998,,offcore_response.all_requests.llc_hit.any_response,46356603,100.00,,
     4.209000093,373,,offcore_response.all_requests.llc_miss.any_response,46328063,100.00,,
     4.309214382,2720177,,offcore_response.all_requests.llc_hit.any_response,27899770,100.00,,
     4.309214382,900,,offcore_response.all_requests.llc_miss.any_response,27925331,100.00,,
     4.409430978,9102651,,offcore_response.all_requests.llc_hit.any_response,82159620,100.00,,
     4.409430978,442,,offcore_response.all_requests.llc_miss.any_response,82164172,100.00,,
     4.509659312,9446819,,offcore_response.all_requests.llc_hit.any_response,80468083,100.00,,
     4.509659312,1154,,offcore_response.all_requests.llc_miss.any_response,80470542,100.00,,
     4.609876186,9694897,,offcore_response.all_requests.llc_hit.any_response,82472828,100.00,,
     4.609876186,212,,offcore_response.all_requests.llc_miss.any_response,82463229,100.00,,
     4.710084975,9724743,,offcore_response.all_requests.llc_hit.any_response,82868330,100.00,,
     4.710084975,682,,offcore_response.all_requests.llc_miss.any_response,82875487,100.00,,
     4.810295407,9754088,,offcore_response.all_requests.llc_hit.any_response,82564064,100.00,,
     4.810295407,270,,offcore_response.all_requests.llc_miss.any_response,82563816,100.00,,
     4.910502566,9710831,,offcore_response.all_requests.llc_hit.any_response,82540257,100.00,,
     4.910502566,403,,offcore_response.all_requests.llc_miss.any_response,82525720,100.00,,
     5.010716513,9761287,,offcore_response.all_requests.llc_hit.any_response,82715995,100.00,,
     5.010716513,288,,offcore_response.all_requests.llc_miss.any_response,82730425,100.00,,
     5.110928409,9680816,,offcore_response.all_requests.llc_hit.any_response,82509954,100.00,,
     5.110928409,420,,offcore_response.all_requests.llc_miss.any_response,82495759,100.00,,
     5.211135237,5484130,,offcore_response.all_requests.llc_hit.any_response,46827517,100.00,,
     5.211135237,696,,offcore_response.all_requests.llc_miss.any_response,46811937,100.00,,
     5.311348303,3411941,,offcore_response.all_requests.llc_hit.any_response,33138546,100.00,,
     5.311348303,768,,offcore_response.all_requests.llc_miss.any_response,33173026,100.00,,
     5.411574998,9745192,,offcore_response.all_requests.llc_hit.any_response,82668786,100.00,,
     5.411574998,277,,offcore_response.all_requests.llc_miss.any_response,82648004,100.00,,
     5.511785627,9777666,,offcore_response.all_requests.llc_hit.any_response,82768171,100.00,,
     5.511785627,413,,offcore_response.all_requests.llc_miss.any_response,82784674,100.00,,
     5.611997617,9736740,,offcore_response.all_requests.llc_hit.any_response,82806373,100.00,,
     5.611997617,436,,offcore_response.all_requests.llc_miss.any_response,82806117,100.00,,
     5.712208199,9456215,,offcore_response.all_requests.llc_hit.any_response,80611034,100.00,,
     5.712208199,957,,offcore_response.all_requests.llc_miss.any_response,80598341,100.00,,
     5.812424649,9768443,,offcore_response.all_requests.llc_hit.any_response,83032044,100.00,,
     5.812424649,306,,offcore_response.all_requests.llc_miss.any_response,83044670,100.00,,
     5.912638760,9519391,,offcore_response.all_requests.llc_hit.any_response,82460571,100.00,,
     5.912638760,458,,offcore_response.all_requests.llc_miss.any_response,82444263,100.00,,
     6.012852513,9628607,,offcore_response.all_requests.llc_hit.any_response,82215929,100.00,,
     6.012852513,351,,offcore_response.all_requests.llc_miss.any_response,82232099,100.00,,
     6.113062043,9698001,,offcore_response.all_requests.llc_hit.any_response,82506923,100.00,,
     6.113062043,395,,offcore_response.all_requests.llc_miss.any_response,82507226,100.00,,
     6.213274297,9682770,,offcore_response.all_requests.llc_hit.any_response,82359417,100.00,,
     6.213274297,347,,offcore_response.all_requests.llc_miss.any_response,82359121,100.00,,
     6.313485479,4054550,,offcore_response.all_requests.llc_hit.any_response,34467977,100.00,,
     6.313485479,417,,offcore_response.all_requests.llc_miss.any_response,34438230,100.00,,
     6.413697745,4017582,,offcore_response.all_requests.llc_hit.any_response,39655794,100.00,,
     6.413697745,675,,offcore_response.all_requests.llc_miss.any_response,39690465,100.00,,
     6.513916363,9737483,,offcore_response.all_requests.llc_hit.any_response,82696578,100.00,,
     6.513916363,349,,offcore_response.all_requests.llc_miss.any_response,82691827,100.00,,
     6.614128172,9125875,,offcore_response.all_requests.llc_hit.any_response,81957469,100.00,,
     6.614128172,434,,offcore_response.all_requests.llc_miss.any_response,81948377,100.00,,
     6.714358070,9890693,,offcore_response.all_requests.llc_hit.any_response,82756869,100.00,,
     6.714358070,187,,offcore_response.all_requests.llc_miss.any_response,82765067,100.00,,
     6.814569939,9908448,,offcore_response.all_requests.llc_hit.any_response,82946465,100.00,,
     6.814569939,256,,offcore_response.all_requests.llc_miss.any_response,82934674,100.00,,
     6.914782556,9859490,,offcore_response.all_requests.llc_hit.any_response,82638098,100.00,,
     6.914782556,220,,offcore_response.all_requests.llc_miss.any_response,82647588,100.00,,
     7.014996761,9820285,,offcore_response.all_requests.llc_hit.any_response,82613578,100.00,,
     7.014996761,416,,offcore_response.all_requests.llc_miss.any_response,82602439,100.00,,
     7.115212335,9852325,,offcore_response.all_requests.llc_hit.any_response,82805103,100.00,,
     7.115212335,392,,offcore_response.all_requests.llc_miss.any_response,82819444,100.00,,
     7.215425999,9824747,,offcore_response.all_requests.llc_hit.any_response,82492700,100.00,,
     7.215425999,614,,offcore_response.all_requests.llc_miss.any_response,82493043,100.00,,
     7.315661955,4003237,,offcore_response.all_requests.llc_hit.any_response,33764233,100.00,,
     7.315661955,461,,offcore_response.all_requests.llc_miss.any_response,33733963,100.00,,
     7.415875894,<not counted>,,offcore_response.all_requests.llc_hit.any_response,0,100.00,,
     7.415875894,<not counted>,,offcore_response.all_requests.llc_miss.any_response,0,100.00,,
     7.516077951,5044190,,offcore_response.all_requests.llc_hit.any_response,47096735,100.00,,
     7.516077951,1058,,offcore_response.all_requests.llc_miss.any_response,47126464,100.00,,
     7.616294364,9839496,,offcore_response.all_requests.llc_hit.any_response,82521146,100.00,,
     7.616294364,264,,offcore_response.all_requests.llc_miss.any_response,82518186,100.00,,
     7.716502208,9869779,,offcore_response.all_requests.llc_hit.any_response,83035171,100.00,,
     7.716502208,368,,offcore_response.all_requests.llc_miss.any_response,83038525,100.00,,
     7.816713568,9905098,,offcore_response.all_requests.llc_hit.any_response,83023468,100.00,,
     7.816713568,314,,offcore_response.all_requests.llc_miss.any_response,83023327,100.00,,
     7.916926637,9910995,,offcore_response.all_requests.llc_hit.any_response,82937075,100.00,,
     7.916926637,360,,offcore_response.all_requests.llc_miss.any_response,82932187,100.00,,
     8.017138831,9093265,,offcore_response.all_requests.llc_hit.any_response,81826450,100.00,,
     8.017138831,250,,offcore_response.all_requests.llc_miss.any_response,81817397,100.00,,
     8.117348599,9668172,,offcore_response.all_requests.llc_hit.any_response,82342806,100.00,,
     8.117348599,392,,offcore_response.all_requests.llc_miss.any_response,82344514,100.00,,
     8.217560450,9704017,,offcore_response.all_requests.llc_hit.any_response,82535473,100.00,,
     8.217560450,351,,offcore_response.all_requests.llc_miss.any_response,82542956,100.00,,
     8.317771869,9721302,,offcore_response.all_requests.llc_hit.any_response,82542086,100.00,,
     8.317771869,383,,offcore_response.all_requests.llc_miss.any_response,82547117,100.00,,
     8.417989114,9742968,,offcore_response.all_requests.llc_hit.any_response,82772463,100.00,,
     8.417989114,322,,offcore_response.all_requests.llc_miss.any_response,82771508,100.00,,
     8.518197160,2954336,,offcore_response.all_requests.llc_hit.any_response,25373851,100.00,,
     8.518197160,436,,offcore_response.all_requests.llc_miss.any_response,25344543,100.00,,
     8.618413827,5060815,,offcore_response.all_requests.llc_hit.any_response,47641349,100.00,,
     8.618413827,1007,,offcore_response.all_requests.llc_miss.any_response,47671684,100.00,,
     8.718633220,9743488,,offcore_response.all_requests.llc_hit.any_response,82474263,100.00,,
     8.718633220,312,,offcore_response.all_requests.llc_miss.any_response,82458460,100.00,,
     8.818848067,9750580,,offcore_response.all_requests.llc_hit.any_response,82710138,100.00,,
     8.818848067,331,,offcore_response.all_requests.llc_miss.any_response,82709516,100.00,,
     8.919080951,9703742,,offcore_response.all_requests.llc_hit.any_response,82487283,100.00,,
     8.919080951,343,,offcore_response.all_requests.llc_miss.any_response,82503503,100.00,,
     9.019296431,9722603,,offcore_response.all_requests.llc_hit.any_response,82790209,100.00,,
     9.019296431,369,,offcore_response.all_requests.llc_miss.any_response,82790108,100.00,,
     9.119525407,9196006,,offcore_response.all_requests.llc_hit.any_response,82329054,100.00,,
     9.119525407,260,,offcore_response.all_requests.llc_miss.any_response,82323221,100.00,,
     9.219738830,9869120,,offcore_response.all_requests.llc_hit.any_response,82887414,100.00,,
     9.219738830,354,,offcore_response.all_requests.llc_miss.any_response,82875538,100.00,,
     9.319959790,9759668,,offcore_response.all_requests.llc_hit.any_response,82406082,100.00,,
     9.319959790,3421,,offcore_response.all_requests.llc_miss.any_response,82418289,100.00,,
     9.420171679,9846746,,offcore_response.all_requests.llc_hit.any_response,82792493,100.00,,
     9.420171679,525,,offcore_response.all_requests.llc_miss.any_response,82798018,100.00,,
     9.520384437,2948043,,offcore_response.all_requests.llc_hit.any_response,24909947,100.00,,
     9.520384437,363,,offcore_response.all_requests.llc_miss.any_response,24879895,100.00,,
     9.620598024,<not counted>,,offcore_response.all_requests.llc_hit.any_response,0,100.00,,
     9.620598024,<not counted>,,offcore_response.all_requests.llc_miss.any_response,0,100.00,,
     9.720803197,6136601,,offcore_response.all_requests.llc_hit.any_response,56846327,100.00,,
     9.720803197,944,,offcore_response.all_requests.llc_miss.any_response,56874792,100.00,,
     9.821017478,9811334,,offcore_response.all_requests.llc_hit.any_response,81940505,100.00,,
     9.821017478,219,,offcore_response.all_requests.llc_miss.any_response,81931576,100.00,,
     9.921228566,9840212,,offcore_response.all_requests.llc_hit.any_response,82650099,100.00,,
     9.921228566,418,,offcore_response.all_requests.llc_miss.any_response,82660752,100.00,,
    10.021442129,9840126,,offcore_response.all_requests.llc_hit.any_response,82637681,100.00,,
    10.021442129,298,,offcore_response.all_requests.llc_miss.any_response,82637422,100.00,,
    10.121653650,9844074,,offcore_response.all_requests.llc_hit.any_response,82738278,100.00,,
    10.121653650,494,,offcore_response.all_requests.llc_miss.any_response,82738497,100.00,,
    10.221867467,9824520,,offcore_response.all_requests.llc_hit.any_response,82728579,100.00,,
    10.221867467,298,,offcore_response.all_requests.llc_miss.any_response,82726788,100.00,,
    10.322078074,9460089,,offcore_response.all_requests.llc_hit.any_response,80638638,100.00,,
    10.322078074,53083,,offcore_response.all_requests.llc_miss.any_response,80640565,100.00,,
    10.422287898,9231392,,offcore_response.all_requests.llc_hit.any_response,79463398,100.00,,
    10.422287898,116112,,offcore_response.all_requests.llc_miss.any_response,79453971,100.00,,
    10.522494659,9181474,,offcore_response.all_requests.llc_hit.any_response,79350990,100.00,,
    10.522494659,115620,,offcore_response.all_requests.llc_miss.any_response,79360410,100.00,,
    10.622705292,9173569,,offcore_response.all_requests.llc_hit.any_response,79383869,100.00,,
    10.622705292,115677,,offcore_response.all_requests.llc_miss.any_response,79383483,100.00,,
    10.722914221,2182134,,offcore_response.all_requests.llc_hit.any_response,18926500,100.00,,
    10.722914221,27785,,offcore_response.all_requests.llc_miss.any_response,18896608,100.00,,
    10.823126087,6269359,,offcore_response.all_requests.llc_hit.any_response,56696957,100.00,,
    10.823126087,1109,,offcore_response.all_requests.llc_miss.any_response,56720784,100.00,,
    10.923339793,9908331,,offcore_response.all_requests.llc_hit.any_response,82973641,100.00,,
    10.923339793,286,,offcore_response.all_requests.llc_miss.any_response,82965624,100.00,,
    11.023559581,9832740,,offcore_response.all_requests.llc_hit.any_response,82666217,100.00,,
    11.023559581,334,,offcore_response.all_requests.llc_miss.any_response,82680369,100.00,,
