# started on Tue May  2 13:26:53 2023

     0.100199923,6829910,,offcore_response.all_requests.llc_hit.any_response,56836410,100.00,,
     0.100199923,468,,offcore_response.all_requests.llc_miss.any_response,56828243,100.00,,
     0.200432845,6858046,,offcore_response.all_requests.llc_hit.any_response,57118967,100.00,,
     0.200432845,355,,offcore_response.all_requests.llc_miss.any_response,57096086,100.00,,
     0.300624793,6863945,,offcore_response.all_requests.llc_hit.any_response,57145956,100.00,,
     0.300624793,403,,offcore_response.all_requests.llc_miss.any_response,57145956,100.00,,
     0.400819362,6347116,,offcore_response.all_requests.llc_hit.any_response,53465400,100.00,,
     0.400819362,363,,offcore_response.all_requests.llc_miss.any_response,53488628,100.00,,
     0.501020590,6088853,,offcore_response.all_requests.llc_hit.any_response,51818880,100.00,,
     0.501020590,296,,offcore_response.all_requests.llc_miss.any_response,51818685,100.00,,
     0.601220345,6105434,,offcore_response.all_requests.llc_hit.any_response,51854252,100.00,,
     0.601220345,284,,offcore_response.all_requests.llc_miss.any_response,51838051,100.00,,
     0.701418434,6044636,,offcore_response.all_requests.llc_hit.any_response,51536732,100.00,,
     0.701418434,266,,offcore_response.all_requests.llc_miss.any_response,51552688,100.00,,
     0.801616682,6086761,,offcore_response.all_requests.llc_hit.any_response,51873055,100.00,,
     0.801616682,246,,offcore_response.all_requests.llc_miss.any_response,51873415,100.00,,
     0.901817656,6096368,,offcore_response.all_requests.llc_hit.any_response,51942695,100.00,,
     0.901817656,324,,offcore_response.all_requests.llc_miss.any_response,51919547,100.00,,
     1.002013980,6086633,,offcore_response.all_requests.llc_hit.any_response,51955629,100.00,,
     1.002013980,638,,offcore_response.all_requests.llc_miss.any_response,51955629,100.00,,
     1.102210622,6041259,,offcore_response.all_requests.llc_hit.any_response,51497536,100.00,,
     1.102210622,326,,offcore_response.all_requests.llc_miss.any_response,51520384,100.00,,
     1.202410577,6062587,,offcore_response.all_requests.llc_hit.any_response,51889387,100.00,,
     1.202410577,336,,offcore_response.all_requests.llc_miss.any_response,51883208,100.00,,
     1.302607973,6029146,,offcore_response.all_requests.llc_hit.any_response,51313613,100.00,,
     1.302607973,251,,offcore_response.all_requests.llc_miss.any_response,51296944,100.00,,
     1.402805159,6100652,,offcore_response.all_requests.llc_hit.any_response,52020302,100.00,,
     1.402805159,326,,offcore_response.all_requests.llc_miss.any_response,52020302,100.00,,
     1.503003794,6056538,,offcore_response.all_requests.llc_hit.any_response,51646287,100.00,,
     1.503003794,308,,offcore_response.all_requests.llc_miss.any_response,51646287,100.00,,
     1.603200573,6023712,,offcore_response.all_requests.llc_hit.any_response,51266460,100.00,,
     1.603200573,284,,offcore_response.all_requests.llc_miss.any_response,51289698,100.00,,
     1.703401743,6063813,,offcore_response.all_requests.llc_hit.any_response,51697472,100.00,,
     1.703401743,401,,offcore_response.all_requests.llc_miss.any_response,51689785,100.00,,
     1.803610650,6094023,,offcore_response.all_requests.llc_hit.any_response,51765889,100.00,,
     1.803610650,266,,offcore_response.all_requests.llc_miss.any_response,51773322,100.00,,
     1.903810124,6056165,,offcore_response.all_requests.llc_hit.any_response,51548405,100.00,,
     1.903810124,325,,offcore_response.all_requests.llc_miss.any_response,51548464,100.00,,
     2.004009876,6098446,,offcore_response.all_requests.llc_hit.any_response,52019332,100.00,,
     2.004009876,287,,offcore_response.all_requests.llc_miss.any_response,52004315,100.00,,
     2.104207659,6167680,,offcore_response.all_requests.llc_hit.any_response,52911405,100.00,,
     2.104207659,622,,offcore_response.all_requests.llc_miss.any_response,52922226,100.00,,
     2.204405890,6113911,,offcore_response.all_requests.llc_hit.any_response,51861473,100.00,,
     2.204405890,570,,offcore_response.all_requests.llc_miss.any_response,51842626,100.00,,
     2.304619341,6114422,,offcore_response.all_requests.llc_hit.any_response,51974037,100.00,,
     2.304619341,518,,offcore_response.all_requests.llc_miss.any_response,51974037,100.00,,
     2.404814167,6125188,,offcore_response.all_requests.llc_hit.any_response,52061315,100.00,,
     2.404814167,335,,offcore_response.all_requests.llc_miss.any_response,52061315,100.00,,
     2.505008757,6078517,,offcore_response.all_requests.llc_hit.any_response,51688022,100.00,,
     2.505008757,383,,offcore_response.all_requests.llc_miss.any_response,51688022,100.00,,
     2.605203393,6040932,,offcore_response.all_requests.llc_hit.any_response,51394287,100.00,,
     2.605203393,423,,offcore_response.all_requests.llc_miss.any_response,51417427,100.00,,
     2.705403435,6071322,,offcore_response.all_requests.llc_hit.any_response,51963797,100.00,,
     2.705403435,446,,offcore_response.all_requests.llc_miss.any_response,51963571,100.00,,
     2.805602735,6062304,,offcore_response.all_requests.llc_hit.any_response,51779072,100.00,,
     2.805602735,373,,offcore_response.all_requests.llc_miss.any_response,51763154,100.00,,
     2.905800389,6128080,,offcore_response.all_requests.llc_hit.any_response,52102597,100.00,,
     2.905800389,892,,offcore_response.all_requests.llc_miss.any_response,52103050,100.00,,
     3.005995443,6107701,,offcore_response.all_requests.llc_hit.any_response,53778410,100.00,,
     3.005995443,428,,offcore_response.all_requests.llc_miss.any_response,53794477,100.00,,
     3.106195912,6028288,,offcore_response.all_requests.llc_hit.any_response,51941806,100.00,,
     3.106195912,145,,offcore_response.all_requests.llc_miss.any_response,51941232,100.00,,
     3.206394797,6084551,,offcore_response.all_requests.llc_hit.any_response,51872568,100.00,,
     3.206394797,120,,offcore_response.all_requests.llc_miss.any_response,51872958,100.00,,
     3.306593787,6058114,,offcore_response.all_requests.llc_hit.any_response,51671405,100.00,,
     3.306593787,212,,offcore_response.all_requests.llc_miss.any_response,51648073,100.00,,
     3.406779741,6069757,,offcore_response.all_requests.llc_hit.any_response,51539433,100.00,,
     3.406779741,385,,offcore_response.all_requests.llc_miss.any_response,51560923,100.00,,
     3.506980112,6110309,,offcore_response.all_requests.llc_hit.any_response,51891181,100.00,,
     3.506980112,306,,offcore_response.all_requests.llc_miss.any_response,51892541,100.00,,
     3.607172654,6134296,,offcore_response.all_requests.llc_hit.any_response,53542762,100.00,,
     3.607172654,306,,offcore_response.all_requests.llc_miss.any_response,53541823,100.00,,
     3.707364802,6118592,,offcore_response.all_requests.llc_hit.any_response,52249216,100.00,,
     3.707364802,357,,offcore_response.all_requests.llc_miss.any_response,52227305,100.00,,
     3.807565238,6083123,,offcore_response.all_requests.llc_hit.any_response,51551331,100.00,,
     3.807565238,303,,offcore_response.all_requests.llc_miss.any_response,51551331,100.00,,
     3.907753326,6133950,,offcore_response.all_requests.llc_hit.any_response,52298168,100.00,,
     3.907753326,357,,offcore_response.all_requests.llc_miss.any_response,52298168,100.00,,
     4.007955417,6085932,,offcore_response.all_requests.llc_hit.any_response,51621170,100.00,,
     4.007955417,324,,offcore_response.all_requests.llc_miss.any_response,51621170,100.00,,
     4.108142567,6140405,,offcore_response.all_requests.llc_hit.any_response,52175453,100.00,,
     4.108142567,347,,offcore_response.all_requests.llc_miss.any_response,52175453,100.00,,
     4.208341683,6098231,,offcore_response.all_requests.llc_hit.any_response,51911524,100.00,,
     4.208341683,389,,offcore_response.all_requests.llc_miss.any_response,51919052,100.00,,
     4.308543041,6119022,,offcore_response.all_requests.llc_hit.any_response,51802487,100.00,,
     4.308543041,249,,offcore_response.all_requests.llc_miss.any_response,51816378,100.00,,
     4.408748540,6136260,,offcore_response.all_requests.llc_hit.any_response,51941909,100.00,,
     4.408748540,328,,offcore_response.all_requests.llc_miss.any_response,51942113,100.00,,
     4.508959371,6115993,,offcore_response.all_requests.llc_hit.any_response,51994821,100.00,,
     4.508959371,362,,offcore_response.all_requests.llc_miss.any_response,51988865,100.00,,
     4.609148209,6093125,,offcore_response.all_requests.llc_hit.any_response,51771720,100.00,,
     4.609148209,404,,offcore_response.all_requests.llc_miss.any_response,51777767,100.00,,
     4.709339434,6101759,,offcore_response.all_requests.llc_hit.any_response,51913812,100.00,,
     4.709339434,279,,offcore_response.all_requests.llc_miss.any_response,51913421,100.00,,
     4.809528780,6098435,,offcore_response.all_requests.llc_hit.any_response,51999840,100.00,,
     4.809528780,342,,offcore_response.all_requests.llc_miss.any_response,51996337,100.00,,
     4.909732474,6101585,,offcore_response.all_requests.llc_hit.any_response,51981165,100.00,,
     4.909732474,333,,offcore_response.all_requests.llc_miss.any_response,51984324,100.00,,
     5.009929471,6070060,,offcore_response.all_requests.llc_hit.any_response,51772660,100.00,,
     5.009929471,445,,offcore_response.all_requests.llc_miss.any_response,51773246,100.00,,
     5.110119527,6089781,,offcore_response.all_requests.llc_hit.any_response,51797162,100.00,,
     5.110119527,330,,offcore_response.all_requests.llc_miss.any_response,51792736,100.00,,
     5.210306801,6101693,,offcore_response.all_requests.llc_hit.any_response,51774339,100.00,,
     5.210306801,335,,offcore_response.all_requests.llc_miss.any_response,51778729,100.00,,
     5.310497564,6099483,,offcore_response.all_requests.llc_hit.any_response,51925979,100.00,,
     5.310497564,301,,offcore_response.all_requests.llc_miss.any_response,51920202,100.00,,
     5.410684760,6095482,,offcore_response.all_requests.llc_hit.any_response,51864549,100.00,,
     5.410684760,353,,offcore_response.all_requests.llc_miss.any_response,51848797,100.00,,
     5.510870287,6088007,,offcore_response.all_requests.llc_hit.any_response,52035601,100.00,,
     5.510870287,313,,offcore_response.all_requests.llc_miss.any_response,52035601,100.00,,
     5.611055089,6103431,,offcore_response.all_requests.llc_hit.any_response,52006680,100.00,,
     5.611055089,333,,offcore_response.all_requests.llc_miss.any_response,52028344,100.00,,
     5.711244968,6104312,,offcore_response.all_requests.llc_hit.any_response,51800626,100.00,,
     5.711244968,320,,offcore_response.all_requests.llc_miss.any_response,51778962,100.00,,
     5.811431679,6070338,,offcore_response.all_requests.llc_hit.any_response,51517639,100.00,,
     5.811431679,367,,offcore_response.all_requests.llc_miss.any_response,51517639,100.00,,
     5.911616845,6120670,,offcore_response.all_requests.llc_hit.any_response,52222705,100.00,,
     5.911616845,327,,offcore_response.all_requests.llc_miss.any_response,52222705,100.00,,
     6.011803153,6037773,,offcore_response.all_requests.llc_hit.any_response,51363007,100.00,,
     6.011803153,387,,offcore_response.all_requests.llc_miss.any_response,51363007,100.00,,
     6.111989015,6084867,,offcore_response.all_requests.llc_hit.any_response,51831987,100.00,,
     6.111989015,336,,offcore_response.all_requests.llc_miss.any_response,51855031,100.00,,
     6.212181791,6072924,,offcore_response.all_requests.llc_hit.any_response,51895942,100.00,,
     6.212181791,358,,offcore_response.all_requests.llc_miss.any_response,51872898,100.00,,
     6.312328332,6096684,,offcore_response.all_requests.llc_hit.any_response,52507619,100.00,,
     6.312328332,586,,offcore_response.all_requests.llc_miss.any_response,52511608,100.00,,
     6.412535997,6092140,,offcore_response.all_requests.llc_hit.any_response,52373523,100.00,,
     6.412535997,363,,offcore_response.all_requests.llc_miss.any_response,52392651,100.00,,
     6.512732677,6097050,,offcore_response.all_requests.llc_hit.any_response,52024042,100.00,,
     6.512732677,287,,offcore_response.all_requests.llc_miss.any_response,52015433,100.00,,
     6.612922375,6061453,,offcore_response.all_requests.llc_hit.any_response,51713969,100.00,,
     6.612922375,454,,offcore_response.all_requests.llc_miss.any_response,51720945,100.00,,
     6.713134691,6087146,,offcore_response.all_requests.llc_hit.any_response,52097055,100.00,,
     6.713134691,409,,offcore_response.all_requests.llc_miss.any_response,52075571,100.00,,
     6.813345289,6135679,,offcore_response.all_requests.llc_hit.any_response,52431205,100.00,,
     6.813345289,294,,offcore_response.all_requests.llc_miss.any_response,52431205,100.00,,
     6.913541126,6093668,,offcore_response.all_requests.llc_hit.any_response,52054219,100.00,,
     6.913541126,292,,offcore_response.all_requests.llc_miss.any_response,52067791,100.00,,
     7.013734400,6061015,,offcore_response.all_requests.llc_hit.any_response,52047784,100.00,,
     7.013734400,373,,offcore_response.all_requests.llc_miss.any_response,52055771,100.00,,
     7.113931601,6086854,,offcore_response.all_requests.llc_hit.any_response,52133929,100.00,,
     7.113931601,357,,offcore_response.all_requests.llc_miss.any_response,52122830,100.00,,
     7.214121866,6142277,,offcore_response.all_requests.llc_hit.any_response,52742682,100.00,,
     7.214121866,323,,offcore_response.all_requests.llc_miss.any_response,52732222,100.00,,
     7.314319926,6067373,,offcore_response.all_requests.llc_hit.any_response,51834848,100.00,,
     7.314319926,312,,offcore_response.all_requests.llc_miss.any_response,51858315,100.00,,
     7.414520002,6096720,,offcore_response.all_requests.llc_hit.any_response,52093961,100.00,,
     7.414520002,331,,offcore_response.all_requests.llc_miss.any_response,52092065,100.00,,
     7.514711731,6083762,,offcore_response.all_requests.llc_hit.any_response,51967450,100.00,,
     7.514711731,390,,offcore_response.all_requests.llc_miss.any_response,51945879,100.00,,
     7.614910974,6051333,,offcore_response.all_requests.llc_hit.any_response,51679479,100.00,,
     7.614910974,327,,offcore_response.all_requests.llc_miss.any_response,51679479,100.00,,
     7.715098105,6087441,,offcore_response.all_requests.llc_hit.any_response,52013883,100.00,,
     7.715098105,342,,offcore_response.all_requests.llc_miss.any_response,52013883,100.00,,
     7.815283374,6073649,,offcore_response.all_requests.llc_hit.any_response,51795947,100.00,,
     7.815283374,359,,offcore_response.all_requests.llc_miss.any_response,51817557,100.00,,
     7.915473006,6126703,,offcore_response.all_requests.llc_hit.any_response,52229405,100.00,,
     7.915473006,437,,offcore_response.all_requests.llc_miss.any_response,52220826,100.00,,
     8.015676361,6110033,,offcore_response.all_requests.llc_hit.any_response,52105825,100.00,,
     8.015676361,374,,offcore_response.all_requests.llc_miss.any_response,52108169,100.00,,
     8.115870530,6051799,,offcore_response.all_requests.llc_hit.any_response,51675144,100.00,,
     8.115870530,278,,offcore_response.all_requests.llc_miss.any_response,51670383,100.00,,
     8.216060275,6141400,,offcore_response.all_requests.llc_hit.any_response,52532695,100.00,,
     8.216060275,369,,offcore_response.all_requests.llc_miss.any_response,52540252,100.00,,
     8.316249548,6118819,,offcore_response.all_requests.llc_hit.any_response,52535861,100.00,,
     8.316249548,296,,offcore_response.all_requests.llc_miss.any_response,52517690,100.00,,
     8.416435091,6085346,,offcore_response.all_requests.llc_hit.any_response,51831661,100.00,,
     8.416435091,324,,offcore_response.all_requests.llc_miss.any_response,51831661,100.00,,
     8.516621333,6033340,,offcore_response.all_requests.llc_hit.any_response,51279259,100.00,,
     8.516621333,326,,offcore_response.all_requests.llc_miss.any_response,51300438,100.00,,
     8.616824602,6117630,,offcore_response.all_requests.llc_hit.any_response,51907081,100.00,,
     8.616824602,275,,offcore_response.all_requests.llc_miss.any_response,51903635,100.00,,
     8.717018684,6116287,,offcore_response.all_requests.llc_hit.any_response,51966144,100.00,,
     8.717018684,267,,offcore_response.all_requests.llc_miss.any_response,51956232,100.00,,
     8.817206182,6121307,,offcore_response.all_requests.llc_hit.any_response,51804790,100.00,,
     8.817206182,355,,offcore_response.all_requests.llc_miss.any_response,51831835,100.00,,
     8.917429766,6103504,,offcore_response.all_requests.llc_hit.any_response,51883406,100.00,,
     8.917429766,290,,offcore_response.all_requests.llc_miss.any_response,51868087,100.00,,
     9.017619986,6066411,,offcore_response.all_requests.llc_hit.any_response,51554885,100.00,,
     9.017619986,357,,offcore_response.all_requests.llc_miss.any_response,51535338,100.00,,
     9.117806663,6108741,,offcore_response.all_requests.llc_hit.any_response,51844588,100.00,,
     9.117806663,205,,offcore_response.all_requests.llc_miss.any_response,51844588,100.00,,
     9.217993228,6125644,,offcore_response.all_requests.llc_hit.any_response,52165841,100.00,,
     9.217993228,305,,offcore_response.all_requests.llc_miss.any_response,52165841,100.00,,
     9.318191720,6080975,,offcore_response.all_requests.llc_hit.any_response,51921776,100.00,,
     9.318191720,352,,offcore_response.all_requests.llc_miss.any_response,51942965,100.00,,
     9.418392960,6117338,,offcore_response.all_requests.llc_hit.any_response,51933409,100.00,,
     9.418392960,236,,offcore_response.all_requests.llc_miss.any_response,51933669,100.00,,
     9.518584326,6045856,,offcore_response.all_requests.llc_hit.any_response,52912329,100.00,,
     9.518584326,263,,offcore_response.all_requests.llc_miss.any_response,52912206,100.00,,
     9.618777327,6119249,,offcore_response.all_requests.llc_hit.any_response,52248077,100.00,,
     9.618777327,215,,offcore_response.all_requests.llc_miss.any_response,52226751,100.00,,
     9.718964632,6064115,,offcore_response.all_requests.llc_hit.any_response,51579386,100.00,,
     9.718964632,214,,offcore_response.all_requests.llc_miss.any_response,51579386,100.00,,
     9.819150356,6121474,,offcore_response.all_requests.llc_hit.any_response,52033912,100.00,,
     9.819150356,260,,offcore_response.all_requests.llc_miss.any_response,52049953,100.00,,
     9.919350914,6065719,,offcore_response.all_requests.llc_hit.any_response,51897774,100.00,,
     9.919350914,270,,offcore_response.all_requests.llc_miss.any_response,51937936,100.00,,
    10.019581192,6087664,,offcore_response.all_requests.llc_hit.any_response,52026194,100.00,,
    10.019581192,302,,offcore_response.all_requests.llc_miss.any_response,51981162,100.00,,
    10.119786634,6100878,,offcore_response.all_requests.llc_hit.any_response,51907330,100.00,,
    10.119786634,280,,offcore_response.all_requests.llc_miss.any_response,51919078,100.00,,
    10.219980829,6078894,,offcore_response.all_requests.llc_hit.any_response,51919175,100.00,,
    10.219980829,258,,offcore_response.all_requests.llc_miss.any_response,51918146,100.00,,
    10.320170003,6102224,,offcore_response.all_requests.llc_hit.any_response,51927082,100.00,,
    10.320170003,304,,offcore_response.all_requests.llc_miss.any_response,51925973,100.00,,
    10.420357214,6101781,,offcore_response.all_requests.llc_hit.any_response,52025876,100.00,,
    10.420357214,243,,offcore_response.all_requests.llc_miss.any_response,52026701,100.00,,
    10.520545056,6101132,,offcore_response.all_requests.llc_hit.any_response,51996568,100.00,,
    10.520545056,314,,offcore_response.all_requests.llc_miss.any_response,51996288,100.00,,
    10.620734209,6119010,,offcore_response.all_requests.llc_hit.any_response,51980393,100.00,,
    10.620734209,242,,offcore_response.all_requests.llc_miss.any_response,51970943,100.00,,
    10.720922776,6093722,,offcore_response.all_requests.llc_hit.any_response,51860039,100.00,,
    10.720922776,319,,offcore_response.all_requests.llc_miss.any_response,51848163,100.00,,
    10.821109176,6135801,,offcore_response.all_requests.llc_hit.any_response,52094673,100.00,,
    10.821109176,314,,offcore_response.all_requests.llc_miss.any_response,52100998,100.00,,
    10.921296882,6094040,,offcore_response.all_requests.llc_hit.any_response,51676808,100.00,,
    10.921296882,325,,offcore_response.all_requests.llc_miss.any_response,51670483,100.00,,
    11.021482605,6126893,,offcore_response.all_requests.llc_hit.any_response,52063092,100.00,,
    11.021482605,288,,offcore_response.all_requests.llc_miss.any_response,52063092,100.00,,
