# started on Tue May  2 13:24:54 2023

     0.100158688,61693583,,inst_retired.any,51849004,100.00,140.4,IpMispredict
     0.100158688,439296,,br_misp_retired.all_branches,51849004,100.00,,
     0.200429775,61533926,,inst_retired.any,52226456,100.00,139.9,IpMispredict
     0.200429775,440604,,br_misp_retired.all_branches,52226456,100.00,,
     0.300624606,61426601,,inst_retired.any,51979707,100.00,139.7,IpMispredict
     0.300624606,438938,,br_misp_retired.all_branches,51979707,100.00,,
     0.400818235,61814013,,inst_retired.any,51675815,100.00,140.5,IpMispredict
     0.400818235,440662,,br_misp_retired.all_branches,51675815,100.00,,
     0.501013181,61738794,,inst_retired.any,52063317,100.00,140.4,IpMispredict
     0.501013181,439180,,br_misp_retired.all_branches,52063317,100.00,,
     0.601208929,61600402,,inst_retired.any,51697990,100.00,140.2,IpMispredict
     0.601208929,436893,,br_misp_retired.all_branches,51697990,100.00,,
     0.701409980,61574988,,inst_retired.any,51952671,100.00,140.1,IpMispredict
     0.701409980,440039,,br_misp_retired.all_branches,51952671,100.00,,
     0.801604368,61159658,,inst_retired.any,51384749,100.00,139.4,IpMispredict
     0.801604368,435307,,br_misp_retired.all_branches,51384749,100.00,,
     0.901796761,61293084,,inst_retired.any,51485555,100.00,139.7,IpMispredict
     0.901796761,436636,,br_misp_retired.all_branches,51485555,100.00,,
     1.001993369,61764316,,inst_retired.any,52065903,100.00,140.7,IpMispredict
     1.001993369,443243,,br_misp_retired.all_branches,52065903,100.00,,
     1.102190223,61743845,,inst_retired.any,52017269,100.00,140.6,IpMispredict
     1.102190223,438952,,br_misp_retired.all_branches,52017269,100.00,,
     1.202386762,61436966,,inst_retired.any,51661875,100.00,139.9,IpMispredict
     1.202386762,438719,,br_misp_retired.all_branches,51661875,100.00,,
     1.302581879,61236051,,inst_retired.any,51560773,100.00,139.5,IpMispredict
     1.302581879,436952,,br_misp_retired.all_branches,51560773,100.00,,
     1.402777962,61587082,,inst_retired.any,51825270,100.00,140.4,IpMispredict
     1.402777962,437219,,br_misp_retired.all_branches,51825270,100.00,,
     1.502972724,61506867,,inst_retired.any,51911889,100.00,140.2,IpMispredict
     1.502972724,438769,,br_misp_retired.all_branches,51911889,100.00,,
     1.603170640,61690345,,inst_retired.any,51980338,100.00,140.6,IpMispredict
     1.603170640,440145,,br_misp_retired.all_branches,51980338,100.00,,
     1.703366140,61676209,,inst_retired.any,52016995,100.00,140.5,IpMispredict
     1.703366140,441300,,br_misp_retired.all_branches,52016995,100.00,,
     1.803562380,61473863,,inst_retired.any,52616191,100.00,140.0,IpMispredict
     1.803562380,439470,,br_misp_retired.all_branches,52616191,100.00,,
     1.903760072,61343967,,inst_retired.any,51646085,100.00,139.7,IpMispredict
     1.903760072,438341,,br_misp_retired.all_branches,51646085,100.00,,
     2.003953294,61309629,,inst_retired.any,51464598,100.00,139.8,IpMispredict
     2.003953294,433009,,br_misp_retired.all_branches,51464598,100.00,,
     2.104148521,61686319,,inst_retired.any,51941264,100.00,140.6,IpMispredict
     2.104148521,441989,,br_misp_retired.all_branches,51941264,100.00,,
     2.204343757,62384494,,inst_retired.any,52219309,100.00,142.0,IpMispredict
     2.204343757,449219,,br_misp_retired.all_branches,52219309,100.00,,
     2.304538850,61444694,,inst_retired.any,52584892,100.00,139.9,IpMispredict
     2.304538850,440254,,br_misp_retired.all_branches,52584892,100.00,,
     2.404731885,61308942,,inst_retired.any,51374516,100.00,139.6,IpMispredict
     2.404731885,436843,,br_misp_retired.all_branches,51374516,100.00,,
     2.504927258,61803000,,inst_retired.any,51923281,100.00,140.7,IpMispredict
     2.504927258,441583,,br_misp_retired.all_branches,51923281,100.00,,
     2.605121449,61666312,,inst_retired.any,51871815,100.00,140.4,IpMispredict
     2.605121449,438940,,br_misp_retired.all_branches,51871815,100.00,,
     2.705314674,61546394,,inst_retired.any,51736996,100.00,140.1,IpMispredict
     2.705314674,442088,,br_misp_retired.all_branches,51736996,100.00,,
     2.805528748,61314744,,inst_retired.any,51592274,100.00,139.5,IpMispredict
     2.805528748,439001,,br_misp_retired.all_branches,51592274,100.00,,
     2.905725431,61376047,,inst_retired.any,51614702,100.00,139.7,IpMispredict
     2.905725431,438490,,br_misp_retired.all_branches,51614702,100.00,,
     3.005920093,61858174,,inst_retired.any,53769844,100.00,140.7,IpMispredict
     3.005920093,443357,,br_misp_retired.all_branches,53769844,100.00,,
     3.106113986,61360554,,inst_retired.any,51640064,100.00,139.6,IpMispredict
     3.106113986,440051,,br_misp_retired.all_branches,51640064,100.00,,
     3.206306535,61491861,,inst_retired.any,51777700,100.00,139.9,IpMispredict
     3.206306535,440214,,br_misp_retired.all_branches,51777700,100.00,,
     3.306500863,61764773,,inst_retired.any,51901760,100.00,140.5,IpMispredict
     3.306500863,441340,,br_misp_retired.all_branches,51901760,100.00,,
     3.406694225,61658165,,inst_retired.any,51918287,100.00,140.3,IpMispredict
     3.406694225,439345,,br_misp_retired.all_branches,51918287,100.00,,
     3.506892234,61536528,,inst_retired.any,51882884,100.00,140.0,IpMispredict
     3.506892234,440214,,br_misp_retired.all_branches,51882884,100.00,,
     3.607091661,61712299,,inst_retired.any,51953743,100.00,140.4,IpMispredict
     3.607091661,441876,,br_misp_retired.all_branches,51953743,100.00,,
     3.707289920,61376423,,inst_retired.any,51801267,100.00,139.6,IpMispredict
     3.707289920,443079,,br_misp_retired.all_branches,51801267,100.00,,
     3.807520522,61750881,,inst_retired.any,52048936,100.00,140.4,IpMispredict
     3.807520522,442327,,br_misp_retired.all_branches,52048936,100.00,,
     3.907726118,61698763,,inst_retired.any,51986818,100.00,140.3,IpMispredict
     3.907726118,442484,,br_misp_retired.all_branches,51986818,100.00,,
     4.007919092,61280771,,inst_retired.any,51666144,100.00,139.3,IpMispredict
     4.007919092,434439,,br_misp_retired.all_branches,51666144,100.00,,
     4.108114152,61165799,,inst_retired.any,51377553,100.00,139.1,IpMispredict
     4.108114152,435430,,br_misp_retired.all_branches,51377553,100.00,,
     4.208309204,61697069,,inst_retired.any,52007783,100.00,140.3,IpMispredict
     4.208309204,441874,,br_misp_retired.all_branches,52007783,100.00,,
     4.308508563,61676722,,inst_retired.any,52055916,100.00,140.2,IpMispredict
     4.308508563,442405,,br_misp_retired.all_branches,52055916,100.00,,
     4.408703946,61802279,,inst_retired.any,52063702,100.00,140.5,IpMispredict
     4.408703946,441955,,br_misp_retired.all_branches,52063702,100.00,,
     4.508898163,61575694,,inst_retired.any,52046740,100.00,140.0,IpMispredict
     4.508898163,440502,,br_misp_retired.all_branches,52046740,100.00,,
     4.609093057,61576502,,inst_retired.any,51775625,100.00,140.0,IpMispredict
     4.609093057,439141,,br_misp_retired.all_branches,51775625,100.00,,
     4.709289196,61690726,,inst_retired.any,51958624,100.00,140.3,IpMispredict
     4.709289196,440036,,br_misp_retired.all_branches,51958624,100.00,,
     4.809485294,61061409,,inst_retired.any,51252631,100.00,138.9,IpMispredict
     4.809485294,435021,,br_misp_retired.all_branches,51252631,100.00,,
     4.909679146,61565917,,inst_retired.any,51788071,100.00,140.0,IpMispredict
     4.909679146,439124,,br_misp_retired.all_branches,51788071,100.00,,
     5.009873784,61570730,,inst_retired.any,51753269,100.00,140.0,IpMispredict
     5.009873784,439129,,br_misp_retired.all_branches,51753269,100.00,,
     5.110067185,61710926,,inst_retired.any,52025884,100.00,140.3,IpMispredict
     5.110067185,444273,,br_misp_retired.all_branches,52025884,100.00,,
     5.210260210,61295766,,inst_retired.any,51789261,100.00,139.4,IpMispredict
     5.210260210,442781,,br_misp_retired.all_branches,51789261,100.00,,
     5.310454270,61643211,,inst_retired.any,52130713,100.00,140.1,IpMispredict
     5.310454270,441134,,br_misp_retired.all_branches,52130713,100.00,,
     5.410648362,61742986,,inst_retired.any,51950964,100.00,140.4,IpMispredict
     5.410648362,440913,,br_misp_retired.all_branches,51950964,100.00,,
     5.510861904,61451365,,inst_retired.any,52053914,100.00,139.7,IpMispredict
     5.510861904,440993,,br_misp_retired.all_branches,52053914,100.00,,
     5.611058382,61624546,,inst_retired.any,51865988,100.00,140.1,IpMispredict
     5.611058382,441735,,br_misp_retired.all_branches,51865988,100.00,,
     5.711254804,61647557,,inst_retired.any,51903185,100.00,140.1,IpMispredict
     5.711254804,440736,,br_misp_retired.all_branches,51903185,100.00,,
     5.811449903,61326253,,inst_retired.any,51386283,100.00,139.4,IpMispredict
     5.811449903,438211,,br_misp_retired.all_branches,51386283,100.00,,
     5.911673772,61202227,,inst_retired.any,51574952,100.00,139.1,IpMispredict
     5.911673772,438056,,br_misp_retired.all_branches,51574952,100.00,,
     6.011869025,61477625,,inst_retired.any,51847308,100.00,139.8,IpMispredict
     6.011869025,439504,,br_misp_retired.all_branches,51847308,100.00,,
     6.112065530,61664497,,inst_retired.any,51849562,100.00,140.2,IpMispredict
     6.112065530,439751,,br_misp_retired.all_branches,51849562,100.00,,
     6.212262732,61555049,,inst_retired.any,52048287,100.00,139.9,IpMispredict
     6.212262732,441044,,br_misp_retired.all_branches,52048287,100.00,,
     6.312458623,61416549,,inst_retired.any,51692505,100.00,139.6,IpMispredict
     6.312458623,441438,,br_misp_retired.all_branches,51692505,100.00,,
     6.412654504,61906394,,inst_retired.any,52175557,100.00,140.7,IpMispredict
     6.412654504,444086,,br_misp_retired.all_branches,52175557,100.00,,
     6.512847360,61431256,,inst_retired.any,51750607,100.00,139.6,IpMispredict
     6.512847360,439812,,br_misp_retired.all_branches,51750607,100.00,,
     6.613045565,61424439,,inst_retired.any,51936139,100.00,139.6,IpMispredict
     6.613045565,438803,,br_misp_retired.all_branches,51936139,100.00,,
     6.713241753,61876528,,inst_retired.any,53432367,100.00,140.6,IpMispredict
     6.713241753,444598,,br_misp_retired.all_branches,53432367,100.00,,
     6.813439300,61502353,,inst_retired.any,51781776,100.00,139.8,IpMispredict
     6.813439300,440755,,br_misp_retired.all_branches,51781776,100.00,,
     6.913634493,61505803,,inst_retired.any,51932894,100.00,139.8,IpMispredict
     6.913634493,442224,,br_misp_retired.all_branches,51932894,100.00,,
     7.013828505,61333912,,inst_retired.any,51751106,100.00,139.4,IpMispredict
     7.013828505,439832,,br_misp_retired.all_branches,51751106,100.00,,
     7.114023449,61255111,,inst_retired.any,51400345,100.00,139.2,IpMispredict
     7.114023449,437789,,br_misp_retired.all_branches,51400345,100.00,,
     7.214219089,62430701,,inst_retired.any,52382952,100.00,141.8,IpMispredict
     7.214219089,451017,,br_misp_retired.all_branches,52382952,100.00,,
     7.314412827,61222132,,inst_retired.any,51675062,100.00,139.1,IpMispredict
     7.314412827,439905,,br_misp_retired.all_branches,51675062,100.00,,
     7.414606392,61797791,,inst_retired.any,51966303,100.00,140.4,IpMispredict
     7.414606392,442738,,br_misp_retired.all_branches,51966303,100.00,,
     7.514801534,61510166,,inst_retired.any,52014618,100.00,139.7,IpMispredict
     7.514801534,442108,,br_misp_retired.all_branches,52014618,100.00,,
     7.614996217,61512093,,inst_retired.any,51813896,100.00,139.7,IpMispredict
     7.614996217,441725,,br_misp_retired.all_branches,51813896,100.00,,
     7.715190152,61723905,,inst_retired.any,51918010,100.00,140.2,IpMispredict
     7.715190152,444808,,br_misp_retired.all_branches,51918010,100.00,,
     7.815387526,61676592,,inst_retired.any,51888894,100.00,140.1,IpMispredict
     7.815387526,442413,,br_misp_retired.all_branches,51888894,100.00,,
     7.915581594,61438694,,inst_retired.any,51757219,100.00,139.5,IpMispredict
     7.915581594,441097,,br_misp_retired.all_branches,51757219,100.00,,
     8.015779717,61529630,,inst_retired.any,51977116,100.00,139.7,IpMispredict
     8.015779717,440066,,br_misp_retired.all_branches,51977116,100.00,,
     8.115978958,61736487,,inst_retired.any,52013409,100.00,140.2,IpMispredict
     8.115978958,442789,,br_misp_retired.all_branches,52013409,100.00,,
     8.216177180,61502742,,inst_retired.any,51950804,100.00,139.6,IpMispredict
     8.216177180,445110,,br_misp_retired.all_branches,51950804,100.00,,
     8.316392919,61655364,,inst_retired.any,51978256,100.00,140.0,IpMispredict
     8.316392919,444870,,br_misp_retired.all_branches,51978256,100.00,,
     8.416588083,61644647,,inst_retired.any,51794336,100.00,139.9,IpMispredict
     8.416588083,439036,,br_misp_retired.all_branches,51794336,100.00,,
     8.516780141,61531521,,inst_retired.any,51665656,100.00,139.7,IpMispredict
     8.516780141,439648,,br_misp_retired.all_branches,51665656,100.00,,
     8.616975408,61380282,,inst_retired.any,51663843,100.00,139.4,IpMispredict
     8.616975408,437834,,br_misp_retired.all_branches,51663843,100.00,,
     8.717167701,61366594,,inst_retired.any,51592715,100.00,139.3,IpMispredict
     8.717167701,439017,,br_misp_retired.all_branches,51592715,100.00,,
     8.817360647,61496127,,inst_retired.any,51627604,100.00,139.6,IpMispredict
     8.817360647,437527,,br_misp_retired.all_branches,51627604,100.00,,
     8.917555274,61724643,,inst_retired.any,52023422,100.00,140.1,IpMispredict
     8.917555274,443638,,br_misp_retired.all_branches,52023422,100.00,,
     9.017750946,61753266,,inst_retired.any,51920030,100.00,140.2,IpMispredict
     9.017750946,441141,,br_misp_retired.all_branches,51920030,100.00,,
     9.117943317,60940880,,inst_retired.any,51144886,100.00,138.4,IpMispredict
     9.117943317,433534,,br_misp_retired.all_branches,51144886,100.00,,
     9.218138282,61800207,,inst_retired.any,52097369,100.00,140.3,IpMispredict
     9.218138282,443543,,br_misp_retired.all_branches,52097369,100.00,,
     9.318338180,61687417,,inst_retired.any,52006243,100.00,140.1,IpMispredict
     9.318338180,442610,,br_misp_retired.all_branches,52006243,100.00,,
     9.418534871,61456479,,inst_retired.any,51957053,100.00,139.5,IpMispredict
     9.418534871,438304,,br_misp_retired.all_branches,51957053,100.00,,
     9.518730681,61699947,,inst_retired.any,51858967,100.00,140.1,IpMispredict
     9.518730681,439347,,br_misp_retired.all_branches,51858967,100.00,,
     9.618929554,61688309,,inst_retired.any,51757767,100.00,140.1,IpMispredict
     9.618929554,437815,,br_misp_retired.all_branches,51757767,100.00,,
     9.719125805,61560934,,inst_retired.any,51824947,100.00,139.8,IpMispredict
     9.719125805,436586,,br_misp_retired.all_branches,51824947,100.00,,
     9.819320394,61231722,,inst_retired.any,51385718,100.00,139.1,IpMispredict
     9.819320394,434023,,br_misp_retired.all_branches,51385718,100.00,,
     9.919530846,61527491,,inst_retired.any,51917340,100.00,139.8,IpMispredict
     9.919530846,439398,,br_misp_retired.all_branches,51917340,100.00,,
    10.019730786,61430191,,inst_retired.any,51653614,100.00,139.5,IpMispredict
    10.019730786,435586,,br_misp_retired.all_branches,51653614,100.00,,
    10.119925576,61359360,,inst_retired.any,52044795,100.00,139.4,IpMispredict
    10.119925576,441172,,br_misp_retired.all_branches,52044795,100.00,,
    10.220134338,61838923,,inst_retired.any,51792294,100.00,140.5,IpMispredict
    10.220134338,443456,,br_misp_retired.all_branches,51792294,100.00,,
    10.320329733,61583960,,inst_retired.any,51455154,100.00,139.9,IpMispredict
    10.320329733,439389,,br_misp_retired.all_branches,51455154,100.00,,
    10.420524981,61701867,,inst_retired.any,51623146,100.00,140.2,IpMispredict
    10.420524981,440091,,br_misp_retired.all_branches,51623146,100.00,,
    10.520726566,61487471,,inst_retired.any,51398618,100.00,139.7,IpMispredict
    10.520726566,441200,,br_misp_retired.all_branches,51398618,100.00,,
    10.620921329,61809149,,inst_retired.any,51449314,100.00,140.4,IpMispredict
    10.620921329,442277,,br_misp_retired.all_branches,51449314,100.00,,
    10.721115956,61386346,,inst_retired.any,51201713,100.00,139.4,IpMispredict
    10.721115956,439138,,br_misp_retired.all_branches,51201713,100.00,,
    10.821311500,61204846,,inst_retired.any,50942639,100.00,139.0,IpMispredict
    10.821311500,438501,,br_misp_retired.all_branches,50942639,100.00,,
    10.921506849,62082600,,inst_retired.any,51953105,100.00,141.0,IpMispredict
    10.921506849,443513,,br_misp_retired.all_branches,51953105,100.00,,
    11.021723502,61023178,,inst_retired.any,51087772,100.00,138.6,IpMispredict
    11.021723502,438048,,br_misp_retired.all_branches,51087772,100.00,,
