# started on Tue May  2 13:25:07 2023

     0.100138805,92815835,,inst_retired.any,77629322,100.00,140.0,IpMispredict
     0.100138805,662916,,br_misp_retired.all_branches,77629322,100.00,,
     0.200357346,91751601,,inst_retired.any,76641532,100.00,139.6,IpMispredict
     0.200357346,651788,,br_misp_retired.all_branches,76641532,100.00,,
     0.300553859,91758812,,inst_retired.any,76792216,100.00,139.6,IpMispredict
     0.300553859,656513,,br_misp_retired.all_branches,76792216,100.00,,
     0.400749205,92182562,,inst_retired.any,76916943,100.00,140.3,IpMispredict
     0.400749205,656906,,br_misp_retired.all_branches,76916943,100.00,,
     0.500942992,92640381,,inst_retired.any,77569893,100.00,140.8,IpMispredict
     0.500942992,661671,,br_misp_retired.all_branches,77569893,100.00,,
     0.601135415,91585602,,inst_retired.any,76525313,100.00,139.3,IpMispredict
     0.601135415,655711,,br_misp_retired.all_branches,76525313,100.00,,
     0.701331037,92395566,,inst_retired.any,77480846,100.00,140.2,IpMispredict
     0.701331037,669154,,br_misp_retired.all_branches,77480846,100.00,,
     0.801523628,92718258,,inst_retired.any,77447725,100.00,140.3,IpMispredict
     0.801523628,673113,,br_misp_retired.all_branches,77447725,100.00,,
     0.901719707,92058792,,inst_retired.any,77084603,100.00,139.1,IpMispredict
     0.901719707,667446,,br_misp_retired.all_branches,77084603,100.00,,
     1.001919988,91496438,,inst_retired.any,76670190,100.00,138.5,IpMispredict
     1.001919988,652787,,br_misp_retired.all_branches,76670190,100.00,,
     1.102118241,92742186,,inst_retired.any,77561507,100.00,140.3,IpMispredict
     1.102118241,661533,,br_misp_retired.all_branches,77561507,100.00,,
     1.202314237,91435838,,inst_retired.any,76591326,100.00,138.5,IpMispredict
     1.202314237,652279,,br_misp_retired.all_branches,76591326,100.00,,
     1.302508230,92763432,,inst_retired.any,77628306,100.00,140.5,IpMispredict
     1.302508230,660541,,br_misp_retired.all_branches,77628306,100.00,,
     1.402703490,91753304,,inst_retired.any,77120284,100.00,139.0,IpMispredict
     1.402703490,656123,,br_misp_retired.all_branches,77120284,100.00,,
     1.502899799,92801335,,inst_retired.any,77631458,100.00,140.6,IpMispredict
     1.502899799,660339,,br_misp_retired.all_branches,77631458,100.00,,
     1.603095954,91639126,,inst_retired.any,76689401,100.00,138.9,IpMispredict
     1.603095954,660606,,br_misp_retired.all_branches,76689401,100.00,,
     1.703288404,92411302,,inst_retired.any,77340024,100.00,139.9,IpMispredict
     1.703288404,668109,,br_misp_retired.all_branches,77340024,100.00,,
     1.803516711,91757686,,inst_retired.any,76657135,100.00,138.9,IpMispredict
     1.803516711,661822,,br_misp_retired.all_branches,76657135,100.00,,
     1.903729355,92736583,,inst_retired.any,77640314,100.00,140.3,IpMispredict
     1.903729355,666297,,br_misp_retired.all_branches,77640314,100.00,,
     2.003922276,91562658,,inst_retired.any,76661684,100.00,138.7,IpMispredict
     2.003922276,649698,,br_misp_retired.all_branches,76661684,100.00,,
     2.104116129,92771930,,inst_retired.any,77839872,100.00,140.5,IpMispredict
     2.104116129,660830,,br_misp_retired.all_branches,77839872,100.00,,
     2.204310884,92153024,,inst_retired.any,77226154,100.00,139.6,IpMispredict
     2.204310884,653674,,br_misp_retired.all_branches,77226154,100.00,,
     2.304506618,91925764,,inst_retired.any,76875788,100.00,139.4,IpMispredict
     2.304506618,650517,,br_misp_retired.all_branches,76875788,100.00,,
     2.404699575,92831473,,inst_retired.any,77626527,100.00,140.7,IpMispredict
     2.404699575,660494,,br_misp_retired.all_branches,77626527,100.00,,
     2.504893810,91684094,,inst_retired.any,76516364,100.00,139.1,IpMispredict
     2.504893810,651929,,br_misp_retired.all_branches,76516364,100.00,,
     2.605088321,92001200,,inst_retired.any,76464985,100.00,139.5,IpMispredict
     2.605088321,660681,,br_misp_retired.all_branches,76464985,100.00,,
     2.705282214,92378896,,inst_retired.any,77188116,100.00,140.1,IpMispredict
     2.705282214,665481,,br_misp_retired.all_branches,77188116,100.00,,
     2.805496709,92143779,,inst_retired.any,78337061,100.00,139.6,IpMispredict
     2.805496709,667508,,br_misp_retired.all_branches,78337061,100.00,,
     2.905692259,91899576,,inst_retired.any,76601276,100.00,139.3,IpMispredict
     2.905692259,658720,,br_misp_retired.all_branches,76601276,100.00,,
     3.005886938,92103252,,inst_retired.any,77981595,100.00,139.6,IpMispredict
     3.005886938,655829,,br_misp_retired.all_branches,77981595,100.00,,
     3.106078227,92057686,,inst_retired.any,77010865,100.00,139.6,IpMispredict
     3.106078227,655506,,br_misp_retired.all_branches,77010865,100.00,,
     3.206276554,92495404,,inst_retired.any,77317909,100.00,140.3,IpMispredict
     3.206276554,657120,,br_misp_retired.all_branches,77317909,100.00,,
     3.306470891,92110003,,inst_retired.any,77349747,100.00,139.7,IpMispredict
     3.306470891,656438,,br_misp_retired.all_branches,77349747,100.00,,
     3.406665509,92285666,,inst_retired.any,77326146,100.00,139.9,IpMispredict
     3.406665509,660480,,br_misp_retired.all_branches,77326146,100.00,,
     3.506861897,92646983,,inst_retired.any,77414246,100.00,140.5,IpMispredict
     3.506861897,661141,,br_misp_retired.all_branches,77414246,100.00,,
     3.607056482,91164360,,inst_retired.any,76383331,100.00,138.3,IpMispredict
     3.607056482,655044,,br_misp_retired.all_branches,76383331,100.00,,
     3.707248777,92512986,,inst_retired.any,77259759,100.00,140.3,IpMispredict
     3.707248777,664655,,br_misp_retired.all_branches,77259759,100.00,,
     3.807446790,92370846,,inst_retired.any,77038291,100.00,140.0,IpMispredict
     3.807446790,663868,,br_misp_retired.all_branches,77038291,100.00,,
     3.907665020,93050985,,inst_retired.any,77615695,100.00,141.0,IpMispredict
     3.907665020,667988,,br_misp_retired.all_branches,77615695,100.00,,
     4.007863517,92225258,,inst_retired.any,77256252,100.00,139.8,IpMispredict
     4.007863517,659761,,br_misp_retired.all_branches,77256252,100.00,,
     4.108062026,91377965,,inst_retired.any,76711203,100.00,138.5,IpMispredict
     4.108062026,653653,,br_misp_retired.all_branches,76711203,100.00,,
     4.208257640,92491974,,inst_retired.any,77566968,100.00,140.2,IpMispredict
     4.208257640,656221,,br_misp_retired.all_branches,77566968,100.00,,
     4.308451833,92422478,,inst_retired.any,77390048,100.00,140.1,IpMispredict
     4.308451833,659188,,br_misp_retired.all_branches,77390048,100.00,,
     4.408649030,92503054,,inst_retired.any,77355283,100.00,140.2,IpMispredict
     4.408649030,660438,,br_misp_retired.all_branches,77355283,100.00,,
     4.508842950,92305709,,inst_retired.any,77212071,100.00,140.0,IpMispredict
     4.508842950,655762,,br_misp_retired.all_branches,77212071,100.00,,
     4.609038806,91570000,,inst_retired.any,76250728,100.00,138.9,IpMispredict
     4.609038806,656277,,br_misp_retired.all_branches,76250728,100.00,,
     4.709232983,92483102,,inst_retired.any,77230862,100.00,140.2,IpMispredict
     4.709232983,662754,,br_misp_retired.all_branches,77230862,100.00,,
     4.809428797,91642701,,inst_retired.any,76312617,100.00,139.0,IpMispredict
     4.809428797,655427,,br_misp_retired.all_branches,76312617,100.00,,
     4.909627250,92436057,,inst_retired.any,77101812,100.00,140.2,IpMispredict
     4.909627250,661890,,br_misp_retired.all_branches,77101812,100.00,,
     5.009829625,91639289,,inst_retired.any,76441742,100.00,139.0,IpMispredict
     5.009829625,652389,,br_misp_retired.all_branches,76441742,100.00,,
     5.110022676,92353033,,inst_retired.any,77510324,100.00,140.1,IpMispredict
     5.110022676,660664,,br_misp_retired.all_branches,77510324,100.00,,
     5.210216946,92730246,,inst_retired.any,77438623,100.00,140.6,IpMispredict
     5.210216946,658208,,br_misp_retired.all_branches,77438623,100.00,,
     5.310411400,92522716,,inst_retired.any,77471491,100.00,140.3,IpMispredict
     5.310411400,659322,,br_misp_retired.all_branches,77471491,100.00,,
     5.410608846,91379363,,inst_retired.any,76561401,100.00,138.6,IpMispredict
     5.410608846,651609,,br_misp_retired.all_branches,76561401,100.00,,
     5.510821410,92838857,,inst_retired.any,77538576,100.00,140.8,IpMispredict
     5.510821410,661773,,br_misp_retired.all_branches,77538576,100.00,,
     5.611015816,92527274,,inst_retired.any,77206743,100.00,140.3,IpMispredict
     5.611015816,665754,,br_misp_retired.all_branches,77206743,100.00,,
     5.711209217,91395196,,inst_retired.any,76311530,100.00,138.6,IpMispredict
     5.711209217,659243,,br_misp_retired.all_branches,76311530,100.00,,
     5.811403653,92535269,,inst_retired.any,77146587,100.00,140.3,IpMispredict
     5.811403653,668882,,br_misp_retired.all_branches,77146587,100.00,,
     5.911630647,91710430,,inst_retired.any,76600486,100.00,139.1,IpMispredict
     5.911630647,658629,,br_misp_retired.all_branches,76600486,100.00,,
     6.011830283,92711322,,inst_retired.any,77369791,100.00,140.6,IpMispredict
     6.011830283,658536,,br_misp_retired.all_branches,77369791,100.00,,
     6.112025067,91974573,,inst_retired.any,77708268,100.00,139.5,IpMispredict
     6.112025067,658369,,br_misp_retired.all_branches,77708268,100.00,,
     6.212221919,92158630,,inst_retired.any,77248623,100.00,139.8,IpMispredict
     6.212221919,654538,,br_misp_retired.all_branches,77248623,100.00,,
     6.312417007,92878995,,inst_retired.any,77493658,100.00,140.9,IpMispredict
     6.312417007,656195,,br_misp_retired.all_branches,77493658,100.00,,
     6.412611791,92334908,,inst_retired.any,77418535,100.00,140.0,IpMispredict
     6.412611791,662860,,br_misp_retired.all_branches,77418535,100.00,,
     6.512805660,92417599,,inst_retired.any,77312281,100.00,140.2,IpMispredict
     6.512805660,658192,,br_misp_retired.all_branches,77312281,100.00,,
     6.613000313,91598060,,inst_retired.any,76366168,100.00,138.9,IpMispredict
     6.613000313,661074,,br_misp_retired.all_branches,76366168,100.00,,
     6.713197614,92136777,,inst_retired.any,77145966,100.00,139.7,IpMispredict
     6.713197614,665155,,br_misp_retired.all_branches,77145966,100.00,,
     6.813395488,92477530,,inst_retired.any,77366567,100.00,140.2,IpMispredict
     6.813395488,667073,,br_misp_retired.all_branches,77366567,100.00,,
     6.913592604,92154010,,inst_retired.any,77031388,100.00,139.7,IpMispredict
     6.913592604,662571,,br_misp_retired.all_branches,77031388,100.00,,
     7.013786096,92259309,,inst_retired.any,77450825,100.00,139.9,IpMispredict
     7.013786096,658155,,br_misp_retired.all_branches,77450825,100.00,,
     7.113980174,91764263,,inst_retired.any,76833333,100.00,139.1,IpMispredict
     7.113980174,654229,,br_misp_retired.all_branches,76833333,100.00,,
     7.214175824,92962037,,inst_retired.any,78391914,100.00,140.9,IpMispredict
     7.214175824,662738,,br_misp_retired.all_branches,78391914,100.00,,
     7.314367884,91319471,,inst_retired.any,76412815,100.00,138.5,IpMispredict
     7.314367884,647696,,br_misp_retired.all_branches,76412815,100.00,,
     7.414561413,92584784,,inst_retired.any,77668489,100.00,140.4,IpMispredict
     7.414561413,666653,,br_misp_retired.all_branches,77668489,100.00,,
     7.514755635,92128968,,inst_retired.any,77160873,100.00,139.7,IpMispredict
     7.514755635,655200,,br_misp_retired.all_branches,77160873,100.00,,
     7.614952684,92352529,,inst_retired.any,77295951,100.00,140.0,IpMispredict
     7.614952684,662653,,br_misp_retired.all_branches,77295951,100.00,,
     7.715147120,92549959,,inst_retired.any,77411850,100.00,140.3,IpMispredict
     7.715147120,667482,,br_misp_retired.all_branches,77411850,100.00,,
     7.815342743,91513297,,inst_retired.any,76515086,100.00,138.7,IpMispredict
     7.815342743,657915,,br_misp_retired.all_branches,76515086,100.00,,
     7.915544901,92367141,,inst_retired.any,77310294,100.00,140.0,IpMispredict
     7.915544901,664198,,br_misp_retired.all_branches,77310294,100.00,,
     8.015739283,92446411,,inst_retired.any,77383831,100.00,140.1,IpMispredict
     8.015739283,660996,,br_misp_retired.all_branches,77383831,100.00,,
     8.115930690,91578454,,inst_retired.any,76568164,100.00,138.8,IpMispredict
     8.115930690,657285,,br_misp_retired.all_branches,76568164,100.00,,
     8.216123883,92269380,,inst_retired.any,77307001,100.00,139.9,IpMispredict
     8.216123883,657488,,br_misp_retired.all_branches,77307001,100.00,,
     8.316337102,92500377,,inst_retired.any,77673360,100.00,140.2,IpMispredict
     8.316337102,659992,,br_misp_retired.all_branches,77673360,100.00,,
     8.416531802,91958199,,inst_retired.any,77159457,100.00,139.4,IpMispredict
     8.416531802,657987,,br_misp_retired.all_branches,77159457,100.00,,
     8.516727291,92514436,,inst_retired.any,77526332,100.00,140.3,IpMispredict
     8.516727291,662004,,br_misp_retired.all_branches,77526332,100.00,,
     8.616922242,92412895,,inst_retired.any,77260484,100.00,140.1,IpMispredict
     8.616922242,663096,,br_misp_retired.all_branches,77260484,100.00,,
     8.717118242,91354165,,inst_retired.any,76527827,100.00,138.5,IpMispredict
     8.717118242,659445,,br_misp_retired.all_branches,76527827,100.00,,
     8.817314499,91792404,,inst_retired.any,76805734,100.00,139.1,IpMispredict
     8.817314499,661838,,br_misp_retired.all_branches,76805734,100.00,,
     8.917509520,93547047,,inst_retired.any,78083478,100.00,141.8,IpMispredict
     8.917509520,669239,,br_misp_retired.all_branches,78083478,100.00,,
     9.017703344,91864856,,inst_retired.any,76992916,100.00,139.2,IpMispredict
     9.017703344,658639,,br_misp_retired.all_branches,76992916,100.00,,
     9.117899277,92203748,,inst_retired.any,77473374,100.00,139.8,IpMispredict
     9.117899277,656700,,br_misp_retired.all_branches,77473374,100.00,,
     9.218103415,92213094,,inst_retired.any,77461454,100.00,139.8,IpMispredict
     9.218103415,660200,,br_misp_retired.all_branches,77461454,100.00,,
     9.318301082,92342638,,inst_retired.any,77335899,100.00,140.0,IpMispredict
     9.318301082,657767,,br_misp_retired.all_branches,77335899,100.00,,
     9.418497539,92397215,,inst_retired.any,77575993,100.00,140.1,IpMispredict
     9.418497539,656814,,br_misp_retired.all_branches,77575993,100.00,,
     9.518695153,91791356,,inst_retired.any,77041608,100.00,139.2,IpMispredict
     9.518695153,653702,,br_misp_retired.all_branches,77041608,100.00,,
     9.618895269,92217716,,inst_retired.any,77302743,100.00,139.8,IpMispredict
     9.618895269,661686,,br_misp_retired.all_branches,77302743,100.00,,
     9.719090102,92215406,,inst_retired.any,77341531,100.00,139.8,IpMispredict
     9.719090102,662633,,br_misp_retired.all_branches,77341531,100.00,,
     9.819285166,92482314,,inst_retired.any,77366800,100.00,140.2,IpMispredict
     9.819285166,665715,,br_misp_retired.all_branches,77366800,100.00,,
     9.919491970,91550598,,inst_retired.any,76336313,100.00,138.8,IpMispredict
     9.919491970,658060,,br_misp_retired.all_branches,76336313,100.00,,
    10.019697896,92221875,,inst_retired.any,77357085,100.00,139.8,IpMispredict
    10.019697896,661984,,br_misp_retired.all_branches,77357085,100.00,,
    10.119896792,92280501,,inst_retired.any,77137343,100.00,139.9,IpMispredict
    10.119896792,660534,,br_misp_retired.all_branches,77137343,100.00,,
    10.220091004,92191230,,inst_retired.any,77141071,100.00,139.7,IpMispredict
    10.220091004,654774,,br_misp_retired.all_branches,77141071,100.00,,
    10.320286850,92132580,,inst_retired.any,77384631,100.00,139.7,IpMispredict
    10.320286850,658607,,br_misp_retired.all_branches,77384631,100.00,,
    10.420479237,92241064,,inst_retired.any,77400546,100.00,139.8,IpMispredict
    10.420479237,663032,,br_misp_retired.all_branches,77400546,100.00,,
    10.520674545,92227946,,inst_retired.any,77296622,100.00,139.8,IpMispredict
    10.520674545,661048,,br_misp_retired.all_branches,77296622,100.00,,
    10.620869171,92451947,,inst_retired.any,77199131,100.00,140.1,IpMispredict
    10.620869171,664030,,br_misp_retired.all_branches,77199131,100.00,,
    10.721066276,92319402,,inst_retired.any,77088156,100.00,139.9,IpMispredict
    10.721066276,670521,,br_misp_retired.all_branches,77088156,100.00,,
    10.821261590,91520147,,inst_retired.any,76330657,100.00,138.7,IpMispredict
    10.821261590,658027,,br_misp_retired.all_branches,76330657,100.00,,
    10.921460350,92302471,,inst_retired.any,77065623,100.00,139.9,IpMispredict
    10.921460350,658697,,br_misp_retired.all_branches,77065623,100.00,,
    11.021672633,92446473,,inst_retired.any,78382857,100.00,140.1,IpMispredict
    11.021672633,656095,,br_misp_retired.all_branches,78382857,100.00,,
