# started on Tue May  2 13:07:29 2023

     0.100206470,2772276,,offcore_response.all_requests.llc_hit.any_response,69211986,100.00,,
     0.100206470,388,,offcore_response.all_requests.llc_miss.any_response,69168172,100.00,,
     0.200437526,2448773,,offcore_response.all_requests.llc_hit.any_response,70818800,100.00,,
     0.200437526,350,,offcore_response.all_requests.llc_miss.any_response,70870340,100.00,,
     0.300640525,2754616,,offcore_response.all_requests.llc_hit.any_response,68988050,100.00,,
     0.300640525,194,,offcore_response.all_requests.llc_miss.any_response,68969186,100.00,,
     0.400837757,2811476,,offcore_response.all_requests.llc_hit.any_response,68118489,100.00,,
     0.400837757,315,,offcore_response.all_requests.llc_miss.any_response,68144185,100.00,,
     0.501048684,2745253,,offcore_response.all_requests.llc_hit.any_response,69759848,100.00,,
     0.501048684,394,,offcore_response.all_requests.llc_miss.any_response,69701476,100.00,,
     0.601241993,2305129,,offcore_response.all_requests.llc_hit.any_response,70880275,100.00,,
     0.601241993,262,,offcore_response.all_requests.llc_miss.any_response,70880275,100.00,,
     0.701436374,3099922,,offcore_response.all_requests.llc_hit.any_response,65958318,100.00,,
     0.701436374,351,,offcore_response.all_requests.llc_miss.any_response,65958318,100.00,,
     0.801629675,2803619,,offcore_response.all_requests.llc_hit.any_response,69784495,100.00,,
     0.801629675,441,,offcore_response.all_requests.llc_miss.any_response,69784495,100.00,,
     0.901830604,3073377,,offcore_response.all_requests.llc_hit.any_response,65127758,100.00,,
     0.901830604,452,,offcore_response.all_requests.llc_miss.any_response,65155176,100.00,,
     1.002033556,3045349,,offcore_response.all_requests.llc_hit.any_response,66949229,100.00,,
     1.002033556,264,,offcore_response.all_requests.llc_miss.any_response,66921811,100.00,,
     1.102234399,2680250,,offcore_response.all_requests.llc_hit.any_response,67621873,100.00,,
     1.102234399,396,,offcore_response.all_requests.llc_miss.any_response,67674524,100.00,,
     1.202439165,3053247,,offcore_response.all_requests.llc_hit.any_response,68197340,100.00,,
     1.202439165,301,,offcore_response.all_requests.llc_miss.any_response,68144689,100.00,,
     1.302636968,3235787,,offcore_response.all_requests.llc_hit.any_response,66732446,100.00,,
     1.302636968,327,,offcore_response.all_requests.llc_miss.any_response,66732446,100.00,,
     1.402832150,2645822,,offcore_response.all_requests.llc_hit.any_response,68886585,100.00,,
     1.402832150,299,,offcore_response.all_requests.llc_miss.any_response,68939512,100.00,,
     1.503036416,2823616,,offcore_response.all_requests.llc_hit.any_response,70395330,100.00,,
     1.503036416,435,,offcore_response.all_requests.llc_miss.any_response,70342403,100.00,,
     1.603229974,2754705,,offcore_response.all_requests.llc_hit.any_response,69648358,100.00,,
     1.603229974,801,,offcore_response.all_requests.llc_miss.any_response,69665425,100.00,,
     1.703437511,2306926,,offcore_response.all_requests.llc_hit.any_response,69775338,100.00,,
     1.703437511,556,,offcore_response.all_requests.llc_miss.any_response,69758271,100.00,,
     1.803634395,2763617,,offcore_response.all_requests.llc_hit.any_response,70201113,100.00,,
     1.803634395,844,,offcore_response.all_requests.llc_miss.any_response,70217033,100.00,,
     1.903830130,2959068,,offcore_response.all_requests.llc_hit.any_response,68027876,100.00,,
     1.903830130,955,,offcore_response.all_requests.llc_miss.any_response,68064582,100.00,,
     2.004034799,2972648,,offcore_response.all_requests.llc_hit.any_response,67989060,100.00,,
     2.004034799,1009,,offcore_response.all_requests.llc_miss.any_response,67960037,100.00,,
     2.104233070,2992953,,offcore_response.all_requests.llc_hit.any_response,69272258,100.00,,
     2.104233070,838,,offcore_response.all_requests.llc_miss.any_response,69248655,100.00,,
     2.204426616,2456989,,offcore_response.all_requests.llc_hit.any_response,70940642,100.00,,
     2.204426616,690,,offcore_response.all_requests.llc_miss.any_response,70940642,100.00,,
     2.304639209,2680050,,offcore_response.all_requests.llc_hit.any_response,69729876,100.00,,
     2.304639209,1083,,offcore_response.all_requests.llc_miss.any_response,69729876,100.00,,
     2.404832954,3136204,,offcore_response.all_requests.llc_hit.any_response,66404876,100.00,,
     2.404832954,922,,offcore_response.all_requests.llc_miss.any_response,66424370,100.00,,
     2.505030439,2711185,,offcore_response.all_requests.llc_hit.any_response,70458736,100.00,,
     2.505030439,769,,offcore_response.all_requests.llc_miss.any_response,70439242,100.00,,
     2.605224397,2577429,,offcore_response.all_requests.llc_hit.any_response,70301410,100.00,,
     2.605224397,552,,offcore_response.all_requests.llc_miss.any_response,70318964,100.00,,
     2.705420065,3285266,,offcore_response.all_requests.llc_hit.any_response,69321150,100.00,,
     2.705420065,1015,,offcore_response.all_requests.llc_miss.any_response,69356906,100.00,,
     2.805631915,3085216,,offcore_response.all_requests.llc_hit.any_response,65635528,100.00,,
     2.805631915,450,,offcore_response.all_requests.llc_miss.any_response,65582218,100.00,,
     2.905824274,2834990,,offcore_response.all_requests.llc_hit.any_response,70141643,100.00,,
     2.905824274,1211,,offcore_response.all_requests.llc_miss.any_response,70141643,100.00,,
     3.006017932,2534032,,offcore_response.all_requests.llc_hit.any_response,70526219,100.00,,
     3.006017932,495,,offcore_response.all_requests.llc_miss.any_response,70526219,100.00,,
     3.106209038,2835394,,offcore_response.all_requests.llc_hit.any_response,69573107,100.00,,
     3.106209038,1150,,offcore_response.all_requests.llc_miss.any_response,69573107,100.00,,
     3.206401694,2641990,,offcore_response.all_requests.llc_hit.any_response,69113970,100.00,,
     3.206401694,1053,,offcore_response.all_requests.llc_miss.any_response,69113970,100.00,,
     3.306593063,2799879,,offcore_response.all_requests.llc_hit.any_response,69532711,100.00,,
     3.306593063,763,,offcore_response.all_requests.llc_miss.any_response,69532711,100.00,,
     3.406787567,3178342,,offcore_response.all_requests.llc_hit.any_response,67553866,100.00,,
     3.406787567,628,,offcore_response.all_requests.llc_miss.any_response,67553866,100.00,,
     3.506980757,3065300,,offcore_response.all_requests.llc_hit.any_response,67436847,100.00,,
     3.506980757,779,,offcore_response.all_requests.llc_miss.any_response,67488640,100.00,,
     3.607188241,2336448,,offcore_response.all_requests.llc_hit.any_response,70817338,100.00,,
     3.607188241,547,,offcore_response.all_requests.llc_miss.any_response,70765545,100.00,,
     3.707381126,2680242,,offcore_response.all_requests.llc_hit.any_response,66988680,100.00,,
     3.707381126,159,,offcore_response.all_requests.llc_miss.any_response,67022427,100.00,,
     3.807622136,2757245,,offcore_response.all_requests.llc_hit.any_response,69666219,100.00,,
     3.807622136,437,,offcore_response.all_requests.llc_miss.any_response,69685415,100.00,,
     3.907826953,2708216,,offcore_response.all_requests.llc_hit.any_response,67032772,100.00,,
     3.907826953,440,,offcore_response.all_requests.llc_miss.any_response,66979829,100.00,,
     4.008019974,3300407,,offcore_response.all_requests.llc_hit.any_response,64608016,100.00,,
     4.008019974,597,,offcore_response.all_requests.llc_miss.any_response,64632059,100.00,,
     4.108221065,2861803,,offcore_response.all_requests.llc_hit.any_response,68786240,100.00,,
     4.108221065,820,,offcore_response.all_requests.llc_miss.any_response,68785822,100.00,,
     4.208419295,3086944,,offcore_response.all_requests.llc_hit.any_response,67980998,100.00,,
     4.208419295,544,,offcore_response.all_requests.llc_miss.any_response,67957373,100.00,,
     4.308612702,2886680,,offcore_response.all_requests.llc_hit.any_response,69053719,100.00,,
     4.308612702,780,,offcore_response.all_requests.llc_miss.any_response,69053719,100.00,,
     4.408805145,2928508,,offcore_response.all_requests.llc_hit.any_response,69149093,100.00,,
     4.408805145,1170,,offcore_response.all_requests.llc_miss.any_response,69149093,100.00,,
     4.509017562,2872882,,offcore_response.all_requests.llc_hit.any_response,68859438,100.00,,
     4.509017562,664,,offcore_response.all_requests.llc_miss.any_response,68916251,100.00,,
     4.609227320,3032667,,offcore_response.all_requests.llc_hit.any_response,67157436,100.00,,
     4.609227320,489,,offcore_response.all_requests.llc_miss.any_response,67100623,100.00,,
     4.709419943,2680544,,offcore_response.all_requests.llc_hit.any_response,69951755,100.00,,
     4.709419943,799,,offcore_response.all_requests.llc_miss.any_response,69951755,100.00,,
     4.809612412,2939920,,offcore_response.all_requests.llc_hit.any_response,69138944,100.00,,
     4.809612412,655,,offcore_response.all_requests.llc_miss.any_response,69138944,100.00,,
     4.909810377,2951423,,offcore_response.all_requests.llc_hit.any_response,67360790,100.00,,
     4.909810377,885,,offcore_response.all_requests.llc_miss.any_response,67360790,100.00,,
     5.010012612,2948789,,offcore_response.all_requests.llc_hit.any_response,67588602,100.00,,
     5.010012612,979,,offcore_response.all_requests.llc_miss.any_response,67612322,100.00,,
     5.110221165,3329824,,offcore_response.all_requests.llc_hit.any_response,63807084,100.00,,
     5.110221165,797,,offcore_response.all_requests.llc_miss.any_response,63800329,100.00,,
     5.210417025,3113329,,offcore_response.all_requests.llc_hit.any_response,66647473,100.00,,
     5.210417025,685,,offcore_response.all_requests.llc_miss.any_response,66630508,100.00,,
     5.310608218,2682796,,offcore_response.all_requests.llc_hit.any_response,69484683,100.00,,
     5.310608218,1054,,offcore_response.all_requests.llc_miss.any_response,69544935,100.00,,
     5.410817956,2818480,,offcore_response.all_requests.llc_hit.any_response,69736529,100.00,,
     5.410817956,1193,,offcore_response.all_requests.llc_miss.any_response,69729208,100.00,,
     5.511024863,2600999,,offcore_response.all_requests.llc_hit.any_response,71552151,100.00,,
     5.511024863,548,,offcore_response.all_requests.llc_miss.any_response,71499220,100.00,,
     5.611217134,2418976,,offcore_response.all_requests.llc_hit.any_response,69787434,100.00,,
     5.611217134,710,,offcore_response.all_requests.llc_miss.any_response,69787434,100.00,,
     5.711421570,2743117,,offcore_response.all_requests.llc_hit.any_response,70077923,100.00,,
     5.711421570,911,,offcore_response.all_requests.llc_miss.any_response,70077923,100.00,,
     5.811619073,3133822,,offcore_response.all_requests.llc_hit.any_response,66493606,100.00,,
     5.811619073,570,,offcore_response.all_requests.llc_miss.any_response,66516820,100.00,,
     5.911822739,3162340,,offcore_response.all_requests.llc_hit.any_response,65011133,100.00,,
     5.911822739,695,,offcore_response.all_requests.llc_miss.any_response,65042886,100.00,,
     6.012028022,3105728,,offcore_response.all_requests.llc_hit.any_response,68223925,100.00,,
     6.012028022,820,,offcore_response.all_requests.llc_miss.any_response,68215709,100.00,,
     6.112230092,2407614,,offcore_response.all_requests.llc_hit.any_response,69203755,100.00,,
     6.112230092,5953,,offcore_response.all_requests.llc_miss.any_response,69157004,100.00,,
     6.212423145,2854788,,offcore_response.all_requests.llc_hit.any_response,68354553,100.00,,
     6.212423145,19899,,offcore_response.all_requests.llc_miss.any_response,68354553,100.00,,
     6.312616861,3152357,,offcore_response.all_requests.llc_hit.any_response,67720756,100.00,,
     6.312616861,19736,,offcore_response.all_requests.llc_miss.any_response,67720756,100.00,,
     6.412810010,2813958,,offcore_response.all_requests.llc_hit.any_response,68551626,100.00,,
     6.412810010,20517,,offcore_response.all_requests.llc_miss.any_response,68551626,100.00,,
     6.513008558,3233491,,offcore_response.all_requests.llc_hit.any_response,67035274,100.00,,
     6.513008558,19806,,offcore_response.all_requests.llc_miss.any_response,67035274,100.00,,
     6.613205609,3072148,,offcore_response.all_requests.llc_hit.any_response,67013012,100.00,,
     6.613205609,19799,,offcore_response.all_requests.llc_miss.any_response,67036461,100.00,,
     6.713433127,3048051,,offcore_response.all_requests.llc_hit.any_response,67439879,100.00,,
     6.713433127,20064,,offcore_response.all_requests.llc_miss.any_response,67427622,100.00,,
     6.813632448,2937098,,offcore_response.all_requests.llc_hit.any_response,68005842,100.00,,
     6.813632448,19711,,offcore_response.all_requests.llc_miss.any_response,68047461,100.00,,
     6.913838149,2816055,,offcore_response.all_requests.llc_hit.any_response,69774490,100.00,,
     6.913838149,19916,,offcore_response.all_requests.llc_miss.any_response,69721679,100.00,,
     7.014033554,3218297,,offcore_response.all_requests.llc_hit.any_response,67653817,100.00,,
     7.014033554,20006,,offcore_response.all_requests.llc_miss.any_response,67653817,100.00,,
     7.114226872,3113031,,offcore_response.all_requests.llc_hit.any_response,67631971,100.00,,
     7.114226872,34928,,offcore_response.all_requests.llc_miss.any_response,67631971,100.00,,
     7.214421249,2516739,,offcore_response.all_requests.llc_hit.any_response,67848547,100.00,,
     7.214421249,38047,,offcore_response.all_requests.llc_miss.any_response,67848547,100.00,,
     7.314613006,2717508,,offcore_response.all_requests.llc_hit.any_response,67912944,100.00,,
     7.314613006,38174,,offcore_response.all_requests.llc_miss.any_response,67912944,100.00,,
     7.414805021,3015737,,offcore_response.all_requests.llc_hit.any_response,65594566,100.00,,
     7.414805021,38441,,offcore_response.all_requests.llc_miss.any_response,65594566,100.00,,
     7.514998061,2742439,,offcore_response.all_requests.llc_hit.any_response,67494998,100.00,,
     7.514998061,38104,,offcore_response.all_requests.llc_miss.any_response,67494998,100.00,,
     7.615191663,2903354,,offcore_response.all_requests.llc_hit.any_response,67434428,100.00,,
     7.615191663,38382,,offcore_response.all_requests.llc_miss.any_response,67486280,100.00,,
     7.715399954,3006400,,offcore_response.all_requests.llc_hit.any_response,66042751,100.00,,
     7.715399954,38325,,offcore_response.all_requests.llc_miss.any_response,66044734,100.00,,
     7.815630690,3123744,,offcore_response.all_requests.llc_hit.any_response,63883717,100.00,,
     7.815630690,38090,,offcore_response.all_requests.llc_miss.any_response,63829882,100.00,,
     7.915824577,2508924,,offcore_response.all_requests.llc_hit.any_response,69794175,100.00,,
     7.915824577,38625,,offcore_response.all_requests.llc_miss.any_response,69817088,100.00,,
     8.016025533,2586457,,offcore_response.all_requests.llc_hit.any_response,69444226,100.00,,
     8.016025533,37791,,offcore_response.all_requests.llc_miss.any_response,69421313,100.00,,
     8.116219732,2616955,,offcore_response.all_requests.llc_hit.any_response,68927261,100.00,,
     8.116219732,38145,,offcore_response.all_requests.llc_miss.any_response,68927261,100.00,,
     8.216414792,2709446,,offcore_response.all_requests.llc_hit.any_response,68364552,100.00,,
     8.216414792,38586,,offcore_response.all_requests.llc_miss.any_response,68417928,100.00,,
     8.316625254,2732744,,offcore_response.all_requests.llc_hit.any_response,66658895,100.00,,
     8.316625254,37630,,offcore_response.all_requests.llc_miss.any_response,66613454,100.00,,
     8.416823188,3017158,,offcore_response.all_requests.llc_hit.any_response,66697571,100.00,,
     8.416823188,39117,,offcore_response.all_requests.llc_miss.any_response,66689636,100.00,,
     8.517018432,3318109,,offcore_response.all_requests.llc_hit.any_response,63559099,100.00,,
     8.517018432,38540,,offcore_response.all_requests.llc_miss.any_response,63559099,100.00,,
     8.617211330,3028889,,offcore_response.all_requests.llc_hit.any_response,67420067,100.00,,
     8.617211330,38620,,offcore_response.all_requests.llc_miss.any_response,67434979,100.00,,
     8.717410668,2296977,,offcore_response.all_requests.llc_hit.any_response,71633688,100.00,,
     8.717410668,38884,,offcore_response.all_requests.llc_miss.any_response,71669479,100.00,,
     8.817614652,3020818,,offcore_response.all_requests.llc_hit.any_response,64722262,100.00,,
     8.817614652,38372,,offcore_response.all_requests.llc_miss.any_response,64671559,100.00,,
     8.917824945,3313271,,offcore_response.all_requests.llc_hit.any_response,63232049,100.00,,
     8.917824945,38559,,offcore_response.all_requests.llc_miss.any_response,63285395,100.00,,
     9.018030047,3005734,,offcore_response.all_requests.llc_hit.any_response,67191848,100.00,,
     9.018030047,38914,,offcore_response.all_requests.llc_miss.any_response,67138502,100.00,,
     9.118225021,2509799,,offcore_response.all_requests.llc_hit.any_response,67665340,100.00,,
     9.118225021,38262,,offcore_response.all_requests.llc_miss.any_response,67665340,100.00,,
     9.218418630,3122755,,offcore_response.all_requests.llc_hit.any_response,65998142,100.00,,
     9.218418630,38577,,offcore_response.all_requests.llc_miss.any_response,65998142,100.00,,
     9.318611379,2797753,,offcore_response.all_requests.llc_hit.any_response,67512669,100.00,,
     9.318611379,38657,,offcore_response.all_requests.llc_miss.any_response,67536119,100.00,,
     9.418811419,2880866,,offcore_response.all_requests.llc_hit.any_response,67161444,100.00,,
     9.418811419,38407,,offcore_response.all_requests.llc_miss.any_response,67137994,100.00,,
     9.519003190,2530469,,offcore_response.all_requests.llc_hit.any_response,70304834,100.00,,
     9.519003190,38943,,offcore_response.all_requests.llc_miss.any_response,70304834,100.00,,
     9.619201202,3068791,,offcore_response.all_requests.llc_hit.any_response,64894793,100.00,,
     9.619201202,38348,,offcore_response.all_requests.llc_miss.any_response,64909901,100.00,,
     9.719400573,3086629,,offcore_response.all_requests.llc_hit.any_response,65590094,100.00,,
     9.719400573,38525,,offcore_response.all_requests.llc_miss.any_response,65599152,100.00,,
     9.819619562,3074689,,offcore_response.all_requests.llc_hit.any_response,66244290,100.00,,
     9.819619562,38816,,offcore_response.all_requests.llc_miss.any_response,66264172,100.00,,
     9.919826162,2759216,,offcore_response.all_requests.llc_hit.any_response,70180396,100.00,,
     9.919826162,39575,,offcore_response.all_requests.llc_miss.any_response,70136348,100.00,,
    10.020028542,2569776,,offcore_response.all_requests.llc_hit.any_response,69282528,100.00,,
    10.020028542,38713,,offcore_response.all_requests.llc_miss.any_response,69282528,100.00,,
    10.120228059,3043287,,offcore_response.all_requests.llc_hit.any_response,67354911,100.00,,
    10.120228059,38818,,offcore_response.all_requests.llc_miss.any_response,67411382,100.00,,
    10.220434376,2734665,,offcore_response.all_requests.llc_hit.any_response,69923640,100.00,,
    10.220434376,39144,,offcore_response.all_requests.llc_miss.any_response,69867169,100.00,,
    10.320629817,3094670,,offcore_response.all_requests.llc_hit.any_response,67555422,100.00,,
    10.320629817,39175,,offcore_response.all_requests.llc_miss.any_response,67578508,100.00,,
    10.420827159,2964579,,offcore_response.all_requests.llc_hit.any_response,66297989,100.00,,
    10.420827159,38913,,offcore_response.all_requests.llc_miss.any_response,66298795,100.00,,
    10.521026565,2861204,,offcore_response.all_requests.llc_hit.any_response,69198419,100.00,,
    10.521026565,39467,,offcore_response.all_requests.llc_miss.any_response,69174527,100.00,,
    10.621227435,2700823,,offcore_response.all_requests.llc_hit.any_response,69782166,100.00,,
    10.621227435,39537,,offcore_response.all_requests.llc_miss.any_response,69782166,100.00,,
    10.721420520,2438748,,offcore_response.all_requests.llc_hit.any_response,69280573,100.00,,
    10.721420520,38971,,offcore_response.all_requests.llc_miss.any_response,69280573,100.00,,
    10.821612431,2528456,,offcore_response.all_requests.llc_hit.any_response,68862357,100.00,,
    10.821612431,38945,,offcore_response.all_requests.llc_miss.any_response,68915956,100.00,,
    10.921817746,2776144,,offcore_response.all_requests.llc_hit.any_response,69392819,100.00,,
    10.921817746,39219,,offcore_response.all_requests.llc_miss.any_response,69339220,100.00,,
    11.022031412,2941254,,offcore_response.all_requests.llc_hit.any_response,67967022,100.00,,
    11.022031412,38660,,offcore_response.all_requests.llc_miss.any_response,67980289,100.00,,
