# started on Tue May  2 13:05:43 2023

     0.100183444,61411163,,inst_retired.any,53973654,100.00,145.6,IpMispredict
     0.100183444,421898,,br_misp_retired.all_branches,53973654,100.00,,
     0.200464039,61442672,,inst_retired.any,54709389,100.00,143.6,IpMispredict
     0.200464039,433889,,br_misp_retired.all_branches,54709389,100.00,,
     0.300675187,61284917,,inst_retired.any,52988973,100.00,145.2,IpMispredict
     0.300675187,409998,,br_misp_retired.all_branches,52988973,100.00,,
     0.400888533,60652840,,inst_retired.any,54565361,100.00,143.3,IpMispredict
     0.400888533,427094,,br_misp_retired.all_branches,54565361,100.00,,
     0.501085986,61451381,,inst_retired.any,52839698,100.00,145.5,IpMispredict
     0.501085986,419518,,br_misp_retired.all_branches,52839698,100.00,,
     0.601285649,61011213,,inst_retired.any,53957512,100.00,143.8,IpMispredict
     0.601285649,433976,,br_misp_retired.all_branches,53957512,100.00,,
     0.701482380,60976561,,inst_retired.any,52437756,100.00,143.8,IpMispredict
     0.701482380,421550,,br_misp_retired.all_branches,52437756,100.00,,
     0.801696485,61513770,,inst_retired.any,54335552,100.00,144.4,IpMispredict
     0.801696485,440481,,br_misp_retired.all_branches,54335552,100.00,,
     0.901902818,60990856,,inst_retired.any,52479398,100.00,143.2,IpMispredict
     0.901902818,425702,,br_misp_retired.all_branches,52479398,100.00,,
     1.002091228,60974587,,inst_retired.any,54646835,100.00,143.1,IpMispredict
     1.002091228,425994,,br_misp_retired.all_branches,54646835,100.00,,
     1.102284671,61282993,,inst_retired.any,53065483,100.00,144.0,IpMispredict
     1.102284671,420972,,br_misp_retired.all_branches,53065483,100.00,,
     1.202484502,61221204,,inst_retired.any,55058476,100.00,144.1,IpMispredict
     1.202484502,416263,,br_misp_retired.all_branches,55058476,100.00,,
     1.302677797,61268774,,inst_retired.any,53086483,100.00,144.5,IpMispredict
     1.302677797,414288,,br_misp_retired.all_branches,53086483,100.00,,
     1.402884527,60769677,,inst_retired.any,53231912,100.00,143.1,IpMispredict
     1.402884527,431707,,br_misp_retired.all_branches,53231912,100.00,,
     1.503078966,61399976,,inst_retired.any,55216866,100.00,144.5,IpMispredict
     1.503078966,430544,,br_misp_retired.all_branches,55216866,100.00,,
     1.603288447,61802897,,inst_retired.any,53632792,100.00,145.6,IpMispredict
     1.603288447,417604,,br_misp_retired.all_branches,53632792,100.00,,
     1.703482722,60745090,,inst_retired.any,52506035,100.00,143.2,IpMispredict
     1.703482722,422123,,br_misp_retired.all_branches,52506035,100.00,,
     1.803720840,61226354,,inst_retired.any,53186580,100.00,144.0,IpMispredict
     1.803720840,437317,,br_misp_retired.all_branches,53186580,100.00,,
     1.903915940,60803854,,inst_retired.any,52919641,100.00,143.4,IpMispredict
     1.903915940,406693,,br_misp_retired.all_branches,52919641,100.00,,
     2.004120091,61537276,,inst_retired.any,53960761,100.00,145.1,IpMispredict
     2.004120091,425959,,br_misp_retired.all_branches,53960761,100.00,,
     2.104320205,61357630,,inst_retired.any,54713037,100.00,144.6,IpMispredict
     2.104320205,427669,,br_misp_retired.all_branches,54713037,100.00,,
     2.204517803,60800573,,inst_retired.any,53489147,100.00,143.5,IpMispredict
     2.204517803,411113,,br_misp_retired.all_branches,53489147,100.00,,
     2.304718503,61701913,,inst_retired.any,54928635,100.00,145.8,IpMispredict
     2.304718503,412387,,br_misp_retired.all_branches,54928635,100.00,,
     2.404927364,61807747,,inst_retired.any,52957745,100.00,146.1,IpMispredict
     2.404927364,419016,,br_misp_retired.all_branches,52957745,100.00,,
     2.505121111,60982335,,inst_retired.any,54300411,100.00,144.1,IpMispredict
     2.505121111,429115,,br_misp_retired.all_branches,54300411,100.00,,
     2.605319508,60866977,,inst_retired.any,55390153,100.00,143.9,IpMispredict
     2.605319508,416497,,br_misp_retired.all_branches,55390153,100.00,,
     2.705529222,61487755,,inst_retired.any,56047331,100.00,145.2,IpMispredict
     2.705529222,435222,,br_misp_retired.all_branches,56047331,100.00,,
     2.805745383,60834291,,inst_retired.any,54477395,100.00,143.3,IpMispredict
     2.805745383,448711,,br_misp_retired.all_branches,54477395,100.00,,
     2.905936222,61520758,,inst_retired.any,54179397,100.00,144.9,IpMispredict
     2.905936222,426336,,br_misp_retired.all_branches,54179397,100.00,,
     3.006128184,60586907,,inst_retired.any,52527132,100.00,142.9,IpMispredict
     3.006128184,411388,,br_misp_retired.all_branches,52527132,100.00,,
     3.106324470,61889822,,inst_retired.any,53746623,100.00,146.0,IpMispredict
     3.106324470,421737,,br_misp_retired.all_branches,53746623,100.00,,
     3.206530859,60576661,,inst_retired.any,51687026,100.00,143.1,IpMispredict
     3.206530859,406906,,br_misp_retired.all_branches,51687026,100.00,,
     3.306724417,61424426,,inst_retired.any,54117705,100.00,145.0,IpMispredict
     3.306724417,432969,,br_misp_retired.all_branches,54117705,100.00,,
     3.406922169,61386786,,inst_retired.any,52826346,100.00,145.0,IpMispredict
     3.406922169,412408,,br_misp_retired.all_branches,52826346,100.00,,
     3.507113163,60804089,,inst_retired.any,53585076,100.00,143.7,IpMispredict
     3.507113163,414821,,br_misp_retired.all_branches,53585076,100.00,,
     3.607304543,61791261,,inst_retired.any,53028734,100.00,146.0,IpMispredict
     3.607304543,431033,,br_misp_retired.all_branches,53028734,100.00,,
     3.707494093,60745632,,inst_retired.any,53246899,100.00,143.5,IpMispredict
     3.707494093,421199,,br_misp_retired.all_branches,53246899,100.00,,
     3.807710715,61536100,,inst_retired.any,53748430,100.00,145.3,IpMispredict
     3.807710715,431450,,br_misp_retired.all_branches,53748430,100.00,,
     3.907904257,61068428,,inst_retired.any,52912449,100.00,144.0,IpMispredict
     3.907904257,441122,,br_misp_retired.all_branches,52912449,100.00,,
     4.008106553,61001791,,inst_retired.any,52987075,100.00,143.9,IpMispredict
     4.008106553,420174,,br_misp_retired.all_branches,52987075,100.00,,
     4.108317461,61039202,,inst_retired.any,53941413,100.00,144.0,IpMispredict
     4.108317461,422349,,br_misp_retired.all_branches,53941413,100.00,,
     4.208525447,61518526,,inst_retired.any,53883956,100.00,145.2,IpMispredict
     4.208525447,420646,,br_misp_retired.all_branches,53883956,100.00,,
     4.308726490,60156315,,inst_retired.any,52663854,100.00,141.9,IpMispredict
     4.308726490,431194,,br_misp_retired.all_branches,52663854,100.00,,
     4.408923469,61470397,,inst_retired.any,55531659,100.00,145.1,IpMispredict
     4.408923469,417178,,br_misp_retired.all_branches,55531659,100.00,,
     4.509124970,60615836,,inst_retired.any,53142504,100.00,143.1,IpMispredict
     4.509124970,418333,,br_misp_retired.all_branches,53142504,100.00,,
     4.609314940,61789592,,inst_retired.any,54285551,100.00,145.9,IpMispredict
     4.609314940,421450,,br_misp_retired.all_branches,54285551,100.00,,
     4.709504219,61171305,,inst_retired.any,53307211,100.00,144.3,IpMispredict
     4.709504219,438957,,br_misp_retired.all_branches,53307211,100.00,,
     4.809704092,61577150,,inst_retired.any,54473446,100.00,145.3,IpMispredict
     4.809704092,421709,,br_misp_retired.all_branches,54473446,100.00,,
     4.909905244,60112341,,inst_retired.any,53348889,100.00,141.7,IpMispredict
     4.909905244,436155,,br_misp_retired.all_branches,53348889,100.00,,
     5.010112518,61521026,,inst_retired.any,53447105,100.00,145.0,IpMispredict
     5.010112518,432977,,br_misp_retired.all_branches,53447105,100.00,,
     5.110307607,61176498,,inst_retired.any,54652936,100.00,144.2,IpMispredict
     5.110307607,423867,,br_misp_retired.all_branches,54652936,100.00,,
     5.210502771,61262442,,inst_retired.any,54301656,100.00,144.3,IpMispredict
     5.210502771,439567,,br_misp_retired.all_branches,54301656,100.00,,
     5.310697534,61034093,,inst_retired.any,53861796,100.00,143.6,IpMispredict
     5.310697534,441853,,br_misp_retired.all_branches,53861796,100.00,,
     5.410910142,61548147,,inst_retired.any,54187103,100.00,144.7,IpMispredict
     5.410910142,442862,,br_misp_retired.all_branches,54187103,100.00,,
     5.511139165,61103604,,inst_retired.any,53342771,100.00,143.7,IpMispredict
     5.511139165,424881,,br_misp_retired.all_branches,53342771,100.00,,
     5.611333390,60509459,,inst_retired.any,53695482,100.00,142.3,IpMispredict
     5.611333390,421800,,br_misp_retired.all_branches,53695482,100.00,,
     5.711525142,61736872,,inst_retired.any,54762731,100.00,145.0,IpMispredict
     5.711525142,456168,,br_misp_retired.all_branches,54762731,100.00,,
     5.811764752,61674580,,inst_retired.any,55290221,100.00,144.8,IpMispredict
     5.811764752,429196,,br_misp_retired.all_branches,55290221,100.00,,
     5.911957746,61221988,,inst_retired.any,52277937,100.00,143.9,IpMispredict
     5.911957746,408756,,br_misp_retired.all_branches,52277937,100.00,,
     6.012159546,61004372,,inst_retired.any,54157721,100.00,143.2,IpMispredict
     6.012159546,452808,,br_misp_retired.all_branches,54157721,100.00,,
     6.112358057,61051753,,inst_retired.any,55207779,100.00,143.2,IpMispredict
     6.112358057,444941,,br_misp_retired.all_branches,55207779,100.00,,
     6.212563233,61061620,,inst_retired.any,52468170,100.00,143.3,IpMispredict
     6.212563233,414854,,br_misp_retired.all_branches,52468170,100.00,,
     6.312758280,61181913,,inst_retired.any,53343668,100.00,143.6,IpMispredict
     6.312758280,425146,,br_misp_retired.all_branches,53343668,100.00,,
     6.412953677,60678113,,inst_retired.any,52506599,100.00,142.5,IpMispredict
     6.412953677,412697,,br_misp_retired.all_branches,52506599,100.00,,
     6.513160991,61537417,,inst_retired.any,53491644,100.00,144.5,IpMispredict
     6.513160991,420954,,br_misp_retired.all_branches,53491644,100.00,,
     6.613357880,61404383,,inst_retired.any,54176255,100.00,144.2,IpMispredict
     6.613357880,424357,,br_misp_retired.all_branches,54176255,100.00,,
     6.713555380,60828175,,inst_retired.any,54697178,100.00,142.9,IpMispredict
     6.713555380,427975,,br_misp_retired.all_branches,54697178,100.00,,
     6.813751487,61486895,,inst_retired.any,54587161,100.00,144.4,IpMispredict
     6.813751487,435802,,br_misp_retired.all_branches,54587161,100.00,,
     6.913944743,60834464,,inst_retired.any,53174939,100.00,142.7,IpMispredict
     6.913944743,441694,,br_misp_retired.all_branches,53174939,100.00,,
     7.014163984,61472321,,inst_retired.any,52266719,100.00,144.3,IpMispredict
     7.014163984,423152,,br_misp_retired.all_branches,52266719,100.00,,
     7.114368173,60600050,,inst_retired.any,51020735,100.00,142.3,IpMispredict
     7.114368173,400060,,br_misp_retired.all_branches,51020735,100.00,,
     7.214555857,62261525,,inst_retired.any,55819850,100.00,146.2,IpMispredict
     7.214555857,437521,,br_misp_retired.all_branches,55819850,100.00,,
     7.314746477,60902191,,inst_retired.any,53029237,100.00,143.1,IpMispredict
     7.314746477,412096,,br_misp_retired.all_branches,53029237,100.00,,
     7.414942760,61648330,,inst_retired.any,52808129,100.00,144.8,IpMispredict
     7.414942760,422479,,br_misp_retired.all_branches,52808129,100.00,,
     7.515139592,60751551,,inst_retired.any,52258013,100.00,142.8,IpMispredict
     7.515139592,411903,,br_misp_retired.all_branches,52258013,100.00,,
     7.615333835,60796372,,inst_retired.any,51840566,100.00,142.8,IpMispredict
     7.615333835,432882,,br_misp_retired.all_branches,51840566,100.00,,
     7.715527401,60769953,,inst_retired.any,53691171,100.00,142.6,IpMispredict
     7.715527401,459780,,br_misp_retired.all_branches,53691171,100.00,,
     7.815741792,62578784,,inst_retired.any,54051688,100.00,146.8,IpMispredict
     7.815741792,438583,,br_misp_retired.all_branches,54051688,100.00,,
     7.915933679,60963694,,inst_retired.any,52923651,100.00,143.0,IpMispredict
     7.915933679,427143,,br_misp_retired.all_branches,52923651,100.00,,
     8.016126272,61428470,,inst_retired.any,53466885,100.00,144.2,IpMispredict
     8.016126272,417639,,br_misp_retired.all_branches,53466885,100.00,,
     8.116334384,60999885,,inst_retired.any,53745789,100.00,143.1,IpMispredict
     8.116334384,450237,,br_misp_retired.all_branches,53745789,100.00,,
     8.216530786,60748448,,inst_retired.any,53693965,100.00,142.4,IpMispredict
     8.216530786,442026,,br_misp_retired.all_branches,53693965,100.00,,
     8.316751721,61870219,,inst_retired.any,54599788,100.00,145.0,IpMispredict
     8.316751721,437188,,br_misp_retired.all_branches,54599788,100.00,,
     8.416943703,61085787,,inst_retired.any,52970079,100.00,143.2,IpMispredict
     8.416943703,417695,,br_misp_retired.all_branches,52970079,100.00,,
     8.517141885,60948993,,inst_retired.any,52783378,100.00,142.9,IpMispredict
     8.517141885,414071,,br_misp_retired.all_branches,52783378,100.00,,
     8.617337746,61569542,,inst_retired.any,55362164,100.00,144.4,IpMispredict
     8.617337746,431013,,br_misp_retired.all_branches,55362164,100.00,,
     8.717531791,60636035,,inst_retired.any,53243372,100.00,142.1,IpMispredict
     8.717531791,452164,,br_misp_retired.all_branches,53243372,100.00,,
     8.817725460,61359264,,inst_retired.any,54003985,100.00,143.8,IpMispredict
     8.817725460,419088,,br_misp_retired.all_branches,54003985,100.00,,
     8.917921355,61772727,,inst_retired.any,54622789,100.00,144.8,IpMispredict
     8.917921355,413094,,br_misp_retired.all_branches,54622789,100.00,,
     9.018117144,60745587,,inst_retired.any,53032126,100.00,142.5,IpMispredict
     9.018117144,410947,,br_misp_retired.all_branches,53032126,100.00,,
     9.118312297,61959193,,inst_retired.any,54451407,100.00,145.2,IpMispredict
     9.118312297,451376,,br_misp_retired.all_branches,54451407,100.00,,
     9.218505258,60734624,,inst_retired.any,53701313,100.00,142.4,IpMispredict
     9.218505258,418179,,br_misp_retired.all_branches,53701313,100.00,,
     9.318701437,61218908,,inst_retired.any,53745120,100.00,143.5,IpMispredict
     9.318701437,425494,,br_misp_retired.all_branches,53745120,100.00,,
     9.418898699,61430671,,inst_retired.any,53153122,100.00,144.0,IpMispredict
     9.418898699,417937,,br_misp_retired.all_branches,53153122,100.00,,
     9.519094229,60732781,,inst_retired.any,54128595,100.00,142.4,IpMispredict
     9.519094229,420539,,br_misp_retired.all_branches,54128595,100.00,,
     9.619304802,61157781,,inst_retired.any,53576831,100.00,143.4,IpMispredict
     9.619304802,440062,,br_misp_retired.all_branches,53576831,100.00,,
     9.719505614,61728112,,inst_retired.any,53697185,100.00,144.7,IpMispredict
     9.719505614,419933,,br_misp_retired.all_branches,53697185,100.00,,
     9.819723016,60904172,,inst_retired.any,53293260,100.00,142.8,IpMispredict
     9.819723016,420157,,br_misp_retired.all_branches,53293260,100.00,,
     9.919912825,61400356,,inst_retired.any,55167002,100.00,144.0,IpMispredict
     9.919912825,424582,,br_misp_retired.all_branches,55167002,100.00,,
    10.020113819,60990560,,inst_retired.any,54731152,100.00,143.0,IpMispredict
    10.020113819,433036,,br_misp_retired.all_branches,54731152,100.00,,
    10.120310323,60653686,,inst_retired.any,52113118,100.00,142.3,IpMispredict
    10.120310323,407413,,br_misp_retired.all_branches,52113118,100.00,,
    10.220523551,61140906,,inst_retired.any,53522532,100.00,143.4,IpMispredict
    10.220523551,441158,,br_misp_retired.all_branches,53522532,100.00,,
    10.320731688,61594412,,inst_retired.any,54614966,100.00,144.4,IpMispredict
    10.320731688,440103,,br_misp_retired.all_branches,54614966,100.00,,
    10.420942462,60520652,,inst_retired.any,52072473,100.00,141.9,IpMispredict
    10.420942462,406902,,br_misp_retired.all_branches,52072473,100.00,,
    10.521142397,60952457,,inst_retired.any,53300752,100.00,143.0,IpMispredict
    10.521142397,427169,,br_misp_retired.all_branches,53300752,100.00,,
    10.621343723,61030805,,inst_retired.any,52379142,100.00,143.2,IpMispredict
    10.621343723,406366,,br_misp_retired.all_branches,52379142,100.00,,
    10.721553837,61378037,,inst_retired.any,54072075,100.00,144.1,IpMispredict
    10.721553837,412727,,br_misp_retired.all_branches,54072075,100.00,,
    10.821758736,60685320,,inst_retired.any,52736441,100.00,142.5,IpMispredict
    10.821758736,409709,,br_misp_retired.all_branches,52736441,100.00,,
    10.921952077,60499706,,inst_retired.any,52789103,100.00,142.1,IpMispredict
    10.921952077,419996,,br_misp_retired.all_branches,52789103,100.00,,
    11.022165374,61254351,,inst_retired.any,53284009,100.00,143.9,IpMispredict
    11.022165374,412011,,br_misp_retired.all_branches,53284009,100.00,,
