# started on Tue May  2 13:05:56 2023

     0.100155920,91447348,,inst_retired.any,75172679,100.00,150.5,IpMispredict
     0.100155920,607475,,br_misp_retired.all_branches,75172679,100.00,,
     0.200413961,91061162,,inst_retired.any,75606679,100.00,149.2,IpMispredict
     0.200413961,612850,,br_misp_retired.all_branches,75606679,100.00,,
     0.300618688,91917569,,inst_retired.any,76531738,100.00,151.0,IpMispredict
     0.300618688,605868,,br_misp_retired.all_branches,76531738,100.00,,
     0.400812512,90228260,,inst_retired.any,73914944,100.00,148.7,IpMispredict
     0.400812512,600155,,br_misp_retired.all_branches,73914944,100.00,,
     0.501007945,91011706,,inst_retired.any,74351409,100.00,150.2,IpMispredict
     0.501007945,603263,,br_misp_retired.all_branches,74351409,100.00,,
     0.601203848,92455040,,inst_retired.any,76943005,100.00,152.4,IpMispredict
     0.601203848,609852,,br_misp_retired.all_branches,76943005,100.00,,
     0.701399555,91242111,,inst_retired.any,74407204,100.00,150.6,IpMispredict
     0.701399555,602542,,br_misp_retired.all_branches,74407204,100.00,,
     0.801594209,90900843,,inst_retired.any,75183939,100.00,150.1,IpMispredict
     0.801594209,603761,,br_misp_retired.all_branches,75183939,100.00,,
     0.901790514,91943839,,inst_retired.any,76446464,100.00,151.8,IpMispredict
     0.901790514,606999,,br_misp_retired.all_branches,76446464,100.00,,
     1.001984941,91272427,,inst_retired.any,76342349,100.00,150.9,IpMispredict
     1.001984941,595014,,br_misp_retired.all_branches,76342349,100.00,,
     1.102183371,90259526,,inst_retired.any,73990039,100.00,149.4,IpMispredict
     1.102183371,599349,,br_misp_retired.all_branches,73990039,100.00,,
     1.202378630,91561302,,inst_retired.any,75297457,100.00,151.6,IpMispredict
     1.202378630,598857,,br_misp_retired.all_branches,75297457,100.00,,
     1.302573595,92054497,,inst_retired.any,77492760,100.00,152.4,IpMispredict
     1.302573595,605961,,br_misp_retired.all_branches,77492760,100.00,,
     1.402767619,90892205,,inst_retired.any,73699319,100.00,150.6,IpMispredict
     1.402767619,599001,,br_misp_retired.all_branches,73699319,100.00,,
     1.502963832,91708652,,inst_retired.any,75972869,100.00,151.7,IpMispredict
     1.502963832,614626,,br_misp_retired.all_branches,75972869,100.00,,
     1.603158664,90794559,,inst_retired.any,74970320,100.00,150.4,IpMispredict
     1.603158664,596380,,br_misp_retired.all_branches,74970320,100.00,,
     1.703358742,91398831,,inst_retired.any,75416229,100.00,151.4,IpMispredict
     1.703358742,598973,,br_misp_retired.all_branches,75416229,100.00,,
     1.803559899,90920005,,inst_retired.any,74867439,100.00,150.7,IpMispredict
     1.803559899,600674,,br_misp_retired.all_branches,74867439,100.00,,
     1.903795345,91460404,,inst_retired.any,76063964,100.00,151.4,IpMispredict
     1.903795345,617821,,br_misp_retired.all_branches,76063964,100.00,,
     2.003992069,90985562,,inst_retired.any,74427093,100.00,150.6,IpMispredict
     2.003992069,600959,,br_misp_retired.all_branches,74427093,100.00,,
     2.104193448,90952107,,inst_retired.any,73897246,100.00,150.7,IpMispredict
     2.104193448,595466,,br_misp_retired.all_branches,73897246,100.00,,
     2.204390248,91750404,,inst_retired.any,75452476,100.00,151.9,IpMispredict
     2.204390248,608334,,br_misp_retired.all_branches,75452476,100.00,,
     2.304585517,90727178,,inst_retired.any,75983360,100.00,150.3,IpMispredict
     2.304585517,597572,,br_misp_retired.all_branches,75983360,100.00,,
     2.404789503,91616731,,inst_retired.any,74786993,100.00,151.8,IpMispredict
     2.404789503,600607,,br_misp_retired.all_branches,74786993,100.00,,
     2.504999228,91734753,,inst_retired.any,74986063,100.00,152.0,IpMispredict
     2.504999228,607881,,br_misp_retired.all_branches,74986063,100.00,,
     2.605200557,90632030,,inst_retired.any,75045904,100.00,150.2,IpMispredict
     2.605200557,599909,,br_misp_retired.all_branches,75045904,100.00,,
     2.705397910,91082877,,inst_retired.any,73478058,100.00,150.9,IpMispredict
     2.705397910,603321,,br_misp_retired.all_branches,73478058,100.00,,
     2.805614174,91025056,,inst_retired.any,75159395,100.00,150.9,IpMispredict
     2.805614174,600560,,br_misp_retired.all_branches,75159395,100.00,,
     2.905808175,91346359,,inst_retired.any,74713805,100.00,151.4,IpMispredict
     2.905808175,607863,,br_misp_retired.all_branches,74713805,100.00,,
     3.006005241,92263646,,inst_retired.any,77025507,100.00,152.8,IpMispredict
     3.006005241,611003,,br_misp_retired.all_branches,77025507,100.00,,
     3.106207311,90704371,,inst_retired.any,74843310,100.00,150.2,IpMispredict
     3.106207311,608905,,br_misp_retired.all_branches,74843310,100.00,,
     3.206414323,91540631,,inst_retired.any,74944364,100.00,151.5,IpMispredict
     3.206414323,609495,,br_misp_retired.all_branches,74944364,100.00,,
     3.306615997,91541081,,inst_retired.any,77087234,100.00,151.5,IpMispredict
     3.306615997,602494,,br_misp_retired.all_branches,77087234,100.00,,
     3.406809314,90858049,,inst_retired.any,75740842,100.00,150.5,IpMispredict
     3.406809314,597998,,br_misp_retired.all_branches,75740842,100.00,,
     3.507003239,91572792,,inst_retired.any,75998440,100.00,151.6,IpMispredict
     3.507003239,615784,,br_misp_retired.all_branches,75998440,100.00,,
     3.607198201,90701747,,inst_retired.any,75161831,100.00,150.1,IpMispredict
     3.607198201,609121,,br_misp_retired.all_branches,75161831,100.00,,
     3.707413089,91177407,,inst_retired.any,73414010,100.00,150.9,IpMispredict
     3.707413089,598765,,br_misp_retired.all_branches,73414010,100.00,,
     3.807656045,91027283,,inst_retired.any,75746753,100.00,150.6,IpMispredict
     3.807656045,605881,,br_misp_retired.all_branches,75746753,100.00,,
     3.907857116,91164982,,inst_retired.any,75313902,100.00,150.8,IpMispredict
     3.907857116,609513,,br_misp_retired.all_branches,75313902,100.00,,
     4.008068907,92069113,,inst_retired.any,75105405,100.00,152.3,IpMispredict
     4.008068907,606256,,br_misp_retired.all_branches,75105405,100.00,,
     4.108264246,90794537,,inst_retired.any,75056620,100.00,150.3,IpMispredict
     4.108264246,596104,,br_misp_retired.all_branches,75056620,100.00,,
     4.208470170,91891474,,inst_retired.any,76758962,100.00,152.1,IpMispredict
     4.208470170,607744,,br_misp_retired.all_branches,76758962,100.00,,
     4.308670611,91584948,,inst_retired.any,76961859,100.00,151.5,IpMispredict
     4.308670611,619246,,br_misp_retired.all_branches,76961859,100.00,,
     4.408875334,91345776,,inst_retired.any,74370989,100.00,151.0,IpMispredict
     4.408875334,609629,,br_misp_retired.all_branches,74370989,100.00,,
     4.509085155,91526843,,inst_retired.any,74133888,100.00,151.4,IpMispredict
     4.509085155,596646,,br_misp_retired.all_branches,74133888,100.00,,
     4.609280872,90563698,,inst_retired.any,76036012,100.00,149.9,IpMispredict
     4.609280872,590995,,br_misp_retired.all_branches,76036012,100.00,,
     4.709481322,91738509,,inst_retired.any,77213820,100.00,151.8,IpMispredict
     4.709481322,606392,,br_misp_retired.all_branches,77213820,100.00,,
     4.809679315,91300269,,inst_retired.any,75064932,100.00,151.1,IpMispredict
     4.809679315,607894,,br_misp_retired.all_branches,75064932,100.00,,
     4.909877508,90796996,,inst_retired.any,76424635,100.00,150.2,IpMispredict
     4.909877508,604933,,br_misp_retired.all_branches,76424635,100.00,,
     5.010088693,91611283,,inst_retired.any,76594206,100.00,151.6,IpMispredict
     5.010088693,606730,,br_misp_retired.all_branches,76594206,100.00,,
     5.110300511,91721577,,inst_retired.any,74954795,100.00,151.7,IpMispredict
     5.110300511,610563,,br_misp_retired.all_branches,74954795,100.00,,
     5.210502748,90638422,,inst_retired.any,75990245,100.00,150.0,IpMispredict
     5.210502748,591347,,br_misp_retired.all_branches,75990245,100.00,,
     5.310707571,91038115,,inst_retired.any,75599970,100.00,150.6,IpMispredict
     5.310707571,604683,,br_misp_retired.all_branches,75599970,100.00,,
     5.410901299,92071621,,inst_retired.any,77180621,100.00,152.3,IpMispredict
     5.410901299,607145,,br_misp_retired.all_branches,77180621,100.00,,
     5.511114278,91427769,,inst_retired.any,75439259,100.00,151.2,IpMispredict
     5.511114278,610697,,br_misp_retired.all_branches,75439259,100.00,,
     5.611311634,91309425,,inst_retired.any,75787450,100.00,151.1,IpMispredict
     5.611311634,600509,,br_misp_retired.all_branches,75787450,100.00,,
     5.711517651,90200678,,inst_retired.any,74249190,100.00,149.3,IpMispredict
     5.711517651,594621,,br_misp_retired.all_branches,74249190,100.00,,
     5.811687123,91481949,,inst_retired.any,73959521,100.00,151.4,IpMispredict
     5.811687123,607889,,br_misp_retired.all_branches,73959521,100.00,,
     5.911888332,91414348,,inst_retired.any,74103150,100.00,151.3,IpMispredict
     5.911888332,595626,,br_misp_retired.all_branches,74103150,100.00,,
     6.012112741,91279718,,inst_retired.any,76209111,100.00,151.1,IpMispredict
     6.012112741,605290,,br_misp_retired.all_branches,76209111,100.00,,
     6.112315897,91272387,,inst_retired.any,74507336,100.00,151.1,IpMispredict
     6.112315897,602927,,br_misp_retired.all_branches,74507336,100.00,,
     6.212514694,91412555,,inst_retired.any,76146040,100.00,151.3,IpMispredict
     6.212514694,602315,,br_misp_retired.all_branches,76146040,100.00,,
     6.312714138,91522540,,inst_retired.any,74915171,100.00,151.5,IpMispredict
     6.312714138,602932,,br_misp_retired.all_branches,74915171,100.00,,
     6.412916170,91567686,,inst_retired.any,76180825,100.00,151.6,IpMispredict
     6.412916170,594858,,br_misp_retired.all_branches,76180825,100.00,,
     6.513112194,91184188,,inst_retired.any,73410644,100.00,151.0,IpMispredict
     6.513112194,606082,,br_misp_retired.all_branches,73410644,100.00,,
     6.613312008,91103944,,inst_retired.any,74927244,100.00,150.8,IpMispredict
     6.613312008,602644,,br_misp_retired.all_branches,74927244,100.00,,
     6.713506622,91420497,,inst_retired.any,74831980,100.00,151.4,IpMispredict
     6.713506622,599589,,br_misp_retired.all_branches,74831980,100.00,,
     6.813702891,90402563,,inst_retired.any,73934530,100.00,149.7,IpMispredict
     6.813702891,603762,,br_misp_retired.all_branches,73934530,100.00,,
     6.913901879,92375829,,inst_retired.any,77494763,100.00,152.9,IpMispredict
     6.913901879,612657,,br_misp_retired.all_branches,77494763,100.00,,
     7.014108237,90939412,,inst_retired.any,73544050,100.00,150.6,IpMispredict
     7.014108237,602280,,br_misp_retired.all_branches,73544050,100.00,,
     7.114304365,91022180,,inst_retired.any,75174912,100.00,150.7,IpMispredict
     7.114304365,598910,,br_misp_retired.all_branches,75174912,100.00,,
     7.214501817,91619933,,inst_retired.any,75408152,100.00,151.7,IpMispredict
     7.214501817,607430,,br_misp_retired.all_branches,75408152,100.00,,
     7.314696986,91258155,,inst_retired.any,75464975,100.00,151.1,IpMispredict
     7.314696986,611051,,br_misp_retired.all_branches,75464975,100.00,,
     7.414894585,91593574,,inst_retired.any,74885619,100.00,151.6,IpMispredict
     7.414894585,605613,,br_misp_retired.all_branches,74885619,100.00,,
     7.515105683,90776509,,inst_retired.any,75409550,100.00,150.3,IpMispredict
     7.515105683,607450,,br_misp_retired.all_branches,75409550,100.00,,
     7.615308147,91529720,,inst_retired.any,73956813,100.00,151.5,IpMispredict
     7.615308147,605936,,br_misp_retired.all_branches,73956813,100.00,,
     7.715514115,92016737,,inst_retired.any,77080405,100.00,152.3,IpMispredict
     7.715514115,599001,,br_misp_retired.all_branches,77080405,100.00,,
     7.815711213,91532732,,inst_retired.any,75727079,100.00,151.5,IpMispredict
     7.815711213,613597,,br_misp_retired.all_branches,75727079,100.00,,
     7.915919020,91278353,,inst_retired.any,76914978,100.00,151.0,IpMispredict
     7.915919020,611143,,br_misp_retired.all_branches,76914978,100.00,,
     8.016112686,91082356,,inst_retired.any,75486176,100.00,150.8,IpMispredict
     8.016112686,589387,,br_misp_retired.all_branches,75486176,100.00,,
     8.116308334,91865952,,inst_retired.any,75868414,100.00,152.0,IpMispredict
     8.116308334,616277,,br_misp_retired.all_branches,75868414,100.00,,
     8.216506803,90735901,,inst_retired.any,76375019,100.00,150.2,IpMispredict
     8.216506803,593455,,br_misp_retired.all_branches,76375019,100.00,,
     8.316749547,91719083,,inst_retired.any,76996439,100.00,151.8,IpMispredict
     8.316749547,608764,,br_misp_retired.all_branches,76996439,100.00,,
     8.416950282,91704856,,inst_retired.any,76984910,100.00,151.8,IpMispredict
     8.416950282,594679,,br_misp_retired.all_branches,76984910,100.00,,
     8.517157638,91031418,,inst_retired.any,75277719,100.00,150.7,IpMispredict
     8.517157638,601923,,br_misp_retired.all_branches,75277719,100.00,,
     8.617353401,92034367,,inst_retired.any,77077092,100.00,152.4,IpMispredict
     8.617353401,602714,,br_misp_retired.all_branches,77077092,100.00,,
     8.717558198,90884326,,inst_retired.any,75576641,100.00,150.5,IpMispredict
     8.717558198,602775,,br_misp_retired.all_branches,75576641,100.00,,
     8.817759681,90923987,,inst_retired.any,75269969,100.00,150.5,IpMispredict
     8.817759681,603095,,br_misp_retired.all_branches,75269969,100.00,,
     8.917960543,91635897,,inst_retired.any,75588346,100.00,151.7,IpMispredict
     8.917960543,599341,,br_misp_retired.all_branches,75588346,100.00,,
     9.018163038,91570749,,inst_retired.any,76214840,100.00,151.6,IpMispredict
     9.018163038,612709,,br_misp_retired.all_branches,76214840,100.00,,
     9.118363468,91693613,,inst_retired.any,77186264,100.00,151.8,IpMispredict
     9.118363468,604341,,br_misp_retired.all_branches,77186264,100.00,,
     9.218559072,91449439,,inst_retired.any,74577535,100.00,151.4,IpMispredict
     9.218559072,599526,,br_misp_retired.all_branches,74577535,100.00,,
     9.318752338,91643905,,inst_retired.any,75442629,100.00,151.7,IpMispredict
     9.318752338,599918,,br_misp_retired.all_branches,75442629,100.00,,
     9.418945026,91141202,,inst_retired.any,74297527,100.00,150.9,IpMispredict
     9.418945026,610188,,br_misp_retired.all_branches,74297527,100.00,,
     9.519147459,90974339,,inst_retired.any,74036891,100.00,150.6,IpMispredict
     9.519147459,602517,,br_misp_retired.all_branches,74036891,100.00,,
     9.619355674,91528274,,inst_retired.any,75286984,100.00,151.5,IpMispredict
     9.619355674,606122,,br_misp_retired.all_branches,75286984,100.00,,
     9.719560033,90647492,,inst_retired.any,73608870,100.00,150.1,IpMispredict
     9.719560033,599700,,br_misp_retired.all_branches,73608870,100.00,,
     9.819798559,90939915,,inst_retired.any,75123889,100.00,150.6,IpMispredict
     9.819798559,603796,,br_misp_retired.all_branches,75123889,100.00,,
     9.920002004,91248180,,inst_retired.any,73385231,100.00,151.1,IpMispredict
     9.920002004,598694,,br_misp_retired.all_branches,73385231,100.00,,
    10.020202918,91533777,,inst_retired.any,72652270,100.00,151.6,IpMispredict
    10.020202918,593718,,br_misp_retired.all_branches,72652270,100.00,,
    10.120397772,90899820,,inst_retired.any,72515559,100.00,150.6,IpMispredict
    10.120397772,593698,,br_misp_retired.all_branches,72515559,100.00,,
    10.220591997,90826755,,inst_retired.any,72795621,100.00,150.5,IpMispredict
    10.220591997,591655,,br_misp_retired.all_branches,72795621,100.00,,
    10.320782138,89923184,,inst_retired.any,73191901,100.00,149.0,IpMispredict
    10.320782138,593644,,br_misp_retired.all_branches,73191901,100.00,,
    10.420980612,91502348,,inst_retired.any,72494352,100.00,151.6,IpMispredict
    10.420980612,602889,,br_misp_retired.all_branches,72494352,100.00,,
    10.521176802,90828707,,inst_retired.any,72635704,100.00,150.5,IpMispredict
    10.521176802,613253,,br_misp_retired.all_branches,72635704,100.00,,
    10.621373407,91264115,,inst_retired.any,73392820,100.00,151.2,IpMispredict
    10.621373407,606193,,br_misp_retired.all_branches,73392820,100.00,,
    10.721578560,90639729,,inst_retired.any,72654433,100.00,150.2,IpMispredict
    10.721578560,597873,,br_misp_retired.all_branches,72654433,100.00,,
    10.821778509,90619142,,inst_retired.any,73654294,100.00,150.2,IpMispredict
    10.821778509,595079,,br_misp_retired.all_branches,73654294,100.00,,
    10.921987034,91361647,,inst_retired.any,75078109,100.00,151.4,IpMispredict
    10.921987034,608631,,br_misp_retired.all_branches,75078109,100.00,,
    11.022198655,90291874,,inst_retired.any,70680771,100.00,149.6,IpMispredict
    11.022198655,591356,,br_misp_retired.all_branches,70680771,100.00,,
