# started on Tue May  2 13:07:56 2023

     0.100199119,7533631,,offcore_response.all_requests.llc_hit.any_response,68489380,100.00,,
     0.100199119,375,,offcore_response.all_requests.llc_miss.any_response,68476749,100.00,,
     0.200435912,7800477,,offcore_response.all_requests.llc_hit.any_response,70491478,100.00,,
     0.200435912,358,,offcore_response.all_requests.llc_miss.any_response,70468294,100.00,,
     0.300631811,7445500,,offcore_response.all_requests.llc_hit.any_response,68559957,100.00,,
     0.300631811,528,,offcore_response.all_requests.llc_miss.any_response,68583041,100.00,,
     0.400833557,7406000,,offcore_response.all_requests.llc_hit.any_response,68294381,100.00,,
     0.400833557,375,,offcore_response.all_requests.llc_miss.any_response,68294403,100.00,,
     0.501032502,7355203,,offcore_response.all_requests.llc_hit.any_response,67643422,100.00,,
     0.501032502,1716,,offcore_response.all_requests.llc_miss.any_response,67643737,100.00,,
     0.601232045,7413149,,offcore_response.all_requests.llc_hit.any_response,67987515,100.00,,
     0.601232045,725,,offcore_response.all_requests.llc_miss.any_response,67987623,100.00,,
     0.701436731,7661620,,offcore_response.all_requests.llc_hit.any_response,69017951,100.00,,
     0.701436731,626,,offcore_response.all_requests.llc_miss.any_response,68994422,100.00,,
     0.801633268,7407284,,offcore_response.all_requests.llc_hit.any_response,67988320,100.00,,
     0.801633268,482,,offcore_response.all_requests.llc_miss.any_response,68005266,100.00,,
     0.901833600,7372256,,offcore_response.all_requests.llc_hit.any_response,67566726,100.00,,
     0.901833600,269,,offcore_response.all_requests.llc_miss.any_response,67565150,100.00,,
     1.002031542,7381090,,offcore_response.all_requests.llc_hit.any_response,67479570,100.00,,
     1.002031542,239,,offcore_response.all_requests.llc_miss.any_response,67487153,100.00,,
     1.102233283,7353746,,offcore_response.all_requests.llc_hit.any_response,67609867,100.00,,
     1.102233283,217,,offcore_response.all_requests.llc_miss.any_response,67609782,100.00,,
     1.202435725,7359999,,offcore_response.all_requests.llc_hit.any_response,67155182,100.00,,
     1.202435725,265,,offcore_response.all_requests.llc_miss.any_response,67132314,100.00,,
     1.302634498,7369788,,offcore_response.all_requests.llc_hit.any_response,68441941,100.00,,
     1.302634498,199,,offcore_response.all_requests.llc_miss.any_response,68441941,100.00,,
     1.402832834,7276687,,offcore_response.all_requests.llc_hit.any_response,67746298,100.00,,
     1.402832834,244,,offcore_response.all_requests.llc_miss.any_response,67746298,100.00,,
     1.503029851,7279713,,offcore_response.all_requests.llc_hit.any_response,66704130,100.00,,
     1.503029851,206,,offcore_response.all_requests.llc_miss.any_response,66727489,100.00,,
     1.603231110,7332928,,offcore_response.all_requests.llc_hit.any_response,67780363,100.00,,
     1.603231110,268,,offcore_response.all_requests.llc_miss.any_response,67780132,100.00,,
     1.703431655,7354999,,offcore_response.all_requests.llc_hit.any_response,67511529,100.00,,
     1.703431655,226,,offcore_response.all_requests.llc_miss.any_response,67541338,100.00,,
     1.803642099,7379216,,offcore_response.all_requests.llc_hit.any_response,67496470,100.00,,
     1.803642099,244,,offcore_response.all_requests.llc_miss.any_response,67466580,100.00,,
     1.903841932,7400556,,offcore_response.all_requests.llc_hit.any_response,68038870,100.00,,
     1.903841932,241,,offcore_response.all_requests.llc_miss.any_response,68035753,100.00,,
     2.004041798,7363144,,offcore_response.all_requests.llc_hit.any_response,67157446,100.00,,
     2.004041798,185,,offcore_response.all_requests.llc_miss.any_response,67160510,100.00,,
     2.104244175,7401425,,offcore_response.all_requests.llc_hit.any_response,67773452,100.00,,
     2.104244175,220,,offcore_response.all_requests.llc_miss.any_response,67773575,100.00,,
     2.204445960,7431614,,offcore_response.all_requests.llc_hit.any_response,67620225,100.00,,
     2.204445960,232,,offcore_response.all_requests.llc_miss.any_response,67609084,100.00,,
     2.304664057,7412058,,offcore_response.all_requests.llc_hit.any_response,67907262,100.00,,
     2.304664057,268,,offcore_response.all_requests.llc_miss.any_response,67895286,100.00,,
     2.404862292,7446777,,offcore_response.all_requests.llc_hit.any_response,68115782,100.00,,
     2.404862292,189,,offcore_response.all_requests.llc_miss.any_response,68115782,100.00,,
     2.505060052,7629490,,offcore_response.all_requests.llc_hit.any_response,68996454,100.00,,
     2.505060052,285,,offcore_response.all_requests.llc_miss.any_response,69019734,100.00,,
     2.605261303,7702550,,offcore_response.all_requests.llc_hit.any_response,70064743,100.00,,
     2.605261303,214,,offcore_response.all_requests.llc_miss.any_response,70064289,100.00,,
     2.705460545,7474352,,offcore_response.all_requests.llc_hit.any_response,68438014,100.00,,
     2.705460545,270,,offcore_response.all_requests.llc_miss.any_response,68430605,100.00,,
     2.805659719,7428741,,offcore_response.all_requests.llc_hit.any_response,67965505,100.00,,
     2.805659719,297,,offcore_response.all_requests.llc_miss.any_response,67950088,100.00,,
     2.905854438,7542241,,offcore_response.all_requests.llc_hit.any_response,68677152,100.00,,
     2.905854438,429,,offcore_response.all_requests.llc_miss.any_response,68688091,100.00,,
     3.006054310,7429387,,offcore_response.all_requests.llc_hit.any_response,67915650,100.00,,
     3.006054310,225,,offcore_response.all_requests.llc_miss.any_response,67927748,100.00,,
     3.106254246,7370932,,offcore_response.all_requests.llc_hit.any_response,67240471,100.00,,
     3.106254246,126,,offcore_response.all_requests.llc_miss.any_response,67217434,100.00,,
     3.206451142,7385264,,offcore_response.all_requests.llc_hit.any_response,67372184,100.00,,
     3.206451142,268,,offcore_response.all_requests.llc_miss.any_response,67372184,100.00,,
     3.306646878,7419795,,offcore_response.all_requests.llc_hit.any_response,68401360,100.00,,
     3.306646878,305,,offcore_response.all_requests.llc_miss.any_response,68424659,100.00,,
     3.406846935,7810171,,offcore_response.all_requests.llc_hit.any_response,70388851,100.00,,
     3.406846935,228,,offcore_response.all_requests.llc_miss.any_response,70388640,100.00,,
     3.507048054,7352200,,offcore_response.all_requests.llc_hit.any_response,67172222,100.00,,
     3.507048054,217,,offcore_response.all_requests.llc_miss.any_response,67169412,100.00,,
     3.607264299,7367156,,offcore_response.all_requests.llc_hit.any_response,67269812,100.00,,
     3.607264299,209,,offcore_response.all_requests.llc_miss.any_response,67272586,100.00,,
     3.707471746,7415592,,offcore_response.all_requests.llc_hit.any_response,67853344,100.00,,
     3.707471746,297,,offcore_response.all_requests.llc_miss.any_response,67853365,100.00,,
     3.807681876,7391238,,offcore_response.all_requests.llc_hit.any_response,67628418,100.00,,
     3.807681876,199,,offcore_response.all_requests.llc_miss.any_response,67628330,100.00,,
     3.907881929,7357586,,offcore_response.all_requests.llc_hit.any_response,67341618,100.00,,
     3.907881929,163,,offcore_response.all_requests.llc_miss.any_response,67336491,100.00,,
     4.008080398,7476893,,offcore_response.all_requests.llc_hit.any_response,68018503,100.00,,
     4.008080398,226,,offcore_response.all_requests.llc_miss.any_response,68020620,100.00,,
     4.108278742,7517886,,offcore_response.all_requests.llc_hit.any_response,68415071,100.00,,
     4.108278742,216,,offcore_response.all_requests.llc_miss.any_response,68418448,100.00,,
     4.208483040,7396995,,offcore_response.all_requests.llc_hit.any_response,67657811,100.00,,
     4.208483040,438,,offcore_response.all_requests.llc_miss.any_response,67652288,100.00,,
     4.308681091,7385247,,offcore_response.all_requests.llc_hit.any_response,67558716,100.00,,
     4.308681091,308,,offcore_response.all_requests.llc_miss.any_response,67564147,100.00,,
     4.408883949,7517303,,offcore_response.all_requests.llc_hit.any_response,68390723,100.00,,
     4.408883949,196,,offcore_response.all_requests.llc_miss.any_response,68390475,100.00,,
     4.509101658,7936603,,offcore_response.all_requests.llc_hit.any_response,71088001,100.00,,
     4.509101658,229,,offcore_response.all_requests.llc_miss.any_response,71085326,100.00,,
     4.609304816,7515734,,offcore_response.all_requests.llc_hit.any_response,69047279,100.00,,
     4.609304816,306,,offcore_response.all_requests.llc_miss.any_response,69050048,100.00,,
     4.709512552,7545818,,offcore_response.all_requests.llc_hit.any_response,68818356,100.00,,
     4.709512552,423,,offcore_response.all_requests.llc_miss.any_response,68806450,100.00,,
     4.809713747,7433088,,offcore_response.all_requests.llc_hit.any_response,67619483,100.00,,
     4.809713747,237,,offcore_response.all_requests.llc_miss.any_response,67619935,100.00,,
     4.909920254,7380706,,offcore_response.all_requests.llc_hit.any_response,67872381,100.00,,
     4.909920254,665,,offcore_response.all_requests.llc_miss.any_response,67883798,100.00,,
     5.010121674,7496002,,offcore_response.all_requests.llc_hit.any_response,68624004,100.00,,
     5.010121674,290,,offcore_response.all_requests.llc_miss.any_response,68624018,100.00,,
     5.110322997,7362324,,offcore_response.all_requests.llc_hit.any_response,67032060,100.00,,
     5.110322997,113,,offcore_response.all_requests.llc_miss.any_response,67008977,100.00,,
     5.210520223,7357260,,offcore_response.all_requests.llc_hit.any_response,67583637,100.00,,
     5.210520223,247,,offcore_response.all_requests.llc_miss.any_response,67606655,100.00,,
     5.310721841,7399358,,offcore_response.all_requests.llc_hit.any_response,67952608,100.00,,
     5.310721841,228,,offcore_response.all_requests.llc_miss.any_response,67952999,100.00,,
     5.410923395,7364140,,offcore_response.all_requests.llc_hit.any_response,67315099,100.00,,
     5.410923395,320,,offcore_response.all_requests.llc_miss.any_response,67291690,100.00,,
     5.511120451,7407477,,offcore_response.all_requests.llc_hit.any_response,67642723,100.00,,
     5.511120451,213,,offcore_response.all_requests.llc_miss.any_response,67642723,100.00,,
     5.611363461,7400596,,offcore_response.all_requests.llc_hit.any_response,67569075,100.00,,
     5.611363461,236,,offcore_response.all_requests.llc_miss.any_response,67592088,100.00,,
     5.711564843,7419860,,offcore_response.all_requests.llc_hit.any_response,70208987,100.00,,
     5.711564843,252,,offcore_response.all_requests.llc_miss.any_response,70209150,100.00,,
     5.811764730,7425335,,offcore_response.all_requests.llc_hit.any_response,67554471,100.00,,
     5.811764730,251,,offcore_response.all_requests.llc_miss.any_response,67554423,100.00,,
     5.911964920,7336006,,offcore_response.all_requests.llc_hit.any_response,66980738,100.00,,
     5.911964920,298,,offcore_response.all_requests.llc_miss.any_response,66980732,100.00,,
     6.012165647,7407472,,offcore_response.all_requests.llc_hit.any_response,67850431,100.00,,
     6.012165647,230,,offcore_response.all_requests.llc_miss.any_response,67850030,100.00,,
     6.112368321,7526809,,offcore_response.all_requests.llc_hit.any_response,68419242,100.00,,
     6.112368321,154,,offcore_response.all_requests.llc_miss.any_response,68422018,100.00,,
     6.212572158,7389921,,offcore_response.all_requests.llc_hit.any_response,67594368,100.00,,
     6.212572158,158,,offcore_response.all_requests.llc_miss.any_response,67591930,100.00,,
     6.312773055,7403140,,offcore_response.all_requests.llc_hit.any_response,67607844,100.00,,
     6.312773055,223,,offcore_response.all_requests.llc_miss.any_response,67607907,100.00,,
     6.412972606,7406570,,offcore_response.all_requests.llc_hit.any_response,67650254,100.00,,
     6.412972606,227,,offcore_response.all_requests.llc_miss.any_response,67650020,100.00,,
     6.513172117,7432981,,offcore_response.all_requests.llc_hit.any_response,67584603,100.00,,
     6.513172117,299,,offcore_response.all_requests.llc_miss.any_response,67584729,100.00,,
     6.613372172,7374136,,offcore_response.all_requests.llc_hit.any_response,67598829,100.00,,
     6.613372172,323,,offcore_response.all_requests.llc_miss.any_response,67598795,100.00,,
     6.713595725,7400587,,offcore_response.all_requests.llc_hit.any_response,67755616,100.00,,
     6.713595725,351,,offcore_response.all_requests.llc_miss.any_response,67755859,100.00,,
     6.813796855,7403493,,offcore_response.all_requests.llc_hit.any_response,67778278,100.00,,
     6.813796855,303,,offcore_response.all_requests.llc_miss.any_response,67778065,100.00,,
     6.913993550,7415891,,offcore_response.all_requests.llc_hit.any_response,67490451,100.00,,
     6.913993550,362,,offcore_response.all_requests.llc_miss.any_response,67467441,100.00,,
     7.014192043,7446203,,offcore_response.all_requests.llc_hit.any_response,68379394,100.00,,
     7.014192043,250,,offcore_response.all_requests.llc_miss.any_response,68379394,100.00,,
     7.114388044,7434345,,offcore_response.all_requests.llc_hit.any_response,68088097,100.00,,
     7.114388044,388,,offcore_response.all_requests.llc_miss.any_response,68111178,100.00,,
     7.214590805,7394987,,offcore_response.all_requests.llc_hit.any_response,67273803,100.00,,
     7.214590805,290,,offcore_response.all_requests.llc_miss.any_response,67250722,100.00,,
     7.314788994,7414057,,offcore_response.all_requests.llc_hit.any_response,67958543,100.00,,
     7.314788994,219,,offcore_response.all_requests.llc_miss.any_response,67958543,100.00,,
     7.414985381,7355818,,offcore_response.all_requests.llc_hit.any_response,67158149,100.00,,
     7.414985381,292,,offcore_response.all_requests.llc_miss.any_response,67158149,100.00,,
     7.515212468,7404508,,offcore_response.all_requests.llc_hit.any_response,67976880,100.00,,
     7.515212468,335,,offcore_response.all_requests.llc_miss.any_response,67998572,100.00,,
     7.615411249,7490200,,offcore_response.all_requests.llc_hit.any_response,68428240,100.00,,
     7.615411249,364,,offcore_response.all_requests.llc_miss.any_response,68429639,100.00,,
     7.715612118,7373391,,offcore_response.all_requests.llc_hit.any_response,68267650,100.00,,
     7.715612118,285,,offcore_response.all_requests.llc_miss.any_response,68256243,100.00,,
     7.815814938,7630027,,offcore_response.all_requests.llc_hit.any_response,68837373,100.00,,
     7.815814938,214,,offcore_response.all_requests.llc_miss.any_response,68825689,100.00,,
     7.916011078,7721743,,offcore_response.all_requests.llc_hit.any_response,69805942,100.00,,
     7.916011078,369,,offcore_response.all_requests.llc_miss.any_response,69817326,100.00,,
     8.016213894,7422188,,offcore_response.all_requests.llc_hit.any_response,67334823,100.00,,
     8.016213894,174,,offcore_response.all_requests.llc_miss.any_response,67344098,100.00,,
     8.116417144,7470554,,offcore_response.all_requests.llc_hit.any_response,67765000,100.00,,
     8.116417144,187,,offcore_response.all_requests.llc_miss.any_response,67767443,100.00,,
     8.216617173,7606828,,offcore_response.all_requests.llc_hit.any_response,69218653,100.00,,
     8.216617173,47735,,offcore_response.all_requests.llc_miss.any_response,69221380,100.00,,
     8.316825968,7427898,,offcore_response.all_requests.llc_hit.any_response,68505994,100.00,,
     8.316825968,55594,,offcore_response.all_requests.llc_miss.any_response,68503519,100.00,,
     8.417028596,7691416,,offcore_response.all_requests.llc_hit.any_response,70007993,100.00,,
     8.417028596,55842,,offcore_response.all_requests.llc_miss.any_response,70007760,100.00,,
     8.517229096,7338863,,offcore_response.all_requests.llc_hit.any_response,68968445,100.00,,
     8.517229096,55493,,offcore_response.all_requests.llc_miss.any_response,68949923,100.00,,
     8.617428957,7487969,,offcore_response.all_requests.llc_hit.any_response,70152917,100.00,,
     8.617428957,55295,,offcore_response.all_requests.llc_miss.any_response,70168292,100.00,,
     8.717632067,7614056,,offcore_response.all_requests.llc_hit.any_response,69701596,100.00,,
     8.717632067,56218,,offcore_response.all_requests.llc_miss.any_response,69705047,100.00,,
     8.817833094,7697672,,offcore_response.all_requests.llc_hit.any_response,70404714,100.00,,
     8.817833094,55731,,offcore_response.all_requests.llc_miss.any_response,70404362,100.00,,
     8.918053112,7638627,,offcore_response.all_requests.llc_hit.any_response,70032058,100.00,,
     8.918053112,55459,,offcore_response.all_requests.llc_miss.any_response,70031769,100.00,,
     9.018254339,7525313,,offcore_response.all_requests.llc_hit.any_response,68954332,100.00,,
     9.018254339,56076,,offcore_response.all_requests.llc_miss.any_response,68950167,100.00,,
     9.118459338,7502514,,offcore_response.all_requests.llc_hit.any_response,69657413,100.00,,
     9.118459338,55281,,offcore_response.all_requests.llc_miss.any_response,69661940,100.00,,
     9.218659586,7532679,,offcore_response.all_requests.llc_hit.any_response,69594910,100.00,,
     9.218659586,55168,,offcore_response.all_requests.llc_miss.any_response,69594809,100.00,,
     9.318861386,7417264,,offcore_response.all_requests.llc_hit.any_response,69814323,100.00,,
     9.318861386,55324,,offcore_response.all_requests.llc_miss.any_response,69791278,100.00,,
     9.419059788,7368401,,offcore_response.all_requests.llc_hit.any_response,68934051,100.00,,
     9.419059788,55327,,offcore_response.all_requests.llc_miss.any_response,68934051,100.00,,
     9.519256416,7457637,,offcore_response.all_requests.llc_hit.any_response,69197850,100.00,,
     9.519256416,54872,,offcore_response.all_requests.llc_miss.any_response,69220962,100.00,,
     9.619462120,7623165,,offcore_response.all_requests.llc_hit.any_response,71062224,100.00,,
     9.619462120,55268,,offcore_response.all_requests.llc_miss.any_response,71039112,100.00,,
     9.719663343,7582436,,offcore_response.all_requests.llc_hit.any_response,69489514,100.00,,
     9.719663343,54867,,offcore_response.all_requests.llc_miss.any_response,69520399,100.00,,
     9.819884021,7410371,,offcore_response.all_requests.llc_hit.any_response,70185017,100.00,,
     9.819884021,54369,,offcore_response.all_requests.llc_miss.any_response,70177275,100.00,,
     9.920085379,7492365,,offcore_response.all_requests.llc_hit.any_response,70489373,100.00,,
     9.920085379,54945,,offcore_response.all_requests.llc_miss.any_response,70473686,100.00,,
    10.020289584,7621531,,offcore_response.all_requests.llc_hit.any_response,70698164,100.00,,
    10.020289584,54857,,offcore_response.all_requests.llc_miss.any_response,70722483,100.00,,
    10.120498400,7420126,,offcore_response.all_requests.llc_hit.any_response,68849304,100.00,,
    10.120498400,55943,,offcore_response.all_requests.llc_miss.any_response,68821416,100.00,,
    10.220725766,7506486,,offcore_response.all_requests.llc_hit.any_response,69771748,100.00,,
    10.220725766,54060,,offcore_response.all_requests.llc_miss.any_response,69790863,100.00,,
    10.320925992,7365988,,offcore_response.all_requests.llc_hit.any_response,69291532,100.00,,
    10.320925992,55060,,offcore_response.all_requests.llc_miss.any_response,69291880,100.00,,
    10.421128480,7530630,,offcore_response.all_requests.llc_hit.any_response,69951931,100.00,,
    10.421128480,54713,,offcore_response.all_requests.llc_miss.any_response,69951656,100.00,,
    10.521328234,7676588,,offcore_response.all_requests.llc_hit.any_response,70959467,100.00,,
    10.521328234,55794,,offcore_response.all_requests.llc_miss.any_response,70959792,100.00,,
    10.621536199,7496219,,offcore_response.all_requests.llc_hit.any_response,69746665,100.00,,
    10.621536199,55126,,offcore_response.all_requests.llc_miss.any_response,69746383,100.00,,
    10.721748496,7505979,,offcore_response.all_requests.llc_hit.any_response,69905601,100.00,,
    10.721748496,55335,,offcore_response.all_requests.llc_miss.any_response,69905653,100.00,,
    10.821949102,7547557,,offcore_response.all_requests.llc_hit.any_response,69499409,100.00,,
    10.821949102,55716,,offcore_response.all_requests.llc_miss.any_response,69499057,100.00,,
    10.922148680,7559207,,offcore_response.all_requests.llc_hit.any_response,70299260,100.00,,
    10.922148680,55434,,offcore_response.all_requests.llc_miss.any_response,70299526,100.00,,
    11.022348107,7429572,,offcore_response.all_requests.llc_hit.any_response,69327459,100.00,,
    11.022348107,54997,,offcore_response.all_requests.llc_miss.any_response,69327502,100.00,,
