# started on Mon May  1 17:10:53 2023

     0.100153826,88747517,,inst_retired.any,77371839,100.00,143.7,IpMispredict
     0.100153826,617778,,br_misp_retired.all_branches,77371839,100.00,,
     0.200401376,89840396,,inst_retired.any,78319568,100.00,144.4,IpMispredict
     0.200401376,626467,,br_misp_retired.all_branches,78319568,100.00,,
     0.300585151,88326420,,inst_retired.any,76731751,100.00,142.3,IpMispredict
     0.300585151,617362,,br_misp_retired.all_branches,76731751,100.00,,
     0.400769751,89952984,,inst_retired.any,78561182,100.00,144.5,IpMispredict
     0.400769751,628010,,br_misp_retired.all_branches,78561182,100.00,,
     0.500969069,89424973,,inst_retired.any,78080863,100.00,143.5,IpMispredict
     0.500969069,626559,,br_misp_retired.all_branches,78080863,100.00,,
     0.601165599,88703617,,inst_retired.any,77502675,100.00,142.5,IpMispredict
     0.601165599,619530,,br_misp_retired.all_branches,77502675,100.00,,
     0.701362136,89650948,,inst_retired.any,78264284,100.00,143.9,IpMispredict
     0.701362136,626321,,br_misp_retired.all_branches,78264284,100.00,,
     0.801556398,88501588,,inst_retired.any,77424259,100.00,142.2,IpMispredict
     0.801556398,617562,,br_misp_retired.all_branches,77424259,100.00,,
     0.901754382,89906667,,inst_retired.any,78435945,100.00,144.3,IpMispredict
     0.901754382,626516,,br_misp_retired.all_branches,78435945,100.00,,
     1.001952817,88701774,,inst_retired.any,77252099,100.00,142.5,IpMispredict
     1.001952817,617885,,br_misp_retired.all_branches,77252099,100.00,,
     1.102147827,89422892,,inst_retired.any,77784645,100.00,143.7,IpMispredict
     1.102147827,622732,,br_misp_retired.all_branches,77784645,100.00,,
     1.202345721,89882628,,inst_retired.any,78172907,100.00,144.3,IpMispredict
     1.202345721,626611,,br_misp_retired.all_branches,78172907,100.00,,
     1.302541888,89422426,,inst_retired.any,77495067,100.00,143.6,IpMispredict
     1.302541888,623224,,br_misp_retired.all_branches,77495067,100.00,,
     1.402737315,88741124,,inst_retired.any,76701923,100.00,142.6,IpMispredict
     1.402737315,617903,,br_misp_retired.all_branches,76701923,100.00,,
     1.502939433,89387214,,inst_retired.any,77585403,100.00,143.6,IpMispredict
     1.502939433,621456,,br_misp_retired.all_branches,77585403,100.00,,
     1.603142180,89390415,,inst_retired.any,77623091,100.00,143.6,IpMispredict
     1.603142180,622593,,br_misp_retired.all_branches,77623091,100.00,,
     1.703337451,89727434,,inst_retired.any,77891335,100.00,144.1,IpMispredict
     1.703337451,624773,,br_misp_retired.all_branches,77891335,100.00,,
     1.803532783,89138425,,inst_retired.any,77500833,100.00,143.2,IpMispredict
     1.803532783,621275,,br_misp_retired.all_branches,77500833,100.00,,
     1.903736780,88821483,,inst_retired.any,77326987,100.00,142.7,IpMispredict
     1.903736780,620590,,br_misp_retired.all_branches,77326987,100.00,,
     2.003933625,89053953,,inst_retired.any,77383564,100.00,143.1,IpMispredict
     2.003933625,622268,,br_misp_retired.all_branches,77383564,100.00,,
     2.104129868,89650892,,inst_retired.any,78246570,100.00,144.0,IpMispredict
     2.104129868,623560,,br_misp_retired.all_branches,78246570,100.00,,
     2.204329646,88986973,,inst_retired.any,77440387,100.00,143.0,IpMispredict
     2.204329646,619795,,br_misp_retired.all_branches,77440387,100.00,,
     2.304529096,89163480,,inst_retired.any,77539178,100.00,143.3,IpMispredict
     2.304529096,620673,,br_misp_retired.all_branches,77539178,100.00,,
     2.404726483,89997116,,inst_retired.any,78383561,100.00,144.6,IpMispredict
     2.404726483,625700,,br_misp_retired.all_branches,78383561,100.00,,
     2.504925258,89046552,,inst_retired.any,77510987,100.00,143.1,IpMispredict
     2.504925258,619699,,br_misp_retired.all_branches,77510987,100.00,,
     2.605126650,89056633,,inst_retired.any,77493277,100.00,143.1,IpMispredict
     2.605126650,619788,,br_misp_retired.all_branches,77493277,100.00,,
     2.705325383,89294377,,inst_retired.any,77606126,100.00,143.5,IpMispredict
     2.705325383,623085,,br_misp_retired.all_branches,77606126,100.00,,
     2.805546563,89327128,,inst_retired.any,77634030,100.00,143.5,IpMispredict
     2.805546563,623933,,br_misp_retired.all_branches,77634030,100.00,,
     2.905743668,89101737,,inst_retired.any,77465627,100.00,143.2,IpMispredict
     2.905743668,620137,,br_misp_retired.all_branches,77465627,100.00,,
     3.005939852,89027943,,inst_retired.any,77534084,100.00,143.1,IpMispredict
     3.005939852,619492,,br_misp_retired.all_branches,77534084,100.00,,
     3.106136181,89778434,,inst_retired.any,78332392,100.00,144.3,IpMispredict
     3.106136181,623488,,br_misp_retired.all_branches,78332392,100.00,,
     3.206334402,88960104,,inst_retired.any,77424539,100.00,143.0,IpMispredict
     3.206334402,616587,,br_misp_retired.all_branches,77424539,100.00,,
     3.306532296,88915872,,inst_retired.any,77435479,100.00,143.0,IpMispredict
     3.306532296,617139,,br_misp_retired.all_branches,77435479,100.00,,
     3.406729699,89886291,,inst_retired.any,78451163,100.00,144.5,IpMispredict
     3.406729699,625920,,br_misp_retired.all_branches,78451163,100.00,,
     3.506927011,88514536,,inst_retired.any,77315762,100.00,142.4,IpMispredict
     3.506927011,613231,,br_misp_retired.all_branches,77315762,100.00,,
     3.607123197,89897295,,inst_retired.any,78443446,100.00,144.6,IpMispredict
     3.607123197,626040,,br_misp_retired.all_branches,78443446,100.00,,
     3.707319895,88988716,,inst_retired.any,77435139,100.00,143.1,IpMispredict
     3.707319895,621226,,br_misp_retired.all_branches,77435139,100.00,,
     3.807515319,89207250,,inst_retired.any,77538568,100.00,143.5,IpMispredict
     3.807515319,620253,,br_misp_retired.all_branches,77538568,100.00,,
     3.907741375,89869505,,inst_retired.any,77894405,100.00,144.5,IpMispredict
     3.907741375,626277,,br_misp_retired.all_branches,77894405,100.00,,
     4.007944538,89427839,,inst_retired.any,78112320,100.00,143.8,IpMispredict
     4.007944538,624607,,br_misp_retired.all_branches,78112320,100.00,,
     4.108141829,88752511,,inst_retired.any,77367846,100.00,142.7,IpMispredict
     4.108141829,614020,,br_misp_retired.all_branches,77367846,100.00,,
     4.208339834,89783696,,inst_retired.any,78182360,100.00,144.4,IpMispredict
     4.208339834,624288,,br_misp_retired.all_branches,78182360,100.00,,
     4.308536331,89349615,,inst_retired.any,77571308,100.00,143.7,IpMispredict
     4.308536331,624323,,br_misp_retired.all_branches,77571308,100.00,,
     4.408733710,88847086,,inst_retired.any,77442043,100.00,142.9,IpMispredict
     4.408733710,622419,,br_misp_retired.all_branches,77442043,100.00,,
     4.508930348,89011210,,inst_retired.any,77396208,100.00,143.1,IpMispredict
     4.508930348,618942,,br_misp_retired.all_branches,77396208,100.00,,
     4.609127973,89875551,,inst_retired.any,78247318,100.00,144.5,IpMispredict
     4.609127973,626326,,br_misp_retired.all_branches,78247318,100.00,,
     4.709325730,88853250,,inst_retired.any,77446324,100.00,142.9,IpMispredict
     4.709325730,616777,,br_misp_retired.all_branches,77446324,100.00,,
     4.809523099,89616550,,inst_retired.any,78246877,100.00,144.1,IpMispredict
     4.809523099,620850,,br_misp_retired.all_branches,78246877,100.00,,
     4.909720425,89511664,,inst_retired.any,78231242,100.00,144.0,IpMispredict
     4.909720425,622964,,br_misp_retired.all_branches,78231242,100.00,,
     5.009917249,89175195,,inst_retired.any,77502329,100.00,143.4,IpMispredict
     5.009917249,623997,,br_misp_retired.all_branches,77502329,100.00,,
     5.110119249,89048651,,inst_retired.any,77419268,100.00,143.2,IpMispredict
     5.110119249,618695,,br_misp_retired.all_branches,77419268,100.00,,
     5.210317644,89130903,,inst_retired.any,77476651,100.00,143.4,IpMispredict
     5.210317644,617717,,br_misp_retired.all_branches,77476651,100.00,,
     5.310518204,89100355,,inst_retired.any,77672359,100.00,143.3,IpMispredict
     5.310518204,615697,,br_misp_retired.all_branches,77672359,100.00,,
     5.410717644,89781123,,inst_retired.any,78282943,100.00,144.4,IpMispredict
     5.410717644,621360,,br_misp_retired.all_branches,78282943,100.00,,
     5.510934548,89228999,,inst_retired.any,77541674,100.00,143.6,IpMispredict
     5.510934548,617160,,br_misp_retired.all_branches,77541674,100.00,,
     5.611133905,89007539,,inst_retired.any,77566581,100.00,143.2,IpMispredict
     5.611133905,617035,,br_misp_retired.all_branches,77566581,100.00,,
     5.711333041,88674887,,inst_retired.any,77382917,100.00,142.7,IpMispredict
     5.711333041,615736,,br_misp_retired.all_branches,77382917,100.00,,
     5.811537881,89886866,,inst_retired.any,78492745,100.00,144.6,IpMispredict
     5.811537881,627589,,br_misp_retired.all_branches,78492745,100.00,,
     5.911745317,89104652,,inst_retired.any,77404108,100.00,143.4,IpMispredict
     5.911745317,613981,,br_misp_retired.all_branches,77404108,100.00,,
     6.011942643,88742491,,inst_retired.any,77272854,100.00,142.9,IpMispredict
     6.011942643,612171,,br_misp_retired.all_branches,77272854,100.00,,
     6.112139647,89936882,,inst_retired.any,78416023,100.00,144.8,IpMispredict
     6.112139647,622184,,br_misp_retired.all_branches,78416023,100.00,,
     6.212335402,88833235,,inst_retired.any,78361079,100.00,143.0,IpMispredict
     6.212335402,617081,,br_misp_retired.all_branches,78361079,100.00,,
     6.312531318,88940857,,inst_retired.any,77526118,100.00,143.2,IpMispredict
     6.312531318,613421,,br_misp_retired.all_branches,77526118,100.00,,
     6.412715824,89130414,,inst_retired.any,77593942,100.00,143.5,IpMispredict
     6.412715824,617095,,br_misp_retired.all_branches,77593942,100.00,,
     6.512914957,89484361,,inst_retired.any,77845090,100.00,144.1,IpMispredict
     6.512914957,616065,,br_misp_retired.all_branches,77845090,100.00,,
     6.613112393,89721178,,inst_retired.any,78026827,100.00,144.5,IpMispredict
     6.613112393,619538,,br_misp_retired.all_branches,78026827,100.00,,
     6.713312759,88472788,,inst_retired.any,77774510,100.00,142.5,IpMispredict
     6.713312759,612770,,br_misp_retired.all_branches,77774510,100.00,,
     6.813510255,90059419,,inst_retired.any,78469283,100.00,145.1,IpMispredict
     6.813510255,625846,,br_misp_retired.all_branches,78469283,100.00,,
     6.913708179,89929547,,inst_retired.any,78187981,100.00,144.9,IpMispredict
     6.913708179,622216,,br_misp_retired.all_branches,78187981,100.00,,
     7.013905935,88836013,,inst_retired.any,77609149,100.00,143.1,IpMispredict
     7.013905935,624852,,br_misp_retired.all_branches,77609149,100.00,,
     7.114103090,89814421,,inst_retired.any,78490642,100.00,144.6,IpMispredict
     7.114103090,628786,,br_misp_retired.all_branches,78490642,100.00,,
     7.214298742,88645325,,inst_retired.any,77242048,100.00,142.8,IpMispredict
     7.214298742,617680,,br_misp_retired.all_branches,77242048,100.00,,
     7.314495322,89163292,,inst_retired.any,77523133,100.00,143.6,IpMispredict
     7.314495322,618906,,br_misp_retired.all_branches,77523133,100.00,,
     7.414689788,89659495,,inst_retired.any,78442325,100.00,144.4,IpMispredict
     7.414689788,624783,,br_misp_retired.all_branches,78442325,100.00,,
     7.514885830,89093967,,inst_retired.any,77709762,100.00,143.5,IpMispredict
     7.514885830,618166,,br_misp_retired.all_branches,77709762,100.00,,
     7.615083540,89609182,,inst_retired.any,78525207,100.00,144.3,IpMispredict
     7.615083540,621161,,br_misp_retired.all_branches,78525207,100.00,,
     7.715280816,89261009,,inst_retired.any,78327711,100.00,143.8,IpMispredict
     7.715280816,619422,,br_misp_retired.all_branches,78327711,100.00,,
     7.815476634,88948774,,inst_retired.any,77527486,100.00,143.3,IpMispredict
     7.815476634,617533,,br_misp_retired.all_branches,77527486,100.00,,
     7.915670495,89940376,,inst_retired.any,78147398,100.00,144.9,IpMispredict
     7.915670495,625039,,br_misp_retired.all_branches,78147398,100.00,,
     8.015878158,89281323,,inst_retired.any,77430295,100.00,143.8,IpMispredict
     8.015878158,615249,,br_misp_retired.all_branches,77430295,100.00,,
     8.116073455,89404658,,inst_retired.any,77665933,100.00,144.0,IpMispredict
     8.116073455,616635,,br_misp_retired.all_branches,77665933,100.00,,
     8.216270620,89059998,,inst_retired.any,77317594,100.00,143.5,IpMispredict
     8.216270620,612798,,br_misp_retired.all_branches,77317594,100.00,,
     8.316493114,88470237,,inst_retired.any,76693983,100.00,142.6,IpMispredict
     8.316493114,609203,,br_misp_retired.all_branches,76693983,100.00,,
     8.416687122,90146440,,inst_retired.any,78335709,100.00,145.3,IpMispredict
     8.416687122,622390,,br_misp_retired.all_branches,78335709,100.00,,
     8.516884204,88449056,,inst_retired.any,76687625,100.00,142.6,IpMispredict
     8.516884204,610830,,br_misp_retired.all_branches,76687625,100.00,,
     8.617083721,90239161,,inst_retired.any,78671853,100.00,145.4,IpMispredict
     8.617083721,624103,,br_misp_retired.all_branches,78671853,100.00,,
     8.717283753,88519045,,inst_retired.any,76829343,100.00,142.7,IpMispredict
     8.717283753,614874,,br_misp_retired.all_branches,76829343,100.00,,
     8.817481884,89346065,,inst_retired.any,77698393,100.00,144.0,IpMispredict
     8.817481884,618167,,br_misp_retired.all_branches,77698393,100.00,,
     8.917676887,90386021,,inst_retired.any,78282901,100.00,145.7,IpMispredict
     8.917676887,628126,,br_misp_retired.all_branches,78282901,100.00,,
     9.017873861,89331279,,inst_retired.any,77624623,100.00,144.0,IpMispredict
     9.017873861,622488,,br_misp_retired.all_branches,77624623,100.00,,
     9.118080706,89124177,,inst_retired.any,77609642,100.00,143.6,IpMispredict
     9.118080706,619589,,br_misp_retired.all_branches,77609642,100.00,,
     9.218276658,89103161,,inst_retired.any,77501269,100.00,143.6,IpMispredict
     9.218276658,616632,,br_misp_retired.all_branches,77501269,100.00,,
     9.318472217,89962257,,inst_retired.any,78330648,100.00,145.0,IpMispredict
     9.318472217,624510,,br_misp_retired.all_branches,78330648,100.00,,
     9.418665682,88577109,,inst_retired.any,77278754,100.00,142.8,IpMispredict
     9.418665682,614843,,br_misp_retired.all_branches,77278754,100.00,,
     9.518862915,89729274,,inst_retired.any,78168514,100.00,144.6,IpMispredict
     9.518862915,620320,,br_misp_retired.all_branches,78168514,100.00,,
     9.619057427,89511125,,inst_retired.any,77879272,100.00,144.3,IpMispredict
     9.619057427,619880,,br_misp_retired.all_branches,77879272,100.00,,
     9.719254606,88573659,,inst_retired.any,76848198,100.00,142.8,IpMispredict
     9.719254606,614868,,br_misp_retired.all_branches,76848198,100.00,,
     9.819452933,89584031,,inst_retired.any,78015914,100.00,144.4,IpMispredict
     9.819452933,623240,,br_misp_retired.all_branches,78015914,100.00,,
     9.919647716,89276066,,inst_retired.any,77581505,100.00,143.9,IpMispredict
     9.919647716,620005,,br_misp_retired.all_branches,77581505,100.00,,
    10.019880835,89436659,,inst_retired.any,77819119,100.00,144.1,IpMispredict
    10.019880835,623396,,br_misp_retired.all_branches,77819119,100.00,,
    10.120076978,89241673,,inst_retired.any,77507838,100.00,143.8,IpMispredict
    10.120076978,619067,,br_misp_retired.all_branches,77507838,100.00,,
    10.220275099,89077712,,inst_retired.any,77691378,100.00,143.6,IpMispredict
    10.220275099,617662,,br_misp_retired.all_branches,77691378,100.00,,
    10.320468945,89031147,,inst_retired.any,77497824,100.00,143.5,IpMispredict
    10.320468945,619224,,br_misp_retired.all_branches,77497824,100.00,,
    10.420666528,89060549,,inst_retired.any,77613797,100.00,143.6,IpMispredict
    10.420666528,619513,,br_misp_retired.all_branches,77613797,100.00,,
    10.520865995,89249970,,inst_retired.any,77930970,100.00,143.9,IpMispredict
    10.520865995,620285,,br_misp_retired.all_branches,77930970,100.00,,
    10.621064058,89783878,,inst_retired.any,78504203,100.00,144.7,IpMispredict
    10.621064058,622400,,br_misp_retired.all_branches,78504203,100.00,,
    10.721261141,89302000,,inst_retired.any,78189626,100.00,143.9,IpMispredict
    10.721261141,620880,,br_misp_retired.all_branches,78189626,100.00,,
    10.821454894,89382156,,inst_retired.any,77878643,100.00,144.1,IpMispredict
    10.821454894,622581,,br_misp_retired.all_branches,77878643,100.00,,
    10.921649570,88721356,,inst_retired.any,77352467,100.00,143.0,IpMispredict
    10.921649570,617127,,br_misp_retired.all_branches,77352467,100.00,,
    11.021865649,88975634,,inst_retired.any,77536773,100.00,143.4,IpMispredict
    11.021865649,617796,,br_misp_retired.all_branches,77536773,100.00,,
