# started on Tue May  2 14:35:42 2023

     0.100312227,29700096,,inst_retired.any,61765956,100.00,59.1,IpMispredict
     0.100312227,502228,,br_misp_retired.all_branches,61765956,100.00,,
     0.200521375,29670465,,inst_retired.any,61180678,100.00,59.6,IpMispredict
     0.200521375,492726,,br_misp_retired.all_branches,61180678,100.00,,
     0.300712098,29713608,,inst_retired.any,61526987,100.00,59.6,IpMispredict
     0.300712098,500641,,br_misp_retired.all_branches,61526987,100.00,,
     0.400910616,29759478,,inst_retired.any,61172516,100.00,60.1,IpMispredict
     0.400910616,484153,,br_misp_retired.all_branches,61172516,100.00,,
     0.501123865,29448741,,inst_retired.any,61063377,100.00,59.6,IpMispredict
     0.501123865,489622,,br_misp_retired.all_branches,61063377,100.00,,
     0.601328583,30087681,,inst_retired.any,62670309,100.00,60.2,IpMispredict
     0.601328583,530325,,br_misp_retired.all_branches,62670309,100.00,,
     0.701535342,29550338,,inst_retired.any,60941046,100.00,59.2,IpMispredict
     0.701535342,492254,,br_misp_retired.all_branches,60941046,100.00,,
     0.801736705,29649192,,inst_retired.any,61515237,100.00,59.4,IpMispredict
     0.801736705,502041,,br_misp_retired.all_branches,61515237,100.00,,
     0.901937430,29743021,,inst_retired.any,61924366,100.00,59.6,IpMispredict
     0.901937430,499472,,br_misp_retired.all_branches,61924366,100.00,,
     1.002138125,30249320,,inst_retired.any,61408697,100.00,60.3,IpMispredict
     1.002138125,523772,,br_misp_retired.all_branches,61408697,100.00,,
     1.102338579,29731272,,inst_retired.any,60254748,100.00,59.3,IpMispredict
     1.102338579,498912,,br_misp_retired.all_branches,60254748,100.00,,
     1.202542068,29766659,,inst_retired.any,60664272,100.00,59.3,IpMispredict
     1.202542068,506447,,br_misp_retired.all_branches,60664272,100.00,,
     1.302742522,29737956,,inst_retired.any,60681129,100.00,59.2,IpMispredict
     1.302742522,505820,,br_misp_retired.all_branches,60681129,100.00,,
     1.402950938,29616194,,inst_retired.any,60791147,100.00,58.9,IpMispredict
     1.402950938,514522,,br_misp_retired.all_branches,60791147,100.00,,
     1.503165870,29692330,,inst_retired.any,60906385,100.00,58.9,IpMispredict
     1.503165870,524217,,br_misp_retired.all_branches,60906385,100.00,,
     1.603369408,29424237,,inst_retired.any,60915666,100.00,58.2,IpMispredict
     1.603369408,527098,,br_misp_retired.all_branches,60915666,100.00,,
     1.703572955,30018881,,inst_retired.any,60855854,100.00,59.4,IpMispredict
     1.703572955,496989,,br_misp_retired.all_branches,60855854,100.00,,
     1.803782144,29678678,,inst_retired.any,61108937,100.00,58.7,IpMispredict
     1.803782144,516624,,br_misp_retired.all_branches,61108937,100.00,,
     1.903988128,29696895,,inst_retired.any,60419040,100.00,58.8,IpMispredict
     1.903988128,490711,,br_misp_retired.all_branches,60419040,100.00,,
     2.004192064,29376415,,inst_retired.any,60324092,100.00,58.2,IpMispredict
     2.004192064,495110,,br_misp_retired.all_branches,60324092,100.00,,
     2.104380179,29907234,,inst_retired.any,61069062,100.00,59.2,IpMispredict
     2.104380179,512151,,br_misp_retired.all_branches,61069062,100.00,,
     2.204581212,29764598,,inst_retired.any,61178510,100.00,58.9,IpMispredict
     2.204581212,516996,,br_misp_retired.all_branches,61178510,100.00,,
     2.304787002,29605093,,inst_retired.any,60196884,100.00,58.7,IpMispredict
     2.304787002,485910,,br_misp_retired.all_branches,60196884,100.00,,
     2.404991696,29665979,,inst_retired.any,60660049,100.00,58.8,IpMispredict
     2.404991696,503668,,br_misp_retired.all_branches,60660049,100.00,,
     2.505192880,29601684,,inst_retired.any,60403990,100.00,58.6,IpMispredict
     2.505192880,507907,,br_misp_retired.all_branches,60403990,100.00,,
     2.605394416,29685973,,inst_retired.any,60504712,100.00,58.8,IpMispredict
     2.605394416,500564,,br_misp_retired.all_branches,60504712,100.00,,
     2.705593537,29780121,,inst_retired.any,60574765,100.00,59.1,IpMispredict
     2.705593537,488361,,br_misp_retired.all_branches,60574765,100.00,,
     2.805793033,29546009,,inst_retired.any,59671263,100.00,58.7,IpMispredict
     2.805793033,475379,,br_misp_retired.all_branches,59671263,100.00,,
     2.906012843,29605097,,inst_retired.any,60413362,100.00,58.9,IpMispredict
     2.906012843,493601,,br_misp_retired.all_branches,60413362,100.00,,
     3.006218826,29558615,,inst_retired.any,60316909,100.00,58.8,IpMispredict
     3.006218826,500194,,br_misp_retired.all_branches,60316909,100.00,,
     3.106423457,29804053,,inst_retired.any,60941700,100.00,59.3,IpMispredict
     3.106423457,511504,,br_misp_retired.all_branches,60941700,100.00,,
     3.206627126,29839736,,inst_retired.any,60766566,100.00,59.3,IpMispredict
     3.206627126,506157,,br_misp_retired.all_branches,60766566,100.00,,
     3.306834365,29584867,,inst_retired.any,60318792,100.00,58.8,IpMispredict
     3.306834365,495206,,br_misp_retired.all_branches,60318792,100.00,,
     3.407034669,29927741,,inst_retired.any,61504830,100.00,59.5,IpMispredict
     3.407034669,523231,,br_misp_retired.all_branches,61504830,100.00,,
     3.507240132,29622567,,inst_retired.any,60312482,100.00,58.9,IpMispredict
     3.507240132,492604,,br_misp_retired.all_branches,60312482,100.00,,
     3.607442822,29650792,,inst_retired.any,60109035,100.00,59.0,IpMispredict
     3.607442822,481837,,br_misp_retired.all_branches,60109035,100.00,,
     3.707647890,29652841,,inst_retired.any,60689553,100.00,59.0,IpMispredict
     3.707647890,510635,,br_misp_retired.all_branches,60689553,100.00,,
     3.807847523,29641369,,inst_retired.any,60395018,100.00,59.0,IpMispredict
     3.807847523,484269,,br_misp_retired.all_branches,60395018,100.00,,
     3.908060791,29727810,,inst_retired.any,60997710,100.00,59.2,IpMispredict
     3.908060791,508851,,br_misp_retired.all_branches,60997710,100.00,,
     4.008264148,29719366,,inst_retired.any,61213080,100.00,59.1,IpMispredict
     4.008264148,523759,,br_misp_retired.all_branches,61213080,100.00,,
     4.108463857,29710225,,inst_retired.any,60832559,100.00,59.1,IpMispredict
     4.108463857,505104,,br_misp_retired.all_branches,60832559,100.00,,
     4.208667987,29963946,,inst_retired.any,60664862,100.00,59.6,IpMispredict
     4.208667987,505877,,br_misp_retired.all_branches,60664862,100.00,,
     4.308873106,29578763,,inst_retired.any,60305867,100.00,58.8,IpMispredict
     4.308873106,513737,,br_misp_retired.all_branches,60305867,100.00,,
     4.409073043,29595568,,inst_retired.any,60096575,100.00,58.9,IpMispredict
     4.409073043,484674,,br_misp_retired.all_branches,60096575,100.00,,
     4.509273155,29709619,,inst_retired.any,60425748,100.00,59.1,IpMispredict
     4.509273155,498334,,br_misp_retired.all_branches,60425748,100.00,,
     4.609478298,29670436,,inst_retired.any,60678985,100.00,59.0,IpMispredict
     4.609478298,517428,,br_misp_retired.all_branches,60678985,100.00,,
     4.709678906,29997956,,inst_retired.any,61336077,100.00,59.6,IpMispredict
     4.709678906,512464,,br_misp_retired.all_branches,61336077,100.00,,
     4.809884398,29460790,,inst_retired.any,59971609,100.00,58.6,IpMispredict
     4.809884398,490300,,br_misp_retired.all_branches,59971609,100.00,,
     4.910082491,29646177,,inst_retired.any,61174149,100.00,58.9,IpMispredict
     4.910082491,506006,,br_misp_retired.all_branches,61174149,100.00,,
     5.010287379,29594447,,inst_retired.any,61157027,100.00,58.8,IpMispredict
     5.010287379,507779,,br_misp_retired.all_branches,61157027,100.00,,
     5.110489079,29944206,,inst_retired.any,62421902,100.00,59.5,IpMispredict
     5.110489079,519302,,br_misp_retired.all_branches,62421902,100.00,,
     5.210691070,29770096,,inst_retired.any,61564159,100.00,59.2,IpMispredict
     5.210691070,491175,,br_misp_retired.all_branches,61564159,100.00,,
     5.310897686,29751291,,inst_retired.any,61245366,100.00,59.2,IpMispredict
     5.310897686,471327,,br_misp_retired.all_branches,61245366,100.00,,
     5.411032699,29412626,,inst_retired.any,61421034,100.00,58.5,IpMispredict
     5.411032699,504671,,br_misp_retired.all_branches,61421034,100.00,,
     5.511219010,29723686,,inst_retired.any,61428032,100.00,59.1,IpMispredict
     5.511219010,500578,,br_misp_retired.all_branches,61428032,100.00,,
     5.611443941,29779768,,inst_retired.any,61548459,100.00,59.3,IpMispredict
     5.611443941,493537,,br_misp_retired.all_branches,61548459,100.00,,
     5.711653590,29745078,,inst_retired.any,61823562,100.00,59.2,IpMispredict
     5.711653590,503025,,br_misp_retired.all_branches,61823562,100.00,,
     5.811862645,29763796,,inst_retired.any,61442543,100.00,59.3,IpMispredict
     5.811862645,493978,,br_misp_retired.all_branches,61442543,100.00,,
     5.912063653,29411957,,inst_retired.any,60627915,100.00,58.6,IpMispredict
     5.912063653,496562,,br_misp_retired.all_branches,60627915,100.00,,
     6.012270433,30499041,,inst_retired.any,62374553,100.00,60.7,IpMispredict
     6.012270433,521543,,br_misp_retired.all_branches,62374553,100.00,,
     6.112481913,29780580,,inst_retired.any,61566970,100.00,59.2,IpMispredict
     6.112481913,507483,,br_misp_retired.all_branches,61566970,100.00,,
     6.212686269,29691433,,inst_retired.any,60274927,100.00,59.2,IpMispredict
     6.212686269,458104,,br_misp_retired.all_branches,60274927,100.00,,
     6.312885160,29870326,,inst_retired.any,62179870,100.00,59.5,IpMispredict
     6.312885160,508364,,br_misp_retired.all_branches,62179870,100.00,,
     6.413085244,30966392,,inst_retired.any,62394560,100.00,61.7,IpMispredict
     6.413085244,499387,,br_misp_retired.all_branches,62394560,100.00,,
     6.513287983,29887648,,inst_retired.any,61370852,100.00,59.5,IpMispredict
     6.513287983,508195,,br_misp_retired.all_branches,61370852,100.00,,
     6.613494873,29672005,,inst_retired.any,60960228,100.00,59.1,IpMispredict
     6.613494873,484005,,br_misp_retired.all_branches,60960228,100.00,,
     6.713694752,29591779,,inst_retired.any,61383022,100.00,59.0,IpMispredict
     6.713694752,499836,,br_misp_retired.all_branches,61383022,100.00,,
     6.813895678,29675444,,inst_retired.any,61261668,100.00,59.1,IpMispredict
     6.813895678,498755,,br_misp_retired.all_branches,61261668,100.00,,
     6.914095110,29973193,,inst_retired.any,62134266,100.00,59.7,IpMispredict
     6.914095110,504022,,br_misp_retired.all_branches,62134266,100.00,,
     7.014298628,29533267,,inst_retired.any,60898528,100.00,58.9,IpMispredict
     7.014298628,491101,,br_misp_retired.all_branches,60898528,100.00,,
     7.114498314,29874096,,inst_retired.any,62048185,100.00,59.5,IpMispredict
     7.114498314,510510,,br_misp_retired.all_branches,62048185,100.00,,
     7.214710629,29567522,,inst_retired.any,61045697,100.00,58.9,IpMispredict
     7.214710629,495442,,br_misp_retired.all_branches,61045697,100.00,,
     7.314914638,29676870,,inst_retired.any,61723567,100.00,59.2,IpMispredict
     7.314914638,503310,,br_misp_retired.all_branches,61723567,100.00,,
     7.415128136,29736541,,inst_retired.any,62143253,100.00,59.3,IpMispredict
     7.415128136,514072,,br_misp_retired.all_branches,62143253,100.00,,
     7.515337554,29789513,,inst_retired.any,62183557,100.00,59.3,IpMispredict
     7.515337554,539617,,br_misp_retired.all_branches,62183557,100.00,,
     7.615543559,29789193,,inst_retired.any,61628073,100.00,59.3,IpMispredict
     7.615543559,500023,,br_misp_retired.all_branches,61628073,100.00,,
     7.715744805,29622986,,inst_retired.any,61079688,100.00,59.0,IpMispredict
     7.715744805,486530,,br_misp_retired.all_branches,61079688,100.00,,
     7.815954267,29759197,,inst_retired.any,60821023,100.00,59.3,IpMispredict
     7.815954267,488871,,br_misp_retired.all_branches,60821023,100.00,,
     7.916162273,29809567,,inst_retired.any,61209564,100.00,59.4,IpMispredict
     7.916162273,482591,,br_misp_retired.all_branches,61209564,100.00,,
     8.016364280,29703558,,inst_retired.any,61654527,100.00,59.2,IpMispredict
     8.016364280,502520,,br_misp_retired.all_branches,61654527,100.00,,
     8.116564364,29568838,,inst_retired.any,60839968,100.00,59.0,IpMispredict
     8.116564364,489136,,br_misp_retired.all_branches,60839968,100.00,,
     8.216765493,29849219,,inst_retired.any,61702020,100.00,59.5,IpMispredict
     8.216765493,497167,,br_misp_retired.all_branches,61702020,100.00,,
     8.316984952,29531666,,inst_retired.any,60509215,100.00,58.9,IpMispredict
     8.316984952,466178,,br_misp_retired.all_branches,60509215,100.00,,
     8.417187474,29852641,,inst_retired.any,61259790,100.00,59.6,IpMispredict
     8.417187474,487394,,br_misp_retired.all_branches,61259790,100.00,,
     8.517395813,29490194,,inst_retired.any,60349864,100.00,58.9,IpMispredict
     8.517395813,456691,,br_misp_retired.all_branches,60349864,100.00,,
     8.617601109,29920793,,inst_retired.any,61579948,100.00,59.8,IpMispredict
     8.617601109,491013,,br_misp_retired.all_branches,61579948,100.00,,
     8.717812746,29555477,,inst_retired.any,61073916,100.00,59.1,IpMispredict
     8.717812746,501895,,br_misp_retired.all_branches,61073916,100.00,,
     8.818015141,29842134,,inst_retired.any,62266829,100.00,59.6,IpMispredict
     8.818015141,531935,,br_misp_retired.all_branches,62266829,100.00,,
     8.918216398,29769767,,inst_retired.any,62690390,100.00,59.4,IpMispredict
     8.918216398,553924,,br_misp_retired.all_branches,62690390,100.00,,
     9.018416277,29595807,,inst_retired.any,60981534,100.00,59.1,IpMispredict
     9.018416277,485023,,br_misp_retired.all_branches,60981534,100.00,,
     9.118618108,29834895,,inst_retired.any,62034138,100.00,59.5,IpMispredict
     9.118618108,522890,,br_misp_retired.all_branches,62034138,100.00,,
     9.218824436,29567236,,inst_retired.any,61664437,100.00,59.0,IpMispredict
     9.218824436,514226,,br_misp_retired.all_branches,61664437,100.00,,
     9.319033056,29814926,,inst_retired.any,61641476,100.00,59.5,IpMispredict
     9.319033056,505205,,br_misp_retired.all_branches,61641476,100.00,,
     9.419239564,29556873,,inst_retired.any,60819596,100.00,59.0,IpMispredict
     9.419239564,480157,,br_misp_retired.all_branches,60819596,100.00,,
     9.519446684,29969958,,inst_retired.any,62108167,100.00,59.8,IpMispredict
     9.519446684,509088,,br_misp_retired.all_branches,62108167,100.00,,
     9.619659697,29648470,,inst_retired.any,61193683,100.00,59.2,IpMispredict
     9.619659697,487488,,br_misp_retired.all_branches,61193683,100.00,,
     9.719861151,29682543,,inst_retired.any,60956848,100.00,59.2,IpMispredict
     9.719861151,483813,,br_misp_retired.all_branches,60956848,100.00,,
     9.820066323,29648557,,inst_retired.any,61844623,100.00,59.2,IpMispredict
     9.820066323,512911,,br_misp_retired.all_branches,61844623,100.00,,
     9.920276376,29757871,,inst_retired.any,61476737,100.00,59.4,IpMispredict
     9.920276376,499816,,br_misp_retired.all_branches,61476737,100.00,,
    10.020480626,29651434,,inst_retired.any,62299462,100.00,59.1,IpMispredict
    10.020480626,525190,,br_misp_retired.all_branches,62299462,100.00,,
    10.120683145,29610876,,inst_retired.any,61683202,100.00,59.0,IpMispredict
    10.120683145,514037,,br_misp_retired.all_branches,61683202,100.00,,
    10.220888952,29870750,,inst_retired.any,62885321,100.00,59.5,IpMispredict
    10.220888952,542929,,br_misp_retired.all_branches,62885321,100.00,,
    10.321087819,29487068,,inst_retired.any,61782208,100.00,58.7,IpMispredict
    10.321087819,506754,,br_misp_retired.all_branches,61782208,100.00,,
    10.421266132,29636837,,inst_retired.any,61925769,100.00,59.0,IpMispredict
    10.421266132,514149,,br_misp_retired.all_branches,61925769,100.00,,
    10.521445568,29675537,,inst_retired.any,62102786,100.00,59.1,IpMispredict
    10.521445568,513807,,br_misp_retired.all_branches,62102786,100.00,,
    10.621620212,29804192,,inst_retired.any,62490355,100.00,59.3,IpMispredict
    10.621620212,521240,,br_misp_retired.all_branches,62490355,100.00,,
    10.721829811,29521133,,inst_retired.any,61648405,100.00,58.7,IpMispredict
    10.721829811,520337,,br_misp_retired.all_branches,61648405,100.00,,
    10.822045123,29708911,,inst_retired.any,62260380,100.00,59.1,IpMispredict
    10.822045123,520004,,br_misp_retired.all_branches,62260380,100.00,,
    10.922250762,29752937,,inst_retired.any,62424180,100.00,59.2,IpMispredict
    10.922250762,533433,,br_misp_retired.all_branches,62424180,100.00,,
    11.022474969,30419555,,inst_retired.any,62334783,100.00,60.4,IpMispredict
    11.022474969,531167,,br_misp_retired.all_branches,62334783,100.00,,
