# started on Tue May  2 14:37:54 2023

     0.100254101,6006497,,offcore_response.all_requests.llc_hit.any_response,83663506,100.00,,
     0.100254101,52623,,offcore_response.all_requests.llc_miss.any_response,83706989,100.00,,
     0.200514918,6027856,,offcore_response.all_requests.llc_hit.any_response,84714128,100.00,,
     0.200514918,51576,,offcore_response.all_requests.llc_miss.any_response,84659015,100.00,,
     0.300728104,6019040,,offcore_response.all_requests.llc_hit.any_response,85973536,100.00,,
     0.300728104,53899,,offcore_response.all_requests.llc_miss.any_response,86012633,100.00,,
     0.400944541,5997853,,offcore_response.all_requests.llc_hit.any_response,84747522,100.00,,
     0.400944541,50847,,offcore_response.all_requests.llc_miss.any_response,84751072,100.00,,
     0.501162548,6035114,,offcore_response.all_requests.llc_hit.any_response,83865503,100.00,,
     0.501162548,51493,,offcore_response.all_requests.llc_miss.any_response,83840040,100.00,,
     0.601385654,5996163,,offcore_response.all_requests.llc_hit.any_response,85056583,100.00,,
     0.601385654,51357,,offcore_response.all_requests.llc_miss.any_response,85023178,100.00,,
     0.701599563,3847229,,offcore_response.all_requests.llc_hit.any_response,54907932,100.00,,
     0.701599563,32958,,offcore_response.all_requests.llc_miss.any_response,54907932,100.00,,
     0.801816973,<not counted>,,offcore_response.all_requests.llc_hit.any_response,0,100.00,,
     0.801816973,<not counted>,,offcore_response.all_requests.llc_miss.any_response,0,100.00,,
     0.902021897,4051477,,offcore_response.all_requests.llc_hit.any_response,44668168,100.00,,
     0.902021897,39731,,offcore_response.all_requests.llc_miss.any_response,44726617,100.00,,
     1.002251020,15576609,,offcore_response.all_requests.llc_hit.any_response,146499137,100.00,,
     1.002251020,154513,,offcore_response.all_requests.llc_miss.any_response,146464196,100.00,,
     1.102463457,6023871,,offcore_response.all_requests.llc_hit.any_response,82194905,100.00,,
     1.102463457,52250,,offcore_response.all_requests.llc_miss.any_response,82191286,100.00,,
     1.202677774,6002457,,offcore_response.all_requests.llc_hit.any_response,85411352,100.00,,
     1.202677774,53444,,offcore_response.all_requests.llc_miss.any_response,85427199,100.00,,
     1.302911872,6086953,,offcore_response.all_requests.llc_hit.any_response,85942747,100.00,,
     1.302911872,51465,,offcore_response.all_requests.llc_miss.any_response,85939376,100.00,,
     1.403127263,6000508,,offcore_response.all_requests.llc_hit.any_response,85613971,100.00,,
     1.403127263,53007,,offcore_response.all_requests.llc_miss.any_response,85599662,100.00,,
     1.503327873,5973921,,offcore_response.all_requests.llc_hit.any_response,84960026,100.00,,
     1.503327873,54782,,offcore_response.all_requests.llc_miss.any_response,84948335,100.00,,
     1.603545179,6003614,,offcore_response.all_requests.llc_hit.any_response,84823426,100.00,,
     1.603545179,50953,,offcore_response.all_requests.llc_miss.any_response,84848591,100.00,,
     1.703759023,3454296,,offcore_response.all_requests.llc_hit.any_response,49061582,100.00,,
     1.703759023,30337,,offcore_response.all_requests.llc_miss.any_response,49030052,100.00,,
     1.803974284,<not counted>,,offcore_response.all_requests.llc_hit.any_response,0,100.00,,
     1.803974284,<not counted>,,offcore_response.all_requests.llc_miss.any_response,0,100.00,,
     1.904179201,5579985,,offcore_response.all_requests.llc_hit.any_response,61171961,100.00,,
     1.904179201,55351,,offcore_response.all_requests.llc_miss.any_response,61240887,100.00,,
     2.004400690,14509309,,offcore_response.all_requests.llc_hit.any_response,137463455,100.00,,
     2.004400690,144110,,offcore_response.all_requests.llc_miss.any_response,137462564,100.00,,
     2.104621307,6054396,,offcore_response.all_requests.llc_hit.any_response,83131760,100.00,,
     2.104621307,52634,,offcore_response.all_requests.llc_miss.any_response,83103462,100.00,,
     2.204843160,3010482,,offcore_response.all_requests.llc_hit.any_response,42017536,100.00,,
     2.204843160,26465,,offcore_response.all_requests.llc_miss.any_response,41977799,100.00,,
     2.305080650,6581796,,offcore_response.all_requests.llc_hit.any_response,69744760,100.00,,
     2.305080650,66206,,offcore_response.all_requests.llc_miss.any_response,69789954,100.00,,
     2.405301381,8526613,,offcore_response.all_requests.llc_hit.any_response,97232328,100.00,,
     2.405301381,78708,,offcore_response.all_requests.llc_miss.any_response,97218860,100.00,,
     2.505517156,6014418,,offcore_response.all_requests.llc_hit.any_response,83680808,100.00,,
     2.505517156,51710,,offcore_response.all_requests.llc_miss.any_response,83681557,100.00,,
     2.605732577,5969534,,offcore_response.all_requests.llc_hit.any_response,84961741,100.00,,
     2.605732577,50699,,offcore_response.all_requests.llc_miss.any_response,84929266,100.00,,
     2.705940280,5987762,,offcore_response.all_requests.llc_hit.any_response,85451283,100.00,,
     2.705940280,52196,,offcore_response.all_requests.llc_miss.any_response,85484132,100.00,,
     2.806156773,2764909,,offcore_response.all_requests.llc_hit.any_response,39523104,100.00,,
     2.806156773,23026,,offcore_response.all_requests.llc_miss.any_response,39490255,100.00,,
     2.906368262,6986122,,offcore_response.all_requests.llc_hit.any_response,73327257,100.00,,
     2.906368262,72845,,offcore_response.all_requests.llc_miss.any_response,73394945,100.00,,
     3.006592581,8291394,,offcore_response.all_requests.llc_hit.any_response,95944354,100.00,,
     3.006592581,77932,,offcore_response.all_requests.llc_miss.any_response,95895582,100.00,,
     3.106821135,2988964,,offcore_response.all_requests.llc_hit.any_response,42651667,100.00,,
     3.106821135,26203,,offcore_response.all_requests.llc_miss.any_response,42632751,100.00,,
     3.207065473,<not counted>,,offcore_response.all_requests.llc_hit.any_response,0,100.00,,
     3.207065473,<not counted>,,offcore_response.all_requests.llc_miss.any_response,0,100.00,,
     3.307270016,6918949,,offcore_response.all_requests.llc_hit.any_response,72434533,100.00,,
     3.307270016,67671,,offcore_response.all_requests.llc_miss.any_response,72487286,100.00,,
     3.407492133,13950746,,offcore_response.all_requests.llc_hit.any_response,136151795,100.00,,
     3.407492133,144240,,offcore_response.all_requests.llc_miss.any_response,136099042,100.00,,
     3.507709268,6006744,,offcore_response.all_requests.llc_hit.any_response,81265037,100.00,,
     3.507709268,58584,,offcore_response.all_requests.llc_miss.any_response,81290947,100.00,,
     3.607921147,6013190,,offcore_response.all_requests.llc_hit.any_response,81262124,100.00,,
     3.607921147,60675,,offcore_response.all_requests.llc_miss.any_response,81236214,100.00,,
     3.708128740,6006656,,offcore_response.all_requests.llc_hit.any_response,83870995,100.00,,
     3.708128740,59731,,offcore_response.all_requests.llc_miss.any_response,83902752,100.00,,
     3.808344807,6039169,,offcore_response.all_requests.llc_hit.any_response,83947365,100.00,,
     3.808344807,60988,,offcore_response.all_requests.llc_miss.any_response,83946674,100.00,,
     3.908558738,2781681,,offcore_response.all_requests.llc_hit.any_response,38071782,100.00,,
     3.908558738,26421,,offcore_response.all_requests.llc_miss.any_response,38040716,100.00,,
     4.008773414,7044502,,offcore_response.all_requests.llc_hit.any_response,73502236,100.00,,
     4.008773414,85169,,offcore_response.all_requests.llc_miss.any_response,73554668,100.00,,
     4.108957138,8690048,,offcore_response.all_requests.llc_hit.any_response,95425607,100.00,,
     4.108957138,95218,,offcore_response.all_requests.llc_miss.any_response,95373175,100.00,,
     4.209168697,2750420,,offcore_response.all_requests.llc_hit.any_response,38291930,100.00,,
     4.209168697,27230,,offcore_response.all_requests.llc_miss.any_response,38291930,100.00,,
     4.309343201,7145376,,offcore_response.all_requests.llc_hit.any_response,74127423,100.00,,
     4.309343201,93168,,offcore_response.all_requests.llc_miss.any_response,74167005,100.00,,
     4.409520193,8550089,,offcore_response.all_requests.llc_hit.any_response,95966693,100.00,,
     4.409520193,94851,,offcore_response.all_requests.llc_miss.any_response,95976999,100.00,,
     4.509756566,3024205,,offcore_response.all_requests.llc_hit.any_response,42058956,100.00,,
     4.509756566,32316,,offcore_response.all_requests.llc_miss.any_response,42009068,100.00,,
     4.609964800,7191376,,offcore_response.all_requests.llc_hit.any_response,72929981,100.00,,
     4.609964800,70898,,offcore_response.all_requests.llc_miss.any_response,72980013,100.00,,
     4.710187635,8107416,,offcore_response.all_requests.llc_hit.any_response,91203637,100.00,,
     4.710187635,74053,,offcore_response.all_requests.llc_miss.any_response,91185908,100.00,,
     4.810410247,6057481,,offcore_response.all_requests.llc_hit.any_response,84157237,100.00,,
     4.810410247,52471,,offcore_response.all_requests.llc_miss.any_response,84157269,100.00,,
     4.910629059,5999377,,offcore_response.all_requests.llc_hit.any_response,82869447,100.00,,
     4.910629059,49906,,offcore_response.all_requests.llc_miss.any_response,82906101,100.00,,
     5.010855656,6030624,,offcore_response.all_requests.llc_hit.any_response,79500098,100.00,,
     5.010855656,52042,,offcore_response.all_requests.llc_miss.any_response,79451398,100.00,,
     5.111081278,6083872,,offcore_response.all_requests.llc_hit.any_response,85614863,100.00,,
     5.111081278,53072,,offcore_response.all_requests.llc_miss.any_response,85636709,100.00,,
     5.211302705,2722853,,offcore_response.all_requests.llc_hit.any_response,39520704,100.00,,
     5.211302705,23875,,offcore_response.all_requests.llc_miss.any_response,39478569,100.00,,
     5.311514533,7687194,,offcore_response.all_requests.llc_hit.any_response,81254281,100.00,,
     5.311514533,82415,,offcore_response.all_requests.llc_miss.any_response,81312177,100.00,,
     5.411735577,7341452,,offcore_response.all_requests.llc_hit.any_response,85010488,100.00,,
     5.411735577,66982,,offcore_response.all_requests.llc_miss.any_response,84977812,100.00,,
     5.511947099,5970391,,offcore_response.all_requests.llc_hit.any_response,83855073,100.00,,
     5.511947099,51261,,offcore_response.all_requests.llc_miss.any_response,83845016,100.00,,
     5.612169932,2001272,,offcore_response.all_requests.llc_hit.any_response,29082858,100.00,,
     5.612169932,19291,,offcore_response.all_requests.llc_miss.any_response,29067695,100.00,,
     5.712384227,8397288,,offcore_response.all_requests.llc_hit.any_response,87777692,100.00,,
     5.712384227,88352,,offcore_response.all_requests.llc_miss.any_response,87834175,100.00,,
     5.812602972,7599022,,offcore_response.all_requests.llc_hit.any_response,90471033,100.00,,
     5.812602972,67991,,offcore_response.all_requests.llc_miss.any_response,90414550,100.00,,
     5.912813486,5987634,,offcore_response.all_requests.llc_hit.any_response,85268503,100.00,,
     5.912813486,53679,,offcore_response.all_requests.llc_miss.any_response,85268503,100.00,,
     6.013023127,5866095,,offcore_response.all_requests.llc_hit.any_response,83607104,100.00,,
     6.013023127,78481,,offcore_response.all_requests.llc_miss.any_response,83627022,100.00,,
     6.113241923,6001119,,offcore_response.all_requests.llc_hit.any_response,85987141,100.00,,
     6.113241923,64778,,offcore_response.all_requests.llc_miss.any_response,86001542,100.00,,
     6.213462015,6063647,,offcore_response.all_requests.llc_hit.any_response,82551292,100.00,,
     6.213462015,60253,,offcore_response.all_requests.llc_miss.any_response,82548791,100.00,,
     6.313677508,1274461,,offcore_response.all_requests.llc_hit.any_response,17260282,100.00,,
     6.313677508,13983,,offcore_response.all_requests.llc_miss.any_response,17228464,100.00,,
     6.413890635,10799059,,offcore_response.all_requests.llc_hit.any_response,106474552,100.00,,
     6.413890635,137904,,offcore_response.all_requests.llc_miss.any_response,106492729,100.00,,
     6.514106267,6056470,,offcore_response.all_requests.llc_hit.any_response,78853561,100.00,,
     6.514106267,59507,,offcore_response.all_requests.llc_miss.any_response,78867290,100.00,,
     6.614345556,1633427,,offcore_response.all_requests.llc_hit.any_response,22797884,100.00,,
     6.614345556,17764,,offcore_response.all_requests.llc_miss.any_response,22765978,100.00,,
     6.714557158,10279960,,offcore_response.all_requests.llc_hit.any_response,103693868,100.00,,
     6.714557158,99582,,offcore_response.all_requests.llc_miss.any_response,103693868,100.00,,
     6.814770505,6042441,,offcore_response.all_requests.llc_hit.any_response,78214339,100.00,,
     6.814770505,49566,,offcore_response.all_requests.llc_miss.any_response,78214339,100.00,,
     6.914980160,5985489,,offcore_response.all_requests.llc_hit.any_response,85335312,100.00,,
     6.914980160,50062,,offcore_response.all_requests.llc_miss.any_response,85335312,100.00,,
     7.015191494,6006930,,offcore_response.all_requests.llc_hit.any_response,85086762,100.00,,
     7.015191494,50954,,offcore_response.all_requests.llc_miss.any_response,85156175,100.00,,
     7.115393695,1082013,,offcore_response.all_requests.llc_hit.any_response,15531389,100.00,,
     7.115393695,9948,,offcore_response.all_requests.llc_miss.any_response,15461976,100.00,,
     7.215603171,10876537,,offcore_response.all_requests.llc_hit.any_response,110864053,100.00,,
     7.215603171,102226,,offcore_response.all_requests.llc_miss.any_response,110909577,100.00,,
     7.315821870,5979783,,offcore_response.all_requests.llc_hit.any_response,78956569,100.00,,
     7.315821870,49841,,offcore_response.all_requests.llc_miss.any_response,78970866,100.00,,
     7.416041331,5968158,,offcore_response.all_requests.llc_hit.any_response,77016814,100.00,,
     7.416041331,50843,,offcore_response.all_requests.llc_miss.any_response,76963975,100.00,,
     7.516256068,5922755,,offcore_response.all_requests.llc_hit.any_response,84720870,100.00,,
     7.516256068,49867,,offcore_response.all_requests.llc_miss.any_response,84745483,100.00,,
     7.616476521,5997602,,offcore_response.all_requests.llc_hit.any_response,83800386,100.00,,
     7.616476521,50336,,offcore_response.all_requests.llc_miss.any_response,83800647,100.00,,
     7.716692160,313636,,offcore_response.all_requests.llc_hit.any_response,4613991,100.00,,
     7.716692160,3412,,offcore_response.all_requests.llc_miss.any_response,4582135,100.00,,
     7.816909126,11700270,,offcore_response.all_requests.llc_hit.any_response,117218229,100.00,,
     7.816909126,112434,,offcore_response.all_requests.llc_miss.any_response,117252100,100.00,,
     7.917128115,5923355,,offcore_response.all_requests.llc_hit.any_response,81631547,100.00,,
     7.917128115,49932,,offcore_response.all_requests.llc_miss.any_response,81597676,100.00,,
     8.017337272,6064167,,offcore_response.all_requests.llc_hit.any_response,83870887,100.00,,
     8.017337272,60878,,offcore_response.all_requests.llc_miss.any_response,83870887,100.00,,
     8.117554122,5995372,,offcore_response.all_requests.llc_hit.any_response,84004055,100.00,,
     8.117554122,59674,,offcore_response.all_requests.llc_miss.any_response,84004055,100.00,,
     8.217766984,<not counted>,,offcore_response.all_requests.llc_hit.any_response,0,100.00,,
     8.217766984,<not counted>,,offcore_response.all_requests.llc_miss.any_response,0,100.00,,
     8.317968947,12391379,,offcore_response.all_requests.llc_hit.any_response,121630574,100.00,,
     8.317968947,149990,,offcore_response.all_requests.llc_miss.any_response,121662923,100.00,,
     8.418185147,6035408,,offcore_response.all_requests.llc_hit.any_response,83232657,100.00,,
     8.418185147,64747,,offcore_response.all_requests.llc_miss.any_response,83214794,100.00,,
     8.518396923,6104302,,offcore_response.all_requests.llc_hit.any_response,83334220,100.00,,
     8.518396923,64826,,offcore_response.all_requests.llc_miss.any_response,83319734,100.00,,
     8.618610750,6004943,,offcore_response.all_requests.llc_hit.any_response,83234168,100.00,,
     8.618610750,65074,,offcore_response.all_requests.llc_miss.any_response,83234168,100.00,,
     8.718819541,56551,,offcore_response.all_requests.llc_hit.any_response,915752,100.00,,
     8.718819541,754,,offcore_response.all_requests.llc_miss.any_response,915752,100.00,,
     8.819058823,12187320,,offcore_response.all_requests.llc_hit.any_response,125045578,100.00,,
     8.819058823,150088,,offcore_response.all_requests.llc_miss.any_response,125079352,100.00,,
     8.919259748,5938995,,offcore_response.all_requests.llc_hit.any_response,82708654,100.00,,
     8.919259748,64889,,offcore_response.all_requests.llc_miss.any_response,82746961,100.00,,
     9.019485316,5654998,,offcore_response.all_requests.llc_hit.any_response,79872366,100.00,,
     9.019485316,69921,,offcore_response.all_requests.llc_miss.any_response,79800285,100.00,,
     9.119673934,<not counted>,,offcore_response.all_requests.llc_hit.any_response,0,100.00,,
     9.119673934,<not counted>,,offcore_response.all_requests.llc_miss.any_response,0,100.00,,
     9.219879308,<not counted>,,offcore_response.all_requests.llc_hit.any_response,0,100.00,,
     9.219879308,<not counted>,,offcore_response.all_requests.llc_miss.any_response,0,100.00,,
     9.320085654,16937101,,offcore_response.all_requests.llc_hit.any_response,163592592,100.00,,
     9.320085654,183825,,offcore_response.all_requests.llc_miss.any_response,163648303,100.00,,
     9.420310186,7272339,,offcore_response.all_requests.llc_hit.any_response,85513080,100.00,,
     9.420310186,69862,,offcore_response.all_requests.llc_miss.any_response,85489116,100.00,,
     9.520527529,6073916,,offcore_response.all_requests.llc_hit.any_response,84086720,100.00,,
     9.520527529,56768,,offcore_response.all_requests.llc_miss.any_response,84063558,100.00,,
     9.620747511,5982055,,offcore_response.all_requests.llc_hit.any_response,82708629,100.00,,
     9.620747511,58375,,offcore_response.all_requests.llc_miss.any_response,82700044,100.00,,
     9.720961409,5592016,,offcore_response.all_requests.llc_hit.any_response,77690627,100.00,,
     9.720961409,47266,,offcore_response.all_requests.llc_miss.any_response,77690627,100.00,,
     9.821177992,6390285,,offcore_response.all_requests.llc_hit.any_response,86645823,100.00,,
     9.821177992,56302,,offcore_response.all_requests.llc_miss.any_response,86679646,100.00,,
     9.921401179,6010254,,offcore_response.all_requests.llc_hit.any_response,84733904,100.00,,
     9.921401179,49820,,offcore_response.all_requests.llc_miss.any_response,84771565,100.00,,
    10.021631104,6035295,,offcore_response.all_requests.llc_hit.any_response,85406151,100.00,,
    10.021631104,51075,,offcore_response.all_requests.llc_miss.any_response,85334667,100.00,,
    10.121845826,4890997,,offcore_response.all_requests.llc_hit.any_response,69605488,100.00,,
    10.121845826,41673,,offcore_response.all_requests.llc_miss.any_response,69605488,100.00,,
    10.222059621,512673,,offcore_response.all_requests.llc_hit.any_response,9393699,100.00,,
    10.222059621,5531,,offcore_response.all_requests.llc_miss.any_response,9448386,100.00,,
    10.322283471,12805724,,offcore_response.all_requests.llc_hit.any_response,129541415,100.00,,
    10.322283471,120038,,offcore_response.all_requests.llc_miss.any_response,129519080,100.00,,
    10.422498475,4615711,,offcore_response.all_requests.llc_hit.any_response,65672549,100.00,,
    10.422498475,41123,,offcore_response.all_requests.llc_miss.any_response,65640197,100.00,,
    10.522715613,907152,,offcore_response.all_requests.llc_hit.any_response,16328224,100.00,,
    10.522715613,8768,,offcore_response.all_requests.llc_miss.any_response,16395410,100.00,,
    10.622941178,12434497,,offcore_response.all_requests.llc_hit.any_response,121753879,100.00,,
    10.622941178,115209,,offcore_response.all_requests.llc_miss.any_response,121686693,100.00,,
    10.723134588,6056928,,offcore_response.all_requests.llc_hit.any_response,88323525,100.00,,
    10.723134588,53923,,offcore_response.all_requests.llc_miss.any_response,88357436,100.00,,
    10.823356288,6121833,,offcore_response.all_requests.llc_hit.any_response,83366712,100.00,,
    10.823356288,66441,,offcore_response.all_requests.llc_miss.any_response,83332801,100.00,,
    10.923566467,6097679,,offcore_response.all_requests.llc_hit.any_response,85643283,100.00,,
    10.923566467,66919,,offcore_response.all_requests.llc_miss.any_response,85660372,100.00,,
    11.023800073,5965228,,offcore_response.all_requests.llc_hit.any_response,78821510,100.00,,
    11.023800073,61160,,offcore_response.all_requests.llc_miss.any_response,78804421,100.00,,
