# started on Tue May  2 14:38:08 2023

     0.100338976,8810230,,offcore_response.all_requests.llc_hit.any_response,85076726,100.00,,
     0.100338976,116573,,offcore_response.all_requests.llc_miss.any_response,84821245,100.00,,
     0.200559064,8642026,,offcore_response.all_requests.llc_hit.any_response,78514262,100.00,,
     0.200559064,114512,,offcore_response.all_requests.llc_miss.any_response,78528483,100.00,,
     0.300780609,8585342,,offcore_response.all_requests.llc_hit.any_response,77621243,100.00,,
     0.300780609,113232,,offcore_response.all_requests.llc_miss.any_response,77622318,100.00,,
     0.400996506,8727536,,offcore_response.all_requests.llc_hit.any_response,79599652,100.00,,
     0.400996506,114147,,offcore_response.all_requests.llc_miss.any_response,79639534,100.00,,
     0.501219701,8625845,,offcore_response.all_requests.llc_hit.any_response,77610942,100.00,,
     0.501219701,113668,,offcore_response.all_requests.llc_miss.any_response,77561370,100.00,,
     0.601434084,8698506,,offcore_response.all_requests.llc_hit.any_response,78708665,100.00,,
     0.601434084,116739,,offcore_response.all_requests.llc_miss.any_response,78686163,100.00,,
     0.701647313,5563190,,offcore_response.all_requests.llc_hit.any_response,50467008,100.00,,
     0.701647313,75564,,offcore_response.all_requests.llc_miss.any_response,50467008,100.00,,
     0.801863075,4228895,,offcore_response.all_requests.llc_hit.any_response,46828777,100.00,,
     0.801863075,58235,,offcore_response.all_requests.llc_miss.any_response,46893576,100.00,,
     0.902086815,16783691,,offcore_response.all_requests.llc_hit.any_response,152213337,100.00,,
     0.902086815,228560,,offcore_response.all_requests.llc_miss.any_response,152186647,100.00,,
     1.002314612,5588181,,offcore_response.all_requests.llc_hit.any_response,52794825,100.00,,
     1.002314612,62291,,offcore_response.all_requests.llc_miss.any_response,52756716,100.00,,
     1.102529927,4276866,,offcore_response.all_requests.llc_hit.any_response,46842774,100.00,,
     1.102529927,56955,,offcore_response.all_requests.llc_miss.any_response,46889941,100.00,,
     1.202760872,17001652,,offcore_response.all_requests.llc_hit.any_response,154299265,100.00,,
     1.202760872,233508,,offcore_response.all_requests.llc_miss.any_response,154285838,100.00,,
     1.302977378,5259578,,offcore_response.all_requests.llc_hit.any_response,47516765,100.00,,
     1.302977378,53463,,offcore_response.all_requests.llc_miss.any_response,47483025,100.00,,
     1.403193641,4112801,,offcore_response.all_requests.llc_hit.any_response,46989281,100.00,,
     1.403193641,55605,,offcore_response.all_requests.llc_miss.any_response,47036833,100.00,,
     1.503417088,17173154,,offcore_response.all_requests.llc_hit.any_response,156690567,100.00,,
     1.503417088,231517,,offcore_response.all_requests.llc_miss.any_response,156643015,100.00,,
     1.603629384,4658568,,offcore_response.all_requests.llc_hit.any_response,46702836,100.00,,
     1.603629384,50651,,offcore_response.all_requests.llc_miss.any_response,46702836,100.00,,
     1.703844195,<not counted>,,offcore_response.all_requests.llc_hit.any_response,0,100.00,,
     1.703844195,<not counted>,,offcore_response.all_requests.llc_miss.any_response,0,100.00,,
     1.804058116,4623237,,offcore_response.all_requests.llc_hit.any_response,53434062,100.00,,
     1.804058116,56833,,offcore_response.all_requests.llc_miss.any_response,53489954,100.00,,
     1.904293698,17812259,,offcore_response.all_requests.llc_hit.any_response,164863420,100.00,,
     1.904293698,224647,,offcore_response.all_requests.llc_miss.any_response,164870509,100.00,,
     2.004514752,16130654,,offcore_response.all_requests.llc_hit.any_response,148720906,100.00,,
     2.004514752,185191,,offcore_response.all_requests.llc_miss.any_response,148742118,100.00,,
     2.104750714,2834775,,offcore_response.all_requests.llc_hit.any_response,28322780,100.00,,
     2.104750714,29218,,offcore_response.all_requests.llc_miss.any_response,28238587,100.00,,
     2.204967040,6322025,,offcore_response.all_requests.llc_hit.any_response,68001170,100.00,,
     2.204967040,80028,,offcore_response.all_requests.llc_miss.any_response,68065835,100.00,,
     2.305209685,17052294,,offcore_response.all_requests.llc_hit.any_response,156448543,100.00,,
     2.305209685,210756,,offcore_response.all_requests.llc_miss.any_response,156407648,100.00,,
     2.405425249,1751258,,offcore_response.all_requests.llc_hit.any_response,15970266,100.00,,
     2.405425249,16485,,offcore_response.all_requests.llc_miss.any_response,15946496,100.00,,
     2.505637640,8315509,,offcore_response.all_requests.llc_hit.any_response,83820895,100.00,,
     2.505637640,111880,,offcore_response.all_requests.llc_miss.any_response,83870261,100.00,,
     2.605860806,16726108,,offcore_response.all_requests.llc_hit.any_response,151290478,100.00,,
     2.605860806,222848,,offcore_response.all_requests.llc_miss.any_response,151241112,100.00,,
     2.706072891,687641,,offcore_response.all_requests.llc_hit.any_response,6428044,100.00,,
     2.706072891,9962,,offcore_response.all_requests.llc_miss.any_response,6428044,100.00,,
     2.806286061,<not counted>,,offcore_response.all_requests.llc_hit.any_response,0,100.00,,
     2.806286061,<not counted>,,offcore_response.all_requests.llc_miss.any_response,0,100.00,,
     2.906488269,10112798,,offcore_response.all_requests.llc_hit.any_response,102283906,100.00,,
     2.906488269,122023,,offcore_response.all_requests.llc_miss.any_response,102337216,100.00,,
     3.006716190,18075647,,offcore_response.all_requests.llc_hit.any_response,164942856,100.00,,
     3.006716190,235538,,offcore_response.all_requests.llc_miss.any_response,164940675,100.00,,
     3.106934973,13303132,,offcore_response.all_requests.llc_hit.any_response,121967696,100.00,,
     3.106934973,164844,,offcore_response.all_requests.llc_miss.any_response,121916567,100.00,,
     3.207146560,<not counted>,,offcore_response.all_requests.llc_hit.any_response,0,100.00,,
     3.207146560,<not counted>,,offcore_response.all_requests.llc_miss.any_response,0,100.00,,
     3.307349920,<not counted>,,offcore_response.all_requests.llc_hit.any_response,0,100.00,,
     3.307349920,<not counted>,,offcore_response.all_requests.llc_miss.any_response,0,100.00,,
     3.407562690,<not counted>,,offcore_response.all_requests.llc_hit.any_response,0,100.00,,
     3.407562690,<not counted>,,offcore_response.all_requests.llc_miss.any_response,0,100.00,,
     3.507766322,14797100,,offcore_response.all_requests.llc_hit.any_response,143583608,100.00,,
     3.507766322,209064,,offcore_response.all_requests.llc_miss.any_response,143646839,100.00,,
     3.607986211,18123643,,offcore_response.all_requests.llc_hit.any_response,164743007,100.00,,
     3.607986211,259238,,offcore_response.all_requests.llc_miss.any_response,164736000,100.00,,
     3.708198361,14341573,,offcore_response.all_requests.llc_hit.any_response,139121584,100.00,,
     3.708198361,160070,,offcore_response.all_requests.llc_miss.any_response,139065360,100.00,,
     3.808410316,<not counted>,,offcore_response.all_requests.llc_hit.any_response,0,100.00,,
     3.808410316,<not counted>,,offcore_response.all_requests.llc_miss.any_response,0,100.00,,
     3.908612421,<not counted>,,offcore_response.all_requests.llc_hit.any_response,0,100.00,,
     3.908612421,<not counted>,,offcore_response.all_requests.llc_miss.any_response,0,100.00,,
     4.008812727,15256806,,offcore_response.all_requests.llc_hit.any_response,151141726,100.00,,
     4.008812727,156204,,offcore_response.all_requests.llc_miss.any_response,151205237,100.00,,
     4.109037808,17271947,,offcore_response.all_requests.llc_hit.any_response,165763579,100.00,,
     4.109037808,175495,,offcore_response.all_requests.llc_miss.any_response,165771411,100.00,,
     4.209255744,13194956,,offcore_response.all_requests.llc_hit.any_response,116691583,100.00,,
     4.209255744,103689,,offcore_response.all_requests.llc_miss.any_response,116620240,100.00,,
     4.309466731,<not counted>,,offcore_response.all_requests.llc_hit.any_response,0,100.00,,
     4.309466731,<not counted>,,offcore_response.all_requests.llc_miss.any_response,0,100.00,,
     4.409684594,<not counted>,,offcore_response.all_requests.llc_hit.any_response,0,100.00,,
     4.409684594,<not counted>,,offcore_response.all_requests.llc_miss.any_response,0,100.00,,
     4.509882358,412469,,offcore_response.all_requests.llc_hit.any_response,7351598,100.00,,
     4.509882358,2318,,offcore_response.all_requests.llc_miss.any_response,7385557,100.00,,
     4.610099403,18095265,,offcore_response.all_requests.llc_hit.any_response,164962369,100.00,,
     4.610099403,135960,,offcore_response.all_requests.llc_miss.any_response,164981497,100.00,,
     4.710317601,18898041,,offcore_response.all_requests.llc_hit.any_response,165804747,100.00,,
     4.710317601,142439,,offcore_response.all_requests.llc_miss.any_response,165795859,100.00,,
     4.810535721,9094527,,offcore_response.all_requests.llc_hit.any_response,79784974,100.00,,
     4.810535721,67301,,offcore_response.all_requests.llc_miss.any_response,79740775,100.00,,
     4.910746387,<not counted>,,offcore_response.all_requests.llc_hit.any_response,0,100.00,,
     4.910746387,<not counted>,,offcore_response.all_requests.llc_miss.any_response,0,100.00,,
     5.010950766,3562106,,offcore_response.all_requests.llc_hit.any_response,40176045,100.00,,
     5.010950766,26279,,offcore_response.all_requests.llc_miss.any_response,40247044,100.00,,
     5.111174845,18816283,,offcore_response.all_requests.llc_hit.any_response,165836585,100.00,,
     5.111174845,142456,,offcore_response.all_requests.llc_miss.any_response,165833290,100.00,,
     5.211403697,18940284,,offcore_response.all_requests.llc_hit.any_response,165975321,100.00,,
     5.211403697,140209,,offcore_response.all_requests.llc_miss.any_response,165967462,100.00,,
     5.311628093,4628555,,offcore_response.all_requests.llc_hit.any_response,40532174,100.00,,
     5.311628093,31745,,offcore_response.all_requests.llc_miss.any_response,40472329,100.00,,
     5.411841526,<not counted>,,offcore_response.all_requests.llc_hit.any_response,0,100.00,,
     5.411841526,<not counted>,,offcore_response.all_requests.llc_miss.any_response,0,100.00,,
     5.512044366,<not counted>,,offcore_response.all_requests.llc_hit.any_response,0,100.00,,
     5.512044366,<not counted>,,offcore_response.all_requests.llc_miss.any_response,0,100.00,,
     5.612246246,7699874,,offcore_response.all_requests.llc_hit.any_response,77408479,100.00,,
     5.612246246,53282,,offcore_response.all_requests.llc_miss.any_response,77463205,100.00,,
     5.712473538,18947033,,offcore_response.all_requests.llc_hit.any_response,165824698,100.00,,
     5.712473538,135490,,offcore_response.all_requests.llc_miss.any_response,165821280,100.00,,
     5.812690770,18924611,,offcore_response.all_requests.llc_hit.any_response,165728647,100.00,,
     5.812690770,133779,,offcore_response.all_requests.llc_miss.any_response,165751052,100.00,,
     5.912913362,568677,,offcore_response.all_requests.llc_hit.any_response,5189003,100.00,,
     5.912913362,4976,,offcore_response.all_requests.llc_miss.any_response,5115290,100.00,,
     6.013125427,<not counted>,,offcore_response.all_requests.llc_hit.any_response,0,100.00,,
     6.013125427,<not counted>,,offcore_response.all_requests.llc_miss.any_response,0,100.00,,
     6.113329446,12153092,,offcore_response.all_requests.llc_hit.any_response,116286078,100.00,,
     6.113329446,76143,,offcore_response.all_requests.llc_miss.any_response,116322799,100.00,,
     6.213546838,18708610,,offcore_response.all_requests.llc_hit.any_response,165603195,100.00,,
     6.213546838,120634,,offcore_response.all_requests.llc_miss.any_response,165611557,100.00,,
     6.313762299,14663010,,offcore_response.all_requests.llc_hit.any_response,129508397,100.00,,
     6.313762299,90284,,offcore_response.all_requests.llc_miss.any_response,129463314,100.00,,
     6.413973499,<not counted>,,offcore_response.all_requests.llc_hit.any_response,0,100.00,,
     6.413973499,<not counted>,,offcore_response.all_requests.llc_miss.any_response,0,100.00,,
     6.514176720,<not counted>,,offcore_response.all_requests.llc_hit.any_response,0,100.00,,
     6.514176720,<not counted>,,offcore_response.all_requests.llc_miss.any_response,0,100.00,,
     6.614396369,<not counted>,,offcore_response.all_requests.llc_hit.any_response,0,100.00,,
     6.614396369,<not counted>,,offcore_response.all_requests.llc_miss.any_response,0,100.00,,
     6.714597297,16785066,,offcore_response.all_requests.llc_hit.any_response,155845273,100.00,,
     6.714597297,118938,,offcore_response.all_requests.llc_miss.any_response,155905913,100.00,,
     6.814820126,18874201,,offcore_response.all_requests.llc_hit.any_response,165853515,100.00,,
     6.814820126,134162,,offcore_response.all_requests.llc_miss.any_response,165860041,100.00,,
     6.915041403,10522860,,offcore_response.all_requests.llc_hit.any_response,93193101,100.00,,
     6.915041403,76493,,offcore_response.all_requests.llc_miss.any_response,93125935,100.00,,
     7.015256404,<not counted>,,offcore_response.all_requests.llc_hit.any_response,0,100.00,,
     7.015256404,<not counted>,,offcore_response.all_requests.llc_miss.any_response,0,100.00,,
     7.115471848,2034255,,offcore_response.all_requests.llc_hit.any_response,27429457,100.00,,
     7.115471848,12902,,offcore_response.all_requests.llc_miss.any_response,27466061,100.00,,
     7.215716413,18762633,,offcore_response.all_requests.llc_hit.any_response,166333794,100.00,,
     7.215716413,121125,,offcore_response.all_requests.llc_miss.any_response,166350427,100.00,,
     7.315933642,18658777,,offcore_response.all_requests.llc_hit.any_response,165829092,100.00,,
     7.315933642,125164,,offcore_response.all_requests.llc_miss.any_response,165842861,100.00,,
     7.416152350,6045997,,offcore_response.all_requests.llc_hit.any_response,53723997,100.00,,
     7.416152350,41522,,offcore_response.all_requests.llc_miss.any_response,53656991,100.00,,
     7.516366334,<not counted>,,offcore_response.all_requests.llc_hit.any_response,0,100.00,,
     7.516366334,<not counted>,,offcore_response.all_requests.llc_miss.any_response,0,100.00,,
     7.616572285,<not counted>,,offcore_response.all_requests.llc_hit.any_response,0,100.00,,
     7.616572285,<not counted>,,offcore_response.all_requests.llc_miss.any_response,0,100.00,,
     7.716781128,6377628,,offcore_response.all_requests.llc_hit.any_response,65491003,100.00,,
     7.716781128,43004,,offcore_response.all_requests.llc_miss.any_response,65544846,100.00,,
     7.817004881,18912355,,offcore_response.all_requests.llc_hit.any_response,166091076,100.00,,
     7.817004881,130471,,offcore_response.all_requests.llc_miss.any_response,166088800,100.00,,
     7.917228692,18903646,,offcore_response.all_requests.llc_hit.any_response,165978360,100.00,,
     7.917228692,137232,,offcore_response.all_requests.llc_miss.any_response,165995548,100.00,,
     8.017451956,1756912,,offcore_response.all_requests.llc_hit.any_response,15605067,100.00,,
     8.017451956,12479,,offcore_response.all_requests.llc_miss.any_response,15536312,100.00,,
     8.117663999,<not counted>,,offcore_response.all_requests.llc_hit.any_response,0,100.00,,
     8.117663999,<not counted>,,offcore_response.all_requests.llc_miss.any_response,0,100.00,,
     8.217879158,10742443,,offcore_response.all_requests.llc_hit.any_response,104336399,100.00,,
     8.217879158,71796,,offcore_response.all_requests.llc_miss.any_response,104410329,100.00,,
     8.318106841,18645492,,offcore_response.all_requests.llc_hit.any_response,165683428,100.00,,
     8.318106841,128390,,offcore_response.all_requests.llc_miss.any_response,165675556,100.00,,
     8.418324194,15766184,,offcore_response.all_requests.llc_hit.any_response,140777019,100.00,,
     8.418324194,109280,,offcore_response.all_requests.llc_miss.any_response,140710961,100.00,,
     8.518536969,<not counted>,,offcore_response.all_requests.llc_hit.any_response,0,100.00,,
     8.518536969,<not counted>,,offcore_response.all_requests.llc_miss.any_response,0,100.00,,
     8.618740558,<not counted>,,offcore_response.all_requests.llc_hit.any_response,0,100.00,,
     8.618740558,<not counted>,,offcore_response.all_requests.llc_miss.any_response,0,100.00,,
     8.718963163,<not counted>,,offcore_response.all_requests.llc_hit.any_response,0,100.00,,
     8.718963163,<not counted>,,offcore_response.all_requests.llc_miss.any_response,0,100.00,,
     8.819166921,15347117,,offcore_response.all_requests.llc_hit.any_response,142884646,100.00,,
     8.819166921,108137,,offcore_response.all_requests.llc_miss.any_response,142939947,100.00,,
     8.919390688,18885451,,offcore_response.all_requests.llc_hit.any_response,165582378,100.00,,
     8.919390688,128262,,offcore_response.all_requests.llc_miss.any_response,165580292,100.00,,
     9.019647322,11874693,,offcore_response.all_requests.llc_hit.any_response,104020357,100.00,,
     9.019647322,79817,,offcore_response.all_requests.llc_miss.any_response,103967142,100.00,,
     9.119858216,<not counted>,,offcore_response.all_requests.llc_hit.any_response,0,100.00,,
     9.119858216,<not counted>,,offcore_response.all_requests.llc_miss.any_response,0,100.00,,
     9.220060537,829090,,offcore_response.all_requests.llc_hit.any_response,14669289,100.00,,
     9.220060537,5727,,offcore_response.all_requests.llc_miss.any_response,14712605,100.00,,
     9.320288607,18315715,,offcore_response.all_requests.llc_hit.any_response,165850734,100.00,,
     9.320288607,119541,,offcore_response.all_requests.llc_miss.any_response,165865687,100.00,,
     9.420510854,18388109,,offcore_response.all_requests.llc_hit.any_response,165810399,100.00,,
     9.420510854,71054,,offcore_response.all_requests.llc_miss.any_response,165800913,100.00,,
     9.520730964,7633669,,offcore_response.all_requests.llc_hit.any_response,68239842,100.00,,
     9.520730964,29605,,offcore_response.all_requests.llc_miss.any_response,68191059,100.00,,
     9.620943806,<not counted>,,offcore_response.all_requests.llc_hit.any_response,0,100.00,,
     9.620943806,<not counted>,,offcore_response.all_requests.llc_miss.any_response,0,100.00,,
     9.721146132,<not counted>,,offcore_response.all_requests.llc_hit.any_response,0,100.00,,
     9.721146132,<not counted>,,offcore_response.all_requests.llc_miss.any_response,0,100.00,,
     9.821349716,4745522,,offcore_response.all_requests.llc_hit.any_response,51068295,100.00,,
     9.821349716,17278,,offcore_response.all_requests.llc_miss.any_response,51128553,100.00,,
     9.921578381,18610648,,offcore_response.all_requests.llc_hit.any_response,165682121,100.00,,
     9.921578381,69290,,offcore_response.all_requests.llc_miss.any_response,165676858,100.00,,
    10.021800024,18042691,,offcore_response.all_requests.llc_hit.any_response,165413620,100.00,,
    10.021800024,69782,,offcore_response.all_requests.llc_miss.any_response,165427022,100.00,,
    10.122019819,3843062,,offcore_response.all_requests.llc_hit.any_response,34563794,100.00,,
    10.122019819,18067,,offcore_response.all_requests.llc_miss.any_response,34495397,100.00,,
    10.222235772,<not counted>,,offcore_response.all_requests.llc_hit.any_response,0,100.00,,
    10.222235772,<not counted>,,offcore_response.all_requests.llc_miss.any_response,0,100.00,,
    10.322439198,8483710,,offcore_response.all_requests.llc_hit.any_response,86313936,100.00,,
    10.322439198,34005,,offcore_response.all_requests.llc_miss.any_response,86373444,100.00,,
    10.422670335,18321813,,offcore_response.all_requests.llc_hit.any_response,166043892,100.00,,
    10.422670335,73355,,offcore_response.all_requests.llc_miss.any_response,166038867,100.00,,
    10.522894700,17307265,,offcore_response.all_requests.llc_hit.any_response,157168526,100.00,,
    10.522894700,67822,,offcore_response.all_requests.llc_miss.any_response,157114043,100.00,,
    10.623110507,<not counted>,,offcore_response.all_requests.llc_hit.any_response,0,100.00,,
    10.623110507,<not counted>,,offcore_response.all_requests.llc_miss.any_response,0,100.00,,
    10.723312162,<not counted>,,offcore_response.all_requests.llc_hit.any_response,0,100.00,,
    10.723312162,<not counted>,,offcore_response.all_requests.llc_miss.any_response,0,100.00,,
    10.823529437,<not counted>,,offcore_response.all_requests.llc_hit.any_response,0,100.00,,
    10.823529437,<not counted>,,offcore_response.all_requests.llc_miss.any_response,0,100.00,,
    10.923749928,13207222,,offcore_response.all_requests.llc_hit.any_response,125998534,100.00,,
    10.923749928,50931,,offcore_response.all_requests.llc_miss.any_response,126056583,100.00,,
    11.023977283,18534341,,offcore_response.all_requests.llc_hit.any_response,165703353,100.00,,
    11.023977283,72462,,offcore_response.all_requests.llc_miss.any_response,165712335,100.00,,
