# started on Tue May  2 14:35:28 2023

     0.100220747,1772250,,mem_load_uops_retired.l1_miss,91974161,100.00,20.3,L1MPKI
     0.100220747,87190292,,inst_retired.any,91974161,100.00,,
     0.200497586,1788885,,mem_load_uops_retired.l1_miss,83889957,100.00,20.4,L1MPKI
     0.200497586,88067779,,inst_retired.any,83889957,100.00,,
     0.300705254,1779619,,mem_load_uops_retired.l1_miss,85692709,100.00,20.3,L1MPKI
     0.300705254,87575533,,inst_retired.any,85692709,100.00,,
     0.400906640,1781905,,mem_load_uops_retired.l1_miss,79195050,100.00,20.3,L1MPKI
     0.400906640,87878071,,inst_retired.any,79195050,100.00,,
     0.501110025,1754701,,mem_load_uops_retired.l1_miss,76429580,100.00,20.1,L1MPKI
     0.501110025,86670896,,inst_retired.any,76429580,100.00,,
     0.601315983,1799755,,mem_load_uops_retired.l1_miss,84572508,100.00,20.5,L1MPKI
     0.601315983,88792308,,inst_retired.any,84572508,100.00,,
     0.701527850,865002,,mem_load_uops_retired.l1_miss,43137414,100.00,10.6,L1MPKI
     0.701527850,42699853,,inst_retired.any,43137414,100.00,,
     0.801732067,<not counted>,,mem_load_uops_retired.l1_miss,0,100.00,,
     0.801732067,<not counted>,,inst_retired.any,0,100.00,,
     0.901916064,1624788,,mem_load_uops_retired.l1_miss,77491622,100.00,22.6,L1MPKI
     0.901916064,79013706,,inst_retired.any,77491622,100.00,,
     1.002127811,3703682,,mem_load_uops_retired.l1_miss,160591673,100.00,44.6,L1MPKI
     1.002127811,182786768,,inst_retired.any,160591673,100.00,,
     1.102336592,2822280,,mem_load_uops_retired.l1_miss,122571919,100.00,32.0,L1MPKI
     1.102336592,139296256,,inst_retired.any,122571919,100.00,,
     1.202543381,760043,,mem_load_uops_retired.l1_miss,33223661,100.00,9.1,L1MPKI
     1.202543381,37614169,,inst_retired.any,33223661,100.00,,
     1.302743134,1605505,,mem_load_uops_retired.l1_miss,77225955,100.00,19.2,L1MPKI
     1.302743134,78582552,,inst_retired.any,77225955,100.00,,
     1.402907515,3091606,,mem_load_uops_retired.l1_miss,134422515,100.00,34.9,L1MPKI
     1.402907515,152834655,,inst_retired.any,134422515,100.00,,
     1.503115649,780003,,mem_load_uops_retired.l1_miss,34580700,100.00,9.2,L1MPKI
     1.503115649,38709415,,inst_retired.any,34580700,100.00,,
     1.603312312,1599622,,mem_load_uops_retired.l1_miss,76530912,100.00,18.9,L1MPKI
     1.603312312,77940909,,inst_retired.any,76530912,100.00,,
     1.703544164,3125326,,mem_load_uops_retired.l1_miss,135055770,100.00,35.2,L1MPKI
     1.703544164,153921343,,inst_retired.any,135055770,100.00,,
     1.803744421,527082,,mem_load_uops_retired.l1_miss,26198055,100.00,6.2,L1MPKI
     1.803744421,26148921,,inst_retired.any,26198055,100.00,,
     1.903944149,<not counted>,,mem_load_uops_retired.l1_miss,0,100.00,,
     1.903944149,<not counted>,,inst_retired.any,0,100.00,,
     2.004126284,1676828,,mem_load_uops_retired.l1_miss,80432787,100.00,20.7,L1MPKI
     2.004126284,81858556,,inst_retired.any,80432787,100.00,,
     2.104328720,3729270,,mem_load_uops_retired.l1_miss,161253175,100.00,43.5,L1MPKI
     2.104328720,183854756,,inst_retired.any,161253175,100.00,,
     2.204535008,3066676,,mem_load_uops_retired.l1_miss,132892082,100.00,34.5,L1MPKI
     2.204535008,151333975,,inst_retired.any,132892082,100.00,,
     2.304744225,353760,,mem_load_uops_retired.l1_miss,15366750,100.00,4.1,L1MPKI
     2.304744225,17538551,,inst_retired.any,15366750,100.00,,
     2.404943285,1903648,,mem_load_uops_retired.l1_miss,90083853,100.00,22.1,L1MPKI
     2.404943285,93117037,,inst_retired.any,90083853,100.00,,
     2.505149011,3153944,,mem_load_uops_retired.l1_miss,136866143,100.00,35.5,L1MPKI
     2.505149011,155626980,,inst_retired.any,136866143,100.00,,
     2.605353667,225428,,mem_load_uops_retired.l1_miss,9852154,100.00,2.6,L1MPKI
     2.605353667,11174856,,inst_retired.any,9852154,100.00,,
     2.705552831,2134581,,mem_load_uops_retired.l1_miss,100117604,100.00,24.7,L1MPKI
     2.705552831,104736641,,inst_retired.any,100117604,100.00,,
     2.805764555,3047029,,mem_load_uops_retired.l1_miss,132412605,100.00,34.3,L1MPKI
     2.805764555,150418550,,inst_retired.any,132412605,100.00,,
     2.905996769,58343,,mem_load_uops_retired.l1_miss,2641525,100.00,0.7,L1MPKI
     2.905996769,2938399,,inst_retired.any,2641525,100.00,,
     3.006199094,<not counted>,,mem_load_uops_retired.l1_miss,0,100.00,,
     3.006199094,<not counted>,,inst_retired.any,0,100.00,,
     3.106380758,2457762,,mem_load_uops_retired.l1_miss,114857410,100.00,29.2,L1MPKI
     3.106380758,120688607,,inst_retired.any,114857410,100.00,,
     3.206588292,3706337,,mem_load_uops_retired.l1_miss,161239168,100.00,42.5,L1MPKI
     3.206588292,183389117,,inst_retired.any,161239168,100.00,,
     3.306795192,2515806,,mem_load_uops_retired.l1_miss,109851186,100.00,28.5,L1MPKI
     3.306795192,124682835,,inst_retired.any,109851186,100.00,,
     3.406998656,<not counted>,,mem_load_uops_retired.l1_miss,0,100.00,,
     3.406998656,<not counted>,,inst_retired.any,0,100.00,,
     3.507182910,2973366,,mem_load_uops_retired.l1_miss,136091231,100.00,34.0,L1MPKI
     3.507182910,145288750,,inst_retired.any,136091231,100.00,,
     3.607394591,2271410,,mem_load_uops_retired.l1_miss,99864339,100.00,25.8,L1MPKI
     3.607394591,112163517,,inst_retired.any,99864339,100.00,,
     3.707598576,<not counted>,,mem_load_uops_retired.l1_miss,0,100.00,,
     3.707598576,<not counted>,,inst_retired.any,0,100.00,,
     3.807781909,3379834,,mem_load_uops_retired.l1_miss,155334188,100.00,38.4,L1MPKI
     3.807781909,166375005,,inst_retired.any,155334188,100.00,,
     3.907988962,1810026,,mem_load_uops_retired.l1_miss,79449909,100.00,20.6,L1MPKI
     3.907988962,89982751,,inst_retired.any,79449909,100.00,,
     4.008188952,<not counted>,,mem_load_uops_retired.l1_miss,0,100.00,,
     4.008188952,<not counted>,,inst_retired.any,0,100.00,,
     4.108370737,150942,,mem_load_uops_retired.l1_miss,14152596,100.00,1.8,L1MPKI
     4.108370737,7704660,,inst_retired.any,14152596,100.00,,
     4.208581185,3734196,,mem_load_uops_retired.l1_miss,160826163,100.00,43.3,L1MPKI
     4.208581185,182624290,,inst_retired.any,160826163,100.00,,
     4.308786324,3732356,,mem_load_uops_retired.l1_miss,160979221,100.00,42.2,L1MPKI
     4.308786324,184099541,,inst_retired.any,160979221,100.00,,
     4.408993858,1068507,,mem_load_uops_retired.l1_miss,46306393,100.00,12.2,L1MPKI
     4.408993858,52865250,,inst_retired.any,46306393,100.00,,
     4.509194428,879461,,mem_load_uops_retired.l1_miss,46609121,100.00,10.1,L1MPKI
     4.509194428,42755941,,inst_retired.any,46609121,100.00,,
     4.609400923,3725450,,mem_load_uops_retired.l1_miss,160504947,100.00,42.0,L1MPKI
     4.609400923,183014149,,inst_retired.any,160504947,100.00,,
     4.709604536,601860,,mem_load_uops_retired.l1_miss,26318879,100.00,6.9,L1MPKI
     4.709604536,29783630,,inst_retired.any,26318879,100.00,,
     4.809805442,1446091,,mem_load_uops_retired.l1_miss,70142570,100.00,16.6,L1MPKI
     4.809805442,71105571,,inst_retired.any,70142570,100.00,,
     4.910013628,3528617,,mem_load_uops_retired.l1_miss,152759832,100.00,39.7,L1MPKI
     4.910013628,174352955,,inst_retired.any,152759832,100.00,,
     5.010221074,216115,,mem_load_uops_retired.l1_miss,9854670,100.00,2.5,L1MPKI
     5.010221074,10712569,,inst_retired.any,9854670,100.00,,
     5.110421977,<not counted>,,mem_load_uops_retired.l1_miss,0,100.00,,
     5.110421977,<not counted>,,inst_retired.any,0,100.00,,
     5.210603384,2000142,,mem_load_uops_retired.l1_miss,95048531,100.00,23.3,L1MPKI
     5.210603384,98998038,,inst_retired.any,95048531,100.00,,
     5.310809671,3730426,,mem_load_uops_retired.l1_miss,161348345,100.00,42.5,L1MPKI
     5.310809671,184882422,,inst_retired.any,161348345,100.00,,
     5.411012561,2715114,,mem_load_uops_retired.l1_miss,118223941,100.00,30.6,L1MPKI
     5.411012561,134791774,,inst_retired.any,118223941,100.00,,
     5.511217556,<not counted>,,mem_load_uops_retired.l1_miss,0,100.00,,
     5.511217556,<not counted>,,inst_retired.any,0,100.00,,
     5.611404516,2935162,,mem_load_uops_retired.l1_miss,136599014,100.00,33.3,L1MPKI
     5.611404516,144826104,,inst_retired.any,136599014,100.00,,
     5.711615284,2203916,,mem_load_uops_retired.l1_miss,97042766,100.00,24.9,L1MPKI
     5.711615284,109121368,,inst_retired.any,97042766,100.00,,
     5.811838025,<not counted>,,mem_load_uops_retired.l1_miss,0,100.00,,
     5.811838025,<not counted>,,inst_retired.any,0,100.00,,
     5.912023795,3494857,,mem_load_uops_retired.l1_miss,161520669,100.00,39.5,L1MPKI
     5.912023795,172037122,,inst_retired.any,161520669,100.00,,
     6.012231407,1667555,,mem_load_uops_retired.l1_miss,73023006,100.00,18.9,L1MPKI
     6.012231407,82223660,,inst_retired.any,73023006,100.00,,
     6.112433455,<not counted>,,mem_load_uops_retired.l1_miss,0,100.00,,
     6.112433455,<not counted>,,inst_retired.any,0,100.00,,
     6.212622446,305007,,mem_load_uops_retired.l1_miss,23135229,100.00,3.6,L1MPKI
     6.212622446,14875118,,inst_retired.any,23135229,100.00,,
     6.312836423,3799088,,mem_load_uops_retired.l1_miss,165027032,100.00,43.5,L1MPKI
     6.312836423,187856826,,inst_retired.any,165027032,100.00,,
     6.413047505,3761965,,mem_load_uops_retired.l1_miss,164621436,100.00,42.3,L1MPKI
     6.413047505,186832804,,inst_retired.any,164621436,100.00,,
     6.513255364,611257,,mem_load_uops_retired.l1_miss,26799358,100.00,7.0,L1MPKI
     6.513255364,30323821,,inst_retired.any,26799358,100.00,,
     6.613461179,1489451,,mem_load_uops_retired.l1_miss,72482367,100.00,17.0,L1MPKI
     6.613461179,72568946,,inst_retired.any,72482367,100.00,,
     6.713676807,3576144,,mem_load_uops_retired.l1_miss,157157229,100.00,40.2,L1MPKI
     6.713676807,176472337,,inst_retired.any,157157229,100.00,,
     6.813884627,41754,,mem_load_uops_retired.l1_miss,2004573,100.00,0.5,L1MPKI
     6.813884627,2105911,,inst_retired.any,2004573,100.00,,
     6.914091787,2252063,,mem_load_uops_retired.l1_miss,105459152,100.00,25.6,L1MPKI
     6.914091787,109666171,,inst_retired.any,105459152,100.00,,
     7.014296588,2927378,,mem_load_uops_retired.l1_miss,128226070,100.00,32.9,L1MPKI
     7.014296588,144316744,,inst_retired.any,128226070,100.00,,
     7.114500144,<not counted>,,mem_load_uops_retired.l1_miss,0,100.00,,
     7.114500144,<not counted>,,inst_retired.any,0,100.00,,
     7.214682152,<not counted>,,mem_load_uops_retired.l1_miss,0,100.00,,
     7.214682152,<not counted>,,inst_retired.any,0,100.00,,
     7.314826127,2998578,,mem_load_uops_retired.l1_miss,138722436,100.00,34.4,L1MPKI
     7.314826127,146981125,,inst_retired.any,138722436,100.00,,
     7.415035826,3764379,,mem_load_uops_retired.l1_miss,164906152,100.00,42.5,L1MPKI
     7.415035826,185512217,,inst_retired.any,164906152,100.00,,
     7.515244507,1579263,,mem_load_uops_retired.l1_miss,68872409,100.00,17.9,L1MPKI
     7.515244507,77847483,,inst_retired.any,68872409,100.00,,
     7.615451299,697808,,mem_load_uops_retired.l1_miss,38520523,100.00,8.0,L1MPKI
     7.615451299,33997074,,inst_retired.any,38520523,100.00,,
     7.715654607,3841158,,mem_load_uops_retired.l1_miss,164896563,100.00,43.2,L1MPKI
     7.715654607,187610348,,inst_retired.any,164896563,100.00,,
     7.815864597,719092,,mem_load_uops_retired.l1_miss,31246491,100.00,8.1,L1MPKI
     7.815864597,35312132,,inst_retired.any,31246491,100.00,,
     7.916069331,1472950,,mem_load_uops_retired.l1_miss,73369878,100.00,16.7,L1MPKI
     7.916069331,72182170,,inst_retired.any,73369878,100.00,,
     8.016257451,3573245,,mem_load_uops_retired.l1_miss,156600738,100.00,40.1,L1MPKI
     8.016257451,176205943,,inst_retired.any,156600738,100.00,,
     8.116460475,<not counted>,,mem_load_uops_retired.l1_miss,0,100.00,,
     8.116460475,<not counted>,,inst_retired.any,0,100.00,,
     8.216639722,<not counted>,,mem_load_uops_retired.l1_miss,0,100.00,,
     8.216639722,<not counted>,,inst_retired.any,0,100.00,,
     8.316823827,2325153,,mem_load_uops_retired.l1_miss,109855118,100.00,26.6,L1MPKI
     8.316823827,113292397,,inst_retired.any,109855118,100.00,,
     8.417032193,3762881,,mem_load_uops_retired.l1_miss,164873991,100.00,42.5,L1MPKI
     8.417032193,185401453,,inst_retired.any,164873991,100.00,,
     8.517234365,2040738,,mem_load_uops_retired.l1_miss,89289853,100.00,23.0,L1MPKI
     8.517234365,100537993,,inst_retired.any,89289853,100.00,,
     8.617450577,196490,,mem_load_uops_retired.l1_miss,16763244,100.00,2.2,L1MPKI
     8.617450577,9588947,,inst_retired.any,16763244,100.00,,
     8.717668472,3714525,,mem_load_uops_retired.l1_miss,164455998,100.00,41.8,L1MPKI
     8.717668472,183768589,,inst_retired.any,164455998,100.00,,
     8.817880627,1213093,,mem_load_uops_retired.l1_miss,53653639,100.00,13.7,L1MPKI
     8.817880627,60249014,,inst_retired.any,53653639,100.00,,
     8.918086905,1021126,,mem_load_uops_retired.l1_miss,52765419,100.00,11.6,L1MPKI
     8.918086905,49953062,,inst_retired.any,52765419,100.00,,
     9.018299862,3777363,,mem_load_uops_retired.l1_miss,165007112,100.00,42.4,L1MPKI
     9.018299862,186923335,,inst_retired.any,165007112,100.00,,
     9.118508734,316262,,mem_load_uops_retired.l1_miss,14069288,100.00,3.6,L1MPKI
     9.118508734,15614903,,inst_retired.any,14069288,100.00,,
     9.218709772,<not counted>,,mem_load_uops_retired.l1_miss,0,100.00,,
     9.218709772,<not counted>,,inst_retired.any,0,100.00,,
     9.318895042,1886843,,mem_load_uops_retired.l1_miss,91653209,100.00,21.6,L1MPKI
     9.318895042,93479641,,inst_retired.any,91653209,100.00,,
     9.419104851,3748648,,mem_load_uops_retired.l1_miss,165110079,100.00,42.3,L1MPKI
     9.419104851,185715787,,inst_retired.any,165110079,100.00,,
     9.519314117,2311903,,mem_load_uops_retired.l1_miss,107225063,100.00,26.0,L1MPKI
     9.519314117,114454388,,inst_retired.any,107225063,100.00,,
     9.619531958,<not counted>,,mem_load_uops_retired.l1_miss,0,100.00,,
     9.619531958,<not counted>,,inst_retired.any,0,100.00,,
     9.719679654,3489473,,mem_load_uops_retired.l1_miss,162051754,100.00,39.3,L1MPKI
     9.719679654,170584061,,inst_retired.any,162051754,100.00,,
     9.819888034,1571899,,mem_load_uops_retired.l1_miss,70175831,100.00,17.7,L1MPKI
     9.819888034,77264068,,inst_retired.any,70175831,100.00,,
     9.920096972,592864,,mem_load_uops_retired.l1_miss,35397617,100.00,6.7,L1MPKI
     9.920096972,28765050,,inst_retired.any,35397617,100.00,,
    10.020305488,3706880,,mem_load_uops_retired.l1_miss,164421139,100.00,41.7,L1MPKI
    10.020305488,182242704,,inst_retired.any,164421139,100.00,,
    10.120513156,764210,,mem_load_uops_retired.l1_miss,34121851,100.00,8.6,L1MPKI
    10.120513156,37654316,,inst_retired.any,34121851,100.00,,
    10.220715766,<not counted>,,mem_load_uops_retired.l1_miss,0,100.00,,
    10.220715766,<not counted>,,inst_retired.any,0,100.00,,
    10.320901914,1459738,,mem_load_uops_retired.l1_miss,72256540,100.00,16.7,L1MPKI
    10.320901914,70893683,,inst_retired.any,72256540,100.00,,
    10.421112686,3587894,,mem_load_uops_retired.l1_miss,164195749,100.00,40.6,L1MPKI
    10.421112686,176411162,,inst_retired.any,164195749,100.00,,
    10.521316124,2761583,,mem_load_uops_retired.l1_miss,123659966,100.00,31.1,L1MPKI
    10.521316124,136079120,,inst_retired.any,123659966,100.00,,
    10.621521165,<not counted>,,mem_load_uops_retired.l1_miss,0,100.00,,
    10.621521165,<not counted>,,inst_retired.any,0,100.00,,
    10.721703755,3139573,,mem_load_uops_retired.l1_miss,146796048,100.00,35.5,L1MPKI
    10.721703755,153608325,,inst_retired.any,146796048,100.00,,
    10.821909849,1856095,,mem_load_uops_retired.l1_miss,82926304,100.00,21.0,L1MPKI
    10.821909849,91635939,,inst_retired.any,82926304,100.00,,
    10.922112840,308890,,mem_load_uops_retired.l1_miss,22263666,100.00,3.5,L1MPKI
    10.922112840,14993119,,inst_retired.any,22263666,100.00,,
    11.022320248,3690659,,mem_load_uops_retired.l1_miss,164308631,100.00,41.6,L1MPKI
    11.022320248,181744880,,inst_retired.any,164308631,100.00,,
