# started on Tue May  2 16:04:53 2023

     0.100177225,3113946,,offcore_response.all_requests.llc_hit.any_response,41579804,100.00,,
     0.100177225,381,,offcore_response.all_requests.llc_miss.any_response,41552053,100.00,,
     0.200397767,3107198,,offcore_response.all_requests.llc_hit.any_response,41816945,100.00,,
     0.200397767,430,,offcore_response.all_requests.llc_miss.any_response,41836324,100.00,,
     0.300584523,3165364,,offcore_response.all_requests.llc_hit.any_response,41667288,100.00,,
     0.300584523,309,,offcore_response.all_requests.llc_miss.any_response,41647909,100.00,,
     0.400769209,3075940,,offcore_response.all_requests.llc_hit.any_response,41626327,100.00,,
     0.400769209,387,,offcore_response.all_requests.llc_miss.any_response,41645516,100.00,,
     0.500957404,3115294,,offcore_response.all_requests.llc_hit.any_response,41649688,100.00,,
     0.500957404,371,,offcore_response.all_requests.llc_miss.any_response,41630499,100.00,,
     0.601143860,3067262,,offcore_response.all_requests.llc_hit.any_response,41074569,100.00,,
     0.601143860,368,,offcore_response.all_requests.llc_miss.any_response,41074569,100.00,,
     0.701329259,3061712,,offcore_response.all_requests.llc_hit.any_response,41123962,100.00,,
     0.701329259,589,,offcore_response.all_requests.llc_miss.any_response,41143876,100.00,,
     0.801519652,3068123,,offcore_response.all_requests.llc_hit.any_response,40846627,100.00,,
     0.801519652,233,,offcore_response.all_requests.llc_miss.any_response,40826713,100.00,,
     0.901703858,3078773,,offcore_response.all_requests.llc_hit.any_response,41057606,100.00,,
     0.901703858,159,,offcore_response.all_requests.llc_miss.any_response,41077126,100.00,,
     1.001896830,3143316,,offcore_response.all_requests.llc_hit.any_response,41626667,100.00,,
     1.001896830,322,,offcore_response.all_requests.llc_miss.any_response,41620280,100.00,,
     1.102085746,3118449,,offcore_response.all_requests.llc_hit.any_response,41832330,100.00,,
     1.102085746,468,,offcore_response.all_requests.llc_miss.any_response,41830002,100.00,,
     1.202272357,3082315,,offcore_response.all_requests.llc_hit.any_response,40996521,100.00,,
     1.202272357,406,,offcore_response.all_requests.llc_miss.any_response,40997029,100.00,,
     1.302464792,3122158,,offcore_response.all_requests.llc_hit.any_response,42233595,100.00,,
     1.302464792,354,,offcore_response.all_requests.llc_miss.any_response,42222282,100.00,,
     1.402650414,3047664,,offcore_response.all_requests.llc_hit.any_response,41182667,100.00,,
     1.402650414,336,,offcore_response.all_requests.llc_miss.any_response,41202062,100.00,,
     1.502842368,3103895,,offcore_response.all_requests.llc_hit.any_response,42101267,100.00,,
     1.502842368,269,,offcore_response.all_requests.llc_miss.any_response,42101452,100.00,,
     1.603035564,3092556,,offcore_response.all_requests.llc_hit.any_response,41185282,100.00,,
     1.603035564,315,,offcore_response.all_requests.llc_miss.any_response,41165702,100.00,,
     1.703223010,3128195,,offcore_response.all_requests.llc_hit.any_response,41839587,100.00,,
     1.703223010,308,,offcore_response.all_requests.llc_miss.any_response,41839587,100.00,,
     1.803413322,3076459,,offcore_response.all_requests.llc_hit.any_response,41558320,100.00,,
     1.803413322,246,,offcore_response.all_requests.llc_miss.any_response,41558320,100.00,,
     1.903602359,3146743,,offcore_response.all_requests.llc_hit.any_response,42189198,100.00,,
     1.903602359,836,,offcore_response.all_requests.llc_miss.any_response,42189198,100.00,,
     2.003812462,3092528,,offcore_response.all_requests.llc_hit.any_response,41556847,100.00,,
     2.003812462,380,,offcore_response.all_requests.llc_miss.any_response,41556847,100.00,,
     2.104002544,3087166,,offcore_response.all_requests.llc_hit.any_response,41554101,100.00,,
     2.104002544,378,,offcore_response.all_requests.llc_miss.any_response,41554101,100.00,,
     2.204187050,3112253,,offcore_response.all_requests.llc_hit.any_response,41264620,100.00,,
     2.204187050,409,,offcore_response.all_requests.llc_miss.any_response,41264620,100.00,,
     2.304394589,3068908,,offcore_response.all_requests.llc_hit.any_response,41412465,100.00,,
     2.304394589,219,,offcore_response.all_requests.llc_miss.any_response,41431900,100.00,,
     2.404585487,3135241,,offcore_response.all_requests.llc_hit.any_response,42075889,100.00,,
     2.404585487,386,,offcore_response.all_requests.llc_miss.any_response,42056454,100.00,,
     2.504771199,3057161,,offcore_response.all_requests.llc_hit.any_response,41142343,100.00,,
     2.504771199,316,,offcore_response.all_requests.llc_miss.any_response,41161910,100.00,,
     2.604961443,3154039,,offcore_response.all_requests.llc_hit.any_response,42709309,100.00,,
     2.604961443,297,,offcore_response.all_requests.llc_miss.any_response,42709424,100.00,,
     2.705151852,3110512,,offcore_response.all_requests.llc_hit.any_response,42278351,100.00,,
     2.705151852,390,,offcore_response.all_requests.llc_miss.any_response,42258669,100.00,,
     2.805336880,3061870,,offcore_response.all_requests.llc_hit.any_response,41047776,100.00,,
     2.805336880,651,,offcore_response.all_requests.llc_miss.any_response,41064204,100.00,,
     2.905527521,3120662,,offcore_response.all_requests.llc_hit.any_response,41447713,100.00,,
     2.905527521,525,,offcore_response.all_requests.llc_miss.any_response,41431285,100.00,,
     3.005710283,3104538,,offcore_response.all_requests.llc_hit.any_response,41325377,100.00,,
     3.005710283,299,,offcore_response.all_requests.llc_miss.any_response,41344889,100.00,,
     3.105899159,3087843,,offcore_response.all_requests.llc_hit.any_response,41903951,100.00,,
     3.105899159,301,,offcore_response.all_requests.llc_miss.any_response,41904082,100.00,,
     3.206090263,3097345,,offcore_response.all_requests.llc_hit.any_response,41709036,100.00,,
     3.206090263,364,,offcore_response.all_requests.llc_miss.any_response,41689393,100.00,,
     3.306274990,3114020,,offcore_response.all_requests.llc_hit.any_response,41459492,100.00,,
     3.306274990,404,,offcore_response.all_requests.llc_miss.any_response,41459492,100.00,,
     3.406459837,3029008,,offcore_response.all_requests.llc_hit.any_response,40284347,100.00,,
     3.406459837,335,,offcore_response.all_requests.llc_miss.any_response,40303631,100.00,,
     3.506648412,3121002,,offcore_response.all_requests.llc_hit.any_response,42293596,100.00,,
     3.506648412,374,,offcore_response.all_requests.llc_miss.any_response,42274312,100.00,,
     3.606833477,3067103,,offcore_response.all_requests.llc_hit.any_response,40967785,100.00,,
     3.606833477,245,,offcore_response.all_requests.llc_miss.any_response,40985783,100.00,,
     3.707022008,3029403,,offcore_response.all_requests.llc_hit.any_response,40629776,100.00,,
     3.707022008,483,,offcore_response.all_requests.llc_miss.any_response,40611778,100.00,,
     3.807210721,3115603,,offcore_response.all_requests.llc_hit.any_response,41998824,100.00,,
     3.807210721,344,,offcore_response.all_requests.llc_miss.any_response,42018266,100.00,,
     3.907403669,3134282,,offcore_response.all_requests.llc_hit.any_response,42238792,100.00,,
     3.907403669,304,,offcore_response.all_requests.llc_miss.any_response,42219350,100.00,,
     4.007590621,3083427,,offcore_response.all_requests.llc_hit.any_response,41718943,100.00,,
     4.007590621,430,,offcore_response.all_requests.llc_miss.any_response,41718943,100.00,,
     4.107809752,3101073,,offcore_response.all_requests.llc_hit.any_response,41300207,100.00,,
     4.107809752,313,,offcore_response.all_requests.llc_miss.any_response,41319819,100.00,,
     4.208001701,3125106,,offcore_response.all_requests.llc_hit.any_response,41880473,100.00,,
     4.208001701,338,,offcore_response.all_requests.llc_miss.any_response,41880409,100.00,,
     4.308190424,3072331,,offcore_response.all_requests.llc_hit.any_response,40617484,100.00,,
     4.308190424,396,,offcore_response.all_requests.llc_miss.any_response,40597936,100.00,,
     4.408375562,3076652,,offcore_response.all_requests.llc_hit.any_response,41332436,100.00,,
     4.408375562,331,,offcore_response.all_requests.llc_miss.any_response,41332436,100.00,,
     4.508577471,3088389,,offcore_response.all_requests.llc_hit.any_response,41472306,100.00,,
     4.508577471,491,,offcore_response.all_requests.llc_miss.any_response,41472306,100.00,,
     4.608763297,3134627,,offcore_response.all_requests.llc_hit.any_response,42143353,100.00,,
     4.608763297,430,,offcore_response.all_requests.llc_miss.any_response,42143353,100.00,,
     4.708948562,3086661,,offcore_response.all_requests.llc_hit.any_response,42149425,100.00,,
     4.708948562,331,,offcore_response.all_requests.llc_miss.any_response,42168914,100.00,,
     4.809136967,3120110,,offcore_response.all_requests.llc_hit.any_response,41454948,100.00,,
     4.809136967,262,,offcore_response.all_requests.llc_miss.any_response,41454956,100.00,,
     4.909327133,3041200,,offcore_response.all_requests.llc_hit.any_response,41126443,100.00,,
     4.909327133,482,,offcore_response.all_requests.llc_miss.any_response,41106946,100.00,,
     5.009515926,3104760,,offcore_response.all_requests.llc_hit.any_response,41519908,100.00,,
     5.009515926,311,,offcore_response.all_requests.llc_miss.any_response,41519908,100.00,,
     5.109699797,3111472,,offcore_response.all_requests.llc_hit.any_response,40766825,100.00,,
     5.109699797,148,,offcore_response.all_requests.llc_miss.any_response,40766825,100.00,,
     5.209879345,3080425,,offcore_response.all_requests.llc_hit.any_response,41908816,100.00,,
     5.209879345,343,,offcore_response.all_requests.llc_miss.any_response,41928014,100.00,,
     5.310068204,3077959,,offcore_response.all_requests.llc_hit.any_response,40428535,100.00,,
     5.310068204,279,,offcore_response.all_requests.llc_miss.any_response,40428704,100.00,,
     5.410261267,3126389,,offcore_response.all_requests.llc_hit.any_response,42134365,100.00,,
     5.410261267,446,,offcore_response.all_requests.llc_miss.any_response,42134969,100.00,,
     5.510450858,3087749,,offcore_response.all_requests.llc_hit.any_response,40755521,100.00,,
     5.510450858,195,,offcore_response.all_requests.llc_miss.any_response,40749765,100.00,,
     5.610639461,3102696,,offcore_response.all_requests.llc_hit.any_response,41645871,100.00,,
     5.610639461,372,,offcore_response.all_requests.llc_miss.any_response,41651975,100.00,,
     5.710830983,3042164,,offcore_response.all_requests.llc_hit.any_response,41130017,100.00,,
     5.710830983,333,,offcore_response.all_requests.llc_miss.any_response,41129361,100.00,,
     5.811019792,3109428,,offcore_response.all_requests.llc_hit.any_response,41169948,100.00,,
     5.811019792,419,,offcore_response.all_requests.llc_miss.any_response,41150285,100.00,,
     5.911205481,3093938,,offcore_response.all_requests.llc_hit.any_response,41768365,100.00,,
     5.911205481,308,,offcore_response.all_requests.llc_miss.any_response,41768365,100.00,,
     6.011390385,3116027,,offcore_response.all_requests.llc_hit.any_response,41259382,100.00,,
     6.011390385,335,,offcore_response.all_requests.llc_miss.any_response,41278829,100.00,,
     6.111580093,3090949,,offcore_response.all_requests.llc_hit.any_response,41378547,100.00,,
     6.111580093,403,,offcore_response.all_requests.llc_miss.any_response,41359100,100.00,,
     6.211755842,3067813,,offcore_response.all_requests.llc_hit.any_response,41018226,100.00,,
     6.211755842,307,,offcore_response.all_requests.llc_miss.any_response,41018226,100.00,,
     6.311942550,3088628,,offcore_response.all_requests.llc_hit.any_response,41658188,100.00,,
     6.311942550,289,,offcore_response.all_requests.llc_miss.any_response,41677791,100.00,,
     6.412133301,3081050,,offcore_response.all_requests.llc_hit.any_response,40807602,100.00,,
     6.412133301,216,,offcore_response.all_requests.llc_miss.any_response,40807364,100.00,,
     6.512325111,3135289,,offcore_response.all_requests.llc_hit.any_response,41674568,100.00,,
     6.512325111,305,,offcore_response.all_requests.llc_miss.any_response,41674811,100.00,,
     6.612516238,3083817,,offcore_response.all_requests.llc_hit.any_response,41779634,100.00,,
     6.612516238,478,,offcore_response.all_requests.llc_miss.any_response,41779422,100.00,,
     6.712727230,3098212,,offcore_response.all_requests.llc_hit.any_response,41835770,100.00,,
     6.712727230,292,,offcore_response.all_requests.llc_miss.any_response,41816374,100.00,,
     6.812914602,3055145,,offcore_response.all_requests.llc_hit.any_response,41425963,100.00,,
     6.812914602,233,,offcore_response.all_requests.llc_miss.any_response,41425963,100.00,,
     6.913102502,3082756,,offcore_response.all_requests.llc_hit.any_response,41625035,100.00,,
     6.913102502,476,,offcore_response.all_requests.llc_miss.any_response,41625035,100.00,,
     7.013291874,3067084,,offcore_response.all_requests.llc_hit.any_response,41543416,100.00,,
     7.013291874,431,,offcore_response.all_requests.llc_miss.any_response,41563358,100.00,,
     7.113481401,3101735,,offcore_response.all_requests.llc_hit.any_response,42399097,100.00,,
     7.113481401,316,,offcore_response.all_requests.llc_miss.any_response,42399082,100.00,,
     7.213675215,3096108,,offcore_response.all_requests.llc_hit.any_response,41390055,100.00,,
     7.213675215,374,,offcore_response.all_requests.llc_miss.any_response,41370128,100.00,,
     7.313861580,3139519,,offcore_response.all_requests.llc_hit.any_response,41534762,100.00,,
     7.313861580,191,,offcore_response.all_requests.llc_miss.any_response,41534762,100.00,,
     7.414044816,3049176,,offcore_response.all_requests.llc_hit.any_response,40558141,100.00,,
     7.414044816,370,,offcore_response.all_requests.llc_miss.any_response,40558141,100.00,,
     7.514227217,3088276,,offcore_response.all_requests.llc_hit.any_response,41349504,100.00,,
     7.514227217,357,,offcore_response.all_requests.llc_miss.any_response,41369072,100.00,,
     7.614417098,3088078,,offcore_response.all_requests.llc_hit.any_response,40784624,100.00,,
     7.614417098,249,,offcore_response.all_requests.llc_miss.any_response,40784521,100.00,,
     7.714606345,3069571,,offcore_response.all_requests.llc_hit.any_response,40993049,100.00,,
     7.714606345,362,,offcore_response.all_requests.llc_miss.any_response,40973584,100.00,,
     7.814792342,3132088,,offcore_response.all_requests.llc_hit.any_response,42642080,100.00,,
     7.814792342,344,,offcore_response.all_requests.llc_miss.any_response,42642080,100.00,,
     7.914976825,3078897,,offcore_response.all_requests.llc_hit.any_response,41148870,100.00,,
     7.914976825,426,,offcore_response.all_requests.llc_miss.any_response,41168533,100.00,,
     8.015166844,3033257,,offcore_response.all_requests.llc_hit.any_response,40720199,100.00,,
     8.015166844,173,,offcore_response.all_requests.llc_miss.any_response,40700536,100.00,,
     8.115353114,3068428,,offcore_response.all_requests.llc_hit.any_response,41053887,100.00,,
     8.115353114,416,,offcore_response.all_requests.llc_miss.any_response,41053887,100.00,,
     8.215537102,3107894,,offcore_response.all_requests.llc_hit.any_response,41897097,100.00,,
     8.215537102,321,,offcore_response.all_requests.llc_miss.any_response,41897097,100.00,,
     8.315722450,3051587,,offcore_response.all_requests.llc_hit.any_response,41083732,100.00,,
     8.315722450,481,,offcore_response.all_requests.llc_miss.any_response,41103181,100.00,,
     8.415914611,3013622,,offcore_response.all_requests.llc_hit.any_response,40738212,100.00,,
     8.415914611,532,,offcore_response.all_requests.llc_miss.any_response,40718763,100.00,,
     8.516103851,3125684,,offcore_response.all_requests.llc_hit.any_response,42637044,100.00,,
     8.516103851,405,,offcore_response.all_requests.llc_miss.any_response,42637044,100.00,,
     8.616291993,3092559,,offcore_response.all_requests.llc_hit.any_response,41377351,100.00,,
     8.616291993,255,,offcore_response.all_requests.llc_miss.any_response,41390457,100.00,,
     8.716481125,3072814,,offcore_response.all_requests.llc_hit.any_response,41235625,100.00,,
     8.716481125,242,,offcore_response.all_requests.llc_miss.any_response,41241932,100.00,,
     8.816671415,3147962,,offcore_response.all_requests.llc_hit.any_response,42251152,100.00,,
     8.816671415,473,,offcore_response.all_requests.llc_miss.any_response,42244458,100.00,,
     8.916878724,3070539,,offcore_response.all_requests.llc_hit.any_response,40521877,100.00,,
     8.916878724,204,,offcore_response.all_requests.llc_miss.any_response,40509158,100.00,,
     9.017062956,3112611,,offcore_response.all_requests.llc_hit.any_response,42352074,100.00,,
     9.017062956,584,,offcore_response.all_requests.llc_miss.any_response,42352074,100.00,,
     9.117254379,3077082,,offcore_response.all_requests.llc_hit.any_response,40954920,100.00,,
     9.117254379,300,,offcore_response.all_requests.llc_miss.any_response,40974492,100.00,,
     9.217444889,3111022,,offcore_response.all_requests.llc_hit.any_response,41749874,100.00,,
     9.217444889,230,,offcore_response.all_requests.llc_miss.any_response,41745500,100.00,,
     9.317634640,3064687,,offcore_response.all_requests.llc_hit.any_response,41233978,100.00,,
     9.317634640,279,,offcore_response.all_requests.llc_miss.any_response,41234705,100.00,,
     9.417821706,3153276,,offcore_response.all_requests.llc_hit.any_response,42837601,100.00,,
     9.417821706,470,,offcore_response.all_requests.llc_miss.any_response,42821676,100.00,,
     9.518013562,3081193,,offcore_response.all_requests.llc_hit.any_response,40957326,100.00,,
     9.518013562,285,,offcore_response.all_requests.llc_miss.any_response,40957326,100.00,,
     9.618174891,3108819,,offcore_response.all_requests.llc_hit.any_response,41392557,100.00,,
     9.618174891,272,,offcore_response.all_requests.llc_miss.any_response,41412257,100.00,,
     9.718365347,3089914,,offcore_response.all_requests.llc_hit.any_response,41630143,100.00,,
     9.718365347,196,,offcore_response.all_requests.llc_miss.any_response,41610443,100.00,,
     9.818551767,3081762,,offcore_response.all_requests.llc_hit.any_response,41128904,100.00,,
     9.818551767,304,,offcore_response.all_requests.llc_miss.any_response,41128904,100.00,,
     9.918736167,3062258,,offcore_response.all_requests.llc_hit.any_response,40739762,100.00,,
     9.918736167,359,,offcore_response.all_requests.llc_miss.any_response,40739762,100.00,,
    10.018921258,3134791,,offcore_response.all_requests.llc_hit.any_response,42240539,100.00,,
    10.018921258,434,,offcore_response.all_requests.llc_miss.any_response,42240539,100.00,,
    10.119107300,3057866,,offcore_response.all_requests.llc_hit.any_response,40708799,100.00,,
    10.119107300,334,,offcore_response.all_requests.llc_miss.any_response,40728602,100.00,,
    10.219297273,3043066,,offcore_response.all_requests.llc_hit.any_response,41828593,100.00,,
    10.219297273,421,,offcore_response.all_requests.llc_miss.any_response,41808790,100.00,,
    10.319482240,3134801,,offcore_response.all_requests.llc_hit.any_response,42258228,100.00,,
    10.319482240,497,,offcore_response.all_requests.llc_miss.any_response,42277526,100.00,,
    10.419672435,3080954,,offcore_response.all_requests.llc_hit.any_response,41185865,100.00,,
    10.419672435,290,,offcore_response.all_requests.llc_miss.any_response,41166567,100.00,,
    10.519859568,3117486,,offcore_response.all_requests.llc_hit.any_response,41277985,100.00,,
    10.519859568,318,,offcore_response.all_requests.llc_miss.any_response,41296999,100.00,,
    10.620049022,3074375,,offcore_response.all_requests.llc_hit.any_response,41506634,100.00,,
    10.620049022,332,,offcore_response.all_requests.llc_miss.any_response,41487620,100.00,,
    10.720236422,3091679,,offcore_response.all_requests.llc_hit.any_response,42251358,100.00,,
    10.720236422,489,,offcore_response.all_requests.llc_miss.any_response,42271229,100.00,,
    10.820430129,3087234,,offcore_response.all_requests.llc_hit.any_response,41772529,100.00,,
    10.820430129,605,,offcore_response.all_requests.llc_miss.any_response,41772216,100.00,,
    10.920620161,3064477,,offcore_response.all_requests.llc_hit.any_response,42192537,100.00,,
    10.920620161,5914,,offcore_response.all_requests.llc_miss.any_response,42172979,100.00,,
    11.020808884,3107397,,offcore_response.all_requests.llc_hit.any_response,41509586,100.00,,
    11.020808884,432,,offcore_response.all_requests.llc_miss.any_response,41509586,100.00,,
