# started on Tue May  2 16:05:06 2023

     0.100153753,6120760,,offcore_response.all_requests.llc_hit.any_response,50470781,100.00,,
     0.100153753,509,,offcore_response.all_requests.llc_miss.any_response,50489795,100.00,,
     0.200391052,6020605,,offcore_response.all_requests.llc_hit.any_response,49667117,100.00,,
     0.200391052,603,,offcore_response.all_requests.llc_miss.any_response,49648103,100.00,,
     0.300580840,6032389,,offcore_response.all_requests.llc_hit.any_response,49668698,100.00,,
     0.300580840,683,,offcore_response.all_requests.llc_miss.any_response,49678824,100.00,,
     0.400769576,6016972,,offcore_response.all_requests.llc_hit.any_response,49574372,100.00,,
     0.400769576,693,,offcore_response.all_requests.llc_miss.any_response,49564246,100.00,,
     0.500958409,6054647,,offcore_response.all_requests.llc_hit.any_response,49815631,100.00,,
     0.500958409,662,,offcore_response.all_requests.llc_miss.any_response,49829895,100.00,,
     0.601147736,6025946,,offcore_response.all_requests.llc_hit.any_response,49832561,100.00,,
     0.601147736,469,,offcore_response.all_requests.llc_miss.any_response,49818297,100.00,,
     0.701334995,6013596,,offcore_response.all_requests.llc_hit.any_response,49604280,100.00,,
     0.701334995,391,,offcore_response.all_requests.llc_miss.any_response,49621028,100.00,,
     0.801525078,6041646,,offcore_response.all_requests.llc_hit.any_response,49849000,100.00,,
     0.801525078,383,,offcore_response.all_requests.llc_miss.any_response,49832252,100.00,,
     0.901713038,5992782,,offcore_response.all_requests.llc_hit.any_response,49535851,100.00,,
     0.901713038,713,,offcore_response.all_requests.llc_miss.any_response,49541124,100.00,,
     1.001907113,6044229,,offcore_response.all_requests.llc_hit.any_response,49883894,100.00,,
     1.001907113,742,,offcore_response.all_requests.llc_miss.any_response,49878621,100.00,,
     1.102094225,5998103,,offcore_response.all_requests.llc_hit.any_response,49959017,100.00,,
     1.102094225,861,,offcore_response.all_requests.llc_miss.any_response,49959017,100.00,,
     1.202283640,5999092,,offcore_response.all_requests.llc_hit.any_response,49813062,100.00,,
     1.202283640,654,,offcore_response.all_requests.llc_miss.any_response,49825932,100.00,,
     1.302473234,6007385,,offcore_response.all_requests.llc_hit.any_response,49738657,100.00,,
     1.302473234,458,,offcore_response.all_requests.llc_miss.any_response,49725787,100.00,,
     1.402657012,3056893,,offcore_response.all_requests.llc_hit.any_response,25249508,100.00,,
     1.402657012,211,,offcore_response.all_requests.llc_miss.any_response,25249508,100.00,,
     1.502846209,4114512,,offcore_response.all_requests.llc_hit.any_response,38322175,100.00,,
     1.502846209,215,,offcore_response.all_requests.llc_miss.any_response,38341658,100.00,,
     1.603042598,10113842,,offcore_response.all_requests.llc_hit.any_response,83078466,100.00,,
     1.603042598,611,,offcore_response.all_requests.llc_miss.any_response,83078171,100.00,,
     1.703233920,7000883,,offcore_response.all_requests.llc_hit.any_response,57655292,100.00,,
     1.703233920,447,,offcore_response.all_requests.llc_miss.any_response,57636104,100.00,,
     1.803418874,3020113,,offcore_response.all_requests.llc_hit.any_response,24884687,100.00,,
     1.803418874,191,,offcore_response.all_requests.llc_miss.any_response,24884687,100.00,,
     1.903605098,4004067,,offcore_response.all_requests.llc_hit.any_response,37605318,100.00,,
     1.903605098,341,,offcore_response.all_requests.llc_miss.any_response,37624736,100.00,,
     2.003795989,10125687,,offcore_response.all_requests.llc_hit.any_response,83072004,100.00,,
     2.003795989,872,,offcore_response.all_requests.llc_miss.any_response,83071628,100.00,,
     2.103988210,7089950,,offcore_response.all_requests.llc_hit.any_response,58264235,100.00,,
     2.103988210,573,,offcore_response.all_requests.llc_miss.any_response,58264224,100.00,,
     2.204175746,2784834,,offcore_response.all_requests.llc_hit.any_response,22901600,100.00,,
     2.204175746,200,,offcore_response.all_requests.llc_miss.any_response,22882569,100.00,,
     2.304384348,4157834,,offcore_response.all_requests.llc_hit.any_response,38981386,100.00,,
     2.304384348,414,,offcore_response.all_requests.llc_miss.any_response,38988219,100.00,,
     2.404575971,10081552,,offcore_response.all_requests.llc_hit.any_response,83045718,100.00,,
     2.404575971,805,,offcore_response.all_requests.llc_miss.any_response,83045975,100.00,,
     2.504765435,3574131,,offcore_response.all_requests.llc_hit.any_response,29401092,100.00,,
     2.504765435,259,,offcore_response.all_requests.llc_miss.any_response,29394002,100.00,,
     2.604954922,4241404,,offcore_response.all_requests.llc_hit.any_response,38925737,100.00,,
     2.604954922,348,,offcore_response.all_requests.llc_miss.any_response,38934218,100.00,,
     2.705146014,10078674,,offcore_response.all_requests.llc_hit.any_response,82976300,100.00,,
     2.705146014,926,,offcore_response.all_requests.llc_miss.any_response,82976378,100.00,,
     2.805335173,7423198,,offcore_response.all_requests.llc_hit.any_response,61104924,100.00,,
     2.805335173,622,,offcore_response.all_requests.llc_miss.any_response,61096365,100.00,,
     2.905520619,1942338,,offcore_response.all_requests.llc_hit.any_response,16012246,100.00,,
     2.905520619,130,,offcore_response.all_requests.llc_miss.any_response,16012246,100.00,,
     3.005706266,4427552,,offcore_response.all_requests.llc_hit.any_response,41090768,100.00,,
     3.005706266,365,,offcore_response.all_requests.llc_miss.any_response,41110265,100.00,,
     3.105898577,10093953,,offcore_response.all_requests.llc_hit.any_response,83217829,100.00,,
     3.105898577,753,,offcore_response.all_requests.llc_miss.any_response,83217300,100.00,,
     3.206088275,7701129,,offcore_response.all_requests.llc_hit.any_response,63349143,100.00,,
     3.206088275,614,,offcore_response.all_requests.llc_miss.any_response,63349158,100.00,,
     3.306280271,1577946,,offcore_response.all_requests.llc_hit.any_response,13009894,100.00,,
     3.306280271,204,,offcore_response.all_requests.llc_miss.any_response,12990911,100.00,,
     3.406466471,4801026,,offcore_response.all_requests.llc_hit.any_response,44467474,100.00,,
     3.406466471,422,,offcore_response.all_requests.llc_miss.any_response,44486986,100.00,,
     3.506658709,10095287,,offcore_response.all_requests.llc_hit.any_response,82947401,100.00,,
     3.506658709,794,,offcore_response.all_requests.llc_miss.any_response,82946831,100.00,,
     3.606849245,3047426,,offcore_response.all_requests.llc_hit.any_response,25070610,100.00,,
     3.606849245,350,,offcore_response.all_requests.llc_miss.any_response,25051668,100.00,,
     3.707035677,4767730,,offcore_response.all_requests.llc_hit.any_response,44390876,100.00,,
     3.707035677,633,,offcore_response.all_requests.llc_miss.any_response,44400808,100.00,,
     3.807225996,10065284,,offcore_response.all_requests.llc_hit.any_response,83001759,100.00,,
     3.807225996,832,,offcore_response.all_requests.llc_miss.any_response,83010775,100.00,,
     3.907419929,8241391,,offcore_response.all_requests.llc_hit.any_response,67975435,100.00,,
     3.907419929,830,,offcore_response.all_requests.llc_miss.any_response,67975571,100.00,,
     4.007607533,1129408,,offcore_response.all_requests.llc_hit.any_response,9375967,100.00,,
     4.007607533,110,,offcore_response.all_requests.llc_miss.any_response,9356883,100.00,,
     4.107796002,5359449,,offcore_response.all_requests.llc_hit.any_response,50127861,100.00,,
     4.107796002,475,,offcore_response.all_requests.llc_miss.any_response,50147379,100.00,,
     4.207988700,9879488,,offcore_response.all_requests.llc_hit.any_response,83049038,100.00,,
     4.207988700,755,,offcore_response.all_requests.llc_miss.any_response,83048372,100.00,,
     4.308179347,2714098,,offcore_response.all_requests.llc_hit.any_response,22816273,100.00,,
     4.308179347,223,,offcore_response.all_requests.llc_miss.any_response,22797421,100.00,,
     4.408367023,5308017,,offcore_response.all_requests.llc_hit.any_response,49659137,100.00,,
     4.408367023,543,,offcore_response.all_requests.llc_miss.any_response,49678432,100.00,,
     4.508579156,10075200,,offcore_response.all_requests.llc_hit.any_response,82975529,100.00,,
     4.508579156,993,,offcore_response.all_requests.llc_miss.any_response,82975158,100.00,,
     4.608766754,1882125,,offcore_response.all_requests.llc_hit.any_response,15572684,100.00,,
     4.608766754,193,,offcore_response.all_requests.llc_miss.any_response,15553760,100.00,,
     4.708955346,6326379,,offcore_response.all_requests.llc_hit.any_response,57927246,100.00,,
     4.708955346,523,,offcore_response.all_requests.llc_miss.any_response,57946651,100.00,,
     4.809146842,9835926,,offcore_response.all_requests.llc_hit.any_response,82934619,100.00,,
     4.809146842,795,,offcore_response.all_requests.llc_miss.any_response,82934196,100.00,,
     4.909338451,6569213,,offcore_response.all_requests.llc_hit.any_response,55524931,100.00,,
     4.909338451,798,,offcore_response.all_requests.llc_miss.any_response,55505949,100.00,,
     5.009526476,<not counted>,,offcore_response.all_requests.llc_hit.any_response,0,100.00,,
     5.009526476,<not counted>,,offcore_response.all_requests.llc_miss.any_response,0,100.00,,
     5.109707991,8120227,,offcore_response.all_requests.llc_hit.any_response,72649257,100.00,,
     5.109707991,841,,offcore_response.all_requests.llc_miss.any_response,72662475,100.00,,
     5.209897478,9864005,,offcore_response.all_requests.llc_hit.any_response,83136249,100.00,,
     5.209897478,950,,offcore_response.all_requests.llc_miss.any_response,83141935,100.00,,
     5.310089184,4138159,,offcore_response.all_requests.llc_hit.any_response,34990270,100.00,,
     5.310089184,560,,offcore_response.all_requests.llc_miss.any_response,34971366,100.00,,
     5.410278966,324897,,offcore_response.all_requests.llc_hit.any_response,5658702,100.00,,
     5.410278966,39,,offcore_response.all_requests.llc_miss.any_response,5679019,100.00,,
     5.510473191,9748053,,offcore_response.all_requests.llc_hit.any_response,82632453,100.00,,
     5.510473191,643,,offcore_response.all_requests.llc_miss.any_response,82626505,100.00,,
     5.610662288,6899618,,offcore_response.all_requests.llc_hit.any_response,56882323,100.00,,
     5.610662288,516,,offcore_response.all_requests.llc_miss.any_response,56867954,100.00,,
     5.710847215,568328,,offcore_response.all_requests.llc_hit.any_response,9737286,100.00,,
     5.710847215,115,,offcore_response.all_requests.llc_miss.any_response,9737286,100.00,,
     5.810993115,9926699,,offcore_response.all_requests.llc_hit.any_response,82346475,100.00,,
     5.810993115,970,,offcore_response.all_requests.llc_miss.any_response,82354128,100.00,,
     5.911181693,10033050,,offcore_response.all_requests.llc_hit.any_response,83133230,100.00,,
     5.911181693,1093,,offcore_response.all_requests.llc_miss.any_response,83144464,100.00,,
     6.011373770,4138426,,offcore_response.all_requests.llc_hit.any_response,34352701,100.00,,
     6.011373770,419,,offcore_response.all_requests.llc_miss.any_response,34333814,100.00,,
     6.111563345,1785950,,offcore_response.all_requests.llc_hit.any_response,18646980,100.00,,
     6.111563345,201,,offcore_response.all_requests.llc_miss.any_response,18666364,100.00,,
     6.211755900,10068790,,offcore_response.all_requests.llc_hit.any_response,83037985,100.00,,
     6.211755900,758,,offcore_response.all_requests.llc_miss.any_response,83032639,100.00,,
     6.311943643,6041960,,offcore_response.all_requests.llc_hit.any_response,49377106,100.00,,
     6.311943643,435,,offcore_response.all_requests.llc_miss.any_response,49363068,100.00,,
     6.412131917,2068190,,offcore_response.all_requests.llc_hit.any_response,21994999,100.00,,
     6.412131917,174,,offcore_response.all_requests.llc_miss.any_response,22014342,100.00,,
     6.512324078,10110174,,offcore_response.all_requests.llc_hit.any_response,83013429,100.00,,
     6.512324078,1023,,offcore_response.all_requests.llc_miss.any_response,83013067,100.00,,
     6.612512997,4677561,,offcore_response.all_requests.llc_hit.any_response,38413965,100.00,,
     6.612512997,426,,offcore_response.all_requests.llc_miss.any_response,38394984,100.00,,
     6.712724012,<not counted>,,offcore_response.all_requests.llc_hit.any_response,0,100.00,,
     6.712724012,<not counted>,,offcore_response.all_requests.llc_miss.any_response,0,100.00,,
     6.812906308,3395855,,offcore_response.all_requests.llc_hit.any_response,32437444,100.00,,
     6.812906308,355,,offcore_response.all_requests.llc_miss.any_response,32456789,100.00,,
     6.913099046,10067854,,offcore_response.all_requests.llc_hit.any_response,82878171,100.00,,
     6.913099046,935,,offcore_response.all_requests.llc_miss.any_response,82877725,100.00,,
     7.013290829,10082591,,offcore_response.all_requests.llc_hit.any_response,83076318,100.00,,
     7.013290829,1034,,offcore_response.all_requests.llc_miss.any_response,83075453,100.00,,
     7.113479205,4242527,,offcore_response.all_requests.llc_hit.any_response,35032486,100.00,,
     7.113479205,496,,offcore_response.all_requests.llc_miss.any_response,35014452,100.00,,
     7.213664788,3415985,,offcore_response.all_requests.llc_hit.any_response,32751358,100.00,,
     7.213664788,414,,offcore_response.all_requests.llc_miss.any_response,32770829,100.00,,
     7.313856759,10082406,,offcore_response.all_requests.llc_hit.any_response,82837757,100.00,,
     7.313856759,722,,offcore_response.all_requests.llc_miss.any_response,82837067,100.00,,
     7.414045161,4357742,,offcore_response.all_requests.llc_hit.any_response,36010462,100.00,,
     7.414045161,455,,offcore_response.all_requests.llc_miss.any_response,35991681,100.00,,
     7.514233069,3356407,,offcore_response.all_requests.llc_hit.any_response,33221070,100.00,,
     7.514233069,269,,offcore_response.all_requests.llc_miss.any_response,33227991,100.00,,
     7.614428055,9819128,,offcore_response.all_requests.llc_hit.any_response,83070089,100.00,,
     7.614428055,816,,offcore_response.all_requests.llc_miss.any_response,83070258,100.00,,
     7.714613222,4701498,,offcore_response.all_requests.llc_hit.any_response,39637442,100.00,,
     7.714613222,391,,offcore_response.all_requests.llc_miss.any_response,39630352,100.00,,
     7.814798304,<not counted>,,offcore_response.all_requests.llc_hit.any_response,0,100.00,,
     7.814798304,<not counted>,,offcore_response.all_requests.llc_miss.any_response,0,100.00,,
     7.914977688,3268880,,offcore_response.all_requests.llc_hit.any_response,32370525,100.00,,
     7.914977688,258,,offcore_response.all_requests.llc_miss.any_response,32389959,100.00,,
     8.015170503,10062110,,offcore_response.all_requests.llc_hit.any_response,83011302,100.00,,
     8.015170503,1014,,offcore_response.all_requests.llc_miss.any_response,83010720,100.00,,
     8.115360007,10083734,,offcore_response.all_requests.llc_hit.any_response,83146480,100.00,,
     8.115360007,852,,offcore_response.all_requests.llc_miss.any_response,83146692,100.00,,
     8.215550501,4248830,,offcore_response.all_requests.llc_hit.any_response,34924250,100.00,,
     8.215550501,406,,offcore_response.all_requests.llc_miss.any_response,34905186,100.00,,
     8.315738344,3479956,,offcore_response.all_requests.llc_hit.any_response,34218608,100.00,,
     8.315738344,395,,offcore_response.all_requests.llc_miss.any_response,34238060,100.00,,
     8.415933909,9870950,,offcore_response.all_requests.llc_hit.any_response,83017854,100.00,,
     8.415933909,776,,offcore_response.all_requests.llc_miss.any_response,83017312,100.00,,
     8.516122245,4033582,,offcore_response.all_requests.llc_hit.any_response,34635095,100.00,,
     8.516122245,395,,offcore_response.all_requests.llc_miss.any_response,34616185,100.00,,
     8.616310054,3380539,,offcore_response.all_requests.llc_hit.any_response,33956297,100.00,,
     8.616310054,199,,offcore_response.all_requests.llc_miss.any_response,33978370,100.00,,
     8.716515702,9789120,,offcore_response.all_requests.llc_hit.any_response,83020967,100.00,,
     8.716515702,539,,offcore_response.all_requests.llc_miss.any_response,83020153,100.00,,
     8.816705964,4385746,,offcore_response.all_requests.llc_hit.any_response,37004107,100.00,,
     8.816705964,263,,offcore_response.all_requests.llc_miss.any_response,36982848,100.00,,
     8.916912236,<not counted>,,offcore_response.all_requests.llc_hit.any_response,0,100.00,,
     8.916912236,<not counted>,,offcore_response.all_requests.llc_miss.any_response,0,100.00,,
     9.017095401,3289118,,offcore_response.all_requests.llc_hit.any_response,33566794,100.00,,
     9.017095401,401,,offcore_response.all_requests.llc_miss.any_response,33586112,100.00,,
     9.117287210,9784219,,offcore_response.all_requests.llc_hit.any_response,83066709,100.00,,
     9.117287210,790,,offcore_response.all_requests.llc_miss.any_response,83066196,100.00,,
     9.217476263,9767756,,offcore_response.all_requests.llc_hit.any_response,82943344,100.00,,
     9.217476263,757,,offcore_response.all_requests.llc_miss.any_response,82943598,100.00,,
     9.317664675,4299225,,offcore_response.all_requests.llc_hit.any_response,36489162,100.00,,
     9.317664675,328,,offcore_response.all_requests.llc_miss.any_response,36470103,100.00,,
     9.417852806,3487714,,offcore_response.all_requests.llc_hit.any_response,33605123,100.00,,
     9.417852806,364,,offcore_response.all_requests.llc_miss.any_response,33614990,100.00,,
     9.518043891,10093352,,offcore_response.all_requests.llc_hit.any_response,83081307,100.00,,
     9.518043891,953,,offcore_response.all_requests.llc_miss.any_response,83077731,100.00,,
     9.618233275,4282021,,offcore_response.all_requests.llc_hit.any_response,35384884,100.00,,
     9.618233275,436,,offcore_response.all_requests.llc_miss.any_response,35378593,100.00,,
     9.718418493,3399449,,offcore_response.all_requests.llc_hit.any_response,33234889,100.00,,
     9.718418493,339,,offcore_response.all_requests.llc_miss.any_response,33254323,100.00,,
     9.818609661,9990003,,offcore_response.all_requests.llc_hit.any_response,82536340,100.00,,
     9.818609661,759,,offcore_response.all_requests.llc_miss.any_response,82536141,100.00,,
     9.918799015,4568691,,offcore_response.all_requests.llc_hit.any_response,37749638,100.00,,
     9.918799015,443,,offcore_response.all_requests.llc_miss.any_response,37730403,100.00,,
    10.018985755,<not counted>,,offcore_response.all_requests.llc_hit.any_response,0,100.00,,
    10.018985755,<not counted>,,offcore_response.all_requests.llc_miss.any_response,0,100.00,,
    10.119168898,3370300,,offcore_response.all_requests.llc_hit.any_response,33499983,100.00,,
    10.119168898,301,,offcore_response.all_requests.llc_miss.any_response,33519385,100.00,,
    10.219360718,9793169,,offcore_response.all_requests.llc_hit.any_response,82947682,100.00,,
    10.219360718,699,,offcore_response.all_requests.llc_miss.any_response,82947123,100.00,,
    10.319508859,9801114,,offcore_response.all_requests.llc_hit.any_response,82867341,100.00,,
    10.319508859,719,,offcore_response.all_requests.llc_miss.any_response,82867540,100.00,,
    10.419707208,4116055,,offcore_response.all_requests.llc_hit.any_response,35105282,100.00,,
    10.419707208,378,,offcore_response.all_requests.llc_miss.any_response,35086240,100.00,,
    10.519898410,3409816,,offcore_response.all_requests.llc_hit.any_response,32696356,100.00,,
    10.519898410,334,,offcore_response.all_requests.llc_miss.any_response,32715842,100.00,,
    10.620090326,10087463,,offcore_response.all_requests.llc_hit.any_response,83154422,100.00,,
    10.620090326,845,,offcore_response.all_requests.llc_miss.any_response,83153827,100.00,,
    10.720277117,4403810,,offcore_response.all_requests.llc_hit.any_response,36584952,100.00,,
    10.720277117,415,,offcore_response.all_requests.llc_miss.any_response,36566061,100.00,,
    10.820464232,3380353,,offcore_response.all_requests.llc_hit.any_response,32917299,100.00,,
    10.820464232,320,,offcore_response.all_requests.llc_miss.any_response,32936804,100.00,,
    10.920658270,10069007,,offcore_response.all_requests.llc_hit.any_response,83138396,100.00,,
    10.920658270,841,,offcore_response.all_requests.llc_miss.any_response,83137710,100.00,,
    11.020848554,4549194,,offcore_response.all_requests.llc_hit.any_response,37584388,100.00,,
    11.020848554,435,,offcore_response.all_requests.llc_miss.any_response,37565569,100.00,,
