# started on Tue May  2 16:03:07 2023

     0.100151387,61295064,,inst_retired.any,49764405,100.00,137.5,IpMispredict
     0.100151387,445819,,br_misp_retired.all_branches,49764405,100.00,,
     0.200404509,61079640,,inst_retired.any,49209188,100.00,139.3,IpMispredict
     0.200404509,430921,,br_misp_retired.all_branches,49209188,100.00,,
     0.300591408,61973877,,inst_retired.any,50075135,100.00,141.1,IpMispredict
     0.300591408,440922,,br_misp_retired.all_branches,50075135,100.00,,
     0.400780038,61296798,,inst_retired.any,49144406,100.00,139.8,IpMispredict
     0.400780038,436177,,br_misp_retired.all_branches,49144406,100.00,,
     0.500967789,61629262,,inst_retired.any,49431203,100.00,140.7,IpMispredict
     0.500967789,436894,,br_misp_retired.all_branches,49431203,100.00,,
     0.601157026,61844757,,inst_retired.any,49513763,100.00,141.2,IpMispredict
     0.601157026,438157,,br_misp_retired.all_branches,49513763,100.00,,
     0.701346508,61632682,,inst_retired.any,49284347,100.00,140.9,IpMispredict
     0.701346508,432483,,br_misp_retired.all_branches,49284347,100.00,,
     0.801535492,61485795,,inst_retired.any,49096538,100.00,140.8,IpMispredict
     0.801535492,432351,,br_misp_retired.all_branches,49096538,100.00,,
     0.901728017,61368734,,inst_retired.any,49078404,100.00,140.6,IpMispredict
     0.901728017,434978,,br_misp_retired.all_branches,49078404,100.00,,
     1.001919066,61714785,,inst_retired.any,49447036,100.00,141.4,IpMispredict
     1.001919066,434698,,br_misp_retired.all_branches,49447036,100.00,,
     1.102106626,61634877,,inst_retired.any,49572085,100.00,141.2,IpMispredict
     1.102106626,436749,,br_misp_retired.all_branches,49572085,100.00,,
     1.202297936,61423479,,inst_retired.any,49126635,100.00,140.9,IpMispredict
     1.202297936,432827,,br_misp_retired.all_branches,49126635,100.00,,
     1.302483929,61592984,,inst_retired.any,49197159,100.00,141.3,IpMispredict
     1.302483929,432502,,br_misp_retired.all_branches,49197159,100.00,,
     1.402672279,62140097,,inst_retired.any,49766609,100.00,142.4,IpMispredict
     1.402672279,444621,,br_misp_retired.all_branches,49766609,100.00,,
     1.502864616,61324819,,inst_retired.any,49021010,100.00,140.6,IpMispredict
     1.502864616,432365,,br_misp_retired.all_branches,49021010,100.00,,
     1.603053757,61447835,,inst_retired.any,49120497,100.00,140.9,IpMispredict
     1.603053757,433435,,br_misp_retired.all_branches,49120497,100.00,,
     1.703238986,48767864,,inst_retired.any,38788841,100.00,113.3,IpMispredict
     1.703238986,342901,,br_misp_retired.all_branches,38788841,100.00,,
     1.803425485,12168574,,inst_retired.any,14416885,100.00,29.5,IpMispredict
     1.803425485,99812,,br_misp_retired.all_branches,14416885,100.00,,
     1.903624782,103632406,,inst_retired.any,82908729,100.00,241.7,IpMispredict
     1.903624782,728657,,br_misp_retired.all_branches,82908729,100.00,,
     2.003821197,82829130,,inst_retired.any,66113002,100.00,189.8,IpMispredict
     2.003821197,581041,,br_misp_retired.all_branches,66113002,100.00,,
     2.104003993,50065306,,inst_retired.any,39940283,100.00,115.8,IpMispredict
     2.104003993,351907,,br_misp_retired.all_branches,39940283,100.00,,
     2.204192431,11134444,,inst_retired.any,13695026,100.00,26.7,IpMispredict
     2.204192431,108309,,br_misp_retired.all_branches,13695026,100.00,,
     2.304382304,103586860,,inst_retired.any,83028426,100.00,240.1,IpMispredict
     2.304382304,733648,,br_misp_retired.all_branches,83028426,100.00,,
     2.404573409,83715457,,inst_retired.any,67078731,100.00,191.2,IpMispredict
     2.404573409,584644,,br_misp_retired.all_branches,67078731,100.00,,
     2.504760169,46823437,,inst_retired.any,37252992,100.00,108.0,IpMispredict
     2.504760169,330613,,br_misp_retired.all_branches,37252992,100.00,,
     2.604946318,13881788,,inst_retired.any,14809912,100.00,33.0,IpMispredict
     2.604946318,112672,,br_misp_retired.all_branches,14809912,100.00,,
     2.705138196,104110857,,inst_retired.any,82863309,100.00,240.5,IpMispredict
     2.705138196,738352,,br_misp_retired.all_branches,82863309,100.00,,
     2.805345676,67346138,,inst_retired.any,53729971,100.00,155.1,IpMispredict
     2.805345676,473232,,br_misp_retired.all_branches,53729971,100.00,,
     2.905534067,12815872,,inst_retired.any,14425200,100.00,30.3,IpMispredict
     2.905534067,111120,,br_misp_retired.all_branches,14425200,100.00,,
     3.005724053,104186990,,inst_retired.any,83075108,100.00,240.3,IpMispredict
     3.005724053,735857,,br_misp_retired.all_branches,83075108,100.00,,
     3.105911290,88298752,,inst_retired.any,70664159,100.00,200.8,IpMispredict
     3.105911290,620162,,br_misp_retired.all_branches,70664159,100.00,,
     3.206097256,36866596,,inst_retired.any,29607379,100.00,84.9,IpMispredict
     3.206097256,263295,,br_misp_retired.all_branches,29607379,100.00,,
     3.306284950,16885756,,inst_retired.any,17638491,100.00,39.7,IpMispredict
     3.306284950,140104,,br_misp_retired.all_branches,17638491,100.00,,
     3.406476259,104222499,,inst_retired.any,83096011,100.00,240.0,IpMispredict
     3.406476259,732468,,br_misp_retired.all_branches,83096011,100.00,,
     3.506660172,90498212,,inst_retired.any,72334186,100.00,205.7,IpMispredict
     3.506660172,635091,,br_misp_retired.all_branches,72334186,100.00,,
     3.606848668,34510081,,inst_retired.any,27632270,100.00,79.4,IpMispredict
     3.606848668,245203,,br_misp_retired.all_branches,27632270,100.00,,
     3.707037526,20775714,,inst_retired.any,21385498,100.00,48.6,IpMispredict
     3.707037526,161063,,br_misp_retired.all_branches,21385498,100.00,,
     3.807228006,104085824,,inst_retired.any,82981515,100.00,239.2,IpMispredict
     3.807228006,728629,,br_misp_retired.all_branches,82981515,100.00,,
     3.907414447,60931759,,inst_retired.any,48437533,100.00,140.1,IpMispredict
     3.907414447,427510,,br_misp_retired.all_branches,48437533,100.00,,
     4.007601493,18997176,,inst_retired.any,21402143,100.00,44.4,IpMispredict
     4.007601493,150301,,br_misp_retired.all_branches,21402143,100.00,,
     4.107793146,103975850,,inst_retired.any,83017894,100.00,238.9,IpMispredict
     4.107793146,734840,,br_misp_retired.all_branches,83017894,100.00,,
     4.207985251,91639456,,inst_retired.any,73014949,100.00,208.2,IpMispredict
     4.207985251,639653,,br_misp_retired.all_branches,73014949,100.00,,
     4.308171472,28335206,,inst_retired.any,22660513,100.00,65.2,IpMispredict
     4.308171472,197752,,br_misp_retired.all_branches,22660513,100.00,,
     4.408358905,27177293,,inst_retired.any,26566822,100.00,63.3,IpMispredict
     4.408358905,211401,,br_misp_retired.all_branches,26566822,100.00,,
     4.508550014,103589207,,inst_retired.any,82943331,100.00,237.5,IpMispredict
     4.508550014,729059,,br_misp_retired.all_branches,82943331,100.00,,
     4.608739122,87862972,,inst_retired.any,70360338,100.00,199.7,IpMispredict
     4.608739122,615540,,br_misp_retired.all_branches,70360338,100.00,,
     4.708924800,21466461,,inst_retired.any,17185456,100.00,49.5,IpMispredict
     4.708924800,150823,,br_misp_retired.all_branches,17185456,100.00,,
     4.809112229,38523492,,inst_retired.any,35395636,100.00,89.4,IpMispredict
     4.809112229,293240,,br_misp_retired.all_branches,35395636,100.00,,
     4.909303816,103790716,,inst_retired.any,82996753,100.00,237.5,IpMispredict
     4.909303816,731768,,br_misp_retired.all_branches,82996753,100.00,,
     5.009491343,37884716,,inst_retired.any,30406490,100.00,87.4,IpMispredict
     5.009491343,265850,,br_misp_retired.all_branches,30406490,100.00,,
     5.109680250,42002453,,inst_retired.any,38538133,100.00,97.4,IpMispredict
     5.109680250,316053,,br_misp_retired.all_branches,38538133,100.00,,
     5.209871092,103941687,,inst_retired.any,83020069,100.00,237.8,IpMispredict
     5.209871092,731521,,br_misp_retired.all_branches,83020069,100.00,,
     5.310061532,87326440,,inst_retired.any,69641660,100.00,198.3,IpMispredict
     5.310061532,612184,,br_misp_retired.all_branches,69641660,100.00,,
     5.410251234,11504716,,inst_retired.any,9204325,100.00,26.5,IpMispredict
     5.410251234,81458,,br_misp_retired.all_branches,9204325,100.00,,
     5.510440840,54778539,,inst_retired.any,48684344,100.00,126.4,IpMispredict
     5.510440840,414744,,br_misp_retired.all_branches,48684344,100.00,,
     5.610653875,104010563,,inst_retired.any,83106074,100.00,237.1,IpMispredict
     5.610653875,728630,,br_misp_retired.all_branches,83106074,100.00,,
     5.710843945,76776884,,inst_retired.any,61416692,100.00,174.3,IpMispredict
     5.710843945,537188,,br_misp_retired.all_branches,61416692,100.00,,
     5.811029648,3521297,,inst_retired.any,2897305,100.00,8.1,IpMispredict
     5.811029648,24992,,br_misp_retired.all_branches,2897305,100.00,,
     5.911215532,68001305,,inst_retired.any,58763239,100.00,156.5,IpMispredict
     5.911215532,503082,,br_misp_retired.all_branches,58763239,100.00,,
     6.011405067,103909963,,inst_retired.any,83061268,100.00,236.5,IpMispredict
     6.011405067,730362,,br_misp_retired.all_branches,83061268,100.00,,
     6.111592631,8238473,,inst_retired.any,6576420,100.00,19.0,IpMispredict
     6.111592631,56963,,br_misp_retired.all_branches,6576420,100.00,,
     6.211780025,71315059,,inst_retired.any,61164747,100.00,164.1,IpMispredict
     6.211780025,529342,,br_misp_retired.all_branches,61164747,100.00,,
     6.311972400,103687756,,inst_retired.any,83353302,100.00,236.0,IpMispredict
     6.311972400,729269,,br_misp_retired.all_branches,83353302,100.00,,
     6.412161584,71717616,,inst_retired.any,57613773,100.00,162.8,IpMispredict
     6.412161584,510898,,br_misp_retired.all_branches,57613773,100.00,,
     6.512352667,<not counted>,,inst_retired.any,0,100.00,,
     6.512352667,<not counted>,,br_misp_retired.all_branches,0,100.00,,
     6.612528152,84904421,,inst_retired.any,71099189,100.00,194.5,IpMispredict
     6.612528152,620674,,br_misp_retired.all_branches,71099189,100.00,,
     6.712717794,104130727,,inst_retired.any,83106010,100.00,236.2,IpMispredict
     6.712717794,729567,,br_misp_retired.all_branches,83106010,100.00,,
     6.812904345,51563605,,inst_retired.any,41216358,100.00,117.3,IpMispredict
     6.812904345,364990,,br_misp_retired.all_branches,41216358,100.00,,
     6.913089167,208921,,inst_retired.any,315818,100.00,0.5,IpMispredict
     6.913089167,5514,,br_misp_retired.all_branches,315818,100.00,,
     7.013279951,99544935,,inst_retired.any,82368969,100.00,227.5,IpMispredict
     7.013279951,722656,,br_misp_retired.all_branches,82368969,100.00,,
     7.113471374,77567259,,inst_retired.any,61868387,100.00,176.7,IpMispredict
     7.113471374,541473,,br_misp_retired.all_branches,61868387,100.00,,
     7.213654975,2410943,,inst_retired.any,4451381,100.00,5.6,IpMispredict
     7.213654975,34284,,br_misp_retired.all_branches,4451381,100.00,,
     7.313848415,100225541,,inst_retired.any,82464004,100.00,229.2,IpMispredict
     7.313848415,712384,,br_misp_retired.all_branches,82464004,100.00,,
     7.414039016,103045440,,inst_retired.any,82815439,100.00,233.6,IpMispredict
     7.414039016,716983,,br_misp_retired.all_branches,82815439,100.00,,
     7.514224926,46106532,,inst_retired.any,36871593,100.00,104.9,IpMispredict
     7.514224926,322910,,br_misp_retired.all_branches,36871593,100.00,,
     7.614412945,14208859,,inst_retired.any,15832668,100.00,32.6,IpMispredict
     7.614412945,115320,,br_misp_retired.all_branches,15832668,100.00,,
     7.714604454,103839028,,inst_retired.any,82761082,100.00,236.5,IpMispredict
     7.714604454,734157,,br_misp_retired.all_branches,82761082,100.00,,
     7.814793379,62691880,,inst_retired.any,50174969,100.00,142.8,IpMispredict
     7.814793379,441990,,br_misp_retired.all_branches,50174969,100.00,,
     7.914981520,21081630,,inst_retired.any,21897135,100.00,48.4,IpMispredict
     7.914981520,173318,,br_misp_retired.all_branches,21897135,100.00,,
     8.015172622,102861222,,inst_retired.any,82702126,100.00,234.1,IpMispredict
     8.015172622,720793,,br_misp_retired.all_branches,82702126,100.00,,
     8.115361222,94900227,,inst_retired.any,75974561,100.00,214.7,IpMispredict
     8.115361222,663755,,br_misp_retired.all_branches,75974561,100.00,,
     8.215568429,17695070,,inst_retired.any,14132519,100.00,40.4,IpMispredict
     8.215568429,123747,,br_misp_retired.all_branches,14132519,100.00,,
     8.315775626,43061451,,inst_retired.any,40102842,100.00,98.6,IpMispredict
     8.315775626,325951,,br_misp_retired.all_branches,40102842,100.00,,
     8.415966217,104082609,,inst_retired.any,83110228,100.00,236.4,IpMispredict
     8.415966217,731768,,br_misp_retired.all_branches,83110228,100.00,,
     8.516155510,83738038,,inst_retired.any,66818406,100.00,189.4,IpMispredict
     8.516155510,588903,,br_misp_retired.all_branches,66818406,100.00,,
     8.616343005,5074488,,inst_retired.any,4073879,100.00,11.6,IpMispredict
     8.616343005,35891,,br_misp_retired.all_branches,4073879,100.00,,
     8.716532116,62321474,,inst_retired.any,55566958,100.00,142.4,IpMispredict
     8.716532116,457277,,br_misp_retired.all_branches,55566958,100.00,,
     8.816723822,103751739,,inst_retired.any,83123069,100.00,235.3,IpMispredict
     8.816723822,727609,,br_misp_retired.all_branches,83123069,100.00,,
     8.916913072,5957292,,inst_retired.any,4765406,100.00,13.6,IpMispredict
     8.916913072,41540,,br_misp_retired.all_branches,4765406,100.00,,
     9.017101619,70307368,,inst_retired.any,60465278,100.00,160.7,IpMispredict
     9.017101619,525700,,br_misp_retired.all_branches,60465278,100.00,,
     9.117293880,104072209,,inst_retired.any,83193087,100.00,236.2,IpMispredict
     9.117293880,727358,,br_misp_retired.all_branches,83193087,100.00,,
     9.217480773,77968542,,inst_retired.any,62174086,100.00,176.5,IpMispredict
     9.217480773,542431,,br_misp_retired.all_branches,62174086,100.00,,
     9.317666003,<not counted>,,inst_retired.any,0,100.00,,
     9.317666003,<not counted>,,br_misp_retired.all_branches,0,100.00,,
     9.417838106,84976741,,inst_retired.any,72544919,100.00,193.6,IpMispredict
     9.417838106,623780,,br_misp_retired.all_branches,72544919,100.00,,
     9.518029131,104044157,,inst_retired.any,83055248,100.00,235.4,IpMispredict
     9.518029131,730732,,br_misp_retired.all_branches,83055248,100.00,,
     9.618217714,49323117,,inst_retired.any,39374311,100.00,111.8,IpMispredict
     9.618217714,348558,,br_misp_retired.all_branches,39374311,100.00,,
     9.718404027,1300920,,inst_retired.any,2214589,100.00,3.0,IpMispredict
     9.718404027,28668,,br_misp_retired.all_branches,2214589,100.00,,
     9.818596510,99698143,,inst_retired.any,82673542,100.00,226.8,IpMispredict
     9.818596510,714088,,br_misp_retired.all_branches,82673542,100.00,,
     9.918781708,69243637,,inst_retired.any,55180456,100.00,157.3,IpMispredict
     9.918781708,485064,,br_misp_retired.all_branches,55180456,100.00,,
    10.018980259,5192389,,inst_retired.any,8915482,100.00,11.9,IpMispredict
    10.018980259,58196,,br_misp_retired.all_branches,8915482,100.00,,
    10.119168286,103514439,,inst_retired.any,82713925,100.00,235.7,IpMispredict
    10.119168286,725591,,br_misp_retired.all_branches,82713925,100.00,,
    10.219356534,104140774,,inst_retired.any,83194186,100.00,235.6,IpMispredict
    10.219356534,726789,,br_misp_retired.all_branches,83194186,100.00,,
    10.319575056,36473666,,inst_retired.any,29286568,100.00,82.9,IpMispredict
    10.319575056,255652,,br_misp_retired.all_branches,29286568,100.00,,
    10.419764145,22557365,,inst_retired.any,22000604,100.00,51.5,IpMispredict
    10.419764145,179157,,br_misp_retired.all_branches,22000604,100.00,,
    10.519955704,103859806,,inst_retired.any,83146273,100.00,235.8,IpMispredict
    10.519955704,725630,,br_misp_retired.all_branches,83146273,100.00,,
    10.620147187,90296355,,inst_retired.any,72338675,100.00,204.2,IpMispredict
    10.620147187,635461,,br_misp_retired.all_branches,72338675,100.00,,
    10.720337823,19935384,,inst_retired.any,15919522,100.00,45.4,IpMispredict
    10.720337823,140632,,br_misp_retired.all_branches,15919522,100.00,,
    10.820526229,37431927,,inst_retired.any,35008568,100.00,85.5,IpMispredict
    10.820526229,284057,,br_misp_retired.all_branches,35008568,100.00,,
    10.920720683,103826730,,inst_retired.any,83295802,100.00,235.7,IpMispredict
    10.920720683,724509,,br_misp_retired.all_branches,83295802,100.00,,
    11.020929212,32441425,,inst_retired.any,25878503,100.00,74.0,IpMispredict
    11.020929212,225960,,br_misp_retired.all_branches,25878503,100.00,,
