# started on Tue May  2 16:05:20 2023

     0.100180236,9017333,,offcore_response.all_requests.llc_hit.any_response,74631502,100.00,,
     0.100180236,816,,offcore_response.all_requests.llc_miss.any_response,74622249,100.00,,
     0.200403957,9016562,,offcore_response.all_requests.llc_hit.any_response,74702196,100.00,,
     0.200403957,791,,offcore_response.all_requests.llc_miss.any_response,74702221,100.00,,
     0.300595011,8921947,,offcore_response.all_requests.llc_hit.any_response,73974803,100.00,,
     0.300595011,714,,offcore_response.all_requests.llc_miss.any_response,73974724,100.00,,
     0.400787162,9025069,,offcore_response.all_requests.llc_hit.any_response,74801261,100.00,,
     0.400787162,1174,,offcore_response.all_requests.llc_miss.any_response,74801661,100.00,,
     0.500976263,3662544,,offcore_response.all_requests.llc_hit.any_response,30439361,100.00,,
     0.500976263,381,,offcore_response.all_requests.llc_miss.any_response,30419833,100.00,,
     0.601162112,<not counted>,,offcore_response.all_requests.llc_hit.any_response,0,100.00,,
     0.601162112,<not counted>,,offcore_response.all_requests.llc_miss.any_response,0,100.00,,
     0.701341696,<not counted>,,offcore_response.all_requests.llc_hit.any_response,0,100.00,,
     0.701341696,<not counted>,,offcore_response.all_requests.llc_miss.any_response,0,100.00,,
     0.801524458,4396613,,offcore_response.all_requests.llc_hit.any_response,42777416,100.00,,
     0.801524458,440,,offcore_response.all_requests.llc_miss.any_response,42787628,100.00,,
     0.901718065,10074921,,offcore_response.all_requests.llc_hit.any_response,82978659,100.00,,
     0.901718065,661,,offcore_response.all_requests.llc_miss.any_response,82981499,100.00,,
     1.001906369,3310611,,offcore_response.all_requests.llc_hit.any_response,27224094,100.00,,
     1.001906369,312,,offcore_response.all_requests.llc_miss.any_response,27211042,100.00,,
     1.102093044,5256932,,offcore_response.all_requests.llc_hit.any_response,48106213,100.00,,
     1.102093044,344,,offcore_response.all_requests.llc_miss.any_response,48125940,100.00,,
     1.202285157,10103936,,offcore_response.all_requests.llc_hit.any_response,83072106,100.00,,
     1.202285157,694,,offcore_response.all_requests.llc_miss.any_response,83071503,100.00,,
     1.302474384,10058894,,offcore_response.all_requests.llc_hit.any_response,83085161,100.00,,
     1.302474384,765,,offcore_response.all_requests.llc_miss.any_response,83076471,100.00,,
     1.402665188,10100563,,offcore_response.all_requests.llc_hit.any_response,83113359,100.00,,
     1.402665188,896,,offcore_response.all_requests.llc_miss.any_response,83112850,100.00,,
     1.502856105,10041010,,offcore_response.all_requests.llc_hit.any_response,83029338,100.00,,
     1.502856105,770,,offcore_response.all_requests.llc_miss.any_response,83035390,100.00,,
     1.603046133,2583408,,offcore_response.all_requests.llc_hit.any_response,21525434,100.00,,
     1.603046133,249,,offcore_response.all_requests.llc_miss.any_response,21509457,100.00,,
     1.703232690,<not counted>,,offcore_response.all_requests.llc_hit.any_response,0,100.00,,
     1.703232690,<not counted>,,offcore_response.all_requests.llc_miss.any_response,0,100.00,,
     1.803412835,<not counted>,,offcore_response.all_requests.llc_hit.any_response,0,100.00,,
     1.803412835,<not counted>,,offcore_response.all_requests.llc_miss.any_response,0,100.00,,
     1.903594140,5310263,,offcore_response.all_requests.llc_hit.any_response,48294835,100.00,,
     1.903594140,403,,offcore_response.all_requests.llc_miss.any_response,48314437,100.00,,
     2.003786258,10078980,,offcore_response.all_requests.llc_hit.any_response,83221971,100.00,,
     2.003786258,756,,offcore_response.all_requests.llc_miss.any_response,83221410,100.00,,
     2.103974988,1792578,,offcore_response.all_requests.llc_hit.any_response,14907904,100.00,,
     2.103974988,118,,offcore_response.all_requests.llc_miss.any_response,14888863,100.00,,
     2.204165788,5495891,,offcore_response.all_requests.llc_hit.any_response,51283967,100.00,,
     2.204165788,522,,offcore_response.all_requests.llc_miss.any_response,51303007,100.00,,
     2.304380203,10097844,,offcore_response.all_requests.llc_hit.any_response,83314087,100.00,,
     2.304380203,1179,,offcore_response.all_requests.llc_miss.any_response,83303806,100.00,,
     2.404568986,10125582,,offcore_response.all_requests.llc_hit.any_response,83295166,100.00,,
     2.404568986,956,,offcore_response.all_requests.llc_miss.any_response,83296754,100.00,,
     2.504759630,10079595,,offcore_response.all_requests.llc_hit.any_response,83120340,100.00,,
     2.504759630,900,,offcore_response.all_requests.llc_miss.any_response,83128962,100.00,,
     2.604948924,10129291,,offcore_response.all_requests.llc_hit.any_response,83312850,100.00,,
     2.604948924,1039,,offcore_response.all_requests.llc_miss.any_response,83309643,100.00,,
     2.705135695,1738450,,offcore_response.all_requests.llc_hit.any_response,14404360,100.00,,
     2.705135695,166,,offcore_response.all_requests.llc_miss.any_response,14388598,100.00,,
     2.805319761,<not counted>,,offcore_response.all_requests.llc_hit.any_response,0,100.00,,
     2.805319761,<not counted>,,offcore_response.all_requests.llc_miss.any_response,0,100.00,,
     2.905498615,<not counted>,,offcore_response.all_requests.llc_hit.any_response,0,100.00,,
     2.905498615,<not counted>,,offcore_response.all_requests.llc_miss.any_response,0,100.00,,
     3.005682379,5948742,,offcore_response.all_requests.llc_hit.any_response,53873531,100.00,,
     3.005682379,621,,offcore_response.all_requests.llc_miss.any_response,53889193,100.00,,
     3.105871429,10080684,,offcore_response.all_requests.llc_hit.any_response,83085031,100.00,,
     3.105871429,655,,offcore_response.all_requests.llc_miss.any_response,83090176,100.00,,
     3.206061444,1504180,,offcore_response.all_requests.llc_hit.any_response,12426208,100.00,,
     3.206061444,103,,offcore_response.all_requests.llc_miss.any_response,12405401,100.00,,
     3.306249361,6102562,,offcore_response.all_requests.llc_hit.any_response,55291123,100.00,,
     3.306249361,410,,offcore_response.all_requests.llc_miss.any_response,55295882,100.00,,
     3.406442847,10047377,,offcore_response.all_requests.llc_hit.any_response,82989819,100.00,,
     3.406442847,979,,offcore_response.all_requests.llc_miss.any_response,82990752,100.00,,
     3.506633374,10093224,,offcore_response.all_requests.llc_hit.any_response,83100074,100.00,,
     3.506633374,812,,offcore_response.all_requests.llc_miss.any_response,83113466,100.00,,
     3.606825180,10122744,,offcore_response.all_requests.llc_hit.any_response,83128336,100.00,,
     3.606825180,762,,offcore_response.all_requests.llc_miss.any_response,83113006,100.00,,
     3.707013716,10067035,,offcore_response.all_requests.llc_hit.any_response,83254554,100.00,,
     3.707013716,759,,offcore_response.all_requests.llc_miss.any_response,83269921,100.00,,
     3.807203230,1193279,,offcore_response.all_requests.llc_hit.any_response,9935318,100.00,,
     3.807203230,116,,offcore_response.all_requests.llc_miss.any_response,9916197,100.00,,
     3.907388147,<not counted>,,offcore_response.all_requests.llc_hit.any_response,0,100.00,,
     3.907388147,<not counted>,,offcore_response.all_requests.llc_miss.any_response,0,100.00,,
     4.007572367,<not counted>,,offcore_response.all_requests.llc_hit.any_response,0,100.00,,
     4.007572367,<not counted>,,offcore_response.all_requests.llc_miss.any_response,0,100.00,,
     4.107756865,6319922,,offcore_response.all_requests.llc_hit.any_response,57393315,100.00,,
     4.107756865,560,,offcore_response.all_requests.llc_miss.any_response,57412680,100.00,,
     4.207972784,10143833,,offcore_response.all_requests.llc_hit.any_response,83326414,100.00,,
     4.207972784,924,,offcore_response.all_requests.llc_miss.any_response,83326260,100.00,,
     4.308164126,769164,,offcore_response.all_requests.llc_hit.any_response,6380327,100.00,,
     4.308164126,3,,offcore_response.all_requests.llc_miss.any_response,6361116,100.00,,
     4.408351571,6485161,,offcore_response.all_requests.llc_hit.any_response,60239841,100.00,,
     4.408351571,593,,offcore_response.all_requests.llc_miss.any_response,60247203,100.00,,
     4.508562107,9797697,,offcore_response.all_requests.llc_hit.any_response,83051384,100.00,,
     4.508562107,875,,offcore_response.all_requests.llc_miss.any_response,83048531,100.00,,
     4.608751505,9833948,,offcore_response.all_requests.llc_hit.any_response,83088890,100.00,,
     4.608751505,989,,offcore_response.all_requests.llc_miss.any_response,83103382,100.00,,
     4.708942857,9855295,,offcore_response.all_requests.llc_hit.any_response,83086976,100.00,,
     4.708942857,1052,,offcore_response.all_requests.llc_miss.any_response,83087081,100.00,,
     4.809133774,9784838,,offcore_response.all_requests.llc_hit.any_response,83021458,100.00,,
     4.809133774,818,,offcore_response.all_requests.llc_miss.any_response,83020317,100.00,,
     4.909321378,253382,,offcore_response.all_requests.llc_hit.any_response,2201071,100.00,,
     4.909321378,25,,offcore_response.all_requests.llc_miss.any_response,2183106,100.00,,
     5.009506990,<not counted>,,offcore_response.all_requests.llc_hit.any_response,0,100.00,,
     5.009506990,<not counted>,,offcore_response.all_requests.llc_miss.any_response,0,100.00,,
     5.109689691,<not counted>,,offcore_response.all_requests.llc_hit.any_response,0,100.00,,
     5.109689691,<not counted>,,offcore_response.all_requests.llc_miss.any_response,0,100.00,,
     5.209872271,7368684,,offcore_response.all_requests.llc_hit.any_response,65282866,100.00,,
     5.209872271,748,,offcore_response.all_requests.llc_miss.any_response,65304707,100.00,,
     5.310066616,10055121,,offcore_response.all_requests.llc_hit.any_response,83387598,100.00,,
     5.310066616,949,,offcore_response.all_requests.llc_miss.any_response,83384893,100.00,,
     5.410254651,245742,,offcore_response.all_requests.llc_hit.any_response,2094395,100.00,,
     5.410254651,38,,offcore_response.all_requests.llc_miss.any_response,2075259,100.00,,
     5.510442340,7309386,,offcore_response.all_requests.llc_hit.any_response,66844531,100.00,,
     5.510442340,638,,offcore_response.all_requests.llc_miss.any_response,66864078,100.00,,
     5.610636358,10076994,,offcore_response.all_requests.llc_hit.any_response,83258900,100.00,,
     5.610636358,813,,offcore_response.all_requests.llc_miss.any_response,83258325,100.00,,
     5.710826878,10122120,,offcore_response.all_requests.llc_hit.any_response,83184057,100.00,,
     5.710826878,839,,offcore_response.all_requests.llc_miss.any_response,83184142,100.00,,
     5.811017160,10110267,,offcore_response.all_requests.llc_hit.any_response,83214061,100.00,,
     5.811017160,1004,,offcore_response.all_requests.llc_miss.any_response,83214189,100.00,,
     5.911208536,9486672,,offcore_response.all_requests.llc_hit.any_response,78185444,100.00,,
     5.911208536,836,,offcore_response.all_requests.llc_miss.any_response,78166259,100.00,,
     6.011395851,<not counted>,,offcore_response.all_requests.llc_hit.any_response,0,100.00,,
     6.011395851,<not counted>,,offcore_response.all_requests.llc_miss.any_response,0,100.00,,
     6.111577679,<not counted>,,offcore_response.all_requests.llc_hit.any_response,0,100.00,,
     6.111577679,<not counted>,,offcore_response.all_requests.llc_miss.any_response,0,100.00,,
     6.211758621,<not counted>,,offcore_response.all_requests.llc_hit.any_response,0,100.00,,
     6.211758621,<not counted>,,offcore_response.all_requests.llc_miss.any_response,0,100.00,,
     6.311970263,8369042,,offcore_response.all_requests.llc_hit.any_response,74656956,100.00,,
     6.311970263,750,,offcore_response.all_requests.llc_miss.any_response,74676744,100.00,,
     6.412165012,9241491,,offcore_response.all_requests.llc_hit.any_response,76399670,100.00,,
     6.412165012,761,,offcore_response.all_requests.llc_miss.any_response,76379882,100.00,,
     6.512338995,<not counted>,,offcore_response.all_requests.llc_hit.any_response,0,100.00,,
     6.512338995,<not counted>,,offcore_response.all_requests.llc_miss.any_response,0,100.00,,
     6.612525133,8443871,,offcore_response.all_requests.llc_hit.any_response,75558762,100.00,,
     6.612525133,743,,offcore_response.all_requests.llc_miss.any_response,75578286,100.00,,
     6.712740203,10002489,,offcore_response.all_requests.llc_hit.any_response,82948681,100.00,,
     6.712740203,656,,offcore_response.all_requests.llc_miss.any_response,82948209,100.00,,
     6.812931107,10072377,,offcore_response.all_requests.llc_hit.any_response,83340457,100.00,,
     6.812931107,890,,offcore_response.all_requests.llc_miss.any_response,83331452,100.00,,
     6.913120364,10077513,,offcore_response.all_requests.llc_hit.any_response,83288122,100.00,,
     6.913120364,822,,offcore_response.all_requests.llc_miss.any_response,83291517,100.00,,
     7.013308131,8877169,,offcore_response.all_requests.llc_hit.any_response,73796933,100.00,,
     7.013308131,749,,offcore_response.all_requests.llc_miss.any_response,73783491,100.00,,
     7.113499158,<not counted>,,offcore_response.all_requests.llc_hit.any_response,0,100.00,,
     7.113499158,<not counted>,,offcore_response.all_requests.llc_miss.any_response,0,100.00,,
     7.213681794,<not counted>,,offcore_response.all_requests.llc_hit.any_response,0,100.00,,
     7.213681794,<not counted>,,offcore_response.all_requests.llc_miss.any_response,0,100.00,,
     7.313865419,<not counted>,,offcore_response.all_requests.llc_hit.any_response,0,100.00,,
     7.313865419,<not counted>,,offcore_response.all_requests.llc_miss.any_response,0,100.00,,
     7.414054138,8991327,,offcore_response.all_requests.llc_hit.any_response,78945734,100.00,,
     7.414054138,865,,offcore_response.all_requests.llc_miss.any_response,78958984,100.00,,
     7.514242319,8412985,,offcore_response.all_requests.llc_hit.any_response,69414611,100.00,,
     7.514242319,634,,offcore_response.all_requests.llc_miss.any_response,69401361,100.00,,
     7.614425883,<not counted>,,offcore_response.all_requests.llc_hit.any_response,0,100.00,,
     7.614425883,<not counted>,,offcore_response.all_requests.llc_miss.any_response,0,100.00,,
     7.714607686,9253988,,offcore_response.all_requests.llc_hit.any_response,81301332,100.00,,
     7.714607686,780,,offcore_response.all_requests.llc_miss.any_response,81321010,100.00,,
     7.814799967,10086227,,offcore_response.all_requests.llc_hit.any_response,83337963,100.00,,
     7.814799967,766,,offcore_response.all_requests.llc_miss.any_response,83337769,100.00,,
     7.914994613,10134384,,offcore_response.all_requests.llc_hit.any_response,83384475,100.00,,
     7.914994613,937,,offcore_response.all_requests.llc_miss.any_response,83370672,100.00,,
     8.015182964,10129632,,offcore_response.all_requests.llc_hit.any_response,83274022,100.00,,
     8.015182964,1034,,offcore_response.all_requests.llc_miss.any_response,83277270,100.00,,
     8.115369662,8076417,,offcore_response.all_requests.llc_hit.any_response,66799597,100.00,,
     8.115369662,749,,offcore_response.all_requests.llc_miss.any_response,66790668,100.00,,
     8.215555521,<not counted>,,offcore_response.all_requests.llc_hit.any_response,0,100.00,,
     8.215555521,<not counted>,,offcore_response.all_requests.llc_miss.any_response,0,100.00,,
     8.315736147,<not counted>,,offcore_response.all_requests.llc_hit.any_response,0,100.00,,
     8.315736147,<not counted>,,offcore_response.all_requests.llc_miss.any_response,0,100.00,,
     8.415944575,120800,,offcore_response.all_requests.llc_hit.any_response,2173441,100.00,,
     8.415944575,36,,offcore_response.all_requests.llc_miss.any_response,2193961,100.00,,
     8.516140300,9584721,,offcore_response.all_requests.llc_hit.any_response,82742114,100.00,,
     8.516140300,903,,offcore_response.all_requests.llc_miss.any_response,82740571,100.00,,
     8.616328471,7696405,,offcore_response.all_requests.llc_hit.any_response,63517215,100.00,,
     8.616328471,641,,offcore_response.all_requests.llc_miss.any_response,63498238,100.00,,
     8.716512285,259705,,offcore_response.all_requests.llc_hit.any_response,4501202,100.00,,
     8.716512285,40,,offcore_response.all_requests.llc_miss.any_response,4521739,100.00,,
     8.816709167,9772206,,offcore_response.all_requests.llc_hit.any_response,82552408,100.00,,
     8.816709167,682,,offcore_response.all_requests.llc_miss.any_response,82538160,100.00,,
     8.916921735,10162920,,offcore_response.all_requests.llc_hit.any_response,83361090,100.00,,
     8.916921735,720,,offcore_response.all_requests.llc_miss.any_response,83374074,100.00,,
     9.017113438,10131849,,offcore_response.all_requests.llc_hit.any_response,83410717,100.00,,
     9.017113438,789,,offcore_response.all_requests.llc_miss.any_response,83410569,100.00,,
     9.117305862,10121762,,offcore_response.all_requests.llc_hit.any_response,83344293,100.00,,
     9.117305862,852,,offcore_response.all_requests.llc_miss.any_response,83333063,100.00,,
     9.217493752,7331646,,offcore_response.all_requests.llc_hit.any_response,60703825,100.00,,
     9.217493752,691,,offcore_response.all_requests.llc_miss.any_response,60695930,100.00,,
     9.317677466,<not counted>,,offcore_response.all_requests.llc_hit.any_response,0,100.00,,
     9.317677466,<not counted>,,offcore_response.all_requests.llc_miss.any_response,0,100.00,,
     9.417857776,<not counted>,,offcore_response.all_requests.llc_hit.any_response,0,100.00,,
     9.417857776,<not counted>,,offcore_response.all_requests.llc_miss.any_response,0,100.00,,
     9.518036960,517629,,offcore_response.all_requests.llc_hit.any_response,8921100,100.00,,
     9.518036960,83,,offcore_response.all_requests.llc_miss.any_response,8941741,100.00,,
     9.618230242,9978980,,offcore_response.all_requests.llc_hit.any_response,83097801,100.00,,
     9.618230242,811,,offcore_response.all_requests.llc_miss.any_response,83098400,100.00,,
     9.718419439,7203353,,offcore_response.all_requests.llc_hit.any_response,59166261,100.00,,
     9.718419439,607,,offcore_response.all_requests.llc_miss.any_response,59145021,100.00,,
     9.818614769,538369,,offcore_response.all_requests.llc_hit.any_response,9002730,100.00,,
     9.818614769,137,,offcore_response.all_requests.llc_miss.any_response,9002730,100.00,,
     9.918810849,10064085,,offcore_response.all_requests.llc_hit.any_response,83109263,100.00,,
     9.918810849,701,,offcore_response.all_requests.llc_miss.any_response,83128327,100.00,,
    10.019000417,10089977,,offcore_response.all_requests.llc_hit.any_response,83251398,100.00,,
    10.019000417,812,,offcore_response.all_requests.llc_miss.any_response,83251428,100.00,,
    10.119190899,10118475,,offcore_response.all_requests.llc_hit.any_response,83264767,100.00,,
    10.119190899,936,,offcore_response.all_requests.llc_miss.any_response,83265057,100.00,,
    10.219383584,10088546,,offcore_response.all_requests.llc_hit.any_response,83137330,100.00,,
    10.219383584,843,,offcore_response.all_requests.llc_miss.any_response,83133750,100.00,,
    10.319570446,6496950,,offcore_response.all_requests.llc_hit.any_response,53922999,100.00,,
    10.319570446,584,,offcore_response.all_requests.llc_miss.any_response,53907195,100.00,,
    10.419754594,<not counted>,,offcore_response.all_requests.llc_hit.any_response,0,100.00,,
    10.419754594,<not counted>,,offcore_response.all_requests.llc_miss.any_response,0,100.00,,
    10.519960993,<not counted>,,offcore_response.all_requests.llc_hit.any_response,0,100.00,,
    10.519960993,<not counted>,,offcore_response.all_requests.llc_miss.any_response,0,100.00,,
    10.620143444,1132264,,offcore_response.all_requests.llc_hit.any_response,14721573,100.00,,
    10.620143444,135,,offcore_response.all_requests.llc_miss.any_response,14741360,100.00,,
    10.720337482,10076340,,offcore_response.all_requests.llc_hit.any_response,83111146,100.00,,
    10.720337482,805,,offcore_response.all_requests.llc_miss.any_response,83110234,100.00,,
    10.820523880,6350341,,offcore_response.all_requests.llc_hit.any_response,52270542,100.00,,
    10.820523880,535,,offcore_response.all_requests.llc_miss.any_response,52251667,100.00,,
    10.920712355,1284309,,offcore_response.all_requests.llc_hit.any_response,15612453,100.00,,
    10.920712355,157,,offcore_response.all_requests.llc_miss.any_response,15632150,100.00,,
    11.020905865,10021660,,offcore_response.all_requests.llc_hit.any_response,83227897,100.00,,
    11.020905865,952,,offcore_response.all_requests.llc_miss.any_response,83227265,100.00,,
