# started on Tue May  2 15:34:07 2023

     0.100140035,29482550,,inst_retired.any,41457346,100.00,124.7,IpMispredict
     0.100140035,236395,,br_misp_retired.all_branches,41457346,100.00,,
     0.200395867,30154259,,inst_retired.any,41629423,100.00,129.1,IpMispredict
     0.200395867,230716,,br_misp_retired.all_branches,41629423,100.00,,
     0.300581342,29593452,,inst_retired.any,40869496,100.00,126.1,IpMispredict
     0.300581342,236686,,br_misp_retired.all_branches,40869496,100.00,,
     0.400767997,30107011,,inst_retired.any,42170105,100.00,127.6,IpMispredict
     0.400767997,239904,,br_misp_retired.all_branches,42170105,100.00,,
     0.500951042,29479658,,inst_retired.any,41077546,100.00,124.7,IpMispredict
     0.500951042,238532,,br_misp_retired.all_branches,41077546,100.00,,
     0.601138904,30168726,,inst_retired.any,41639366,100.00,127.9,IpMispredict
     0.601138904,233082,,br_misp_retired.all_branches,41639366,100.00,,
     0.701323866,29766930,,inst_retired.any,39958216,100.00,128.1,IpMispredict
     0.701323866,210846,,br_misp_retired.all_branches,39958216,100.00,,
     0.801506019,29547764,,inst_retired.any,40596559,100.00,127.9,IpMispredict
     0.801506019,221754,,br_misp_retired.all_branches,40596559,100.00,,
     0.901690265,30127295,,inst_retired.any,42174317,100.00,129.9,IpMispredict
     0.901690265,239462,,br_misp_retired.all_branches,42174317,100.00,,
     1.001886701,29477733,,inst_retired.any,40572777,100.00,127.7,IpMispredict
     1.001886701,221835,,br_misp_retired.all_branches,40572777,100.00,,
     1.102070023,29932073,,inst_retired.any,40796647,100.00,129.7,IpMispredict
     1.102070023,229592,,br_misp_retired.all_branches,40796647,100.00,,
     1.202257263,29681919,,inst_retired.any,41190566,100.00,128.5,IpMispredict
     1.202257263,233465,,br_misp_retired.all_branches,41190566,100.00,,
     1.302439753,30244952,,inst_retired.any,41286427,100.00,130.4,IpMispredict
     1.302439753,242267,,br_misp_retired.all_branches,41286427,100.00,,
     1.402626399,29720553,,inst_retired.any,40865785,100.00,127.5,IpMispredict
     1.402626399,248546,,br_misp_retired.all_branches,40865785,100.00,,
     1.502813317,29891467,,inst_retired.any,41351063,100.00,127.9,IpMispredict
     1.502813317,242828,,br_misp_retired.all_branches,41351063,100.00,,
     1.603000230,29910914,,inst_retired.any,41486236,100.00,128.2,IpMispredict
     1.603000230,226445,,br_misp_retired.all_branches,41486236,100.00,,
     1.703184827,29873798,,inst_retired.any,41151889,100.00,128.2,IpMispredict
     1.703184827,229238,,br_misp_retired.all_branches,41151889,100.00,,
     1.803372915,29827247,,inst_retired.any,39715024,100.00,127.6,IpMispredict
     1.803372915,246742,,br_misp_retired.all_branches,39715024,100.00,,
     1.903564832,29326118,,inst_retired.any,40460796,100.00,125.3,IpMispredict
     1.903564832,238465,,br_misp_retired.all_branches,40460796,100.00,,
     2.003753623,30351776,,inst_retired.any,41388427,100.00,129.7,IpMispredict
     2.003753623,232646,,br_misp_retired.all_branches,41388427,100.00,,
     2.103938702,29616774,,inst_retired.any,40358471,100.00,126.9,IpMispredict
     2.103938702,220345,,br_misp_retired.all_branches,40358471,100.00,,
     2.204123394,29759604,,inst_retired.any,41261154,100.00,127.3,IpMispredict
     2.204123394,241975,,br_misp_retired.all_branches,41261154,100.00,,
     2.304307080,29822938,,inst_retired.any,41416175,100.00,127.6,IpMispredict
     2.304307080,233454,,br_misp_retired.all_branches,41416175,100.00,,
     2.404491340,29785676,,inst_retired.any,40595111,100.00,127.6,IpMispredict
     2.404491340,226740,,br_misp_retired.all_branches,40595111,100.00,,
     2.504683122,29543678,,inst_retired.any,40916074,100.00,126.8,IpMispredict
     2.504683122,222641,,br_misp_retired.all_branches,40916074,100.00,,
     2.604870109,30228844,,inst_retired.any,41653035,100.00,130.0,IpMispredict
     2.604870109,221951,,br_misp_retired.all_branches,41653035,100.00,,
     2.705054536,29862141,,inst_retired.any,41273520,100.00,128.0,IpMispredict
     2.705054536,251044,,br_misp_retired.all_branches,41273520,100.00,,
     2.805260163,29675165,,inst_retired.any,41724285,100.00,126.9,IpMispredict
     2.805260163,248718,,br_misp_retired.all_branches,41724285,100.00,,
     2.905450791,29724054,,inst_retired.any,39937718,100.00,127.5,IpMispredict
     2.905450791,217054,,br_misp_retired.all_branches,39937718,100.00,,
     3.005633479,29877477,,inst_retired.any,41036402,100.00,128.1,IpMispredict
     3.005633479,235884,,br_misp_retired.all_branches,41036402,100.00,,
     3.105817224,29524716,,inst_retired.any,40855111,100.00,126.5,IpMispredict
     3.105817224,237303,,br_misp_retired.all_branches,40855111,100.00,,
     3.206001011,30246438,,inst_retired.any,41695398,100.00,129.4,IpMispredict
     3.206001011,242821,,br_misp_retired.all_branches,41695398,100.00,,
     3.306184423,29561254,,inst_retired.any,40741435,100.00,126.5,IpMispredict
     3.306184423,231373,,br_misp_retired.all_branches,40741435,100.00,,
     3.406373571,29862997,,inst_retired.any,41083028,100.00,127.7,IpMispredict
     3.406373571,238904,,br_misp_retired.all_branches,41083028,100.00,,
     3.506562844,29713114,,inst_retired.any,41425696,100.00,126.8,IpMispredict
     3.506562844,253521,,br_misp_retired.all_branches,41425696,100.00,,
     3.606751972,29694984,,inst_retired.any,40743483,100.00,126.9,IpMispredict
     3.606751972,218718,,br_misp_retired.all_branches,40743483,100.00,,
     3.706935323,30113271,,inst_retired.any,42839938,100.00,128.5,IpMispredict
     3.706935323,250457,,br_misp_retired.all_branches,42839938,100.00,,
     3.807122003,29751502,,inst_retired.any,40944917,100.00,126.8,IpMispredict
     3.807122003,243020,,br_misp_retired.all_branches,40944917,100.00,,
     3.907305382,30017535,,inst_retired.any,42060760,100.00,127.4,IpMispredict
     3.907305382,270724,,br_misp_retired.all_branches,42060760,100.00,,
     4.007492004,29693181,,inst_retired.any,41523592,100.00,125.9,IpMispredict
     4.007492004,249596,,br_misp_retired.all_branches,41523592,100.00,,
     4.107689456,29725561,,inst_retired.any,41384578,100.00,126.0,IpMispredict
     4.107689456,239048,,br_misp_retired.all_branches,41384578,100.00,,
     4.207884150,29866243,,inst_retired.any,41425716,100.00,126.5,IpMispredict
     4.207884150,238274,,br_misp_retired.all_branches,41425716,100.00,,
     4.308068193,29721613,,inst_retired.any,41286212,100.00,125.9,IpMispredict
     4.308068193,235785,,br_misp_retired.all_branches,41286212,100.00,,
     4.408251996,29919385,,inst_retired.any,41599302,100.00,126.9,IpMispredict
     4.408251996,226541,,br_misp_retired.all_branches,41599302,100.00,,
     4.508438129,29815099,,inst_retired.any,41862850,100.00,126.5,IpMispredict
     4.508438129,234519,,br_misp_retired.all_branches,41862850,100.00,,
     4.608622559,29554907,,inst_retired.any,40889343,100.00,125.3,IpMispredict
     4.608622559,240760,,br_misp_retired.all_branches,40889343,100.00,,
     4.708805216,29888603,,inst_retired.any,42348126,100.00,126.5,IpMispredict
     4.708805216,251387,,br_misp_retired.all_branches,42348126,100.00,,
     4.808990689,30156786,,inst_retired.any,40632980,100.00,127.9,IpMispredict
     4.808990689,215756,,br_misp_retired.all_branches,40632980,100.00,,
     4.909174355,29651599,,inst_retired.any,40191642,100.00,125.9,IpMispredict
     4.909174355,219333,,br_misp_retired.all_branches,40191642,100.00,,
     5.009359331,29610689,,inst_retired.any,41631522,100.00,125.8,IpMispredict
     5.009359331,235099,,br_misp_retired.all_branches,41631522,100.00,,
     5.109552659,30033558,,inst_retired.any,41198736,100.00,127.7,IpMispredict
     5.109552659,221542,,br_misp_retired.all_branches,41198736,100.00,,
     5.209737291,30262636,,inst_retired.any,40497474,100.00,128.7,IpMispredict
     5.209737291,231789,,br_misp_retired.all_branches,40497474,100.00,,
     5.309929412,30199693,,inst_retired.any,41995714,100.00,128.5,IpMispredict
     5.309929412,227641,,br_misp_retired.all_branches,41995714,100.00,,
     5.410108512,29296758,,inst_retired.any,38900926,100.00,124.5,IpMispredict
     5.410108512,255965,,br_misp_retired.all_branches,38900926,100.00,,
     5.510310065,30012799,,inst_retired.any,41953343,100.00,127.4,IpMispredict
     5.510310065,247048,,br_misp_retired.all_branches,41953343,100.00,,
     5.610498505,29708681,,inst_retired.any,41512521,100.00,126.2,IpMispredict
     5.610498505,231549,,br_misp_retired.all_branches,41512521,100.00,,
     5.710686221,30088557,,inst_retired.any,41470928,100.00,128.0,IpMispredict
     5.710686221,214867,,br_misp_retired.all_branches,41470928,100.00,,
     5.810868115,29612192,,inst_retired.any,40909404,100.00,126.0,IpMispredict
     5.810868115,228206,,br_misp_retired.all_branches,40909404,100.00,,
     5.911050519,29856205,,inst_retired.any,41130252,100.00,127.1,IpMispredict
     5.911050519,231744,,br_misp_retired.all_branches,41130252,100.00,,
     6.011237482,29770966,,inst_retired.any,40936939,100.00,126.9,IpMispredict
     6.011237482,213556,,br_misp_retired.all_branches,40936939,100.00,,
     6.111424580,29823851,,inst_retired.any,41021474,100.00,127.3,IpMispredict
     6.111424580,219677,,br_misp_retired.all_branches,41021474,100.00,,
     6.211613119,29846536,,inst_retired.any,40995431,100.00,127.2,IpMispredict
     6.211613119,246729,,br_misp_retired.all_branches,40995431,100.00,,
     6.311817547,30423494,,inst_retired.any,41761327,100.00,129.7,IpMispredict
     6.311817547,231222,,br_misp_retired.all_branches,41761327,100.00,,
     6.412003933,30070046,,inst_retired.any,42137303,100.00,128.0,IpMispredict
     6.412003933,261005,,br_misp_retired.all_branches,42137303,100.00,,
     6.512196850,29343709,,inst_retired.any,40266403,100.00,125.0,IpMispredict
     6.512196850,226235,,br_misp_retired.all_branches,40266403,100.00,,
     6.612386263,29904212,,inst_retired.any,41111058,100.00,127.4,IpMispredict
     6.612386263,229038,,br_misp_retired.all_branches,41111058,100.00,,
     6.712570780,30000837,,inst_retired.any,43006227,100.00,127.5,IpMispredict
     6.712570780,276463,,br_misp_retired.all_branches,43006227,100.00,,
     6.812754906,29834619,,inst_retired.any,40917012,100.00,126.8,IpMispredict
     6.812754906,232565,,br_misp_retired.all_branches,40917012,100.00,,
     6.912938499,29752765,,inst_retired.any,41550489,100.00,126.4,IpMispredict
     6.912938499,239362,,br_misp_retired.all_branches,41550489,100.00,,
     7.013125293,29502040,,inst_retired.any,40049865,100.00,125.5,IpMispredict
     7.013125293,219172,,br_misp_retired.all_branches,40049865,100.00,,
     7.113308454,30048589,,inst_retired.any,41149501,100.00,127.7,IpMispredict
     7.113308454,243405,,br_misp_retired.all_branches,41149501,100.00,,
     7.213491799,29551699,,inst_retired.any,41459515,100.00,125.7,IpMispredict
     7.213491799,229767,,br_misp_retired.all_branches,41459515,100.00,,
     7.313679000,29789702,,inst_retired.any,40658768,100.00,126.8,IpMispredict
     7.313679000,213687,,br_misp_retired.all_branches,40658768,100.00,,
     7.413868225,29780716,,inst_retired.any,40990459,100.00,126.9,IpMispredict
     7.413868225,224252,,br_misp_retired.all_branches,40990459,100.00,,
     7.514056571,30135786,,inst_retired.any,41353897,100.00,128.1,IpMispredict
     7.514056571,277497,,br_misp_retired.all_branches,41353897,100.00,,
     7.614241236,29370609,,inst_retired.any,39863212,100.00,124.8,IpMispredict
     7.614241236,243107,,br_misp_retired.all_branches,39863212,100.00,,
     7.714429098,29856679,,inst_retired.any,41687052,100.00,126.9,IpMispredict
     7.714429098,230158,,br_misp_retired.all_branches,41687052,100.00,,
     7.814615437,30085155,,inst_retired.any,41777721,100.00,127.8,IpMispredict
     7.814615437,236569,,br_misp_retired.all_branches,41777721,100.00,,
     7.914803006,29240234,,inst_retired.any,39991526,100.00,124.4,IpMispredict
     7.914803006,214147,,br_misp_retired.all_branches,39991526,100.00,,
     8.014986107,30099292,,inst_retired.any,42414201,100.00,128.0,IpMispredict
     8.014986107,247630,,br_misp_retired.all_branches,42414201,100.00,,
     8.115167316,29989954,,inst_retired.any,40622267,100.00,127.6,IpMispredict
     8.115167316,220547,,br_misp_retired.all_branches,40622267,100.00,,
     8.215354754,29742372,,inst_retired.any,41311079,100.00,126.5,IpMispredict
     8.215354754,244357,,br_misp_retired.all_branches,41311079,100.00,,
     8.315563659,29510778,,inst_retired.any,40550394,100.00,125.5,IpMispredict
     8.315563659,229227,,br_misp_retired.all_branches,40550394,100.00,,
     8.415750987,30045347,,inst_retired.any,41783900,100.00,127.8,IpMispredict
     8.415750987,231359,,br_misp_retired.all_branches,41783900,100.00,,
     8.515918198,29874639,,inst_retired.any,40791196,100.00,127.2,IpMispredict
     8.515918198,227060,,br_misp_retired.all_branches,40791196,100.00,,
     8.616107619,29353141,,inst_retired.any,40604461,100.00,125.0,IpMispredict
     8.616107619,230158,,br_misp_retired.all_branches,40604461,100.00,,
     8.716292620,30144903,,inst_retired.any,41708230,100.00,128.3,IpMispredict
     8.716292620,243460,,br_misp_retired.all_branches,41708230,100.00,,
     8.816479613,29712109,,inst_retired.any,41565272,100.00,126.4,IpMispredict
     8.816479613,236905,,br_misp_retired.all_branches,41565272,100.00,,
     8.916663776,29684156,,inst_retired.any,40177398,100.00,126.4,IpMispredict
     8.916663776,227709,,br_misp_retired.all_branches,40177398,100.00,,
     9.016847188,29648980,,inst_retired.any,41059123,100.00,126.2,IpMispredict
     9.016847188,242340,,br_misp_retired.all_branches,41059123,100.00,,
     9.117030413,30037140,,inst_retired.any,41874352,100.00,127.8,IpMispredict
     9.117030413,231078,,br_misp_retired.all_branches,41874352,100.00,,
     9.217213380,29971105,,inst_retired.any,40390698,100.00,127.6,IpMispredict
     9.217213380,219666,,br_misp_retired.all_branches,40390698,100.00,,
     9.317397233,29590758,,inst_retired.any,42175404,100.00,125.9,IpMispredict
     9.317397233,249239,,br_misp_retired.all_branches,42175404,100.00,,
     9.417583575,29680374,,inst_retired.any,41172375,100.00,126.2,IpMispredict
     9.417583575,253578,,br_misp_retired.all_branches,41172375,100.00,,
     9.517770983,30346632,,inst_retired.any,42176784,100.00,129.1,IpMispredict
     9.517770983,231879,,br_misp_retired.all_branches,42176784,100.00,,
     9.617952858,29393738,,inst_retired.any,40816131,100.00,125.0,IpMispredict
     9.617952858,232628,,br_misp_retired.all_branches,40816131,100.00,,
     9.718135364,30204371,,inst_retired.any,42109150,100.00,128.5,IpMispredict
     9.718135364,232912,,br_misp_retired.all_branches,42109150,100.00,,
     9.818317523,29728922,,inst_retired.any,40952140,100.00,126.5,IpMispredict
     9.818317523,235723,,br_misp_retired.all_branches,40952140,100.00,,
     9.918505235,29707522,,inst_retired.any,41132995,100.00,126.4,IpMispredict
     9.918505235,225898,,br_misp_retired.all_branches,41132995,100.00,,
    10.018691072,30013712,,inst_retired.any,41671377,100.00,127.7,IpMispredict
    10.018691072,246516,,br_misp_retired.all_branches,41671377,100.00,,
    10.118878869,29390678,,inst_retired.any,41773049,100.00,124.9,IpMispredict
    10.118878869,247676,,br_misp_retired.all_branches,41773049,100.00,,
    10.219061489,30069275,,inst_retired.any,41151843,100.00,127.8,IpMispredict
    10.219061489,240740,,br_misp_retired.all_branches,41151843,100.00,,
    10.319222499,29603177,,inst_retired.any,40909291,100.00,125.9,IpMispredict
    10.319222499,217473,,br_misp_retired.all_branches,40909291,100.00,,
    10.419416625,29900317,,inst_retired.any,41597425,100.00,127.1,IpMispredict
    10.419416625,244154,,br_misp_retired.all_branches,41597425,100.00,,
    10.519596593,29902918,,inst_retired.any,41385688,100.00,127.1,IpMispredict
    10.519596593,240001,,br_misp_retired.all_branches,41385688,100.00,,
    10.619792313,29624259,,inst_retired.any,41490224,100.00,125.9,IpMispredict
    10.619792313,235571,,br_misp_retired.all_branches,41490224,100.00,,
    10.719978140,30016178,,inst_retired.any,41591617,100.00,127.6,IpMispredict
    10.719978140,231056,,br_misp_retired.all_branches,41591617,100.00,,
    10.820162263,29661783,,inst_retired.any,40632965,100.00,126.1,IpMispredict
    10.820162263,236098,,br_misp_retired.all_branches,40632965,100.00,,
    10.920346458,29801228,,inst_retired.any,41785785,100.00,126.6,IpMispredict
    10.920346458,251612,,br_misp_retired.all_branches,41785785,100.00,,
    11.020549959,29978248,,inst_retired.any,42163032,100.00,127.2,IpMispredict
    11.020549959,260956,,br_misp_retired.all_branches,42163032,100.00,,
