# started on Tue May  2 15:36:32 2023

     0.100168776,8776722,,offcore_response.all_requests.llc_hit.any_response,74853817,100.00,,
     0.100168776,911,,offcore_response.all_requests.llc_miss.any_response,74846704,100.00,,
     0.200396340,8785990,,offcore_response.all_requests.llc_hit.any_response,74858414,100.00,,
     0.200396340,876,,offcore_response.all_requests.llc_miss.any_response,74863346,100.00,,
     0.300587777,8667781,,offcore_response.all_requests.llc_hit.any_response,73921774,100.00,,
     0.300587777,940,,offcore_response.all_requests.llc_miss.any_response,73921295,100.00,,
     0.400779327,8757337,,offcore_response.all_requests.llc_hit.any_response,74640307,100.00,,
     0.400779327,738,,offcore_response.all_requests.llc_miss.any_response,74640747,100.00,,
     0.500974165,8638902,,offcore_response.all_requests.llc_hit.any_response,73816249,100.00,,
     0.500974165,812,,offcore_response.all_requests.llc_miss.any_response,73815533,100.00,,
     0.601166023,3802542,,offcore_response.all_requests.llc_hit.any_response,32439177,100.00,,
     0.601166023,404,,offcore_response.all_requests.llc_miss.any_response,32418709,100.00,,
     0.701359436,<not counted>,,offcore_response.all_requests.llc_hit.any_response,0,100.00,,
     0.701359436,<not counted>,,offcore_response.all_requests.llc_miss.any_response,0,100.00,,
     0.801539754,<not counted>,,offcore_response.all_requests.llc_hit.any_response,0,100.00,,
     0.801539754,<not counted>,,offcore_response.all_requests.llc_miss.any_response,0,100.00,,
     0.901720627,3504411,,offcore_response.all_requests.llc_hit.any_response,33830607,100.00,,
     0.901720627,380,,offcore_response.all_requests.llc_miss.any_response,33853413,100.00,,
     1.001916971,9957607,,offcore_response.all_requests.llc_hit.any_response,83376697,100.00,,
     1.001916971,661,,offcore_response.all_requests.llc_miss.any_response,83374520,100.00,,
     1.102110280,4120949,,offcore_response.all_requests.llc_hit.any_response,34478953,100.00,,
     1.102110280,303,,offcore_response.all_requests.llc_miss.any_response,34458324,100.00,,
     1.202300925,4089211,,offcore_response.all_requests.llc_hit.any_response,39889814,100.00,,
     1.202300925,501,,offcore_response.all_requests.llc_miss.any_response,39912324,100.00,,
     1.302499569,9968050,,offcore_response.all_requests.llc_hit.any_response,83145815,100.00,,
     1.302499569,810,,offcore_response.all_requests.llc_miss.any_response,83144254,100.00,,
     1.402692405,9965779,,offcore_response.all_requests.llc_hit.any_response,83275252,100.00,,
     1.402692405,714,,offcore_response.all_requests.llc_miss.any_response,83275651,100.00,,
     1.502886057,9956235,,offcore_response.all_requests.llc_hit.any_response,83230584,100.00,,
     1.502886057,827,,offcore_response.all_requests.llc_miss.any_response,83230232,100.00,,
     1.603078235,9941236,,offcore_response.all_requests.llc_hit.any_response,83244864,100.00,,
     1.603078235,911,,offcore_response.all_requests.llc_miss.any_response,83245104,100.00,,
     1.703271228,3333332,,offcore_response.all_requests.llc_hit.any_response,27853746,100.00,,
     1.703271228,353,,offcore_response.all_requests.llc_miss.any_response,27832510,100.00,,
     1.803459763,<not counted>,,offcore_response.all_requests.llc_hit.any_response,0,100.00,,
     1.803459763,<not counted>,,offcore_response.all_requests.llc_miss.any_response,0,100.00,,
     1.903640689,<not counted>,,offcore_response.all_requests.llc_hit.any_response,0,100.00,,
     1.903640689,<not counted>,,offcore_response.all_requests.llc_miss.any_response,0,100.00,,
     2.003852959,4424539,,offcore_response.all_requests.llc_hit.any_response,40935649,100.00,,
     2.003852959,429,,offcore_response.all_requests.llc_miss.any_response,40958721,100.00,,
     2.104048258,9991752,,offcore_response.all_requests.llc_hit.any_response,83449086,100.00,,
     2.104048258,753,,offcore_response.all_requests.llc_miss.any_response,83446719,100.00,,
     2.204242024,2990798,,offcore_response.all_requests.llc_hit.any_response,24969870,100.00,,
     2.204242024,295,,offcore_response.all_requests.llc_miss.any_response,24949165,100.00,,
     2.304451325,4655536,,offcore_response.all_requests.llc_hit.any_response,43161424,100.00,,
     2.304451325,399,,offcore_response.all_requests.llc_miss.any_response,43184272,100.00,,
     2.404647172,9771834,,offcore_response.all_requests.llc_hit.any_response,83107426,100.00,,
     2.404647172,783,,offcore_response.all_requests.llc_miss.any_response,83105179,100.00,,
     2.504837265,9809359,,offcore_response.all_requests.llc_hit.any_response,83371217,100.00,,
     2.504837265,812,,offcore_response.all_requests.llc_miss.any_response,83371851,100.00,,
     2.605030275,9760918,,offcore_response.all_requests.llc_hit.any_response,83411813,100.00,,
     2.605030275,853,,offcore_response.all_requests.llc_miss.any_response,83411283,100.00,,
     2.705223442,9783959,,offcore_response.all_requests.llc_hit.any_response,83436146,100.00,,
     2.705223442,845,,offcore_response.all_requests.llc_miss.any_response,83436617,100.00,,
     2.805416556,2602538,,offcore_response.all_requests.llc_hit.any_response,22168443,100.00,,
     2.805416556,295,,offcore_response.all_requests.llc_miss.any_response,22147267,100.00,,
     2.905612449,<not counted>,,offcore_response.all_requests.llc_hit.any_response,0,100.00,,
     2.905612449,<not counted>,,offcore_response.all_requests.llc_miss.any_response,0,100.00,,
     3.005794843,<not counted>,,offcore_response.all_requests.llc_hit.any_response,0,100.00,,
     3.005794843,<not counted>,,offcore_response.all_requests.llc_miss.any_response,0,100.00,,
     3.105975127,4932324,,offcore_response.all_requests.llc_hit.any_response,46826938,100.00,,
     3.105975127,274,,offcore_response.all_requests.llc_miss.any_response,46850371,100.00,,
     3.206171041,9773670,,offcore_response.all_requests.llc_hit.any_response,83350254,100.00,,
     3.206171041,600,,offcore_response.all_requests.llc_miss.any_response,83331848,100.00,,
     3.306358492,2225710,,offcore_response.all_requests.llc_hit.any_response,18820510,100.00,,
     3.306358492,142,,offcore_response.all_requests.llc_miss.any_response,18815483,100.00,,
     3.406547463,5266407,,offcore_response.all_requests.llc_hit.any_response,49329222,100.00,,
     3.406547463,487,,offcore_response.all_requests.llc_miss.any_response,49351954,100.00,,
     3.506742310,9734654,,offcore_response.all_requests.llc_hit.any_response,83352900,100.00,,
     3.506742310,959,,offcore_response.all_requests.llc_miss.any_response,83350640,100.00,,
     3.606932437,9748826,,offcore_response.all_requests.llc_hit.any_response,83140665,100.00,,
     3.606932437,866,,offcore_response.all_requests.llc_miss.any_response,83129690,100.00,,
     3.707122002,9751293,,offcore_response.all_requests.llc_hit.any_response,83278619,100.00,,
     3.707122002,870,,offcore_response.all_requests.llc_miss.any_response,83275117,100.00,,
     3.807313863,9724648,,offcore_response.all_requests.llc_hit.any_response,83277629,100.00,,
     3.807313863,996,,offcore_response.all_requests.llc_miss.any_response,83293023,100.00,,
     3.907507948,1066382,,offcore_response.all_requests.llc_hit.any_response,9174022,100.00,,
     3.907507948,144,,offcore_response.all_requests.llc_miss.any_response,9152633,100.00,,
     4.007727969,<not counted>,,offcore_response.all_requests.llc_hit.any_response,0,100.00,,
     4.007727969,<not counted>,,offcore_response.all_requests.llc_miss.any_response,0,100.00,,
     4.107907223,<not counted>,,offcore_response.all_requests.llc_hit.any_response,0,100.00,,
     4.107907223,<not counted>,,offcore_response.all_requests.llc_miss.any_response,0,100.00,,
     4.208088094,6590821,,offcore_response.all_requests.llc_hit.any_response,58252899,100.00,,
     4.208088094,479,,offcore_response.all_requests.llc_miss.any_response,58275707,100.00,,
     4.308283096,10001413,,offcore_response.all_requests.llc_hit.any_response,83301130,100.00,,
     4.308283096,815,,offcore_response.all_requests.llc_miss.any_response,83299349,100.00,,
     4.408476268,1451169,,offcore_response.all_requests.llc_hit.any_response,12077752,100.00,,
     4.408476268,128,,offcore_response.all_requests.llc_miss.any_response,12056725,100.00,,
     4.508682916,6461677,,offcore_response.all_requests.llc_hit.any_response,57832917,100.00,,
     4.508682916,603,,offcore_response.all_requests.llc_miss.any_response,57853649,100.00,,
     4.608875080,9988144,,offcore_response.all_requests.llc_hit.any_response,83320802,100.00,,
     4.608875080,851,,offcore_response.all_requests.llc_miss.any_response,83321210,100.00,,
     4.709068224,9962801,,offcore_response.all_requests.llc_hit.any_response,83284868,100.00,,
     4.709068224,893,,offcore_response.all_requests.llc_miss.any_response,83285116,100.00,,
     4.809261532,9959273,,offcore_response.all_requests.llc_hit.any_response,83374922,100.00,,
     4.809261532,737,,offcore_response.all_requests.llc_miss.any_response,83374191,100.00,,
     4.909455263,9941872,,offcore_response.all_requests.llc_hit.any_response,83569211,100.00,,
     4.909455263,950,,offcore_response.all_requests.llc_miss.any_response,83559796,100.00,,
     5.009654996,1061723,,offcore_response.all_requests.llc_hit.any_response,9018628,100.00,,
     5.009654996,82,,offcore_response.all_requests.llc_miss.any_response,9007386,100.00,,
     5.109842517,<not counted>,,offcore_response.all_requests.llc_hit.any_response,0,100.00,,
     5.109842517,<not counted>,,offcore_response.all_requests.llc_miss.any_response,0,100.00,,
     5.210024272,<not counted>,,offcore_response.all_requests.llc_hit.any_response,0,100.00,,
     5.210024272,<not counted>,,offcore_response.all_requests.llc_miss.any_response,0,100.00,,
     5.310206429,6684324,,offcore_response.all_requests.llc_hit.any_response,60278971,100.00,,
     5.310206429,569,,offcore_response.all_requests.llc_miss.any_response,60289089,100.00,,
     5.410406719,9950634,,offcore_response.all_requests.llc_hit.any_response,83103401,100.00,,
     5.410406719,935,,offcore_response.all_requests.llc_miss.any_response,83114184,100.00,,
     5.510601095,423861,,offcore_response.all_requests.llc_hit.any_response,3571882,100.00,,
     5.510601095,32,,offcore_response.all_requests.llc_miss.any_response,3550981,100.00,,
     5.610790929,6933156,,offcore_response.all_requests.llc_hit.any_response,62472648,100.00,,
     5.610790929,613,,offcore_response.all_requests.llc_miss.any_response,62495626,100.00,,
     5.710997661,9914871,,offcore_response.all_requests.llc_hit.any_response,83254079,100.00,,
     5.710997661,767,,offcore_response.all_requests.llc_miss.any_response,83251644,100.00,,
     5.811189344,9946425,,offcore_response.all_requests.llc_hit.any_response,83204133,100.00,,
     5.811189344,940,,offcore_response.all_requests.llc_miss.any_response,83202880,100.00,,
     5.911384025,9895702,,offcore_response.all_requests.llc_hit.any_response,83183101,100.00,,
     5.911384025,710,,offcore_response.all_requests.llc_miss.any_response,83184548,100.00,,
     6.011574840,9670938,,offcore_response.all_requests.llc_hit.any_response,81311297,100.00,,
     6.011574840,781,,offcore_response.all_requests.llc_miss.any_response,81290560,100.00,,
     6.111764947,<not counted>,,offcore_response.all_requests.llc_hit.any_response,0,100.00,,
     6.111764947,<not counted>,,offcore_response.all_requests.llc_miss.any_response,0,100.00,,
     6.211946769,<not counted>,,offcore_response.all_requests.llc_hit.any_response,0,100.00,,
     6.211946769,<not counted>,,offcore_response.all_requests.llc_miss.any_response,0,100.00,,
     6.312126051,<not counted>,,offcore_response.all_requests.llc_hit.any_response,0,100.00,,
     6.312126051,<not counted>,,offcore_response.all_requests.llc_miss.any_response,0,100.00,,
     6.412307251,7865205,,offcore_response.all_requests.llc_hit.any_response,70406229,100.00,,
     6.412307251,660,,offcore_response.all_requests.llc_miss.any_response,70428999,100.00,,
     6.512503023,9674897,,offcore_response.all_requests.llc_hit.any_response,81011630,100.00,,
     6.512503023,872,,offcore_response.all_requests.llc_miss.any_response,80988860,100.00,,
     6.612693834,<not counted>,,offcore_response.all_requests.llc_hit.any_response,0,100.00,,
     6.612693834,<not counted>,,offcore_response.all_requests.llc_miss.any_response,0,100.00,,
     6.712897072,7869903,,offcore_response.all_requests.llc_hit.any_response,71599743,100.00,,
     6.712897072,639,,offcore_response.all_requests.llc_miss.any_response,71622587,100.00,,
     6.813092998,9658435,,offcore_response.all_requests.llc_hit.any_response,83212100,100.00,,
     6.813092998,794,,offcore_response.all_requests.llc_miss.any_response,83209842,100.00,,
     6.913282671,9680270,,offcore_response.all_requests.llc_hit.any_response,83202398,100.00,,
     6.913282671,729,,offcore_response.all_requests.llc_miss.any_response,83203093,100.00,,
     7.013475487,9750214,,offcore_response.all_requests.llc_hit.any_response,83320626,100.00,,
     7.013475487,760,,offcore_response.all_requests.llc_miss.any_response,83319839,100.00,,
     7.113666947,8709829,,offcore_response.all_requests.llc_hit.any_response,74371651,100.00,,
     7.113666947,794,,offcore_response.all_requests.llc_miss.any_response,74351157,100.00,,
     7.213858033,<not counted>,,offcore_response.all_requests.llc_hit.any_response,0,100.00,,
     7.213858033,<not counted>,,offcore_response.all_requests.llc_miss.any_response,0,100.00,,
     7.314037066,<not counted>,,offcore_response.all_requests.llc_hit.any_response,0,100.00,,
     7.314037066,<not counted>,,offcore_response.all_requests.llc_miss.any_response,0,100.00,,
     7.414215612,<not counted>,,offcore_response.all_requests.llc_hit.any_response,0,100.00,,
     7.414215612,<not counted>,,offcore_response.all_requests.llc_miss.any_response,0,100.00,,
     7.514395521,8768598,,offcore_response.all_requests.llc_hit.any_response,77807020,100.00,,
     7.514395521,757,,offcore_response.all_requests.llc_miss.any_response,77829585,100.00,,
     7.614596072,8516006,,offcore_response.all_requests.llc_hit.any_response,70765017,100.00,,
     7.614596072,779,,offcore_response.all_requests.llc_miss.any_response,70742452,100.00,,
     7.714786758,<not counted>,,offcore_response.all_requests.llc_hit.any_response,0,100.00,,
     7.714786758,<not counted>,,offcore_response.all_requests.llc_miss.any_response,0,100.00,,
     7.814968144,9209296,,offcore_response.all_requests.llc_hit.any_response,81371198,100.00,,
     7.814968144,718,,offcore_response.all_requests.llc_miss.any_response,81394100,100.00,,
     7.915166226,9981125,,offcore_response.all_requests.llc_hit.any_response,83332232,100.00,,
     7.915166226,739,,offcore_response.all_requests.llc_miss.any_response,83329828,100.00,,
     8.015359189,9948119,,offcore_response.all_requests.llc_hit.any_response,83307033,100.00,,
     8.015359189,789,,offcore_response.all_requests.llc_miss.any_response,83307782,100.00,,
     8.115551936,9962256,,offcore_response.all_requests.llc_hit.any_response,83383331,100.00,,
     8.115551936,714,,offcore_response.all_requests.llc_miss.any_response,83369311,100.00,,
     8.215744130,7766033,,offcore_response.all_requests.llc_hit.any_response,64764552,100.00,,
     8.215744130,642,,offcore_response.all_requests.llc_miss.any_response,64757325,100.00,,
     8.315933759,<not counted>,,offcore_response.all_requests.llc_hit.any_response,0,100.00,,
     8.315933759,<not counted>,,offcore_response.all_requests.llc_miss.any_response,0,100.00,,
     8.416113320,<not counted>,,offcore_response.all_requests.llc_hit.any_response,0,100.00,,
     8.416113320,<not counted>,,offcore_response.all_requests.llc_miss.any_response,0,100.00,,
     8.516292287,250930,,offcore_response.all_requests.llc_hit.any_response,4491051,100.00,,
     8.516292287,85,,offcore_response.all_requests.llc_miss.any_response,4514538,100.00,,
     8.616489758,9471142,,offcore_response.all_requests.llc_hit.any_response,82790653,100.00,,
     8.616489758,799,,offcore_response.all_requests.llc_miss.any_response,82780455,100.00,,
     8.716678227,7495814,,offcore_response.all_requests.llc_hit.any_response,63930392,100.00,,
     8.716678227,614,,offcore_response.all_requests.llc_miss.any_response,63917103,100.00,,
     8.816866469,306190,,offcore_response.all_requests.llc_hit.any_response,5311399,100.00,,
     8.816866469,68,,offcore_response.all_requests.llc_miss.any_response,5311399,100.00,,
     8.917073748,9750631,,offcore_response.all_requests.llc_hit.any_response,83102200,100.00,,
     8.917073748,893,,offcore_response.all_requests.llc_miss.any_response,83122913,100.00,,
     9.017265201,9965825,,offcore_response.all_requests.llc_hit.any_response,83523917,100.00,,
     9.017265201,918,,offcore_response.all_requests.llc_miss.any_response,83524434,100.00,,
     9.117456448,9967817,,offcore_response.all_requests.llc_hit.any_response,83498073,100.00,,
     9.117456448,865,,offcore_response.all_requests.llc_miss.any_response,83497893,100.00,,
     9.217649925,9935676,,offcore_response.all_requests.llc_hit.any_response,83434469,100.00,,
     9.217649925,829,,offcore_response.all_requests.llc_miss.any_response,83420393,100.00,,
     9.317840082,7348929,,offcore_response.all_requests.llc_hit.any_response,61451026,100.00,,
     9.317840082,530,,offcore_response.all_requests.llc_miss.any_response,61444052,100.00,,
     9.418029231,<not counted>,,offcore_response.all_requests.llc_hit.any_response,0,100.00,,
     9.418029231,<not counted>,,offcore_response.all_requests.llc_miss.any_response,0,100.00,,
     9.518207635,<not counted>,,offcore_response.all_requests.llc_hit.any_response,0,100.00,,
     9.518207635,<not counted>,,offcore_response.all_requests.llc_miss.any_response,0,100.00,,
     9.618386316,458105,,offcore_response.all_requests.llc_hit.any_response,7959122,100.00,,
     9.618386316,79,,offcore_response.all_requests.llc_miss.any_response,7982522,100.00,,
     9.718584131,9687928,,offcore_response.all_requests.llc_hit.any_response,82851322,100.00,,
     9.718584131,396,,offcore_response.all_requests.llc_miss.any_response,82848647,100.00,,
     9.818774786,6938056,,offcore_response.all_requests.llc_hit.any_response,57962090,100.00,,
     9.818774786,408,,offcore_response.all_requests.llc_miss.any_response,57941365,100.00,,
     9.918970780,562746,,offcore_response.all_requests.llc_hit.any_response,9649934,100.00,,
     9.918970780,131,,offcore_response.all_requests.llc_miss.any_response,9672850,100.00,,
    10.019168884,10021816,,offcore_response.all_requests.llc_hit.any_response,83386265,100.00,,
    10.019168884,851,,offcore_response.all_requests.llc_miss.any_response,83384086,100.00,,
    10.119368551,10003773,,offcore_response.all_requests.llc_hit.any_response,83444740,100.00,,
    10.119368551,898,,offcore_response.all_requests.llc_miss.any_response,83445452,100.00,,
    10.219563959,9963455,,offcore_response.all_requests.llc_hit.any_response,83351274,100.00,,
    10.219563959,800,,offcore_response.all_requests.llc_miss.any_response,83348607,100.00,,
    10.319759429,9977295,,offcore_response.all_requests.llc_hit.any_response,83493966,100.00,,
    10.319759429,761,,offcore_response.all_requests.llc_miss.any_response,83484661,100.00,,
    10.419964327,6359054,,offcore_response.all_requests.llc_hit.any_response,53185004,100.00,,
    10.419964327,513,,offcore_response.all_requests.llc_miss.any_response,53175527,100.00,,
    10.520157301,<not counted>,,offcore_response.all_requests.llc_hit.any_response,0,100.00,,
    10.520157301,<not counted>,,offcore_response.all_requests.llc_miss.any_response,0,100.00,,
    10.620337484,<not counted>,,offcore_response.all_requests.llc_hit.any_response,0,100.00,,
    10.620337484,<not counted>,,offcore_response.all_requests.llc_miss.any_response,0,100.00,,
    10.720517684,1396932,,offcore_response.all_requests.llc_hit.any_response,16564968,100.00,,
    10.720517684,156,,offcore_response.all_requests.llc_miss.any_response,16572584,100.00,,
    10.820710180,9992201,,offcore_response.all_requests.llc_hit.any_response,83040013,100.00,,
    10.820710180,740,,offcore_response.all_requests.llc_miss.any_response,83053340,100.00,,
    10.920900821,6153987,,offcore_response.all_requests.llc_hit.any_response,51489832,100.00,,
    10.920900821,540,,offcore_response.all_requests.llc_miss.any_response,51468889,100.00,,
    11.021088806,1580736,,offcore_response.all_requests.llc_hit.any_response,17524768,100.00,,
    11.021088806,268,,offcore_response.all_requests.llc_miss.any_response,17535027,100.00,,
