# started on Tue May  2 14:21:35 2023

     0.100204034,2869854,,offcore_response.all_requests.llc_hit.any_response,42573493,100.00,,
     0.100204034,37933,,offcore_response.all_requests.llc_miss.any_response,42591763,100.00,,
     0.200402920,2935123,,offcore_response.all_requests.llc_hit.any_response,42762889,100.00,,
     0.200402920,38353,,offcore_response.all_requests.llc_miss.any_response,42752640,100.00,,
     0.300616916,2952743,,offcore_response.all_requests.llc_hit.any_response,42853173,100.00,,
     0.300616916,38249,,offcore_response.all_requests.llc_miss.any_response,42845152,100.00,,
     0.400799882,2927630,,offcore_response.all_requests.llc_hit.any_response,42233546,100.00,,
     0.400799882,37924,,offcore_response.all_requests.llc_miss.any_response,42233546,100.00,,
     0.501003313,2925883,,offcore_response.all_requests.llc_hit.any_response,42922609,100.00,,
     0.501003313,38110,,offcore_response.all_requests.llc_miss.any_response,42947984,100.00,,
     0.601215292,2944014,,offcore_response.all_requests.llc_hit.any_response,43572427,100.00,,
     0.601215292,38131,,offcore_response.all_requests.llc_miss.any_response,43547052,100.00,,
     0.701416366,2926049,,offcore_response.all_requests.llc_hit.any_response,42791949,100.00,,
     0.701416366,38089,,offcore_response.all_requests.llc_miss.any_response,42816862,100.00,,
     0.801619623,3003812,,offcore_response.all_requests.llc_hit.any_response,42707354,100.00,,
     0.801619623,38669,,offcore_response.all_requests.llc_miss.any_response,42708305,100.00,,
     0.901825174,2914409,,offcore_response.all_requests.llc_hit.any_response,42770582,100.00,,
     0.901825174,38129,,offcore_response.all_requests.llc_miss.any_response,42769832,100.00,,
     1.002029412,2965492,,offcore_response.all_requests.llc_hit.any_response,43540846,100.00,,
     1.002029412,37718,,offcore_response.all_requests.llc_miss.any_response,43515732,100.00,,
     1.102226354,2931228,,offcore_response.all_requests.llc_hit.any_response,43123668,100.00,,
     1.102226354,38373,,offcore_response.all_requests.llc_miss.any_response,43123668,100.00,,
     1.202424234,2978555,,offcore_response.all_requests.llc_hit.any_response,43526881,100.00,,
     1.202424234,38491,,offcore_response.all_requests.llc_miss.any_response,43552818,100.00,,
     1.302634644,2948368,,offcore_response.all_requests.llc_hit.any_response,43161893,100.00,,
     1.302634644,38247,,offcore_response.all_requests.llc_miss.any_response,43161069,100.00,,
     1.402838017,2957943,,offcore_response.all_requests.llc_hit.any_response,42694501,100.00,,
     1.402838017,38051,,offcore_response.all_requests.llc_miss.any_response,42695070,100.00,,
     1.503049235,2958253,,offcore_response.all_requests.llc_hit.any_response,43261865,100.00,,
     1.503049235,38457,,offcore_response.all_requests.llc_miss.any_response,43236183,100.00,,
     1.603255010,2899793,,offcore_response.all_requests.llc_hit.any_response,42152189,100.00,,
     1.603255010,38144,,offcore_response.all_requests.llc_miss.any_response,42178604,100.00,,
     1.703460561,2960968,,offcore_response.all_requests.llc_hit.any_response,42779150,100.00,,
     1.703460561,38428,,offcore_response.all_requests.llc_miss.any_response,42752735,100.00,,
     1.803657573,2965253,,offcore_response.all_requests.llc_hit.any_response,43298075,100.00,,
     1.803657573,38137,,offcore_response.all_requests.llc_miss.any_response,43324004,100.00,,
     1.903892372,2890271,,offcore_response.all_requests.llc_hit.any_response,42784160,100.00,,
     1.903892372,37730,,offcore_response.all_requests.llc_miss.any_response,42783091,100.00,,
     2.004094846,2939900,,offcore_response.all_requests.llc_hit.any_response,43574070,100.00,,
     2.004094846,38409,,offcore_response.all_requests.llc_miss.any_response,43575267,100.00,,
     2.104300831,3009911,,offcore_response.all_requests.llc_hit.any_response,44411218,100.00,,
     2.104300831,38065,,offcore_response.all_requests.llc_miss.any_response,44385161,100.00,,
     2.204497406,2998227,,offcore_response.all_requests.llc_hit.any_response,43848431,100.00,,
     2.204497406,38395,,offcore_response.all_requests.llc_miss.any_response,43874742,100.00,,
     2.304722513,2951075,,offcore_response.all_requests.llc_hit.any_response,42540805,100.00,,
     2.304722513,38229,,offcore_response.all_requests.llc_miss.any_response,42539833,100.00,,
     2.404927332,2927620,,offcore_response.all_requests.llc_hit.any_response,42835005,100.00,,
     2.404927332,37583,,offcore_response.all_requests.llc_miss.any_response,42835483,100.00,,
     2.505139071,2937109,,offcore_response.all_requests.llc_hit.any_response,43342180,100.00,,
     2.505139071,38324,,offcore_response.all_requests.llc_miss.any_response,43316363,100.00,,
     2.605336691,3013192,,offcore_response.all_requests.llc_hit.any_response,43264840,100.00,,
     2.605336691,38246,,offcore_response.all_requests.llc_miss.any_response,43264840,100.00,,
     2.705534257,2924965,,offcore_response.all_requests.llc_hit.any_response,42775751,100.00,,
     2.705534257,38314,,offcore_response.all_requests.llc_miss.any_response,42801244,100.00,,
     2.805738993,2980195,,offcore_response.all_requests.llc_hit.any_response,43911797,100.00,,
     2.805738993,37965,,offcore_response.all_requests.llc_miss.any_response,43912170,100.00,,
     2.905949750,2834629,,offcore_response.all_requests.llc_hit.any_response,40919995,100.00,,
     2.905949750,37774,,offcore_response.all_requests.llc_miss.any_response,40894129,100.00,,
     3.006146741,2986393,,offcore_response.all_requests.llc_hit.any_response,42060092,100.00,,
     3.006146741,38512,,offcore_response.all_requests.llc_miss.any_response,42060092,100.00,,
     3.106344925,2945302,,offcore_response.all_requests.llc_hit.any_response,42847104,100.00,,
     3.106344925,38151,,offcore_response.all_requests.llc_miss.any_response,42872154,100.00,,
     3.206547971,2981615,,offcore_response.all_requests.llc_hit.any_response,43492887,100.00,,
     3.206547971,38008,,offcore_response.all_requests.llc_miss.any_response,43494248,100.00,,
     3.306755103,2914415,,offcore_response.all_requests.llc_hit.any_response,41194828,100.00,,
     3.306755103,38188,,offcore_response.all_requests.llc_miss.any_response,41193368,100.00,,
     3.406958776,2929917,,offcore_response.all_requests.llc_hit.any_response,43097704,100.00,,
     3.406958776,38014,,offcore_response.all_requests.llc_miss.any_response,43072753,100.00,,
     3.507155757,2907102,,offcore_response.all_requests.llc_hit.any_response,42229392,100.00,,
     3.507155757,38455,,offcore_response.all_requests.llc_miss.any_response,42229392,100.00,,
     3.607351315,2992814,,offcore_response.all_requests.llc_hit.any_response,43475936,100.00,,
     3.607351315,38236,,offcore_response.all_requests.llc_miss.any_response,43490247,100.00,,
     3.707552286,2918104,,offcore_response.all_requests.llc_hit.any_response,42914144,100.00,,
     3.707552286,38204,,offcore_response.all_requests.llc_miss.any_response,42899833,100.00,,
     3.807749318,2950381,,offcore_response.all_requests.llc_hit.any_response,42847353,100.00,,
     3.807749318,38141,,offcore_response.all_requests.llc_miss.any_response,42847353,100.00,,
     3.907948504,2984248,,offcore_response.all_requests.llc_hit.any_response,43446085,100.00,,
     3.907948504,38183,,offcore_response.all_requests.llc_miss.any_response,43471286,100.00,,
     4.008151727,2921372,,offcore_response.all_requests.llc_hit.any_response,43256371,100.00,,
     4.008151727,38200,,offcore_response.all_requests.llc_miss.any_response,43257431,100.00,,
     4.108360593,2927060,,offcore_response.all_requests.llc_hit.any_response,43425714,100.00,,
     4.108360593,38028,,offcore_response.all_requests.llc_miss.any_response,43399453,100.00,,
     4.208560216,2980107,,offcore_response.all_requests.llc_hit.any_response,42114969,100.00,,
     4.208560216,38443,,offcore_response.all_requests.llc_miss.any_response,42114969,100.00,,
     4.308762824,2936309,,offcore_response.all_requests.llc_hit.any_response,42192694,100.00,,
     4.308762824,37575,,offcore_response.all_requests.llc_miss.any_response,42201531,100.00,,
     4.408964242,2953772,,offcore_response.all_requests.llc_hit.any_response,43532483,100.00,,
     4.408964242,38333,,offcore_response.all_requests.llc_miss.any_response,43523646,100.00,,
     4.509181016,2958913,,offcore_response.all_requests.llc_hit.any_response,42403494,100.00,,
     4.509181016,38060,,offcore_response.all_requests.llc_miss.any_response,42422397,100.00,,
     4.609381015,2977308,,offcore_response.all_requests.llc_hit.any_response,43943813,100.00,,
     4.609381015,37977,,offcore_response.all_requests.llc_miss.any_response,43950832,100.00,,
     4.709585958,2931398,,offcore_response.all_requests.llc_hit.any_response,43069871,100.00,,
     4.709585958,38300,,offcore_response.all_requests.llc_miss.any_response,43052641,100.00,,
     4.809792210,2945567,,offcore_response.all_requests.llc_hit.any_response,43001157,100.00,,
     4.809792210,38156,,offcore_response.all_requests.llc_miss.any_response,42992465,100.00,,
     4.909994057,2934387,,offcore_response.all_requests.llc_hit.any_response,42789546,100.00,,
     4.909994057,38089,,offcore_response.all_requests.llc_miss.any_response,42789546,100.00,,
     5.010193761,2932262,,offcore_response.all_requests.llc_hit.any_response,43047686,100.00,,
     5.010193761,38440,,offcore_response.all_requests.llc_miss.any_response,43069556,100.00,,
     5.110399680,2875816,,offcore_response.all_requests.llc_hit.any_response,42683875,100.00,,
     5.110399680,37841,,offcore_response.all_requests.llc_miss.any_response,42686768,100.00,,
     5.210602592,2948223,,offcore_response.all_requests.llc_hit.any_response,43029335,100.00,,
     5.210602592,38318,,offcore_response.all_requests.llc_miss.any_response,43030766,100.00,,
     5.310808364,2931462,,offcore_response.all_requests.llc_hit.any_response,42799236,100.00,,
     5.310808364,37736,,offcore_response.all_requests.llc_miss.any_response,42773042,100.00,,
     5.411003842,2945011,,offcore_response.all_requests.llc_hit.any_response,43493640,100.00,,
     5.411003842,38366,,offcore_response.all_requests.llc_miss.any_response,43502484,100.00,,
     5.511205404,2956955,,offcore_response.all_requests.llc_hit.any_response,43031395,100.00,,
     5.511205404,38624,,offcore_response.all_requests.llc_miss.any_response,43047775,100.00,,
     5.611408041,2922525,,offcore_response.all_requests.llc_hit.any_response,42168042,100.00,,
     5.611408041,38264,,offcore_response.all_requests.llc_miss.any_response,42142818,100.00,,
     5.711611139,2958347,,offcore_response.all_requests.llc_hit.any_response,43594584,100.00,,
     5.711611139,38126,,offcore_response.all_requests.llc_miss.any_response,43619622,100.00,,
     5.811851097,2948407,,offcore_response.all_requests.llc_hit.any_response,42323932,100.00,,
     5.811851097,37812,,offcore_response.all_requests.llc_miss.any_response,42298894,100.00,,
     5.912047968,2960273,,offcore_response.all_requests.llc_hit.any_response,43567099,100.00,,
     5.912047968,38011,,offcore_response.all_requests.llc_miss.any_response,43567099,100.00,,
     6.012244759,2961704,,offcore_response.all_requests.llc_hit.any_response,43486773,100.00,,
     6.012244759,38537,,offcore_response.all_requests.llc_miss.any_response,43512989,100.00,,
     6.112449806,2954534,,offcore_response.all_requests.llc_hit.any_response,42880117,100.00,,
     6.112449806,38197,,offcore_response.all_requests.llc_miss.any_response,42853901,100.00,,
     6.212647224,2935695,,offcore_response.all_requests.llc_hit.any_response,42775647,100.00,,
     6.212647224,37997,,offcore_response.all_requests.llc_miss.any_response,42775647,100.00,,
     6.312844193,2957037,,offcore_response.all_requests.llc_hit.any_response,43283599,100.00,,
     6.312844193,38095,,offcore_response.all_requests.llc_miss.any_response,43283599,100.00,,
     6.413047616,2948511,,offcore_response.all_requests.llc_hit.any_response,43347644,100.00,,
     6.413047616,38062,,offcore_response.all_requests.llc_miss.any_response,43347644,100.00,,
     6.513245826,2911200,,offcore_response.all_requests.llc_hit.any_response,42977651,100.00,,
     6.513245826,38018,,offcore_response.all_requests.llc_miss.any_response,42977651,100.00,,
     6.613467053,2956394,,offcore_response.all_requests.llc_hit.any_response,41899176,100.00,,
     6.613467053,38361,,offcore_response.all_requests.llc_miss.any_response,41899176,100.00,,
     6.713665017,2904834,,offcore_response.all_requests.llc_hit.any_response,40632562,100.00,,
     6.713665017,38420,,offcore_response.all_requests.llc_miss.any_response,40657677,100.00,,
     6.813868921,2872171,,offcore_response.all_requests.llc_hit.any_response,41787554,100.00,,
     6.813868921,37831,,offcore_response.all_requests.llc_miss.any_response,41762439,100.00,,
     6.914072751,2955306,,offcore_response.all_requests.llc_hit.any_response,43790772,100.00,,
     6.914072751,38701,,offcore_response.all_requests.llc_miss.any_response,43816260,100.00,,
     7.014276916,2894651,,offcore_response.all_requests.llc_hit.any_response,41653429,100.00,,
     7.014276916,38050,,offcore_response.all_requests.llc_miss.any_response,41627941,100.00,,
     7.114472437,2971726,,offcore_response.all_requests.llc_hit.any_response,44186123,100.00,,
     7.114472437,38237,,offcore_response.all_requests.llc_miss.any_response,44211239,100.00,,
     7.214674624,2983929,,offcore_response.all_requests.llc_hit.any_response,42168218,100.00,,
     7.214674624,38362,,offcore_response.all_requests.llc_miss.any_response,42143102,100.00,,
     7.314871732,2916611,,offcore_response.all_requests.llc_hit.any_response,42744997,100.00,,
     7.314871732,37806,,offcore_response.all_requests.llc_miss.any_response,42744997,100.00,,
     7.415067527,2957789,,offcore_response.all_requests.llc_hit.any_response,44011685,100.00,,
     7.415067527,38364,,offcore_response.all_requests.llc_miss.any_response,44011685,100.00,,
     7.515267576,2977653,,offcore_response.all_requests.llc_hit.any_response,43125072,100.00,,
     7.515267576,37876,,offcore_response.all_requests.llc_miss.any_response,43125072,100.00,,
     7.615463243,3026435,,offcore_response.all_requests.llc_hit.any_response,44845233,100.00,,
     7.615463243,38616,,offcore_response.all_requests.llc_miss.any_response,44845233,100.00,,
     7.715688403,2942089,,offcore_response.all_requests.llc_hit.any_response,42804565,100.00,,
     7.715688403,38067,,offcore_response.all_requests.llc_miss.any_response,42829718,100.00,,
     7.815894171,2927979,,offcore_response.all_requests.llc_hit.any_response,43252425,100.00,,
     7.815894171,38016,,offcore_response.all_requests.llc_miss.any_response,43227272,100.00,,
     7.916093588,2951058,,offcore_response.all_requests.llc_hit.any_response,43109018,100.00,,
     7.916093588,37792,,offcore_response.all_requests.llc_miss.any_response,43109018,100.00,,
     8.016290252,2938822,,offcore_response.all_requests.llc_hit.any_response,43381128,100.00,,
     8.016290252,38345,,offcore_response.all_requests.llc_miss.any_response,43407393,100.00,,
     8.116495302,2918152,,offcore_response.all_requests.llc_hit.any_response,43606887,100.00,,
     8.116495302,38356,,offcore_response.all_requests.llc_miss.any_response,43580622,100.00,,
     8.216693005,2989571,,offcore_response.all_requests.llc_hit.any_response,42749834,100.00,,
     8.216693005,37965,,offcore_response.all_requests.llc_miss.any_response,42776055,100.00,,
     8.316898570,2962609,,offcore_response.all_requests.llc_hit.any_response,43832664,100.00,,
     8.316898570,38409,,offcore_response.all_requests.llc_miss.any_response,43831697,100.00,,
     8.417102507,2903367,,offcore_response.all_requests.llc_hit.any_response,42062992,100.00,,
     8.417102507,37865,,offcore_response.all_requests.llc_miss.any_response,42049068,100.00,,
     8.517305425,2974902,,offcore_response.all_requests.llc_hit.any_response,43323603,100.00,,
     8.517305425,38447,,offcore_response.all_requests.llc_miss.any_response,43312273,100.00,,
     8.617501396,2912988,,offcore_response.all_requests.llc_hit.any_response,42542338,100.00,,
     8.617501396,37615,,offcore_response.all_requests.llc_miss.any_response,42542338,100.00,,
     8.717698598,2947826,,offcore_response.all_requests.llc_hit.any_response,43182295,100.00,,
     8.717698598,38698,,offcore_response.all_requests.llc_miss.any_response,43207636,100.00,,
     8.817921707,2931725,,offcore_response.all_requests.llc_hit.any_response,43830988,100.00,,
     8.817921707,37719,,offcore_response.all_requests.llc_miss.any_response,43805647,100.00,,
     8.918120449,2987083,,offcore_response.all_requests.llc_hit.any_response,43666038,100.00,,
     8.918120449,38283,,offcore_response.all_requests.llc_miss.any_response,43680181,100.00,,
     9.018326166,2953893,,offcore_response.all_requests.llc_hit.any_response,43396653,100.00,,
     9.018326166,38352,,offcore_response.all_requests.llc_miss.any_response,43407888,100.00,,
     9.118531257,2945583,,offcore_response.all_requests.llc_hit.any_response,42670915,100.00,,
     9.118531257,38126,,offcore_response.all_requests.llc_miss.any_response,42670200,100.00,,
     9.218734185,2892630,,offcore_response.all_requests.llc_hit.any_response,42570255,100.00,,
     9.218734185,37990,,offcore_response.all_requests.llc_miss.any_response,42545592,100.00,,
     9.318931453,2913074,,offcore_response.all_requests.llc_hit.any_response,42493054,100.00,,
     9.318931453,38577,,offcore_response.all_requests.llc_miss.any_response,42493054,100.00,,
     9.419127863,2903172,,offcore_response.all_requests.llc_hit.any_response,42637436,100.00,,
     9.419127863,37958,,offcore_response.all_requests.llc_miss.any_response,42637436,100.00,,
     9.519326167,2942162,,offcore_response.all_requests.llc_hit.any_response,41998961,100.00,,
     9.519326167,38375,,offcore_response.all_requests.llc_miss.any_response,42024557,100.00,,
     9.619529720,2955410,,offcore_response.all_requests.llc_hit.any_response,43673501,100.00,,
     9.619529720,38139,,offcore_response.all_requests.llc_miss.any_response,43647905,100.00,,
     9.719728984,2869342,,offcore_response.all_requests.llc_hit.any_response,42044075,100.00,,
     9.719728984,37892,,offcore_response.all_requests.llc_miss.any_response,42054018,100.00,,
     9.819933719,2951469,,offcore_response.all_requests.llc_hit.any_response,43981121,100.00,,
     9.819933719,38569,,offcore_response.all_requests.llc_miss.any_response,43971178,100.00,,
     9.920138275,2933049,,offcore_response.all_requests.llc_hit.any_response,42478521,100.00,,
     9.920138275,38197,,offcore_response.all_requests.llc_miss.any_response,42478521,100.00,,
    10.020339719,2873537,,offcore_response.all_requests.llc_hit.any_response,41981606,100.00,,
    10.020339719,38078,,offcore_response.all_requests.llc_miss.any_response,41981606,100.00,,
    10.120542614,2969375,,offcore_response.all_requests.llc_hit.any_response,43545541,100.00,,
    10.120542614,38618,,offcore_response.all_requests.llc_miss.any_response,43553963,100.00,,
    10.220748064,2864248,,offcore_response.all_requests.llc_hit.any_response,42267281,100.00,,
    10.220748064,37155,,offcore_response.all_requests.llc_miss.any_response,42258859,100.00,,
    10.320951918,2955889,,offcore_response.all_requests.llc_hit.any_response,43008480,100.00,,
    10.320951918,38619,,offcore_response.all_requests.llc_miss.any_response,43033451,100.00,,
    10.421154419,2937281,,offcore_response.all_requests.llc_hit.any_response,42011466,100.00,,
    10.421154419,38036,,offcore_response.all_requests.llc_miss.any_response,41986495,100.00,,
    10.521354611,2945221,,offcore_response.all_requests.llc_hit.any_response,43541375,100.00,,
    10.521354611,38388,,offcore_response.all_requests.llc_miss.any_response,43566480,100.00,,
    10.621556974,2914604,,offcore_response.all_requests.llc_hit.any_response,42165423,100.00,,
    10.621556974,37878,,offcore_response.all_requests.llc_miss.any_response,42166218,100.00,,
    10.721761245,2936591,,offcore_response.all_requests.llc_hit.any_response,42257107,100.00,,
    10.721761245,38070,,offcore_response.all_requests.llc_miss.any_response,42231207,100.00,,
    10.821957454,2912604,,offcore_response.all_requests.llc_hit.any_response,43644789,100.00,,
    10.821957454,38654,,offcore_response.all_requests.llc_miss.any_response,43670490,100.00,,
    10.922163561,2915952,,offcore_response.all_requests.llc_hit.any_response,42441019,100.00,,
    10.922163561,37683,,offcore_response.all_requests.llc_miss.any_response,42415318,100.00,,
    11.022382415,2993304,,offcore_response.all_requests.llc_hit.any_response,44104150,100.00,,
    11.022382415,38440,,offcore_response.all_requests.llc_miss.any_response,44104150,100.00,,
