# started on Tue May  2 14:19:50 2023

     0.100152015,58208654,,inst_retired.any,52463906,100.00,138.5,IpMispredict
     0.100152015,420146,,br_misp_retired.all_branches,52463906,100.00,,
     0.200406878,58568390,,inst_retired.any,52209897,100.00,139.2,IpMispredict
     0.200406878,421388,,br_misp_retired.all_branches,52209897,100.00,,
     0.300593050,58254125,,inst_retired.any,51906120,100.00,138.8,IpMispredict
     0.300593050,417326,,br_misp_retired.all_branches,51906120,100.00,,
     0.400783676,58266037,,inst_retired.any,51945492,100.00,139.1,IpMispredict
     0.400783676,416596,,br_misp_retired.all_branches,51945492,100.00,,
     0.500977336,58619448,,inst_retired.any,52416802,100.00,139.8,IpMispredict
     0.500977336,421021,,br_misp_retired.all_branches,52416802,100.00,,
     0.601173592,58692548,,inst_retired.any,52189442,100.00,139.9,IpMispredict
     0.601173592,420182,,br_misp_retired.all_branches,52189442,100.00,,
     0.701361115,57974339,,inst_retired.any,51643831,100.00,138.5,IpMispredict
     0.701361115,414326,,br_misp_retired.all_branches,51643831,100.00,,
     0.801557114,58840806,,inst_retired.any,52775410,100.00,140.4,IpMispredict
     0.801557114,422701,,br_misp_retired.all_branches,52775410,100.00,,
     0.901744312,58270216,,inst_retired.any,52062462,100.00,138.9,IpMispredict
     0.901744312,420722,,br_misp_retired.all_branches,52062462,100.00,,
     1.001940231,58541164,,inst_retired.any,52226678,100.00,139.6,IpMispredict
     1.001940231,419443,,br_misp_retired.all_branches,52226678,100.00,,
     1.102127281,57933443,,inst_retired.any,51679385,100.00,138.2,IpMispredict
     1.102127281,418567,,br_misp_retired.all_branches,51679385,100.00,,
     1.202316271,58342895,,inst_retired.any,52788246,100.00,139.1,IpMispredict
     1.202316271,421532,,br_misp_retired.all_branches,52788246,100.00,,
     1.302508016,58819485,,inst_retired.any,52361612,100.00,140.2,IpMispredict
     1.302508016,420388,,br_misp_retired.all_branches,52361612,100.00,,
     1.402697623,58671820,,inst_retired.any,52403103,100.00,139.8,IpMispredict
     1.402697623,421862,,br_misp_retired.all_branches,52403103,100.00,,
     1.502889071,58048625,,inst_retired.any,52359587,100.00,138.4,IpMispredict
     1.502889071,415853,,br_misp_retired.all_branches,52359587,100.00,,
     1.603080677,58439767,,inst_retired.any,52103900,100.00,139.3,IpMispredict
     1.603080677,419446,,br_misp_retired.all_branches,52103900,100.00,,
     1.703274642,58435036,,inst_retired.any,52031934,100.00,139.3,IpMispredict
     1.703274642,420056,,br_misp_retired.all_branches,52031934,100.00,,
     1.803497324,58285423,,inst_retired.any,51905289,100.00,139.0,IpMispredict
     1.803497324,417509,,br_misp_retired.all_branches,51905289,100.00,,
     1.903689538,58402621,,inst_retired.any,52019146,100.00,139.2,IpMispredict
     1.903689538,421840,,br_misp_retired.all_branches,52019146,100.00,,
     2.003883853,58838896,,inst_retired.any,52374379,100.00,140.2,IpMispredict
     2.003883853,420744,,br_misp_retired.all_branches,52374379,100.00,,
     2.104073774,58321283,,inst_retired.any,52147091,100.00,139.0,IpMispredict
     2.104073774,419929,,br_misp_retired.all_branches,52147091,100.00,,
     2.204270287,58445728,,inst_retired.any,52064346,100.00,139.3,IpMispredict
     2.204270287,419823,,br_misp_retired.all_branches,52064346,100.00,,
     2.304459941,58955477,,inst_retired.any,52204196,100.00,140.4,IpMispredict
     2.304459941,425078,,br_misp_retired.all_branches,52204196,100.00,,
     2.404655069,57970517,,inst_retired.any,51642194,100.00,138.1,IpMispredict
     2.404655069,414550,,br_misp_retired.all_branches,51642194,100.00,,
     2.504845066,58418271,,inst_retired.any,51988695,100.00,139.2,IpMispredict
     2.504845066,419728,,br_misp_retired.all_branches,51988695,100.00,,
     2.605039291,58692054,,inst_retired.any,52280944,100.00,139.8,IpMispredict
     2.605039291,421651,,br_misp_retired.all_branches,52280944,100.00,,
     2.705233248,58627689,,inst_retired.any,52268738,100.00,139.7,IpMispredict
     2.705233248,417552,,br_misp_retired.all_branches,52268738,100.00,,
     2.805445979,57986833,,inst_retired.any,51722177,100.00,138.2,IpMispredict
     2.805445979,414780,,br_misp_retired.all_branches,51722177,100.00,,
     2.905636572,58486901,,inst_retired.any,52173877,100.00,139.5,IpMispredict
     2.905636572,417854,,br_misp_retired.all_branches,52173877,100.00,,
     3.005827990,58664996,,inst_retired.any,52449965,100.00,139.8,IpMispredict
     3.005827990,422023,,br_misp_retired.all_branches,52449965,100.00,,
     3.106020276,58207819,,inst_retired.any,51925201,100.00,138.8,IpMispredict
     3.106020276,418233,,br_misp_retired.all_branches,51925201,100.00,,
     3.206216389,58318719,,inst_retired.any,52172082,100.00,139.0,IpMispredict
     3.206216389,419596,,br_misp_retired.all_branches,52172082,100.00,,
     3.306409678,58721298,,inst_retired.any,52375383,100.00,140.0,IpMispredict
     3.306409678,421813,,br_misp_retired.all_branches,52375383,100.00,,
     3.406605964,58133165,,inst_retired.any,52225362,100.00,138.6,IpMispredict
     3.406605964,420604,,br_misp_retired.all_branches,52225362,100.00,,
     3.506799907,58895057,,inst_retired.any,52466648,100.00,140.3,IpMispredict
     3.506799907,422816,,br_misp_retired.all_branches,52466648,100.00,,
     3.606994126,58486351,,inst_retired.any,52151528,100.00,139.4,IpMispredict
     3.606994126,418690,,br_misp_retired.all_branches,52151528,100.00,,
     3.707186910,58467317,,inst_retired.any,52458791,100.00,139.3,IpMispredict
     3.707186910,418667,,br_misp_retired.all_branches,52458791,100.00,,
     3.807379862,57928233,,inst_retired.any,51755604,100.00,138.1,IpMispredict
     3.807379862,417092,,br_misp_retired.all_branches,51755604,100.00,,
     3.907574653,58916423,,inst_retired.any,52483596,100.00,140.4,IpMispredict
     3.907574653,420509,,br_misp_retired.all_branches,52483596,100.00,,
     4.007766236,58358394,,inst_retired.any,52090322,100.00,139.1,IpMispredict
     4.007766236,416714,,br_misp_retired.all_branches,52090322,100.00,,
     4.107959331,58316360,,inst_retired.any,52146802,100.00,139.0,IpMispredict
     4.107959331,418995,,br_misp_retired.all_branches,52146802,100.00,,
     4.208151300,57997041,,inst_retired.any,51819894,100.00,138.3,IpMispredict
     4.208151300,415840,,br_misp_retired.all_branches,51819894,100.00,,
     4.308343036,58853801,,inst_retired.any,52596170,100.00,140.3,IpMispredict
     4.308343036,422075,,br_misp_retired.all_branches,52596170,100.00,,
     4.408533147,58381069,,inst_retired.any,52097135,100.00,139.2,IpMispredict
     4.408533147,418974,,br_misp_retired.all_branches,52097135,100.00,,
     4.508719112,58078043,,inst_retired.any,51860005,100.00,138.5,IpMispredict
     4.508719112,414897,,br_misp_retired.all_branches,51860005,100.00,,
     4.608912213,58822529,,inst_retired.any,52545493,100.00,140.3,IpMispredict
     4.608912213,421701,,br_misp_retired.all_branches,52545493,100.00,,
     4.709102836,58381102,,inst_retired.any,52169390,100.00,139.2,IpMispredict
     4.709102836,417696,,br_misp_retired.all_branches,52169390,100.00,,
     4.809289801,58032524,,inst_retired.any,51791048,100.00,138.4,IpMispredict
     4.809289801,416120,,br_misp_retired.all_branches,51791048,100.00,,
     4.909481052,58587736,,inst_retired.any,52365899,100.00,139.7,IpMispredict
     4.909481052,419655,,br_misp_retired.all_branches,52365899,100.00,,
     5.009677531,58621172,,inst_retired.any,52390191,100.00,139.8,IpMispredict
     5.009677531,424345,,br_misp_retired.all_branches,52390191,100.00,,
     5.109867566,58238798,,inst_retired.any,52111482,100.00,138.9,IpMispredict
     5.109867566,420247,,br_misp_retired.all_branches,52111482,100.00,,
     5.210059221,58486407,,inst_retired.any,52374977,100.00,139.4,IpMispredict
     5.210059221,420918,,br_misp_retired.all_branches,52374977,100.00,,
     5.310244963,58240312,,inst_retired.any,51918142,100.00,138.9,IpMispredict
     5.310244963,416937,,br_misp_retired.all_branches,51918142,100.00,,
     5.410436774,58562600,,inst_retired.any,52197474,100.00,139.6,IpMispredict
     5.410436774,418976,,br_misp_retired.all_branches,52197474,100.00,,
     5.510646014,58297150,,inst_retired.any,52128333,100.00,139.0,IpMispredict
     5.510646014,420389,,br_misp_retired.all_branches,52128333,100.00,,
     5.610838003,58270251,,inst_retired.any,51971901,100.00,138.9,IpMispredict
     5.610838003,419451,,br_misp_retired.all_branches,51971901,100.00,,
     5.711031720,58866909,,inst_retired.any,52437741,100.00,140.4,IpMispredict
     5.711031720,420475,,br_misp_retired.all_branches,52437741,100.00,,
     5.811227424,58129108,,inst_retired.any,51815938,100.00,138.6,IpMispredict
     5.811227424,418059,,br_misp_retired.all_branches,51815938,100.00,,
     5.911420723,58502466,,inst_retired.any,52322092,100.00,139.5,IpMispredict
     5.911420723,421799,,br_misp_retired.all_branches,52322092,100.00,,
     6.011611712,58277539,,inst_retired.any,51979806,100.00,138.9,IpMispredict
     6.011611712,419938,,br_misp_retired.all_branches,51979806,100.00,,
     6.111804971,58667588,,inst_retired.any,52361744,100.00,139.9,IpMispredict
     6.111804971,422797,,br_misp_retired.all_branches,52361744,100.00,,
     6.212000693,58488344,,inst_retired.any,52094279,100.00,139.4,IpMispredict
     6.212000693,419991,,br_misp_retired.all_branches,52094279,100.00,,
     6.312192812,58368698,,inst_retired.any,52045991,100.00,139.1,IpMispredict
     6.312192812,419198,,br_misp_retired.all_branches,52045991,100.00,,
     6.412381660,58494001,,inst_retired.any,52165061,100.00,139.4,IpMispredict
     6.412381660,422785,,br_misp_retired.all_branches,52165061,100.00,,
     6.512570519,57964222,,inst_retired.any,51713759,100.00,138.2,IpMispredict
     6.512570519,415380,,br_misp_retired.all_branches,51713759,100.00,,
     6.612762181,58575974,,inst_retired.any,52254651,100.00,139.6,IpMispredict
     6.612762181,420802,,br_misp_retired.all_branches,52254651,100.00,,
     6.712953628,58508448,,inst_retired.any,52112652,100.00,139.5,IpMispredict
     6.712953628,418885,,br_misp_retired.all_branches,52112652,100.00,,
     6.813146463,58499971,,inst_retired.any,52098486,100.00,139.5,IpMispredict
     6.813146463,419185,,br_misp_retired.all_branches,52098486,100.00,,
     6.913340130,58046266,,inst_retired.any,51696589,100.00,138.4,IpMispredict
     6.913340130,416905,,br_misp_retired.all_branches,51696589,100.00,,
     7.013535313,58486650,,inst_retired.any,52165312,100.00,139.4,IpMispredict
     7.013535313,418460,,br_misp_retired.all_branches,52165312,100.00,,
     7.113727465,58474909,,inst_retired.any,52032781,100.00,139.4,IpMispredict
     7.113727465,419160,,br_misp_retired.all_branches,52032781,100.00,,
     7.213922091,58626344,,inst_retired.any,52220414,100.00,139.8,IpMispredict
     7.213922091,421995,,br_misp_retired.all_branches,52220414,100.00,,
     7.314115840,59278559,,inst_retired.any,52603182,100.00,141.3,IpMispredict
     7.314115840,422643,,br_misp_retired.all_branches,52603182,100.00,,
     7.414310616,58290272,,inst_retired.any,52190055,100.00,139.0,IpMispredict
     7.414310616,414820,,br_misp_retired.all_branches,52190055,100.00,,
     7.514503724,58361616,,inst_retired.any,52116659,100.00,139.1,IpMispredict
     7.514503724,417395,,br_misp_retired.all_branches,52116659,100.00,,
     7.614691066,58186356,,inst_retired.any,51916017,100.00,138.7,IpMispredict
     7.614691066,415182,,br_misp_retired.all_branches,51916017,100.00,,
     7.714883987,58829467,,inst_retired.any,52481781,100.00,140.3,IpMispredict
     7.714883987,421714,,br_misp_retired.all_branches,52481781,100.00,,
     7.815074271,58442528,,inst_retired.any,52185117,100.00,139.3,IpMispredict
     7.815074271,421447,,br_misp_retired.all_branches,52185117,100.00,,
     7.915266422,58367448,,inst_retired.any,52043546,100.00,139.2,IpMispredict
     7.915266422,419791,,br_misp_retired.all_branches,52043546,100.00,,
     8.015459837,58026293,,inst_retired.any,51764987,100.00,138.3,IpMispredict
     8.015459837,419195,,br_misp_retired.all_branches,51764987,100.00,,
     8.115652872,58782474,,inst_retired.any,52939246,100.00,140.1,IpMispredict
     8.115652872,425254,,br_misp_retired.all_branches,52939246,100.00,,
     8.215849792,58264118,,inst_retired.any,52105941,100.00,138.9,IpMispredict
     8.215849792,421090,,br_misp_retired.all_branches,52105941,100.00,,
     8.316065440,58481760,,inst_retired.any,52238109,100.00,139.4,IpMispredict
     8.316065440,422297,,br_misp_retired.all_branches,52238109,100.00,,
     8.416258047,57999748,,inst_retired.any,51752259,100.00,138.3,IpMispredict
     8.416258047,415261,,br_misp_retired.all_branches,51752259,100.00,,
     8.516449754,58810203,,inst_retired.any,52495583,100.00,140.2,IpMispredict
     8.516449754,422438,,br_misp_retired.all_branches,52495583,100.00,,
     8.616637030,58298447,,inst_retired.any,51921153,100.00,139.0,IpMispredict
     8.616637030,417104,,br_misp_retired.all_branches,51921153,100.00,,
     8.716826857,58261189,,inst_retired.any,51899591,100.00,138.9,IpMispredict
     8.716826857,416756,,br_misp_retired.all_branches,51899591,100.00,,
     8.817016023,58309958,,inst_retired.any,52195059,100.00,139.0,IpMispredict
     8.817016023,418890,,br_misp_retired.all_branches,52195059,100.00,,
     8.917206365,58599830,,inst_retired.any,52278423,100.00,139.7,IpMispredict
     8.917206365,420835,,br_misp_retired.all_branches,52278423,100.00,,
     9.017397582,58585948,,inst_retired.any,52393110,100.00,139.6,IpMispredict
     9.017397582,422456,,br_misp_retired.all_branches,52393110,100.00,,
     9.117586179,58608694,,inst_retired.any,52485508,100.00,139.7,IpMispredict
     9.117586179,424998,,br_misp_retired.all_branches,52485508,100.00,,
     9.217773718,57884115,,inst_retired.any,51764940,100.00,138.0,IpMispredict
     9.217773718,419558,,br_misp_retired.all_branches,51764940,100.00,,
     9.317960756,58742117,,inst_retired.any,52471526,100.00,140.0,IpMispredict
     9.317960756,422064,,br_misp_retired.all_branches,52471526,100.00,,
     9.418152143,58100861,,inst_retired.any,51879494,100.00,138.5,IpMispredict
     9.418152143,413935,,br_misp_retired.all_branches,51879494,100.00,,
     9.518342408,58839310,,inst_retired.any,52427836,100.00,140.2,IpMispredict
     9.518342408,420820,,br_misp_retired.all_branches,52427836,100.00,,
     9.618536164,57990560,,inst_retired.any,51647349,100.00,138.2,IpMispredict
     9.618536164,414032,,br_misp_retired.all_branches,51647349,100.00,,
     9.718725453,58667908,,inst_retired.any,52314699,100.00,139.8,IpMispredict
     9.718725453,420737,,br_misp_retired.all_branches,52314699,100.00,,
     9.818916254,58271539,,inst_retired.any,51955897,100.00,138.9,IpMispredict
     9.818916254,421021,,br_misp_retired.all_branches,51955897,100.00,,
     9.919108851,58518011,,inst_retired.any,52089088,100.00,139.5,IpMispredict
     9.919108851,421619,,br_misp_retired.all_branches,52089088,100.00,,
    10.019306943,58617772,,inst_retired.any,52212789,100.00,139.7,IpMispredict
    10.019306943,420686,,br_misp_retired.all_branches,52212789,100.00,,
    10.119520439,58235277,,inst_retired.any,51952928,100.00,138.8,IpMispredict
    10.119520439,420419,,br_misp_retired.all_branches,51952928,100.00,,
    10.219711539,58417662,,inst_retired.any,52078782,100.00,139.2,IpMispredict
    10.219711539,421574,,br_misp_retired.all_branches,52078782,100.00,,
    10.319900781,58570514,,inst_retired.any,52146983,100.00,139.6,IpMispredict
    10.319900781,421338,,br_misp_retired.all_branches,52146983,100.00,,
    10.420089326,58659409,,inst_retired.any,52274238,100.00,139.8,IpMispredict
    10.420089326,421495,,br_misp_retired.all_branches,52274238,100.00,,
    10.520279748,58026421,,inst_retired.any,51811399,100.00,138.3,IpMispredict
    10.520279748,416834,,br_misp_retired.all_branches,51811399,100.00,,
    10.620471827,58844671,,inst_retired.any,52451577,100.00,140.2,IpMispredict
    10.620471827,423438,,br_misp_retired.all_branches,52451577,100.00,,
    10.720661925,57980209,,inst_retired.any,51677957,100.00,138.2,IpMispredict
    10.720661925,414967,,br_misp_retired.all_branches,51677957,100.00,,
    10.820852099,58954222,,inst_retired.any,52543267,100.00,140.5,IpMispredict
    10.820852099,423170,,br_misp_retired.all_branches,52543267,100.00,,
    10.921046430,57979482,,inst_retired.any,51716081,100.00,138.2,IpMispredict
    10.921046430,416487,,br_misp_retired.all_branches,51716081,100.00,,
    11.021258509,58699869,,inst_retired.any,52239599,100.00,139.9,IpMispredict
    11.021258509,418564,,br_misp_retired.all_branches,52239599,100.00,,
