# started on Tue May  2 14:24:24 2023

     0.100193257,30470257,,inst_retired.any,42308856,100.00,122.8,IpMispredict
     0.100193257,248182,,br_misp_retired.all_branches,42308856,100.00,,
     0.200429987,31152770,,inst_retired.any,42314743,100.00,130.3,IpMispredict
     0.200429987,229994,,br_misp_retired.all_branches,42314743,100.00,,
     0.300621251,31044333,,inst_retired.any,42323397,100.00,131.1,IpMispredict
     0.300621251,232242,,br_misp_retired.all_branches,42323397,100.00,,
     0.400811065,30658940,,inst_retired.any,42746433,100.00,128.5,IpMispredict
     0.400811065,243637,,br_misp_retired.all_branches,42746433,100.00,,
     0.501002038,31339626,,inst_retired.any,42791292,100.00,130.8,IpMispredict
     0.501002038,244111,,br_misp_retired.all_branches,42791292,100.00,,
     0.601198351,30775758,,inst_retired.any,42034734,100.00,129.9,IpMispredict
     0.601198351,223718,,br_misp_retired.all_branches,42034734,100.00,,
     0.701392385,30414147,,inst_retired.any,41363299,100.00,128.2,IpMispredict
     0.701392385,239264,,br_misp_retired.all_branches,41363299,100.00,,
     0.801587234,30946431,,inst_retired.any,42089543,100.00,130.7,IpMispredict
     0.801587234,233229,,br_misp_retired.all_branches,42089543,100.00,,
     0.901776600,30996979,,inst_retired.any,42901314,100.00,128.9,IpMispredict
     0.901776600,270454,,br_misp_retired.all_branches,42901314,100.00,,
     1.001971783,30597973,,inst_retired.any,42211941,100.00,127.0,IpMispredict
     1.001971783,244622,,br_misp_retired.all_branches,42211941,100.00,,
     1.102167621,31223233,,inst_retired.any,42600002,100.00,129.6,IpMispredict
     1.102167621,241620,,br_misp_retired.all_branches,42600002,100.00,,
     1.202359333,30680879,,inst_retired.any,41650427,100.00,127.9,IpMispredict
     1.202359333,228356,,br_misp_retired.all_branches,41650427,100.00,,
     1.302554328,30939083,,inst_retired.any,42736110,100.00,128.4,IpMispredict
     1.302554328,251964,,br_misp_retired.all_branches,42736110,100.00,,
     1.402744894,30452033,,inst_retired.any,40104589,100.00,126.8,IpMispredict
     1.402744894,230586,,br_misp_retired.all_branches,40104589,100.00,,
     1.502936005,30969224,,inst_retired.any,42496856,100.00,128.5,IpMispredict
     1.502936005,251924,,br_misp_retired.all_branches,42496856,100.00,,
     1.603131853,30870436,,inst_retired.any,42841562,100.00,127.9,IpMispredict
     1.603131853,247248,,br_misp_retired.all_branches,42841562,100.00,,
     1.703323651,30832812,,inst_retired.any,42256473,100.00,127.6,IpMispredict
     1.703323651,245329,,br_misp_retired.all_branches,42256473,100.00,,
     1.803547334,30849667,,inst_retired.any,42845818,100.00,127.4,IpMispredict
     1.803547334,253699,,br_misp_retired.all_branches,42845818,100.00,,
     1.903742574,30768261,,inst_retired.any,42497437,100.00,127.4,IpMispredict
     1.903742574,229664,,br_misp_retired.all_branches,42497437,100.00,,
     2.003931749,30722777,,inst_retired.any,42491599,100.00,127.3,IpMispredict
     2.003931749,236871,,br_misp_retired.all_branches,42491599,100.00,,
     2.104124159,30872424,,inst_retired.any,41608340,100.00,127.8,IpMispredict
     2.104124159,246106,,br_misp_retired.all_branches,41608340,100.00,,
     2.204314632,30922818,,inst_retired.any,42315040,100.00,127.5,IpMispredict
     2.204314632,261498,,br_misp_retired.all_branches,42315040,100.00,,
     2.304505548,30541877,,inst_retired.any,42215356,100.00,125.4,IpMispredict
     2.304505548,267678,,br_misp_retired.all_branches,42215356,100.00,,
     2.404698007,31195481,,inst_retired.any,42916172,100.00,127.9,IpMispredict
     2.404698007,253433,,br_misp_retired.all_branches,42916172,100.00,,
     2.504888320,30650734,,inst_retired.any,41459821,100.00,126.1,IpMispredict
     2.504888320,220618,,br_misp_retired.all_branches,41459821,100.00,,
     2.605076855,30591505,,inst_retired.any,43121037,100.00,125.6,IpMispredict
     2.605076855,256598,,br_misp_retired.all_branches,43121037,100.00,,
     2.705266551,31352120,,inst_retired.any,43425360,100.00,128.6,IpMispredict
     2.705266551,251298,,br_misp_retired.all_branches,43425360,100.00,,
     2.805479207,30593996,,inst_retired.any,41931572,100.00,125.7,IpMispredict
     2.805479207,229841,,br_misp_retired.all_branches,41931572,100.00,,
     2.905674648,30650513,,inst_retired.any,42356024,100.00,125.8,IpMispredict
     2.905674648,252764,,br_misp_retired.all_branches,42356024,100.00,,
     3.005872421,30952891,,inst_retired.any,42567818,100.00,127.1,IpMispredict
     3.005872421,238897,,br_misp_retired.all_branches,42567818,100.00,,
     3.106062188,30969977,,inst_retired.any,42312451,100.00,127.3,IpMispredict
     3.106062188,238118,,br_misp_retired.all_branches,42312451,100.00,,
     3.206254127,30855948,,inst_retired.any,42767982,100.00,126.8,IpMispredict
     3.206254127,242663,,br_misp_retired.all_branches,42767982,100.00,,
     3.306447486,30632846,,inst_retired.any,42544941,100.00,125.9,IpMispredict
     3.306447486,242601,,br_misp_retired.all_branches,42544941,100.00,,
     3.406640560,30780240,,inst_retired.any,42303956,100.00,126.3,IpMispredict
     3.406640560,256436,,br_misp_retired.all_branches,42303956,100.00,,
     3.506834735,31067940,,inst_retired.any,42761247,100.00,127.6,IpMispredict
     3.506834735,239779,,br_misp_retired.all_branches,42761247,100.00,,
     3.607026061,30697716,,inst_retired.any,42849179,100.00,125.9,IpMispredict
     3.607026061,250785,,br_misp_retired.all_branches,42849179,100.00,,
     3.707214535,30982693,,inst_retired.any,42834449,100.00,127.1,IpMispredict
     3.707214535,242901,,br_misp_retired.all_branches,42834449,100.00,,
     3.807414410,30874549,,inst_retired.any,42930563,100.00,126.5,IpMispredict
     3.807414410,257413,,br_misp_retired.all_branches,42930563,100.00,,
     3.907603502,30878340,,inst_retired.any,41948182,100.00,126.6,IpMispredict
     3.907603502,239486,,br_misp_retired.all_branches,41948182,100.00,,
     4.007796410,30508689,,inst_retired.any,42253466,100.00,125.3,IpMispredict
     4.007796410,224917,,br_misp_retired.all_branches,42253466,100.00,,
     4.107985561,30854669,,inst_retired.any,42175521,100.00,126.9,IpMispredict
     4.107985561,229507,,br_misp_retired.all_branches,42175521,100.00,,
     4.208175108,30836893,,inst_retired.any,42647232,100.00,126.8,IpMispredict
     4.208175108,244877,,br_misp_retired.all_branches,42647232,100.00,,
     4.308364298,30902223,,inst_retired.any,42691307,100.00,126.8,IpMispredict
     4.308364298,265314,,br_misp_retired.all_branches,42691307,100.00,,
     4.408556607,30551711,,inst_retired.any,41471598,100.00,125.5,IpMispredict
     4.408556607,230777,,br_misp_retired.all_branches,41471598,100.00,,
     4.508747326,31017935,,inst_retired.any,43220140,100.00,127.4,IpMispredict
     4.508747326,242878,,br_misp_retired.all_branches,43220140,100.00,,
     4.608937370,30409395,,inst_retired.any,41418998,100.00,125.0,IpMispredict
     4.608937370,234466,,br_misp_retired.all_branches,41418998,100.00,,
     4.709129195,30821393,,inst_retired.any,42030361,100.00,126.9,IpMispredict
     4.709129195,229448,,br_misp_retired.all_branches,42030361,100.00,,
     4.809322681,31225592,,inst_retired.any,42942988,100.00,128.5,IpMispredict
     4.809322681,248282,,br_misp_retired.all_branches,42942988,100.00,,
     4.909522141,30392944,,inst_retired.any,41725909,100.00,125.0,IpMispredict
     4.909522141,244668,,br_misp_retired.all_branches,41725909,100.00,,
     5.009712426,31089285,,inst_retired.any,42317564,100.00,127.8,IpMispredict
     5.009712426,249527,,br_misp_retired.all_branches,42317564,100.00,,
     5.109906039,30941868,,inst_retired.any,43616907,100.00,127.1,IpMispredict
     5.109906039,256811,,br_misp_retired.all_branches,43616907,100.00,,
     5.210096534,30762234,,inst_retired.any,42192282,100.00,126.3,IpMispredict
     5.210096534,246471,,br_misp_retired.all_branches,42192282,100.00,,
     5.310285776,30535435,,inst_retired.any,41617986,100.00,125.3,IpMispredict
     5.310285776,255479,,br_misp_retired.all_branches,41617986,100.00,,
     5.410482079,31022694,,inst_retired.any,42922964,100.00,127.3,IpMispredict
     5.410482079,243038,,br_misp_retired.all_branches,42922964,100.00,,
     5.510695070,31485042,,inst_retired.any,41348585,100.00,129.0,IpMispredict
     5.510695070,263264,,br_misp_retired.all_branches,41348585,100.00,,
     5.610889866,30280983,,inst_retired.any,41927041,100.00,124.1,IpMispredict
     5.610889866,240514,,br_misp_retired.all_branches,41927041,100.00,,
     5.711085238,31288548,,inst_retired.any,43323390,100.00,128.1,IpMispredict
     5.711085238,259934,,br_misp_retired.all_branches,43323390,100.00,,
     5.811277358,30657997,,inst_retired.any,42170172,100.00,125.4,IpMispredict
     5.811277358,256274,,br_misp_retired.all_branches,42170172,100.00,,
     5.911470573,30711419,,inst_retired.any,42260334,100.00,125.4,IpMispredict
     5.911470573,267343,,br_misp_retired.all_branches,42260334,100.00,,
     6.011661084,30849177,,inst_retired.any,42720025,100.00,125.9,IpMispredict
     6.011661084,248906,,br_misp_retired.all_branches,42720025,100.00,,
     6.111851984,30934534,,inst_retired.any,41940504,100.00,126.4,IpMispredict
     6.111851984,236286,,br_misp_retired.all_branches,41940504,100.00,,
     6.212043879,30661824,,inst_retired.any,42328413,100.00,125.2,IpMispredict
     6.212043879,244263,,br_misp_retired.all_branches,42328413,100.00,,
     6.312239497,31087613,,inst_retired.any,42396020,100.00,127.0,IpMispredict
     6.312239497,241440,,br_misp_retired.all_branches,42396020,100.00,,
     6.412430053,30846971,,inst_retired.any,42652900,100.00,126.1,IpMispredict
     6.412430053,229873,,br_misp_retired.all_branches,42652900,100.00,,
     6.512619806,30492197,,inst_retired.any,42096880,100.00,124.6,IpMispredict
     6.512619806,256150,,br_misp_retired.all_branches,42096880,100.00,,
     6.612815556,30626389,,inst_retired.any,42280288,100.00,125.2,IpMispredict
     6.612815556,234923,,br_misp_retired.all_branches,42280288,100.00,,
     6.713006430,31130646,,inst_retired.any,42756659,100.00,127.3,IpMispredict
     6.713006430,241462,,br_misp_retired.all_branches,42756659,100.00,,
     6.813200172,30592214,,inst_retired.any,41901191,100.00,125.1,IpMispredict
     6.813200172,240806,,br_misp_retired.all_branches,41901191,100.00,,
     6.913394286,31088464,,inst_retired.any,43186336,100.00,127.1,IpMispredict
     6.913394286,251800,,br_misp_retired.all_branches,43186336,100.00,,
     7.013598078,30520464,,inst_retired.any,41710903,100.00,124.9,IpMispredict
     7.013598078,233905,,br_misp_retired.all_branches,41710903,100.00,,
     7.113790165,31200431,,inst_retired.any,42485032,100.00,127.7,IpMispredict
     7.113790165,236407,,br_misp_retired.all_branches,42485032,100.00,,
     7.213981596,30475089,,inst_retired.any,41789782,100.00,124.7,IpMispredict
     7.213981596,249784,,br_misp_retired.all_branches,41789782,100.00,,
     7.314174991,31080837,,inst_retired.any,42938371,100.00,127.1,IpMispredict
     7.314174991,254000,,br_misp_retired.all_branches,42938371,100.00,,
     7.414368227,30704557,,inst_retired.any,42449480,100.00,125.7,IpMispredict
     7.414368227,221786,,br_misp_retired.all_branches,42449480,100.00,,
     7.514558932,30703195,,inst_retired.any,41459456,100.00,125.8,IpMispredict
     7.514558932,231384,,br_misp_retired.all_branches,41459456,100.00,,
     7.614750232,30659399,,inst_retired.any,43286615,100.00,125.6,IpMispredict
     7.614750232,253291,,br_misp_retired.all_branches,43286615,100.00,,
     7.714943597,31240242,,inst_retired.any,43111745,100.00,127.8,IpMispredict
     7.714943597,259228,,br_misp_retired.all_branches,43111745,100.00,,
     7.815137408,30682222,,inst_retired.any,41729561,100.00,125.6,IpMispredict
     7.815137408,232753,,br_misp_retired.all_branches,41729561,100.00,,
     7.915326747,30936152,,inst_retired.any,42058766,100.00,126.7,IpMispredict
     7.915326747,238785,,br_misp_retired.all_branches,42058766,100.00,,
     8.015546907,30771141,,inst_retired.any,41448781,100.00,126.1,IpMispredict
     8.015546907,238615,,br_misp_retired.all_branches,41448781,100.00,,
     8.115741876,30965974,,inst_retired.any,42651974,100.00,126.7,IpMispredict
     8.115741876,270259,,br_misp_retired.all_branches,42651974,100.00,,
     8.215932763,30482610,,inst_retired.any,42293704,100.00,124.7,IpMispredict
     8.215932763,248463,,br_misp_retired.all_branches,42293704,100.00,,
     8.316147678,30719213,,inst_retired.any,41635594,100.00,125.7,IpMispredict
     8.316147678,234255,,br_misp_retired.all_branches,41635594,100.00,,
     8.416340552,30841808,,inst_retired.any,41934934,100.00,126.2,IpMispredict
     8.416340552,245268,,br_misp_retired.all_branches,41934934,100.00,,
     8.516531930,30792456,,inst_retired.any,42888504,100.00,125.9,IpMispredict
     8.516531930,265905,,br_misp_retired.all_branches,42888504,100.00,,
     8.616720494,31153113,,inst_retired.any,42267471,100.00,127.3,IpMispredict
     8.616720494,263123,,br_misp_retired.all_branches,42267471,100.00,,
     8.716909364,30491997,,inst_retired.any,42481681,100.00,124.5,IpMispredict
     8.716909364,249206,,br_misp_retired.all_branches,42481681,100.00,,
     8.817103639,30951659,,inst_retired.any,43465695,100.00,126.3,IpMispredict
     8.817103639,256852,,br_misp_retired.all_branches,43465695,100.00,,
     8.917292163,30878296,,inst_retired.any,42597001,100.00,126.0,IpMispredict
     8.917292163,243989,,br_misp_retired.all_branches,42597001,100.00,,
     9.017484987,30620360,,inst_retired.any,42705737,100.00,124.9,IpMispredict
     9.017484987,267249,,br_misp_retired.all_branches,42705737,100.00,,
     9.117676695,31184560,,inst_retired.any,41710187,100.00,127.3,IpMispredict
     9.117676695,227562,,br_misp_retired.all_branches,41710187,100.00,,
     9.217871333,30856767,,inst_retired.any,42878826,100.00,126.0,IpMispredict
     9.217871333,236483,,br_misp_retired.all_branches,42878826,100.00,,
     9.318060883,30622505,,inst_retired.any,42117560,100.00,125.1,IpMispredict
     9.318060883,237379,,br_misp_retired.all_branches,42117560,100.00,,
     9.418252387,30382056,,inst_retired.any,40761702,100.00,124.2,IpMispredict
     9.418252387,232209,,br_misp_retired.all_branches,40761702,100.00,,
     9.518446521,31344907,,inst_retired.any,42885168,100.00,128.1,IpMispredict
     9.518446521,234603,,br_misp_retired.all_branches,42885168,100.00,,
     9.618636959,30747561,,inst_retired.any,42426621,100.00,125.7,IpMispredict
     9.618636959,240700,,br_misp_retired.all_branches,42426621,100.00,,
     9.718830768,30746510,,inst_retired.any,42031115,100.00,125.8,IpMispredict
     9.718830768,223451,,br_misp_retired.all_branches,42031115,100.00,,
     9.819023178,30911152,,inst_retired.any,42058683,100.00,126.4,IpMispredict
     9.819023178,256773,,br_misp_retired.all_branches,42058683,100.00,,
     9.919213490,30732210,,inst_retired.any,41966919,100.00,125.7,IpMispredict
     9.919213490,237289,,br_misp_retired.all_branches,41966919,100.00,,
    10.019425939,30563386,,inst_retired.any,42582389,100.00,125.0,IpMispredict
    10.019425939,253079,,br_misp_retired.all_branches,42582389,100.00,,
    10.119620321,31069704,,inst_retired.any,42542092,100.00,127.1,IpMispredict
    10.119620321,248079,,br_misp_retired.all_branches,42542092,100.00,,
    10.219809930,31008264,,inst_retired.any,42767203,100.00,126.8,IpMispredict
    10.219809930,244309,,br_misp_retired.all_branches,42767203,100.00,,
    10.320000028,30735362,,inst_retired.any,43100650,100.00,125.6,IpMispredict
    10.320000028,260591,,br_misp_retired.all_branches,43100650,100.00,,
    10.420191439,30797457,,inst_retired.any,42111287,100.00,125.9,IpMispredict
    10.420191439,239541,,br_misp_retired.all_branches,42111287,100.00,,
    10.520389983,31511870,,inst_retired.any,43266875,100.00,128.8,IpMispredict
    10.520389983,253048,,br_misp_retired.all_branches,43266875,100.00,,
    10.620582579,30592517,,inst_retired.any,42209939,100.00,125.0,IpMispredict
    10.620582579,248638,,br_misp_retired.all_branches,42209939,100.00,,
    10.720775220,31140818,,inst_retired.any,42214830,100.00,127.3,IpMispredict
    10.720775220,231838,,br_misp_retired.all_branches,42214830,100.00,,
    10.820971412,30716662,,inst_retired.any,42687783,100.00,125.5,IpMispredict
    10.820971412,256871,,br_misp_retired.all_branches,42687783,100.00,,
    10.921162014,30812124,,inst_retired.any,42068292,100.00,125.9,IpMispredict
    10.921162014,242839,,br_misp_retired.all_branches,42068292,100.00,,
    11.021372719,30771714,,inst_retired.any,41901159,100.00,125.8,IpMispredict
    11.021372719,229684,,br_misp_retired.all_branches,41901159,100.00,,
