# started on Tue May  2 14:26:23 2023

     0.100230692,3149707,,offcore_response.all_requests.llc_hit.any_response,42054687,100.00,,
     0.100230692,185,,offcore_response.all_requests.llc_miss.any_response,42023003,100.00,,
     0.200465493,3207482,,offcore_response.all_requests.llc_hit.any_response,42396967,100.00,,
     0.200465493,385,,offcore_response.all_requests.llc_miss.any_response,42398009,100.00,,
     0.300664528,3166427,,offcore_response.all_requests.llc_hit.any_response,42052325,100.00,,
     0.300664528,422,,offcore_response.all_requests.llc_miss.any_response,42051576,100.00,,
     0.400866379,3219224,,offcore_response.all_requests.llc_hit.any_response,43079572,100.00,,
     0.400866379,405,,offcore_response.all_requests.llc_miss.any_response,43055860,100.00,,
     0.501061381,3139074,,offcore_response.all_requests.llc_hit.any_response,41685580,100.00,,
     0.501061381,177,,offcore_response.all_requests.llc_miss.any_response,41685580,100.00,,
     0.601257625,3247451,,offcore_response.all_requests.llc_hit.any_response,44373180,100.00,,
     0.601257625,368,,offcore_response.all_requests.llc_miss.any_response,44373180,100.00,,
     0.701458251,3175950,,offcore_response.all_requests.llc_hit.any_response,42090957,100.00,,
     0.701458251,103,,offcore_response.all_requests.llc_miss.any_response,42090957,100.00,,
     0.801650740,3179399,,offcore_response.all_requests.llc_hit.any_response,42575606,100.00,,
     0.801650740,340,,offcore_response.all_requests.llc_miss.any_response,42575606,100.00,,
     0.901844961,3171525,,offcore_response.all_requests.llc_hit.any_response,42654258,100.00,,
     0.901844961,127,,offcore_response.all_requests.llc_miss.any_response,42654258,100.00,,
     1.002042358,3191443,,offcore_response.all_requests.llc_hit.any_response,42819393,100.00,,
     1.002042358,361,,offcore_response.all_requests.llc_miss.any_response,42843104,100.00,,
     1.102242489,3229341,,offcore_response.all_requests.llc_hit.any_response,42800605,100.00,,
     1.102242489,176,,offcore_response.all_requests.llc_miss.any_response,42800533,100.00,,
     1.202440915,3168088,,offcore_response.all_requests.llc_hit.any_response,42304496,100.00,,
     1.202440915,382,,offcore_response.all_requests.llc_miss.any_response,42280857,100.00,,
     1.302634320,3183520,,offcore_response.all_requests.llc_hit.any_response,43083214,100.00,,
     1.302634320,649,,offcore_response.all_requests.llc_miss.any_response,43098604,100.00,,
     1.402834437,3190657,,offcore_response.all_requests.llc_hit.any_response,42067888,100.00,,
     1.402834437,256,,offcore_response.all_requests.llc_miss.any_response,42076511,100.00,,
     1.503031414,3152895,,offcore_response.all_requests.llc_hit.any_response,42111207,100.00,,
     1.503031414,124,,offcore_response.all_requests.llc_miss.any_response,42087194,100.00,,
     1.603222617,3210412,,offcore_response.all_requests.llc_hit.any_response,43127753,100.00,,
     1.603222617,472,,offcore_response.all_requests.llc_miss.any_response,43127753,100.00,,
     1.703415323,3203034,,offcore_response.all_requests.llc_hit.any_response,43203170,100.00,,
     1.703415323,245,,offcore_response.all_requests.llc_miss.any_response,43203170,100.00,,
     1.803618003,3149819,,offcore_response.all_requests.llc_hit.any_response,41941636,100.00,,
     1.803618003,338,,offcore_response.all_requests.llc_miss.any_response,41941636,100.00,,
     1.903827038,3161572,,offcore_response.all_requests.llc_hit.any_response,42268591,100.00,,
     1.903827038,242,,offcore_response.all_requests.llc_miss.any_response,42291962,100.00,,
     2.004024910,3246124,,offcore_response.all_requests.llc_hit.any_response,42976892,100.00,,
     2.004024910,382,,offcore_response.all_requests.llc_miss.any_response,42975686,100.00,,
     2.104221158,3145790,,offcore_response.all_requests.llc_hit.any_response,41295248,100.00,,
     2.104221158,135,,offcore_response.all_requests.llc_miss.any_response,41273083,100.00,,
     2.204418599,3263616,,offcore_response.all_requests.llc_hit.any_response,43315130,100.00,,
     2.204418599,347,,offcore_response.all_requests.llc_miss.any_response,43315130,100.00,,
     2.304633183,3141737,,offcore_response.all_requests.llc_hit.any_response,42320337,100.00,,
     2.304633183,146,,offcore_response.all_requests.llc_miss.any_response,42320337,100.00,,
     2.404825399,3191569,,offcore_response.all_requests.llc_hit.any_response,42492077,100.00,,
     2.404825399,292,,offcore_response.all_requests.llc_miss.any_response,42492077,100.00,,
     2.505019508,3188525,,offcore_response.all_requests.llc_hit.any_response,43524950,100.00,,
     2.505019508,180,,offcore_response.all_requests.llc_miss.any_response,43545317,100.00,,
     2.605213959,3186391,,offcore_response.all_requests.llc_hit.any_response,42470472,100.00,,
     2.605213959,401,,offcore_response.all_requests.llc_miss.any_response,42450105,100.00,,
     2.705402897,3145079,,offcore_response.all_requests.llc_hit.any_response,42075015,100.00,,
     2.705402897,176,,offcore_response.all_requests.llc_miss.any_response,42098178,100.00,,
     2.805599977,3221529,,offcore_response.all_requests.llc_hit.any_response,42430502,100.00,,
     2.805599977,374,,offcore_response.all_requests.llc_miss.any_response,42407339,100.00,,
     2.905790869,3156848,,offcore_response.all_requests.llc_hit.any_response,42467007,100.00,,
     2.905790869,95,,offcore_response.all_requests.llc_miss.any_response,42467007,100.00,,
     3.005981337,3174080,,offcore_response.all_requests.llc_hit.any_response,42122548,100.00,,
     3.005981337,374,,offcore_response.all_requests.llc_miss.any_response,42146631,100.00,,
     3.106177451,3093623,,offcore_response.all_requests.llc_hit.any_response,42577345,100.00,,
     3.106177451,25041,,offcore_response.all_requests.llc_miss.any_response,42562802,100.00,,
     3.206379342,3039752,,offcore_response.all_requests.llc_hit.any_response,41951465,100.00,,
     3.206379342,37214,,offcore_response.all_requests.llc_miss.any_response,41965550,100.00,,
     3.306575848,3119446,,offcore_response.all_requests.llc_hit.any_response,42689448,100.00,,
     3.306575848,36831,,offcore_response.all_requests.llc_miss.any_response,42689415,100.00,,
     3.406774531,3068920,,offcore_response.all_requests.llc_hit.any_response,41939989,100.00,,
     3.406774531,37403,,offcore_response.all_requests.llc_miss.any_response,41940441,100.00,,
     3.506975152,3135344,,offcore_response.all_requests.llc_hit.any_response,42755900,100.00,,
     3.506975152,37622,,offcore_response.all_requests.llc_miss.any_response,42731856,100.00,,
     3.607164258,3065752,,offcore_response.all_requests.llc_hit.any_response,42770049,100.00,,
     3.607164258,37521,,offcore_response.all_requests.llc_miss.any_response,42770049,100.00,,
     3.707357265,3097475,,offcore_response.all_requests.llc_hit.any_response,42452147,100.00,,
     3.707357265,37263,,offcore_response.all_requests.llc_miss.any_response,42475611,100.00,,
     3.807552601,3094157,,offcore_response.all_requests.llc_hit.any_response,43310354,100.00,,
     3.807552601,37421,,offcore_response.all_requests.llc_miss.any_response,43300477,100.00,,
     3.907696825,3073359,,offcore_response.all_requests.llc_hit.any_response,43360191,100.00,,
     3.907696825,37136,,offcore_response.all_requests.llc_miss.any_response,43346604,100.00,,
     4.007888733,3061688,,offcore_response.all_requests.llc_hit.any_response,42821708,100.00,,
     4.007888733,37028,,offcore_response.all_requests.llc_miss.any_response,42846141,100.00,,
     4.108066245,3139497,,offcore_response.all_requests.llc_hit.any_response,42849466,100.00,,
     4.108066245,37828,,offcore_response.all_requests.llc_miss.any_response,42825033,100.00,,
     4.208259318,3019181,,offcore_response.all_requests.llc_hit.any_response,40876411,100.00,,
     4.208259318,37268,,offcore_response.all_requests.llc_miss.any_response,40900462,100.00,,
     4.308453545,3073030,,offcore_response.all_requests.llc_hit.any_response,42572296,100.00,,
     4.308453545,37145,,offcore_response.all_requests.llc_miss.any_response,42565671,100.00,,
     4.408658460,3046113,,offcore_response.all_requests.llc_hit.any_response,41920216,100.00,,
     4.408658460,37744,,offcore_response.all_requests.llc_miss.any_response,41902790,100.00,,
     4.508865697,3040837,,offcore_response.all_requests.llc_hit.any_response,42923894,100.00,,
     4.508865697,37202,,offcore_response.all_requests.llc_miss.any_response,42923894,100.00,,
     4.609057081,3097272,,offcore_response.all_requests.llc_hit.any_response,41802300,100.00,,
     4.609057081,37168,,offcore_response.all_requests.llc_miss.any_response,41826509,100.00,,
     4.709252694,3077851,,offcore_response.all_requests.llc_hit.any_response,42608843,100.00,,
     4.709252694,37121,,offcore_response.all_requests.llc_miss.any_response,42584634,100.00,,
     4.809441601,3084170,,offcore_response.all_requests.llc_hit.any_response,42638299,100.00,,
     4.809441601,37429,,offcore_response.all_requests.llc_miss.any_response,42638299,100.00,,
     4.909639560,3055586,,offcore_response.all_requests.llc_hit.any_response,42764687,100.00,,
     4.909639560,36832,,offcore_response.all_requests.llc_miss.any_response,42788882,100.00,,
     5.009838859,3101845,,offcore_response.all_requests.llc_hit.any_response,43171743,100.00,,
     5.009838859,37789,,offcore_response.all_requests.llc_miss.any_response,43171777,100.00,,
     5.110043560,3089387,,offcore_response.all_requests.llc_hit.any_response,43091279,100.00,,
     5.110043560,36853,,offcore_response.all_requests.llc_miss.any_response,43090227,100.00,,
     5.210236361,3063646,,offcore_response.all_requests.llc_hit.any_response,42586423,100.00,,
     5.210236361,36785,,offcore_response.all_requests.llc_miss.any_response,42587659,100.00,,
     5.310436233,3092127,,offcore_response.all_requests.llc_hit.any_response,43109830,100.00,,
     5.310436233,37098,,offcore_response.all_requests.llc_miss.any_response,43109002,100.00,,
     5.410632104,3097406,,offcore_response.all_requests.llc_hit.any_response,43016312,100.00,,
     5.410632104,37847,,offcore_response.all_requests.llc_miss.any_response,43008869,100.00,,
     5.510828195,3082736,,offcore_response.all_requests.llc_hit.any_response,42304184,100.00,,
     5.510828195,36714,,offcore_response.all_requests.llc_miss.any_response,42312543,100.00,,
     5.611025850,3137639,,offcore_response.all_requests.llc_hit.any_response,43742698,100.00,,
     5.611025850,44305,,offcore_response.all_requests.llc_miss.any_response,43718197,100.00,,
     5.711218840,3049171,,offcore_response.all_requests.llc_hit.any_response,42039133,100.00,,
     5.711218840,36986,,offcore_response.all_requests.llc_miss.any_response,42039133,100.00,,
     5.811407410,3092810,,offcore_response.all_requests.llc_hit.any_response,43332717,100.00,,
     5.811407410,37829,,offcore_response.all_requests.llc_miss.any_response,43332717,100.00,,
     5.911601727,3122611,,offcore_response.all_requests.llc_hit.any_response,42829153,100.00,,
     5.911601727,36971,,offcore_response.all_requests.llc_miss.any_response,42856020,100.00,,
     6.011816619,3014959,,offcore_response.all_requests.llc_hit.any_response,41648638,100.00,,
     6.011816619,36782,,offcore_response.all_requests.llc_miss.any_response,41621771,100.00,,
     6.112012479,3098545,,offcore_response.all_requests.llc_hit.any_response,42882428,100.00,,
     6.112012479,36963,,offcore_response.all_requests.llc_miss.any_response,42882428,100.00,,
     6.212205720,3119695,,offcore_response.all_requests.llc_hit.any_response,41751239,100.00,,
     6.212205720,37609,,offcore_response.all_requests.llc_miss.any_response,41764712,100.00,,
     6.312404070,3110378,,offcore_response.all_requests.llc_hit.any_response,42959204,100.00,,
     6.312404070,37364,,offcore_response.all_requests.llc_miss.any_response,42945731,100.00,,
     6.412598370,3081232,,offcore_response.all_requests.llc_hit.any_response,42586007,100.00,,
     6.412598370,37078,,offcore_response.all_requests.llc_miss.any_response,42600453,100.00,,
     6.512796231,3080830,,offcore_response.all_requests.llc_hit.any_response,42830659,100.00,,
     6.512796231,37390,,offcore_response.all_requests.llc_miss.any_response,42816213,100.00,,
     6.612988895,3064234,,offcore_response.all_requests.llc_hit.any_response,42466525,100.00,,
     6.612988895,36839,,offcore_response.all_requests.llc_miss.any_response,42466525,100.00,,
     6.713206820,3040765,,offcore_response.all_requests.llc_hit.any_response,41972210,100.00,,
     6.713206820,37237,,offcore_response.all_requests.llc_miss.any_response,41995409,100.00,,
     6.813404405,3108389,,offcore_response.all_requests.llc_hit.any_response,42599669,100.00,,
     6.813404405,37320,,offcore_response.all_requests.llc_miss.any_response,42576470,100.00,,
     6.913603344,3056626,,offcore_response.all_requests.llc_hit.any_response,42474268,100.00,,
     6.913603344,37221,,offcore_response.all_requests.llc_miss.any_response,42497679,100.00,,
     7.013807431,3076074,,offcore_response.all_requests.llc_hit.any_response,42504534,100.00,,
     7.013807431,37233,,offcore_response.all_requests.llc_miss.any_response,42481123,100.00,,
     7.114001498,3091351,,offcore_response.all_requests.llc_hit.any_response,43002076,100.00,,
     7.114001498,37291,,offcore_response.all_requests.llc_miss.any_response,43002076,100.00,,
     7.214197211,3125562,,offcore_response.all_requests.llc_hit.any_response,42819563,100.00,,
     7.214197211,37332,,offcore_response.all_requests.llc_miss.any_response,42843422,100.00,,
     7.314396095,3077848,,offcore_response.all_requests.llc_hit.any_response,42890574,100.00,,
     7.314396095,37116,,offcore_response.all_requests.llc_miss.any_response,42890464,100.00,,
     7.414594969,3090237,,offcore_response.all_requests.llc_hit.any_response,42146118,100.00,,
     7.414594969,37177,,offcore_response.all_requests.llc_miss.any_response,42122369,100.00,,
     7.514791167,3125417,,offcore_response.all_requests.llc_hit.any_response,42248517,100.00,,
     7.514791167,37267,,offcore_response.all_requests.llc_miss.any_response,42248517,100.00,,
     7.614983961,3059463,,offcore_response.all_requests.llc_hit.any_response,42570917,100.00,,
     7.614983961,37152,,offcore_response.all_requests.llc_miss.any_response,42570917,100.00,,
     7.715178745,3098742,,offcore_response.all_requests.llc_hit.any_response,43037890,100.00,,
     7.715178745,37196,,offcore_response.all_requests.llc_miss.any_response,43037890,100.00,,
     7.815371388,3086978,,offcore_response.all_requests.llc_hit.any_response,42325233,100.00,,
     7.815371388,37725,,offcore_response.all_requests.llc_miss.any_response,42325233,100.00,,
     7.915566881,3066584,,offcore_response.all_requests.llc_hit.any_response,42210763,100.00,,
     7.915566881,36999,,offcore_response.all_requests.llc_miss.any_response,42210763,100.00,,
     8.015791742,3079905,,offcore_response.all_requests.llc_hit.any_response,42514559,100.00,,
     8.015791742,37353,,offcore_response.all_requests.llc_miss.any_response,42528274,100.00,,
     8.115988652,3084857,,offcore_response.all_requests.llc_hit.any_response,42122438,100.00,,
     8.115988652,37121,,offcore_response.all_requests.llc_miss.any_response,42108723,100.00,,
     8.216181045,3071812,,offcore_response.all_requests.llc_hit.any_response,42529735,100.00,,
     8.216181045,36955,,offcore_response.all_requests.llc_miss.any_response,42553368,100.00,,
     8.316379501,3107877,,offcore_response.all_requests.llc_hit.any_response,43312469,100.00,,
     8.316379501,37261,,offcore_response.all_requests.llc_miss.any_response,43288836,100.00,,
     8.416572297,3078725,,offcore_response.all_requests.llc_hit.any_response,42109482,100.00,,
     8.416572297,36565,,offcore_response.all_requests.llc_miss.any_response,42133651,100.00,,
     8.516772758,3095931,,offcore_response.all_requests.llc_hit.any_response,43200541,100.00,,
     8.516772758,37032,,offcore_response.all_requests.llc_miss.any_response,43199890,100.00,,
     8.616970500,3085808,,offcore_response.all_requests.llc_hit.any_response,42330745,100.00,,
     8.616970500,37481,,offcore_response.all_requests.llc_miss.any_response,42307227,100.00,,
     8.717172745,3081842,,offcore_response.all_requests.llc_hit.any_response,41300499,100.00,,
     8.717172745,36655,,offcore_response.all_requests.llc_miss.any_response,41323778,100.00,,
     8.817391760,3069564,,offcore_response.all_requests.llc_hit.any_response,42655296,100.00,,
     8.817391760,37027,,offcore_response.all_requests.llc_miss.any_response,42632017,100.00,,
     8.917587513,3011545,,offcore_response.all_requests.llc_hit.any_response,40436140,100.00,,
     8.917587513,37025,,offcore_response.all_requests.llc_miss.any_response,40436140,100.00,,
     9.017783580,3154085,,offcore_response.all_requests.llc_hit.any_response,43241749,100.00,,
     9.017783580,37784,,offcore_response.all_requests.llc_miss.any_response,43241749,100.00,,
     9.117980316,3087875,,offcore_response.all_requests.llc_hit.any_response,42383423,100.00,,
     9.117980316,37317,,offcore_response.all_requests.llc_miss.any_response,42407145,100.00,,
     9.218179544,3062867,,offcore_response.all_requests.llc_hit.any_response,42690718,100.00,,
     9.218179544,36643,,offcore_response.all_requests.llc_miss.any_response,42690582,100.00,,
     9.318378355,3107469,,offcore_response.all_requests.llc_hit.any_response,43026630,100.00,,
     9.318378355,37683,,offcore_response.all_requests.llc_miss.any_response,43003044,100.00,,
     9.418586420,3096702,,offcore_response.all_requests.llc_hit.any_response,42736771,100.00,,
     9.418586420,37226,,offcore_response.all_requests.llc_miss.any_response,42756995,100.00,,
     9.518784278,3021424,,offcore_response.all_requests.llc_hit.any_response,42840592,100.00,,
     9.518784278,36923,,offcore_response.all_requests.llc_miss.any_response,42836610,100.00,,
     9.618979858,3096444,,offcore_response.all_requests.llc_hit.any_response,42816598,100.00,,
     9.618979858,37344,,offcore_response.all_requests.llc_miss.any_response,42824271,100.00,,
     9.719179170,3064259,,offcore_response.all_requests.llc_hit.any_response,42378124,100.00,,
     9.719179170,36791,,offcore_response.all_requests.llc_miss.any_response,42377216,100.00,,
     9.819376374,3069231,,offcore_response.all_requests.llc_hit.any_response,41889591,100.00,,
     9.819376374,37116,,offcore_response.all_requests.llc_miss.any_response,41866584,100.00,,
     9.919579909,3077255,,offcore_response.all_requests.llc_hit.any_response,43274120,100.00,,
     9.919579909,37150,,offcore_response.all_requests.llc_miss.any_response,43297569,100.00,,
    10.019792858,3081541,,offcore_response.all_requests.llc_hit.any_response,41878180,100.00,,
    10.019792858,36942,,offcore_response.all_requests.llc_miss.any_response,41874316,100.00,,
    10.119991782,3036163,,offcore_response.all_requests.llc_hit.any_response,42341191,100.00,,
    10.119991782,36957,,offcore_response.all_requests.llc_miss.any_response,42321606,100.00,,
    10.220184649,3080768,,offcore_response.all_requests.llc_hit.any_response,42774072,100.00,,
    10.220184649,37844,,offcore_response.all_requests.llc_miss.any_response,42798405,100.00,,
    10.320383992,3038352,,offcore_response.all_requests.llc_hit.any_response,40850467,100.00,,
    10.320383992,36868,,offcore_response.all_requests.llc_miss.any_response,40843286,100.00,,
    10.420580601,3077086,,offcore_response.all_requests.llc_hit.any_response,42317053,100.00,,
    10.420580601,37580,,offcore_response.all_requests.llc_miss.any_response,42299901,100.00,,
    10.520775882,3082528,,offcore_response.all_requests.llc_hit.any_response,43460150,100.00,,
    10.520775882,37246,,offcore_response.all_requests.llc_miss.any_response,43483694,100.00,,
    10.620978030,3038070,,offcore_response.all_requests.llc_hit.any_response,42355700,100.00,,
    10.620978030,36927,,offcore_response.all_requests.llc_miss.any_response,42332156,100.00,,
    10.721173704,3045649,,offcore_response.all_requests.llc_hit.any_response,42882293,100.00,,
    10.721173704,36959,,offcore_response.all_requests.llc_miss.any_response,42895341,100.00,,
    10.821370507,3114121,,offcore_response.all_requests.llc_hit.any_response,43065582,100.00,,
    10.821370507,37132,,offcore_response.all_requests.llc_miss.any_response,43052534,100.00,,
    10.921565598,3044144,,offcore_response.all_requests.llc_hit.any_response,41846963,100.00,,
    10.921565598,36548,,offcore_response.all_requests.llc_miss.any_response,41870605,100.00,,
    11.021783449,3081714,,offcore_response.all_requests.llc_hit.any_response,41725377,100.00,,
    11.021783449,37312,,offcore_response.all_requests.llc_miss.any_response,41721386,100.00,,
