# started on Tue May  2 14:26:36 2023

     0.100217728,6238914,,offcore_response.all_requests.llc_hit.any_response,53113912,100.00,,
     0.100217728,550,,offcore_response.all_requests.llc_miss.any_response,53094940,100.00,,
     0.200439869,6204191,,offcore_response.all_requests.llc_hit.any_response,52531256,100.00,,
     0.200439869,350,,offcore_response.all_requests.llc_miss.any_response,52552587,100.00,,
     0.300634760,6140779,,offcore_response.all_requests.llc_hit.any_response,52357907,100.00,,
     0.300634760,512,,offcore_response.all_requests.llc_miss.any_response,52360281,100.00,,
     0.400837176,6162412,,offcore_response.all_requests.llc_hit.any_response,52319628,100.00,,
     0.400837176,347,,offcore_response.all_requests.llc_miss.any_response,52318856,100.00,,
     0.501038706,6148436,,offcore_response.all_requests.llc_hit.any_response,52159879,100.00,,
     0.501038706,420,,offcore_response.all_requests.llc_miss.any_response,52157881,100.00,,
     0.601239555,6192647,,offcore_response.all_requests.llc_hit.any_response,52374710,100.00,,
     0.601239555,370,,offcore_response.all_requests.llc_miss.any_response,52376804,100.00,,
     0.701443183,6227605,,offcore_response.all_requests.llc_hit.any_response,53178890,100.00,,
     0.701443183,632,,offcore_response.all_requests.llc_miss.any_response,53155861,100.00,,
     0.801639658,6192056,,offcore_response.all_requests.llc_hit.any_response,52299421,100.00,,
     0.801639658,343,,offcore_response.all_requests.llc_miss.any_response,52299421,100.00,,
     0.901839367,6190934,,offcore_response.all_requests.llc_hit.any_response,52426244,100.00,,
     0.901839367,512,,offcore_response.all_requests.llc_miss.any_response,52426244,100.00,,
     1.002040299,6162398,,offcore_response.all_requests.llc_hit.any_response,52120748,100.00,,
     1.002040299,314,,offcore_response.all_requests.llc_miss.any_response,52120748,100.00,,
     1.102237914,6215634,,offcore_response.all_requests.llc_hit.any_response,52680258,100.00,,
     1.102237914,495,,offcore_response.all_requests.llc_miss.any_response,52680258,100.00,,
     1.202435671,6174673,,offcore_response.all_requests.llc_hit.any_response,52499811,100.00,,
     1.202435671,396,,offcore_response.all_requests.llc_miss.any_response,52519096,100.00,,
     1.302635286,6186006,,offcore_response.all_requests.llc_hit.any_response,52402603,100.00,,
     1.302635286,458,,offcore_response.all_requests.llc_miss.any_response,52393728,100.00,,
     1.402835077,6222192,,offcore_response.all_requests.llc_hit.any_response,52742648,100.00,,
     1.402835077,366,,offcore_response.all_requests.llc_miss.any_response,52732238,100.00,,
     1.503031245,6204250,,offcore_response.all_requests.llc_hit.any_response,52527870,100.00,,
     1.503031245,436,,offcore_response.all_requests.llc_miss.any_response,52551507,100.00,,
     1.603232366,6168031,,offcore_response.all_requests.llc_hit.any_response,52186026,100.00,,
     1.603232366,419,,offcore_response.all_requests.llc_miss.any_response,52185467,100.00,,
     1.703432510,6159240,,offcore_response.all_requests.llc_hit.any_response,52417845,100.00,,
     1.703432510,414,,offcore_response.all_requests.llc_miss.any_response,52418318,100.00,,
     1.803640930,6207538,,offcore_response.all_requests.llc_hit.any_response,52862927,100.00,,
     1.803640930,348,,offcore_response.all_requests.llc_miss.any_response,52839376,100.00,,
     1.903836973,6148440,,offcore_response.all_requests.llc_hit.any_response,52265871,100.00,,
     1.903836973,502,,offcore_response.all_requests.llc_miss.any_response,52289521,100.00,,
     2.004038858,6164799,,offcore_response.all_requests.llc_hit.any_response,52284553,100.00,,
     2.004038858,370,,offcore_response.all_requests.llc_miss.any_response,52260903,100.00,,
     2.104236853,6185049,,offcore_response.all_requests.llc_hit.any_response,52656282,100.00,,
     2.104236853,388,,offcore_response.all_requests.llc_miss.any_response,52656282,100.00,,
     2.204434874,6224882,,offcore_response.all_requests.llc_hit.any_response,53008352,100.00,,
     2.204434874,393,,offcore_response.all_requests.llc_miss.any_response,53031376,100.00,,
     2.304653822,6128393,,offcore_response.all_requests.llc_hit.any_response,52523294,100.00,,
     2.304653822,393,,offcore_response.all_requests.llc_miss.any_response,52500270,100.00,,
     2.404850981,6143561,,offcore_response.all_requests.llc_hit.any_response,52078460,100.00,,
     2.404850981,296,,offcore_response.all_requests.llc_miss.any_response,52078460,100.00,,
     2.505047457,6194992,,offcore_response.all_requests.llc_hit.any_response,52574796,100.00,,
     2.505047457,488,,offcore_response.all_requests.llc_miss.any_response,52574796,100.00,,
     2.605244079,6191387,,offcore_response.all_requests.llc_hit.any_response,52810255,100.00,,
     2.605244079,452,,offcore_response.all_requests.llc_miss.any_response,52818132,100.00,,
     2.705442398,6162666,,offcore_response.all_requests.llc_hit.any_response,52507489,100.00,,
     2.705442398,506,,offcore_response.all_requests.llc_miss.any_response,52523379,100.00,,
     2.805644673,6193748,,offcore_response.all_requests.llc_hit.any_response,52464486,100.00,,
     2.805644673,370,,offcore_response.all_requests.llc_miss.any_response,52440719,100.00,,
     2.905840459,6184851,,offcore_response.all_requests.llc_hit.any_response,52466668,100.00,,
     2.905840459,469,,offcore_response.all_requests.llc_miss.any_response,52466668,100.00,,
     3.006038735,6252739,,offcore_response.all_requests.llc_hit.any_response,52966574,100.00,,
     3.006038735,745,,offcore_response.all_requests.llc_miss.any_response,52989692,100.00,,
     3.106240215,6152911,,offcore_response.all_requests.llc_hit.any_response,52142868,100.00,,
     3.106240215,479,,offcore_response.all_requests.llc_miss.any_response,52143491,100.00,,
     3.206442697,6170681,,offcore_response.all_requests.llc_hit.any_response,52337551,100.00,,
     3.206442697,296,,offcore_response.all_requests.llc_miss.any_response,52336682,100.00,,
     3.306642327,6181558,,offcore_response.all_requests.llc_hit.any_response,52452228,100.00,,
     3.306642327,411,,offcore_response.all_requests.llc_miss.any_response,52429356,100.00,,
     3.406840535,6197643,,offcore_response.all_requests.llc_hit.any_response,52545555,100.00,,
     3.406840535,304,,offcore_response.all_requests.llc_miss.any_response,52545555,100.00,,
     3.507036787,6214434,,offcore_response.all_requests.llc_hit.any_response,52728722,100.00,,
     3.507036787,438,,offcore_response.all_requests.llc_miss.any_response,52728722,100.00,,
     3.607235556,6207375,,offcore_response.all_requests.llc_hit.any_response,52510105,100.00,,
     3.607235556,310,,offcore_response.all_requests.llc_miss.any_response,52510105,100.00,,
     3.707431370,6187915,,offcore_response.all_requests.llc_hit.any_response,52646751,100.00,,
     3.707431370,534,,offcore_response.all_requests.llc_miss.any_response,52670165,100.00,,
     3.807634501,6151288,,offcore_response.all_requests.llc_hit.any_response,52179636,100.00,,
     3.807634501,347,,offcore_response.all_requests.llc_miss.any_response,52179040,100.00,,
     3.907837895,6206581,,offcore_response.all_requests.llc_hit.any_response,52433027,100.00,,
     3.907837895,454,,offcore_response.all_requests.llc_miss.any_response,52433708,100.00,,
     4.008042452,6208790,,offcore_response.all_requests.llc_hit.any_response,52628727,100.00,,
     4.008042452,375,,offcore_response.all_requests.llc_miss.any_response,52605228,100.00,,
     4.108240319,6259431,,offcore_response.all_requests.llc_hit.any_response,52689122,100.00,,
     4.108240319,440,,offcore_response.all_requests.llc_miss.any_response,52689122,100.00,,
     4.208438940,6207983,,offcore_response.all_requests.llc_hit.any_response,52441211,100.00,,
     4.208438940,302,,offcore_response.all_requests.llc_miss.any_response,52464090,100.00,,
     4.308640757,6184976,,offcore_response.all_requests.llc_hit.any_response,52428880,100.00,,
     4.308640757,416,,offcore_response.all_requests.llc_miss.any_response,52429554,100.00,,
     4.408841676,6142378,,offcore_response.all_requests.llc_hit.any_response,52187815,100.00,,
     4.408841676,407,,offcore_response.all_requests.llc_miss.any_response,52186249,100.00,,
     4.509057937,6131470,,offcore_response.all_requests.llc_hit.any_response,52306937,100.00,,
     4.509057937,418,,offcore_response.all_requests.llc_miss.any_response,52284950,100.00,,
     4.609253653,6234088,,offcore_response.all_requests.llc_hit.any_response,52857549,100.00,,
     4.609253653,291,,offcore_response.all_requests.llc_miss.any_response,52857549,100.00,,
     4.709449780,6169790,,offcore_response.all_requests.llc_hit.any_response,52416133,100.00,,
     4.709449780,470,,offcore_response.all_requests.llc_miss.any_response,52439620,100.00,,
     4.809650508,6177912,,offcore_response.all_requests.llc_hit.any_response,52431328,100.00,,
     4.809650508,364,,offcore_response.all_requests.llc_miss.any_response,52430826,100.00,,
     4.909859806,6149260,,offcore_response.all_requests.llc_hit.any_response,52582939,100.00,,
     4.909859806,453,,offcore_response.all_requests.llc_miss.any_response,52559954,100.00,,
     5.010061884,6198201,,offcore_response.all_requests.llc_hit.any_response,52625209,100.00,,
     5.010061884,335,,offcore_response.all_requests.llc_miss.any_response,52625209,100.00,,
     5.110259606,6183224,,offcore_response.all_requests.llc_hit.any_response,52472370,100.00,,
     5.110259606,445,,offcore_response.all_requests.llc_miss.any_response,52495913,100.00,,
     5.210461940,6233795,,offcore_response.all_requests.llc_hit.any_response,52744280,100.00,,
     5.210461940,373,,offcore_response.all_requests.llc_miss.any_response,52720737,100.00,,
     5.310657260,6202056,,offcore_response.all_requests.llc_hit.any_response,52593835,100.00,,
     5.310657260,493,,offcore_response.all_requests.llc_miss.any_response,52617460,100.00,,
     5.410862087,6194188,,offcore_response.all_requests.llc_hit.any_response,52406970,100.00,,
     5.410862087,298,,offcore_response.all_requests.llc_miss.any_response,52394265,100.00,,
     5.511064379,6169364,,offcore_response.all_requests.llc_hit.any_response,52255429,100.00,,
     5.511064379,466,,offcore_response.all_requests.llc_miss.any_response,52266055,100.00,,
     5.611264929,6187944,,offcore_response.all_requests.llc_hit.any_response,52326354,100.00,,
     5.611264929,234,,offcore_response.all_requests.llc_miss.any_response,52329567,100.00,,
     5.711466306,6175927,,offcore_response.all_requests.llc_hit.any_response,52628070,100.00,,
     5.711466306,436,,offcore_response.all_requests.llc_miss.any_response,52603311,100.00,,
     5.811664274,6197136,,offcore_response.all_requests.llc_hit.any_response,52539278,100.00,,
     5.811664274,309,,offcore_response.all_requests.llc_miss.any_response,52539278,100.00,,
     5.911861508,6204544,,offcore_response.all_requests.llc_hit.any_response,52659746,100.00,,
     5.911861508,487,,offcore_response.all_requests.llc_miss.any_response,52659746,100.00,,
     6.012060321,6185327,,offcore_response.all_requests.llc_hit.any_response,52851044,100.00,,
     6.012060321,395,,offcore_response.all_requests.llc_miss.any_response,52874170,100.00,,
     6.112260963,6141851,,offcore_response.all_requests.llc_hit.any_response,52501727,100.00,,
     6.112260963,1827,,offcore_response.all_requests.llc_miss.any_response,52478601,100.00,,
     6.212457861,6233074,,offcore_response.all_requests.llc_hit.any_response,52690686,100.00,,
     6.212457861,607,,offcore_response.all_requests.llc_miss.any_response,52690686,100.00,,
     6.312653658,6233248,,offcore_response.all_requests.llc_hit.any_response,52797325,100.00,,
     6.312653658,578,,offcore_response.all_requests.llc_miss.any_response,52797325,100.00,,
     6.412851008,6204086,,offcore_response.all_requests.llc_hit.any_response,52455141,100.00,,
     6.412851008,274,,offcore_response.all_requests.llc_miss.any_response,52455141,100.00,,
     6.513047694,6171352,,offcore_response.all_requests.llc_hit.any_response,52281409,100.00,,
     6.513047694,345,,offcore_response.all_requests.llc_miss.any_response,52305234,100.00,,
     6.613251221,6218594,,offcore_response.all_requests.llc_hit.any_response,52707558,100.00,,
     6.613251221,366,,offcore_response.all_requests.llc_miss.any_response,52683733,100.00,,
     6.713471709,6244842,,offcore_response.all_requests.llc_hit.any_response,52861683,100.00,,
     6.713471709,338,,offcore_response.all_requests.llc_miss.any_response,52887653,100.00,,
     6.813678868,6215010,,offcore_response.all_requests.llc_hit.any_response,52441329,100.00,,
     6.813678868,314,,offcore_response.all_requests.llc_miss.any_response,52437450,100.00,,
     6.913882867,6188440,,offcore_response.all_requests.llc_hit.any_response,52504712,100.00,,
     6.913882867,393,,offcore_response.all_requests.llc_miss.any_response,52506147,100.00,,
     7.014084745,6189309,,offcore_response.all_requests.llc_hit.any_response,52571478,100.00,,
     7.014084745,465,,offcore_response.all_requests.llc_miss.any_response,52569741,100.00,,
     7.114288300,6149375,,offcore_response.all_requests.llc_hit.any_response,52369613,100.00,,
     7.114288300,472,,offcore_response.all_requests.llc_miss.any_response,52371549,100.00,,
     7.214492726,6174188,,offcore_response.all_requests.llc_hit.any_response,52576205,100.00,,
     7.214492726,325,,offcore_response.all_requests.llc_miss.any_response,52552480,100.00,,
     7.314691517,6220827,,offcore_response.all_requests.llc_hit.any_response,52983796,100.00,,
     7.314691517,368,,offcore_response.all_requests.llc_miss.any_response,52983796,100.00,,
     7.414889669,6189573,,offcore_response.all_requests.llc_hit.any_response,52660930,100.00,,
     7.414889669,321,,offcore_response.all_requests.llc_miss.any_response,52672084,100.00,,
     7.515089859,6169712,,offcore_response.all_requests.llc_hit.any_response,52579248,100.00,,
     7.515089859,543,,offcore_response.all_requests.llc_miss.any_response,52568094,100.00,,
     7.615286497,6169138,,offcore_response.all_requests.llc_hit.any_response,52405030,100.00,,
     7.615286497,375,,offcore_response.all_requests.llc_miss.any_response,52428194,100.00,,
     7.715487997,6173070,,offcore_response.all_requests.llc_hit.any_response,52381456,100.00,,
     7.715487997,517,,offcore_response.all_requests.llc_miss.any_response,52367520,100.00,,
     7.815691168,6160207,,offcore_response.all_requests.llc_hit.any_response,52279446,100.00,,
     7.815691168,318,,offcore_response.all_requests.llc_miss.any_response,52293209,100.00,,
     7.915890853,6191265,,offcore_response.all_requests.llc_hit.any_response,52472120,100.00,,
     7.915890853,507,,offcore_response.all_requests.llc_miss.any_response,52472770,100.00,,
     8.016091822,6226269,,offcore_response.all_requests.llc_hit.any_response,53110050,100.00,,
     8.016091822,521,,offcore_response.all_requests.llc_miss.any_response,53109711,100.00,,
     8.116294239,6165515,,offcore_response.all_requests.llc_hit.any_response,52373861,100.00,,
     8.116294239,356,,offcore_response.all_requests.llc_miss.any_response,52350559,100.00,,
     8.216491066,6247978,,offcore_response.all_requests.llc_hit.any_response,52907520,100.00,,
     8.216491066,390,,offcore_response.all_requests.llc_miss.any_response,52907520,100.00,,
     8.316687153,6181586,,offcore_response.all_requests.llc_hit.any_response,52366986,100.00,,
     8.316687153,505,,offcore_response.all_requests.llc_miss.any_response,52366986,100.00,,
     8.416885365,6207915,,offcore_response.all_requests.llc_hit.any_response,52332195,100.00,,
     8.416885365,433,,offcore_response.all_requests.llc_miss.any_response,52332195,100.00,,
     8.517081305,6197210,,offcore_response.all_requests.llc_hit.any_response,52437411,100.00,,
     8.517081305,548,,offcore_response.all_requests.llc_miss.any_response,52437411,100.00,,
     8.617278689,6188318,,offcore_response.all_requests.llc_hit.any_response,52422069,100.00,,
     8.617278689,331,,offcore_response.all_requests.llc_miss.any_response,52444882,100.00,,
     8.717478388,6124044,,offcore_response.all_requests.llc_hit.any_response,51844588,100.00,,
     8.717478388,450,,offcore_response.all_requests.llc_miss.any_response,51845169,100.00,,
     8.817678835,6163638,,offcore_response.all_requests.llc_hit.any_response,52211665,100.00,,
     8.817678835,272,,offcore_response.all_requests.llc_miss.any_response,52188271,100.00,,
     8.917892964,6181916,,offcore_response.all_requests.llc_hit.any_response,52363231,100.00,,
     8.917892964,417,,offcore_response.all_requests.llc_miss.any_response,52363231,100.00,,
     9.018090207,6210913,,offcore_response.all_requests.llc_hit.any_response,52398649,100.00,,
     9.018090207,320,,offcore_response.all_requests.llc_miss.any_response,52398649,100.00,,
     9.118288440,6182953,,offcore_response.all_requests.llc_hit.any_response,52224222,100.00,,
     9.118288440,451,,offcore_response.all_requests.llc_miss.any_response,52247903,100.00,,
     9.218489131,6234736,,offcore_response.all_requests.llc_hit.any_response,52718993,100.00,,
     9.218489131,363,,offcore_response.all_requests.llc_miss.any_response,52695312,100.00,,
     9.318685048,6210850,,offcore_response.all_requests.llc_hit.any_response,52556320,100.00,,
     9.318685048,481,,offcore_response.all_requests.llc_miss.any_response,52579814,100.00,,
     9.418885809,6193949,,offcore_response.all_requests.llc_hit.any_response,52543507,100.00,,
     9.418885809,316,,offcore_response.all_requests.llc_miss.any_response,52542825,100.00,,
     9.519086941,6174422,,offcore_response.all_requests.llc_hit.any_response,52146103,100.00,,
     9.519086941,457,,offcore_response.all_requests.llc_miss.any_response,52146824,100.00,,
     9.619287248,6229593,,offcore_response.all_requests.llc_hit.any_response,52734320,100.00,,
     9.619287248,278,,offcore_response.all_requests.llc_miss.any_response,52710787,100.00,,
     9.719483229,6190706,,offcore_response.all_requests.llc_hit.any_response,52507616,100.00,,
     9.719483229,523,,offcore_response.all_requests.llc_miss.any_response,52507616,100.00,,
     9.819682757,6134963,,offcore_response.all_requests.llc_hit.any_response,51800012,100.00,,
     9.819682757,252,,offcore_response.all_requests.llc_miss.any_response,51800012,100.00,,
     9.919878641,6222086,,offcore_response.all_requests.llc_hit.any_response,52551149,100.00,,
     9.919878641,453,,offcore_response.all_requests.llc_miss.any_response,52551149,100.00,,
    10.020079419,6168832,,offcore_response.all_requests.llc_hit.any_response,52483225,100.00,,
    10.020079419,352,,offcore_response.all_requests.llc_miss.any_response,52506262,100.00,,
    10.120287427,6234082,,offcore_response.all_requests.llc_hit.any_response,52741944,100.00,,
    10.120287427,425,,offcore_response.all_requests.llc_miss.any_response,52718907,100.00,,
    10.220486531,6213115,,offcore_response.all_requests.llc_hit.any_response,52866908,100.00,,
    10.220486531,378,,offcore_response.all_requests.llc_miss.any_response,52866908,100.00,,
    10.320684685,6197063,,offcore_response.all_requests.llc_hit.any_response,52527285,100.00,,
    10.320684685,412,,offcore_response.all_requests.llc_miss.any_response,52538172,100.00,,
    10.420887148,6171460,,offcore_response.all_requests.llc_hit.any_response,52212243,100.00,,
    10.420887148,394,,offcore_response.all_requests.llc_miss.any_response,52221689,100.00,,
    10.521084438,6202155,,offcore_response.all_requests.llc_hit.any_response,52438721,100.00,,
    10.521084438,367,,offcore_response.all_requests.llc_miss.any_response,52418388,100.00,,
    10.621282052,6233583,,offcore_response.all_requests.llc_hit.any_response,52876071,100.00,,
    10.621282052,339,,offcore_response.all_requests.llc_miss.any_response,52898897,100.00,,
    10.721481624,6164103,,offcore_response.all_requests.llc_hit.any_response,52515321,100.00,,
    10.721481624,570,,offcore_response.all_requests.llc_miss.any_response,52516183,100.00,,
    10.821684654,6126796,,offcore_response.all_requests.llc_hit.any_response,51997144,100.00,,
    10.821684654,329,,offcore_response.all_requests.llc_miss.any_response,51996336,100.00,,
    10.921884562,6220645,,offcore_response.all_requests.llc_hit.any_response,52837841,100.00,,
    10.921884562,451,,offcore_response.all_requests.llc_miss.any_response,52814961,100.00,,
    11.022081506,6161705,,offcore_response.all_requests.llc_hit.any_response,52384015,100.00,,
    11.022081506,372,,offcore_response.all_requests.llc_miss.any_response,52391775,100.00,,
