# started on Tue May  2 14:24:37 2023

     0.100148807,61119200,,inst_retired.any,51677130,100.00,141.3,IpMispredict
     0.100148807,432621,,br_misp_retired.all_branches,51677130,100.00,,
     0.200343037,61480475,,inst_retired.any,52042071,100.00,141.4,IpMispredict
     0.200343037,437022,,br_misp_retired.all_branches,52042071,100.00,,
     0.300501908,61505875,,inst_retired.any,52226352,100.00,141.5,IpMispredict
     0.300501908,434771,,br_misp_retired.all_branches,52226352,100.00,,
     0.400682644,61483644,,inst_retired.any,51801494,100.00,141.4,IpMispredict
     0.400682644,435219,,br_misp_retired.all_branches,51801494,100.00,,
     0.500875373,61385238,,inst_retired.any,52166277,100.00,141.1,IpMispredict
     0.500875373,435925,,br_misp_retired.all_branches,52166277,100.00,,
     0.601063448,61700615,,inst_retired.any,52214182,100.00,141.7,IpMispredict
     0.601063448,436476,,br_misp_retired.all_branches,52214182,100.00,,
     0.701268654,61608850,,inst_retired.any,52265509,100.00,141.4,IpMispredict
     0.701268654,437531,,br_misp_retired.all_branches,52265509,100.00,,
     0.801470798,61564986,,inst_retired.any,52146855,100.00,141.2,IpMispredict
     0.801470798,439416,,br_misp_retired.all_branches,52146855,100.00,,
     0.901668036,61723607,,inst_retired.any,52176142,100.00,141.4,IpMispredict
     0.901668036,438941,,br_misp_retired.all_branches,52176142,100.00,,
     1.001868414,60988267,,inst_retired.any,51459942,100.00,139.8,IpMispredict
     1.001868414,433116,,br_misp_retired.all_branches,51459942,100.00,,
     1.102069571,61793695,,inst_retired.any,52312878,100.00,141.6,IpMispredict
     1.102069571,439682,,br_misp_retired.all_branches,52312878,100.00,,
     1.202266678,61767043,,inst_retired.any,52220100,100.00,141.5,IpMispredict
     1.202266678,439041,,br_misp_retired.all_branches,52220100,100.00,,
     1.302463097,61212866,,inst_retired.any,51841523,100.00,140.2,IpMispredict
     1.302463097,435794,,br_misp_retired.all_branches,51841523,100.00,,
     1.402657845,61515021,,inst_retired.any,52093946,100.00,140.9,IpMispredict
     1.402657845,437227,,br_misp_retired.all_branches,52093946,100.00,,
     1.502851551,61341400,,inst_retired.any,52168023,100.00,140.4,IpMispredict
     1.502851551,439899,,br_misp_retired.all_branches,52168023,100.00,,
     1.603044816,61420531,,inst_retired.any,52016837,100.00,140.6,IpMispredict
     1.603044816,437493,,br_misp_retired.all_branches,52016837,100.00,,
     1.703237981,61580251,,inst_retired.any,52247263,100.00,140.9,IpMispredict
     1.703237981,439228,,br_misp_retired.all_branches,52247263,100.00,,
     1.803433393,61566894,,inst_retired.any,52131581,100.00,140.9,IpMispredict
     1.803433393,433680,,br_misp_retired.all_branches,52131581,100.00,,
     1.903629274,61705605,,inst_retired.any,52368125,100.00,141.3,IpMispredict
     1.903629274,436083,,br_misp_retired.all_branches,52368125,100.00,,
     2.003872789,61699212,,inst_retired.any,52381499,100.00,141.3,IpMispredict
     2.003872789,436022,,br_misp_retired.all_branches,52381499,100.00,,
     2.104067621,61712161,,inst_retired.any,52335880,100.00,141.3,IpMispredict
     2.104067621,437105,,br_misp_retired.all_branches,52335880,100.00,,
     2.204263144,62004144,,inst_retired.any,52177331,100.00,141.9,IpMispredict
     2.204263144,439080,,br_misp_retired.all_branches,52177331,100.00,,
     2.304461681,61315496,,inst_retired.any,52147326,100.00,140.3,IpMispredict
     2.304461681,439298,,br_misp_retired.all_branches,52147326,100.00,,
     2.404659760,61329896,,inst_retired.any,52069810,100.00,140.3,IpMispredict
     2.404659760,437302,,br_misp_retired.all_branches,52069810,100.00,,
     2.504858542,61588960,,inst_retired.any,52362976,100.00,140.9,IpMispredict
     2.504858542,439213,,br_misp_retired.all_branches,52362976,100.00,,
     2.605055177,61239675,,inst_retired.any,52180310,100.00,140.1,IpMispredict
     2.605055177,434291,,br_misp_retired.all_branches,52180310,100.00,,
     2.705252558,61595456,,inst_retired.any,52332324,100.00,141.0,IpMispredict
     2.705252558,433713,,br_misp_retired.all_branches,52332324,100.00,,
     2.805464239,61200703,,inst_retired.any,52581292,100.00,140.1,IpMispredict
     2.805464239,432534,,br_misp_retired.all_branches,52581292,100.00,,
     2.905657170,62035114,,inst_retired.any,52661911,100.00,142.0,IpMispredict
     2.905657170,440948,,br_misp_retired.all_branches,52661911,100.00,,
     3.005847367,60991081,,inst_retired.any,51958403,100.00,139.7,IpMispredict
     3.005847367,433140,,br_misp_retired.all_branches,51958403,100.00,,
     3.106040338,61717867,,inst_retired.any,52513278,100.00,141.3,IpMispredict
     3.106040338,438636,,br_misp_retired.all_branches,52513278,100.00,,
     3.206231879,61108102,,inst_retired.any,52144280,100.00,139.9,IpMispredict
     3.206231879,434406,,br_misp_retired.all_branches,52144280,100.00,,
     3.306425938,61766385,,inst_retired.any,52386190,100.00,141.4,IpMispredict
     3.306425938,437061,,br_misp_retired.all_branches,52386190,100.00,,
     3.406616089,61506887,,inst_retired.any,52070101,100.00,140.8,IpMispredict
     3.406616089,437276,,br_misp_retired.all_branches,52070101,100.00,,
     3.506807918,61495124,,inst_retired.any,52319634,100.00,140.8,IpMispredict
     3.506807918,435452,,br_misp_retired.all_branches,52319634,100.00,,
     3.606997944,61569951,,inst_retired.any,52271875,100.00,141.0,IpMispredict
     3.606997944,437036,,br_misp_retired.all_branches,52271875,100.00,,
     3.707189007,61651432,,inst_retired.any,52493078,100.00,141.2,IpMispredict
     3.707189007,437143,,br_misp_retired.all_branches,52493078,100.00,,
     3.807380137,61284646,,inst_retired.any,51986952,100.00,140.4,IpMispredict
     3.807380137,432000,,br_misp_retired.all_branches,51986952,100.00,,
     3.907574011,61442708,,inst_retired.any,52209957,100.00,140.7,IpMispredict
     3.907574011,436288,,br_misp_retired.all_branches,52209957,100.00,,
     4.007737582,61727084,,inst_retired.any,52585736,100.00,141.4,IpMispredict
     4.007737582,436894,,br_misp_retired.all_branches,52585736,100.00,,
     4.107890648,61451934,,inst_retired.any,52208273,100.00,140.8,IpMispredict
     4.107890648,436178,,br_misp_retired.all_branches,52208273,100.00,,
     4.208087494,61038197,,inst_retired.any,51663123,100.00,139.8,IpMispredict
     4.208087494,433097,,br_misp_retired.all_branches,51663123,100.00,,
     4.308271948,61486546,,inst_retired.any,52285578,100.00,140.9,IpMispredict
     4.308271948,436445,,br_misp_retired.all_branches,52285578,100.00,,
     4.408466566,61942432,,inst_retired.any,52627740,100.00,141.9,IpMispredict
     4.408466566,440639,,br_misp_retired.all_branches,52627740,100.00,,
     4.508657525,61171822,,inst_retired.any,52122690,100.00,140.1,IpMispredict
     4.508657525,433802,,br_misp_retired.all_branches,52122690,100.00,,
     4.608851995,61651172,,inst_retired.any,52361576,100.00,141.2,IpMispredict
     4.608851995,437384,,br_misp_retired.all_branches,52361576,100.00,,
     4.709041662,61648048,,inst_retired.any,52381580,100.00,141.2,IpMispredict
     4.709041662,435730,,br_misp_retired.all_branches,52381580,100.00,,
     4.809238348,61389914,,inst_retired.any,51980445,100.00,140.6,IpMispredict
     4.809238348,434213,,br_misp_retired.all_branches,51980445,100.00,,
     4.909435415,61329929,,inst_retired.any,52372652,100.00,140.5,IpMispredict
     4.909435415,435792,,br_misp_retired.all_branches,52372652,100.00,,
     5.009633905,61916443,,inst_retired.any,52664565,100.00,141.9,IpMispredict
     5.009633905,436549,,br_misp_retired.all_branches,52664565,100.00,,
     5.109824423,61513203,,inst_retired.any,52220634,100.00,140.9,IpMispredict
     5.109824423,435442,,br_misp_retired.all_branches,52220634,100.00,,
     5.210016449,61535614,,inst_retired.any,52179380,100.00,141.0,IpMispredict
     5.210016449,431449,,br_misp_retired.all_branches,52179380,100.00,,
     5.310205801,61553267,,inst_retired.any,52471691,100.00,141.1,IpMispredict
     5.310205801,433525,,br_misp_retired.all_branches,52471691,100.00,,
     5.410405363,60983525,,inst_retired.any,51914493,100.00,139.8,IpMispredict
     5.410405363,431493,,br_misp_retired.all_branches,51914493,100.00,,
     5.510627418,61678816,,inst_retired.any,52384252,100.00,141.4,IpMispredict
     5.510627418,436238,,br_misp_retired.all_branches,52384252,100.00,,
     5.610817255,61299840,,inst_retired.any,52240425,100.00,140.5,IpMispredict
     5.610817255,434977,,br_misp_retired.all_branches,52240425,100.00,,
     5.711012050,61825917,,inst_retired.any,52642558,100.00,141.7,IpMispredict
     5.711012050,438178,,br_misp_retired.all_branches,52642558,100.00,,
     5.811208485,61351695,,inst_retired.any,52025513,100.00,140.7,IpMispredict
     5.811208485,432833,,br_misp_retired.all_branches,52025513,100.00,,
     5.911403390,61635290,,inst_retired.any,52299975,100.00,141.3,IpMispredict
     5.911403390,435949,,br_misp_retired.all_branches,52299975,100.00,,
     6.011594927,61382872,,inst_retired.any,52091617,100.00,140.7,IpMispredict
     6.011594927,435053,,br_misp_retired.all_branches,52091617,100.00,,
     6.111750268,61121034,,inst_retired.any,51945031,100.00,140.2,IpMispredict
     6.111750268,433356,,br_misp_retired.all_branches,51945031,100.00,,
     6.211956335,61569738,,inst_retired.any,52226513,100.00,141.2,IpMispredict
     6.211956335,434601,,br_misp_retired.all_branches,52226513,100.00,,
     6.312148678,61452786,,inst_retired.any,52145979,100.00,140.9,IpMispredict
     6.312148678,433829,,br_misp_retired.all_branches,52145979,100.00,,
     6.412344077,61552856,,inst_retired.any,52317180,100.00,141.2,IpMispredict
     6.412344077,435428,,br_misp_retired.all_branches,52317180,100.00,,
     6.512537983,61944873,,inst_retired.any,52860162,100.00,142.0,IpMispredict
     6.512537983,442140,,br_misp_retired.all_branches,52860162,100.00,,
     6.612731486,61315941,,inst_retired.any,51956983,100.00,140.6,IpMispredict
     6.612731486,431818,,br_misp_retired.all_branches,51956983,100.00,,
     6.712924209,61480391,,inst_retired.any,52189020,100.00,141.0,IpMispredict
     6.712924209,435271,,br_misp_retired.all_branches,52189020,100.00,,
     6.813118359,61513204,,inst_retired.any,52093468,100.00,141.1,IpMispredict
     6.813118359,433570,,br_misp_retired.all_branches,52093468,100.00,,
     6.913315374,61272161,,inst_retired.any,52236795,100.00,140.5,IpMispredict
     6.913315374,437464,,br_misp_retired.all_branches,52236795,100.00,,
     7.013512929,61446860,,inst_retired.any,52188122,100.00,140.9,IpMispredict
     7.013512929,435519,,br_misp_retired.all_branches,52188122,100.00,,
     7.113708700,62049913,,inst_retired.any,52761540,100.00,142.3,IpMispredict
     7.113708700,440520,,br_misp_retired.all_branches,52761540,100.00,,
     7.213908306,61713359,,inst_retired.any,52553839,100.00,141.5,IpMispredict
     7.213908306,438823,,br_misp_retired.all_branches,52553839,100.00,,
     7.314103362,61267700,,inst_retired.any,52195592,100.00,140.5,IpMispredict
     7.314103362,437478,,br_misp_retired.all_branches,52195592,100.00,,
     7.414300057,61403757,,inst_retired.any,52114142,100.00,140.8,IpMispredict
     7.414300057,435497,,br_misp_retired.all_branches,52114142,100.00,,
     7.514498357,61880199,,inst_retired.any,52854449,100.00,141.9,IpMispredict
     7.514498357,443259,,br_misp_retired.all_branches,52854449,100.00,,
     7.614702606,61597252,,inst_retired.any,52221231,100.00,141.2,IpMispredict
     7.614702606,438334,,br_misp_retired.all_branches,52221231,100.00,,
     7.714900212,61418458,,inst_retired.any,52091280,100.00,140.8,IpMispredict
     7.714900212,439150,,br_misp_retired.all_branches,52091280,100.00,,
     7.815094876,61699399,,inst_retired.any,52565633,100.00,141.4,IpMispredict
     7.815094876,439499,,br_misp_retired.all_branches,52565633,100.00,,
     7.915290145,61139497,,inst_retired.any,52131776,100.00,140.1,IpMispredict
     7.915290145,436179,,br_misp_retired.all_branches,52131776,100.00,,
     8.015487188,61365648,,inst_retired.any,52224057,100.00,140.6,IpMispredict
     8.015487188,437081,,br_misp_retired.all_branches,52224057,100.00,,
     8.115706945,61302215,,inst_retired.any,52188634,100.00,140.5,IpMispredict
     8.115706945,437216,,br_misp_retired.all_branches,52188634,100.00,,
     8.215906400,61791613,,inst_retired.any,52595759,100.00,141.6,IpMispredict
     8.215906400,436963,,br_misp_retired.all_branches,52595759,100.00,,
     8.316123481,61664024,,inst_retired.any,52377188,100.00,141.3,IpMispredict
     8.316123481,439753,,br_misp_retired.all_branches,52377188,100.00,,
     8.416320376,61042650,,inst_retired.any,51751768,100.00,139.9,IpMispredict
     8.416320376,433850,,br_misp_retired.all_branches,51751768,100.00,,
     8.516515535,61537983,,inst_retired.any,52161430,100.00,141.0,IpMispredict
     8.516515535,438910,,br_misp_retired.all_branches,52161430,100.00,,
     8.616711643,62101772,,inst_retired.any,52804573,100.00,142.3,IpMispredict
     8.616711643,440177,,br_misp_retired.all_branches,52804573,100.00,,
     8.716906929,61082696,,inst_retired.any,52323229,100.00,140.0,IpMispredict
     8.716906929,434062,,br_misp_retired.all_branches,52323229,100.00,,
     8.817103608,61621603,,inst_retired.any,52323376,100.00,141.2,IpMispredict
     8.817103608,436454,,br_misp_retired.all_branches,52323376,100.00,,
     8.917296800,61706343,,inst_retired.any,52426744,100.00,141.4,IpMispredict
     8.917296800,439252,,br_misp_retired.all_branches,52426744,100.00,,
     9.017490706,61440775,,inst_retired.any,52068217,100.00,140.8,IpMispredict
     9.017490706,437166,,br_misp_retired.all_branches,52068217,100.00,,
     9.117684181,61502726,,inst_retired.any,52426674,100.00,140.9,IpMispredict
     9.117684181,436789,,br_misp_retired.all_branches,52426674,100.00,,
     9.217882397,61786202,,inst_retired.any,52606976,100.00,141.6,IpMispredict
     9.217882397,439189,,br_misp_retired.all_branches,52606976,100.00,,
     9.318077532,61356318,,inst_retired.any,52098052,100.00,140.6,IpMispredict
     9.318077532,435728,,br_misp_retired.all_branches,52098052,100.00,,
     9.418276325,61770332,,inst_retired.any,52450193,100.00,141.5,IpMispredict
     9.418276325,432712,,br_misp_retired.all_branches,52450193,100.00,,
     9.518469066,61715837,,inst_retired.any,52391051,100.00,141.4,IpMispredict
     9.518469066,441777,,br_misp_retired.all_branches,52391051,100.00,,
     9.618662938,61016458,,inst_retired.any,51943181,100.00,139.8,IpMispredict
     9.618662938,435957,,br_misp_retired.all_branches,51943181,100.00,,
     9.718857252,61624006,,inst_retired.any,52429207,100.00,141.2,IpMispredict
     9.718857252,437158,,br_misp_retired.all_branches,52429207,100.00,,
     9.819050529,61462590,,inst_retired.any,52301977,100.00,140.8,IpMispredict
     9.819050529,437777,,br_misp_retired.all_branches,52301977,100.00,,
     9.919246300,61696481,,inst_retired.any,52329085,100.00,141.3,IpMispredict
     9.919246300,440509,,br_misp_retired.all_branches,52329085,100.00,,
    10.019443583,61959635,,inst_retired.any,52754116,100.00,141.9,IpMispredict
    10.019443583,441313,,br_misp_retired.all_branches,52754116,100.00,,
    10.119644210,61393100,,inst_retired.any,52183080,100.00,140.6,IpMispredict
    10.119644210,436326,,br_misp_retired.all_branches,52183080,100.00,,
    10.219890246,61297607,,inst_retired.any,52131969,100.00,140.4,IpMispredict
    10.219890246,435579,,br_misp_retired.all_branches,52131969,100.00,,
    10.320089722,61475770,,inst_retired.any,52312643,100.00,140.8,IpMispredict
    10.320089722,437919,,br_misp_retired.all_branches,52312643,100.00,,
    10.420282779,61841630,,inst_retired.any,52722471,100.00,141.6,IpMispredict
    10.420282779,439732,,br_misp_retired.all_branches,52722471,100.00,,
    10.520479544,61346049,,inst_retired.any,52184755,100.00,140.5,IpMispredict
    10.520479544,433306,,br_misp_retired.all_branches,52184755,100.00,,
    10.620677207,61371788,,inst_retired.any,52678782,100.00,140.6,IpMispredict
    10.620677207,437273,,br_misp_retired.all_branches,52678782,100.00,,
    10.720875656,61604558,,inst_retired.any,52337985,100.00,141.1,IpMispredict
    10.720875656,439484,,br_misp_retired.all_branches,52337985,100.00,,
    10.821072656,61454261,,inst_retired.any,52237682,100.00,140.7,IpMispredict
    10.821072656,436192,,br_misp_retired.all_branches,52237682,100.00,,
    10.921267410,61374715,,inst_retired.any,52423723,100.00,140.6,IpMispredict
    10.921267410,437410,,br_misp_retired.all_branches,52423723,100.00,,
    11.021485576,61579666,,inst_retired.any,52793277,100.00,141.0,IpMispredict
    11.021485576,437325,,br_misp_retired.all_branches,52793277,100.00,,
