# started on Tue May  2 14:26:50 2023

     0.100216082,9247209,,offcore_response.all_requests.llc_hit.any_response,78715148,100.00,,
     0.100216082,719,,offcore_response.all_requests.llc_miss.any_response,78693811,100.00,,
     0.200444377,9302932,,offcore_response.all_requests.llc_hit.any_response,79118575,100.00,,
     0.200444377,559,,offcore_response.all_requests.llc_miss.any_response,79121017,100.00,,
     0.300659435,9175075,,offcore_response.all_requests.llc_hit.any_response,78003737,100.00,,
     0.300659435,586,,offcore_response.all_requests.llc_miss.any_response,77994213,100.00,,
     0.400859097,9278201,,offcore_response.all_requests.llc_hit.any_response,79003133,100.00,,
     0.400859097,792,,offcore_response.all_requests.llc_miss.any_response,79011949,100.00,,
     0.501059675,9092198,,offcore_response.all_requests.llc_hit.any_response,77870204,100.00,,
     0.501059675,513,,offcore_response.all_requests.llc_miss.any_response,77869577,100.00,,
     0.601261348,9177846,,offcore_response.all_requests.llc_hit.any_response,78757857,100.00,,
     0.601261348,645,,offcore_response.all_requests.llc_miss.any_response,78758439,100.00,,
     0.701462467,9051092,,offcore_response.all_requests.llc_hit.any_response,77813590,100.00,,
     0.701462467,509,,offcore_response.all_requests.llc_miss.any_response,77798440,100.00,,
     0.801663582,5859624,,offcore_response.all_requests.llc_hit.any_response,50010825,100.00,,
     0.801663582,569,,offcore_response.all_requests.llc_miss.any_response,50002189,100.00,,
     0.901866120,2377582,,offcore_response.all_requests.llc_hit.any_response,24650011,100.00,,
     0.901866120,422,,offcore_response.all_requests.llc_miss.any_response,24675600,100.00,,
     1.002071002,9909625,,offcore_response.all_requests.llc_hit.any_response,83463253,100.00,,
     1.002071002,542,,offcore_response.all_requests.llc_miss.any_response,83454923,100.00,,
     1.102268392,9920668,,offcore_response.all_requests.llc_hit.any_response,83525862,100.00,,
     1.102268392,624,,offcore_response.all_requests.llc_miss.any_response,83532240,100.00,,
     1.202468291,9857141,,offcore_response.all_requests.llc_hit.any_response,83312760,100.00,,
     1.202468291,576,,offcore_response.all_requests.llc_miss.any_response,83312090,100.00,,
     1.302668858,9846329,,offcore_response.all_requests.llc_hit.any_response,83472889,100.00,,
     1.302668858,674,,offcore_response.all_requests.llc_miss.any_response,83466214,100.00,,
     1.402868286,9824244,,offcore_response.all_requests.llc_hit.any_response,83379331,100.00,,
     1.402868286,585,,offcore_response.all_requests.llc_miss.any_response,83385979,100.00,,
     1.503066051,9828234,,offcore_response.all_requests.llc_hit.any_response,83271649,100.00,,
     1.503066051,696,,offcore_response.all_requests.llc_miss.any_response,83272283,100.00,,
     1.603266925,9763517,,offcore_response.all_requests.llc_hit.any_response,83024099,100.00,,
     1.603266925,542,,offcore_response.all_requests.llc_miss.any_response,83016498,100.00,,
     1.703465061,9761505,,offcore_response.all_requests.llc_hit.any_response,83043494,100.00,,
     1.703465061,775,,offcore_response.all_requests.llc_miss.any_response,83036870,100.00,,
     1.803671559,9785196,,offcore_response.all_requests.llc_hit.any_response,83019756,100.00,,
     1.803671559,671,,offcore_response.all_requests.llc_miss.any_response,83065874,100.00,,
     1.903907769,5358509,,offcore_response.all_requests.llc_hit.any_response,46163284,100.00,,
     1.903907769,593,,offcore_response.all_requests.llc_miss.any_response,46107817,100.00,,
     2.004107494,2617705,,offcore_response.all_requests.llc_hit.any_response,26672716,100.00,,
     2.004107494,376,,offcore_response.all_requests.llc_miss.any_response,26698441,100.00,,
     2.104311924,9861271,,offcore_response.all_requests.llc_hit.any_response,83274631,100.00,,
     2.104311924,674,,offcore_response.all_requests.llc_miss.any_response,83271914,100.00,,
     2.204511957,9869646,,offcore_response.all_requests.llc_hit.any_response,83435666,100.00,,
     2.204511957,692,,offcore_response.all_requests.llc_miss.any_response,83421857,100.00,,
     2.304733984,9848272,,offcore_response.all_requests.llc_hit.any_response,83276306,100.00,,
     2.304733984,543,,offcore_response.all_requests.llc_miss.any_response,83284907,100.00,,
     2.404930782,9857772,,offcore_response.all_requests.llc_hit.any_response,83447134,100.00,,
     2.404930782,660,,offcore_response.all_requests.llc_miss.any_response,83452968,100.00,,
     2.505131464,9827391,,offcore_response.all_requests.llc_hit.any_response,83309215,100.00,,
     2.505131464,599,,offcore_response.all_requests.llc_miss.any_response,83308564,100.00,,
     2.605329080,9726758,,offcore_response.all_requests.llc_hit.any_response,83170543,100.00,,
     2.605329080,623,,offcore_response.all_requests.llc_miss.any_response,83171172,100.00,,
     2.705529495,9475037,,offcore_response.all_requests.llc_hit.any_response,80905586,100.00,,
     2.705529495,785,,offcore_response.all_requests.llc_miss.any_response,80901847,100.00,,
     2.805731135,9825822,,offcore_response.all_requests.llc_hit.any_response,83353136,100.00,,
     2.805731135,577,,offcore_response.all_requests.llc_miss.any_response,83342061,100.00,,
     2.905932427,5268369,,offcore_response.all_requests.llc_hit.any_response,45007696,100.00,,
     2.905932427,539,,offcore_response.all_requests.llc_miss.any_response,44998898,100.00,,
     3.006131287,<not counted>,,offcore_response.all_requests.llc_hit.any_response,0,100.00,,
     3.006131287,<not counted>,,offcore_response.all_requests.llc_miss.any_response,0,100.00,,
     3.106320916,3773235,,offcore_response.all_requests.llc_hit.any_response,36133012,100.00,,
     3.106320916,418,,offcore_response.all_requests.llc_miss.any_response,36147198,100.00,,
     3.206522416,9878744,,offcore_response.all_requests.llc_hit.any_response,83152201,100.00,,
     3.206522416,438,,offcore_response.all_requests.llc_miss.any_response,83161154,100.00,,
     3.306720581,9846770,,offcore_response.all_requests.llc_hit.any_response,83338534,100.00,,
     3.306720581,642,,offcore_response.all_requests.llc_miss.any_response,83338346,100.00,,
     3.406918419,9847644,,offcore_response.all_requests.llc_hit.any_response,83401489,100.00,,
     3.406918419,570,,offcore_response.all_requests.llc_miss.any_response,83388764,100.00,,
     3.507117596,9862138,,offcore_response.all_requests.llc_hit.any_response,83295783,100.00,,
     3.507117596,618,,offcore_response.all_requests.llc_miss.any_response,83297252,100.00,,
     3.607322513,9790430,,offcore_response.all_requests.llc_hit.any_response,83335111,100.00,,
     3.607322513,520,,offcore_response.all_requests.llc_miss.any_response,83344143,100.00,,
     3.707522566,9741817,,offcore_response.all_requests.llc_hit.any_response,83222853,100.00,,
     3.707522566,737,,offcore_response.all_requests.llc_miss.any_response,83212364,100.00,,
     3.807743625,9798685,,offcore_response.all_requests.llc_hit.any_response,83219811,100.00,,
     3.807743625,581,,offcore_response.all_requests.llc_miss.any_response,83230488,100.00,,
     3.907943097,9826874,,offcore_response.all_requests.llc_hit.any_response,83275574,100.00,,
     3.907943097,734,,offcore_response.all_requests.llc_miss.any_response,83268892,100.00,,
     4.008144462,5337806,,offcore_response.all_requests.llc_hit.any_response,45473954,100.00,,
     4.008144462,511,,offcore_response.all_requests.llc_miss.any_response,45459721,100.00,,
     4.108342192,<not counted>,,offcore_response.all_requests.llc_hit.any_response,0,100.00,,
     4.108342192,<not counted>,,offcore_response.all_requests.llc_miss.any_response,0,100.00,,
     4.208534350,3766902,,offcore_response.all_requests.llc_hit.any_response,36464298,100.00,,
     4.208534350,494,,offcore_response.all_requests.llc_miss.any_response,36489696,100.00,,
     4.308739151,9788640,,offcore_response.all_requests.llc_hit.any_response,83014640,100.00,,
     4.308739151,475,,offcore_response.all_requests.llc_miss.any_response,83012315,100.00,,
     4.408938927,9853849,,offcore_response.all_requests.llc_hit.any_response,83413139,100.00,,
     4.408938927,615,,offcore_response.all_requests.llc_miss.any_response,83413771,100.00,,
     4.509157229,9818712,,offcore_response.all_requests.llc_hit.any_response,82913557,100.00,,
     4.509157229,584,,offcore_response.all_requests.llc_miss.any_response,82899392,100.00,,
     4.609353654,9787265,,offcore_response.all_requests.llc_hit.any_response,83075571,100.00,,
     4.609353654,1120,,offcore_response.all_requests.llc_miss.any_response,83074800,100.00,,
     4.709551691,9760251,,offcore_response.all_requests.llc_hit.any_response,83132298,100.00,,
     4.709551691,584,,offcore_response.all_requests.llc_miss.any_response,83147341,100.00,,
     4.809754086,9868607,,offcore_response.all_requests.llc_hit.any_response,83346008,100.00,,
     4.809754086,694,,offcore_response.all_requests.llc_miss.any_response,83330411,100.00,,
     4.909953561,9862530,,offcore_response.all_requests.llc_hit.any_response,83375406,100.00,,
     4.909953561,501,,offcore_response.all_requests.llc_miss.any_response,83390171,100.00,,
     5.010151101,9906512,,offcore_response.all_requests.llc_hit.any_response,83407554,100.00,,
     5.010151101,734,,offcore_response.all_requests.llc_miss.any_response,83393292,100.00,,
     5.110346743,5359896,,offcore_response.all_requests.llc_hit.any_response,45353057,100.00,,
     5.110346743,417,,offcore_response.all_requests.llc_miss.any_response,45344339,100.00,,
     5.210542724,<not counted>,,offcore_response.all_requests.llc_hit.any_response,0,100.00,,
     5.210542724,<not counted>,,offcore_response.all_requests.llc_miss.any_response,0,100.00,,
     5.310733801,3765110,,offcore_response.all_requests.llc_hit.any_response,36254866,100.00,,
     5.310733801,529,,offcore_response.all_requests.llc_miss.any_response,36280505,100.00,,
     5.410936842,9893433,,offcore_response.all_requests.llc_hit.any_response,83362517,100.00,,
     5.410936842,592,,offcore_response.all_requests.llc_miss.any_response,83347713,100.00,,
     5.511133075,9917140,,offcore_response.all_requests.llc_hit.any_response,83367376,100.00,,
     5.511133075,782,,offcore_response.all_requests.llc_miss.any_response,83367704,100.00,,
     5.611332316,9843405,,offcore_response.all_requests.llc_hit.any_response,83263827,100.00,,
     5.611332316,542,,offcore_response.all_requests.llc_miss.any_response,83263819,100.00,,
     5.711528360,9785294,,offcore_response.all_requests.llc_hit.any_response,83181348,100.00,,
     5.711528360,691,,offcore_response.all_requests.llc_miss.any_response,83179185,100.00,,
     5.811736591,9869024,,offcore_response.all_requests.llc_hit.any_response,83286430,100.00,,
     5.811736591,578,,offcore_response.all_requests.llc_miss.any_response,83297145,100.00,,
     5.911935364,9885309,,offcore_response.all_requests.llc_hit.any_response,83435832,100.00,,
     5.911935364,637,,offcore_response.all_requests.llc_miss.any_response,83435471,100.00,,
     6.012135782,9867397,,offcore_response.all_requests.llc_hit.any_response,83261019,100.00,,
     6.012135782,522,,offcore_response.all_requests.llc_miss.any_response,83252202,100.00,,
     6.112333159,9859015,,offcore_response.all_requests.llc_hit.any_response,83244163,100.00,,
     6.112333159,874,,offcore_response.all_requests.llc_miss.any_response,83244119,100.00,,
     6.212529609,5349601,,offcore_response.all_requests.llc_hit.any_response,45257824,100.00,,
     6.212529609,517,,offcore_response.all_requests.llc_miss.any_response,45247339,100.00,,
     6.312730791,3751083,,offcore_response.all_requests.llc_hit.any_response,36345765,100.00,,
     6.312730791,502,,offcore_response.all_requests.llc_miss.any_response,36356792,100.00,,
     6.412938439,9651913,,offcore_response.all_requests.llc_hit.any_response,83265989,100.00,,
     6.412938439,684,,offcore_response.all_requests.llc_miss.any_response,83277894,100.00,,
     6.513137763,5090294,,offcore_response.all_requests.llc_hit.any_response,43898712,100.00,,
     6.513137763,512,,offcore_response.all_requests.llc_miss.any_response,43875780,100.00,,
     6.613338638,3770461,,offcore_response.all_requests.llc_hit.any_response,37455765,100.00,,
     6.613338638,410,,offcore_response.all_requests.llc_miss.any_response,37464724,100.00,,
     6.713564234,9601128,,offcore_response.all_requests.llc_hit.any_response,83148529,100.00,,
     6.713564234,681,,offcore_response.all_requests.llc_miss.any_response,83165841,100.00,,
     6.813768145,9657180,,offcore_response.all_requests.llc_hit.any_response,83271180,100.00,,
     6.813768145,2330,,offcore_response.all_requests.llc_miss.any_response,83268579,100.00,,
     6.913981662,9647653,,offcore_response.all_requests.llc_hit.any_response,82982373,100.00,,
     6.913981662,570,,offcore_response.all_requests.llc_miss.any_response,82981813,100.00,,
     7.014189145,9693196,,offcore_response.all_requests.llc_hit.any_response,83383196,100.00,,
     7.014189145,669,,offcore_response.all_requests.llc_miss.any_response,83378028,100.00,,
     7.114389576,9709401,,offcore_response.all_requests.llc_hit.any_response,83383219,100.00,,
     7.114389576,598,,offcore_response.all_requests.llc_miss.any_response,83388418,100.00,,
     7.214592158,9649867,,offcore_response.all_requests.llc_hit.any_response,83298048,100.00,,
     7.214592158,708,,offcore_response.all_requests.llc_miss.any_response,83298545,100.00,,
     7.314791964,5129316,,offcore_response.all_requests.llc_hit.any_response,44517320,100.00,,
     7.314791964,513,,offcore_response.all_requests.llc_miss.any_response,44493682,100.00,,
     7.414994582,3840983,,offcore_response.all_requests.llc_hit.any_response,36527701,100.00,,
     7.414994582,625,,offcore_response.all_requests.llc_miss.any_response,36555319,100.00,,
     7.515204721,9838570,,offcore_response.all_requests.llc_hit.any_response,83067977,100.00,,
     7.515204721,546,,offcore_response.all_requests.llc_miss.any_response,83060202,100.00,,
     7.615400154,5251207,,offcore_response.all_requests.llc_hit.any_response,44563770,100.00,,
     7.615400154,520,,offcore_response.all_requests.llc_miss.any_response,44543927,100.00,,
     7.715600175,3843204,,offcore_response.all_requests.llc_hit.any_response,37056457,100.00,,
     7.715600175,472,,offcore_response.all_requests.llc_miss.any_response,37082116,100.00,,
     7.815808639,9846238,,offcore_response.all_requests.llc_hit.any_response,83272163,100.00,,
     7.815808639,531,,offcore_response.all_requests.llc_miss.any_response,83269505,100.00,,
     7.916018943,9829608,,offcore_response.all_requests.llc_hit.any_response,83365932,100.00,,
     7.916018943,716,,offcore_response.all_requests.llc_miss.any_response,83366544,100.00,,
     8.016220182,9846333,,offcore_response.all_requests.llc_hit.any_response,83197032,100.00,,
     8.016220182,607,,offcore_response.all_requests.llc_miss.any_response,83197093,100.00,,
     8.116422625,9828080,,offcore_response.all_requests.llc_hit.any_response,83299094,100.00,,
     8.116422625,646,,offcore_response.all_requests.llc_miss.any_response,83299270,100.00,,
     8.216622952,9861942,,offcore_response.all_requests.llc_hit.any_response,83365733,100.00,,
     8.216622952,536,,offcore_response.all_requests.llc_miss.any_response,83365017,100.00,,
     8.316822978,9844843,,offcore_response.all_requests.llc_hit.any_response,83412913,100.00,,
     8.316822978,749,,offcore_response.all_requests.llc_miss.any_response,83413618,100.00,,
     8.417021911,5257587,,offcore_response.all_requests.llc_hit.any_response,44682208,100.00,,
     8.417021911,473,,offcore_response.all_requests.llc_miss.any_response,44658369,100.00,,
     8.517220604,3778552,,offcore_response.all_requests.llc_hit.any_response,37619000,100.00,,
     8.517220604,568,,offcore_response.all_requests.llc_miss.any_response,37644565,100.00,,
     8.617425271,9628242,,offcore_response.all_requests.llc_hit.any_response,83091684,100.00,,
     8.617425271,646,,offcore_response.all_requests.llc_miss.any_response,83076553,100.00,,
     8.717621611,5150390,,offcore_response.all_requests.llc_hit.any_response,44588019,100.00,,
     8.717621611,563,,offcore_response.all_requests.llc_miss.any_response,44577585,100.00,,
     8.817820862,3879798,,offcore_response.all_requests.llc_hit.any_response,37125825,100.00,,
     8.817820862,338,,offcore_response.all_requests.llc_miss.any_response,37144145,100.00,,
     8.918042278,9623464,,offcore_response.all_requests.llc_hit.any_response,83086352,100.00,,
     8.918042278,454,,offcore_response.all_requests.llc_miss.any_response,83091037,100.00,,
     9.018240269,9660358,,offcore_response.all_requests.llc_hit.any_response,83271790,100.00,,
     9.018240269,750,,offcore_response.all_requests.llc_miss.any_response,83272642,100.00,,
     9.118439911,9675581,,offcore_response.all_requests.llc_hit.any_response,83343303,100.00,,
     9.118439911,521,,offcore_response.all_requests.llc_miss.any_response,83342572,100.00,,
     9.218638861,9662325,,offcore_response.all_requests.llc_hit.any_response,83365082,100.00,,
     9.218638861,825,,offcore_response.all_requests.llc_miss.any_response,83361297,100.00,,
     9.318837423,9599354,,offcore_response.all_requests.llc_hit.any_response,83297362,100.00,,
     9.318837423,620,,offcore_response.all_requests.llc_miss.any_response,83301018,100.00,,
     9.419036818,9609377,,offcore_response.all_requests.llc_hit.any_response,83330346,100.00,,
     9.419036818,713,,offcore_response.all_requests.llc_miss.any_response,83331184,100.00,,
     9.519233630,5094897,,offcore_response.all_requests.llc_hit.any_response,44331402,100.00,,
     9.519233630,504,,offcore_response.all_requests.llc_miss.any_response,44307567,100.00,,
     9.619433295,3869469,,offcore_response.all_requests.llc_hit.any_response,37395697,100.00,,
     9.619433295,517,,offcore_response.all_requests.llc_miss.any_response,37421295,100.00,,
     9.719638048,9782639,,offcore_response.all_requests.llc_hit.any_response,83087164,100.00,,
     9.719638048,631,,offcore_response.all_requests.llc_miss.any_response,83084982,100.00,,
     9.819869216,5198615,,offcore_response.all_requests.llc_hit.any_response,43988447,100.00,,
     9.819869216,592,,offcore_response.all_requests.llc_miss.any_response,43965031,100.00,,
     9.920069627,3923721,,offcore_response.all_requests.llc_hit.any_response,37448895,100.00,,
     9.920069627,477,,offcore_response.all_requests.llc_miss.any_response,37474606,100.00,,
    10.020272824,9868163,,offcore_response.all_requests.llc_hit.any_response,83139139,100.00,,
    10.020272824,539,,offcore_response.all_requests.llc_miss.any_response,83136524,100.00,,
    10.120471587,9841798,,offcore_response.all_requests.llc_hit.any_response,83004861,100.00,,
    10.120471587,652,,offcore_response.all_requests.llc_miss.any_response,82997421,100.00,,
    10.220670751,9799022,,offcore_response.all_requests.llc_hit.any_response,83211627,100.00,,
    10.220670751,692,,offcore_response.all_requests.llc_miss.any_response,83219346,100.00,,
    10.320869423,9812891,,offcore_response.all_requests.llc_hit.any_response,83198309,100.00,,
    10.320869423,821,,offcore_response.all_requests.llc_miss.any_response,83198737,100.00,,
    10.421071271,9793590,,offcore_response.all_requests.llc_hit.any_response,83148365,100.00,,
    10.421071271,443,,offcore_response.all_requests.llc_miss.any_response,83147813,100.00,,
    10.521282833,9819599,,offcore_response.all_requests.llc_hit.any_response,83198142,100.00,,
    10.521282833,607,,offcore_response.all_requests.llc_miss.any_response,83198893,100.00,,
    10.621485475,9673270,,offcore_response.all_requests.llc_hit.any_response,82718976,100.00,,
    10.621485475,867,,offcore_response.all_requests.llc_miss.any_response,82720423,100.00,,
    10.721689073,9765317,,offcore_response.all_requests.llc_hit.any_response,83362194,100.00,,
    10.721689073,743,,offcore_response.all_requests.llc_miss.any_response,83346767,100.00,,
    10.821890121,5214536,,offcore_response.all_requests.llc_hit.any_response,44359986,100.00,,
    10.821890121,404,,offcore_response.all_requests.llc_miss.any_response,44349964,100.00,,
    10.922091527,<not counted>,,offcore_response.all_requests.llc_hit.any_response,0,100.00,,
    10.922091527,<not counted>,,offcore_response.all_requests.llc_miss.any_response,0,100.00,,
    11.022282521,3721786,,offcore_response.all_requests.llc_hit.any_response,37152886,100.00,,
    11.022282521,511,,offcore_response.all_requests.llc_miss.any_response,37178515,100.00,,
