# started on Tue May  2 15:50:43 2023

     0.100165446,5752372,,offcore_response.all_requests.llc_hit.any_response,49680680,100.00,,
     0.100165446,555,,offcore_response.all_requests.llc_miss.any_response,49680680,100.00,,
     0.200387883,5838490,,offcore_response.all_requests.llc_hit.any_response,50278890,100.00,,
     0.200387883,495,,offcore_response.all_requests.llc_miss.any_response,50296660,100.00,,
     0.300574939,5703082,,offcore_response.all_requests.llc_hit.any_response,49341146,100.00,,
     0.300574939,451,,offcore_response.all_requests.llc_miss.any_response,49342242,100.00,,
     0.400766202,5796747,,offcore_response.all_requests.llc_hit.any_response,50051719,100.00,,
     0.400766202,477,,offcore_response.all_requests.llc_miss.any_response,50051710,100.00,,
     0.500957721,5832538,,offcore_response.all_requests.llc_hit.any_response,50239586,100.00,,
     0.500957721,542,,offcore_response.all_requests.llc_miss.any_response,50227147,100.00,,
     0.601146194,5716946,,offcore_response.all_requests.llc_hit.any_response,49421456,100.00,,
     0.601146194,552,,offcore_response.all_requests.llc_miss.any_response,49415038,100.00,,
     0.701333658,5781659,,offcore_response.all_requests.llc_hit.any_response,50091922,100.00,,
     0.701333658,597,,offcore_response.all_requests.llc_miss.any_response,50100152,100.00,,
     0.801523260,5597482,,offcore_response.all_requests.llc_hit.any_response,48322887,100.00,,
     0.801523260,630,,offcore_response.all_requests.llc_miss.any_response,48314657,100.00,,
     0.901709772,48688,,offcore_response.all_requests.llc_hit.any_response,903276,100.00,,
     0.901709772,51,,offcore_response.all_requests.llc_miss.any_response,923406,100.00,,
     1.001904772,9262207,,offcore_response.all_requests.llc_hit.any_response,82616989,100.00,,
     1.001904772,658,,offcore_response.all_requests.llc_miss.any_response,82604650,100.00,,
     1.102094845,8800469,,offcore_response.all_requests.llc_hit.any_response,74377185,100.00,,
     1.102094845,673,,offcore_response.all_requests.llc_miss.any_response,74388359,100.00,,
     1.202287221,5655899,,offcore_response.all_requests.llc_hit.any_response,47897521,100.00,,
     1.202287221,397,,offcore_response.all_requests.llc_miss.any_response,47878556,100.00,,
     1.302475229,46101,,offcore_response.all_requests.llc_hit.any_response,841829,100.00,,
     1.302475229,14,,offcore_response.all_requests.llc_miss.any_response,862133,100.00,,
     1.402668412,9413772,,offcore_response.all_requests.llc_hit.any_response,82677202,100.00,,
     1.402668412,874,,offcore_response.all_requests.llc_miss.any_response,82676011,100.00,,
     1.502860711,8822240,,offcore_response.all_requests.llc_hit.any_response,74399463,100.00,,
     1.502860711,680,,offcore_response.all_requests.llc_miss.any_response,74387592,100.00,,
     1.603046323,5511802,,offcore_response.all_requests.llc_hit.any_response,46530730,100.00,,
     1.603046323,490,,offcore_response.all_requests.llc_miss.any_response,46523488,100.00,,
     1.703231925,44411,,offcore_response.all_requests.llc_hit.any_response,786286,100.00,,
     1.703231925,9,,offcore_response.all_requests.llc_miss.any_response,806675,100.00,,
     1.803425129,9247977,,offcore_response.all_requests.llc_hit.any_response,82297533,100.00,,
     1.803425129,857,,offcore_response.all_requests.llc_miss.any_response,82296413,100.00,,
     1.903616398,8233275,,offcore_response.all_requests.llc_hit.any_response,69737564,100.00,,
     1.903616398,644,,offcore_response.all_requests.llc_miss.any_response,69718295,100.00,,
     2.003800258,38484,,offcore_response.all_requests.llc_hit.any_response,737740,100.00,,
     2.003800258,28,,offcore_response.all_requests.llc_miss.any_response,737740,100.00,,
     2.103990192,9209436,,offcore_response.all_requests.llc_hit.any_response,82618116,100.00,,
     2.103990192,997,,offcore_response.all_requests.llc_miss.any_response,82637121,100.00,,
     2.204180516,9307159,,offcore_response.all_requests.llc_hit.any_response,78763942,100.00,,
     2.204180516,941,,offcore_response.all_requests.llc_miss.any_response,78764012,100.00,,
     2.304387531,4672070,,offcore_response.all_requests.llc_hit.any_response,39279786,100.00,,
     2.304387531,496,,offcore_response.all_requests.llc_miss.any_response,39260711,100.00,,
     2.404571439,123868,,offcore_response.all_requests.llc_hit.any_response,2178739,100.00,,
     2.404571439,44,,offcore_response.all_requests.llc_miss.any_response,2199190,100.00,,
     2.504764870,9423895,,offcore_response.all_requests.llc_hit.any_response,83153857,100.00,,
     2.504764870,693,,offcore_response.all_requests.llc_miss.any_response,83152475,100.00,,
     2.604956169,9677658,,offcore_response.all_requests.llc_hit.any_response,81493469,100.00,,
     2.604956169,786,,offcore_response.all_requests.llc_miss.any_response,81493324,100.00,,
     2.705144638,4343035,,offcore_response.all_requests.llc_hit.any_response,36622709,100.00,,
     2.705144638,429,,offcore_response.all_requests.llc_miss.any_response,36603785,100.00,,
     2.805330017,353055,,offcore_response.all_requests.llc_hit.any_response,6174379,100.00,,
     2.805330017,105,,offcore_response.all_requests.llc_miss.any_response,6194916,100.00,,
     2.905525653,9636973,,offcore_response.all_requests.llc_hit.any_response,83061653,100.00,,
     2.905525653,745,,offcore_response.all_requests.llc_miss.any_response,83060097,100.00,,
     3.005713086,7084051,,offcore_response.all_requests.llc_hit.any_response,59660112,100.00,,
     3.005713086,604,,offcore_response.all_requests.llc_miss.any_response,59641131,100.00,,
     3.105896960,490040,,offcore_response.all_requests.llc_hit.any_response,8645743,100.00,,
     3.105896960,74,,offcore_response.all_requests.llc_miss.any_response,8666341,100.00,,
     3.206090960,9470193,,offcore_response.all_requests.llc_hit.any_response,83108397,100.00,,
     3.206090960,821,,offcore_response.all_requests.llc_miss.any_response,83093214,100.00,,
     3.306279560,9637439,,offcore_response.all_requests.llc_hit.any_response,83191005,100.00,,
     3.306279560,891,,offcore_response.all_requests.llc_miss.any_response,83192027,100.00,,
     3.406468713,3730141,,offcore_response.all_requests.llc_hit.any_response,32113631,100.00,,
     3.406468713,313,,offcore_response.all_requests.llc_miss.any_response,32107194,100.00,,
     3.506654945,1318398,,offcore_response.all_requests.llc_hit.any_response,15681316,100.00,,
     3.506654945,217,,offcore_response.all_requests.llc_miss.any_response,15700751,100.00,,
     3.606846637,9851748,,offcore_response.all_requests.llc_hit.any_response,83081049,100.00,,
     3.606846637,743,,offcore_response.all_requests.llc_miss.any_response,83080483,100.00,,
     3.707036025,9542494,,offcore_response.all_requests.llc_hit.any_response,80175263,100.00,,
     3.707036025,810,,offcore_response.all_requests.llc_miss.any_response,80156394,100.00,,
     3.807219897,2413592,,offcore_response.all_requests.llc_hit.any_response,20269352,100.00,,
     3.807219897,268,,offcore_response.all_requests.llc_miss.any_response,20269352,100.00,,
     3.907406055,2901087,,offcore_response.all_requests.llc_hit.any_response,29148579,100.00,,
     3.907406055,220,,offcore_response.all_requests.llc_miss.any_response,29168163,100.00,,
     4.007598787,9844435,,offcore_response.all_requests.llc_hit.any_response,83263313,100.00,,
     4.007598787,1120,,offcore_response.all_requests.llc_miss.any_response,83262758,100.00,,
     4.107788913,3588399,,offcore_response.all_requests.llc_hit.any_response,30190645,100.00,,
     4.107788913,339,,offcore_response.all_requests.llc_miss.any_response,30171616,100.00,,
     4.207977192,3616512,,offcore_response.all_requests.llc_hit.any_response,35759000,100.00,,
     4.207977192,306,,offcore_response.all_requests.llc_miss.any_response,35778498,100.00,,
     4.308169096,9855181,,offcore_response.all_requests.llc_hit.any_response,83396836,100.00,,
     4.308169096,735,,offcore_response.all_requests.llc_miss.any_response,83396278,100.00,,
     4.408360946,9419658,,offcore_response.all_requests.llc_hit.any_response,79906236,100.00,,
     4.408360946,737,,offcore_response.all_requests.llc_miss.any_response,79906370,100.00,,
     4.508569576,911753,,offcore_response.all_requests.llc_hit.any_response,7720473,100.00,,
     4.508569576,88,,offcore_response.all_requests.llc_miss.any_response,7701399,100.00,,
     4.608759134,5293548,,offcore_response.all_requests.llc_hit.any_response,49419913,100.00,,
     4.608759134,474,,offcore_response.all_requests.llc_miss.any_response,49438045,100.00,,
     4.708948024,9879626,,offcore_response.all_requests.llc_hit.any_response,83298760,100.00,,
     4.708948024,949,,offcore_response.all_requests.llc_miss.any_response,83299600,100.00,,
     4.809136246,7428607,,offcore_response.all_requests.llc_hit.any_response,62449471,100.00,,
     4.809136246,695,,offcore_response.all_requests.llc_miss.any_response,62430499,100.00,,
     4.909323857,<not counted>,,offcore_response.all_requests.llc_hit.any_response,0,100.00,,
     4.909323857,<not counted>,,offcore_response.all_requests.llc_miss.any_response,0,100.00,,
     5.009512794,7332293,,offcore_response.all_requests.llc_hit.any_response,66517675,100.00,,
     5.009512794,470,,offcore_response.all_requests.llc_miss.any_response,66537079,100.00,,
     5.109701798,8678758,,offcore_response.all_requests.llc_hit.any_response,73261702,100.00,,
     5.109701798,540,,offcore_response.all_requests.llc_miss.any_response,73242298,100.00,,
     5.209886628,<not counted>,,offcore_response.all_requests.llc_hit.any_response,0,100.00,,
     5.209886628,<not counted>,,offcore_response.all_requests.llc_miss.any_response,0,100.00,,
     5.310072074,8028240,,offcore_response.all_requests.llc_hit.any_response,74099752,100.00,,
     5.310072074,645,,offcore_response.all_requests.llc_miss.any_response,74105166,100.00,,
     5.410268649,9640675,,offcore_response.all_requests.llc_hit.any_response,83338937,100.00,,
     5.410268649,888,,offcore_response.all_requests.llc_miss.any_response,83352535,100.00,,
     5.510457606,6296958,,offcore_response.all_requests.llc_hit.any_response,54339610,100.00,,
     5.510457606,562,,offcore_response.all_requests.llc_miss.any_response,54320598,100.00,,
     5.610643092,300612,,offcore_response.all_requests.llc_hit.any_response,5310617,100.00,,
     5.610643092,49,,offcore_response.all_requests.llc_miss.any_response,5335069,100.00,,
     5.710840602,9403883,,offcore_response.all_requests.llc_hit.any_response,83057615,100.00,,
     5.710840602,728,,offcore_response.all_requests.llc_miss.any_response,83052271,100.00,,
     5.811029208,6759320,,offcore_response.all_requests.llc_hit.any_response,58287029,100.00,,
     5.811029208,593,,offcore_response.all_requests.llc_miss.any_response,58267921,100.00,,
     5.911213662,<not counted>,,offcore_response.all_requests.llc_hit.any_response,0,100.00,,
     5.911213662,<not counted>,,offcore_response.all_requests.llc_miss.any_response,0,100.00,,
     6.011407684,624883,,offcore_response.all_requests.llc_hit.any_response,10636126,100.00,,
     6.011407684,70,,offcore_response.all_requests.llc_miss.any_response,10650389,100.00,,
     6.111597663,9883454,,offcore_response.all_requests.llc_hit.any_response,83197182,100.00,,
     6.111597663,729,,offcore_response.all_requests.llc_miss.any_response,83201918,100.00,,
     6.211786196,7313973,,offcore_response.all_requests.llc_hit.any_response,61631290,100.00,,
     6.211786196,542,,offcore_response.all_requests.llc_miss.any_response,61612291,100.00,,
     6.311977138,743663,,offcore_response.all_requests.llc_hit.any_response,10845914,100.00,,
     6.311977138,141,,offcore_response.all_requests.llc_miss.any_response,10863993,100.00,,
     6.412169081,9836353,,offcore_response.all_requests.llc_hit.any_response,83271639,100.00,,
     6.412169081,901,,offcore_response.all_requests.llc_miss.any_response,83272452,100.00,,
     6.512358921,9884078,,offcore_response.all_requests.llc_hit.any_response,83414484,100.00,,
     6.512358921,862,,offcore_response.all_requests.llc_miss.any_response,83403742,100.00,,
     6.612546772,6825573,,offcore_response.all_requests.llc_hit.any_response,57307051,100.00,,
     6.612546772,654,,offcore_response.all_requests.llc_miss.any_response,57298901,100.00,,
     6.712757556,802061,,offcore_response.all_requests.llc_hit.any_response,11981779,100.00,,
     6.712757556,134,,offcore_response.all_requests.llc_miss.any_response,12001308,100.00,,
     6.812950208,9884895,,offcore_response.all_requests.llc_hit.any_response,83402343,100.00,,
     6.812950208,730,,offcore_response.all_requests.llc_miss.any_response,83388775,100.00,,
     6.913139563,6992785,,offcore_response.all_requests.llc_hit.any_response,59095178,100.00,,
     6.913139563,597,,offcore_response.all_requests.llc_miss.any_response,59089217,100.00,,
     7.013323315,<not counted>,,offcore_response.all_requests.llc_hit.any_response,0,100.00,,
     7.013323315,<not counted>,,offcore_response.all_requests.llc_miss.any_response,0,100.00,,
     7.113506447,710006,,offcore_response.all_requests.llc_hit.any_response,11707336,100.00,,
     7.113506447,221,,offcore_response.all_requests.llc_miss.any_response,11726767,100.00,,
     7.213699361,9897565,,offcore_response.all_requests.llc_hit.any_response,83498991,100.00,,
     7.213699361,789,,offcore_response.all_requests.llc_miss.any_response,83498471,100.00,,
     7.313889507,6730409,,offcore_response.all_requests.llc_hit.any_response,56671356,100.00,,
     7.313889507,584,,offcore_response.all_requests.llc_miss.any_response,56652445,100.00,,
     7.414077606,882386,,offcore_response.all_requests.llc_hit.any_response,11973458,100.00,,
     7.414077606,113,,offcore_response.all_requests.llc_miss.any_response,11992792,100.00,,
     7.514270512,9912704,,offcore_response.all_requests.llc_hit.any_response,83429012,100.00,,
     7.514270512,820,,offcore_response.all_requests.llc_miss.any_response,83416317,100.00,,
     7.614460672,9903964,,offcore_response.all_requests.llc_hit.any_response,83421335,100.00,,
     7.614460672,730,,offcore_response.all_requests.llc_miss.any_response,83433779,100.00,,
     7.714649817,6932214,,offcore_response.all_requests.llc_hit.any_response,58374108,100.00,,
     7.714649817,621,,offcore_response.all_requests.llc_miss.any_response,58355025,100.00,,
     7.814836077,866670,,offcore_response.all_requests.llc_hit.any_response,11840164,100.00,,
     7.814836077,46,,offcore_response.all_requests.llc_miss.any_response,11859766,100.00,,
     7.915027864,9867684,,offcore_response.all_requests.llc_hit.any_response,83423254,100.00,,
     7.915027864,942,,offcore_response.all_requests.llc_miss.any_response,83422611,100.00,,
     8.015216631,7012637,,offcore_response.all_requests.llc_hit.any_response,59087564,100.00,,
     8.015216631,552,,offcore_response.all_requests.llc_miss.any_response,59068605,100.00,,
     8.115402227,<not counted>,,offcore_response.all_requests.llc_hit.any_response,0,100.00,,
     8.115402227,<not counted>,,offcore_response.all_requests.llc_miss.any_response,0,100.00,,
     8.215588281,822454,,offcore_response.all_requests.llc_hit.any_response,11477753,100.00,,
     8.215588281,90,,offcore_response.all_requests.llc_miss.any_response,11498783,100.00,,
     8.315789309,9833803,,offcore_response.all_requests.llc_hit.any_response,83311067,100.00,,
     8.315789309,870,,offcore_response.all_requests.llc_miss.any_response,83309264,100.00,,
     8.415983238,6527583,,offcore_response.all_requests.llc_hit.any_response,55223371,100.00,,
     8.415983238,647,,offcore_response.all_requests.llc_miss.any_response,55204144,100.00,,
     8.516169970,1014646,,offcore_response.all_requests.llc_hit.any_response,13329684,100.00,,
     8.516169970,125,,offcore_response.all_requests.llc_miss.any_response,13349239,100.00,,
     8.616361813,9603688,,offcore_response.all_requests.llc_hit.any_response,83268763,100.00,,
     8.616361813,843,,offcore_response.all_requests.llc_miss.any_response,83268136,100.00,,
     8.716555922,9658054,,offcore_response.all_requests.llc_hit.any_response,83448710,100.00,,
     8.716555922,744,,offcore_response.all_requests.llc_miss.any_response,83448831,100.00,,
     8.816747479,6267872,,offcore_response.all_requests.llc_hit.any_response,54757969,100.00,,
     8.816747479,748,,offcore_response.all_requests.llc_miss.any_response,54738920,100.00,,
     8.916951729,1028107,,offcore_response.all_requests.llc_hit.any_response,13489027,100.00,,
     8.916951729,135,,offcore_response.all_requests.llc_miss.any_response,13507388,100.00,,
     9.017149890,9905736,,offcore_response.all_requests.llc_hit.any_response,83334691,100.00,,
     9.017149890,1041,,offcore_response.all_requests.llc_miss.any_response,83335171,100.00,,
     9.117337983,6803771,,offcore_response.all_requests.llc_hit.any_response,57365987,100.00,,
     9.117337983,602,,offcore_response.all_requests.llc_miss.any_response,57347146,100.00,,
     9.217523475,<not counted>,,offcore_response.all_requests.llc_hit.any_response,0,100.00,,
     9.217523475,<not counted>,,offcore_response.all_requests.llc_miss.any_response,0,100.00,,
     9.317705425,908780,,offcore_response.all_requests.llc_hit.any_response,12619180,100.00,,
     9.317705425,63,,offcore_response.all_requests.llc_miss.any_response,12638591,100.00,,
     9.417898976,9865266,,offcore_response.all_requests.llc_hit.any_response,83200532,100.00,,
     9.417898976,972,,offcore_response.all_requests.llc_miss.any_response,83199811,100.00,,
     9.518087002,6748072,,offcore_response.all_requests.llc_hit.any_response,56687659,100.00,,
     9.518087002,738,,offcore_response.all_requests.llc_miss.any_response,56668969,100.00,,
     9.618274120,1024314,,offcore_response.all_requests.llc_hit.any_response,12721199,100.00,,
     9.618274120,108,,offcore_response.all_requests.llc_miss.any_response,12742960,100.00,,
     9.718475804,9679784,,offcore_response.all_requests.llc_hit.any_response,83270547,100.00,,
     9.718475804,803,,offcore_response.all_requests.llc_miss.any_response,83253023,100.00,,
     9.818670147,9597752,,offcore_response.all_requests.llc_hit.any_response,82688088,100.00,,
     9.818670147,930,,offcore_response.all_requests.llc_miss.any_response,82702963,100.00,,
     9.918858442,6511635,,offcore_response.all_requests.llc_hit.any_response,56331739,100.00,,
     9.918858442,567,,offcore_response.all_requests.llc_miss.any_response,56312627,100.00,,
    10.019050829,1023835,,offcore_response.all_requests.llc_hit.any_response,13391054,100.00,,
    10.019050829,80,,offcore_response.all_requests.llc_miss.any_response,13410556,100.00,,
    10.119248474,9898633,,offcore_response.all_requests.llc_hit.any_response,83328230,100.00,,
    10.119248474,842,,offcore_response.all_requests.llc_miss.any_response,83321651,100.00,,
    10.219433967,6776515,,offcore_response.all_requests.llc_hit.any_response,57014479,100.00,,
    10.219433967,566,,offcore_response.all_requests.llc_miss.any_response,57001556,100.00,,
    10.319618171,<not counted>,,offcore_response.all_requests.llc_hit.any_response,0,100.00,,
    10.319618171,<not counted>,,offcore_response.all_requests.llc_miss.any_response,0,100.00,,
    10.419808382,1098170,,offcore_response.all_requests.llc_hit.any_response,14107116,100.00,,
    10.419808382,102,,offcore_response.all_requests.llc_miss.any_response,14126525,100.00,,
    10.520006501,9644238,,offcore_response.all_requests.llc_hit.any_response,83201732,100.00,,
    10.520006501,899,,offcore_response.all_requests.llc_miss.any_response,83187730,100.00,,
    10.620198431,6540559,,offcore_response.all_requests.llc_hit.any_response,56353788,100.00,,
    10.620198431,702,,offcore_response.all_requests.llc_miss.any_response,56348381,100.00,,
    10.720386897,1033737,,offcore_response.all_requests.llc_hit.any_response,13291276,100.00,,
    10.720386897,106,,offcore_response.all_requests.llc_miss.any_response,13310800,100.00,,
    10.820583195,9889194,,offcore_response.all_requests.llc_hit.any_response,83376124,100.00,,
    10.820583195,828,,offcore_response.all_requests.llc_miss.any_response,83375413,100.00,,
    10.920774711,9926550,,offcore_response.all_requests.llc_hit.any_response,83463873,100.00,,
    10.920774711,914,,offcore_response.all_requests.llc_miss.any_response,83464048,100.00,,
    11.020962372,6534723,,offcore_response.all_requests.llc_hit.any_response,55004326,100.00,,
    11.020962372,646,,offcore_response.all_requests.llc_miss.any_response,54985338,100.00,,
