# started on Tue May  2 15:48:57 2023

     0.100150646,90101618,,inst_retired.any,74989777,100.00,142.5,IpMispredict
     0.100150646,632411,,br_misp_retired.all_branches,74989777,100.00,,
     0.200391952,90008518,,inst_retired.any,74875212,100.00,142.3,IpMispredict
     0.200391952,632556,,br_misp_retired.all_branches,74875212,100.00,,
     0.300582356,89912101,,inst_retired.any,74925782,100.00,142.4,IpMispredict
     0.300582356,629554,,br_misp_retired.all_branches,74925782,100.00,,
     0.400774013,90130001,,inst_retired.any,74789698,100.00,142.5,IpMispredict
     0.400774013,634573,,br_misp_retired.all_branches,74789698,100.00,,
     0.500963762,54555793,,inst_retired.any,45298855,100.00,93.6,IpMispredict
     0.500963762,384006,,br_misp_retired.all_branches,45298855,100.00,,
     0.601147164,<not counted>,,inst_retired.any,0,100.00,,
     0.601147164,<not counted>,,br_misp_retired.all_branches,0,100.00,,
     0.701316848,<not counted>,,inst_retired.any,0,100.00,,
     0.701316848,<not counted>,,br_misp_retired.all_branches,0,100.00,,
     0.801485988,<not counted>,,inst_retired.any,0,100.00,,
     0.801485988,<not counted>,,br_misp_retired.all_branches,0,100.00,,
     0.901657464,30896031,,inst_retired.any,29013401,100.00,88.2,IpMispredict
     0.901657464,239512,,br_misp_retired.all_branches,29013401,100.00,,
     1.001849408,100564181,,inst_retired.any,83464642,100.00,260.5,IpMispredict
     1.001849408,707257,,br_misp_retired.all_branches,83464642,100.00,,
     1.102039862,100502631,,inst_retired.any,83352776,100.00,242.4,IpMispredict
     1.102039862,701196,,br_misp_retired.all_branches,83352776,100.00,,
     1.202230174,100821236,,inst_retired.any,83220424,100.00,229.8,IpMispredict
     1.202230174,704585,,br_misp_retired.all_branches,83220424,100.00,,
     1.302419899,100695133,,inst_retired.any,83423377,100.00,219.3,IpMispredict
     1.302419899,703600,,br_misp_retired.all_branches,83423377,100.00,,
     1.402611152,100890014,,inst_retired.any,83398994,100.00,211.5,IpMispredict
     1.402611152,710205,,br_misp_retired.all_branches,83398994,100.00,,
     1.502798536,100838053,,inst_retired.any,83338436,100.00,204.8,IpMispredict
     1.502798536,705677,,br_misp_retired.all_branches,83338436,100.00,,
     1.602983801,48808390,,inst_retired.any,40162342,100.00,101.1,IpMispredict
     1.602983801,341508,,br_misp_retired.all_branches,40162342,100.00,,
     1.703191594,<not counted>,,inst_retired.any,0,100.00,,
     1.703191594,<not counted>,,br_misp_retired.all_branches,0,100.00,,
     1.803361025,<not counted>,,inst_retired.any,0,100.00,,
     1.803361025,<not counted>,,br_misp_retired.all_branches,0,100.00,,
     1.903530198,<not counted>,,inst_retired.any,0,100.00,,
     1.903530198,<not counted>,,br_misp_retired.all_branches,0,100.00,,
     2.003701182,29052285,,inst_retired.any,28688615,100.00,73.1,IpMispredict
     2.003701182,224239,,br_misp_retired.all_branches,28688615,100.00,,
     2.103891071,100365897,,inst_retired.any,83250951,100.00,243.3,IpMispredict
     2.103891071,711659,,br_misp_retired.all_branches,83250951,100.00,,
     2.204083607,100395994,,inst_retired.any,83373476,100.00,235.8,IpMispredict
     2.204083607,704130,,br_misp_retired.all_branches,83373476,100.00,,
     2.304278218,100307842,,inst_retired.any,83359757,100.00,229.1,IpMispredict
     2.304278218,702344,,br_misp_retired.all_branches,83359757,100.00,,
     2.404470259,100443184,,inst_retired.any,83280695,100.00,223.8,IpMispredict
     2.404470259,700008,,br_misp_retired.all_branches,83280695,100.00,,
     2.504661976,100217512,,inst_retired.any,83377027,100.00,218.5,IpMispredict
     2.504661976,699407,,br_misp_retired.all_branches,83377027,100.00,,
     2.604855675,100263358,,inst_retired.any,83307892,100.00,214.2,IpMispredict
     2.604855675,699832,,br_misp_retired.all_branches,83307892,100.00,,
     2.705043120,22614899,,inst_retired.any,18747893,100.00,49.5,IpMispredict
     2.705043120,159793,,br_misp_retired.all_branches,18747893,100.00,,
     2.805229393,<not counted>,,inst_retired.any,0,100.00,,
     2.805229393,<not counted>,,br_misp_retired.all_branches,0,100.00,,
     2.905416787,<not counted>,,inst_retired.any,0,100.00,,
     2.905416787,<not counted>,,br_misp_retired.all_branches,0,100.00,,
     3.005584181,<not counted>,,inst_retired.any,0,100.00,,
     3.005584181,<not counted>,,br_misp_retired.all_branches,0,100.00,,
     3.105756887,53970233,,inst_retired.any,49311514,100.00,131.5,IpMispredict
     3.105756887,399244,,br_misp_retired.all_branches,49311514,100.00,,
     3.205947682,100316358,,inst_retired.any,83278146,100.00,238.9,IpMispredict
     3.205947682,709971,,br_misp_retired.all_branches,83278146,100.00,,
     3.306137892,100133649,,inst_retired.any,83242690,100.00,233.7,IpMispredict
     3.306137892,700508,,br_misp_retired.all_branches,83242690,100.00,,
     3.406328543,100197076,,inst_retired.any,83216342,100.00,229.6,IpMispredict
     3.406328543,701471,,br_misp_retired.all_branches,83216342,100.00,,
     3.506514671,100645285,,inst_retired.any,83384074,100.00,226.7,IpMispredict
     3.506514671,702250,,br_misp_retired.all_branches,83384074,100.00,,
     3.606701410,100649673,,inst_retired.any,83306005,100.00,223.0,IpMispredict
     3.606701410,704248,,br_misp_retired.all_branches,83306005,100.00,,
     3.706889906,98800736,,inst_retired.any,81948397,100.00,215.8,IpMispredict
     3.706889906,690618,,br_misp_retired.all_branches,81948397,100.00,,
     3.807074691,<not counted>,,inst_retired.any,0,100.00,,
     3.807074691,<not counted>,,br_misp_retired.all_branches,0,100.00,,
     3.907243902,<not counted>,,inst_retired.any,0,100.00,,
     3.907243902,<not counted>,,br_misp_retired.all_branches,0,100.00,,
     4.007414736,<not counted>,,inst_retired.any,0,100.00,,
     4.007414736,<not counted>,,br_misp_retired.all_branches,0,100.00,,
     4.107581856,<not counted>,,inst_retired.any,0,100.00,,
     4.107581856,<not counted>,,br_misp_retired.all_branches,0,100.00,,
     4.207755693,77390191,,inst_retired.any,69021158,100.00,185.6,IpMispredict
     4.207755693,573939,,br_misp_retired.all_branches,69021158,100.00,,
     4.307946992,100649385,,inst_retired.any,83303686,100.00,237.6,IpMispredict
     4.307946992,704167,,br_misp_retired.all_branches,83303686,100.00,,
     4.408139018,100461461,,inst_retired.any,83364199,100.00,233.6,IpMispredict
     4.408139018,704943,,br_misp_retired.all_branches,83364199,100.00,,
     4.508327079,100318791,,inst_retired.any,83388220,100.00,230.1,IpMispredict
     4.508327079,702636,,br_misp_retired.all_branches,83388220,100.00,,
     4.608519608,100211694,,inst_retired.any,83209756,100.00,226.8,IpMispredict
     4.608519608,701991,,br_misp_retired.all_branches,83209756,100.00,,
     4.708711145,100489518,,inst_retired.any,83545056,100.00,224.6,IpMispredict
     4.708711145,703224,,br_misp_retired.all_branches,83545056,100.00,,
     4.808898943,76085239,,inst_retired.any,63305422,100.00,169.4,IpMispredict
     4.808898943,533763,,br_misp_retired.all_branches,63305422,100.00,,
     4.909086872,<not counted>,,inst_retired.any,0,100.00,,
     4.909086872,<not counted>,,br_misp_retired.all_branches,0,100.00,,
     5.009260187,<not counted>,,inst_retired.any,0,100.00,,
     5.009260187,<not counted>,,br_misp_retired.all_branches,0,100.00,,
     5.109428960,<not counted>,,inst_retired.any,0,100.00,,
     5.109428960,<not counted>,,br_misp_retired.all_branches,0,100.00,,
     5.209597541,1758392,,inst_retired.any,3399979,100.00,4.2,IpMispredict
     5.209597541,28337,,br_misp_retired.all_branches,3399979,100.00,,
     5.309793736,96768015,,inst_retired.any,83245278,100.00,230.2,IpMispredict
     5.309793736,688763,,br_misp_retired.all_branches,83245278,100.00,,
     5.409983234,100270576,,inst_retired.any,83404181,100.00,235.6,IpMispredict
     5.409983234,707638,,br_misp_retired.all_branches,83404181,100.00,,
     5.510172539,100052842,,inst_retired.any,83439670,100.00,232.3,IpMispredict
     5.510172539,707002,,br_misp_retired.all_branches,83439670,100.00,,
     5.610361867,100350900,,inst_retired.any,83406686,100.00,230.3,IpMispredict
     5.610361867,706300,,br_misp_retired.all_branches,83406686,100.00,,
     5.710573079,99107431,,inst_retired.any,83102454,100.00,225.1,IpMispredict
     5.710573079,697937,,br_misp_retired.all_branches,83102454,100.00,,
     5.810763618,99666474,,inst_retired.any,83117637,100.00,224.1,IpMispredict
     5.810763618,700394,,br_misp_retired.all_branches,83117637,100.00,,
     5.910951983,53372204,,inst_retired.any,44286834,100.00,120.3,IpMispredict
     5.910951983,375367,,br_misp_retired.all_branches,44286834,100.00,,
     6.011136671,<not counted>,,inst_retired.any,0,100.00,,
     6.011136671,<not counted>,,br_misp_retired.all_branches,0,100.00,,
     6.111334154,<not counted>,,inst_retired.any,0,100.00,,
     6.111334154,<not counted>,,br_misp_retired.all_branches,0,100.00,,
     6.211504262,<not counted>,,inst_retired.any,0,100.00,,
     6.211504262,<not counted>,,br_misp_retired.all_branches,0,100.00,,
     6.311678211,22620332,,inst_retired.any,23471081,100.00,54.1,IpMispredict
     6.311678211,184041,,br_misp_retired.all_branches,23471081,100.00,,
     6.411868448,99657490,,inst_retired.any,83067813,100.00,235.6,IpMispredict
     6.411868448,711660,,br_misp_retired.all_branches,83067813,100.00,,
     6.512061839,99836026,,inst_retired.any,83275638,100.00,233.7,IpMispredict
     6.512061839,703495,,br_misp_retired.all_branches,83275638,100.00,,
     6.612250432,99553336,,inst_retired.any,83155047,100.00,230.8,IpMispredict
     6.612250432,700631,,br_misp_retired.all_branches,83155047,100.00,,
     6.712441057,99715309,,inst_retired.any,83247176,100.00,229.0,IpMispredict
     6.712441057,700593,,br_misp_retired.all_branches,83247176,100.00,,
     6.812629861,99701952,,inst_retired.any,83282312,100.00,226.9,IpMispredict
     6.812629861,701132,,br_misp_retired.all_branches,83282312,100.00,,
     6.912820716,99294786,,inst_retired.any,82999128,100.00,224.1,IpMispredict
     6.912820716,698843,,br_misp_retired.all_branches,82999128,100.00,,
     7.013008043,31344490,,inst_retired.any,26086633,100.00,71.3,IpMispredict
     7.013008043,220685,,br_misp_retired.all_branches,26086633,100.00,,
     7.113193431,<not counted>,,inst_retired.any,0,100.00,,
     7.113193431,<not counted>,,br_misp_retired.all_branches,0,100.00,,
     7.213363485,<not counted>,,inst_retired.any,0,100.00,,
     7.213363485,<not counted>,,br_misp_retired.all_branches,0,100.00,,
     7.313533743,<not counted>,,inst_retired.any,0,100.00,,
     7.313533743,<not counted>,,br_misp_retired.all_branches,0,100.00,,
     7.413705727,45199818,,inst_retired.any,42161438,100.00,107.4,IpMispredict
     7.413705727,344886,,br_misp_retired.all_branches,42161438,100.00,,
     7.513893823,99992754,,inst_retired.any,83188589,100.00,235.5,IpMispredict
     7.513893823,710669,,br_misp_retired.all_branches,83188589,100.00,,
     7.614083278,99858969,,inst_retired.any,83202337,100.00,233.1,IpMispredict
     7.614083278,704798,,br_misp_retired.all_branches,83202337,100.00,,
     7.714273178,99723146,,inst_retired.any,83194696,100.00,230.9,IpMispredict
     7.714273178,703736,,br_misp_retired.all_branches,83194696,100.00,,
     7.814471032,99691347,,inst_retired.any,83092997,100.00,228.9,IpMispredict
     7.814471032,707005,,br_misp_retired.all_branches,83092997,100.00,,
     7.914664383,99968054,,inst_retired.any,83160006,100.00,227.8,IpMispredict
     7.914664383,704363,,br_misp_retired.all_branches,83160006,100.00,,
     8.014853908,99958069,,inst_retired.any,83182120,100.00,226.0,IpMispredict
     8.014853908,706908,,br_misp_retired.all_branches,83182120,100.00,,
     8.115042135,4567247,,inst_retired.any,3801085,100.00,10.4,IpMispredict
     8.115042135,31711,,br_misp_retired.all_branches,3801085,100.00,,
     8.215226351,<not counted>,,inst_retired.any,0,100.00,,
     8.215226351,<not counted>,,br_misp_retired.all_branches,0,100.00,,
     8.315397918,<not counted>,,inst_retired.any,0,100.00,,
     8.315397918,<not counted>,,br_misp_retired.all_branches,0,100.00,,
     8.415568955,<not counted>,,inst_retired.any,0,100.00,,
     8.415568955,<not counted>,,br_misp_retired.all_branches,0,100.00,,
     8.515740503,71783879,,inst_retired.any,64231178,100.00,169.7,IpMispredict
     8.515740503,541318,,br_misp_retired.all_branches,64231178,100.00,,
     8.615955454,99682005,,inst_retired.any,83071204,100.00,233.9,IpMispredict
     8.615955454,703153,,br_misp_retired.all_branches,83071204,100.00,,
     8.716145764,99705812,,inst_retired.any,83059451,100.00,232.2,IpMispredict
     8.716145764,702372,,br_misp_retired.all_branches,83059451,100.00,,
     8.816339235,100016341,,inst_retired.any,83274839,100.00,231.3,IpMispredict
     8.816339235,704295,,br_misp_retired.all_branches,83274839,100.00,,
     8.916534949,100017855,,inst_retired.any,83169228,100.00,229.7,IpMispredict
     8.916534949,702231,,br_misp_retired.all_branches,83169228,100.00,,
     9.016728931,100064684,,inst_retired.any,83144820,100.00,228.2,IpMispredict
     9.016728931,702588,,br_misp_retired.all_branches,83144820,100.00,,
     9.116916471,85990559,,inst_retired.any,71579442,100.00,195.3,IpMispredict
     9.116916471,606860,,br_misp_retired.all_branches,71579442,100.00,,
     9.217101822,<not counted>,,inst_retired.any,0,100.00,,
     9.217101822,<not counted>,,br_misp_retired.all_branches,0,100.00,,
     9.317272052,<not counted>,,inst_retired.any,0,100.00,,
     9.317272052,<not counted>,,br_misp_retired.all_branches,0,100.00,,
     9.417442299,<not counted>,,inst_retired.any,0,100.00,,
     9.417442299,<not counted>,,br_misp_retired.all_branches,0,100.00,,
     9.517614531,<not counted>,,inst_retired.any,0,100.00,,
     9.517614531,<not counted>,,br_misp_retired.all_branches,0,100.00,,
     9.617788010,88898154,,inst_retired.any,78299149,100.00,209.6,IpMispredict
     9.617788010,650402,,br_misp_retired.all_branches,78299149,100.00,,
     9.717980134,99784885,,inst_retired.any,83008010,100.00,233.7,IpMispredict
     9.717980134,701279,,br_misp_retired.all_branches,83008010,100.00,,
     9.818169392,99504880,,inst_retired.any,82533597,100.00,231.5,IpMispredict
     9.818169392,701675,,br_misp_retired.all_branches,82533597,100.00,,
     9.918359332,99708143,,inst_retired.any,83040675,100.00,230.5,IpMispredict
     9.918359332,699877,,br_misp_retired.all_branches,83040675,100.00,,
    10.018551995,99571996,,inst_retired.any,82954110,100.00,228.8,IpMispredict
    10.018551995,698834,,br_misp_retired.all_branches,82954110,100.00,,
    10.118747594,99893485,,inst_retired.any,83059564,100.00,228.1,IpMispredict
    10.118747594,704160,,br_misp_retired.all_branches,83059564,100.00,,
    10.218935096,64199510,,inst_retired.any,53281701,100.00,146.6,IpMispredict
    10.218935096,450927,,br_misp_retired.all_branches,53281701,100.00,,
    10.319119790,<not counted>,,inst_retired.any,0,100.00,,
    10.319119790,<not counted>,,br_misp_retired.all_branches,0,100.00,,
    10.419304442,<not counted>,,inst_retired.any,0,100.00,,
    10.419304442,<not counted>,,br_misp_retired.all_branches,0,100.00,,
    10.519473634,<not counted>,,inst_retired.any,0,100.00,,
    10.519473634,<not counted>,,br_misp_retired.all_branches,0,100.00,,
    10.619646552,10476318,,inst_retired.any,13443973,100.00,24.8,IpMispredict
    10.619646552,95127,,br_misp_retired.all_branches,13443973,100.00,,
    10.719838165,99825997,,inst_retired.any,83215505,100.00,234.8,IpMispredict
    10.719838165,710202,,br_misp_retired.all_branches,83215505,100.00,,
    10.820024653,99657919,,inst_retired.any,83077817,100.00,233.0,IpMispredict
    10.820024653,701776,,br_misp_retired.all_branches,83077817,100.00,,
    10.920216872,99741229,,inst_retired.any,83038464,100.00,231.9,IpMispredict
    10.920216872,698897,,br_misp_retired.all_branches,83038464,100.00,,
    11.020410009,99934385,,inst_retired.any,83263217,100.00,231.0,IpMispredict
    11.020410009,702331,,br_misp_retired.all_branches,83263217,100.00,,
