# started on Tue May  2 15:50:56 2023

     0.100161108,8850331,,offcore_response.all_requests.llc_hit.any_response,74852578,100.00,,
     0.100161108,806,,offcore_response.all_requests.llc_miss.any_response,74853968,100.00,,
     0.200391985,8934226,,offcore_response.all_requests.llc_hit.any_response,75304635,100.00,,
     0.200391985,785,,offcore_response.all_requests.llc_miss.any_response,75285203,100.00,,
     0.300579950,8867408,,offcore_response.all_requests.llc_hit.any_response,74869571,100.00,,
     0.300579950,733,,offcore_response.all_requests.llc_miss.any_response,74869571,100.00,,
     0.400768630,8809308,,offcore_response.all_requests.llc_hit.any_response,74545999,100.00,,
     0.400768630,565,,offcore_response.all_requests.llc_miss.any_response,74561062,100.00,,
     0.500956234,7720411,,offcore_response.all_requests.llc_hit.any_response,65257173,100.00,,
     0.500956234,766,,offcore_response.all_requests.llc_miss.any_response,65242110,100.00,,
     0.601139773,<not counted>,,offcore_response.all_requests.llc_hit.any_response,0,100.00,,
     0.601139773,<not counted>,,offcore_response.all_requests.llc_miss.any_response,0,100.00,,
     0.701320612,<not counted>,,offcore_response.all_requests.llc_hit.any_response,0,100.00,,
     0.701320612,<not counted>,,offcore_response.all_requests.llc_miss.any_response,0,100.00,,
     0.801500718,180097,,offcore_response.all_requests.llc_hit.any_response,3449609,100.00,,
     0.801500718,610,,offcore_response.all_requests.llc_miss.any_response,3462632,100.00,,
     0.901692036,9372202,,offcore_response.all_requests.llc_hit.any_response,83237659,100.00,,
     0.901692036,814,,offcore_response.all_requests.llc_miss.any_response,83249655,100.00,,
     1.001879503,7593804,,offcore_response.all_requests.llc_hit.any_response,65289057,100.00,,
     1.001879503,700,,offcore_response.all_requests.llc_miss.any_response,65264038,100.00,,
     1.102065361,614609,,offcore_response.all_requests.llc_hit.any_response,9897452,100.00,,
     1.102065361,90,,offcore_response.all_requests.llc_miss.any_response,9911113,100.00,,
     1.202255453,9869586,,offcore_response.all_requests.llc_hit.any_response,83594563,100.00,,
     1.202255453,709,,offcore_response.all_requests.llc_miss.any_response,83593289,100.00,,
     1.302444380,9840678,,offcore_response.all_requests.llc_hit.any_response,83451335,100.00,,
     1.302444380,773,,offcore_response.all_requests.llc_miss.any_response,83458384,100.00,,
     1.402634427,9862692,,offcore_response.all_requests.llc_hit.any_response,83466812,100.00,,
     1.402634427,818,,offcore_response.all_requests.llc_miss.any_response,83458012,100.00,,
     1.502830239,9866488,,offcore_response.all_requests.llc_hit.any_response,83372141,100.00,,
     1.502830239,850,,offcore_response.all_requests.llc_miss.any_response,83377923,100.00,,
     1.603020673,7070026,,offcore_response.all_requests.llc_hit.any_response,59744262,100.00,,
     1.603020673,603,,offcore_response.all_requests.llc_miss.any_response,59727844,100.00,,
     1.703206861,<not counted>,,offcore_response.all_requests.llc_hit.any_response,0,100.00,,
     1.703206861,<not counted>,,offcore_response.all_requests.llc_miss.any_response,0,100.00,,
     1.803387876,<not counted>,,offcore_response.all_requests.llc_hit.any_response,0,100.00,,
     1.803387876,<not counted>,,offcore_response.all_requests.llc_miss.any_response,0,100.00,,
     1.903576216,588968,,offcore_response.all_requests.llc_hit.any_response,10263108,100.00,,
     1.903576216,151,,offcore_response.all_requests.llc_miss.any_response,10289269,100.00,,
     2.003781394,9699393,,offcore_response.all_requests.llc_hit.any_response,83408521,100.00,,
     2.003781394,779,,offcore_response.all_requests.llc_miss.any_response,83391081,100.00,,
     2.103969429,6521586,,offcore_response.all_requests.llc_hit.any_response,56309428,100.00,,
     2.103969429,649,,offcore_response.all_requests.llc_miss.any_response,56300707,100.00,,
     2.204155265,703114,,offcore_response.all_requests.llc_hit.any_response,10817818,100.00,,
     2.204155265,91,,offcore_response.all_requests.llc_miss.any_response,10837524,100.00,,
     2.304368442,9851560,,offcore_response.all_requests.llc_hit.any_response,83190541,100.00,,
     2.304368442,897,,offcore_response.all_requests.llc_miss.any_response,83177579,100.00,,
     2.404562286,9856535,,offcore_response.all_requests.llc_hit.any_response,83460417,100.00,,
     2.404562286,906,,offcore_response.all_requests.llc_miss.any_response,83472879,100.00,,
     2.504753486,9932978,,offcore_response.all_requests.llc_hit.any_response,83489147,100.00,,
     2.504753486,735,,offcore_response.all_requests.llc_miss.any_response,83489172,100.00,,
     2.604945373,9910425,,offcore_response.all_requests.llc_hit.any_response,83454502,100.00,,
     2.604945373,893,,offcore_response.all_requests.llc_miss.any_response,83454666,100.00,,
     2.705134303,6255451,,offcore_response.all_requests.llc_hit.any_response,52695386,100.00,,
     2.705134303,470,,offcore_response.all_requests.llc_miss.any_response,52675991,100.00,,
     2.805318329,<not counted>,,offcore_response.all_requests.llc_hit.any_response,0,100.00,,
     2.805318329,<not counted>,,offcore_response.all_requests.llc_miss.any_response,0,100.00,,
     2.905498925,<not counted>,,offcore_response.all_requests.llc_hit.any_response,0,100.00,,
     2.905498925,<not counted>,,offcore_response.all_requests.llc_miss.any_response,0,100.00,,
     3.005682468,1348304,,offcore_response.all_requests.llc_hit.any_response,16309517,100.00,,
     3.005682468,159,,offcore_response.all_requests.llc_miss.any_response,16329271,100.00,,
     3.105874202,9639762,,offcore_response.all_requests.llc_hit.any_response,83368907,100.00,,
     3.105874202,770,,offcore_response.all_requests.llc_miss.any_response,83368378,100.00,,
     3.206063396,5569259,,offcore_response.all_requests.llc_hit.any_response,47818714,100.00,,
     3.206063396,550,,offcore_response.all_requests.llc_miss.any_response,47799489,100.00,,
     3.306251688,1618156,,offcore_response.all_requests.llc_hit.any_response,18842967,100.00,,
     3.306251688,198,,offcore_response.all_requests.llc_miss.any_response,18862514,100.00,,
     3.406443556,9606937,,offcore_response.all_requests.llc_hit.any_response,83351721,100.00,,
     3.406443556,839,,offcore_response.all_requests.llc_miss.any_response,83351340,100.00,,
     3.506635219,9671653,,offcore_response.all_requests.llc_hit.any_response,83539622,100.00,,
     3.506635219,950,,offcore_response.all_requests.llc_miss.any_response,83539752,100.00,,
     3.606827310,9692430,,offcore_response.all_requests.llc_hit.any_response,83494616,100.00,,
     3.606827310,747,,offcore_response.all_requests.llc_miss.any_response,83494565,100.00,,
     3.707020473,9662468,,offcore_response.all_requests.llc_hit.any_response,83363533,100.00,,
     3.707020473,685,,offcore_response.all_requests.llc_miss.any_response,83363652,100.00,,
     3.807209994,5254768,,offcore_response.all_requests.llc_hit.any_response,45221112,100.00,,
     3.807209994,491,,offcore_response.all_requests.llc_miss.any_response,45201748,100.00,,
     3.907396187,<not counted>,,offcore_response.all_requests.llc_hit.any_response,0,100.00,,
     3.907396187,<not counted>,,offcore_response.all_requests.llc_miss.any_response,0,100.00,,
     4.007579898,<not counted>,,offcore_response.all_requests.llc_hit.any_response,0,100.00,,
     4.007579898,<not counted>,,offcore_response.all_requests.llc_miss.any_response,0,100.00,,
     4.107763743,2171709,,offcore_response.all_requests.llc_hit.any_response,22724202,100.00,,
     4.107763743,220,,offcore_response.all_requests.llc_miss.any_response,22739704,100.00,,
     4.207954508,9933146,,offcore_response.all_requests.llc_hit.any_response,83622640,100.00,,
     4.207954508,824,,offcore_response.all_requests.llc_miss.any_response,83626352,100.00,,
     4.308142546,5012660,,offcore_response.all_requests.llc_hit.any_response,42112667,100.00,,
     4.308142546,427,,offcore_response.all_requests.llc_miss.any_response,42093453,100.00,,
     4.408329331,2434746,,offcore_response.all_requests.llc_hit.any_response,25598835,100.00,,
     4.408329331,206,,offcore_response.all_requests.llc_miss.any_response,25618667,100.00,,
     4.508541150,9882773,,offcore_response.all_requests.llc_hit.any_response,83462148,100.00,,
     4.508541150,684,,offcore_response.all_requests.llc_miss.any_response,83461523,100.00,,
     4.608733844,9828214,,offcore_response.all_requests.llc_hit.any_response,83327991,100.00,,
     4.608733844,877,,offcore_response.all_requests.llc_miss.any_response,83328073,100.00,,
     4.708926463,9906205,,offcore_response.all_requests.llc_hit.any_response,83423668,100.00,,
     4.708926463,894,,offcore_response.all_requests.llc_miss.any_response,83423530,100.00,,
     4.809118646,9857779,,offcore_response.all_requests.llc_hit.any_response,83375899,100.00,,
     4.809118646,646,,offcore_response.all_requests.llc_miss.any_response,83366878,100.00,,
     4.909308352,4548827,,offcore_response.all_requests.llc_hit.any_response,38482247,100.00,,
     4.909308352,418,,offcore_response.all_requests.llc_miss.any_response,38472117,100.00,,
     5.009492763,<not counted>,,offcore_response.all_requests.llc_hit.any_response,0,100.00,,
     5.009492763,<not counted>,,offcore_response.all_requests.llc_miss.any_response,0,100.00,,
     5.109673138,<not counted>,,offcore_response.all_requests.llc_hit.any_response,0,100.00,,
     5.109673138,<not counted>,,offcore_response.all_requests.llc_miss.any_response,0,100.00,,
     5.209855261,3002047,,offcore_response.all_requests.llc_hit.any_response,29550883,100.00,,
     5.209855261,268,,offcore_response.all_requests.llc_miss.any_response,29570570,100.00,,
     5.310043920,9894945,,offcore_response.all_requests.llc_hit.any_response,83454297,100.00,,
     5.310043920,906,,offcore_response.all_requests.llc_miss.any_response,83441170,100.00,,
     5.410232981,4113574,,offcore_response.all_requests.llc_hit.any_response,34677979,100.00,,
     5.410232981,308,,offcore_response.all_requests.llc_miss.any_response,34671419,100.00,,
     5.510421483,3203392,,offcore_response.all_requests.llc_hit.any_response,33168941,100.00,,
     5.510421483,309,,offcore_response.all_requests.llc_miss.any_response,33174579,100.00,,
     5.610615615,9651641,,offcore_response.all_requests.llc_hit.any_response,83394034,100.00,,
     5.610615615,735,,offcore_response.all_requests.llc_miss.any_response,83407614,100.00,,
     5.710807339,9683914,,offcore_response.all_requests.llc_hit.any_response,83493016,100.00,,
     5.710807339,846,,offcore_response.all_requests.llc_miss.any_response,83488870,100.00,,
     5.811005264,9701350,,offcore_response.all_requests.llc_hit.any_response,83618841,100.00,,
     5.811005264,796,,offcore_response.all_requests.llc_miss.any_response,83622954,100.00,,
     5.911198087,9721191,,offcore_response.all_requests.llc_hit.any_response,83571821,100.00,,
     5.911198087,862,,offcore_response.all_requests.llc_miss.any_response,83572025,100.00,,
     6.011388451,3841760,,offcore_response.all_requests.llc_hit.any_response,33029772,100.00,,
     6.011388451,308,,offcore_response.all_requests.llc_miss.any_response,33010383,100.00,,
     6.111575794,<not counted>,,offcore_response.all_requests.llc_hit.any_response,0,100.00,,
     6.111575794,<not counted>,,offcore_response.all_requests.llc_miss.any_response,0,100.00,,
     6.211757248,<not counted>,,offcore_response.all_requests.llc_hit.any_response,0,100.00,,
     6.211757248,<not counted>,,offcore_response.all_requests.llc_miss.any_response,0,100.00,,
     6.311941288,3712064,,offcore_response.all_requests.llc_hit.any_response,36897662,100.00,,
     6.311941288,319,,offcore_response.all_requests.llc_miss.any_response,36906325,100.00,,
     6.412131223,9668280,,offcore_response.all_requests.llc_hit.any_response,83478424,100.00,,
     6.412131223,757,,offcore_response.all_requests.llc_miss.any_response,83482767,100.00,,
     6.512318814,3343100,,offcore_response.all_requests.llc_hit.any_response,28668525,100.00,,
     6.512318814,289,,offcore_response.all_requests.llc_miss.any_response,28655519,100.00,,
     6.612504925,3905565,,offcore_response.all_requests.llc_hit.any_response,38875916,100.00,,
     6.612504925,326,,offcore_response.all_requests.llc_miss.any_response,38895552,100.00,,
     6.712719939,9881507,,offcore_response.all_requests.llc_hit.any_response,83400797,100.00,,
     6.712719939,776,,offcore_response.all_requests.llc_miss.any_response,83400434,100.00,,
     6.812910733,9899268,,offcore_response.all_requests.llc_hit.any_response,83453410,100.00,,
     6.812910733,844,,offcore_response.all_requests.llc_miss.any_response,83448416,100.00,,
     6.913101568,9931900,,offcore_response.all_requests.llc_hit.any_response,83573345,100.00,,
     6.913101568,782,,offcore_response.all_requests.llc_miss.any_response,83578160,100.00,,
     7.013294465,9869413,,offcore_response.all_requests.llc_hit.any_response,83602657,100.00,,
     7.013294465,866,,offcore_response.all_requests.llc_miss.any_response,83600213,100.00,,
     7.113487978,2957283,,offcore_response.all_requests.llc_hit.any_response,25179840,100.00,,
     7.113487978,289,,offcore_response.all_requests.llc_miss.any_response,25163190,100.00,,
     7.213672195,<not counted>,,offcore_response.all_requests.llc_hit.any_response,0,100.00,,
     7.213672195,<not counted>,,offcore_response.all_requests.llc_miss.any_response,0,100.00,,
     7.313849195,<not counted>,,offcore_response.all_requests.llc_hit.any_response,0,100.00,,
     7.313849195,<not counted>,,offcore_response.all_requests.llc_miss.any_response,0,100.00,,
     7.414032865,4718601,,offcore_response.all_requests.llc_hit.any_response,44208457,100.00,,
     7.414032865,440,,offcore_response.all_requests.llc_miss.any_response,44228060,100.00,,
     7.514224752,9902546,,offcore_response.all_requests.llc_hit.any_response,83506601,100.00,,
     7.514224752,864,,offcore_response.all_requests.llc_miss.any_response,83506340,100.00,,
     7.614411469,2400247,,offcore_response.all_requests.llc_hit.any_response,20275220,100.00,,
     7.614411469,166,,offcore_response.all_requests.llc_miss.any_response,20255878,100.00,,
     7.714599506,5088526,,offcore_response.all_requests.llc_hit.any_response,47114374,100.00,,
     7.714599506,397,,offcore_response.all_requests.llc_miss.any_response,47133984,100.00,,
     7.814791787,9779348,,offcore_response.all_requests.llc_hit.any_response,82985829,100.00,,
     7.814791787,886,,offcore_response.all_requests.llc_miss.any_response,82983614,100.00,,
     7.914982405,9831155,,offcore_response.all_requests.llc_hit.any_response,83418206,100.00,,
     7.914982405,940,,offcore_response.all_requests.llc_miss.any_response,83420294,100.00,,
     8.015179962,9907172,,offcore_response.all_requests.llc_hit.any_response,83410074,100.00,,
     8.015179962,918,,offcore_response.all_requests.llc_miss.any_response,83406258,100.00,,
     8.115370664,9919185,,offcore_response.all_requests.llc_hit.any_response,83460899,100.00,,
     8.115370664,1032,,offcore_response.all_requests.llc_miss.any_response,83455419,100.00,,
     8.215557764,978304,,offcore_response.all_requests.llc_hit.any_response,8284744,100.00,,
     8.215557764,96,,offcore_response.all_requests.llc_miss.any_response,8274557,100.00,,
     8.315744052,<not counted>,,offcore_response.all_requests.llc_hit.any_response,0,100.00,,
     8.315744052,<not counted>,,offcore_response.all_requests.llc_miss.any_response,0,100.00,,
     8.415923450,<not counted>,,offcore_response.all_requests.llc_hit.any_response,0,100.00,,
     8.415923450,<not counted>,,offcore_response.all_requests.llc_miss.any_response,0,100.00,,
     8.516109342,6500160,,offcore_response.all_requests.llc_hit.any_response,60849414,100.00,,
     8.516109342,538,,offcore_response.all_requests.llc_miss.any_response,60857194,100.00,,
     8.616303097,9631584,,offcore_response.all_requests.llc_hit.any_response,83525109,100.00,,
     8.616303097,822,,offcore_response.all_requests.llc_miss.any_response,83536581,100.00,,
     8.716492908,1104574,,offcore_response.all_requests.llc_hit.any_response,9563210,100.00,,
     8.716492908,52,,offcore_response.all_requests.llc_miss.any_response,9543958,100.00,,
     8.816678277,6576555,,offcore_response.all_requests.llc_hit.any_response,60577938,100.00,,
     8.816678277,630,,offcore_response.all_requests.llc_miss.any_response,60597728,100.00,,
     8.916891580,9662755,,offcore_response.all_requests.llc_hit.any_response,83344158,100.00,,
     8.916891580,696,,offcore_response.all_requests.llc_miss.any_response,83329781,100.00,,
     9.017078175,9704204,,offcore_response.all_requests.llc_hit.any_response,83575226,100.00,,
     9.017078175,837,,offcore_response.all_requests.llc_miss.any_response,83576170,100.00,,
     9.117272455,9688036,,offcore_response.all_requests.llc_hit.any_response,83375166,100.00,,
     9.117272455,743,,offcore_response.all_requests.llc_miss.any_response,83387863,100.00,,
     9.217462645,9758382,,offcore_response.all_requests.llc_hit.any_response,83659269,100.00,,
     9.217462645,739,,offcore_response.all_requests.llc_miss.any_response,83659409,100.00,,
     9.317648060,634767,,offcore_response.all_requests.llc_hit.any_response,5482243,100.00,,
     9.317648060,97,,offcore_response.all_requests.llc_miss.any_response,5463049,100.00,,
     9.417829443,<not counted>,,offcore_response.all_requests.llc_hit.any_response,0,100.00,,
     9.417829443,<not counted>,,offcore_response.all_requests.llc_miss.any_response,0,100.00,,
     9.518009694,<not counted>,,offcore_response.all_requests.llc_hit.any_response,0,100.00,,
     9.518009694,<not counted>,,offcore_response.all_requests.llc_miss.any_response,0,100.00,,
     9.618190428,6721977,,offcore_response.all_requests.llc_hit.any_response,62382745,100.00,,
     9.618190428,504,,offcore_response.all_requests.llc_miss.any_response,62402540,100.00,,
     9.718387073,9573176,,offcore_response.all_requests.llc_hit.any_response,82530261,100.00,,
     9.718387073,681,,offcore_response.all_requests.llc_miss.any_response,82510466,100.00,,
     9.818575702,<not counted>,,offcore_response.all_requests.llc_hit.any_response,0,100.00,,
     9.818575702,<not counted>,,offcore_response.all_requests.llc_miss.any_response,0,100.00,,
     9.918757216,7275865,,offcore_response.all_requests.llc_hit.any_response,66775940,100.00,,
     9.918757216,611,,offcore_response.all_requests.llc_miss.any_response,66795615,100.00,,
    10.018949707,9920838,,offcore_response.all_requests.llc_hit.any_response,83510123,100.00,,
    10.018949707,892,,offcore_response.all_requests.llc_miss.any_response,83509710,100.00,,
    10.119175753,9921954,,offcore_response.all_requests.llc_hit.any_response,83641755,100.00,,
    10.119175753,953,,offcore_response.all_requests.llc_miss.any_response,83641740,100.00,,
    10.219365640,9879957,,offcore_response.all_requests.llc_hit.any_response,83250014,100.00,,
    10.219365640,793,,offcore_response.all_requests.llc_miss.any_response,83245368,100.00,,
    10.319554827,9658217,,offcore_response.all_requests.llc_hit.any_response,81335436,100.00,,
    10.319554827,871,,offcore_response.all_requests.llc_miss.any_response,81320835,100.00,,
    10.419742007,<not counted>,,offcore_response.all_requests.llc_hit.any_response,0,100.00,,
    10.419742007,<not counted>,,offcore_response.all_requests.llc_miss.any_response,0,100.00,,
    10.519922850,<not counted>,,offcore_response.all_requests.llc_hit.any_response,0,100.00,,
    10.519922850,<not counted>,,offcore_response.all_requests.llc_miss.any_response,0,100.00,,
    10.620104565,<not counted>,,offcore_response.all_requests.llc_hit.any_response,0,100.00,,
    10.620104565,<not counted>,,offcore_response.all_requests.llc_miss.any_response,0,100.00,,
    10.720291307,7612515,,offcore_response.all_requests.llc_hit.any_response,69926659,100.00,,
    10.720291307,598,,offcore_response.all_requests.llc_miss.any_response,69946284,100.00,,
    10.820485022,8859428,,offcore_response.all_requests.llc_hit.any_response,76102583,100.00,,
    10.820485022,725,,offcore_response.all_requests.llc_miss.any_response,76082958,100.00,,
    10.920673853,<not counted>,,offcore_response.all_requests.llc_hit.any_response,0,100.00,,
    10.920673853,<not counted>,,offcore_response.all_requests.llc_miss.any_response,0,100.00,,
    11.020855478,8100472,,offcore_response.all_requests.llc_hit.any_response,75200494,100.00,,
    11.020855478,744,,offcore_response.all_requests.llc_miss.any_response,75220194,100.00,,
