# started on Tue May  2 15:48:17 2023

     0.100130435,1829880,,mem_load_uops_retired.l1_miss,75759708,100.00,20.2,L1MPKI
     0.100130435,90629895,,inst_retired.any,75759708,100.00,,
     0.200371964,1812759,,mem_load_uops_retired.l1_miss,74360176,100.00,20.1,L1MPKI
     0.200371964,89792733,,inst_retired.any,74360176,100.00,,
     0.300566855,1811044,,mem_load_uops_retired.l1_miss,74502830,100.00,20.1,L1MPKI
     0.300566855,89750606,,inst_retired.any,74502830,100.00,,
     0.400759357,1821580,,mem_load_uops_retired.l1_miss,74783954,100.00,20.2,L1MPKI
     0.400759357,90231860,,inst_retired.any,74783954,100.00,,
     0.500951441,1116353,,mem_load_uops_retired.l1_miss,45925589,100.00,13.4,L1MPKI
     0.500951441,55298442,,inst_retired.any,45925589,100.00,,
     0.601141811,<not counted>,,mem_load_uops_retired.l1_miss,0,100.00,,
     0.601141811,<not counted>,,inst_retired.any,0,100.00,,
     0.701313402,<not counted>,,mem_load_uops_retired.l1_miss,0,100.00,,
     0.701313402,<not counted>,,inst_retired.any,0,100.00,,
     0.801487369,565210,,mem_load_uops_retired.l1_miss,27424861,100.00,10.2,L1MPKI
     0.801487369,27432152,,inst_retired.any,27424861,100.00,,
     0.901683487,2039844,,mem_load_uops_retired.l1_miss,82862067,100.00,33.8,L1MPKI
     0.901683487,99911805,,inst_retired.any,82862067,100.00,,
     1.001876424,1066578,,mem_load_uops_retired.l1_miss,43375040,100.00,17.9,L1MPKI
     1.001876424,52284023,,inst_retired.any,43375040,100.00,,
     1.102068650,702324,,mem_load_uops_retired.l1_miss,32951108,100.00,12.3,L1MPKI
     1.102068650,34206012,,inst_retired.any,32951108,100.00,,
     1.202260628,2021977,,mem_load_uops_retired.l1_miss,83109965,100.00,33.3,L1MPKI
     1.202260628,99759260,,inst_retired.any,83109965,100.00,,
     1.302456693,2028021,,mem_load_uops_retired.l1_miss,82994296,100.00,31.8,L1MPKI
     1.302456693,100102595,,inst_retired.any,82994296,100.00,,
     1.402652826,2027565,,mem_load_uops_retired.l1_miss,83058513,100.00,30.5,L1MPKI
     1.402652826,100300368,,inst_retired.any,83058513,100.00,,
     1.502850394,2032865,,mem_load_uops_retired.l1_miss,83119987,100.00,29.6,L1MPKI
     1.502850394,100405771,,inst_retired.any,83119987,100.00,,
     1.603044025,822545,,mem_load_uops_retired.l1_miss,33724906,100.00,12.3,L1MPKI
     1.603044025,40667512,,inst_retired.any,33724906,100.00,,
     1.703232423,<not counted>,,mem_load_uops_retired.l1_miss,0,100.00,,
     1.703232423,<not counted>,,inst_retired.any,0,100.00,,
     1.803404400,<not counted>,,mem_load_uops_retired.l1_miss,0,100.00,,
     1.803404400,<not counted>,,inst_retired.any,0,100.00,,
     1.903615379,727228,,mem_load_uops_retired.l1_miss,34433259,100.00,12.5,L1MPKI
     1.903615379,35653573,,inst_retired.any,34433259,100.00,,
     2.003816127,2021840,,mem_load_uops_retired.l1_miss,83098092,100.00,33.5,L1MPKI
     2.003816127,100106996,,inst_retired.any,83098092,100.00,,
     2.104008210,759819,,mem_load_uops_retired.l1_miss,31291590,100.00,12.8,L1MPKI
     2.104008210,37534190,,inst_retired.any,31291590,100.00,,
     2.204199624,810736,,mem_load_uops_retired.l1_miss,37183336,100.00,13.9,L1MPKI
     2.204199624,39452349,,inst_retired.any,37183336,100.00,,
     2.304392688,2028839,,mem_load_uops_retired.l1_miss,82841951,100.00,33.7,L1MPKI
     2.304392688,99875436,,inst_retired.any,82841951,100.00,,
     2.404584562,2022455,,mem_load_uops_retired.l1_miss,83014549,100.00,32.7,L1MPKI
     2.404584562,100021426,,inst_retired.any,83014549,100.00,,
     2.504778512,2031688,,mem_load_uops_retired.l1_miss,83014750,100.00,32.1,L1MPKI
     2.504778512,100227878,,inst_retired.any,83014750,100.00,,
     2.604974492,2031282,,mem_load_uops_retired.l1_miss,83031013,100.00,31.4,L1MPKI
     2.604974492,100183846,,inst_retired.any,83031013,100.00,,
     2.705166323,686709,,mem_load_uops_retired.l1_miss,28126747,100.00,10.8,L1MPKI
     2.705166323,33946532,,inst_retired.any,28126747,100.00,,
     2.805353550,<not counted>,,mem_load_uops_retired.l1_miss,0,100.00,,
     2.805353550,<not counted>,,inst_retired.any,0,100.00,,
     2.905525432,<not counted>,,mem_load_uops_retired.l1_miss,0,100.00,,
     2.905525432,<not counted>,,inst_retired.any,0,100.00,,
     3.005722349,899602,,mem_load_uops_retired.l1_miss,40998204,100.00,15.3,L1MPKI
     3.005722349,44017296,,inst_retired.any,40998204,100.00,,
     3.105918657,2012956,,mem_load_uops_retired.l1_miss,82886412,100.00,33.5,L1MPKI
     3.105918657,99493351,,inst_retired.any,82886412,100.00,,
     3.206112985,595520,,mem_load_uops_retired.l1_miss,24383552,100.00,10.1,L1MPKI
     3.206112985,29428532,,inst_retired.any,24383552,100.00,,
     3.306304877,952787,,mem_load_uops_retired.l1_miss,43072563,100.00,16.2,L1MPKI
     3.306304877,46724898,,inst_retired.any,43072563,100.00,,
     3.406499882,2014297,,mem_load_uops_retired.l1_miss,82919397,100.00,33.6,L1MPKI
     3.406499882,99655373,,inst_retired.any,82919397,100.00,,
     3.506695063,2022021,,mem_load_uops_retired.l1_miss,82873394,100.00,33.1,L1MPKI
     3.506695063,99888858,,inst_retired.any,82873394,100.00,,
     3.606889356,2019935,,mem_load_uops_retired.l1_miss,83022647,100.00,32.5,L1MPKI
     3.606889356,99829584,,inst_retired.any,83022647,100.00,,
     3.707086090,2020846,,mem_load_uops_retired.l1_miss,83040537,100.00,32.0,L1MPKI
     3.707086090,99760428,,inst_retired.any,83040537,100.00,,
     3.807276544,552282,,mem_load_uops_retired.l1_miss,22646195,100.00,8.9,L1MPKI
     3.807276544,27323815,,inst_retired.any,22646195,100.00,,
     3.907490981,<not counted>,,mem_load_uops_retired.l1_miss,0,100.00,,
     3.907490981,<not counted>,,inst_retired.any,0,100.00,,
     4.007665537,<not counted>,,mem_load_uops_retired.l1_miss,0,100.00,,
     4.007665537,<not counted>,,inst_retired.any,0,100.00,,
     4.107840481,1013804,,mem_load_uops_retired.l1_miss,46272326,100.00,17.2,L1MPKI
     4.107840481,50084361,,inst_retired.any,46272326,100.00,,
     4.208036829,2011946,,mem_load_uops_retired.l1_miss,82897053,100.00,33.6,L1MPKI
     4.208036829,99483735,,inst_retired.any,82897053,100.00,,
     4.308228089,474339,,mem_load_uops_retired.l1_miss,19444638,100.00,8.0,L1MPKI
     4.308228089,23478875,,inst_retired.any,19444638,100.00,,
     4.408419201,1070383,,mem_load_uops_retired.l1_miss,48110791,100.00,18.2,L1MPKI
     4.408419201,52255781,,inst_retired.any,48110791,100.00,,
     4.508614881,2028225,,mem_load_uops_retired.l1_miss,82872753,100.00,33.9,L1MPKI
     4.508614881,99970165,,inst_retired.any,82872753,100.00,,
     4.608808886,2019426,,mem_load_uops_retired.l1_miss,82887839,100.00,33.3,L1MPKI
     4.608808886,99521290,,inst_retired.any,82887839,100.00,,
     4.709000527,2022995,,mem_load_uops_retired.l1_miss,82915629,100.00,32.9,L1MPKI
     4.709000527,99875535,,inst_retired.any,82915629,100.00,,
     4.809196497,2027898,,mem_load_uops_retired.l1_miss,82947537,100.00,32.6,L1MPKI
     4.809196497,100014052,,inst_retired.any,82947537,100.00,,
     4.909387643,372367,,mem_load_uops_retired.l1_miss,15267901,100.00,6.1,L1MPKI
     4.909387643,18378656,,inst_retired.any,15267901,100.00,,
     5.009577454,<not counted>,,mem_load_uops_retired.l1_miss,0,100.00,,
     5.009577454,<not counted>,,inst_retired.any,0,100.00,,
     5.109751290,<not counted>,,mem_load_uops_retired.l1_miss,0,100.00,,
     5.109751290,<not counted>,,inst_retired.any,0,100.00,,
     5.209925747,1177839,,mem_load_uops_retired.l1_miss,52515036,100.00,20.0,L1MPKI
     5.209925747,57668088,,inst_retired.any,52515036,100.00,,
     5.310120828,2021998,,mem_load_uops_retired.l1_miss,82926406,100.00,33.9,L1MPKI
     5.310120828,99827254,,inst_retired.any,82926406,100.00,,
     5.410312341,368637,,mem_load_uops_retired.l1_miss,15062182,100.00,6.3,L1MPKI
     5.410312341,18269142,,inst_retired.any,15062182,100.00,,
     5.510502980,1214106,,mem_load_uops_retired.l1_miss,53367469,100.00,20.6,L1MPKI
     5.510502980,59324270,,inst_retired.any,53367469,100.00,,
     5.610698295,2025355,,mem_load_uops_retired.l1_miss,82928843,100.00,33.9,L1MPKI
     5.610698295,99879161,,inst_retired.any,82928843,100.00,,
     5.710893839,2020905,,mem_load_uops_retired.l1_miss,82889717,100.00,33.5,L1MPKI
     5.710893839,99993211,,inst_retired.any,82889717,100.00,,
     5.811108181,2023702,,mem_load_uops_retired.l1_miss,82970936,100.00,33.1,L1MPKI
     5.811108181,100150013,,inst_retired.any,82970936,100.00,,
     5.911302782,2026912,,mem_load_uops_retired.l1_miss,82932028,100.00,32.8,L1MPKI
     5.911302782,100288621,,inst_retired.any,82932028,100.00,,
     6.011495920,229333,,mem_load_uops_retired.l1_miss,9436289,100.00,3.8,L1MPKI
     6.011495920,11378911,,inst_retired.any,9436289,100.00,,
     6.111684602,<not counted>,,mem_load_uops_retired.l1_miss,0,100.00,,
     6.111684602,<not counted>,,inst_retired.any,0,100.00,,
     6.211854521,<not counted>,,mem_load_uops_retired.l1_miss,0,100.00,,
     6.211854521,<not counted>,,inst_retired.any,0,100.00,,
     6.312032453,1336741,,mem_load_uops_retired.l1_miss,58678376,100.00,22.6,L1MPKI
     6.312032453,65121852,,inst_retired.any,58678376,100.00,,
     6.412228162,2024313,,mem_load_uops_retired.l1_miss,82986698,100.00,33.9,L1MPKI
     6.412228162,99917966,,inst_retired.any,82986698,100.00,,
     6.512422147,219604,,mem_load_uops_retired.l1_miss,8943422,100.00,3.7,L1MPKI
     6.512422147,10789582,,inst_retired.any,8943422,100.00,,
     6.612614708,1337505,,mem_load_uops_retired.l1_miss,60152869,100.00,22.7,L1MPKI
     6.612614708,66323108,,inst_retired.any,60152869,100.00,,
     6.712808209,2021733,,mem_load_uops_retired.l1_miss,83156085,100.00,33.9,L1MPKI
     6.712808209,100507359,,inst_retired.any,83156085,100.00,,
     6.813004016,2021465,,mem_load_uops_retired.l1_miss,83162643,100.00,33.6,L1MPKI
     6.813004016,100322036,,inst_retired.any,83162643,100.00,,
     6.913198865,2020604,,mem_load_uops_retired.l1_miss,82967538,100.00,33.2,L1MPKI
     6.913198865,100364313,,inst_retired.any,82967538,100.00,,
     7.013398353,2011981,,mem_load_uops_retired.l1_miss,83067377,100.00,32.8,L1MPKI
     7.013398353,99930703,,inst_retired.any,83067377,100.00,,
     7.113596765,75566,,mem_load_uops_retired.l1_miss,3144536,100.00,1.2,L1MPKI
     7.113596765,3783336,,inst_retired.any,3144536,100.00,,
     7.213785878,<not counted>,,mem_load_uops_retired.l1_miss,0,100.00,,
     7.213785878,<not counted>,,inst_retired.any,0,100.00,,
     7.313958092,<not counted>,,mem_load_uops_retired.l1_miss,0,100.00,,
     7.313958092,<not counted>,,inst_retired.any,0,100.00,,
     7.414132419,1470366,,mem_load_uops_retired.l1_miss,65160784,100.00,24.9,L1MPKI
     7.414132419,72883223,,inst_retired.any,65160784,100.00,,
     7.514330067,2029515,,mem_load_uops_retired.l1_miss,83060622,100.00,34.0,L1MPKI
     7.514330067,100677218,,inst_retired.any,83060622,100.00,,
     7.614522799,18063,,mem_load_uops_retired.l1_miss,768788,100.00,0.3,L1MPKI
     7.614522799,923415,,inst_retired.any,768788,100.00,,
     7.714713704,1571101,,mem_load_uops_retired.l1_miss,68504015,100.00,26.6,L1MPKI
     7.714713704,76855491,,inst_retired.any,68504015,100.00,,
     7.814908846,2029249,,mem_load_uops_retired.l1_miss,83090384,100.00,34.0,L1MPKI
     7.814908846,100254181,,inst_retired.any,83090384,100.00,,
     7.915104378,2037635,,mem_load_uops_retired.l1_miss,83135951,100.00,33.9,L1MPKI
     7.915104378,100625463,,inst_retired.any,83135951,100.00,,
     8.015300363,2036356,,mem_load_uops_retired.l1_miss,83224868,100.00,33.6,L1MPKI
     8.015300363,100472477,,inst_retired.any,83224868,100.00,,
     8.115500427,2015308,,mem_load_uops_retired.l1_miss,82146220,100.00,33.0,L1MPKI
     8.115500427,99499496,,inst_retired.any,82146220,100.00,,
     8.215692279,<not counted>,,mem_load_uops_retired.l1_miss,0,100.00,,
     8.215692279,<not counted>,,inst_retired.any,0,100.00,,
     8.315863202,<not counted>,,mem_load_uops_retired.l1_miss,0,100.00,,
     8.315863202,<not counted>,,inst_retired.any,0,100.00,,
     8.416036734,<not counted>,,mem_load_uops_retired.l1_miss,0,100.00,,
     8.416036734,<not counted>,,inst_retired.any,0,100.00,,
     8.516212681,1575772,,mem_load_uops_retired.l1_miss,69522481,100.00,26.6,L1MPKI
     8.516212681,77956588,,inst_retired.any,69522481,100.00,,
     8.616409610,1868723,,mem_load_uops_retired.l1_miss,76746026,100.00,31.4,L1MPKI
     8.616409610,92545546,,inst_retired.any,76746026,100.00,,
     8.716625355,<not counted>,,mem_load_uops_retired.l1_miss,0,100.00,,
     8.716625355,<not counted>,,inst_retired.any,0,100.00,,
     8.816796210,1693789,,mem_load_uops_retired.l1_miss,74189489,100.00,28.6,L1MPKI
     8.816796210,83110434,,inst_retired.any,74189489,100.00,,
     8.916994880,2024930,,mem_load_uops_retired.l1_miss,82849247,100.00,34.0,L1MPKI
     8.916994880,100558655,,inst_retired.any,82849247,100.00,,
     9.017184893,2029114,,mem_load_uops_retired.l1_miss,83006410,100.00,33.8,L1MPKI
     9.017184893,100622127,,inst_retired.any,83006410,100.00,,
     9.117375524,2026943,,mem_load_uops_retired.l1_miss,82931100,100.00,33.5,L1MPKI
     9.117375524,100997682,,inst_retired.any,82931100,100.00,,
     9.217566768,1851764,,mem_load_uops_retired.l1_miss,76040587,100.00,30.4,L1MPKI
     9.217566768,91936231,,inst_retired.any,76040587,100.00,,
     9.317756926,<not counted>,,mem_load_uops_retired.l1_miss,0,100.00,,
     9.317756926,<not counted>,,inst_retired.any,0,100.00,,
     9.417928352,<not counted>,,mem_load_uops_retired.l1_miss,0,100.00,,
     9.417928352,<not counted>,,inst_retired.any,0,100.00,,
     9.518100175,<not counted>,,mem_load_uops_retired.l1_miss,0,100.00,,
     9.518100175,<not counted>,,inst_retired.any,0,100.00,,
     9.618270557,1773691,,mem_load_uops_retired.l1_miss,76116742,100.00,29.9,L1MPKI
     9.618270557,86636692,,inst_retired.any,76116742,100.00,,
     9.718460807,1666041,,mem_load_uops_retired.l1_miss,68116868,100.00,28.0,L1MPKI
     9.718460807,82115181,,inst_retired.any,68116868,100.00,,
     9.818650042,<not counted>,,mem_load_uops_retired.l1_miss,0,100.00,,
     9.818650042,<not counted>,,inst_retired.any,0,100.00,,
     9.918824085,1873693,,mem_load_uops_retired.l1_miss,80821920,100.00,31.6,L1MPKI
     9.918824085,91982174,,inst_retired.any,80821920,100.00,,
    10.019015739,2026543,,mem_load_uops_retired.l1_miss,82808340,100.00,34.0,L1MPKI
    10.019015739,99570260,,inst_retired.any,82808340,100.00,,
    10.119208448,2029436,,mem_load_uops_retired.l1_miss,82879341,100.00,33.8,L1MPKI
    10.119208448,99671817,,inst_retired.any,82879341,100.00,,
    10.219399545,2032886,,mem_load_uops_retired.l1_miss,83097276,100.00,33.7,L1MPKI
    10.219399545,99921934,,inst_retired.any,83097276,100.00,,
    10.319573016,1661859,,mem_load_uops_retired.l1_miss,67541948,100.00,27.4,L1MPKI
    10.319573016,81694341,,inst_retired.any,67541948,100.00,,
    10.419742642,<not counted>,,mem_load_uops_retired.l1_miss,0,100.00,,
    10.419742642,<not counted>,,inst_retired.any,0,100.00,,
    10.519894130,<not counted>,,mem_load_uops_retired.l1_miss,0,100.00,,
    10.519894130,<not counted>,,inst_retired.any,0,100.00,,
    10.620050073,17269,,mem_load_uops_retired.l1_miss,1707429,100.00,0.3,L1MPKI
    10.620050073,856140,,inst_retired.any,1707429,100.00,,
    10.720247119,1894631,,mem_load_uops_retired.l1_miss,82257022,100.00,32.0,L1MPKI
    10.720247119,93037187,,inst_retired.any,82257022,100.00,,
    10.820437122,1579589,,mem_load_uops_retired.l1_miss,64411944,100.00,26.6,L1MPKI
    10.820437122,77693831,,inst_retired.any,64411944,100.00,,
    10.920625587,57548,,mem_load_uops_retired.l1_miss,3936042,100.00,1.0,L1MPKI
    10.920625587,2783411,,inst_retired.any,3936042,100.00,,
    11.020822562,1953260,,mem_load_uops_retired.l1_miss,82473106,100.00,33.0,L1MPKI
    11.020822562,96363489,,inst_retired.any,82473106,100.00,,
