# started on Mon May  1 19:35:46 2023

     0.100162157,31905058,,inst_retired.any,43287261,100.00,118.9,IpMispredict
     0.100162157,268250,,br_misp_retired.all_branches,43287261,100.00,,
     0.200418084,31614848,,inst_retired.any,42823455,100.00,117.8,IpMispredict
     0.200418084,268603,,br_misp_retired.all_branches,42823455,100.00,,
     0.300596813,31538980,,inst_retired.any,43563596,100.00,119.5,IpMispredict
     0.300596813,255166,,br_misp_retired.all_branches,43563596,100.00,,
     0.400789412,31105102,,inst_retired.any,42057397,100.00,119.9,IpMispredict
     0.400789412,245608,,br_misp_retired.all_branches,42057397,100.00,,
     0.500980861,31896351,,inst_retired.any,43837618,100.00,123.4,IpMispredict
     0.500980861,254283,,br_misp_retired.all_branches,43837618,100.00,,
     0.601167475,31843880,,inst_retired.any,41431462,100.00,122.1,IpMispredict
     0.601167475,273115,,br_misp_retired.all_branches,41431462,100.00,,
     0.701359904,31477656,,inst_retired.any,41285812,100.00,121.4,IpMispredict
     0.701359904,250564,,br_misp_retired.all_branches,41285812,100.00,,
     0.801546278,31408302,,inst_retired.any,42569230,100.00,122.6,IpMispredict
     0.801546278,233648,,br_misp_retired.all_branches,42569230,100.00,,
     0.901738683,32000338,,inst_retired.any,44724172,100.00,123.7,IpMispredict
     0.901738683,279530,,br_misp_retired.all_branches,44724172,100.00,,
     1.001928679,31347353,,inst_retired.any,43066903,100.00,122.1,IpMispredict
     1.001928679,238246,,br_misp_retired.all_branches,43066903,100.00,,
     1.102120560,31390933,,inst_retired.any,43250677,100.00,121.9,IpMispredict
     1.102120560,265650,,br_misp_retired.all_branches,43250677,100.00,,
     1.202298645,31308264,,inst_retired.any,41679784,100.00,121.6,IpMispredict
     1.202298645,257435,,br_misp_retired.all_branches,41679784,100.00,,
     1.302487340,31788655,,inst_retired.any,43871403,100.00,123.5,IpMispredict
     1.302487340,257000,,br_misp_retired.all_branches,43871403,100.00,,
     1.402674586,31324120,,inst_retired.any,42069801,100.00,122.0,IpMispredict
     1.402674586,247860,,br_misp_retired.all_branches,42069801,100.00,,
     1.502862191,31651495,,inst_retired.any,42898127,100.00,123.5,IpMispredict
     1.502862191,250625,,br_misp_retired.all_branches,42898127,100.00,,
     1.603051384,31461561,,inst_retired.any,43818586,100.00,122.8,IpMispredict
     1.603051384,252150,,br_misp_retired.all_branches,43818586,100.00,,
     1.703240502,31621688,,inst_retired.any,43228477,100.00,123.3,IpMispredict
     1.703240502,262452,,br_misp_retired.all_branches,43228477,100.00,,
     1.803428808,31541540,,inst_retired.any,43086777,100.00,123.4,IpMispredict
     1.803428808,241528,,br_misp_retired.all_branches,43086777,100.00,,
     1.903616565,31473879,,inst_retired.any,43068677,100.00,123.4,IpMispredict
     1.903616565,244275,,br_misp_retired.all_branches,43068677,100.00,,
     2.003839460,31718601,,inst_retired.any,43116991,100.00,124.2,IpMispredict
     2.003839460,259661,,br_misp_retired.all_branches,43116991,100.00,,
     2.104025825,31347537,,inst_retired.any,43293213,100.00,123.0,IpMispredict
     2.104025825,244680,,br_misp_retired.all_branches,43293213,100.00,,
     2.204215794,31313374,,inst_retired.any,43062932,100.00,122.9,IpMispredict
     2.204215794,256299,,br_misp_retired.all_branches,43062932,100.00,,
     2.304404056,31949963,,inst_retired.any,43406547,100.00,125.3,IpMispredict
     2.304404056,259967,,br_misp_retired.all_branches,43406547,100.00,,
     2.404590931,31334184,,inst_retired.any,42606295,100.00,122.9,IpMispredict
     2.404590931,251797,,br_misp_retired.all_branches,42606295,100.00,,
     2.504777643,31297069,,inst_retired.any,43011226,100.00,122.9,IpMispredict
     2.504777643,246960,,br_misp_retired.all_branches,43011226,100.00,,
     2.604964498,31400406,,inst_retired.any,43520013,100.00,123.1,IpMispredict
     2.604964498,268434,,br_misp_retired.all_branches,43520013,100.00,,
     2.705156823,31992938,,inst_retired.any,43341476,100.00,125.2,IpMispredict
     2.705156823,267624,,br_misp_retired.all_branches,43341476,100.00,,
     2.805372020,31640382,,inst_retired.any,44459401,100.00,123.5,IpMispredict
     2.805372020,270164,,br_misp_retired.all_branches,44459401,100.00,,
     2.905564904,30939159,,inst_retired.any,41783243,100.00,120.6,IpMispredict
     2.905564904,267945,,br_misp_retired.all_branches,41783243,100.00,,
     3.005757091,31823907,,inst_retired.any,41451572,100.00,124.2,IpMispredict
     3.005757091,248533,,br_misp_retired.all_branches,41451572,100.00,,
     3.105946111,31651356,,inst_retired.any,42697611,100.00,123.8,IpMispredict
     3.105946111,237220,,br_misp_retired.all_branches,42697611,100.00,,
     3.206134283,31556533,,inst_retired.any,43138297,100.00,123.5,IpMispredict
     3.206134283,254364,,br_misp_retired.all_branches,43138297,100.00,,
     3.306326504,31356881,,inst_retired.any,43871016,100.00,122.6,IpMispredict
     3.306326504,263984,,br_misp_retired.all_branches,43871016,100.00,,
     3.406486123,31555538,,inst_retired.any,43261272,100.00,123.4,IpMispredict
     3.406486123,248849,,br_misp_retired.all_branches,43261272,100.00,,
     3.506678100,31534319,,inst_retired.any,43726784,100.00,123.3,IpMispredict
     3.506678100,259400,,br_misp_retired.all_branches,43726784,100.00,,
     3.606866830,31578850,,inst_retired.any,42623983,100.00,123.6,IpMispredict
     3.606866830,246177,,br_misp_retired.all_branches,42623983,100.00,,
     3.707060280,31467922,,inst_retired.any,43630831,100.00,123.0,IpMispredict
     3.707060280,268539,,br_misp_retired.all_branches,43630831,100.00,,
     3.807252375,31495766,,inst_retired.any,41600678,100.00,123.4,IpMispredict
     3.807252375,232501,,br_misp_retired.all_branches,41600678,100.00,,
     3.907447572,31517779,,inst_retired.any,42459295,100.00,123.8,IpMispredict
     3.907447572,230267,,br_misp_retired.all_branches,42459295,100.00,,
     4.007636590,31747123,,inst_retired.any,43999533,100.00,124.5,IpMispredict
     4.007636590,271452,,br_misp_retired.all_branches,43999533,100.00,,
     4.107848924,30938635,,inst_retired.any,41909364,100.00,121.5,IpMispredict
     4.107848924,235584,,br_misp_retired.all_branches,41909364,100.00,,
     4.208044349,31651677,,inst_retired.any,43567885,100.00,124.3,IpMispredict
     4.208044349,257119,,br_misp_retired.all_branches,43567885,100.00,,
     4.308233350,31611150,,inst_retired.any,42434601,100.00,124.4,IpMispredict
     4.308233350,234809,,br_misp_retired.all_branches,42434601,100.00,,
     4.408425708,31473429,,inst_retired.any,43102751,100.00,124.0,IpMispredict
     4.408425708,243914,,br_misp_retired.all_branches,43102751,100.00,,
     4.508619252,31477520,,inst_retired.any,43177594,100.00,123.9,IpMispredict
     4.508619252,258566,,br_misp_retired.all_branches,43177594,100.00,,
     4.608807965,31827008,,inst_retired.any,42543671,100.00,125.2,IpMispredict
     4.608807965,261738,,br_misp_retired.all_branches,42543671,100.00,,
     4.708999635,31032226,,inst_retired.any,42468443,100.00,122.2,IpMispredict
     4.708999635,246581,,br_misp_retired.all_branches,42468443,100.00,,
     4.809186423,32040196,,inst_retired.any,43633594,100.00,126.3,IpMispredict
     4.809186423,237305,,br_misp_retired.all_branches,43633594,100.00,,
     4.909386933,31496933,,inst_retired.any,44110378,100.00,124.0,IpMispredict
     4.909386933,268814,,br_misp_retired.all_branches,44110378,100.00,,
     5.009578028,31585605,,inst_retired.any,40514786,100.00,124.5,IpMispredict
     5.009578028,244695,,br_misp_retired.all_branches,40514786,100.00,,
     5.109774342,31552604,,inst_retired.any,43945323,100.00,124.3,IpMispredict
     5.109774342,257340,,br_misp_retired.all_branches,43945323,100.00,,
     5.209966257,31296719,,inst_retired.any,42544922,100.00,123.1,IpMispredict
     5.209966257,269375,,br_misp_retired.all_branches,42544922,100.00,,
     5.310164992,31298690,,inst_retired.any,43665879,100.00,123.1,IpMispredict
     5.310164992,257201,,br_misp_retired.all_branches,43665879,100.00,,
     5.410354857,31981823,,inst_retired.any,43647761,100.00,125.9,IpMispredict
     5.410354857,247027,,br_misp_retired.all_branches,43647761,100.00,,
     5.510566748,31120343,,inst_retired.any,43416139,100.00,122.4,IpMispredict
     5.510566748,257362,,br_misp_retired.all_branches,43416139,100.00,,
     5.610757933,31972253,,inst_retired.any,42920063,100.00,125.8,IpMispredict
     5.610757933,252756,,br_misp_retired.all_branches,42920063,100.00,,
     5.710949773,31769120,,inst_retired.any,43987594,100.00,124.8,IpMispredict
     5.710949773,273790,,br_misp_retired.all_branches,43987594,100.00,,
     5.811141006,31719014,,inst_retired.any,43965443,100.00,124.6,IpMispredict
     5.811141006,261116,,br_misp_retired.all_branches,43965443,100.00,,
     5.911329171,31281750,,inst_retired.any,41369278,100.00,123.0,IpMispredict
     5.911329171,236526,,br_misp_retired.all_branches,41369278,100.00,,
     6.011491846,31459362,,inst_retired.any,43014579,100.00,123.7,IpMispredict
     6.011491846,252882,,br_misp_retired.all_branches,43014579,100.00,,
     6.111681315,31516206,,inst_retired.any,42567231,100.00,124.1,IpMispredict
     6.111681315,234667,,br_misp_retired.all_branches,42567231,100.00,,
     6.211869386,31577706,,inst_retired.any,42842281,100.00,124.3,IpMispredict
     6.211869386,265335,,br_misp_retired.all_branches,42842281,100.00,,
     6.312057634,31440161,,inst_retired.any,43244464,100.00,123.7,IpMispredict
     6.312057634,258116,,br_misp_retired.all_branches,43244464,100.00,,
     6.412245506,31394640,,inst_retired.any,41999805,100.00,123.6,IpMispredict
     6.412245506,240509,,br_misp_retired.all_branches,41999805,100.00,,
     6.512436501,31745816,,inst_retired.any,42823542,100.00,124.9,IpMispredict
     6.512436501,260939,,br_misp_retired.all_branches,42823542,100.00,,
     6.612625657,31702718,,inst_retired.any,43284484,100.00,124.8,IpMispredict
     6.612625657,245864,,br_misp_retired.all_branches,43284484,100.00,,
     6.712824746,31545816,,inst_retired.any,43107084,100.00,124.4,IpMispredict
     6.712824746,234241,,br_misp_retired.all_branches,43107084,100.00,,
     6.813012015,31549567,,inst_retired.any,43750544,100.00,124.2,IpMispredict
     6.813012015,274663,,br_misp_retired.all_branches,43750544,100.00,,
     6.913198572,31363037,,inst_retired.any,42839214,100.00,123.5,IpMispredict
     6.913198572,247221,,br_misp_retired.all_branches,42839214,100.00,,
     7.013389227,31306985,,inst_retired.any,42707778,100.00,123.4,IpMispredict
     7.013389227,245121,,br_misp_retired.all_branches,42707778,100.00,,
     7.113580131,31518757,,inst_retired.any,42631158,100.00,124.3,IpMispredict
     7.113580131,241026,,br_misp_retired.all_branches,42631158,100.00,,
     7.213766775,31782211,,inst_retired.any,42854418,100.00,125.3,IpMispredict
     7.213766775,266641,,br_misp_retired.all_branches,42854418,100.00,,
     7.313942018,31348211,,inst_retired.any,41715830,100.00,123.6,IpMispredict
     7.313942018,250898,,br_misp_retired.all_branches,41715830,100.00,,
     7.414131379,31569303,,inst_retired.any,43906733,100.00,124.4,IpMispredict
     7.414131379,260435,,br_misp_retired.all_branches,43906733,100.00,,
     7.514320900,31533807,,inst_retired.any,43119806,100.00,124.2,IpMispredict
     7.514320900,267931,,br_misp_retired.all_branches,43119806,100.00,,
     7.614506707,31702077,,inst_retired.any,42992865,100.00,124.7,IpMispredict
     7.614506707,277531,,br_misp_retired.all_branches,42992865,100.00,,
     7.714679820,31272991,,inst_retired.any,40716649,100.00,123.1,IpMispredict
     7.714679820,231538,,br_misp_retired.all_branches,40716649,100.00,,
     7.814841870,31578447,,inst_retired.any,43347215,100.00,124.4,IpMispredict
     7.814841870,244376,,br_misp_retired.all_branches,43347215,100.00,,
     7.915034534,31522253,,inst_retired.any,40733628,100.00,124.3,IpMispredict
     7.915034534,235386,,br_misp_retired.all_branches,40733628,100.00,,
     8.015219875,31445218,,inst_retired.any,42008960,100.00,124.0,IpMispredict
     8.015219875,247208,,br_misp_retired.all_branches,42008960,100.00,,
     8.115412911,31438445,,inst_retired.any,41777475,100.00,124.0,IpMispredict
     8.115412911,256160,,br_misp_retired.all_branches,41777475,100.00,,
     8.215605006,31832427,,inst_retired.any,44016786,100.00,125.5,IpMispredict
     8.215605006,256566,,br_misp_retired.all_branches,44016786,100.00,,
     8.315853233,31362968,,inst_retired.any,43143056,100.00,123.7,IpMispredict
     8.315853233,252607,,br_misp_retired.all_branches,43143056,100.00,,
     8.416049503,31669073,,inst_retired.any,43803892,100.00,124.9,IpMispredict
     8.416049503,250981,,br_misp_retired.all_branches,43803892,100.00,,
     8.516241635,31200177,,inst_retired.any,42517028,100.00,123.1,IpMispredict
     8.516241635,245979,,br_misp_retired.all_branches,42517028,100.00,,
     8.616428523,31809950,,inst_retired.any,43411390,100.00,125.4,IpMispredict
     8.616428523,270654,,br_misp_retired.all_branches,43411390,100.00,,
     8.716619277,31335305,,inst_retired.any,40689209,100.00,123.6,IpMispredict
     8.716619277,238858,,br_misp_retired.all_branches,40689209,100.00,,
     8.816814225,31425975,,inst_retired.any,43084034,100.00,124.0,IpMispredict
     8.816814225,245121,,br_misp_retired.all_branches,43084034,100.00,,
     8.917007084,31901565,,inst_retired.any,43028535,100.00,125.9,IpMispredict
     8.917007084,251301,,br_misp_retired.all_branches,43028535,100.00,,
     9.017182977,31312498,,inst_retired.any,42869639,100.00,123.6,IpMispredict
     9.017182977,241873,,br_misp_retired.all_branches,42869639,100.00,,
     9.117373427,31358742,,inst_retired.any,42082628,100.00,123.8,IpMispredict
     9.117373427,247370,,br_misp_retired.all_branches,42082628,100.00,,
     9.217559074,31914260,,inst_retired.any,43655949,100.00,126.0,IpMispredict
     9.217559074,267133,,br_misp_retired.all_branches,43655949,100.00,,
     9.317747458,31228300,,inst_retired.any,42081987,100.00,123.2,IpMispredict
     9.317747458,267344,,br_misp_retired.all_branches,42081987,100.00,,
     9.417933161,31518967,,inst_retired.any,43288908,100.00,124.3,IpMispredict
     9.417933161,254871,,br_misp_retired.all_branches,43288908,100.00,,
     9.518125757,31702193,,inst_retired.any,43890927,100.00,125.0,IpMispredict
     9.518125757,263566,,br_misp_retired.all_branches,43890927,100.00,,
     9.618314082,31214182,,inst_retired.any,42621392,100.00,123.1,IpMispredict
     9.618314082,249967,,br_misp_retired.all_branches,42621392,100.00,,
     9.718506571,31710831,,inst_retired.any,43009789,100.00,125.0,IpMispredict
     9.718506571,255179,,br_misp_retired.all_branches,43009789,100.00,,
     9.818696860,31379456,,inst_retired.any,42916506,100.00,123.7,IpMispredict
     9.818696860,253595,,br_misp_retired.all_branches,42916506,100.00,,
     9.918890361,31578578,,inst_retired.any,43117037,100.00,124.5,IpMispredict
     9.918890361,260703,,br_misp_retired.all_branches,43117037,100.00,,
    10.019085886,31954595,,inst_retired.any,43289595,100.00,126.0,IpMispredict
    10.019085886,255379,,br_misp_retired.all_branches,43289595,100.00,,
    10.119278582,31199772,,inst_retired.any,42806902,100.00,122.9,IpMispredict
    10.119278582,259723,,br_misp_retired.all_branches,42806902,100.00,,
    10.219465167,31519022,,inst_retired.any,43374248,100.00,124.3,IpMispredict
    10.219465167,236171,,br_misp_retired.all_branches,43374248,100.00,,
    10.319664190,31800440,,inst_retired.any,41929447,100.00,125.4,IpMispredict
    10.319664190,248839,,br_misp_retired.all_branches,41929447,100.00,,
    10.419854788,31401451,,inst_retired.any,42731711,100.00,123.9,IpMispredict
    10.419854788,244716,,br_misp_retired.all_branches,42731711,100.00,,
    10.520042181,31485174,,inst_retired.any,43093326,100.00,124.3,IpMispredict
    10.520042181,241402,,br_misp_retired.all_branches,43093326,100.00,,
    10.620228117,31885047,,inst_retired.any,42435713,100.00,125.8,IpMispredict
    10.620228117,263972,,br_misp_retired.all_branches,42435713,100.00,,
    10.720422614,31446632,,inst_retired.any,43199275,100.00,124.1,IpMispredict
    10.720422614,238655,,br_misp_retired.all_branches,43199275,100.00,,
    10.820610768,31613273,,inst_retired.any,43214798,100.00,124.8,IpMispredict
    10.820610768,245312,,br_misp_retired.all_branches,43214798,100.00,,
    10.920799337,31560033,,inst_retired.any,41306485,100.00,124.6,IpMispredict
    10.920799337,252461,,br_misp_retired.all_branches,41306485,100.00,,
    11.021012815,31448879,,inst_retired.any,41283333,100.00,124.2,IpMispredict
    11.021012815,254934,,br_misp_retired.all_branches,41283333,100.00,,
