# started on Mon May  1 19:37:45 2023

     0.100153798,3155997,,offcore_response.all_requests.llc_hit.any_response,43731468,100.00,,
     0.100153798,36096,,offcore_response.all_requests.llc_miss.any_response,43713867,100.00,,
     0.200331270,3204248,,offcore_response.all_requests.llc_hit.any_response,43802131,100.00,,
     0.200331270,35720,,offcore_response.all_requests.llc_miss.any_response,43811186,100.00,,
     0.300506797,3225977,,offcore_response.all_requests.llc_hit.any_response,43835786,100.00,,
     0.300506797,36526,,offcore_response.all_requests.llc_miss.any_response,43822390,100.00,,
     0.400676033,3174431,,offcore_response.all_requests.llc_hit.any_response,43389753,100.00,,
     0.400676033,36083,,offcore_response.all_requests.llc_miss.any_response,43382182,100.00,,
     0.500861781,3218516,,offcore_response.all_requests.llc_hit.any_response,43879522,100.00,,
     0.500861781,36197,,offcore_response.all_requests.llc_miss.any_response,43901005,100.00,,
     0.601056013,3175384,,offcore_response.all_requests.llc_hit.any_response,42596774,100.00,,
     0.601056013,36063,,offcore_response.all_requests.llc_miss.any_response,42596163,100.00,,
     0.701249537,3209989,,offcore_response.all_requests.llc_hit.any_response,43715202,100.00,,
     0.701249537,36072,,offcore_response.all_requests.llc_miss.any_response,43712044,100.00,,
     0.801445058,3175924,,offcore_response.all_requests.llc_hit.any_response,43679919,100.00,,
     0.801445058,36172,,offcore_response.all_requests.llc_miss.any_response,43662205,100.00,,
     0.901630570,3186343,,offcore_response.all_requests.llc_hit.any_response,44338236,100.00,,
     0.901630570,36123,,offcore_response.all_requests.llc_miss.any_response,44338236,100.00,,
     1.001818705,3180041,,offcore_response.all_requests.llc_hit.any_response,42700671,100.00,,
     1.001818705,36359,,offcore_response.all_requests.llc_miss.any_response,42721830,100.00,,
     1.102010844,3136542,,offcore_response.all_requests.llc_hit.any_response,42677169,100.00,,
     1.102010844,35924,,offcore_response.all_requests.llc_miss.any_response,42679576,100.00,,
     1.202211628,3216090,,offcore_response.all_requests.llc_hit.any_response,43685880,100.00,,
     1.202211628,36360,,offcore_response.all_requests.llc_miss.any_response,43662314,100.00,,
     1.302398136,3168360,,offcore_response.all_requests.llc_hit.any_response,43929626,100.00,,
     1.302398136,36147,,offcore_response.all_requests.llc_miss.any_response,43951203,100.00,,
     1.402596757,3116824,,offcore_response.all_requests.llc_hit.any_response,42374154,100.00,,
     1.402596757,36366,,offcore_response.all_requests.llc_miss.any_response,42352577,100.00,,
     1.502785543,3217925,,offcore_response.all_requests.llc_hit.any_response,42575093,100.00,,
     1.502785543,36036,,offcore_response.all_requests.llc_miss.any_response,42575093,100.00,,
     1.602973768,3134306,,offcore_response.all_requests.llc_hit.any_response,42681489,100.00,,
     1.602973768,36063,,offcore_response.all_requests.llc_miss.any_response,42692392,100.00,,
     1.703163208,3199506,,offcore_response.all_requests.llc_hit.any_response,43385200,100.00,,
     1.703163208,35872,,offcore_response.all_requests.llc_miss.any_response,43396609,100.00,,
     1.803365138,3205855,,offcore_response.all_requests.llc_hit.any_response,41529986,100.00,,
     1.803365138,36213,,offcore_response.all_requests.llc_miss.any_response,41528953,100.00,,
     1.903558481,3152602,,offcore_response.all_requests.llc_hit.any_response,43508918,100.00,,
     1.903558481,36098,,offcore_response.all_requests.llc_miss.any_response,43487639,100.00,,
     2.003745161,3233903,,offcore_response.all_requests.llc_hit.any_response,44101819,100.00,,
     2.003745161,36600,,offcore_response.all_requests.llc_miss.any_response,44122860,100.00,,
     2.103937038,3166761,,offcore_response.all_requests.llc_hit.any_response,42872670,100.00,,
     2.103937038,36126,,offcore_response.all_requests.llc_miss.any_response,42851629,100.00,,
     2.204123308,3119282,,offcore_response.all_requests.llc_hit.any_response,42254976,100.00,,
     2.204123308,35572,,offcore_response.all_requests.llc_miss.any_response,42254976,100.00,,
     2.304328141,3195554,,offcore_response.all_requests.llc_hit.any_response,43236919,100.00,,
     2.304328141,36804,,offcore_response.all_requests.llc_miss.any_response,43254337,100.00,,
     2.404518180,3117286,,offcore_response.all_requests.llc_hit.any_response,41280099,100.00,,
     2.404518180,35977,,offcore_response.all_requests.llc_miss.any_response,41262681,100.00,,
     2.504703450,3170515,,offcore_response.all_requests.llc_hit.any_response,43213761,100.00,,
     2.504703450,36378,,offcore_response.all_requests.llc_miss.any_response,43213761,100.00,,
     2.604894779,3171153,,offcore_response.all_requests.llc_hit.any_response,43368546,100.00,,
     2.604894779,36209,,offcore_response.all_requests.llc_miss.any_response,43389582,100.00,,
     2.705087017,3182015,,offcore_response.all_requests.llc_hit.any_response,43146854,100.00,,
     2.705087017,36418,,offcore_response.all_requests.llc_miss.any_response,43147807,100.00,,
     2.805282070,3162900,,offcore_response.all_requests.llc_hit.any_response,42701918,100.00,,
     2.805282070,35758,,offcore_response.all_requests.llc_miss.any_response,42679929,100.00,,
     2.905468524,3168226,,offcore_response.all_requests.llc_hit.any_response,41583098,100.00,,
     2.905468524,36383,,offcore_response.all_requests.llc_miss.any_response,41583098,100.00,,
     3.005657770,3155399,,offcore_response.all_requests.llc_hit.any_response,43156235,100.00,,
     3.005657770,36046,,offcore_response.all_requests.llc_miss.any_response,43156235,100.00,,
     3.105843268,3162589,,offcore_response.all_requests.llc_hit.any_response,43135647,100.00,,
     3.105843268,36143,,offcore_response.all_requests.llc_miss.any_response,43135647,100.00,,
     3.206031921,3160712,,offcore_response.all_requests.llc_hit.any_response,43264904,100.00,,
     3.206031921,35999,,offcore_response.all_requests.llc_miss.any_response,43286214,100.00,,
     3.306229607,3149193,,offcore_response.all_requests.llc_hit.any_response,42993302,100.00,,
     3.306229607,36449,,offcore_response.all_requests.llc_miss.any_response,42971992,100.00,,
     3.406417030,3200604,,offcore_response.all_requests.llc_hit.any_response,42816491,100.00,,
     3.406417030,36389,,offcore_response.all_requests.llc_miss.any_response,42830381,100.00,,
     3.506606765,3158731,,offcore_response.all_requests.llc_hit.any_response,43471757,100.00,,
     3.506606765,35988,,offcore_response.all_requests.llc_miss.any_response,43464222,100.00,,
     3.606797174,3161366,,offcore_response.all_requests.llc_hit.any_response,42091449,100.00,,
     3.606797174,36095,,offcore_response.all_requests.llc_miss.any_response,42105485,100.00,,
     3.706988359,3164376,,offcore_response.all_requests.llc_hit.any_response,42956717,100.00,,
     3.706988359,35817,,offcore_response.all_requests.llc_miss.any_response,42936326,100.00,,
     3.807179246,3194413,,offcore_response.all_requests.llc_hit.any_response,43761804,100.00,,
     3.807179246,35657,,offcore_response.all_requests.llc_miss.any_response,43782703,100.00,,
     3.907374259,3196674,,offcore_response.all_requests.llc_hit.any_response,44563820,100.00,,
     3.907374259,36807,,offcore_response.all_requests.llc_miss.any_response,44542921,100.00,,
     4.007561659,3154581,,offcore_response.all_requests.llc_hit.any_response,42088366,100.00,,
     4.007561659,36014,,offcore_response.all_requests.llc_miss.any_response,42088366,100.00,,
     4.107749302,3149784,,offcore_response.all_requests.llc_hit.any_response,43215927,100.00,,
     4.107749302,35581,,offcore_response.all_requests.llc_miss.any_response,43215927,100.00,,
     4.207936204,3236041,,offcore_response.all_requests.llc_hit.any_response,42786123,100.00,,
     4.207936204,36376,,offcore_response.all_requests.llc_miss.any_response,42786123,100.00,,
     4.308123720,3205611,,offcore_response.all_requests.llc_hit.any_response,42161644,100.00,,
     4.308123720,36349,,offcore_response.all_requests.llc_miss.any_response,42161644,100.00,,
     4.408312264,3163014,,offcore_response.all_requests.llc_hit.any_response,43142179,100.00,,
     4.408312264,36167,,offcore_response.all_requests.llc_miss.any_response,43142179,100.00,,
     4.508515932,3148480,,offcore_response.all_requests.llc_hit.any_response,42680797,100.00,,
     4.508515932,35725,,offcore_response.all_requests.llc_miss.any_response,42680797,100.00,,
     4.608704294,3179254,,offcore_response.all_requests.llc_hit.any_response,43677591,100.00,,
     4.608704294,36395,,offcore_response.all_requests.llc_miss.any_response,43690827,100.00,,
     4.708893423,3200506,,offcore_response.all_requests.llc_hit.any_response,43313923,100.00,,
     4.708893423,36164,,offcore_response.all_requests.llc_miss.any_response,43322580,100.00,,
     4.809087277,3158292,,offcore_response.all_requests.llc_hit.any_response,41779153,100.00,,
     4.809087277,36094,,offcore_response.all_requests.llc_miss.any_response,41757260,100.00,,
     4.909275940,3197169,,offcore_response.all_requests.llc_hit.any_response,43858610,100.00,,
     4.909275940,36091,,offcore_response.all_requests.llc_miss.any_response,43880541,100.00,,
     5.009477491,3203869,,offcore_response.all_requests.llc_hit.any_response,43965823,100.00,,
     5.009477491,36476,,offcore_response.all_requests.llc_miss.any_response,43951805,100.00,,
     5.109668112,3167391,,offcore_response.all_requests.llc_hit.any_response,42972797,100.00,,
     5.109668112,36206,,offcore_response.all_requests.llc_miss.any_response,42964884,100.00,,
     5.209854769,3123799,,offcore_response.all_requests.llc_hit.any_response,42970550,100.00,,
     5.209854769,35109,,offcore_response.all_requests.llc_miss.any_response,42970550,100.00,,
     5.310042396,3207976,,offcore_response.all_requests.llc_hit.any_response,43185993,100.00,,
     5.310042396,36613,,offcore_response.all_requests.llc_miss.any_response,43210089,100.00,,
     5.410239544,3208333,,offcore_response.all_requests.llc_hit.any_response,44219567,100.00,,
     5.410239544,36375,,offcore_response.all_requests.llc_miss.any_response,44195471,100.00,,
     5.510427157,3193084,,offcore_response.all_requests.llc_hit.any_response,43252808,100.00,,
     5.510427157,35880,,offcore_response.all_requests.llc_miss.any_response,43267548,100.00,,
     5.610617621,3153034,,offcore_response.all_requests.llc_hit.any_response,42789263,100.00,,
     5.610617621,35726,,offcore_response.all_requests.llc_miss.any_response,42795522,100.00,,
     5.710811625,3249992,,offcore_response.all_requests.llc_hit.any_response,42605497,100.00,,
     5.710811625,36618,,offcore_response.all_requests.llc_miss.any_response,42584498,100.00,,
     5.811002656,3152340,,offcore_response.all_requests.llc_hit.any_response,43362582,100.00,,
     5.811002656,36228,,offcore_response.all_requests.llc_miss.any_response,43362582,100.00,,
     5.911194699,3209285,,offcore_response.all_requests.llc_hit.any_response,44631579,100.00,,
     5.911194699,35925,,offcore_response.all_requests.llc_miss.any_response,44631579,100.00,,
     6.011384103,3186788,,offcore_response.all_requests.llc_hit.any_response,43395543,100.00,,
     6.011384103,36105,,offcore_response.all_requests.llc_miss.any_response,43416672,100.00,,
     6.111581252,3127959,,offcore_response.all_requests.llc_hit.any_response,42741397,100.00,,
     6.111581252,36468,,offcore_response.all_requests.llc_miss.any_response,42741851,100.00,,
     6.211778183,3093136,,offcore_response.all_requests.llc_hit.any_response,42594897,100.00,,
     6.211778183,36086,,offcore_response.all_requests.llc_miss.any_response,42594659,100.00,,
     6.311975248,3202614,,offcore_response.all_requests.llc_hit.any_response,43650900,100.00,,
     6.311975248,36054,,offcore_response.all_requests.llc_miss.any_response,43651040,100.00,,
     6.412170261,3151790,,offcore_response.all_requests.llc_hit.any_response,42383474,100.00,,
     6.412170261,36300,,offcore_response.all_requests.llc_miss.any_response,42361989,100.00,,
     6.512357494,3161751,,offcore_response.all_requests.llc_hit.any_response,43398221,100.00,,
     6.512357494,36167,,offcore_response.all_requests.llc_miss.any_response,43409061,100.00,,
     6.612575721,3163623,,offcore_response.all_requests.llc_hit.any_response,42860453,100.00,,
     6.612575721,35591,,offcore_response.all_requests.llc_miss.any_response,42849613,100.00,,
     6.712761501,3142172,,offcore_response.all_requests.llc_hit.any_response,43187483,100.00,,
     6.712761501,36203,,offcore_response.all_requests.llc_miss.any_response,43187483,100.00,,
     6.812949275,3179483,,offcore_response.all_requests.llc_hit.any_response,43886678,100.00,,
     6.812949275,36242,,offcore_response.all_requests.llc_miss.any_response,43886678,100.00,,
     6.913135802,3219634,,offcore_response.all_requests.llc_hit.any_response,43767755,100.00,,
     6.913135802,35683,,offcore_response.all_requests.llc_miss.any_response,43767755,100.00,,
     7.013323036,3184448,,offcore_response.all_requests.llc_hit.any_response,43794864,100.00,,
     7.013323036,36007,,offcore_response.all_requests.llc_miss.any_response,43815898,100.00,,
     7.113515159,3215213,,offcore_response.all_requests.llc_hit.any_response,44755133,100.00,,
     7.113515159,36099,,offcore_response.all_requests.llc_miss.any_response,44756174,100.00,,
     7.213709526,3164009,,offcore_response.all_requests.llc_hit.any_response,43036961,100.00,,
     7.213709526,35678,,offcore_response.all_requests.llc_miss.any_response,43014886,100.00,,
     7.313897067,3210920,,offcore_response.all_requests.llc_hit.any_response,43737262,100.00,,
     7.313897067,36490,,offcore_response.all_requests.llc_miss.any_response,43754953,100.00,,
     7.414094189,3122892,,offcore_response.all_requests.llc_hit.any_response,40877359,100.00,,
     7.414094189,35810,,offcore_response.all_requests.llc_miss.any_response,40859668,100.00,,
     7.514280065,3139625,,offcore_response.all_requests.llc_hit.any_response,43086267,100.00,,
     7.514280065,35997,,offcore_response.all_requests.llc_miss.any_response,43107646,100.00,,
     7.614473712,3082783,,offcore_response.all_requests.llc_hit.any_response,42214587,100.00,,
     7.614473712,36440,,offcore_response.all_requests.llc_miss.any_response,42193208,100.00,,
     7.714662132,3210653,,offcore_response.all_requests.llc_hit.any_response,44189794,100.00,,
     7.714662132,36528,,offcore_response.all_requests.llc_miss.any_response,44211708,100.00,,
     7.814863849,3154483,,offcore_response.all_requests.llc_hit.any_response,42811834,100.00,,
     7.814863849,36314,,offcore_response.all_requests.llc_miss.any_response,42789920,100.00,,
     7.915050940,3176865,,offcore_response.all_requests.llc_hit.any_response,42617523,100.00,,
     7.915050940,35858,,offcore_response.all_requests.llc_miss.any_response,42617523,100.00,,
     8.015240013,3157603,,offcore_response.all_requests.llc_hit.any_response,41552076,100.00,,
     8.015240013,36238,,offcore_response.all_requests.llc_miss.any_response,41573188,100.00,,
     8.115435438,3201412,,offcore_response.all_requests.llc_hit.any_response,44313714,100.00,,
     8.115435438,36200,,offcore_response.all_requests.llc_miss.any_response,44292602,100.00,,
     8.215622863,3145788,,offcore_response.all_requests.llc_hit.any_response,43169429,100.00,,
     8.215622863,36076,,offcore_response.all_requests.llc_miss.any_response,43169429,100.00,,
     8.315809230,3173572,,offcore_response.all_requests.llc_hit.any_response,42908407,100.00,,
     8.315809230,36022,,offcore_response.all_requests.llc_miss.any_response,42931047,100.00,,
     8.416005723,3170858,,offcore_response.all_requests.llc_hit.any_response,42399928,100.00,,
     8.416005723,36205,,offcore_response.all_requests.llc_miss.any_response,42377288,100.00,,
     8.516201506,3221397,,offcore_response.all_requests.llc_hit.any_response,43867211,100.00,,
     8.516201506,36240,,offcore_response.all_requests.llc_miss.any_response,43888711,100.00,,
     8.616400749,3142013,,offcore_response.all_requests.llc_hit.any_response,42796791,100.00,,
     8.616400749,36011,,offcore_response.all_requests.llc_miss.any_response,42796560,100.00,,
     8.716593477,3205885,,offcore_response.all_requests.llc_hit.any_response,43471666,100.00,,
     8.716593477,36449,,offcore_response.all_requests.llc_miss.any_response,43472207,100.00,,
     8.816808734,3189776,,offcore_response.all_requests.llc_hit.any_response,43166747,100.00,,
     8.816808734,35832,,offcore_response.all_requests.llc_miss.any_response,43144937,100.00,,
     8.916999658,3154877,,offcore_response.all_requests.llc_hit.any_response,42498926,100.00,,
     8.916999658,36195,,offcore_response.all_requests.llc_miss.any_response,42520418,100.00,,
     9.017200615,3179958,,offcore_response.all_requests.llc_hit.any_response,41604883,100.00,,
     9.017200615,36192,,offcore_response.all_requests.llc_miss.any_response,41583391,100.00,,
     9.117391343,3196467,,offcore_response.all_requests.llc_hit.any_response,43504305,100.00,,
     9.117391343,36267,,offcore_response.all_requests.llc_miss.any_response,43514732,100.00,,
     9.217583971,3223762,,offcore_response.all_requests.llc_hit.any_response,43607488,100.00,,
     9.217583971,36385,,offcore_response.all_requests.llc_miss.any_response,43618560,100.00,,
     9.317777557,3186157,,offcore_response.all_requests.llc_hit.any_response,43283595,100.00,,
     9.317777557,35762,,offcore_response.all_requests.llc_miss.any_response,43283693,100.00,,
     9.417972340,3104067,,offcore_response.all_requests.llc_hit.any_response,42231954,100.00,,
     9.417972340,36008,,offcore_response.all_requests.llc_miss.any_response,42210357,100.00,,
     9.518160177,3189710,,offcore_response.all_requests.llc_hit.any_response,43479372,100.00,,
     9.518160177,36834,,offcore_response.all_requests.llc_miss.any_response,43479372,100.00,,
     9.618347618,3167236,,offcore_response.all_requests.llc_hit.any_response,43230298,100.00,,
     9.618347618,35657,,offcore_response.all_requests.llc_miss.any_response,43246535,100.00,,
     9.718537234,3205546,,offcore_response.all_requests.llc_hit.any_response,43868051,100.00,,
     9.718537234,36504,,offcore_response.all_requests.llc_miss.any_response,43851814,100.00,,
     9.818727724,3191809,,offcore_response.all_requests.llc_hit.any_response,44340206,100.00,,
     9.818727724,35762,,offcore_response.all_requests.llc_miss.any_response,44340206,100.00,,
     9.918915724,3150086,,offcore_response.all_requests.llc_hit.any_response,43101551,100.00,,
     9.918915724,36034,,offcore_response.all_requests.llc_miss.any_response,43123133,100.00,,
    10.019115396,3140362,,offcore_response.all_requests.llc_hit.any_response,41879262,100.00,,
    10.019115396,36565,,offcore_response.all_requests.llc_miss.any_response,41907236,100.00,,
    10.119345468,3136427,,offcore_response.all_requests.llc_hit.any_response,43939244,100.00,,
    10.119345468,36301,,offcore_response.all_requests.llc_miss.any_response,43911238,100.00,,
    10.219538379,3130008,,offcore_response.all_requests.llc_hit.any_response,43116568,100.00,,
    10.219538379,35934,,offcore_response.all_requests.llc_miss.any_response,43115850,100.00,,
    10.319731245,3220863,,offcore_response.all_requests.llc_hit.any_response,44241018,100.00,,
    10.319731245,36167,,offcore_response.all_requests.llc_miss.any_response,44220186,100.00,,
    10.419918630,3123001,,offcore_response.all_requests.llc_hit.any_response,42936946,100.00,,
    10.419918630,35792,,offcore_response.all_requests.llc_miss.any_response,42936946,100.00,,
    10.520110156,3186953,,offcore_response.all_requests.llc_hit.any_response,43431237,100.00,,
    10.520110156,36546,,offcore_response.all_requests.llc_miss.any_response,43450226,100.00,,
    10.620301130,3144649,,offcore_response.all_requests.llc_hit.any_response,42392794,100.00,,
    10.620301130,36252,,offcore_response.all_requests.llc_miss.any_response,42394748,100.00,,
    10.720493443,3158466,,offcore_response.all_requests.llc_hit.any_response,43582880,100.00,,
    10.720493443,36339,,offcore_response.all_requests.llc_miss.any_response,43561937,100.00,,
    10.820682250,3165501,,offcore_response.all_requests.llc_hit.any_response,41659280,100.00,,
    10.820682250,36354,,offcore_response.all_requests.llc_miss.any_response,41680309,100.00,,
    10.920874329,3129295,,offcore_response.all_requests.llc_hit.any_response,43030351,100.00,,
    10.920874329,36503,,offcore_response.all_requests.llc_miss.any_response,43009322,100.00,,
    11.021086397,3182000,,offcore_response.all_requests.llc_hit.any_response,40561202,100.00,,
    11.021086397,35899,,offcore_response.all_requests.llc_miss.any_response,40582022,100.00,,
