# started on Mon May  1 19:36:13 2023

     0.100134085,93660304,,inst_retired.any,77758937,100.00,137.6,IpMispredict
     0.100134085,680909,,br_misp_retired.all_branches,77758937,100.00,,
     0.200332751,94641061,,inst_retired.any,78646566,100.00,137.8,IpMispredict
     0.200332751,692483,,br_misp_retired.all_branches,78646566,100.00,,
     0.300496246,94586851,,inst_retired.any,78488519,100.00,137.6,IpMispredict
     0.300496246,689108,,br_misp_retired.all_branches,78488519,100.00,,
     0.400689995,94784663,,inst_retired.any,78718781,100.00,137.5,IpMispredict
     0.400689995,695148,,br_misp_retired.all_branches,78718781,100.00,,
     0.500876566,93840275,,inst_retired.any,77974562,100.00,136.3,IpMispredict
     0.500876566,685339,,br_misp_retired.all_branches,77974562,100.00,,
     0.601064971,94711732,,inst_retired.any,78764100,100.00,137.4,IpMispredict
     0.601064971,691634,,br_misp_retired.all_branches,78764100,100.00,,
     0.701254680,94509746,,inst_retired.any,78593571,100.00,137.2,IpMispredict
     0.701254680,688195,,br_misp_retired.all_branches,78593571,100.00,,
     0.801443707,89995047,,inst_retired.any,74756026,100.00,131.4,IpMispredict
     0.801443707,657283,,br_misp_retired.all_branches,74756026,100.00,,
     0.901638588,366375,,inst_retired.any,861344,100.00,0.6,IpMispredict
     0.901638588,9976,,br_misp_retired.all_branches,861344,100.00,,
     1.001830471,92162165,,inst_retired.any,80629497,100.00,149.2,IpMispredict
     1.001830471,685738,,br_misp_retired.all_branches,80629497,100.00,,
     1.102019181,97653670,,inst_retired.any,81244393,100.00,155.9,IpMispredict
     1.102019181,715401,,br_misp_retired.all_branches,81244393,100.00,,
     1.202210155,97984245,,inst_retired.any,81331946,100.00,154.5,IpMispredict
     1.202210155,719463,,br_misp_retired.all_branches,81331946,100.00,,
     1.302395103,97530894,,inst_retired.any,81035379,100.00,152.4,IpMispredict
     1.302395103,711249,,br_misp_retired.all_branches,81035379,100.00,,
     1.402579493,98106549,,inst_retired.any,81321240,100.00,152.0,IpMispredict
     1.402579493,716001,,br_misp_retired.all_branches,81321240,100.00,,
     1.502769976,97381860,,inst_retired.any,80943509,100.00,149.8,IpMispredict
     1.502769976,710920,,br_misp_retired.all_branches,80943509,100.00,,
     1.602958308,97670472,,inst_retired.any,81133494,100.00,149.4,IpMispredict
     1.602958308,712107,,br_misp_retired.all_branches,81133494,100.00,,
     1.703148076,97784004,,inst_retired.any,81116842,100.00,148.7,IpMispredict
     1.703148076,714382,,br_misp_retired.all_branches,81116842,100.00,,
     1.803335920,97844647,,inst_retired.any,81005653,100.00,148.2,IpMispredict
     1.803335920,711091,,br_misp_retired.all_branches,81005653,100.00,,
     1.903522261,90487163,,inst_retired.any,75020995,100.00,137.1,IpMispredict
     1.903522261,657862,,br_misp_retired.all_branches,75020995,100.00,,
     2.003713499,555839,,inst_retired.any,914460,100.00,0.9,IpMispredict
     2.003713499,10250,,br_misp_retired.all_branches,914460,100.00,,
     2.103908388,93774067,,inst_retired.any,80991931,100.00,148.6,IpMispredict
     2.103908388,700029,,br_misp_retired.all_branches,80991931,100.00,,
     2.204098984,97738097,,inst_retired.any,81288038,100.00,154.0,IpMispredict
     2.204098984,710985,,br_misp_retired.all_branches,81288038,100.00,,
     2.304288315,97971243,,inst_retired.any,81425019,100.00,153.5,IpMispredict
     2.304288315,710306,,br_misp_retired.all_branches,81425019,100.00,,
     2.404480426,97714508,,inst_retired.any,81192692,100.00,152.4,IpMispredict
     2.404480426,711464,,br_misp_retired.all_branches,81192692,100.00,,
     2.504670689,97811981,,inst_retired.any,81373386,100.00,151.9,IpMispredict
     2.504670689,710032,,br_misp_retired.all_branches,81373386,100.00,,
     2.604856188,97716815,,inst_retired.any,81193969,100.00,151.2,IpMispredict
     2.604856188,709759,,br_misp_retired.all_branches,81193969,100.00,,
     2.705046150,97497632,,inst_retired.any,81133457,100.00,150.3,IpMispredict
     2.705046150,708074,,br_misp_retired.all_branches,81133457,100.00,,
     2.805253767,97892359,,inst_retired.any,81257796,100.00,150.4,IpMispredict
     2.805253767,709090,,br_misp_retired.all_branches,81257796,100.00,,
     2.905443142,97628239,,inst_retired.any,81177746,100.00,149.5,IpMispredict
     2.905443142,710040,,br_misp_retired.all_branches,81177746,100.00,,
     3.005632409,88182496,,inst_retired.any,73509637,100.00,135.1,IpMispredict
     3.005632409,641786,,br_misp_retired.all_branches,73509637,100.00,,
     3.105826255,475267,,inst_retired.any,1113413,100.00,0.8,IpMispredict
     3.105826255,12843,,br_misp_retired.all_branches,1113413,100.00,,
     3.206013443,92009244,,inst_retired.any,80683136,100.00,145.2,IpMispredict
     3.206013443,683911,,br_misp_retired.all_branches,80683136,100.00,,
     3.306202892,97755287,,inst_retired.any,81172125,100.00,153.7,IpMispredict
     3.306202892,720207,,br_misp_retired.all_branches,81172125,100.00,,
     3.406391457,98419995,,inst_retired.any,81511654,100.00,154.1,IpMispredict
     3.406391457,720839,,br_misp_retired.all_branches,81511654,100.00,,
     3.506579562,98053862,,inst_retired.any,81253732,100.00,153.0,IpMispredict
     3.506579562,717743,,br_misp_retired.all_branches,81253732,100.00,,
     3.606769231,97422340,,inst_retired.any,80920263,100.00,151.5,IpMispredict
     3.606769231,720579,,br_misp_retired.all_branches,80920263,100.00,,
     3.706958056,97412780,,inst_retired.any,81158968,100.00,151.0,IpMispredict
     3.706958056,719178,,br_misp_retired.all_branches,81158968,100.00,,
     3.807148607,97601545,,inst_retired.any,81188304,100.00,150.8,IpMispredict
     3.807148607,719925,,br_misp_retired.all_branches,81188304,100.00,,
     3.907338958,97871563,,inst_retired.any,81259202,100.00,150.8,IpMispredict
     3.907338958,719976,,br_misp_retired.all_branches,81259202,100.00,,
     4.007527931,97419808,,inst_retired.any,81287297,100.00,149.7,IpMispredict
     4.007527931,713196,,br_misp_retired.all_branches,81287297,100.00,,
     4.107723583,89969415,,inst_retired.any,74670835,100.00,138.2,IpMispredict
     4.107723583,657272,,br_misp_retired.all_branches,74670835,100.00,,
     4.207913279,671745,,inst_retired.any,1278228,100.00,1.1,IpMispredict
     4.207913279,10752,,br_misp_retired.all_branches,1278228,100.00,,
     4.308101642,92658227,,inst_retired.any,81023319,100.00,145.5,IpMispredict
     4.308101642,682026,,br_misp_retired.all_branches,81023319,100.00,,
     4.408285407,97788498,,inst_retired.any,81362847,100.00,153.2,IpMispredict
     4.408285407,708494,,br_misp_retired.all_branches,81362847,100.00,,
     4.508470863,97464344,,inst_retired.any,81081250,100.00,152.3,IpMispredict
     4.508470863,705586,,br_misp_retired.all_branches,81081250,100.00,,
     4.608658623,97219831,,inst_retired.any,80935337,100.00,151.6,IpMispredict
     4.608658623,703017,,br_misp_retired.all_branches,80935337,100.00,,
     4.708840253,97973914,,inst_retired.any,81386028,100.00,152.4,IpMispredict
     4.708840253,714120,,br_misp_retired.all_branches,81386028,100.00,,
     4.809022237,97607079,,inst_retired.any,81080491,100.00,151.6,IpMispredict
     4.809022237,708923,,br_misp_retired.all_branches,81080491,100.00,,
     4.909211390,97756259,,inst_retired.any,81169713,100.00,151.5,IpMispredict
     4.909211390,709734,,br_misp_retired.all_branches,81169713,100.00,,
     5.009400799,97689546,,inst_retired.any,81147858,100.00,151.1,IpMispredict
     5.009400799,709395,,br_misp_retired.all_branches,81147858,100.00,,
     5.109588161,97885841,,inst_retired.any,81246255,100.00,151.1,IpMispredict
     5.109588161,709651,,br_misp_retired.all_branches,81246255,100.00,,
     5.209771835,89251985,,inst_retired.any,74212060,100.00,137.8,IpMispredict
     5.209771835,643736,,br_misp_retired.all_branches,74212060,100.00,,
     5.309957327,594601,,inst_retired.any,1340645,100.00,0.9,IpMispredict
     5.309957327,16488,,br_misp_retired.all_branches,1340645,100.00,,
     5.410141015,93012120,,inst_retired.any,80781394,100.00,146.0,IpMispredict
     5.410141015,690584,,br_misp_retired.all_branches,80781394,100.00,,
     5.510324763,97272507,,inst_retired.any,80879068,100.00,152.4,IpMispredict
     5.510324763,706402,,br_misp_retired.all_branches,80879068,100.00,,
     5.610529928,97220473,,inst_retired.any,80843228,100.00,152.0,IpMispredict
     5.610529928,708154,,br_misp_retired.all_branches,80843228,100.00,,
     5.710717358,97476733,,inst_retired.any,81058958,100.00,152.1,IpMispredict
     5.710717358,709251,,br_misp_retired.all_branches,81058958,100.00,,
     5.810902512,97771532,,inst_retired.any,81218351,100.00,152.3,IpMispredict
     5.810902512,711994,,br_misp_retired.all_branches,81218351,100.00,,
     5.911087199,97367371,,inst_retired.any,81036997,100.00,151.4,IpMispredict
     5.911087199,709130,,br_misp_retired.all_branches,81036997,100.00,,
     6.011273091,97393653,,inst_retired.any,81053590,100.00,151.2,IpMispredict
     6.011273091,710819,,br_misp_retired.all_branches,81053590,100.00,,
     6.111456893,97679083,,inst_retired.any,81027744,100.00,151.4,IpMispredict
     6.111456893,707256,,br_misp_retired.all_branches,81027744,100.00,,
     6.211623575,98205692,,inst_retired.any,81392930,100.00,152.0,IpMispredict
     6.211623575,708252,,br_misp_retired.all_branches,81392930,100.00,,
     6.311791697,89230905,,inst_retired.any,74141692,100.00,138.1,IpMispredict
     6.311791697,646256,,br_misp_retired.all_branches,74141692,100.00,,
     6.411959557,750377,,inst_retired.any,1561087,100.00,1.2,IpMispredict
     6.411959557,15054,,br_misp_retired.all_branches,1561087,100.00,,
     6.512151257,93123034,,inst_retired.any,81014945,100.00,146.1,IpMispredict
     6.512151257,694279,,br_misp_retired.all_branches,81014945,100.00,,
     6.612335920,97746190,,inst_retired.any,81282415,100.00,153.1,IpMispredict
     6.612335920,709844,,br_misp_retired.all_branches,81282415,100.00,,
     6.712521667,97830063,,inst_retired.any,81283664,100.00,153.0,IpMispredict
     6.712521667,708779,,br_misp_retired.all_branches,81283664,100.00,,
     6.812709624,97670443,,inst_retired.any,81069721,100.00,152.5,IpMispredict
     6.812709624,707412,,br_misp_retired.all_branches,81069721,100.00,,
     6.912899025,97148399,,inst_retired.any,80909337,100.00,151.5,IpMispredict
     6.912899025,701066,,br_misp_retired.all_branches,80909337,100.00,,
     7.013095208,97767561,,inst_retired.any,81257212,100.00,152.2,IpMispredict
     7.013095208,704904,,br_misp_retired.all_branches,81257212,100.00,,
     7.113283560,97946115,,inst_retired.any,81317650,100.00,152.3,IpMispredict
     7.113283560,711010,,br_misp_retired.all_branches,81317650,100.00,,
     7.213474368,97929236,,inst_retired.any,81242898,100.00,152.0,IpMispredict
     7.213474368,710286,,br_misp_retired.all_branches,81242898,100.00,,
     7.313668277,98119766,,inst_retired.any,81389596,100.00,152.1,IpMispredict
     7.313668277,709455,,br_misp_retired.all_branches,81389596,100.00,,
     7.413859886,88398769,,inst_retired.any,73247855,100.00,137.1,IpMispredict
     7.413859886,637584,,br_misp_retired.all_branches,73247855,100.00,,
     7.514050466,719598,,inst_retired.any,1689774,100.00,1.1,IpMispredict
     7.514050466,20273,,br_misp_retired.all_branches,1689774,100.00,,
     7.614244304,92519730,,inst_retired.any,80409983,100.00,145.2,IpMispredict
     7.614244304,687212,,br_misp_retired.all_branches,80409983,100.00,,
     7.714432315,97528213,,inst_retired.any,81239039,100.00,152.8,IpMispredict
     7.714432315,714785,,br_misp_retired.all_branches,81239039,100.00,,
     7.814621579,97718507,,inst_retired.any,81269025,100.00,152.9,IpMispredict
     7.814621579,715360,,br_misp_retired.all_branches,81269025,100.00,,
     7.914813396,97651801,,inst_retired.any,81271769,100.00,152.5,IpMispredict
     7.914813396,714568,,br_misp_retired.all_branches,81271769,100.00,,
     8.015002540,97534578,,inst_retired.any,81256837,100.00,152.1,IpMispredict
     8.015002540,711119,,br_misp_retired.all_branches,81256837,100.00,,
     8.115189459,97862717,,inst_retired.any,81330497,100.00,152.4,IpMispredict
     8.115189459,715851,,br_misp_retired.all_branches,81330497,100.00,,
     8.215380604,97871221,,inst_retired.any,81317444,100.00,152.2,IpMispredict
     8.215380604,715486,,br_misp_retired.all_branches,81317444,100.00,,
     8.315588373,97042748,,inst_retired.any,80854764,100.00,150.8,IpMispredict
     8.315588373,710702,,br_misp_retired.all_branches,80854764,100.00,,
     8.415780334,97862840,,inst_retired.any,81371282,100.00,151.8,IpMispredict
     8.415780334,714152,,br_misp_retired.all_branches,81371282,100.00,,
     8.515972238,87406254,,inst_retired.any,72843029,100.00,135.6,IpMispredict
     8.515972238,637491,,br_misp_retired.all_branches,72843029,100.00,,
     8.616163036,854923,,inst_retired.any,1809537,100.00,1.3,IpMispredict
     8.616163036,17768,,br_misp_retired.all_branches,1809537,100.00,,
     8.716357632,92996145,,inst_retired.any,81008910,100.00,145.8,IpMispredict
     8.716357632,691723,,br_misp_retired.all_branches,81008910,100.00,,
     8.816547962,97804621,,inst_retired.any,81351543,100.00,153.2,IpMispredict
     8.816547962,710125,,br_misp_retired.all_branches,81351543,100.00,,
     8.916743911,98111850,,inst_retired.any,81384040,100.00,153.4,IpMispredict
     8.916743911,714452,,br_misp_retired.all_branches,81384040,100.00,,
     9.016938541,97164773,,inst_retired.any,80904704,100.00,151.8,IpMispredict
     9.016938541,712301,,br_misp_retired.all_branches,80904704,100.00,,
     9.117131514,97674817,,inst_retired.any,81177670,100.00,152.4,IpMispredict
     9.117131514,711936,,br_misp_retired.all_branches,81177670,100.00,,
     9.217324390,97451602,,inst_retired.any,81105325,100.00,151.8,IpMispredict
     9.217324390,710939,,br_misp_retired.all_branches,81105325,100.00,,
     9.317517686,97460318,,inst_retired.any,81104044,100.00,151.7,IpMispredict
     9.317517686,708182,,br_misp_retired.all_branches,81104044,100.00,,
     9.417709359,97382124,,inst_retired.any,81039280,100.00,151.4,IpMispredict
     9.417709359,707709,,br_misp_retired.all_branches,81039280,100.00,,
     9.517904878,97610555,,inst_retired.any,81266122,100.00,151.6,IpMispredict
     9.517904878,707563,,br_misp_retired.all_branches,81266122,100.00,,
     9.618096377,86072809,,inst_retired.any,71815685,100.00,133.7,IpMispredict
     9.618096377,628276,,br_misp_retired.all_branches,71815685,100.00,,
     9.718287208,899570,,inst_retired.any,1990408,100.00,1.4,IpMispredict
     9.718287208,20650,,br_misp_retired.all_branches,1990408,100.00,,
     9.818482546,92604810,,inst_retired.any,80358601,100.00,145.2,IpMispredict
     9.818482546,682462,,br_misp_retired.all_branches,80358601,100.00,,
     9.918669362,97678652,,inst_retired.any,81166045,100.00,153.0,IpMispredict
     9.918669362,715516,,br_misp_retired.all_branches,81166045,100.00,,
    10.018865980,97459271,,inst_retired.any,80914012,100.00,152.5,IpMispredict
    10.018865980,706957,,br_misp_retired.all_branches,80914012,100.00,,
    10.119062517,97970995,,inst_retired.any,81065134,100.00,153.1,IpMispredict
    10.119062517,711173,,br_misp_retired.all_branches,81065134,100.00,,
    10.219254464,97552789,,inst_retired.any,81043613,100.00,152.3,IpMispredict
    10.219254464,710144,,br_misp_retired.all_branches,81043613,100.00,,
    10.319443935,97433716,,inst_retired.any,80870140,100.00,151.9,IpMispredict
    10.319443935,705304,,br_misp_retired.all_branches,80870140,100.00,,
    10.419666038,97687188,,inst_retired.any,81250993,100.00,152.2,IpMispredict
    10.419666038,710332,,br_misp_retired.all_branches,81250993,100.00,,
    10.519857953,97183220,,inst_retired.any,80953019,100.00,151.2,IpMispredict
    10.519857953,706233,,br_misp_retired.all_branches,80953019,100.00,,
    10.620045091,97802391,,inst_retired.any,81387238,100.00,152.1,IpMispredict
    10.620045091,709156,,br_misp_retired.all_branches,81387238,100.00,,
    10.720234763,87049324,,inst_retired.any,72418759,100.00,135.4,IpMispredict
    10.720234763,634074,,br_misp_retired.all_branches,72418759,100.00,,
    10.820426145,1197445,,inst_retired.any,2165714,100.00,1.9,IpMispredict
    10.820426145,18866,,br_misp_retired.all_branches,2165714,100.00,,
    10.920623976,93414901,,inst_retired.any,80771067,100.00,146.5,IpMispredict
    10.920623976,692576,,br_misp_retired.all_branches,80771067,100.00,,
    11.020835040,97607577,,inst_retired.any,81216964,100.00,152.9,IpMispredict
    11.020835040,714916,,br_misp_retired.all_branches,81216964,100.00,,
