# started on Mon May  1 17:58:59 2023

     0.100199882,5953257,,offcore_response.all_requests.llc_hit.any_response,53724201,100.00,,
     0.100199882,666,,offcore_response.all_requests.llc_miss.any_response,53744309,100.00,,
     0.200424379,5963232,,offcore_response.all_requests.llc_hit.any_response,53624034,100.00,,
     0.200424379,558,,offcore_response.all_requests.llc_miss.any_response,53628929,100.00,,
     0.300611493,5855017,,offcore_response.all_requests.llc_hit.any_response,52853345,100.00,,
     0.300611493,560,,offcore_response.all_requests.llc_miss.any_response,52828342,100.00,,
     0.400802154,5921711,,offcore_response.all_requests.llc_hit.any_response,54441386,100.00,,
     0.400802154,899,,offcore_response.all_requests.llc_miss.any_response,54472180,100.00,,
     0.501021522,5988086,,offcore_response.all_requests.llc_hit.any_response,55269528,100.00,,
     0.501021522,812,,offcore_response.all_requests.llc_miss.any_response,55268458,100.00,,
     0.601236095,6010272,,offcore_response.all_requests.llc_hit.any_response,51147774,100.00,,
     0.601236095,802,,offcore_response.all_requests.llc_miss.any_response,51118050,100.00,,
     0.701445125,5942665,,offcore_response.all_requests.llc_hit.any_response,50640658,100.00,,
     0.701445125,696,,offcore_response.all_requests.llc_miss.any_response,50655989,100.00,,
     0.801655356,6037645,,offcore_response.all_requests.llc_hit.any_response,51284979,100.00,,
     0.801655356,541,,offcore_response.all_requests.llc_miss.any_response,51280396,100.00,,
     0.901868345,5919555,,offcore_response.all_requests.llc_hit.any_response,50587323,100.00,,
     0.901868345,739,,offcore_response.all_requests.llc_miss.any_response,50602534,100.00,,
     1.002079343,6002278,,offcore_response.all_requests.llc_hit.any_response,51197795,100.00,,
     1.002079343,440,,offcore_response.all_requests.llc_miss.any_response,51193423,100.00,,
     1.102289988,5896686,,offcore_response.all_requests.llc_hit.any_response,53016749,100.00,,
     1.102289988,636,,offcore_response.all_requests.llc_miss.any_response,53010811,100.00,,
     1.202501203,5992047,,offcore_response.all_requests.llc_hit.any_response,57081855,100.00,,
     1.202501203,899,,offcore_response.all_requests.llc_miss.any_response,57095926,100.00,,
     1.302713010,5952458,,offcore_response.all_requests.llc_hit.any_response,53494975,100.00,,
     1.302713010,682,,offcore_response.all_requests.llc_miss.any_response,53465255,100.00,,
     1.402924042,5923659,,offcore_response.all_requests.llc_hit.any_response,53876386,100.00,,
     1.402924042,618,,offcore_response.all_requests.llc_miss.any_response,53876386,100.00,,
     1.503132581,5916398,,offcore_response.all_requests.llc_hit.any_response,53398266,100.00,,
     1.503132581,645,,offcore_response.all_requests.llc_miss.any_response,53426386,100.00,,
     1.603346446,5891289,,offcore_response.all_requests.llc_hit.any_response,53179032,100.00,,
     1.603346446,678,,offcore_response.all_requests.llc_miss.any_response,53150912,100.00,,
     1.703555379,5930817,,offcore_response.all_requests.llc_hit.any_response,53642138,100.00,,
     1.703555379,674,,offcore_response.all_requests.llc_miss.any_response,53671808,100.00,,
     1.803774416,5893224,,offcore_response.all_requests.llc_hit.any_response,53344054,100.00,,
     1.803774416,840,,offcore_response.all_requests.llc_miss.any_response,53331210,100.00,,
     1.903989431,5909270,,offcore_response.all_requests.llc_hit.any_response,53731559,100.00,,
     1.903989431,622,,offcore_response.all_requests.llc_miss.any_response,53714733,100.00,,
     2.004200221,5877988,,offcore_response.all_requests.llc_hit.any_response,53393681,100.00,,
     2.004200221,568,,offcore_response.all_requests.llc_miss.any_response,53393681,100.00,,
     2.104412737,5898446,,offcore_response.all_requests.llc_hit.any_response,53247970,100.00,,
     2.104412737,639,,offcore_response.all_requests.llc_miss.any_response,53247970,100.00,,
     2.204621523,5893210,,offcore_response.all_requests.llc_hit.any_response,53630832,100.00,,
     2.204621523,737,,offcore_response.all_requests.llc_miss.any_response,53660672,100.00,,
     2.304857232,5899390,,offcore_response.all_requests.llc_hit.any_response,53305994,100.00,,
     2.304857232,776,,offcore_response.all_requests.llc_miss.any_response,53305961,100.00,,
     2.405072253,5907291,,offcore_response.all_requests.llc_hit.any_response,53414523,100.00,,
     2.405072253,903,,offcore_response.all_requests.llc_miss.any_response,53414403,100.00,,
     2.505286926,5901624,,offcore_response.all_requests.llc_hit.any_response,53389321,100.00,,
     2.505286926,516,,offcore_response.all_requests.llc_miss.any_response,53359634,100.00,,
     2.605495873,5918568,,offcore_response.all_requests.llc_hit.any_response,53571030,100.00,,
     2.605495873,674,,offcore_response.all_requests.llc_miss.any_response,53571030,100.00,,
     2.705705696,5935638,,offcore_response.all_requests.llc_hit.any_response,53522438,100.00,,
     2.705705696,656,,offcore_response.all_requests.llc_miss.any_response,53552197,100.00,,
     2.805917201,5860724,,offcore_response.all_requests.llc_hit.any_response,53114236,100.00,,
     2.805917201,724,,offcore_response.all_requests.llc_miss.any_response,53114078,100.00,,
     2.906130205,5969025,,offcore_response.all_requests.llc_hit.any_response,54538830,100.00,,
     2.906130205,1184,,offcore_response.all_requests.llc_miss.any_response,54538992,100.00,,
     3.006342305,5926920,,offcore_response.all_requests.llc_hit.any_response,53562433,100.00,,
     3.006342305,803,,offcore_response.all_requests.llc_miss.any_response,53532670,100.00,,
     3.106552040,5913698,,offcore_response.all_requests.llc_hit.any_response,53224537,100.00,,
     3.106552040,628,,offcore_response.all_requests.llc_miss.any_response,53239770,100.00,,
     3.206763460,5894842,,offcore_response.all_requests.llc_hit.any_response,53294606,100.00,,
     3.206763460,516,,offcore_response.all_requests.llc_miss.any_response,53279373,100.00,,
     3.306972560,5956262,,offcore_response.all_requests.llc_hit.any_response,53795103,100.00,,
     3.306972560,603,,offcore_response.all_requests.llc_miss.any_response,53809311,100.00,,
     3.407182860,5900018,,offcore_response.all_requests.llc_hit.any_response,53495867,100.00,,
     3.407182860,836,,offcore_response.all_requests.llc_miss.any_response,53511400,100.00,,
     3.507396915,5899354,,offcore_response.all_requests.llc_hit.any_response,53331865,100.00,,
     3.507396915,587,,offcore_response.all_requests.llc_miss.any_response,53331849,100.00,,
     3.607609838,5954597,,offcore_response.all_requests.llc_hit.any_response,53833831,100.00,,
     3.607609838,624,,offcore_response.all_requests.llc_miss.any_response,53804106,100.00,,
     3.707818337,5889132,,offcore_response.all_requests.llc_hit.any_response,53391104,100.00,,
     3.707818337,560,,offcore_response.all_requests.llc_miss.any_response,53408811,100.00,,
     3.808034394,5919382,,offcore_response.all_requests.llc_hit.any_response,53655659,100.00,,
     3.808034394,362,,offcore_response.all_requests.llc_miss.any_response,53667932,100.00,,
     3.908247561,5879333,,offcore_response.all_requests.llc_hit.any_response,53210653,100.00,,
     3.908247561,526,,offcore_response.all_requests.llc_miss.any_response,53201602,100.00,,
     4.008458622,5928081,,offcore_response.all_requests.llc_hit.any_response,53396284,100.00,,
     4.008458622,710,,offcore_response.all_requests.llc_miss.any_response,53389971,100.00,,
     4.108670709,5946679,,offcore_response.all_requests.llc_hit.any_response,53807681,100.00,,
     4.108670709,608,,offcore_response.all_requests.llc_miss.any_response,53822795,100.00,,
     4.208883398,5882516,,offcore_response.all_requests.llc_hit.any_response,53340602,100.00,,
     4.208883398,669,,offcore_response.all_requests.llc_miss.any_response,53340662,100.00,,
     4.309096260,5861126,,offcore_response.all_requests.llc_hit.any_response,53144781,100.00,,
     4.309096260,553,,offcore_response.all_requests.llc_miss.any_response,53124154,100.00,,
     4.409307893,5932189,,offcore_response.all_requests.llc_hit.any_response,53742579,100.00,,
     4.409307893,693,,offcore_response.all_requests.llc_miss.any_response,53733416,100.00,,
     4.509534461,5880736,,offcore_response.all_requests.llc_hit.any_response,53179427,100.00,,
     4.509534461,529,,offcore_response.all_requests.llc_miss.any_response,53179427,100.00,,
     4.609742813,5935638,,offcore_response.all_requests.llc_hit.any_response,54106331,100.00,,
     4.609742813,705,,offcore_response.all_requests.llc_miss.any_response,54106331,100.00,,
     4.709952629,5911534,,offcore_response.all_requests.llc_hit.any_response,53329282,100.00,,
     4.709952629,534,,offcore_response.all_requests.llc_miss.any_response,53349122,100.00,,
     4.810163296,5868063,,offcore_response.all_requests.llc_hit.any_response,53048305,100.00,,
     4.810163296,681,,offcore_response.all_requests.llc_miss.any_response,53054814,100.00,,
     4.910379309,5958896,,offcore_response.all_requests.llc_hit.any_response,53848621,100.00,,
     4.910379309,549,,offcore_response.all_requests.llc_miss.any_response,53851999,100.00,,
     5.010597815,5895353,,offcore_response.all_requests.llc_hit.any_response,57366306,100.00,,
     5.010597815,546,,offcore_response.all_requests.llc_miss.any_response,57374028,100.00,,
     5.110821696,6016088,,offcore_response.all_requests.llc_hit.any_response,51082721,100.00,,
     5.110821696,460,,offcore_response.all_requests.llc_miss.any_response,51075094,100.00,,
     5.211034619,6052421,,offcore_response.all_requests.llc_hit.any_response,51391913,100.00,,
     5.211034619,733,,offcore_response.all_requests.llc_miss.any_response,51391860,100.00,,
     5.311246416,5930900,,offcore_response.all_requests.llc_hit.any_response,56112776,100.00,,
     5.311246416,704,,offcore_response.all_requests.llc_miss.any_response,56083007,100.00,,
     5.411454460,5965506,,offcore_response.all_requests.llc_hit.any_response,54053590,100.00,,
     5.411454460,996,,offcore_response.all_requests.llc_miss.any_response,54071227,100.00,,
     5.511666013,5930944,,offcore_response.all_requests.llc_hit.any_response,53594747,100.00,,
     5.511666013,652,,offcore_response.all_requests.llc_miss.any_response,53577110,100.00,,
     5.611893235,5960806,,offcore_response.all_requests.llc_hit.any_response,53625545,100.00,,
     5.611893235,867,,offcore_response.all_requests.llc_miss.any_response,53648705,100.00,,
     5.712105614,5932699,,offcore_response.all_requests.llc_hit.any_response,53290053,100.00,,
     5.712105614,602,,offcore_response.all_requests.llc_miss.any_response,53284776,100.00,,
     5.812322953,5972219,,offcore_response.all_requests.llc_hit.any_response,54076979,100.00,,
     5.812322953,814,,offcore_response.all_requests.llc_miss.any_response,54088919,100.00,,
     5.912536380,5957828,,offcore_response.all_requests.llc_hit.any_response,53863388,100.00,,
     5.912536380,682,,offcore_response.all_requests.llc_miss.any_response,53833565,100.00,,
     6.012745287,5969285,,offcore_response.all_requests.llc_hit.any_response,53916591,100.00,,
     6.012745287,492,,offcore_response.all_requests.llc_miss.any_response,53946259,100.00,,
     6.112957494,5898492,,offcore_response.all_requests.llc_hit.any_response,53459848,100.00,,
     6.112957494,687,,offcore_response.all_requests.llc_miss.any_response,53430180,100.00,,
     6.213167002,5962100,,offcore_response.all_requests.llc_hit.any_response,53364107,100.00,,
     6.213167002,497,,offcore_response.all_requests.llc_miss.any_response,53364107,100.00,,
     6.313376023,5963258,,offcore_response.all_requests.llc_hit.any_response,53793438,100.00,,
     6.313376023,556,,offcore_response.all_requests.llc_miss.any_response,53793438,100.00,,
     6.413584311,5967767,,offcore_response.all_requests.llc_hit.any_response,53755404,100.00,,
     6.413584311,698,,offcore_response.all_requests.llc_miss.any_response,53785215,100.00,,
     6.513753205,5878721,,offcore_response.all_requests.llc_hit.any_response,53256430,100.00,,
     6.513753205,728,,offcore_response.all_requests.llc_miss.any_response,53226619,100.00,,
     6.613917919,5969677,,offcore_response.all_requests.llc_hit.any_response,54566968,100.00,,
     6.613917919,950,,offcore_response.all_requests.llc_miss.any_response,54595059,100.00,,
     6.714148002,5863785,,offcore_response.all_requests.llc_hit.any_response,53855192,100.00,,
     6.714148002,676,,offcore_response.all_requests.llc_miss.any_response,53827101,100.00,,
     6.814359454,5964192,,offcore_response.all_requests.llc_hit.any_response,54041330,100.00,,
     6.814359454,1079,,offcore_response.all_requests.llc_miss.any_response,54071147,100.00,,
     6.914575157,5944125,,offcore_response.all_requests.llc_hit.any_response,53890612,100.00,,
     6.914575157,747,,offcore_response.all_requests.llc_miss.any_response,53860795,100.00,,
     7.014785218,5912247,,offcore_response.all_requests.llc_hit.any_response,53359192,100.00,,
     7.014785218,746,,offcore_response.all_requests.llc_miss.any_response,53389646,100.00,,
     7.115003260,5918833,,offcore_response.all_requests.llc_hit.any_response,53599047,100.00,,
     7.115003260,556,,offcore_response.all_requests.llc_miss.any_response,53568593,100.00,,
     7.215213175,5943104,,offcore_response.all_requests.llc_hit.any_response,53937617,100.00,,
     7.215213175,765,,offcore_response.all_requests.llc_miss.any_response,53967336,100.00,,
     7.315426185,5880867,,offcore_response.all_requests.llc_hit.any_response,53154190,100.00,,
     7.315426185,484,,offcore_response.all_requests.llc_miss.any_response,53154496,100.00,,
     7.415641513,5976111,,offcore_response.all_requests.llc_hit.any_response,54091877,100.00,,
     7.415641513,882,,offcore_response.all_requests.llc_miss.any_response,54061852,100.00,,
     7.515870405,5895092,,offcore_response.all_requests.llc_hit.any_response,53206958,100.00,,
     7.515870405,557,,offcore_response.all_requests.llc_miss.any_response,53236769,100.00,,
     7.616082346,5954547,,offcore_response.all_requests.llc_hit.any_response,53932949,100.00,,
     7.616082346,597,,offcore_response.all_requests.llc_miss.any_response,53903138,100.00,,
     7.716290908,5882044,,offcore_response.all_requests.llc_hit.any_response,57504520,100.00,,
     7.716290908,675,,offcore_response.all_requests.llc_miss.any_response,57534390,100.00,,
     7.816503768,6026956,,offcore_response.all_requests.llc_hit.any_response,51597285,100.00,,
     7.816503768,1029,,offcore_response.all_requests.llc_miss.any_response,51597248,100.00,,
     7.916717596,6056530,,offcore_response.all_requests.llc_hit.any_response,51265032,100.00,,
     7.916717596,805,,offcore_response.all_requests.llc_miss.any_response,51250514,100.00,,
     8.016931274,6062925,,offcore_response.all_requests.llc_hit.any_response,51848701,100.00,,
     8.016931274,792,,offcore_response.all_requests.llc_miss.any_response,51833386,100.00,,
     8.117140691,6028260,,offcore_response.all_requests.llc_hit.any_response,51288582,100.00,,
     8.117140691,707,,offcore_response.all_requests.llc_miss.any_response,51318329,100.00,,
     8.217358642,5993625,,offcore_response.all_requests.llc_hit.any_response,50430749,100.00,,
     8.217358642,769,,offcore_response.all_requests.llc_miss.any_response,50401002,100.00,,
     8.317568671,6072669,,offcore_response.all_requests.llc_hit.any_response,51176624,100.00,,
     8.317568671,629,,offcore_response.all_requests.llc_miss.any_response,51197012,100.00,,
     8.417780143,6040271,,offcore_response.all_requests.llc_hit.any_response,51356728,100.00,,
     8.417780143,863,,offcore_response.all_requests.llc_miss.any_response,51336340,100.00,,
     8.517988422,5991486,,offcore_response.all_requests.llc_hit.any_response,50551960,100.00,,
     8.517988422,735,,offcore_response.all_requests.llc_miss.any_response,50551960,100.00,,
     8.618196603,6001787,,offcore_response.all_requests.llc_hit.any_response,51029362,100.00,,
     8.618196603,671,,offcore_response.all_requests.llc_miss.any_response,51050133,100.00,,
     8.718408179,6034729,,offcore_response.all_requests.llc_hit.any_response,51212974,100.00,,
     8.718408179,515,,offcore_response.all_requests.llc_miss.any_response,51209880,100.00,,
     8.818618716,6029489,,offcore_response.all_requests.llc_hit.any_response,51138514,100.00,,
     8.818618716,648,,offcore_response.all_requests.llc_miss.any_response,51150541,100.00,,
     8.918849340,6022537,,offcore_response.all_requests.llc_hit.any_response,50916025,100.00,,
     8.918849340,639,,offcore_response.all_requests.llc_miss.any_response,50886321,100.00,,
     9.019058040,6039355,,offcore_response.all_requests.llc_hit.any_response,51125335,100.00,,
     9.019058040,577,,offcore_response.all_requests.llc_miss.any_response,51140048,100.00,,
     9.119272048,6004631,,offcore_response.all_requests.llc_hit.any_response,50866363,100.00,,
     9.119272048,573,,offcore_response.all_requests.llc_miss.any_response,50851650,100.00,,
     9.219473454,6007241,,offcore_response.all_requests.llc_hit.any_response,51639002,100.00,,
     9.219473454,519,,offcore_response.all_requests.llc_miss.any_response,51657791,100.00,,
     9.319684155,6023238,,offcore_response.all_requests.llc_hit.any_response,51598690,100.00,,
     9.319684155,637,,offcore_response.all_requests.llc_miss.any_response,51579901,100.00,,
     9.419867477,5989606,,offcore_response.all_requests.llc_hit.any_response,50919908,100.00,,
     9.419867477,662,,offcore_response.all_requests.llc_miss.any_response,50949815,100.00,,
     9.520066348,6015380,,offcore_response.all_requests.llc_hit.any_response,50727600,100.00,,
     9.520066348,551,,offcore_response.all_requests.llc_miss.any_response,50697693,100.00,,
     9.620258525,6006354,,offcore_response.all_requests.llc_hit.any_response,57161547,100.00,,
     9.620258525,788,,offcore_response.all_requests.llc_miss.any_response,57161547,100.00,,
     9.720463573,5930949,,offcore_response.all_requests.llc_hit.any_response,53391152,100.00,,
     9.720463573,711,,offcore_response.all_requests.llc_miss.any_response,53420969,100.00,,
     9.820671858,5854810,,offcore_response.all_requests.llc_hit.any_response,52933175,100.00,,
     9.820671858,870,,offcore_response.all_requests.llc_miss.any_response,52933066,100.00,,
     9.920880203,5962936,,offcore_response.all_requests.llc_hit.any_response,53801759,100.00,,
     9.920880203,730,,offcore_response.all_requests.llc_miss.any_response,53772051,100.00,,
    10.021090807,5950058,,offcore_response.all_requests.llc_hit.any_response,53653281,100.00,,
    10.021090807,701,,offcore_response.all_requests.llc_miss.any_response,53680031,100.00,,
    10.121305320,5924150,,offcore_response.all_requests.llc_hit.any_response,53156683,100.00,,
    10.121305320,695,,offcore_response.all_requests.llc_miss.any_response,53159784,100.00,,
    10.221532625,5974575,,offcore_response.all_requests.llc_hit.any_response,53975761,100.00,,
    10.221532625,789,,offcore_response.all_requests.llc_miss.any_response,53972240,100.00,,
    10.321739547,5976887,,offcore_response.all_requests.llc_hit.any_response,56521983,100.00,,
    10.321739547,526,,offcore_response.all_requests.llc_miss.any_response,56495653,100.00,,
    10.421946273,5978413,,offcore_response.all_requests.llc_hit.any_response,50954537,100.00,,
    10.421946273,687,,offcore_response.all_requests.llc_miss.any_response,50984470,100.00,,
    10.522156004,6014668,,offcore_response.all_requests.llc_hit.any_response,50901865,100.00,,
    10.522156004,548,,offcore_response.all_requests.llc_miss.any_response,50893814,100.00,,
    10.622364336,5959617,,offcore_response.all_requests.llc_hit.any_response,50581794,100.00,,
    10.622364336,644,,offcore_response.all_requests.llc_miss.any_response,50559912,100.00,,
    10.722576704,6026811,,offcore_response.all_requests.llc_hit.any_response,51044343,100.00,,
    10.722576704,604,,offcore_response.all_requests.llc_miss.any_response,51059458,100.00,,
    10.822785888,5967221,,offcore_response.all_requests.llc_hit.any_response,50588113,100.00,,
    10.822785888,567,,offcore_response.all_requests.llc_miss.any_response,50603680,100.00,,
    10.922997818,5959348,,offcore_response.all_requests.llc_hit.any_response,50720290,100.00,,
    10.922997818,538,,offcore_response.all_requests.llc_miss.any_response,50689608,100.00,,
    11.023202895,6013942,,offcore_response.all_requests.llc_hit.any_response,50984483,100.00,,
    11.023202895,610,,offcore_response.all_requests.llc_miss.any_response,50984483,100.00,,
