# started on Mon May  1 17:57:00 2023

     0.100182696,59892853,,inst_retired.any,50503594,100.00,140.8,IpMispredict
     0.100182696,425254,,br_misp_retired.all_branches,50503594,100.00,,
     0.200447121,60006830,,inst_retired.any,50682371,100.00,141.1,IpMispredict
     0.200447121,425369,,br_misp_retired.all_branches,50682371,100.00,,
     0.300649454,60252261,,inst_retired.any,50414202,100.00,141.5,IpMispredict
     0.300649454,426802,,br_misp_retired.all_branches,50414202,100.00,,
     0.400848522,59706902,,inst_retired.any,56885214,100.00,140.1,IpMispredict
     0.400848522,427855,,br_misp_retired.all_branches,56885214,100.00,,
     0.501052080,60487809,,inst_retired.any,53403458,100.00,142.1,IpMispredict
     0.501052080,423563,,br_misp_retired.all_branches,53403458,100.00,,
     0.601256250,59632455,,inst_retired.any,55357325,100.00,139.0,IpMispredict
     0.601256250,444806,,br_misp_retired.all_branches,55357325,100.00,,
     0.701457730,59870199,,inst_retired.any,50194061,100.00,139.6,IpMispredict
     0.701457730,428149,,br_misp_retired.all_branches,50194061,100.00,,
     0.801659103,60043570,,inst_retired.any,50198987,100.00,140.3,IpMispredict
     0.801659103,423002,,br_misp_retired.all_branches,50198987,100.00,,
     0.901859730,60427404,,inst_retired.any,50771864,100.00,141.2,IpMispredict
     0.901859730,426572,,br_misp_retired.all_branches,50771864,100.00,,
     1.002062614,59716934,,inst_retired.any,57420717,100.00,139.2,IpMispredict
     1.002062614,437934,,br_misp_retired.all_branches,57420717,100.00,,
     1.102265638,60121093,,inst_retired.any,52945318,100.00,140.3,IpMispredict
     1.102265638,424883,,br_misp_retired.all_branches,52945318,100.00,,
     1.202467733,59717103,,inst_retired.any,52756830,100.00,139.5,IpMispredict
     1.202467733,423420,,br_misp_retired.all_branches,52756830,100.00,,
     1.302670561,59854838,,inst_retired.any,52518714,100.00,140.0,IpMispredict
     1.302670561,418781,,br_misp_retired.all_branches,52518714,100.00,,
     1.402872576,60511268,,inst_retired.any,53248168,100.00,141.6,IpMispredict
     1.402872576,425678,,br_misp_retired.all_branches,53248168,100.00,,
     1.503072540,59995843,,inst_retired.any,52619521,100.00,140.5,IpMispredict
     1.503072540,422423,,br_misp_retired.all_branches,52619521,100.00,,
     1.603273732,59824515,,inst_retired.any,52639122,100.00,140.3,IpMispredict
     1.603273732,420064,,br_misp_retired.all_branches,52639122,100.00,,
     1.703475974,60135068,,inst_retired.any,53180898,100.00,141.0,IpMispredict
     1.703475974,423315,,br_misp_retired.all_branches,53180898,100.00,,
     1.803727394,59898124,,inst_retired.any,53343970,100.00,140.6,IpMispredict
     1.803727394,422702,,br_misp_retired.all_branches,53343970,100.00,,
     1.903931983,60107819,,inst_retired.any,53334104,100.00,141.1,IpMispredict
     1.903931983,424494,,br_misp_retired.all_branches,53334104,100.00,,
     2.004131185,59442193,,inst_retired.any,52523080,100.00,139.6,IpMispredict
     2.004131185,418191,,br_misp_retired.all_branches,52523080,100.00,,
     2.104333286,59927564,,inst_retired.any,53208618,100.00,140.8,IpMispredict
     2.104333286,422624,,br_misp_retired.all_branches,53208618,100.00,,
     2.204539684,61111174,,inst_retired.any,53875275,100.00,143.6,IpMispredict
     2.204539684,429565,,br_misp_retired.all_branches,53875275,100.00,,
     2.304745131,59640717,,inst_retired.any,52440567,100.00,140.2,IpMispredict
     2.304745131,418494,,br_misp_retired.all_branches,52440567,100.00,,
     2.404951037,60196061,,inst_retired.any,53336872,100.00,141.5,IpMispredict
     2.404951037,426166,,br_misp_retired.all_branches,53336872,100.00,,
     2.505157028,59995594,,inst_retired.any,53011438,100.00,141.1,IpMispredict
     2.505157028,422919,,br_misp_retired.all_branches,53011438,100.00,,
     2.605357582,59842625,,inst_retired.any,52710528,100.00,140.8,IpMispredict
     2.605357582,418328,,br_misp_retired.all_branches,52710528,100.00,,
     2.705566122,60284838,,inst_retired.any,53185885,100.00,141.8,IpMispredict
     2.705566122,423755,,br_misp_retired.all_branches,53185885,100.00,,
     2.805793615,59610344,,inst_retired.any,52391810,100.00,140.3,IpMispredict
     2.805793615,420594,,br_misp_retired.all_branches,52391810,100.00,,
     2.905994654,60567705,,inst_retired.any,53273103,100.00,142.5,IpMispredict
     2.905994654,426071,,br_misp_retired.all_branches,53273103,100.00,,
     3.006198550,59422384,,inst_retired.any,52306334,100.00,139.9,IpMispredict
     3.006198550,417226,,br_misp_retired.all_branches,52306334,100.00,,
     3.106399812,60249526,,inst_retired.any,53096569,100.00,141.9,IpMispredict
     3.106399812,423845,,br_misp_retired.all_branches,53096569,100.00,,
     3.206604948,60326270,,inst_retired.any,53290406,100.00,142.1,IpMispredict
     3.206604948,424819,,br_misp_retired.all_branches,53290406,100.00,,
     3.306806126,59658723,,inst_retired.any,52392906,100.00,140.6,IpMispredict
     3.306806126,418248,,br_misp_retired.all_branches,52392906,100.00,,
     3.407007687,60249769,,inst_retired.any,53029289,100.00,142.0,IpMispredict
     3.407007687,424723,,br_misp_retired.all_branches,53029289,100.00,,
     3.507215527,58234998,,inst_retired.any,55787219,100.00,137.3,IpMispredict
     3.507215527,413991,,br_misp_retired.all_branches,55787219,100.00,,
     3.607416339,62029324,,inst_retired.any,51896908,100.00,146.1,IpMispredict
     3.607416339,440488,,br_misp_retired.all_branches,51896908,100.00,,
     3.707623637,59594070,,inst_retired.any,49886811,100.00,140.4,IpMispredict
     3.707623637,421976,,br_misp_retired.all_branches,49886811,100.00,,
     3.807824896,60177583,,inst_retired.any,50862522,100.00,141.7,IpMispredict
     3.807824896,428737,,br_misp_retired.all_branches,50862522,100.00,,
     3.908027806,59857197,,inst_retired.any,50333953,100.00,141.0,IpMispredict
     3.908027806,424711,,br_misp_retired.all_branches,50333953,100.00,,
     4.008227689,59731472,,inst_retired.any,49941832,100.00,140.7,IpMispredict
     4.008227689,421501,,br_misp_retired.all_branches,49941832,100.00,,
     4.108427932,59987019,,inst_retired.any,50387526,100.00,141.3,IpMispredict
     4.108427932,423924,,br_misp_retired.all_branches,50387526,100.00,,
     4.208631049,60163818,,inst_retired.any,50622346,100.00,141.7,IpMispredict
     4.208631049,428832,,br_misp_retired.all_branches,50622346,100.00,,
     4.308833257,60477784,,inst_retired.any,50893557,100.00,142.4,IpMispredict
     4.308833257,425830,,br_misp_retired.all_branches,50893557,100.00,,
     4.409035305,59636881,,inst_retired.any,50161105,100.00,140.5,IpMispredict
     4.409035305,416392,,br_misp_retired.all_branches,50161105,100.00,,
     4.509235255,59851493,,inst_retired.any,50265261,100.00,141.0,IpMispredict
     4.509235255,418353,,br_misp_retired.all_branches,50265261,100.00,,
     4.609441733,59841991,,inst_retired.any,50883703,100.00,141.0,IpMispredict
     4.609441733,422457,,br_misp_retired.all_branches,50883703,100.00,,
     4.709644797,60162179,,inst_retired.any,50631963,100.00,141.8,IpMispredict
     4.709644797,423018,,br_misp_retired.all_branches,50631963,100.00,,
     4.809846102,59788192,,inst_retired.any,50305543,100.00,141.0,IpMispredict
     4.809846102,419345,,br_misp_retired.all_branches,50305543,100.00,,
     4.910050373,60093399,,inst_retired.any,50322090,100.00,141.7,IpMispredict
     4.910050373,422765,,br_misp_retired.all_branches,50322090,100.00,,
     5.010209775,60028990,,inst_retired.any,50791897,100.00,141.5,IpMispredict
     5.010209775,422932,,br_misp_retired.all_branches,50791897,100.00,,
     5.110415160,60034855,,inst_retired.any,50581102,100.00,141.6,IpMispredict
     5.110415160,421137,,br_misp_retired.all_branches,50581102,100.00,,
     5.210617753,59767935,,inst_retired.any,56247006,100.00,140.9,IpMispredict
     5.210617753,429391,,br_misp_retired.all_branches,56247006,100.00,,
     5.310821838,60306586,,inst_retired.any,53067575,100.00,142.2,IpMispredict
     5.310821838,423743,,br_misp_retired.all_branches,53067575,100.00,,
     5.411024481,60009831,,inst_retired.any,53021470,100.00,141.5,IpMispredict
     5.411024481,423132,,br_misp_retired.all_branches,53021470,100.00,,
     5.511245720,59617476,,inst_retired.any,52519567,100.00,140.6,IpMispredict
     5.511245720,417685,,br_misp_retired.all_branches,52519567,100.00,,
     5.611448834,59951232,,inst_retired.any,53067314,100.00,141.4,IpMispredict
     5.611448834,425472,,br_misp_retired.all_branches,53067314,100.00,,
     5.711651717,60339496,,inst_retired.any,53363346,100.00,142.3,IpMispredict
     5.711651717,427887,,br_misp_retired.all_branches,53363346,100.00,,
     5.811854817,59625952,,inst_retired.any,52746885,100.00,140.6,IpMispredict
     5.811854817,421009,,br_misp_retired.all_branches,52746885,100.00,,
     5.912061015,60364482,,inst_retired.any,53033754,100.00,142.3,IpMispredict
     5.912061015,425740,,br_misp_retired.all_branches,53033754,100.00,,
     6.012264244,60196715,,inst_retired.any,52831425,100.00,142.0,IpMispredict
     6.012264244,422454,,br_misp_retired.all_branches,52831425,100.00,,
     6.112467422,59674538,,inst_retired.any,52466377,100.00,140.7,IpMispredict
     6.112467422,420529,,br_misp_retired.all_branches,52466377,100.00,,
     6.212672998,60438176,,inst_retired.any,53602330,100.00,142.5,IpMispredict
     6.212672998,427575,,br_misp_retired.all_branches,53602330,100.00,,
     6.312874512,59722153,,inst_retired.any,52480848,100.00,140.8,IpMispredict
     6.312874512,421793,,br_misp_retired.all_branches,52480848,100.00,,
     6.413079543,60086998,,inst_retired.any,52936862,100.00,141.7,IpMispredict
     6.413079543,422850,,br_misp_retired.all_branches,52936862,100.00,,
     6.513284124,59472626,,inst_retired.any,52486658,100.00,140.3,IpMispredict
     6.513284124,419931,,br_misp_retired.all_branches,52486658,100.00,,
     6.613484667,60442217,,inst_retired.any,53333079,100.00,142.6,IpMispredict
     6.613484667,425678,,br_misp_retired.all_branches,53333079,100.00,,
     6.713687246,59608244,,inst_retired.any,54840627,100.00,140.5,IpMispredict
     6.713687246,439060,,br_misp_retired.all_branches,54840627,100.00,,
     6.813890353,60364213,,inst_retired.any,53348823,100.00,142.3,IpMispredict
     6.813890353,426230,,br_misp_retired.all_branches,53348823,100.00,,
     6.914098581,59802075,,inst_retired.any,56066033,100.00,140.9,IpMispredict
     6.914098581,443117,,br_misp_retired.all_branches,56066033,100.00,,
     7.014304720,59881958,,inst_retired.any,56251516,100.00,141.0,IpMispredict
     7.014304720,440850,,br_misp_retired.all_branches,56251516,100.00,,
     7.114513249,59863471,,inst_retired.any,50029887,100.00,141.0,IpMispredict
     7.114513249,422129,,br_misp_retired.all_branches,50029887,100.00,,
     7.214717856,60689182,,inst_retired.any,50990806,100.00,142.9,IpMispredict
     7.214717856,428597,,br_misp_retired.all_branches,50990806,100.00,,
     7.314922733,59802985,,inst_retired.any,50152184,100.00,140.8,IpMispredict
     7.314922733,421710,,br_misp_retired.all_branches,50152184,100.00,,
     7.415125219,60008870,,inst_retired.any,50500351,100.00,141.3,IpMispredict
     7.415125219,426630,,br_misp_retired.all_branches,50500351,100.00,,
     7.515327835,59928349,,inst_retired.any,50460872,100.00,141.1,IpMispredict
     7.515327835,426093,,br_misp_retired.all_branches,50460872,100.00,,
     7.615532886,60021908,,inst_retired.any,57123397,100.00,141.3,IpMispredict
     7.615532886,431657,,br_misp_retired.all_branches,57123397,100.00,,
     7.715743841,59961416,,inst_retired.any,53030006,100.00,141.1,IpMispredict
     7.715743841,422862,,br_misp_retired.all_branches,53030006,100.00,,
     7.815945865,60408796,,inst_retired.any,53049117,100.00,142.2,IpMispredict
     7.815945865,424734,,br_misp_retired.all_branches,53049117,100.00,,
     7.916146680,59993874,,inst_retired.any,53239187,100.00,141.2,IpMispredict
     7.916146680,423905,,br_misp_retired.all_branches,53239187,100.00,,
     8.016353352,59929871,,inst_retired.any,52896018,100.00,141.1,IpMispredict
     8.016353352,422202,,br_misp_retired.all_branches,52896018,100.00,,
     8.116553806,59478866,,inst_retired.any,52388815,100.00,140.0,IpMispredict
     8.116553806,419660,,br_misp_retired.all_branches,52388815,100.00,,
     8.216756091,60510914,,inst_retired.any,53452487,100.00,142.5,IpMispredict
     8.216756091,425945,,br_misp_retired.all_branches,53452487,100.00,,
     8.316983504,59830007,,inst_retired.any,52605920,100.00,140.9,IpMispredict
     8.316983504,421486,,br_misp_retired.all_branches,52605920,100.00,,
     8.417183020,59936490,,inst_retired.any,52730321,100.00,141.2,IpMispredict
     8.417183020,420120,,br_misp_retired.all_branches,52730321,100.00,,
     8.517384325,60399297,,inst_retired.any,53180519,100.00,142.2,IpMispredict
     8.517384325,423479,,br_misp_retired.all_branches,53180519,100.00,,
     8.617584916,59871709,,inst_retired.any,52968139,100.00,141.0,IpMispredict
     8.617584916,417318,,br_misp_retired.all_branches,52968139,100.00,,
     8.717784640,59742272,,inst_retired.any,53126553,100.00,140.7,IpMispredict
     8.717784640,419863,,br_misp_retired.all_branches,53126553,100.00,,
     8.817986012,60359812,,inst_retired.any,53214176,100.00,142.2,IpMispredict
     8.817986012,424328,,br_misp_retired.all_branches,53214176,100.00,,
     8.918185784,59342538,,inst_retired.any,52185205,100.00,139.8,IpMispredict
     8.918185784,420308,,br_misp_retired.all_branches,52185205,100.00,,
     9.018388317,60243475,,inst_retired.any,53118690,100.00,141.9,IpMispredict
     9.018388317,423110,,br_misp_retired.all_branches,53118690,100.00,,
     9.118592522,60280230,,inst_retired.any,53080096,100.00,142.0,IpMispredict
     9.118592522,423998,,br_misp_retired.all_branches,53080096,100.00,,
     9.218798633,59693621,,inst_retired.any,52804411,100.00,140.7,IpMispredict
     9.218798633,422876,,br_misp_retired.all_branches,52804411,100.00,,
     9.319000680,60487061,,inst_retired.any,53043666,100.00,142.5,IpMispredict
     9.319000680,426433,,br_misp_retired.all_branches,53043666,100.00,,
     9.419206597,60077278,,inst_retired.any,52986481,100.00,141.6,IpMispredict
     9.419206597,423166,,br_misp_retired.all_branches,52986481,100.00,,
     9.519408959,59593695,,inst_retired.any,52489587,100.00,140.4,IpMispredict
     9.519408959,417428,,br_misp_retired.all_branches,52489587,100.00,,
     9.619612564,60249699,,inst_retired.any,53060968,100.00,142.0,IpMispredict
     9.619612564,424550,,br_misp_retired.all_branches,53060968,100.00,,
     9.719821306,59622224,,inst_retired.any,52560651,100.00,140.5,IpMispredict
     9.719821306,420718,,br_misp_retired.all_branches,52560651,100.00,,
     9.820023629,60404013,,inst_retired.any,53356795,100.00,142.4,IpMispredict
     9.820023629,423481,,br_misp_retired.all_branches,53356795,100.00,,
     9.920227344,59777876,,inst_retired.any,52691836,100.00,140.9,IpMispredict
     9.920227344,418707,,br_misp_retired.all_branches,52691836,100.00,,
    10.020427730,59907883,,inst_retired.any,52919065,100.00,141.2,IpMispredict
    10.020427730,423658,,br_misp_retired.all_branches,52919065,100.00,,
    10.120628773,60186817,,inst_retired.any,52935851,100.00,141.9,IpMispredict
    10.120628773,424081,,br_misp_retired.all_branches,52935851,100.00,,
    10.220829180,59849517,,inst_retired.any,53025664,100.00,141.1,IpMispredict
    10.220829180,422110,,br_misp_retired.all_branches,53025664,100.00,,
    10.321030820,60325415,,inst_retired.any,53312038,100.00,142.2,IpMispredict
    10.321030820,424080,,br_misp_retired.all_branches,53312038,100.00,,
    10.421234739,60094880,,inst_retired.any,53024812,100.00,141.7,IpMispredict
    10.421234739,421115,,br_misp_retired.all_branches,53024812,100.00,,
    10.521434374,59861052,,inst_retired.any,52639364,100.00,141.1,IpMispredict
    10.521434374,419447,,br_misp_retired.all_branches,52639364,100.00,,
    10.621635392,59917922,,inst_retired.any,53091145,100.00,141.3,IpMispredict
    10.621635392,421575,,br_misp_retired.all_branches,53091145,100.00,,
    10.721838413,60163675,,inst_retired.any,53164017,100.00,141.9,IpMispredict
    10.721838413,423267,,br_misp_retired.all_branches,53164017,100.00,,
    10.822041272,59820549,,inst_retired.any,52742701,100.00,141.1,IpMispredict
    10.822041272,417676,,br_misp_retired.all_branches,52742701,100.00,,
    10.922243353,60312655,,inst_retired.any,53753200,100.00,142.2,IpMispredict
    10.922243353,421379,,br_misp_retired.all_branches,53753200,100.00,,
    11.022462707,59908412,,inst_retired.any,53248574,100.00,141.3,IpMispredict
    11.022462707,422717,,br_misp_retired.all_branches,53248574,100.00,,
