# started on Mon May  1 17:59:13 2023

     0.100177864,8775210,,offcore_response.all_requests.llc_hit.any_response,75961370,100.00,,
     0.100177864,958,,offcore_response.all_requests.llc_miss.any_response,75977414,100.00,,
     0.200433796,8852523,,offcore_response.all_requests.llc_hit.any_response,77186018,100.00,,
     0.200433796,879,,offcore_response.all_requests.llc_miss.any_response,77177901,100.00,,
     0.300650450,8680380,,offcore_response.all_requests.llc_hit.any_response,77600401,100.00,,
     0.300650450,1033,,offcore_response.all_requests.llc_miss.any_response,77598709,100.00,,
     0.400862487,9197725,,offcore_response.all_requests.llc_hit.any_response,77720909,100.00,,
     0.400862487,1018,,offcore_response.all_requests.llc_miss.any_response,77721064,100.00,,
     0.501075733,8979919,,offcore_response.all_requests.llc_hit.any_response,75491226,100.00,,
     0.501075733,1247,,offcore_response.all_requests.llc_miss.any_response,75477144,100.00,,
     0.601288787,8763779,,offcore_response.all_requests.llc_hit.any_response,81941674,100.00,,
     0.601288787,1693,,offcore_response.all_requests.llc_miss.any_response,81941497,100.00,,
     0.701500746,8986841,,offcore_response.all_requests.llc_hit.any_response,80832147,100.00,,
     0.701500746,1182,,offcore_response.all_requests.llc_miss.any_response,80830838,100.00,,
     0.801713859,8894920,,offcore_response.all_requests.llc_hit.any_response,80457326,100.00,,
     0.801713859,874,,offcore_response.all_requests.llc_miss.any_response,80456761,100.00,,
     0.901925585,8901218,,offcore_response.all_requests.llc_hit.any_response,80138016,100.00,,
     0.901925585,1167,,offcore_response.all_requests.llc_miss.any_response,80124389,100.00,,
     1.002134040,8832858,,offcore_response.all_requests.llc_hit.any_response,79620746,100.00,,
     1.002134040,901,,offcore_response.all_requests.llc_miss.any_response,79638767,100.00,,
     1.102343966,8958674,,offcore_response.all_requests.llc_hit.any_response,80992777,100.00,,
     1.102343966,1173,,offcore_response.all_requests.llc_miss.any_response,81004456,100.00,,
     1.202557526,9019262,,offcore_response.all_requests.llc_hit.any_response,81308922,100.00,,
     1.202557526,920,,offcore_response.all_requests.llc_miss.any_response,81296193,100.00,,
     1.302724081,9063675,,offcore_response.all_requests.llc_hit.any_response,76838583,100.00,,
     1.302724081,986,,offcore_response.all_requests.llc_miss.any_response,76821612,100.00,,
     1.402929055,8972043,,offcore_response.all_requests.llc_hit.any_response,76428672,100.00,,
     1.402929055,885,,offcore_response.all_requests.llc_miss.any_response,76458561,100.00,,
     1.503145242,9060053,,offcore_response.all_requests.llc_hit.any_response,76492583,100.00,,
     1.503145242,1120,,offcore_response.all_requests.llc_miss.any_response,76477462,100.00,,
     1.603359588,9124751,,offcore_response.all_requests.llc_hit.any_response,76309364,100.00,,
     1.603359588,736,,offcore_response.all_requests.llc_miss.any_response,76309472,100.00,,
     1.703574834,8940558,,offcore_response.all_requests.llc_hit.any_response,75728892,100.00,,
     1.703574834,787,,offcore_response.all_requests.llc_miss.any_response,75729364,100.00,,
     1.803800406,9009410,,offcore_response.all_requests.llc_hit.any_response,76375323,100.00,,
     1.803800406,944,,offcore_response.all_requests.llc_miss.any_response,76382431,100.00,,
     1.904017225,9074355,,offcore_response.all_requests.llc_hit.any_response,76537440,100.00,,
     1.904017225,926,,offcore_response.all_requests.llc_miss.any_response,76545071,100.00,,
     2.004232520,8956495,,offcore_response.all_requests.llc_hit.any_response,75351877,100.00,,
     2.004232520,929,,offcore_response.all_requests.llc_miss.any_response,75352237,100.00,,
     2.104448388,9065882,,offcore_response.all_requests.llc_hit.any_response,76292656,100.00,,
     2.104448388,994,,offcore_response.all_requests.llc_miss.any_response,76285452,100.00,,
     2.204661979,8957793,,offcore_response.all_requests.llc_hit.any_response,75190523,100.00,,
     2.204661979,839,,offcore_response.all_requests.llc_miss.any_response,75184490,100.00,,
     2.304895388,9030388,,offcore_response.all_requests.llc_hit.any_response,76144710,100.00,,
     2.304895388,812,,offcore_response.all_requests.llc_miss.any_response,76157463,100.00,,
     2.405110616,8996705,,offcore_response.all_requests.llc_hit.any_response,75549603,100.00,,
     2.405110616,711,,offcore_response.all_requests.llc_miss.any_response,75549825,100.00,,
     2.505331277,9000441,,offcore_response.all_requests.llc_hit.any_response,75641043,100.00,,
     2.505331277,949,,offcore_response.all_requests.llc_miss.any_response,75640867,100.00,,
     2.605545702,8988237,,offcore_response.all_requests.llc_hit.any_response,75574080,100.00,,
     2.605545702,785,,offcore_response.all_requests.llc_miss.any_response,75574078,100.00,,
     2.705763549,8997783,,offcore_response.all_requests.llc_hit.any_response,75808133,100.00,,
     2.705763549,1173,,offcore_response.all_requests.llc_miss.any_response,75778126,100.00,,
     2.805978196,8967853,,offcore_response.all_requests.llc_hit.any_response,75285722,100.00,,
     2.805978196,831,,offcore_response.all_requests.llc_miss.any_response,75313177,100.00,,
     2.906193664,9104385,,offcore_response.all_requests.llc_hit.any_response,76332599,100.00,,
     2.906193664,999,,offcore_response.all_requests.llc_miss.any_response,76321256,100.00,,
     3.006413709,8975190,,offcore_response.all_requests.llc_hit.any_response,75480787,100.00,,
     3.006413709,782,,offcore_response.all_requests.llc_miss.any_response,75494777,100.00,,
     3.106629524,9017081,,offcore_response.all_requests.llc_hit.any_response,75973343,100.00,,
     3.106629524,931,,offcore_response.all_requests.llc_miss.any_response,75943241,100.00,,
     3.206839909,8984772,,offcore_response.all_requests.llc_hit.any_response,75555452,100.00,,
     3.206839909,795,,offcore_response.all_requests.llc_miss.any_response,75584202,100.00,,
     3.307057127,9060092,,offcore_response.all_requests.llc_hit.any_response,76236448,100.00,,
     3.307057127,933,,offcore_response.all_requests.llc_miss.any_response,76207698,100.00,,
     3.407270664,8964759,,offcore_response.all_requests.llc_hit.any_response,75465256,100.00,,
     3.407270664,723,,offcore_response.all_requests.llc_miss.any_response,75482487,100.00,,
     3.507484468,8958317,,offcore_response.all_requests.llc_hit.any_response,75473516,100.00,,
     3.507484468,855,,offcore_response.all_requests.llc_miss.any_response,75486311,100.00,,
     3.607725700,8468822,,offcore_response.all_requests.llc_hit.any_response,76436147,100.00,,
     3.607725700,913,,offcore_response.all_requests.llc_miss.any_response,76436152,100.00,,
     3.707941277,9307276,,offcore_response.all_requests.llc_hit.any_response,83419687,100.00,,
     3.707941277,979,,offcore_response.all_requests.llc_miss.any_response,83419864,100.00,,
     3.808158227,8494155,,offcore_response.all_requests.llc_hit.any_response,80879835,100.00,,
     3.808158227,1117,,offcore_response.all_requests.llc_miss.any_response,80865749,100.00,,
     3.908375302,9065936,,offcore_response.all_requests.llc_hit.any_response,83335725,100.00,,
     3.908375302,791,,offcore_response.all_requests.llc_miss.any_response,83349909,100.00,,
     4.008589925,9047450,,offcore_response.all_requests.llc_hit.any_response,83691049,100.00,,
     4.008589925,1086,,offcore_response.all_requests.llc_miss.any_response,83690877,100.00,,
     4.108805446,9182550,,offcore_response.all_requests.llc_hit.any_response,83552010,100.00,,
     4.108805446,1026,,offcore_response.all_requests.llc_miss.any_response,83551870,100.00,,
     4.209020206,8936448,,offcore_response.all_requests.llc_hit.any_response,79864679,100.00,,
     4.209020206,1054,,offcore_response.all_requests.llc_miss.any_response,79862048,100.00,,
     4.309235153,8930412,,offcore_response.all_requests.llc_hit.any_response,80256589,100.00,,
     4.309235153,1178,,offcore_response.all_requests.llc_miss.any_response,80259173,100.00,,
     4.409451550,8812549,,offcore_response.all_requests.llc_hit.any_response,81590856,100.00,,
     4.409451550,1059,,offcore_response.all_requests.llc_miss.any_response,81580868,100.00,,
     4.509688759,9238611,,offcore_response.all_requests.llc_hit.any_response,77859391,100.00,,
     4.509688759,1789,,offcore_response.all_requests.llc_miss.any_response,77868668,100.00,,
     4.609905222,9000679,,offcore_response.all_requests.llc_hit.any_response,76453389,100.00,,
     4.609905222,832,,offcore_response.all_requests.llc_miss.any_response,76454216,100.00,,
     4.710119842,9094215,,offcore_response.all_requests.llc_hit.any_response,76379089,100.00,,
     4.710119842,934,,offcore_response.all_requests.llc_miss.any_response,76379248,100.00,,
     4.810335718,9041850,,offcore_response.all_requests.llc_hit.any_response,76007311,100.00,,
     4.810335718,969,,offcore_response.all_requests.llc_miss.any_response,76002984,100.00,,
     4.910550110,8956066,,offcore_response.all_requests.llc_hit.any_response,75324045,100.00,,
     4.910550110,907,,offcore_response.all_requests.llc_miss.any_response,75328266,100.00,,
     5.010766748,9064022,,offcore_response.all_requests.llc_hit.any_response,76385331,100.00,,
     5.010766748,731,,offcore_response.all_requests.llc_miss.any_response,76385058,100.00,,
     5.110982349,9000016,,offcore_response.all_requests.llc_hit.any_response,75637654,100.00,,
     5.110982349,998,,offcore_response.all_requests.llc_miss.any_response,75607811,100.00,,
     5.211194970,9068993,,offcore_response.all_requests.llc_hit.any_response,75816500,100.00,,
     5.211194970,833,,offcore_response.all_requests.llc_miss.any_response,75847907,100.00,,
     5.311423462,8965846,,offcore_response.all_requests.llc_hit.any_response,75635868,100.00,,
     5.311423462,913,,offcore_response.all_requests.llc_miss.any_response,75636256,100.00,,
     5.411641055,9092929,,offcore_response.all_requests.llc_hit.any_response,76098324,100.00,,
     5.411641055,939,,offcore_response.all_requests.llc_miss.any_response,76110525,100.00,,
     5.511872073,8941310,,offcore_response.all_requests.llc_hit.any_response,75349898,100.00,,
     5.511872073,869,,offcore_response.all_requests.llc_miss.any_response,75336072,100.00,,
     5.612089161,9107960,,offcore_response.all_requests.llc_hit.any_response,77259308,100.00,,
     5.612089161,908,,offcore_response.all_requests.llc_miss.any_response,77255961,100.00,,
     5.712301331,9024108,,offcore_response.all_requests.llc_hit.any_response,75916422,100.00,,
     5.712301331,1059,,offcore_response.all_requests.llc_miss.any_response,75889599,100.00,,
     5.812511835,9114563,,offcore_response.all_requests.llc_hit.any_response,76249307,100.00,,
     5.812511835,1012,,offcore_response.all_requests.llc_miss.any_response,76266850,100.00,,
     5.912726007,9027450,,offcore_response.all_requests.llc_hit.any_response,75399242,100.00,,
     5.912726007,930,,offcore_response.all_requests.llc_miss.any_response,75411780,100.00,,
     6.012941489,9002171,,offcore_response.all_requests.llc_hit.any_response,75432259,100.00,,
     6.012941489,738,,offcore_response.all_requests.llc_miss.any_response,75432507,100.00,,
     6.113156575,9145052,,offcore_response.all_requests.llc_hit.any_response,76797901,100.00,,
     6.113156575,1076,,offcore_response.all_requests.llc_miss.any_response,76797651,100.00,,
     6.213372365,8994869,,offcore_response.all_requests.llc_hit.any_response,75395768,100.00,,
     6.213372365,791,,offcore_response.all_requests.llc_miss.any_response,75385639,100.00,,
     6.313586643,9086513,,offcore_response.all_requests.llc_hit.any_response,76426578,100.00,,
     6.313586643,965,,offcore_response.all_requests.llc_miss.any_response,76436747,100.00,,
     6.413802559,9027716,,offcore_response.all_requests.llc_hit.any_response,75639450,100.00,,
     6.413802559,862,,offcore_response.all_requests.llc_miss.any_response,75639464,100.00,,
     6.514017215,9125734,,offcore_response.all_requests.llc_hit.any_response,76558785,100.00,,
     6.514017215,1013,,offcore_response.all_requests.llc_miss.any_response,76558755,100.00,,
     6.614233408,9031563,,offcore_response.all_requests.llc_hit.any_response,75586636,100.00,,
     6.614233408,947,,offcore_response.all_requests.llc_miss.any_response,75571817,100.00,,
     6.714467139,9093992,,offcore_response.all_requests.llc_hit.any_response,76344894,100.00,,
     6.714467139,949,,offcore_response.all_requests.llc_miss.any_response,76359610,100.00,,
     6.814683636,9008815,,offcore_response.all_requests.llc_hit.any_response,75538495,100.00,,
     6.814683636,878,,offcore_response.all_requests.llc_miss.any_response,75524661,100.00,,
     6.914902332,9054497,,offcore_response.all_requests.llc_hit.any_response,76067860,100.00,,
     6.914902332,968,,offcore_response.all_requests.llc_miss.any_response,76051694,100.00,,
     7.015118455,9052934,,offcore_response.all_requests.llc_hit.any_response,76085409,100.00,,
     7.015118455,781,,offcore_response.all_requests.llc_miss.any_response,76113864,100.00,,
     7.115333234,8996651,,offcore_response.all_requests.llc_hit.any_response,75564415,100.00,,
     7.115333234,1086,,offcore_response.all_requests.llc_miss.any_response,75550358,100.00,,
     7.215546150,9117738,,offcore_response.all_requests.llc_hit.any_response,76426117,100.00,,
     7.215546150,849,,offcore_response.all_requests.llc_miss.any_response,76433248,100.00,,
     7.315760013,8976413,,offcore_response.all_requests.llc_hit.any_response,75462554,100.00,,
     7.315760013,1047,,offcore_response.all_requests.llc_miss.any_response,75454764,100.00,,
     7.415974680,9109192,,offcore_response.all_requests.llc_hit.any_response,76387088,100.00,,
     7.415974680,767,,offcore_response.all_requests.llc_miss.any_response,76403347,100.00,,
     7.516188959,9015602,,offcore_response.all_requests.llc_hit.any_response,75574935,100.00,,
     7.516188959,798,,offcore_response.all_requests.llc_miss.any_response,75560029,100.00,,
     7.616402522,9010069,,offcore_response.all_requests.llc_hit.any_response,75733608,100.00,,
     7.616402522,685,,offcore_response.all_requests.llc_miss.any_response,75748523,100.00,,
     7.716616453,9058050,,offcore_response.all_requests.llc_hit.any_response,76250630,100.00,,
     7.716616453,920,,offcore_response.all_requests.llc_miss.any_response,76250711,100.00,,
     7.816832309,9090536,,offcore_response.all_requests.llc_hit.any_response,76334843,100.00,,
     7.816832309,702,,offcore_response.all_requests.llc_miss.any_response,76334701,100.00,,
     7.917046501,9059358,,offcore_response.all_requests.llc_hit.any_response,76369373,100.00,,
     7.917046501,1013,,offcore_response.all_requests.llc_miss.any_response,76369499,100.00,,
     8.017262008,8984317,,offcore_response.all_requests.llc_hit.any_response,75384040,100.00,,
     8.017262008,821,,offcore_response.all_requests.llc_miss.any_response,75383994,100.00,,
     8.117478432,9025721,,offcore_response.all_requests.llc_hit.any_response,76368537,100.00,,
     8.117478432,1338,,offcore_response.all_requests.llc_miss.any_response,76368737,100.00,,
     8.217694659,8615228,,offcore_response.all_requests.llc_hit.any_response,79204962,100.00,,
     8.217694659,921,,offcore_response.all_requests.llc_miss.any_response,79191184,100.00,,
     8.317907314,9287883,,offcore_response.all_requests.llc_hit.any_response,83653800,100.00,,
     8.317907314,1250,,offcore_response.all_requests.llc_miss.any_response,83667169,100.00,,
     8.418122154,8851829,,offcore_response.all_requests.llc_hit.any_response,79462276,100.00,,
     8.418122154,839,,offcore_response.all_requests.llc_miss.any_response,79432459,100.00,,
     8.518334073,8844747,,offcore_response.all_requests.llc_hit.any_response,79884652,100.00,,
     8.518334073,1082,,offcore_response.all_requests.llc_miss.any_response,79914770,100.00,,
     8.618550176,8893412,,offcore_response.all_requests.llc_hit.any_response,80348368,100.00,,
     8.618550176,1065,,offcore_response.all_requests.llc_miss.any_response,80348293,100.00,,
     8.718765958,8738242,,offcore_response.all_requests.llc_hit.any_response,78865852,100.00,,
     8.718765958,1048,,offcore_response.all_requests.llc_miss.any_response,78865939,100.00,,
     8.818983278,8935383,,offcore_response.all_requests.llc_hit.any_response,80174655,100.00,,
     8.818983278,1017,,offcore_response.all_requests.llc_miss.any_response,80174704,100.00,,
     8.919219948,8907453,,offcore_response.all_requests.llc_hit.any_response,80274044,100.00,,
     8.919219948,839,,offcore_response.all_requests.llc_miss.any_response,80273947,100.00,,
     9.019433932,8887546,,offcore_response.all_requests.llc_hit.any_response,80046976,100.00,,
     9.019433932,970,,offcore_response.all_requests.llc_miss.any_response,80044467,100.00,,
     9.119650032,8848741,,offcore_response.all_requests.llc_hit.any_response,80034185,100.00,,
     9.119650032,1281,,offcore_response.all_requests.llc_miss.any_response,80042334,100.00,,
     9.219886539,8795306,,offcore_response.all_requests.llc_hit.any_response,79022551,100.00,,
     9.219886539,851,,offcore_response.all_requests.llc_miss.any_response,79017653,100.00,,
     9.320104319,8898283,,offcore_response.all_requests.llc_hit.any_response,79886056,100.00,,
     9.320104319,874,,offcore_response.all_requests.llc_miss.any_response,79885875,100.00,,
     9.420323221,8899679,,offcore_response.all_requests.llc_hit.any_response,79845947,100.00,,
     9.420323221,953,,offcore_response.all_requests.llc_miss.any_response,79815304,100.00,,
     9.520537113,8873598,,offcore_response.all_requests.llc_hit.any_response,79899324,100.00,,
     9.520537113,1261,,offcore_response.all_requests.llc_miss.any_response,79917736,100.00,,
     9.620752143,8876020,,offcore_response.all_requests.llc_hit.any_response,81436715,100.00,,
     9.620752143,914,,offcore_response.all_requests.llc_miss.any_response,81447925,100.00,,
     9.720968928,8755431,,offcore_response.all_requests.llc_hit.any_response,75432313,100.00,,
     9.720968928,1066,,offcore_response.all_requests.llc_miss.any_response,75424023,100.00,,
     9.821183533,8380610,,offcore_response.all_requests.llc_hit.any_response,76236117,100.00,,
     9.821183533,3446,,offcore_response.all_requests.llc_miss.any_response,76246123,100.00,,
     9.921400622,8662108,,offcore_response.all_requests.llc_hit.any_response,80612764,100.00,,
     9.921400622,116923,,offcore_response.all_requests.llc_miss.any_response,80599969,100.00,,
    10.021610657,8697772,,offcore_response.all_requests.llc_hit.any_response,80192171,100.00,,
    10.021610657,115584,,offcore_response.all_requests.llc_miss.any_response,80197421,100.00,,
    10.121820862,8752730,,offcore_response.all_requests.llc_hit.any_response,80651026,100.00,,
    10.121820862,116045,,offcore_response.all_requests.llc_miss.any_response,80644412,100.00,,
    10.222030323,8638270,,offcore_response.all_requests.llc_hit.any_response,79512178,100.00,,
    10.222030323,114835,,offcore_response.all_requests.llc_miss.any_response,79523966,100.00,,
    10.322242330,8412726,,offcore_response.all_requests.llc_hit.any_response,79653821,100.00,,
    10.322242330,110858,,offcore_response.all_requests.llc_miss.any_response,79645125,100.00,,
    10.422454684,8922124,,offcore_response.all_requests.llc_hit.any_response,76534675,100.00,,
    10.422454684,116623,,offcore_response.all_requests.llc_miss.any_response,76544412,100.00,,
    10.522666904,8706626,,offcore_response.all_requests.llc_hit.any_response,74890588,100.00,,
    10.522666904,113883,,offcore_response.all_requests.llc_miss.any_response,74880748,100.00,,
    10.622876947,8686073,,offcore_response.all_requests.llc_hit.any_response,74977503,100.00,,
    10.622876947,114037,,offcore_response.all_requests.llc_miss.any_response,74987346,100.00,,
    10.723088225,8579400,,offcore_response.all_requests.llc_hit.any_response,74073575,100.00,,
    10.723088225,112736,,offcore_response.all_requests.llc_miss.any_response,74073671,100.00,,
    10.823299791,8704004,,offcore_response.all_requests.llc_hit.any_response,74936985,100.00,,
    10.823299791,113781,,offcore_response.all_requests.llc_miss.any_response,74923265,100.00,,
    10.923509800,8683585,,offcore_response.all_requests.llc_hit.any_response,74874741,100.00,,
    10.923509800,113549,,offcore_response.all_requests.llc_miss.any_response,74888586,100.00,,
    11.023739304,8667954,,offcore_response.all_requests.llc_hit.any_response,74891569,100.00,,
    11.023739304,113525,,offcore_response.all_requests.llc_miss.any_response,74891132,100.00,,
