# started on Mon May  1 17:57:13 2023

     0.100161765,89739225,,inst_retired.any,74857200,100.00,142.1,IpMispredict
     0.100161765,631666,,br_misp_retired.all_branches,74857200,100.00,,
     0.200385588,89780227,,inst_retired.any,74839296,100.00,142.1,IpMispredict
     0.200385588,631846,,br_misp_retired.all_branches,74839296,100.00,,
     0.300589760,90836903,,inst_retired.any,75458196,100.00,143.3,IpMispredict
     0.300589760,638334,,br_misp_retired.all_branches,75458196,100.00,,
     0.400788697,89475591,,inst_retired.any,75011202,100.00,141.4,IpMispredict
     0.400788697,629170,,br_misp_retired.all_branches,75011202,100.00,,
     0.500991536,89803746,,inst_retired.any,74598378,100.00,142.1,IpMispredict
     0.500991536,628687,,br_misp_retired.all_branches,74598378,100.00,,
     0.601193604,90912445,,inst_retired.any,75388989,100.00,143.7,IpMispredict
     0.601193604,636954,,br_misp_retired.all_branches,75388989,100.00,,
     0.701409684,89977394,,inst_retired.any,74550524,100.00,142.2,IpMispredict
     0.701409684,633407,,br_misp_retired.all_branches,74550524,100.00,,
     0.801610586,85739552,,inst_retired.any,77346958,100.00,136.1,IpMispredict
     0.801610586,609904,,br_misp_retired.all_branches,77346958,100.00,,
     0.901811193,94275522,,inst_retired.any,83087494,100.00,148.7,IpMispredict
     0.901811193,665574,,br_misp_retired.all_branches,83087494,100.00,,
     1.002015085,89778510,,inst_retired.any,79462485,100.00,141.7,IpMispredict
     1.002015085,631861,,br_misp_retired.all_branches,79462485,100.00,,
     1.102216234,90196531,,inst_retired.any,79475808,100.00,142.3,IpMispredict
     1.102216234,636605,,br_misp_retired.all_branches,79475808,100.00,,
     1.202417743,90017546,,inst_retired.any,79292862,100.00,142.1,IpMispredict
     1.202417743,630138,,br_misp_retired.all_branches,79292862,100.00,,
     1.302619206,89799599,,inst_retired.any,79291061,100.00,141.8,IpMispredict
     1.302619206,630112,,br_misp_retired.all_branches,79291061,100.00,,
     1.402823352,90132407,,inst_retired.any,79415543,100.00,142.3,IpMispredict
     1.402823352,631921,,br_misp_retired.all_branches,79415543,100.00,,
     1.503025529,90002809,,inst_retired.any,79401827,100.00,142.1,IpMispredict
     1.503025529,632823,,br_misp_retired.all_branches,79401827,100.00,,
     1.603226140,90378294,,inst_retired.any,79418803,100.00,142.6,IpMispredict
     1.603226140,638726,,br_misp_retired.all_branches,79418803,100.00,,
     1.703469396,88885074,,inst_retired.any,81057239,100.00,140.3,IpMispredict
     1.703469396,633296,,br_misp_retired.all_branches,81057239,100.00,,
     1.803675257,90639969,,inst_retired.any,75578923,100.00,142.9,IpMispredict
     1.803675257,643223,,br_misp_retired.all_branches,75578923,100.00,,
     1.903878607,90506053,,inst_retired.any,75648060,100.00,142.7,IpMispredict
     1.903878607,639355,,br_misp_retired.all_branches,75648060,100.00,,
     2.004080521,90525040,,inst_retired.any,75622742,100.00,142.6,IpMispredict
     2.004080521,638691,,br_misp_retired.all_branches,75622742,100.00,,
     2.104282773,89551541,,inst_retired.any,74787315,100.00,141.1,IpMispredict
     2.104282773,631107,,br_misp_retired.all_branches,74787315,100.00,,
     2.204486931,90450228,,inst_retired.any,75502111,100.00,142.5,IpMispredict
     2.204486931,636202,,br_misp_retired.all_branches,75502111,100.00,,
     2.304688868,89557656,,inst_retired.any,74685579,100.00,141.2,IpMispredict
     2.304688868,631359,,br_misp_retired.all_branches,74685579,100.00,,
     2.404890595,89959139,,inst_retired.any,75146541,100.00,141.8,IpMispredict
     2.404890595,631240,,br_misp_retired.all_branches,75146541,100.00,,
     2.505091361,90574867,,inst_retired.any,75539351,100.00,142.8,IpMispredict
     2.505091361,636242,,br_misp_retired.all_branches,75539351,100.00,,
     2.605293388,89752565,,inst_retired.any,74654503,100.00,141.5,IpMispredict
     2.605293388,633081,,br_misp_retired.all_branches,74654503,100.00,,
     2.705492728,89724807,,inst_retired.any,74724843,100.00,141.5,IpMispredict
     2.705492728,633192,,br_misp_retired.all_branches,74724843,100.00,,
     2.805718547,90000228,,inst_retired.any,75457826,100.00,141.9,IpMispredict
     2.805718547,634948,,br_misp_retired.all_branches,75457826,100.00,,
     2.905919088,90126475,,inst_retired.any,75467498,100.00,142.0,IpMispredict
     2.905919088,640069,,br_misp_retired.all_branches,75467498,100.00,,
     3.006127411,87417498,,inst_retired.any,81535330,100.00,137.8,IpMispredict
     3.006127411,627645,,br_misp_retired.all_branches,81535330,100.00,,
     3.106331700,93390991,,inst_retired.any,82016418,100.00,147.0,IpMispredict
     3.106331700,660652,,br_misp_retired.all_branches,82016418,100.00,,
     3.206533246,89633243,,inst_retired.any,78708062,100.00,141.1,IpMispredict
     3.206533246,632652,,br_misp_retired.all_branches,78708062,100.00,,
     3.306736901,90345396,,inst_retired.any,79310731,100.00,142.3,IpMispredict
     3.306736901,635103,,br_misp_retired.all_branches,79310731,100.00,,
     3.406938129,89800356,,inst_retired.any,78907141,100.00,141.4,IpMispredict
     3.406938129,633088,,br_misp_retired.all_branches,78907141,100.00,,
     3.507141143,89946766,,inst_retired.any,78861858,100.00,141.7,IpMispredict
     3.507141143,635151,,br_misp_retired.all_branches,78861858,100.00,,
     3.607341370,90047747,,inst_retired.any,79032739,100.00,141.8,IpMispredict
     3.607341370,636580,,br_misp_retired.all_branches,79032739,100.00,,
     3.707584830,87566364,,inst_retired.any,80571852,100.00,137.9,IpMispredict
     3.707584830,626823,,br_misp_retired.all_branches,80571852,100.00,,
     3.807790255,92858877,,inst_retired.any,77363833,100.00,146.1,IpMispredict
     3.807790255,660806,,br_misp_retired.all_branches,77363833,100.00,,
     3.908000798,90349032,,inst_retired.any,75752756,100.00,142.2,IpMispredict
     3.908000798,638067,,br_misp_retired.all_branches,75752756,100.00,,
     4.008212899,89713707,,inst_retired.any,74999493,100.00,141.2,IpMispredict
     4.008212899,630325,,br_misp_retired.all_branches,74999493,100.00,,
     4.108431719,90554722,,inst_retired.any,75421487,100.00,142.5,IpMispredict
     4.108431719,637409,,br_misp_retired.all_branches,75421487,100.00,,
     4.208634000,89877852,,inst_retired.any,74985266,100.00,141.5,IpMispredict
     4.208634000,632404,,br_misp_retired.all_branches,74985266,100.00,,
     4.308837789,90614679,,inst_retired.any,75767963,100.00,142.6,IpMispredict
     4.308837789,638759,,br_misp_retired.all_branches,75767963,100.00,,
     4.409041650,89344283,,inst_retired.any,74713339,100.00,140.6,IpMispredict
     4.409041650,625895,,br_misp_retired.all_branches,74713339,100.00,,
     4.509243644,90081845,,inst_retired.any,75321780,100.00,141.8,IpMispredict
     4.509243644,633696,,br_misp_retired.all_branches,75321780,100.00,,
     4.609445150,90611931,,inst_retired.any,75707503,100.00,142.6,IpMispredict
     4.609445150,640613,,br_misp_retired.all_branches,75707503,100.00,,
     4.709648768,89634901,,inst_retired.any,74736463,100.00,141.1,IpMispredict
     4.709648768,630271,,br_misp_retired.all_branches,74736463,100.00,,
     4.809853625,90015573,,inst_retired.any,75146684,100.00,141.7,IpMispredict
     4.809853625,630767,,br_misp_retired.all_branches,75146684,100.00,,
     4.910063505,86714823,,inst_retired.any,79842240,100.00,136.6,IpMispredict
     4.910063505,618920,,br_misp_retired.all_branches,79842240,100.00,,
     5.010267914,93353380,,inst_retired.any,82239625,100.00,147.0,IpMispredict
     5.010267914,657705,,br_misp_retired.all_branches,82239625,100.00,,
     5.110470061,90396549,,inst_retired.any,79548480,100.00,142.3,IpMispredict
     5.110470061,631893,,br_misp_retired.all_branches,79548480,100.00,,
     5.210672229,90066725,,inst_retired.any,79415995,100.00,141.8,IpMispredict
     5.210672229,629323,,br_misp_retired.all_branches,79415995,100.00,,
     5.310874543,89038517,,inst_retired.any,78764189,100.00,140.2,IpMispredict
     5.310874543,625688,,br_misp_retired.all_branches,78764189,100.00,,
     5.411077279,90701977,,inst_retired.any,79644870,100.00,142.8,IpMispredict
     5.411077279,637574,,br_misp_retired.all_branches,79644870,100.00,,
     5.511300820,89783528,,inst_retired.any,79124761,100.00,141.4,IpMispredict
     5.511300820,630321,,br_misp_retired.all_branches,79124761,100.00,,
     5.611503372,89761391,,inst_retired.any,78881257,100.00,141.4,IpMispredict
     5.611503372,629880,,br_misp_retired.all_branches,78881257,100.00,,
     5.711704153,90333873,,inst_retired.any,79396321,100.00,142.3,IpMispredict
     5.711704153,635930,,br_misp_retired.all_branches,79396321,100.00,,
     5.811908152,89482731,,inst_retired.any,78784834,100.00,141.0,IpMispredict
     5.811908152,626678,,br_misp_retired.all_branches,78784834,100.00,,
     5.912110549,90490776,,inst_retired.any,79948934,100.00,142.6,IpMispredict
     5.912110549,641684,,br_misp_retired.all_branches,79948934,100.00,,
     6.012312483,89649955,,inst_retired.any,78669959,100.00,141.2,IpMispredict
     6.012312483,635728,,br_misp_retired.all_branches,78669959,100.00,,
     6.112513999,90432616,,inst_retired.any,79753931,100.00,142.5,IpMispredict
     6.112513999,633760,,br_misp_retired.all_branches,79753931,100.00,,
     6.212712983,90394636,,inst_retired.any,79694806,100.00,142.4,IpMispredict
     6.212712983,633918,,br_misp_retired.all_branches,79694806,100.00,,
     6.312900002,89300283,,inst_retired.any,79289446,100.00,140.7,IpMispredict
     6.312900002,628395,,br_misp_retired.all_branches,79289446,100.00,,
     6.413105437,86335731,,inst_retired.any,80829793,100.00,136.1,IpMispredict
     6.413105437,617204,,br_misp_retired.all_branches,80829793,100.00,,
     6.513316248,89123074,,inst_retired.any,81878327,100.00,140.4,IpMispredict
     6.513316248,648306,,br_misp_retired.all_branches,81878327,100.00,,
     6.613520053,88535520,,inst_retired.any,82317503,100.00,139.5,IpMispredict
     6.613520053,651468,,br_misp_retired.all_branches,82317503,100.00,,
     6.713724105,91183487,,inst_retired.any,82970140,100.00,143.6,IpMispredict
     6.713724105,645902,,br_misp_retired.all_branches,82970140,100.00,,
     6.813927950,93913328,,inst_retired.any,83031726,100.00,147.8,IpMispredict
     6.813927950,665318,,br_misp_retired.all_branches,83031726,100.00,,
     6.914130712,91116903,,inst_retired.any,80601581,100.00,143.3,IpMispredict
     6.914130712,647259,,br_misp_retired.all_branches,80601581,100.00,,
     7.014334998,89946464,,inst_retired.any,79685043,100.00,141.5,IpMispredict
     7.014334998,637774,,br_misp_retired.all_branches,79685043,100.00,,
     7.114537099,89626755,,inst_retired.any,81445657,100.00,140.9,IpMispredict
     7.114537099,656758,,br_misp_retired.all_branches,81445657,100.00,,
     7.214738778,91262030,,inst_retired.any,76300592,100.00,143.5,IpMispredict
     7.214738778,649106,,br_misp_retired.all_branches,76300592,100.00,,
     7.314941160,89977778,,inst_retired.any,74984408,100.00,141.4,IpMispredict
     7.314941160,635228,,br_misp_retired.all_branches,74984408,100.00,,
     7.415142954,89697875,,inst_retired.any,74570468,100.00,141.0,IpMispredict
     7.415142954,627416,,br_misp_retired.all_branches,74570468,100.00,,
     7.515346133,90333740,,inst_retired.any,75575977,100.00,142.0,IpMispredict
     7.515346133,631604,,br_misp_retired.all_branches,75575977,100.00,,
     7.615563069,89841971,,inst_retired.any,74620081,100.00,141.3,IpMispredict
     7.615563069,631222,,br_misp_retired.all_branches,74620081,100.00,,
     7.715765070,89714125,,inst_retired.any,74643044,100.00,141.1,IpMispredict
     7.715765070,629294,,br_misp_retired.all_branches,74643044,100.00,,
     7.815966823,90391352,,inst_retired.any,75389614,100.00,142.2,IpMispredict
     7.815966823,636304,,br_misp_retired.all_branches,75389614,100.00,,
     7.916170253,89846571,,inst_retired.any,74933879,100.00,141.3,IpMispredict
     7.916170253,634411,,br_misp_retired.all_branches,74933879,100.00,,
     8.016373914,89950053,,inst_retired.any,74776334,100.00,141.5,IpMispredict
     8.016373914,633384,,br_misp_retired.all_branches,74776334,100.00,,
     8.116577311,90052869,,inst_retired.any,74789564,100.00,141.6,IpMispredict
     8.116577311,634588,,br_misp_retired.all_branches,74789564,100.00,,
     8.216778207,89980745,,inst_retired.any,75200263,100.00,141.5,IpMispredict
     8.216778207,634339,,br_misp_retired.all_branches,75200263,100.00,,
     8.317001964,90331942,,inst_retired.any,75049503,100.00,142.1,IpMispredict
     8.317001964,630473,,br_misp_retired.all_branches,75049503,100.00,,
     8.417202718,89715598,,inst_retired.any,75220259,100.00,141.1,IpMispredict
     8.417202718,633186,,br_misp_retired.all_branches,75220259,100.00,,
     8.517406269,90557732,,inst_retired.any,75170950,100.00,142.5,IpMispredict
     8.517406269,634349,,br_misp_retired.all_branches,75170950,100.00,,
     8.617608977,89460719,,inst_retired.any,74285100,100.00,140.8,IpMispredict
     8.617608977,627763,,br_misp_retired.all_branches,74285100,100.00,,
     8.717810317,89994730,,inst_retired.any,74714684,100.00,141.6,IpMispredict
     8.717810317,628136,,br_misp_retired.all_branches,74714684,100.00,,
     8.818012133,90098270,,inst_retired.any,74681451,100.00,141.8,IpMispredict
     8.818012133,633151,,br_misp_retired.all_branches,74681451,100.00,,
     8.918215951,91332404,,inst_retired.any,76189597,100.00,143.7,IpMispredict
     8.918215951,641226,,br_misp_retired.all_branches,76189597,100.00,,
     9.018416769,89875651,,inst_retired.any,74706082,100.00,141.4,IpMispredict
     9.018416769,633870,,br_misp_retired.all_branches,74706082,100.00,,
     9.118621015,89745905,,inst_retired.any,74687186,100.00,141.2,IpMispredict
     9.118621015,629393,,br_misp_retired.all_branches,74687186,100.00,,
     9.218823209,87321659,,inst_retired.any,79667591,100.00,137.4,IpMispredict
     9.218823209,628130,,br_misp_retired.all_branches,79667591,100.00,,
     9.319026185,92698512,,inst_retired.any,81766550,100.00,145.9,IpMispredict
     9.319026185,656300,,br_misp_retired.all_branches,81766550,100.00,,
     9.419229596,89904179,,inst_retired.any,79308023,100.00,141.5,IpMispredict
     9.419229596,630567,,br_misp_retired.all_branches,79308023,100.00,,
     9.519433541,90407192,,inst_retired.any,79478003,100.00,142.3,IpMispredict
     9.519433541,635457,,br_misp_retired.all_branches,79478003,100.00,,
     9.619639650,90206447,,inst_retired.any,79561176,100.00,142.0,IpMispredict
     9.619639650,632802,,br_misp_retired.all_branches,79561176,100.00,,
     9.719844020,89682209,,inst_retired.any,79119104,100.00,141.1,IpMispredict
     9.719844020,628747,,br_misp_retired.all_branches,79119104,100.00,,
     9.820046241,89741320,,inst_retired.any,78859375,100.00,141.3,IpMispredict
     9.820046241,628104,,br_misp_retired.all_branches,78859375,100.00,,
     9.920249027,90076675,,inst_retired.any,79470350,100.00,141.8,IpMispredict
     9.920249027,633309,,br_misp_retired.all_branches,79470350,100.00,,
    10.020459323,90091206,,inst_retired.any,79280084,100.00,141.8,IpMispredict
    10.020459323,632902,,br_misp_retired.all_branches,79280084,100.00,,
    10.120670418,90046711,,inst_retired.any,79196987,100.00,141.7,IpMispredict
    10.120670418,634600,,br_misp_retired.all_branches,79196987,100.00,,
    10.220874063,90026115,,inst_retired.any,79333487,100.00,141.7,IpMispredict
    10.220874063,635046,,br_misp_retired.all_branches,79333487,100.00,,
    10.321082091,90128051,,inst_retired.any,79246066,100.00,141.9,IpMispredict
    10.321082091,630732,,br_misp_retired.all_branches,79246066,100.00,,
    10.421287257,90387385,,inst_retired.any,79734938,100.00,142.3,IpMispredict
    10.421287257,634978,,br_misp_retired.all_branches,79734938,100.00,,
    10.521491977,89610197,,inst_retired.any,79031369,100.00,141.1,IpMispredict
    10.521491977,631426,,br_misp_retired.all_branches,79031369,100.00,,
    10.621696246,90203863,,inst_retired.any,79322186,100.00,142.0,IpMispredict
    10.621696246,633856,,br_misp_retired.all_branches,79322186,100.00,,
    10.721898799,90074322,,inst_retired.any,79289637,100.00,141.8,IpMispredict
    10.721898799,631006,,br_misp_retired.all_branches,79289637,100.00,,
    10.822101226,90011766,,inst_retired.any,79544086,100.00,141.7,IpMispredict
    10.822101226,631035,,br_misp_retired.all_branches,79544086,100.00,,
    10.922303130,89927379,,inst_retired.any,79384717,100.00,141.6,IpMispredict
    10.922303130,634391,,br_misp_retired.all_branches,79384717,100.00,,
    11.022526297,90782297,,inst_retired.any,80086002,100.00,142.9,IpMispredict
    11.022526297,637802,,br_misp_retired.all_branches,80086002,100.00,,
