# started on Tue May  2 14:40:30 2023

     0.100193018,29807356,,inst_retired.any,44243224,100.00,120.8,IpMispredict
     0.100193018,246777,,br_misp_retired.all_branches,44243224,100.00,,
     0.200464351,29144146,,inst_retired.any,43610939,100.00,124.0,IpMispredict
     0.200464351,223452,,br_misp_retired.all_branches,43610939,100.00,,
     0.300666932,29525954,,inst_retired.any,41929824,100.00,126.6,IpMispredict
     0.300666932,229452,,br_misp_retired.all_branches,41929824,100.00,,
     0.400834651,29372568,,inst_retired.any,43409598,100.00,122.9,IpMispredict
     0.400834651,256176,,br_misp_retired.all_branches,43409598,100.00,,
     0.501045544,29833654,,inst_retired.any,42655095,100.00,125.7,IpMispredict
     0.501045544,231095,,br_misp_retired.all_branches,42655095,100.00,,
     0.601247838,29942174,,inst_retired.any,44743389,100.00,123.7,IpMispredict
     0.601247838,265847,,br_misp_retired.all_branches,44743389,100.00,,
     0.701455012,29437533,,inst_retired.any,45111156,100.00,121.0,IpMispredict
     0.701455012,250094,,br_misp_retired.all_branches,45111156,100.00,,
     0.801659998,29421150,,inst_retired.any,43398289,100.00,121.0,IpMispredict
     0.801659998,243033,,br_misp_retired.all_branches,43398289,100.00,,
     0.901865492,29402376,,inst_retired.any,42374864,100.00,120.8,IpMispredict
     0.901865492,244896,,br_misp_retired.all_branches,42374864,100.00,,
     1.002068419,29724645,,inst_retired.any,42562340,100.00,120.8,IpMispredict
     1.002068419,269935,,br_misp_retired.all_branches,42562340,100.00,,
     1.102272543,29656907,,inst_retired.any,42300083,100.00,120.8,IpMispredict
     1.102272543,239924,,br_misp_retired.all_branches,42300083,100.00,,
     1.202474637,29551782,,inst_retired.any,42378374,100.00,120.2,IpMispredict
     1.202474637,249901,,br_misp_retired.all_branches,42378374,100.00,,
     1.302681373,29496053,,inst_retired.any,43374856,100.00,119.6,IpMispredict
     1.302681373,256177,,br_misp_retired.all_branches,43374856,100.00,,
     1.402882941,29308632,,inst_retired.any,40634523,100.00,119.5,IpMispredict
     1.402882941,226354,,br_misp_retired.all_branches,40634523,100.00,,
     1.503084168,29183911,,inst_retired.any,41955426,100.00,118.8,IpMispredict
     1.503084168,252975,,br_misp_retired.all_branches,41955426,100.00,,
     1.603286726,29672800,,inst_retired.any,42667952,100.00,120.7,IpMispredict
     1.603286726,247199,,br_misp_retired.all_branches,42667952,100.00,,
     1.703521802,29730166,,inst_retired.any,43691208,100.00,121.0,IpMispredict
     1.703521802,244158,,br_misp_retired.all_branches,43691208,100.00,,
     1.803729176,29432935,,inst_retired.any,43026464,100.00,119.6,IpMispredict
     1.803729176,253544,,br_misp_retired.all_branches,43026464,100.00,,
     1.903932626,28986820,,inst_retired.any,42632633,100.00,117.8,IpMispredict
     1.903932626,245744,,br_misp_retired.all_branches,42632633,100.00,,
     2.004137779,29932577,,inst_retired.any,44514486,100.00,121.6,IpMispredict
     2.004137779,248279,,br_misp_retired.all_branches,44514486,100.00,,
     2.104344138,29206351,,inst_retired.any,44142473,100.00,118.1,IpMispredict
     2.104344138,270252,,br_misp_retired.all_branches,44142473,100.00,,
     2.204550393,29421498,,inst_retired.any,44131745,100.00,119.0,IpMispredict
     2.204550393,241735,,br_misp_retired.all_branches,44131745,100.00,,
     2.304755627,29635753,,inst_retired.any,43760142,100.00,120.0,IpMispredict
     2.304755627,243905,,br_misp_retired.all_branches,43760142,100.00,,
     2.404966417,29692682,,inst_retired.any,43386533,100.00,120.3,IpMispredict
     2.404966417,241355,,br_misp_retired.all_branches,43386533,100.00,,
     2.505181664,29421510,,inst_retired.any,42817212,100.00,119.2,IpMispredict
     2.505181664,248834,,br_misp_retired.all_branches,42817212,100.00,,
     2.605390088,29747590,,inst_retired.any,43579192,100.00,120.5,IpMispredict
     2.605390088,248952,,br_misp_retired.all_branches,43579192,100.00,,
     2.705593536,29446889,,inst_retired.any,42429897,100.00,119.6,IpMispredict
     2.705593536,228166,,br_misp_retired.all_branches,42429897,100.00,,
     2.805824917,29606422,,inst_retired.any,43252870,100.00,120.2,IpMispredict
     2.805824917,246408,,br_misp_retired.all_branches,43252870,100.00,,
     2.906030996,29158953,,inst_retired.any,42217335,100.00,118.7,IpMispredict
     2.906030996,227531,,br_misp_retired.all_branches,42217335,100.00,,
     3.006233539,29431325,,inst_retired.any,43082682,100.00,119.3,IpMispredict
     3.006233539,280875,,br_misp_retired.all_branches,43082682,100.00,,
     3.106438679,29825201,,inst_retired.any,43607027,100.00,120.8,IpMispredict
     3.106438679,247951,,br_misp_retired.all_branches,43607027,100.00,,
     3.206639930,29731477,,inst_retired.any,43672308,100.00,120.4,IpMispredict
     3.206639930,252795,,br_misp_retired.all_branches,43672308,100.00,,
     3.306844869,29310906,,inst_retired.any,41331031,100.00,118.9,IpMispredict
     3.306844869,229929,,br_misp_retired.all_branches,41331031,100.00,,
     3.407046861,29330305,,inst_retired.any,42769601,100.00,119.1,IpMispredict
     3.407046861,236988,,br_misp_retired.all_branches,42769601,100.00,,
     3.507248697,29454012,,inst_retired.any,43084047,100.00,119.8,IpMispredict
     3.507248697,234575,,br_misp_retired.all_branches,43084047,100.00,,
     3.607472477,29695050,,inst_retired.any,42457508,100.00,121.0,IpMispredict
     3.607472477,229360,,br_misp_retired.all_branches,42457508,100.00,,
     3.707681192,29589201,,inst_retired.any,42323763,100.00,120.8,IpMispredict
     3.707681192,228564,,br_misp_retired.all_branches,42323763,100.00,,
     3.807888576,29226291,,inst_retired.any,42017932,100.00,119.6,IpMispredict
     3.807888576,225330,,br_misp_retired.all_branches,42017932,100.00,,
     3.908091417,29434087,,inst_retired.any,42298001,100.00,120.5,IpMispredict
     3.908091417,238617,,br_misp_retired.all_branches,42298001,100.00,,
     4.008293229,29518548,,inst_retired.any,42392095,100.00,120.9,IpMispredict
     4.008293229,237787,,br_misp_retired.all_branches,42392095,100.00,,
     4.108496948,29307541,,inst_retired.any,41647570,100.00,120.2,IpMispredict
     4.108496948,231513,,br_misp_retired.all_branches,41647570,100.00,,
     4.208698897,29388789,,inst_retired.any,42645142,100.00,120.7,IpMispredict
     4.208698897,227085,,br_misp_retired.all_branches,42645142,100.00,,
     4.308902199,29842403,,inst_retired.any,42930319,100.00,122.5,IpMispredict
     4.308902199,250910,,br_misp_retired.all_branches,42930319,100.00,,
     4.409111332,29379198,,inst_retired.any,42037950,100.00,120.8,IpMispredict
     4.409111332,230995,,br_misp_retired.all_branches,42037950,100.00,,
     4.509314848,29475146,,inst_retired.any,42173818,100.00,121.2,IpMispredict
     4.509314848,235097,,br_misp_retired.all_branches,42173818,100.00,,
     4.609517001,29636146,,inst_retired.any,42916296,100.00,121.8,IpMispredict
     4.609517001,255852,,br_misp_retired.all_branches,42916296,100.00,,
     4.709720229,29220447,,inst_retired.any,42881262,100.00,119.9,IpMispredict
     4.709720229,255424,,br_misp_retired.all_branches,42881262,100.00,,
     4.809921895,29749804,,inst_retired.any,44125819,100.00,122.0,IpMispredict
     4.809921895,252849,,br_misp_retired.all_branches,44125819,100.00,,
     4.910128204,28986769,,inst_retired.any,42221436,100.00,118.8,IpMispredict
     4.910128204,248269,,br_misp_retired.all_branches,42221436,100.00,,
     5.010334249,29921717,,inst_retired.any,43283719,100.00,122.5,IpMispredict
     5.010334249,261069,,br_misp_retired.all_branches,43283719,100.00,,
     5.110541727,29406384,,inst_retired.any,42374476,100.00,120.5,IpMispredict
     5.110541727,228664,,br_misp_retired.all_branches,42374476,100.00,,
     5.210745107,29548130,,inst_retired.any,42252520,100.00,121.1,IpMispredict
     5.210745107,244307,,br_misp_retired.all_branches,42252520,100.00,,
     5.310952498,29531071,,inst_retired.any,42929862,100.00,121.1,IpMispredict
     5.310952498,234510,,br_misp_retired.all_branches,42929862,100.00,,
     5.411154127,29511103,,inst_retired.any,42251140,100.00,121.2,IpMispredict
     5.411154127,228314,,br_misp_retired.all_branches,42251140,100.00,,
     5.511383352,29493243,,inst_retired.any,42238595,100.00,121.2,IpMispredict
     5.511383352,233809,,br_misp_retired.all_branches,42238595,100.00,,
     5.611587633,30072475,,inst_retired.any,42981456,100.00,123.7,IpMispredict
     5.611587633,229525,,br_misp_retired.all_branches,42981456,100.00,,
     5.711792369,29540625,,inst_retired.any,42904644,100.00,121.6,IpMispredict
     5.711792369,238111,,br_misp_retired.all_branches,42904644,100.00,,
     5.811997753,29197503,,inst_retired.any,41189744,100.00,120.2,IpMispredict
     5.811997753,232175,,br_misp_retired.all_branches,41189744,100.00,,
     5.912199648,29353693,,inst_retired.any,40439178,100.00,121.0,IpMispredict
     5.912199648,231589,,br_misp_retired.all_branches,40439178,100.00,,
     6.012399980,29534263,,inst_retired.any,43085752,100.00,121.6,IpMispredict
     6.012399980,259938,,br_misp_retired.all_branches,43085752,100.00,,
     6.112607795,29563510,,inst_retired.any,41071369,100.00,121.7,IpMispredict
     6.112607795,241050,,br_misp_retired.all_branches,41071369,100.00,,
     6.212817726,29513398,,inst_retired.any,42345201,100.00,121.6,IpMispredict
     6.212817726,236665,,br_misp_retired.all_branches,42345201,100.00,,
     6.313023768,29390770,,inst_retired.any,42396505,100.00,121.2,IpMispredict
     6.313023768,226988,,br_misp_retired.all_branches,42396505,100.00,,
     6.413225319,29614048,,inst_retired.any,41109557,100.00,122.1,IpMispredict
     6.413225319,238663,,br_misp_retired.all_branches,41109557,100.00,,
     6.513432240,29106259,,inst_retired.any,42709523,100.00,120.0,IpMispredict
     6.513432240,249320,,br_misp_retired.all_branches,42709523,100.00,,
     6.613642001,29928962,,inst_retired.any,43391627,100.00,123.3,IpMispredict
     6.613642001,257097,,br_misp_retired.all_branches,43391627,100.00,,
     6.713848607,29495032,,inst_retired.any,42230020,100.00,121.6,IpMispredict
     6.713848607,232767,,br_misp_retired.all_branches,42230020,100.00,,
     6.814051051,29519813,,inst_retired.any,42099375,100.00,121.6,IpMispredict
     6.814051051,244573,,br_misp_retired.all_branches,42099375,100.00,,
     6.914254887,29259578,,inst_retired.any,42401715,100.00,120.6,IpMispredict
     6.914254887,232395,,br_misp_retired.all_branches,42401715,100.00,,
     7.014460391,29468156,,inst_retired.any,42902672,100.00,121.4,IpMispredict
     7.014460391,260182,,br_misp_retired.all_branches,42902672,100.00,,
     7.114668942,29678800,,inst_retired.any,40921461,100.00,122.3,IpMispredict
     7.114668942,236641,,br_misp_retired.all_branches,40921461,100.00,,
     7.214871138,29327301,,inst_retired.any,41987555,100.00,120.9,IpMispredict
     7.214871138,238885,,br_misp_retired.all_branches,41987555,100.00,,
     7.315074654,29411175,,inst_retired.any,42323334,100.00,121.3,IpMispredict
     7.315074654,228095,,br_misp_retired.all_branches,42323334,100.00,,
     7.415283359,29573135,,inst_retired.any,43178387,100.00,122.1,IpMispredict
     7.415283359,227950,,br_misp_retired.all_branches,43178387,100.00,,
     7.515532787,29651497,,inst_retired.any,42277942,100.00,122.4,IpMispredict
     7.515532787,239900,,br_misp_retired.all_branches,42277942,100.00,,
     7.615738745,29318790,,inst_retired.any,42883611,100.00,120.9,IpMispredict
     7.615738745,260817,,br_misp_retired.all_branches,42883611,100.00,,
     7.715944383,29653735,,inst_retired.any,43741849,100.00,122.3,IpMispredict
     7.715944383,245706,,br_misp_retired.all_branches,43741849,100.00,,
     7.816151558,29391713,,inst_retired.any,42190263,100.00,121.2,IpMispredict
     7.816151558,240978,,br_misp_retired.all_branches,42190263,100.00,,
     7.916316434,29471780,,inst_retired.any,42530275,100.00,121.7,IpMispredict
     7.916316434,225327,,br_misp_retired.all_branches,42530275,100.00,,
     8.016520107,29491848,,inst_retired.any,43783887,100.00,121.7,IpMispredict
     8.016520107,253384,,br_misp_retired.all_branches,43783887,100.00,,
     8.116728123,29666427,,inst_retired.any,42510623,100.00,122.4,IpMispredict
     8.116728123,235616,,br_misp_retired.all_branches,42510623,100.00,,
     8.216929030,29345020,,inst_retired.any,42446982,100.00,121.1,IpMispredict
     8.216929030,237764,,br_misp_retired.all_branches,42446982,100.00,,
     8.317159670,29546653,,inst_retired.any,42456989,100.00,122.0,IpMispredict
     8.317159670,236328,,br_misp_retired.all_branches,42456989,100.00,,
     8.417362637,29788319,,inst_retired.any,43537625,100.00,123.0,IpMispredict
     8.417362637,242907,,br_misp_retired.all_branches,43537625,100.00,,
     8.517568439,29067484,,inst_retired.any,42242873,100.00,120.1,IpMispredict
     8.517568439,224830,,br_misp_retired.all_branches,42242873,100.00,,
     8.617773167,29900400,,inst_retired.any,42351235,100.00,123.5,IpMispredict
     8.617773167,243216,,br_misp_retired.all_branches,42351235,100.00,,
     8.717980919,29110571,,inst_retired.any,41911206,100.00,120.3,IpMispredict
     8.717980919,231788,,br_misp_retired.all_branches,41911206,100.00,,
     8.818185457,29698285,,inst_retired.any,45117200,100.00,122.6,IpMispredict
     8.818185457,277285,,br_misp_retired.all_branches,45117200,100.00,,
     8.918393120,29405330,,inst_retired.any,43239299,100.00,121.3,IpMispredict
     8.918393120,245560,,br_misp_retired.all_branches,43239299,100.00,,
     9.018595048,29660198,,inst_retired.any,44419507,100.00,122.4,IpMispredict
     9.018595048,240164,,br_misp_retired.all_branches,44419507,100.00,,
     9.118801652,29636145,,inst_retired.any,44113639,100.00,122.4,IpMispredict
     9.118801652,228427,,br_misp_retired.all_branches,44113639,100.00,,
     9.219007644,29332758,,inst_retired.any,43836806,100.00,121.1,IpMispredict
     9.219007644,240956,,br_misp_retired.all_branches,43836806,100.00,,
     9.319208337,29379921,,inst_retired.any,43617666,100.00,121.3,IpMispredict
     9.319208337,251282,,br_misp_retired.all_branches,43617666,100.00,,
     9.419415664,29827548,,inst_retired.any,45507725,100.00,123.1,IpMispredict
     9.419415664,256590,,br_misp_retired.all_branches,45507725,100.00,,
     9.519619748,29042903,,inst_retired.any,43012062,100.00,119.8,IpMispredict
     9.519619748,239543,,br_misp_retired.all_branches,43012062,100.00,,
     9.619823792,29759652,,inst_retired.any,44192590,100.00,122.8,IpMispredict
     9.619823792,236320,,br_misp_retired.all_branches,44192590,100.00,,
     9.720035884,29482350,,inst_retired.any,43156523,100.00,121.7,IpMispredict
     9.720035884,240134,,br_misp_retired.all_branches,43156523,100.00,,
     9.820240256,29824359,,inst_retired.any,43059138,100.00,123.1,IpMispredict
     9.820240256,245771,,br_misp_retired.all_branches,43059138,100.00,,
     9.920452185,29868829,,inst_retired.any,40748891,100.00,123.3,IpMispredict
     9.920452185,238297,,br_misp_retired.all_branches,40748891,100.00,,
    10.020652557,29603507,,inst_retired.any,42877274,100.00,122.2,IpMispredict
    10.020652557,241990,,br_misp_retired.all_branches,42877274,100.00,,
    10.120859166,30073679,,inst_retired.any,43275925,100.00,124.1,IpMispredict
    10.120859166,254905,,br_misp_retired.all_branches,43275925,100.00,,
    10.221065636,29212824,,inst_retired.any,41867983,100.00,120.6,IpMispredict
    10.221065636,231686,,br_misp_retired.all_branches,41867983,100.00,,
    10.321270639,29373252,,inst_retired.any,41880551,100.00,121.2,IpMispredict
    10.321270639,242212,,br_misp_retired.all_branches,41880551,100.00,,
    10.421474753,29530175,,inst_retired.any,42092449,100.00,121.9,IpMispredict
    10.421474753,233721,,br_misp_retired.all_branches,42092449,100.00,,
    10.521682829,30292640,,inst_retired.any,44656292,100.00,124.9,IpMispredict
    10.521682829,271586,,br_misp_retired.all_branches,44656292,100.00,,
    10.621893084,29679613,,inst_retired.any,42845694,100.00,122.4,IpMispredict
    10.621893084,249709,,br_misp_retired.all_branches,42845694,100.00,,
    10.722096807,29481078,,inst_retired.any,44017858,100.00,121.6,IpMispredict
    10.722096807,228643,,br_misp_retired.all_branches,44017858,100.00,,
    10.822298619,29687589,,inst_retired.any,44270761,100.00,122.5,IpMispredict
    10.822298619,233201,,br_misp_retired.all_branches,44270761,100.00,,
    10.922501364,29422300,,inst_retired.any,43301919,100.00,121.5,IpMispredict
    10.922501364,228121,,br_misp_retired.all_branches,43301919,100.00,,
    11.022732661,29398258,,inst_retired.any,42287224,100.00,121.4,IpMispredict
    11.022732661,237655,,br_misp_retired.all_branches,42287224,100.00,,
