# started on Tue May  2 14:42:29 2023

     0.100337983,3130535,,offcore_response.all_requests.llc_hit.any_response,43270645,100.00,,
     0.100337983,37191,,offcore_response.all_requests.llc_miss.any_response,43252398,100.00,,
     0.200585996,3175737,,offcore_response.all_requests.llc_hit.any_response,42391590,100.00,,
     0.200585996,37065,,offcore_response.all_requests.llc_miss.any_response,42382322,100.00,,
     0.300780092,3156441,,offcore_response.all_requests.llc_hit.any_response,43075534,100.00,,
     0.300780092,36995,,offcore_response.all_requests.llc_miss.any_response,43050733,100.00,,
     0.400995844,3123297,,offcore_response.all_requests.llc_hit.any_response,42514961,100.00,,
     0.400995844,37266,,offcore_response.all_requests.llc_miss.any_response,42514961,100.00,,
     0.501206998,3176295,,offcore_response.all_requests.llc_hit.any_response,43750149,100.00,,
     0.501206998,37311,,offcore_response.all_requests.llc_miss.any_response,43750149,100.00,,
     0.601420733,3100328,,offcore_response.all_requests.llc_hit.any_response,42854064,100.00,,
     0.601420733,37284,,offcore_response.all_requests.llc_miss.any_response,42886902,100.00,,
     0.701643858,3110676,,offcore_response.all_requests.llc_hit.any_response,42369793,100.00,,
     0.701643858,37249,,offcore_response.all_requests.llc_miss.any_response,42336955,100.00,,
     0.801857428,3131102,,offcore_response.all_requests.llc_hit.any_response,42022531,100.00,,
     0.801857428,37219,,offcore_response.all_requests.llc_miss.any_response,42055637,100.00,,
     0.902076979,3094922,,offcore_response.all_requests.llc_hit.any_response,42250909,100.00,,
     0.902076979,36944,,offcore_response.all_requests.llc_miss.any_response,42251510,100.00,,
     1.002297268,3077713,,offcore_response.all_requests.llc_hit.any_response,44873497,100.00,,
     1.002297268,37104,,offcore_response.all_requests.llc_miss.any_response,44872959,100.00,,
     1.102518729,3068736,,offcore_response.all_requests.llc_hit.any_response,44138061,100.00,,
     1.102518729,36596,,offcore_response.all_requests.llc_miss.any_response,44137904,100.00,,
     1.202740278,3104341,,offcore_response.all_requests.llc_hit.any_response,43711760,100.00,,
     1.202740278,37440,,offcore_response.all_requests.llc_miss.any_response,43678748,100.00,,
     1.302952531,3084353,,offcore_response.all_requests.llc_hit.any_response,45069367,100.00,,
     1.302952531,37172,,offcore_response.all_requests.llc_miss.any_response,45069367,100.00,,
     1.403165403,3055751,,offcore_response.all_requests.llc_hit.any_response,43607723,100.00,,
     1.403165403,36997,,offcore_response.all_requests.llc_miss.any_response,43653044,100.00,,
     1.503397616,3091466,,offcore_response.all_requests.llc_hit.any_response,45168214,100.00,,
     1.503397616,37350,,offcore_response.all_requests.llc_miss.any_response,45156083,100.00,,
     1.603616779,3078988,,offcore_response.all_requests.llc_hit.any_response,44007399,100.00,,
     1.603616779,37435,,offcore_response.all_requests.llc_miss.any_response,44006752,100.00,,
     1.703834677,3086944,,offcore_response.all_requests.llc_hit.any_response,44236869,100.00,,
     1.703834677,36901,,offcore_response.all_requests.llc_miss.any_response,44237947,100.00,,
     1.804055466,3096796,,offcore_response.all_requests.llc_hit.any_response,45008523,100.00,,
     1.804055466,37403,,offcore_response.all_requests.llc_miss.any_response,44974902,100.00,,
     1.904266114,3017924,,offcore_response.all_requests.llc_hit.any_response,43753995,100.00,,
     1.904266114,36558,,offcore_response.all_requests.llc_miss.any_response,43753995,100.00,,
     2.004482881,3051407,,offcore_response.all_requests.llc_hit.any_response,43964046,100.00,,
     2.004482881,37472,,offcore_response.all_requests.llc_miss.any_response,43996572,100.00,,
     2.104702769,3094381,,offcore_response.all_requests.llc_hit.any_response,44761979,100.00,,
     2.104702769,36808,,offcore_response.all_requests.llc_miss.any_response,44751927,100.00,,
     2.204921905,3072403,,offcore_response.all_requests.llc_hit.any_response,42500197,100.00,,
     2.204921905,36992,,offcore_response.all_requests.llc_miss.any_response,42490794,100.00,,
     2.305161285,3092985,,offcore_response.all_requests.llc_hit.any_response,44273961,100.00,,
     2.305161285,36993,,offcore_response.all_requests.llc_miss.any_response,44260890,100.00,,
     2.405377661,3010324,,offcore_response.all_requests.llc_hit.any_response,43304132,100.00,,
     2.405377661,36959,,offcore_response.all_requests.llc_miss.any_response,43304132,100.00,,
     2.505591469,3054982,,offcore_response.all_requests.llc_hit.any_response,42748972,100.00,,
     2.505591469,36910,,offcore_response.all_requests.llc_miss.any_response,42748972,100.00,,
     2.605807074,3044801,,offcore_response.all_requests.llc_hit.any_response,44132966,100.00,,
     2.605807074,37044,,offcore_response.all_requests.llc_miss.any_response,44132966,100.00,,
     2.706021809,3165175,,offcore_response.all_requests.llc_hit.any_response,44233752,100.00,,
     2.706021809,37615,,offcore_response.all_requests.llc_miss.any_response,44233752,100.00,,
     2.806238984,3022537,,offcore_response.all_requests.llc_hit.any_response,41129847,100.00,,
     2.806238984,36950,,offcore_response.all_requests.llc_miss.any_response,41163121,100.00,,
     2.906460102,3137562,,offcore_response.all_requests.llc_hit.any_response,44278389,100.00,,
     2.906460102,37240,,offcore_response.all_requests.llc_miss.any_response,44278674,100.00,,
     3.006679002,3112230,,offcore_response.all_requests.llc_hit.any_response,41869444,100.00,,
     3.006679002,37502,,offcore_response.all_requests.llc_miss.any_response,41853107,100.00,,
     3.106897529,3060496,,offcore_response.all_requests.llc_hit.any_response,40063901,100.00,,
     3.106897529,36945,,offcore_response.all_requests.llc_miss.any_response,40070548,100.00,,
     3.207115846,3107808,,offcore_response.all_requests.llc_hit.any_response,42453053,100.00,,
     3.207115846,37261,,offcore_response.all_requests.llc_miss.any_response,42462399,100.00,,
     3.307368776,3128334,,offcore_response.all_requests.llc_hit.any_response,42303179,100.00,,
     3.307368776,37228,,offcore_response.all_requests.llc_miss.any_response,42269964,100.00,,
     3.407582261,3088482,,offcore_response.all_requests.llc_hit.any_response,42909743,100.00,,
     3.407582261,37258,,offcore_response.all_requests.llc_miss.any_response,42909743,100.00,,
     3.507795527,3109705,,offcore_response.all_requests.llc_hit.any_response,43076962,100.00,,
     3.507795527,37793,,offcore_response.all_requests.llc_miss.any_response,43076962,100.00,,
     3.608011252,3059489,,offcore_response.all_requests.llc_hit.any_response,41768705,100.00,,
     3.608011252,36649,,offcore_response.all_requests.llc_miss.any_response,41777064,100.00,,
     3.708237124,3103135,,offcore_response.all_requests.llc_hit.any_response,41336189,100.00,,
     3.708237124,37105,,offcore_response.all_requests.llc_miss.any_response,41336841,100.00,,
     3.808454934,3177858,,offcore_response.all_requests.llc_hit.any_response,42753935,100.00,,
     3.808454934,37324,,offcore_response.all_requests.llc_miss.any_response,42776392,100.00,,
     3.908680746,3076278,,offcore_response.all_requests.llc_hit.any_response,42715135,100.00,,
     3.908680746,37022,,offcore_response.all_requests.llc_miss.any_response,42683667,100.00,,
     4.008894970,3137700,,offcore_response.all_requests.llc_hit.any_response,43290285,100.00,,
     4.008894970,37010,,offcore_response.all_requests.llc_miss.any_response,43310145,100.00,,
     4.109116121,3131963,,offcore_response.all_requests.llc_hit.any_response,43615099,100.00,,
     4.109116121,37536,,offcore_response.all_requests.llc_miss.any_response,43595239,100.00,,
     4.209328976,3135871,,offcore_response.all_requests.llc_hit.any_response,42870158,100.00,,
     4.209328976,36917,,offcore_response.all_requests.llc_miss.any_response,42870158,100.00,,
     4.309540872,3094688,,offcore_response.all_requests.llc_hit.any_response,42745322,100.00,,
     4.309540872,37012,,offcore_response.all_requests.llc_miss.any_response,42778647,100.00,,
     4.409759671,3129185,,offcore_response.all_requests.llc_hit.any_response,42654915,100.00,,
     4.409759671,36643,,offcore_response.all_requests.llc_miss.any_response,42654261,100.00,,
     4.509996771,3195729,,offcore_response.all_requests.llc_hit.any_response,41934561,100.00,,
     4.509996771,37398,,offcore_response.all_requests.llc_miss.any_response,41935174,100.00,,
     4.610219683,3091367,,offcore_response.all_requests.llc_hit.any_response,43153903,100.00,,
     4.610219683,37043,,offcore_response.all_requests.llc_miss.any_response,43144973,100.00,,
     4.710435011,3149319,,offcore_response.all_requests.llc_hit.any_response,43348111,100.00,,
     4.710435011,37311,,offcore_response.all_requests.llc_miss.any_response,43357335,100.00,,
     4.810656279,3071153,,offcore_response.all_requests.llc_hit.any_response,42367304,100.00,,
     4.810656279,36803,,offcore_response.all_requests.llc_miss.any_response,42366529,100.00,,
     4.910879311,3138691,,offcore_response.all_requests.llc_hit.any_response,43759544,100.00,,
     4.910879311,37345,,offcore_response.all_requests.llc_miss.any_response,43726741,100.00,,
     5.011096845,3162154,,offcore_response.all_requests.llc_hit.any_response,43457962,100.00,,
     5.011096845,37146,,offcore_response.all_requests.llc_miss.any_response,43490611,100.00,,
     5.111314632,3103466,,offcore_response.all_requests.llc_hit.any_response,42258858,100.00,,
     5.111314632,37275,,offcore_response.all_requests.llc_miss.any_response,42226209,100.00,,
     5.211527290,3064938,,offcore_response.all_requests.llc_hit.any_response,41576857,100.00,,
     5.211527290,37278,,offcore_response.all_requests.llc_miss.any_response,41608578,100.00,,
     5.311748661,3143081,,offcore_response.all_requests.llc_hit.any_response,43665929,100.00,,
     5.311748661,37520,,offcore_response.all_requests.llc_miss.any_response,43634208,100.00,,
     5.411960825,3102576,,offcore_response.all_requests.llc_hit.any_response,45067461,100.00,,
     5.411960825,36564,,offcore_response.all_requests.llc_miss.any_response,45100159,100.00,,
     5.512179860,3078976,,offcore_response.all_requests.llc_hit.any_response,44422762,100.00,,
     5.512179860,37328,,offcore_response.all_requests.llc_miss.any_response,44406088,100.00,,
     5.612396080,3078516,,offcore_response.all_requests.llc_hit.any_response,44163878,100.00,,
     5.612396080,37256,,offcore_response.all_requests.llc_miss.any_response,44180844,100.00,,
     5.712615092,3000022,,offcore_response.all_requests.llc_hit.any_response,42896441,100.00,,
     5.712615092,36724,,offcore_response.all_requests.llc_miss.any_response,42896581,100.00,,
     5.812836510,3089414,,offcore_response.all_requests.llc_hit.any_response,43567904,100.00,,
     5.812836510,37396,,offcore_response.all_requests.llc_miss.any_response,43534774,100.00,,
     5.913048379,3075252,,offcore_response.all_requests.llc_hit.any_response,43844006,100.00,,
     5.913048379,37169,,offcore_response.all_requests.llc_miss.any_response,43844006,100.00,,
     6.013268728,3040880,,offcore_response.all_requests.llc_hit.any_response,44240369,100.00,,
     6.013268728,37054,,offcore_response.all_requests.llc_miss.any_response,44273636,100.00,,
     6.113487028,3060531,,offcore_response.all_requests.llc_hit.any_response,43049612,100.00,,
     6.113487028,37695,,offcore_response.all_requests.llc_miss.any_response,43045270,100.00,,
     6.213705303,3044376,,offcore_response.all_requests.llc_hit.any_response,43616650,100.00,,
     6.213705303,36595,,offcore_response.all_requests.llc_miss.any_response,43602534,100.00,,
     6.313923219,3088958,,offcore_response.all_requests.llc_hit.any_response,44229815,100.00,,
     6.313923219,37383,,offcore_response.all_requests.llc_miss.any_response,44249005,100.00,,
     6.414148139,3121969,,offcore_response.all_requests.llc_hit.any_response,46074649,100.00,,
     6.414148139,37358,,offcore_response.all_requests.llc_miss.any_response,46040650,100.00,,
     6.514358996,3100168,,offcore_response.all_requests.llc_hit.any_response,44294573,100.00,,
     6.514358996,36907,,offcore_response.all_requests.llc_miss.any_response,44327709,100.00,,
     6.614601934,3066495,,offcore_response.all_requests.llc_hit.any_response,44103709,100.00,,
     6.614601934,37256,,offcore_response.all_requests.llc_miss.any_response,44103894,100.00,,
     6.714820706,3048009,,offcore_response.all_requests.llc_hit.any_response,44145460,100.00,,
     6.714820706,36986,,offcore_response.all_requests.llc_miss.any_response,44145350,100.00,,
     6.815046644,3084513,,offcore_response.all_requests.llc_hit.any_response,44516083,100.00,,
     6.815046644,37043,,offcore_response.all_requests.llc_miss.any_response,44482872,100.00,,
     6.915258256,3081302,,offcore_response.all_requests.llc_hit.any_response,43999254,100.00,,
     6.915258256,37066,,offcore_response.all_requests.llc_miss.any_response,43999254,100.00,,
     7.015473125,3097722,,offcore_response.all_requests.llc_hit.any_response,45339483,100.00,,
     7.015473125,37154,,offcore_response.all_requests.llc_miss.any_response,45339483,100.00,,
     7.115686087,3011141,,offcore_response.all_requests.llc_hit.any_response,42108561,100.00,,
     7.115686087,36886,,offcore_response.all_requests.llc_miss.any_response,42141620,100.00,,
     7.215904013,3040659,,offcore_response.all_requests.llc_hit.any_response,44503780,100.00,,
     7.215904013,37308,,offcore_response.all_requests.llc_miss.any_response,44503781,100.00,,
     7.316123942,3111115,,offcore_response.all_requests.llc_hit.any_response,44454376,100.00,,
     7.316123942,37500,,offcore_response.all_requests.llc_miss.any_response,44437666,100.00,,
     7.416342102,3051492,,offcore_response.all_requests.llc_hit.any_response,44231552,100.00,,
     7.416342102,37106,,offcore_response.all_requests.llc_miss.any_response,44215202,100.00,,
     7.516555224,3062551,,offcore_response.all_requests.llc_hit.any_response,43611200,100.00,,
     7.516555224,37050,,offcore_response.all_requests.llc_miss.any_response,43619942,100.00,,
     7.616772038,3044462,,offcore_response.all_requests.llc_hit.any_response,44390045,100.00,,
     7.616772038,37128,,offcore_response.all_requests.llc_miss.any_response,44381303,100.00,,
     7.716984762,3033978,,offcore_response.all_requests.llc_hit.any_response,43843596,100.00,,
     7.716984762,37268,,offcore_response.all_requests.llc_miss.any_response,43877006,100.00,,
     7.817203814,3066347,,offcore_response.all_requests.llc_hit.any_response,43059314,100.00,,
     7.817203814,36984,,offcore_response.all_requests.llc_miss.any_response,43025904,100.00,,
     7.917416201,3081253,,offcore_response.all_requests.llc_hit.any_response,43730264,100.00,,
     7.917416201,36782,,offcore_response.all_requests.llc_miss.any_response,43730264,100.00,,
     8.017630627,3039868,,offcore_response.all_requests.llc_hit.any_response,43965828,100.00,,
     8.017630627,36980,,offcore_response.all_requests.llc_miss.any_response,43965828,100.00,,
     8.117845680,3138781,,offcore_response.all_requests.llc_hit.any_response,44429666,100.00,,
     8.117845680,36654,,offcore_response.all_requests.llc_miss.any_response,44429666,100.00,,
     8.218060693,3088992,,offcore_response.all_requests.llc_hit.any_response,42285160,100.00,,
     8.218060693,36648,,offcore_response.all_requests.llc_miss.any_response,42317435,100.00,,
     8.318279892,3102708,,offcore_response.all_requests.llc_hit.any_response,42436423,100.00,,
     8.318279892,36400,,offcore_response.all_requests.llc_miss.any_response,42404148,100.00,,
     8.418494037,3094412,,offcore_response.all_requests.llc_hit.any_response,42671703,100.00,,
     8.418494037,36574,,offcore_response.all_requests.llc_miss.any_response,42671703,100.00,,
     8.518707609,3054767,,offcore_response.all_requests.llc_hit.any_response,41691277,100.00,,
     8.518707609,36546,,offcore_response.all_requests.llc_miss.any_response,41691277,100.00,,
     8.618921152,3144596,,offcore_response.all_requests.llc_hit.any_response,43401115,100.00,,
     8.618921152,36537,,offcore_response.all_requests.llc_miss.any_response,43432506,100.00,,
     8.719143568,3094218,,offcore_response.all_requests.llc_hit.any_response,42692679,100.00,,
     8.719143568,36919,,offcore_response.all_requests.llc_miss.any_response,42661288,100.00,,
     8.819404127,3102954,,offcore_response.all_requests.llc_hit.any_response,42917976,100.00,,
     8.819404127,36155,,offcore_response.all_requests.llc_miss.any_response,42917976,100.00,,
     8.919616301,3074776,,offcore_response.all_requests.llc_hit.any_response,42086808,100.00,,
     8.919616301,36150,,offcore_response.all_requests.llc_miss.any_response,42086808,100.00,,
     9.019828537,3108671,,offcore_response.all_requests.llc_hit.any_response,42890202,100.00,,
     9.019828537,36730,,offcore_response.all_requests.llc_miss.any_response,42923050,100.00,,
     9.120048883,3057093,,offcore_response.all_requests.llc_hit.any_response,43116746,100.00,,
     9.120048883,35799,,offcore_response.all_requests.llc_miss.any_response,43099727,100.00,,
     9.220266558,3165816,,offcore_response.all_requests.llc_hit.any_response,43396102,100.00,,
     9.220266558,37014,,offcore_response.all_requests.llc_miss.any_response,43380273,100.00,,
     9.320478213,3026396,,offcore_response.all_requests.llc_hit.any_response,40706926,100.00,,
     9.320478213,36121,,offcore_response.all_requests.llc_miss.any_response,40740165,100.00,,
     9.420697062,3130916,,offcore_response.all_requests.llc_hit.any_response,42822379,100.00,,
     9.420697062,37071,,offcore_response.all_requests.llc_miss.any_response,42789140,100.00,,
     9.520908895,3082708,,offcore_response.all_requests.llc_hit.any_response,44942022,100.00,,
     9.520908895,36225,,offcore_response.all_requests.llc_miss.any_response,44975634,100.00,,
     9.621130393,3038320,,offcore_response.all_requests.llc_hit.any_response,43468445,100.00,,
     9.621130393,36528,,offcore_response.all_requests.llc_miss.any_response,43468173,100.00,,
     9.721351776,3091372,,offcore_response.all_requests.llc_hit.any_response,44789233,100.00,,
     9.721351776,36284,,offcore_response.all_requests.llc_miss.any_response,44755893,100.00,,
     9.821567588,3086154,,offcore_response.all_requests.llc_hit.any_response,43827859,100.00,,
     9.821567588,36509,,offcore_response.all_requests.llc_miss.any_response,43827859,100.00,,
     9.921780336,3079098,,offcore_response.all_requests.llc_hit.any_response,44513553,100.00,,
     9.921780336,36478,,offcore_response.all_requests.llc_miss.any_response,44513553,100.00,,
    10.021998225,3029864,,offcore_response.all_requests.llc_hit.any_response,43375799,100.00,,
    10.021998225,36368,,offcore_response.all_requests.llc_miss.any_response,43409589,100.00,,
    10.122229088,3046623,,offcore_response.all_requests.llc_hit.any_response,44213404,100.00,,
    10.122229088,36399,,offcore_response.all_requests.llc_miss.any_response,44179614,100.00,,
    10.222419448,3055843,,offcore_response.all_requests.llc_hit.any_response,42861229,100.00,,
    10.222419448,36700,,offcore_response.all_requests.llc_miss.any_response,42861229,100.00,,
    10.322587070,3069774,,offcore_response.all_requests.llc_hit.any_response,43721840,100.00,,
    10.322587070,36172,,offcore_response.all_requests.llc_miss.any_response,43755448,100.00,,
    10.422806293,3056124,,offcore_response.all_requests.llc_hit.any_response,44385830,100.00,,
    10.422806293,37109,,offcore_response.all_requests.llc_miss.any_response,44352222,100.00,,
    10.523019184,3088219,,offcore_response.all_requests.llc_hit.any_response,43916601,100.00,,
    10.523019184,36810,,offcore_response.all_requests.llc_miss.any_response,43916601,100.00,,
    10.623254705,3020783,,offcore_response.all_requests.llc_hit.any_response,43813420,100.00,,
    10.623254705,36506,,offcore_response.all_requests.llc_miss.any_response,43813420,100.00,,
    10.723469127,3107993,,offcore_response.all_requests.llc_hit.any_response,44809771,100.00,,
    10.723469127,37002,,offcore_response.all_requests.llc_miss.any_response,44840812,100.00,,
    10.823691684,3113601,,offcore_response.all_requests.llc_hit.any_response,43903094,100.00,,
    10.823691684,36535,,offcore_response.all_requests.llc_miss.any_response,43886210,100.00,,
    10.923917294,3078606,,offcore_response.all_requests.llc_hit.any_response,42126036,100.00,,
    10.923917294,36458,,offcore_response.all_requests.llc_miss.any_response,42111879,100.00,,
    11.024150512,3054324,,offcore_response.all_requests.llc_hit.any_response,43464390,100.00,,
    11.024150512,36600,,offcore_response.all_requests.llc_miss.any_response,43464390,100.00,,
