# started on Tue May  2 14:40:56 2023

     0.100171891,87969290,,inst_retired.any,80997160,100.00,136.2,IpMispredict
     0.100171891,645648,,br_misp_retired.all_branches,80997160,100.00,,
     0.200422797,87909569,,inst_retired.any,81049173,100.00,136.5,IpMispredict
     0.200422797,642116,,br_misp_retired.all_branches,81049173,100.00,,
     0.300631682,81739825,,inst_retired.any,79684090,100.00,128.7,IpMispredict
     0.300631682,617332,,br_misp_retired.all_branches,79684090,100.00,,
     0.400831448,91201932,,inst_retired.any,80741854,100.00,141.3,IpMispredict
     0.400831448,676908,,br_misp_retired.all_branches,80741854,100.00,,
     0.501038262,91741645,,inst_retired.any,81021759,100.00,140.9,IpMispredict
     0.501038262,673818,,br_misp_retired.all_branches,81021759,100.00,,
     0.601240388,89818864,,inst_retired.any,79147130,100.00,137.7,IpMispredict
     0.601240388,656580,,br_misp_retired.all_branches,79147130,100.00,,
     0.701445651,88698801,,inst_retired.any,78214910,100.00,136.1,IpMispredict
     0.701445651,649537,,br_misp_retired.all_branches,78214910,100.00,,
     0.801649538,71219216,,inst_retired.any,62788403,100.00,112.1,IpMispredict
     0.801649538,522589,,br_misp_retired.all_branches,62788403,100.00,,
     0.901856819,4746607,,inst_retired.any,8709872,100.00,8.3,IpMispredict
     0.901856819,54599,,br_misp_retired.all_branches,8709872,100.00,,
     1.002066663,92093769,,inst_retired.any,80997545,100.00,157.9,IpMispredict
     1.002066663,693120,,br_misp_retired.all_branches,80997545,100.00,,
     1.102273824,91210481,,inst_retired.any,80764493,100.00,154.1,IpMispredict
     1.102273824,677867,,br_misp_retired.all_branches,80764493,100.00,,
     1.202481032,91599297,,inst_retired.any,80843576,100.00,152.9,IpMispredict
     1.202481032,678212,,br_misp_retired.all_branches,80843576,100.00,,
     1.302685718,91642963,,inst_retired.any,80926064,100.00,151.4,IpMispredict
     1.302685718,679598,,br_misp_retired.all_branches,80926064,100.00,,
     1.402890856,91425250,,inst_retired.any,80830410,100.00,149.7,IpMispredict
     1.402890856,682263,,br_misp_retired.all_branches,80830410,100.00,,
     1.503096394,91293594,,inst_retired.any,80724410,100.00,148.3,IpMispredict
     1.503096394,680826,,br_misp_retired.all_branches,80724410,100.00,,
     1.603301042,91564868,,inst_retired.any,80808516,100.00,147.8,IpMispredict
     1.603301042,681893,,br_misp_retired.all_branches,80808516,100.00,,
     1.703502824,91793413,,inst_retired.any,80978311,100.00,147.3,IpMispredict
     1.703502824,682467,,br_misp_retired.all_branches,80978311,100.00,,
     1.803710737,91660283,,inst_retired.any,80769390,100.00,146.3,IpMispredict
     1.803710737,681686,,br_misp_retired.all_branches,80769390,100.00,,
     1.903922091,74997709,,inst_retired.any,66050656,100.00,120.4,IpMispredict
     1.903922091,553997,,br_misp_retired.all_branches,66050656,100.00,,
     2.004137628,5931665,,inst_retired.any,9010265,100.00,10.0,IpMispredict
     2.004137628,65195,,br_misp_retired.all_branches,9010265,100.00,,
     2.104351046,92177812,,inst_retired.any,81089107,100.00,153.7,IpMispredict
     2.104351046,697492,,br_misp_retired.all_branches,81089107,100.00,,
     2.204553359,91774552,,inst_retired.any,81031262,100.00,152.1,IpMispredict
     2.204553359,683170,,br_misp_retired.all_branches,81031262,100.00,,
     2.304737180,91589667,,inst_retired.any,80604101,100.00,151.0,IpMispredict
     2.304737180,677656,,br_misp_retired.all_branches,80604101,100.00,,
     2.404945079,85735727,,inst_retired.any,80114676,100.00,140.8,IpMispredict
     2.404945079,654590,,br_misp_retired.all_branches,80114676,100.00,,
     2.505154084,87104372,,inst_retired.any,80466208,100.00,142.7,IpMispredict
     2.505154084,648669,,br_misp_retired.all_branches,80466208,100.00,,
     2.605364506,88015227,,inst_retired.any,81065638,100.00,143.9,IpMispredict
     2.605364506,647990,,br_misp_retired.all_branches,81065638,100.00,,
     2.705572502,87856150,,inst_retired.any,80929797,100.00,143.3,IpMispredict
     2.705572502,644890,,br_misp_retired.all_branches,80929797,100.00,,
     2.805799657,87464219,,inst_retired.any,80787155,100.00,142.5,IpMispredict
     2.805799657,641230,,br_misp_retired.all_branches,80787155,100.00,,
     2.906004909,88380323,,inst_retired.any,81395663,100.00,143.7,IpMispredict
     2.906004909,646611,,br_misp_retired.all_branches,81395663,100.00,,
     3.006215472,67618170,,inst_retired.any,65025487,100.00,110.6,IpMispredict
     3.006215472,508458,,br_misp_retired.all_branches,65025487,100.00,,
     3.106423939,5597426,,inst_retired.any,9647533,100.00,9.4,IpMispredict
     3.106423939,56915,,br_misp_retired.all_branches,9647533,100.00,,
     3.206629549,92595344,,inst_retired.any,81111174,100.00,155.2,IpMispredict
     3.206629549,689683,,br_misp_retired.all_branches,81111174,100.00,,
     3.306835534,91865265,,inst_retired.any,80645856,100.00,153.3,IpMispredict
     3.306835534,677328,,br_misp_retired.all_branches,80645856,100.00,,
     3.407040039,91555031,,inst_retired.any,80464642,100.00,152.2,IpMispredict
     3.407040039,677562,,br_misp_retired.all_branches,80464642,100.00,,
     3.507245729,91558580,,inst_retired.any,80596498,100.00,151.7,IpMispredict
     3.507245729,676049,,br_misp_retired.all_branches,80596498,100.00,,
     3.607453131,92062929,,inst_retired.any,80742965,100.00,152.0,IpMispredict
     3.607453131,678332,,br_misp_retired.all_branches,80742965,100.00,,
     3.707668037,92038259,,inst_retired.any,80504027,100.00,151.5,IpMispredict
     3.707668037,674295,,br_misp_retired.all_branches,80504027,100.00,,
     3.807874920,91639794,,inst_retired.any,80689665,100.00,150.4,IpMispredict
     3.807874920,679516,,br_misp_retired.all_branches,80689665,100.00,,
     3.908081420,92560813,,inst_retired.any,81566656,100.00,151.4,IpMispredict
     3.908081420,681727,,br_misp_retired.all_branches,81566656,100.00,,
     4.008289249,92143075,,inst_retired.any,80876284,100.00,150.3,IpMispredict
     4.008289249,677447,,br_misp_retired.all_branches,80876284,100.00,,
     4.108497151,74746916,,inst_retired.any,65570010,100.00,122.3,IpMispredict
     4.108497151,547100,,br_misp_retired.all_branches,65570010,100.00,,
     4.208704383,6262547,,inst_retired.any,10137273,100.00,10.5,IpMispredict
     4.208704383,67026,,br_misp_retired.all_branches,10137273,100.00,,
     4.308912934,91793995,,inst_retired.any,80820852,100.00,152.9,IpMispredict
     4.308912934,683236,,br_misp_retired.all_branches,80820852,100.00,,
     4.409114071,91511513,,inst_retired.any,80607446,100.00,152.0,IpMispredict
     4.409114071,676764,,br_misp_retired.all_branches,80607446,100.00,,
     4.509319384,91827110,,inst_retired.any,80671329,100.00,152.1,IpMispredict
     4.509319384,677238,,br_misp_retired.all_branches,80671329,100.00,,
     4.609521881,91672788,,inst_retired.any,80714022,100.00,151.4,IpMispredict
     4.609521881,681142,,br_misp_retired.all_branches,80714022,100.00,,
     4.709727411,91881579,,inst_retired.any,80799043,100.00,151.4,IpMispredict
     4.709727411,681064,,br_misp_retired.all_branches,80799043,100.00,,
     4.809934669,91894619,,inst_retired.any,80659024,100.00,151.0,IpMispredict
     4.809934669,678769,,br_misp_retired.all_branches,80659024,100.00,,
     4.910140787,91996535,,inst_retired.any,80862833,100.00,150.8,IpMispredict
     4.910140787,679943,,br_misp_retired.all_branches,80862833,100.00,,
     5.010351657,92132697,,inst_retired.any,80776282,100.00,150.7,IpMispredict
     5.010351657,678358,,br_misp_retired.all_branches,80776282,100.00,,
     5.110560715,92461016,,inst_retired.any,80972823,100.00,150.9,IpMispredict
     5.110560715,679308,,br_misp_retired.all_branches,80972823,100.00,,
     5.210765705,74383828,,inst_retired.any,65276836,100.00,121.7,IpMispredict
     5.210765705,549176,,br_misp_retired.all_branches,65276836,100.00,,
     5.310972667,6348202,,inst_retired.any,10066386,100.00,10.6,IpMispredict
     5.310972667,55417,,br_misp_retired.all_branches,10066386,100.00,,
     5.411182324,91453385,,inst_retired.any,80926061,100.00,151.8,IpMispredict
     5.411182324,685097,,br_misp_retired.all_branches,80926061,100.00,,
     5.511388164,91478347,,inst_retired.any,80777606,100.00,151.5,IpMispredict
     5.511388164,683165,,br_misp_retired.all_branches,80777606,100.00,,
     5.611612181,91418997,,inst_retired.any,80752043,100.00,151.0,IpMispredict
     5.611612181,679976,,br_misp_retired.all_branches,80752043,100.00,,
     5.711832726,91758247,,inst_retired.any,80870138,100.00,151.3,IpMispredict
     5.711832726,680799,,br_misp_retired.all_branches,80870138,100.00,,
     5.812040816,91647539,,inst_retired.any,80784918,100.00,150.8,IpMispredict
     5.812040816,679766,,br_misp_retired.all_branches,80784918,100.00,,
     5.912246680,91506112,,inst_retired.any,80726453,100.00,150.2,IpMispredict
     5.912246680,678125,,br_misp_retired.all_branches,80726453,100.00,,
     6.012450874,91807920,,inst_retired.any,80801126,100.00,150.4,IpMispredict
     6.012450874,684582,,br_misp_retired.all_branches,80801126,100.00,,
     6.112657441,85887338,,inst_retired.any,80497133,100.00,140.5,IpMispredict
     6.112657441,661219,,br_misp_retired.all_branches,80497133,100.00,,
     6.212861391,87536553,,inst_retired.any,80549122,100.00,143.1,IpMispredict
     6.212861391,649674,,br_misp_retired.all_branches,80549122,100.00,,
     6.313069370,66382469,,inst_retired.any,64644467,100.00,108.8,IpMispredict
     6.313069370,499335,,br_misp_retired.all_branches,64644467,100.00,,
     6.413278867,6537054,,inst_retired.any,10945908,100.00,10.9,IpMispredict
     6.413278867,68760,,br_misp_retired.all_branches,10945908,100.00,,
     6.513492824,89041603,,inst_retired.any,81351799,100.00,147.8,IpMispredict
     6.513492824,664648,,br_misp_retired.all_branches,81351799,100.00,,
     6.613699520,88121138,,inst_retired.any,80802435,100.00,146.1,IpMispredict
     6.613699520,645681,,br_misp_retired.all_branches,80802435,100.00,,
     6.713906113,87867120,,inst_retired.any,80676414,100.00,145.5,IpMispredict
     6.713906113,646825,,br_misp_retired.all_branches,80676414,100.00,,
     6.814114774,83098446,,inst_retired.any,80778747,100.00,137.5,IpMispredict
     6.814114774,626604,,br_misp_retired.all_branches,80778747,100.00,,
     6.914322988,91307598,,inst_retired.any,80532850,100.00,150.8,IpMispredict
     6.914322988,681018,,br_misp_retired.all_branches,80532850,100.00,,
     7.014531725,91344644,,inst_retired.any,80337128,100.00,150.7,IpMispredict
     7.014531725,676148,,br_misp_retired.all_branches,80337128,100.00,,
     7.114745451,91324427,,inst_retired.any,80366818,100.00,150.4,IpMispredict
     7.114745451,673072,,br_misp_retired.all_branches,80366818,100.00,,
     7.214949345,91146621,,inst_retired.any,80387266,100.00,149.9,IpMispredict
     7.214949345,675007,,br_misp_retired.all_branches,80387266,100.00,,
     7.315156416,91098057,,inst_retired.any,80245878,100.00,149.6,IpMispredict
     7.315156416,668957,,br_misp_retired.all_branches,80245878,100.00,,
     7.415363676,71780381,,inst_retired.any,63186754,100.00,118.1,IpMispredict
     7.415363676,523190,,br_misp_retired.all_branches,63186754,100.00,,
     7.515569775,7724323,,inst_retired.any,11301617,100.00,12.9,IpMispredict
     7.515569775,67960,,br_misp_retired.all_branches,11301617,100.00,,
     7.615799616,92060349,,inst_retired.any,80897092,100.00,153.0,IpMispredict
     7.615799616,686689,,br_misp_retired.all_branches,80897092,100.00,,
     7.716002139,91011252,,inst_retired.any,80465470,100.00,151.0,IpMispredict
     7.716002139,668420,,br_misp_retired.all_branches,80465470,100.00,,
     7.816208907,91261528,,inst_retired.any,80621926,100.00,151.2,IpMispredict
     7.816208907,671882,,br_misp_retired.all_branches,80621926,100.00,,
     7.916396889,91277219,,inst_retired.any,80575420,100.00,151.0,IpMispredict
     7.916396889,673457,,br_misp_retired.all_branches,80575420,100.00,,
     8.016606482,91191770,,inst_retired.any,80542765,100.00,150.7,IpMispredict
     8.016606482,671451,,br_misp_retired.all_branches,80542765,100.00,,
     8.116809079,91275700,,inst_retired.any,80434963,100.00,150.6,IpMispredict
     8.116809079,668207,,br_misp_retired.all_branches,80434963,100.00,,
     8.217016107,91049613,,inst_retired.any,80330826,100.00,150.1,IpMispredict
     8.217016107,666032,,br_misp_retired.all_branches,80330826,100.00,,
     8.317246933,90964863,,inst_retired.any,80305639,100.00,149.7,IpMispredict
     8.317246933,666079,,br_misp_retired.all_branches,80305639,100.00,,
     8.417452506,91359535,,inst_retired.any,80511181,100.00,150.2,IpMispredict
     8.417452506,665937,,br_misp_retired.all_branches,80511181,100.00,,
     8.517655157,72607272,,inst_retired.any,63909324,100.00,119.6,IpMispredict
     8.517655157,532350,,br_misp_retired.all_branches,63909324,100.00,,
     8.617862418,7824177,,inst_retired.any,11433775,100.00,13.0,IpMispredict
     8.617862418,80281,,br_misp_retired.all_branches,11433775,100.00,,
     8.718072439,91195724,,inst_retired.any,80170605,100.00,151.5,IpMispredict
     8.718072439,682572,,br_misp_retired.all_branches,80170605,100.00,,
     8.818279436,91151192,,inst_retired.any,80626897,100.00,151.2,IpMispredict
     8.818279436,676654,,br_misp_retired.all_branches,80626897,100.00,,
     8.918486777,91536982,,inst_retired.any,80857456,100.00,151.6,IpMispredict
     8.918486777,680210,,br_misp_retired.all_branches,80857456,100.00,,
     9.018692970,91144906,,inst_retired.any,80457194,100.00,150.7,IpMispredict
     9.018692970,677537,,br_misp_retired.all_branches,80457194,100.00,,
     9.118899770,91508748,,inst_retired.any,80539633,100.00,151.1,IpMispredict
     9.118899770,676920,,br_misp_retired.all_branches,80539633,100.00,,
     9.219105884,91405456,,inst_retired.any,80469935,100.00,150.8,IpMispredict
     9.219105884,678127,,br_misp_retired.all_branches,80469935,100.00,,
     9.319314288,91249084,,inst_retired.any,80411241,100.00,150.3,IpMispredict
     9.319314288,676789,,br_misp_retired.all_branches,80411241,100.00,,
     9.419520805,91204714,,inst_retired.any,80452641,100.00,150.1,IpMispredict
     9.419520805,670742,,br_misp_retired.all_branches,80452641,100.00,,
     9.519728066,91334449,,inst_retired.any,80663240,100.00,150.1,IpMispredict
     9.519728066,675798,,br_misp_retired.all_branches,80663240,100.00,,
     9.619931100,72262756,,inst_retired.any,63790900,100.00,118.9,IpMispredict
     9.619931100,534976,,br_misp_retired.all_branches,63790900,100.00,,
     9.720136641,7713727,,inst_retired.any,11418889,100.00,12.8,IpMispredict
     9.720136641,77425,,br_misp_retired.all_branches,11418889,100.00,,
     9.820346495,90190833,,inst_retired.any,79749170,100.00,149.6,IpMispredict
     9.820346495,669258,,br_misp_retired.all_branches,79749170,100.00,,
     9.920551591,91339055,,inst_retired.any,80520097,100.00,151.3,IpMispredict
     9.920551591,672463,,br_misp_retired.all_branches,80520097,100.00,,
    10.020758215,91302387,,inst_retired.any,80401918,100.00,151.1,IpMispredict
    10.020758215,676242,,br_misp_retired.all_branches,80401918,100.00,,
    10.120962331,91066325,,inst_retired.any,80398313,100.00,150.5,IpMispredict
    10.120962331,673828,,br_misp_retired.all_branches,80398313,100.00,,
    10.221173682,90357894,,inst_retired.any,79857599,100.00,149.2,IpMispredict
    10.221173682,668160,,br_misp_retired.all_branches,79857599,100.00,,
    10.321381785,91220920,,inst_retired.any,80414457,100.00,150.5,IpMispredict
    10.321381785,675429,,br_misp_retired.all_branches,80414457,100.00,,
    10.421591081,90975956,,inst_retired.any,80198894,100.00,149.9,IpMispredict
    10.421591081,671936,,br_misp_retired.all_branches,80198894,100.00,,
    10.521800798,91112050,,inst_retired.any,80441381,100.00,150.0,IpMispredict
    10.521800798,676561,,br_misp_retired.all_branches,80441381,100.00,,
    10.622010892,91327357,,inst_retired.any,80393501,100.00,150.2,IpMispredict
    10.622010892,678057,,br_misp_retired.all_branches,80393501,100.00,,
    10.722217639,71984461,,inst_retired.any,63463504,100.00,118.5,IpMispredict
    10.722217639,529936,,br_misp_retired.all_branches,63463504,100.00,,
    10.822424428,8612089,,inst_retired.any,12434067,100.00,14.3,IpMispredict
    10.822424428,84468,,br_misp_retired.all_branches,12434067,100.00,,
    10.922635562,91282637,,inst_retired.any,80384928,100.00,151.3,IpMispredict
    10.922635562,685230,,br_misp_retired.all_branches,80384928,100.00,,
    11.022863451,91741060,,inst_retired.any,80661777,100.00,151.9,IpMispredict
    11.022863451,678593,,br_misp_retired.all_branches,80661777,100.00,,
