# started on Tue May  2 12:51:06 2023

     0.100167158,29935643,,inst_retired.any,40691098,100.00,127.5,IpMispredict
     0.100167158,234836,,br_misp_retired.all_branches,40691098,100.00,,
     0.200423697,30075870,,inst_retired.any,41263755,100.00,128.6,IpMispredict
     0.200423697,232754,,br_misp_retired.all_branches,41263755,100.00,,
     0.300616137,30044385,,inst_retired.any,41002456,100.00,131.7,IpMispredict
     0.300616137,216573,,br_misp_retired.all_branches,41002456,100.00,,
     0.400814090,29913478,,inst_retired.any,40869927,100.00,132.6,IpMispredict
     0.400814090,218319,,br_misp_retired.all_branches,40869927,100.00,,
     0.501008106,31110940,,inst_retired.any,42841528,100.00,136.4,IpMispredict
     0.501008106,238218,,br_misp_retired.all_branches,42841528,100.00,,
     0.601198230,29965729,,inst_retired.any,40646471,100.00,131.2,IpMispredict
     0.601198230,229164,,br_misp_retired.all_branches,40646471,100.00,,
     0.701381156,29737092,,inst_retired.any,41532299,100.00,128.7,IpMispredict
     0.701381156,247150,,br_misp_retired.all_branches,41532299,100.00,,
     0.801564203,30184970,,inst_retired.any,41735639,100.00,131.6,IpMispredict
     0.801564203,218354,,br_misp_retired.all_branches,41735639,100.00,,
     0.901751790,30333169,,inst_retired.any,42890952,100.00,131.1,IpMispredict
     0.901751790,246453,,br_misp_retired.all_branches,42890952,100.00,,
     1.001937234,29862627,,inst_retired.any,41603629,100.00,128.5,IpMispredict
     1.001937234,242757,,br_misp_retired.all_branches,41603629,100.00,,
     1.102120671,30441126,,inst_retired.any,41823708,100.00,130.5,IpMispredict
     1.102120671,242223,,br_misp_retired.all_branches,41823708,100.00,,
     1.202309966,30004079,,inst_retired.any,42263717,100.00,127.6,IpMispredict
     1.202309966,254011,,br_misp_retired.all_branches,42263717,100.00,,
     1.302499067,29980666,,inst_retired.any,40482134,100.00,128.3,IpMispredict
     1.302499067,217514,,br_misp_retired.all_branches,40482134,100.00,,
     1.402688996,29808506,,inst_retired.any,40629106,100.00,126.8,IpMispredict
     1.402688996,251920,,br_misp_retired.all_branches,40629106,100.00,,
     1.502882508,29991118,,inst_retired.any,41639730,100.00,128.0,IpMispredict
     1.502882508,223994,,br_misp_retired.all_branches,41639730,100.00,,
     1.603074331,30434941,,inst_retired.any,42062493,100.00,129.2,IpMispredict
     1.603074331,253379,,br_misp_retired.all_branches,42062493,100.00,,
     1.703264396,29998217,,inst_retired.any,41261043,100.00,127.4,IpMispredict
     1.703264396,234547,,br_misp_retired.all_branches,41261043,100.00,,
     1.803452204,30062725,,inst_retired.any,40338764,100.00,128.3,IpMispredict
     1.803452204,214642,,br_misp_retired.all_branches,40338764,100.00,,
     1.903642998,30220880,,inst_retired.any,41158540,100.00,129.0,IpMispredict
     1.903642998,232753,,br_misp_retired.all_branches,41158540,100.00,,
     2.003835125,30149434,,inst_retired.any,41622035,100.00,128.7,IpMispredict
     2.003835125,235632,,br_misp_retired.all_branches,41622035,100.00,,
     2.104024393,29904168,,inst_retired.any,41356693,100.00,127.7,IpMispredict
     2.104024393,232323,,br_misp_retired.all_branches,41356693,100.00,,
     2.204213446,29652579,,inst_retired.any,41553798,100.00,126.9,IpMispredict
     2.204213446,223831,,br_misp_retired.all_branches,41553798,100.00,,
     2.304403192,30345042,,inst_retired.any,41089982,100.00,130.2,IpMispredict
     2.304403192,220340,,br_misp_retired.all_branches,41089982,100.00,,
     2.404599047,29960250,,inst_retired.any,41134368,100.00,128.2,IpMispredict
     2.404599047,246431,,br_misp_retired.all_branches,41134368,100.00,,
     2.504795506,30035431,,inst_retired.any,41590419,100.00,128.6,IpMispredict
     2.504795506,229520,,br_misp_retired.all_branches,41590419,100.00,,
     2.605005516,30004545,,inst_retired.any,41676530,100.00,128.2,IpMispredict
     2.605005516,248885,,br_misp_retired.all_branches,41676530,100.00,,
     2.705197639,30415841,,inst_retired.any,41417379,100.00,129.9,IpMispredict
     2.705197639,234197,,br_misp_retired.all_branches,41417379,100.00,,
     2.805409294,29924593,,inst_retired.any,41521560,100.00,127.6,IpMispredict
     2.805409294,245406,,br_misp_retired.all_branches,41521560,100.00,,
     2.905601400,30372234,,inst_retired.any,42090965,100.00,129.3,IpMispredict
     2.905601400,247203,,br_misp_retired.all_branches,42090965,100.00,,
     3.005795598,29978374,,inst_retired.any,40310270,100.00,127.7,IpMispredict
     3.005795598,228665,,br_misp_retired.all_branches,40310270,100.00,,
     3.105989178,29860043,,inst_retired.any,41006404,100.00,127.0,IpMispredict
     3.105989178,246164,,br_misp_retired.all_branches,41006404,100.00,,
     3.206179249,30168599,,inst_retired.any,40281543,100.00,128.1,IpMispredict
     3.206179249,249488,,br_misp_retired.all_branches,40281543,100.00,,
     3.306369020,30280759,,inst_retired.any,41268409,100.00,128.8,IpMispredict
     3.306369020,222251,,br_misp_retired.all_branches,41268409,100.00,,
     3.406559908,30034126,,inst_retired.any,42307477,100.00,127.5,IpMispredict
     3.406559908,251449,,br_misp_retired.all_branches,42307477,100.00,,
     3.506758715,29850913,,inst_retired.any,40394695,100.00,126.8,IpMispredict
     3.506758715,229162,,br_misp_retired.all_branches,40394695,100.00,,
     3.606951422,29898072,,inst_retired.any,40678147,100.00,127.1,IpMispredict
     3.606951422,228567,,br_misp_retired.all_branches,40678147,100.00,,
     3.707142354,30501560,,inst_retired.any,41612093,100.00,129.6,IpMispredict
     3.707142354,237963,,br_misp_retired.all_branches,41612093,100.00,,
     3.807333169,29995936,,inst_retired.any,41005443,100.00,127.1,IpMispredict
     3.807333169,257687,,br_misp_retired.all_branches,41005443,100.00,,
     3.907523517,29947697,,inst_retired.any,40734776,100.00,127.0,IpMispredict
     3.907523517,234426,,br_misp_retired.all_branches,40734776,100.00,,
     4.007729758,29875530,,inst_retired.any,40735320,100.00,126.6,IpMispredict
     4.007729758,237255,,br_misp_retired.all_branches,40735320,100.00,,
     4.107900484,30307171,,inst_retired.any,42312873,100.00,128.1,IpMispredict
     4.107900484,267142,,br_misp_retired.all_branches,42312873,100.00,,
     4.208092771,30101445,,inst_retired.any,41581571,100.00,127.1,IpMispredict
     4.208092771,240245,,br_misp_retired.all_branches,41581571,100.00,,
     4.308289511,30147674,,inst_retired.any,42395346,100.00,127.1,IpMispredict
     4.308289511,252797,,br_misp_retired.all_branches,42395346,100.00,,
     4.408478090,30124984,,inst_retired.any,41516867,100.00,126.9,IpMispredict
     4.408478090,250505,,br_misp_retired.all_branches,41516867,100.00,,
     4.508673233,29851359,,inst_retired.any,41683903,100.00,125.8,IpMispredict
     4.508673233,235246,,br_misp_retired.all_branches,41683903,100.00,,
     4.608864793,30424697,,inst_retired.any,42006549,100.00,128.4,IpMispredict
     4.608864793,217076,,br_misp_retired.all_branches,42006549,100.00,,
     4.709056439,29916447,,inst_retired.any,41874353,100.00,126.0,IpMispredict
     4.709056439,255837,,br_misp_retired.all_branches,41874353,100.00,,
     4.809247594,30404203,,inst_retired.any,42202176,100.00,128.0,IpMispredict
     4.809247594,242742,,br_misp_retired.all_branches,42202176,100.00,,
     4.909439386,29838295,,inst_retired.any,41370912,100.00,125.6,IpMispredict
     4.909439386,240514,,br_misp_retired.all_branches,41370912,100.00,,
     5.009631043,30407877,,inst_retired.any,41456149,100.00,128.1,IpMispredict
     5.009631043,231470,,br_misp_retired.all_branches,41456149,100.00,,
     5.109824319,30009822,,inst_retired.any,41105007,100.00,126.5,IpMispredict
     5.109824319,232854,,br_misp_retired.all_branches,41105007,100.00,,
     5.210015604,29821464,,inst_retired.any,41124386,100.00,125.5,IpMispredict
     5.210015604,251114,,br_misp_retired.all_branches,41124386,100.00,,
     5.310210467,29807838,,inst_retired.any,40052847,100.00,125.6,IpMispredict
     5.310210467,226098,,br_misp_retired.all_branches,40052847,100.00,,
     5.410402556,30639918,,inst_retired.any,42031194,100.00,129.0,IpMispredict
     5.410402556,242053,,br_misp_retired.all_branches,42031194,100.00,,
     5.510609284,30400068,,inst_retired.any,41076187,100.00,128.0,IpMispredict
     5.510609284,235775,,br_misp_retired.all_branches,41076187,100.00,,
     5.610801666,30242489,,inst_retired.any,42088572,100.00,127.5,IpMispredict
     5.610801666,228420,,br_misp_retired.all_branches,42088572,100.00,,
     5.710990010,30258092,,inst_retired.any,39797409,100.00,127.5,IpMispredict
     5.710990010,239218,,br_misp_retired.all_branches,39797409,100.00,,
     5.811178577,29897011,,inst_retired.any,41246624,100.00,126.0,IpMispredict
     5.811178577,232097,,br_misp_retired.all_branches,41246624,100.00,,
     5.911368709,29932051,,inst_retired.any,41506880,100.00,126.1,IpMispredict
     5.911368709,242434,,br_misp_retired.all_branches,41506880,100.00,,
     6.011563004,30206877,,inst_retired.any,41709974,100.00,127.3,IpMispredict
     6.011563004,240770,,br_misp_retired.all_branches,41709974,100.00,,
     6.111764580,30133246,,inst_retired.any,41644855,100.00,126.9,IpMispredict
     6.111764580,239630,,br_misp_retired.all_branches,41644855,100.00,,
     6.211959697,30161757,,inst_retired.any,41890918,100.00,127.1,IpMispredict
     6.211959697,236880,,br_misp_retired.all_branches,41890918,100.00,,
     6.312149511,30200020,,inst_retired.any,41416913,100.00,127.2,IpMispredict
     6.312149511,237601,,br_misp_retired.all_branches,41416913,100.00,,
     6.412339077,30007600,,inst_retired.any,41164777,100.00,126.5,IpMispredict
     6.412339077,224479,,br_misp_retired.all_branches,41164777,100.00,,
     6.512528501,29858900,,inst_retired.any,40910812,100.00,126.0,IpMispredict
     6.512528501,227519,,br_misp_retired.all_branches,40910812,100.00,,
     6.612719624,30287380,,inst_retired.any,41587513,100.00,127.7,IpMispredict
     6.612719624,243200,,br_misp_retired.all_branches,41587513,100.00,,
     6.712912407,30257776,,inst_retired.any,41841881,100.00,127.6,IpMispredict
     6.712912407,241330,,br_misp_retired.all_branches,41841881,100.00,,
     6.813100923,30091992,,inst_retired.any,42339950,100.00,126.6,IpMispredict
     6.813100923,266109,,br_misp_retired.all_branches,42339950,100.00,,
     6.913291007,29812227,,inst_retired.any,40627452,100.00,125.5,IpMispredict
     6.913291007,230552,,br_misp_retired.all_branches,40627452,100.00,,
     7.013481023,30264897,,inst_retired.any,41853654,100.00,127.4,IpMispredict
     7.013481023,242307,,br_misp_retired.all_branches,41853654,100.00,,
     7.113674541,30062222,,inst_retired.any,40740321,100.00,126.6,IpMispredict
     7.113674541,228487,,br_misp_retired.all_branches,40740321,100.00,,
     7.213865723,30115080,,inst_retired.any,41829409,100.00,126.7,IpMispredict
     7.213865723,252758,,br_misp_retired.all_branches,41829409,100.00,,
     7.314060387,30148210,,inst_retired.any,41373094,100.00,126.9,IpMispredict
     7.314060387,234745,,br_misp_retired.all_branches,41373094,100.00,,
     7.414253887,29726051,,inst_retired.any,40451157,100.00,125.1,IpMispredict
     7.414253887,236520,,br_misp_retired.all_branches,40451157,100.00,,
     7.514447975,30522502,,inst_retired.any,42662496,100.00,128.3,IpMispredict
     7.514447975,261458,,br_misp_retired.all_branches,42662496,100.00,,
     7.614644840,29961930,,inst_retired.any,40561110,100.00,126.1,IpMispredict
     7.614644840,216808,,br_misp_retired.all_branches,40561110,100.00,,
     7.714839599,30294869,,inst_retired.any,40111809,100.00,127.3,IpMispredict
     7.714839599,260944,,br_misp_retired.all_branches,40111809,100.00,,
     7.815032902,30021891,,inst_retired.any,40989191,100.00,126.1,IpMispredict
     7.815032902,246609,,br_misp_retired.all_branches,40989191,100.00,,
     7.915226313,30184799,,inst_retired.any,41326928,100.00,126.9,IpMispredict
     7.915226313,228954,,br_misp_retired.all_branches,41326928,100.00,,
     8.015415108,30050287,,inst_retired.any,40899917,100.00,126.3,IpMispredict
     8.015415108,238118,,br_misp_retired.all_branches,40899917,100.00,,
     8.115613443,29978278,,inst_retired.any,41545784,100.00,126.0,IpMispredict
     8.115613443,233706,,br_misp_retired.all_branches,41545784,100.00,,
     8.215804608,29898661,,inst_retired.any,40245232,100.00,125.8,IpMispredict
     8.215804608,223602,,br_misp_retired.all_branches,40245232,100.00,,
     8.316012624,30160850,,inst_retired.any,41413562,100.00,126.9,IpMispredict
     8.316012624,232837,,br_misp_retired.all_branches,41413562,100.00,,
     8.416204249,30137611,,inst_retired.any,41749689,100.00,126.9,IpMispredict
     8.416204249,230006,,br_misp_retired.all_branches,41749689,100.00,,
     8.516393210,29744797,,inst_retired.any,40378895,100.00,125.2,IpMispredict
     8.516393210,238477,,br_misp_retired.all_branches,40378895,100.00,,
     8.616583301,30401964,,inst_retired.any,41698570,100.00,128.0,IpMispredict
     8.616583301,230570,,br_misp_retired.all_branches,41698570,100.00,,
     8.716771698,29876219,,inst_retired.any,40882484,100.00,125.8,IpMispredict
     8.716771698,232038,,br_misp_retired.all_branches,40882484,100.00,,
     8.816960436,30020653,,inst_retired.any,41189256,100.00,126.5,IpMispredict
     8.816960436,224471,,br_misp_retired.all_branches,41189256,100.00,,
     8.917156719,30316355,,inst_retired.any,41599962,100.00,127.8,IpMispredict
     8.917156719,230048,,br_misp_retired.all_branches,41599962,100.00,,
     9.017344986,30150781,,inst_retired.any,41566566,100.00,127.1,IpMispredict
     9.017344986,232186,,br_misp_retired.all_branches,41566566,100.00,,
     9.117534281,30140434,,inst_retired.any,42032918,100.00,127.1,IpMispredict
     9.117534281,241805,,br_misp_retired.all_branches,42032918,100.00,,
     9.217722531,29524509,,inst_retired.any,40496644,100.00,124.5,IpMispredict
     9.217722531,238136,,br_misp_retired.all_branches,40496644,100.00,,
     9.317915094,30586780,,inst_retired.any,42724334,100.00,128.9,IpMispredict
     9.317915094,251813,,br_misp_retired.all_branches,42724334,100.00,,
     9.418108352,29813711,,inst_retired.any,40583544,100.00,125.6,IpMispredict
     9.418108352,235040,,br_misp_retired.all_branches,40583544,100.00,,
     9.518296157,30349089,,inst_retired.any,41609662,100.00,127.9,IpMispredict
     9.518296157,232456,,br_misp_retired.all_branches,41609662,100.00,,
     9.618488858,30154561,,inst_retired.any,41425785,100.00,127.1,IpMispredict
     9.618488858,232589,,br_misp_retired.all_branches,41425785,100.00,,
     9.718679359,29814600,,inst_retired.any,40763923,100.00,125.7,IpMispredict
     9.718679359,230713,,br_misp_retired.all_branches,40763923,100.00,,
     9.818875252,30197835,,inst_retired.any,41246046,100.00,127.4,IpMispredict
     9.818875252,222505,,br_misp_retired.all_branches,41246046,100.00,,
     9.919071927,30050354,,inst_retired.any,41598383,100.00,126.7,IpMispredict
     9.919071927,246720,,br_misp_retired.all_branches,41598383,100.00,,
    10.019262728,29945711,,inst_retired.any,40894997,100.00,126.3,IpMispredict
    10.019262728,242378,,br_misp_retired.all_branches,40894997,100.00,,
    10.119456100,29885416,,inst_retired.any,41106165,100.00,125.9,IpMispredict
    10.119456100,247400,,br_misp_retired.all_branches,41106165,100.00,,
    10.219648155,30666831,,inst_retired.any,42580696,100.00,129.2,IpMispredict
    10.219648155,247462,,br_misp_retired.all_branches,42580696,100.00,,
    10.319845093,29989526,,inst_retired.any,41601993,100.00,126.2,IpMispredict
    10.319845093,254043,,br_misp_retired.all_branches,41601993,100.00,,
    10.420041413,30085039,,inst_retired.any,42158236,100.00,126.6,IpMispredict
    10.420041413,250858,,br_misp_retired.all_branches,42158236,100.00,,
    10.520235093,30850873,,inst_retired.any,43154754,100.00,129.6,IpMispredict
    10.520235093,269663,,br_misp_retired.all_branches,43154754,100.00,,
    10.620428349,30120034,,inst_retired.any,40678412,100.00,126.6,IpMispredict
    10.620428349,238012,,br_misp_retired.all_branches,40678412,100.00,,
    10.720620048,30172093,,inst_retired.any,42005204,100.00,126.8,IpMispredict
    10.720620048,231294,,br_misp_retired.all_branches,42005204,100.00,,
    10.820813445,30095134,,inst_retired.any,40592596,100.00,126.6,IpMispredict
    10.820813445,223962,,br_misp_retired.all_branches,40592596,100.00,,
    10.921005120,29686630,,inst_retired.any,41143333,100.00,124.8,IpMispredict
    10.921005120,243933,,br_misp_retired.all_branches,41143333,100.00,,
    11.021214255,30417157,,inst_retired.any,42330897,100.00,127.8,IpMispredict
    11.021214255,251925,,br_misp_retired.all_branches,42330897,100.00,,
