# started on Mon May  1 15:28:18 2023

     0.100131349,58408588,,inst_retired.any,49100656,100.00,134.8,IpMispredict
     0.100131349,433161,,br_misp_retired.all_branches,49100656,100.00,,
     0.200331392,58371530,,inst_retired.any,48648614,100.00,137.8,IpMispredict
     0.200331392,414210,,br_misp_retired.all_branches,48648614,100.00,,
     0.300523333,58112713,,inst_retired.any,48648700,100.00,138.3,IpMispredict
     0.300523333,412753,,br_misp_retired.all_branches,48648700,100.00,,
     0.400716146,58338709,,inst_retired.any,48675355,100.00,139.2,IpMispredict
     0.400716146,416808,,br_misp_retired.all_branches,48675355,100.00,,
     0.500909189,58108928,,inst_retired.any,48575835,100.00,139.2,IpMispredict
     0.500909189,409923,,br_misp_retired.all_branches,48575835,100.00,,
     0.601081460,58416299,,inst_retired.any,48478289,100.00,140.2,IpMispredict
     0.601081460,412387,,br_misp_retired.all_branches,48478289,100.00,,
     0.701255035,57687056,,inst_retired.any,48006018,100.00,138.9,IpMispredict
     0.701255035,407762,,br_misp_retired.all_branches,48006018,100.00,,
     0.801422957,58136473,,inst_retired.any,48369456,100.00,140.2,IpMispredict
     0.801422957,410792,,br_misp_retired.all_branches,48369456,100.00,,
     0.901612422,58369914,,inst_retired.any,48646152,100.00,140.8,IpMispredict
     0.901612422,414384,,br_misp_retired.all_branches,48646152,100.00,,
     1.001803303,58382636,,inst_retired.any,48571977,100.00,140.8,IpMispredict
     1.001803303,414254,,br_misp_retired.all_branches,48571977,100.00,,
     1.101992658,58360224,,inst_retired.any,48586261,100.00,140.8,IpMispredict
     1.101992658,414396,,br_misp_retired.all_branches,48586261,100.00,,
     1.202184064,57902791,,inst_retired.any,48192026,100.00,139.8,IpMispredict
     1.202184064,409980,,br_misp_retired.all_branches,48192026,100.00,,
     1.302373672,57928092,,inst_retired.any,48326920,100.00,139.9,IpMispredict
     1.302373672,411058,,br_misp_retired.all_branches,48326920,100.00,,
     1.402561720,58306253,,inst_retired.any,48544496,100.00,140.8,IpMispredict
     1.402561720,414199,,br_misp_retired.all_branches,48544496,100.00,,
     1.502753454,58335357,,inst_retired.any,48630346,100.00,140.9,IpMispredict
     1.502753454,412316,,br_misp_retired.all_branches,48630346,100.00,,
     1.602942688,58347442,,inst_retired.any,48617608,100.00,140.9,IpMispredict
     1.602942688,419143,,br_misp_retired.all_branches,48617608,100.00,,
     1.703132209,58215371,,inst_retired.any,48641523,100.00,140.5,IpMispredict
     1.703132209,416026,,br_misp_retired.all_branches,48641523,100.00,,
     1.803326225,57953616,,inst_retired.any,48663477,100.00,139.9,IpMispredict
     1.803326225,413902,,br_misp_retired.all_branches,48663477,100.00,,
     1.903534731,58010249,,inst_retired.any,48520493,100.00,140.0,IpMispredict
     1.903534731,415419,,br_misp_retired.all_branches,48520493,100.00,,
     2.003758567,58220076,,inst_retired.any,48669853,100.00,140.5,IpMispredict
     2.003758567,415001,,br_misp_retired.all_branches,48669853,100.00,,
     2.103950542,58314597,,inst_retired.any,48624208,100.00,140.7,IpMispredict
     2.103950542,415920,,br_misp_retired.all_branches,48624208,100.00,,
     2.204142001,58199959,,inst_retired.any,48652973,100.00,140.4,IpMispredict
     2.204142001,413742,,br_misp_retired.all_branches,48652973,100.00,,
     2.304331750,58557298,,inst_retired.any,48607544,100.00,141.2,IpMispredict
     2.304331750,419244,,br_misp_retired.all_branches,48607544,100.00,,
     2.404523847,58393838,,inst_retired.any,48586402,100.00,140.8,IpMispredict
     2.404523847,414592,,br_misp_retired.all_branches,48586402,100.00,,
     2.504714093,58321416,,inst_retired.any,48606352,100.00,140.7,IpMispredict
     2.504714093,415025,,br_misp_retired.all_branches,48606352,100.00,,
     2.604902519,58282097,,inst_retired.any,48611021,100.00,140.6,IpMispredict
     2.604902519,413503,,br_misp_retired.all_branches,48611021,100.00,,
     2.705081352,58136346,,inst_retired.any,48412079,100.00,140.2,IpMispredict
     2.705081352,415017,,br_misp_retired.all_branches,48412079,100.00,,
     2.805291077,58072860,,inst_retired.any,48535261,100.00,140.1,IpMispredict
     2.805291077,415161,,br_misp_retired.all_branches,48535261,100.00,,
     2.905478046,58121359,,inst_retired.any,48555984,100.00,140.2,IpMispredict
     2.905478046,414817,,br_misp_retired.all_branches,48555984,100.00,,
     3.005665857,57985540,,inst_retired.any,48315952,100.00,139.9,IpMispredict
     3.005665857,412753,,br_misp_retired.all_branches,48315952,100.00,,
     3.105857921,58486169,,inst_retired.any,48601871,100.00,141.1,IpMispredict
     3.105857921,414983,,br_misp_retired.all_branches,48601871,100.00,,
     3.206066990,58609481,,inst_retired.any,48647297,100.00,141.4,IpMispredict
     3.206066990,415670,,br_misp_retired.all_branches,48647297,100.00,,
     3.306254146,57837113,,inst_retired.any,48115737,100.00,139.5,IpMispredict
     3.306254146,410465,,br_misp_retired.all_branches,48115737,100.00,,
     3.406442875,57896537,,inst_retired.any,48197514,100.00,139.7,IpMispredict
     3.406442875,411085,,br_misp_retired.all_branches,48197514,100.00,,
     3.506631645,58562522,,inst_retired.any,48634542,100.00,141.3,IpMispredict
     3.506631645,414425,,br_misp_retired.all_branches,48634542,100.00,,
     3.606823080,58320079,,inst_retired.any,48480013,100.00,140.7,IpMispredict
     3.606823080,413214,,br_misp_retired.all_branches,48480013,100.00,,
     3.707028198,57609362,,inst_retired.any,47965992,100.00,139.1,IpMispredict
     3.707028198,410249,,br_misp_retired.all_branches,47965992,100.00,,
     3.807221525,58321281,,inst_retired.any,48606439,100.00,140.8,IpMispredict
     3.807221525,412785,,br_misp_retired.all_branches,48606439,100.00,,
     3.907416732,58639317,,inst_retired.any,48683155,100.00,141.6,IpMispredict
     3.907416732,412987,,br_misp_retired.all_branches,48683155,100.00,,
     4.007592000,57624986,,inst_retired.any,47997510,100.00,139.2,IpMispredict
     4.007592000,409294,,br_misp_retired.all_branches,47997510,100.00,,
     4.107783048,58252602,,inst_retired.any,48464318,100.00,140.7,IpMispredict
     4.107783048,414401,,br_misp_retired.all_branches,48464318,100.00,,
     4.207970248,58050918,,inst_retired.any,48517678,100.00,140.2,IpMispredict
     4.207970248,415354,,br_misp_retired.all_branches,48517678,100.00,,
     4.308158967,58242172,,inst_retired.any,48647526,100.00,140.7,IpMispredict
     4.308158967,413177,,br_misp_retired.all_branches,48647526,100.00,,
     4.408348669,58443246,,inst_retired.any,48617031,100.00,141.1,IpMispredict
     4.408348669,415747,,br_misp_retired.all_branches,48617031,100.00,,
     4.508540923,58110026,,inst_retired.any,48360770,100.00,140.3,IpMispredict
     4.508540923,412398,,br_misp_retired.all_branches,48360770,100.00,,
     4.608729121,58044916,,inst_retired.any,48378397,100.00,140.2,IpMispredict
     4.608729121,411517,,br_misp_retired.all_branches,48378397,100.00,,
     4.708931419,57939770,,inst_retired.any,48122702,100.00,140.0,IpMispredict
     4.708931419,409736,,br_misp_retired.all_branches,48122702,100.00,,
     4.809118557,58293355,,inst_retired.any,48539193,100.00,140.8,IpMispredict
     4.809118557,412572,,br_misp_retired.all_branches,48539193,100.00,,
     4.909310888,58557788,,inst_retired.any,48592651,100.00,141.5,IpMispredict
     4.909310888,411581,,br_misp_retired.all_branches,48592651,100.00,,
     5.009501468,58210146,,inst_retired.any,48447533,100.00,140.7,IpMispredict
     5.009501468,413568,,br_misp_retired.all_branches,48447533,100.00,,
     5.109693605,58308574,,inst_retired.any,48451968,100.00,140.9,IpMispredict
     5.109693605,412080,,br_misp_retired.all_branches,48451968,100.00,,
     5.209880046,57791394,,inst_retired.any,48025691,100.00,139.7,IpMispredict
     5.209880046,407994,,br_misp_retired.all_branches,48025691,100.00,,
     5.310068832,58030639,,inst_retired.any,48484901,100.00,140.3,IpMispredict
     5.310068832,411869,,br_misp_retired.all_branches,48484901,100.00,,
     5.410260738,58225906,,inst_retired.any,48475607,100.00,140.8,IpMispredict
     5.410260738,411196,,br_misp_retired.all_branches,48475607,100.00,,
     5.510471936,58485876,,inst_retired.any,48615403,100.00,141.4,IpMispredict
     5.510471936,414660,,br_misp_retired.all_branches,48615403,100.00,,
     5.610662436,57948036,,inst_retired.any,48248608,100.00,140.1,IpMispredict
     5.610662436,411800,,br_misp_retired.all_branches,48248608,100.00,,
     5.710850213,58013783,,inst_retired.any,48225927,100.00,140.3,IpMispredict
     5.710850213,411047,,br_misp_retired.all_branches,48225927,100.00,,
     5.811040623,58408937,,inst_retired.any,48689110,100.00,141.2,IpMispredict
     5.811040623,413131,,br_misp_retired.all_branches,48689110,100.00,,
     5.911231808,58552238,,inst_retired.any,48685922,100.00,141.6,IpMispredict
     5.911231808,415294,,br_misp_retired.all_branches,48685922,100.00,,
     6.011419929,58003870,,inst_retired.any,48231975,100.00,140.3,IpMispredict
     6.011419929,411600,,br_misp_retired.all_branches,48231975,100.00,,
     6.111607141,58190837,,inst_retired.any,48517744,100.00,140.7,IpMispredict
     6.111607141,414554,,br_misp_retired.all_branches,48517744,100.00,,
     6.211798987,58042296,,inst_retired.any,48391187,100.00,140.4,IpMispredict
     6.211798987,410004,,br_misp_retired.all_branches,48391187,100.00,,
     6.311992861,58430440,,inst_retired.any,48702016,100.00,141.3,IpMispredict
     6.311992861,415371,,br_misp_retired.all_branches,48702016,100.00,,
     6.412184360,58519860,,inst_retired.any,48613763,100.00,141.5,IpMispredict
     6.412184360,414946,,br_misp_retired.all_branches,48613763,100.00,,
     6.512374556,57564975,,inst_retired.any,47852751,100.00,139.2,IpMispredict
     6.512374556,408017,,br_misp_retired.all_branches,47852751,100.00,,
     6.612564444,58413279,,inst_retired.any,48608987,100.00,141.3,IpMispredict
     6.612564444,415850,,br_misp_retired.all_branches,48608987,100.00,,
     6.712756889,58428134,,inst_retired.any,48655660,100.00,141.3,IpMispredict
     6.712756889,415233,,br_misp_retired.all_branches,48655660,100.00,,
     6.812947003,58387004,,inst_retired.any,48659939,100.00,141.2,IpMispredict
     6.812947003,418367,,br_misp_retired.all_branches,48659939,100.00,,
     6.913135492,58133632,,inst_retired.any,48577307,100.00,140.5,IpMispredict
     6.913135492,414717,,br_misp_retired.all_branches,48577307,100.00,,
     7.013325751,57948955,,inst_retired.any,48236590,100.00,140.1,IpMispredict
     7.013325751,410232,,br_misp_retired.all_branches,48236590,100.00,,
     7.113507056,58013685,,inst_retired.any,48381670,100.00,140.3,IpMispredict
     7.113507056,413828,,br_misp_retired.all_branches,48381670,100.00,,
     7.213694308,58113875,,inst_retired.any,48477653,100.00,140.5,IpMispredict
     7.213694308,415467,,br_misp_retired.all_branches,48477653,100.00,,
     7.313881451,58577152,,inst_retired.any,48733509,100.00,141.6,IpMispredict
     7.313881451,421421,,br_misp_retired.all_branches,48733509,100.00,,
     7.414071903,58336811,,inst_retired.any,48710533,100.00,141.0,IpMispredict
     7.414071903,418574,,br_misp_retired.all_branches,48710533,100.00,,
     7.514262111,58282396,,inst_retired.any,48647709,100.00,140.8,IpMispredict
     7.514262111,416902,,br_misp_retired.all_branches,48647709,100.00,,
     7.614450991,58403216,,inst_retired.any,48624661,100.00,141.1,IpMispredict
     7.614450991,415821,,br_misp_retired.all_branches,48624661,100.00,,
     7.714641079,58230661,,inst_retired.any,48403926,100.00,140.7,IpMispredict
     7.714641079,414377,,br_misp_retired.all_branches,48403926,100.00,,
     7.814827413,57618118,,inst_retired.any,47989612,100.00,139.2,IpMispredict
     7.814827413,412228,,br_misp_retired.all_branches,47989612,100.00,,
     7.914985982,58297292,,inst_retired.any,48588111,100.00,140.9,IpMispredict
     7.914985982,412513,,br_misp_retired.all_branches,48588111,100.00,,
     8.015175289,58588756,,inst_retired.any,48583597,100.00,141.6,IpMispredict
     8.015175289,413658,,br_misp_retired.all_branches,48583597,100.00,,
     8.115366724,57806562,,inst_retired.any,47954246,100.00,139.7,IpMispredict
     8.115366724,407311,,br_misp_retired.all_branches,47954246,100.00,,
     8.215555843,58233772,,inst_retired.any,48426234,100.00,140.8,IpMispredict
     8.215555843,411615,,br_misp_retired.all_branches,48426234,100.00,,
     8.315804738,58501361,,inst_retired.any,48663250,100.00,141.4,IpMispredict
     8.315804738,415094,,br_misp_retired.all_branches,48663250,100.00,,
     8.415992479,58073004,,inst_retired.any,48458376,100.00,140.4,IpMispredict
     8.415992479,412181,,br_misp_retired.all_branches,48458376,100.00,,
     8.516185179,58375796,,inst_retired.any,48661897,100.00,141.1,IpMispredict
     8.516185179,415348,,br_misp_retired.all_branches,48661897,100.00,,
     8.616376797,58144763,,inst_retired.any,48718843,100.00,140.5,IpMispredict
     8.616376797,416612,,br_misp_retired.all_branches,48718843,100.00,,
     8.716567979,57936445,,inst_retired.any,48241275,100.00,140.0,IpMispredict
     8.716567979,410671,,br_misp_retired.all_branches,48241275,100.00,,
     8.816758753,58083069,,inst_retired.any,48530358,100.00,140.4,IpMispredict
     8.816758753,414592,,br_misp_retired.all_branches,48530358,100.00,,
     8.916948581,58238218,,inst_retired.any,48547934,100.00,140.8,IpMispredict
     8.916948581,412799,,br_misp_retired.all_branches,48547934,100.00,,
     9.017137726,58441254,,inst_retired.any,48715427,100.00,141.2,IpMispredict
     9.017137726,416382,,br_misp_retired.all_branches,48715427,100.00,,
     9.117327397,58430298,,inst_retired.any,48723533,100.00,141.2,IpMispredict
     9.117327397,414817,,br_misp_retired.all_branches,48723533,100.00,,
     9.217516587,58127610,,inst_retired.any,48442521,100.00,140.5,IpMispredict
     9.217516587,415445,,br_misp_retired.all_branches,48442521,100.00,,
     9.317703471,58308574,,inst_retired.any,48706982,100.00,140.9,IpMispredict
     9.317703471,415014,,br_misp_retired.all_branches,48706982,100.00,,
     9.417893857,58083499,,inst_retired.any,48504621,100.00,140.4,IpMispredict
     9.417893857,411661,,br_misp_retired.all_branches,48504621,100.00,,
     9.518082666,58031410,,inst_retired.any,48442716,100.00,140.2,IpMispredict
     9.518082666,414020,,br_misp_retired.all_branches,48442716,100.00,,
     9.618270302,58126830,,inst_retired.any,48422367,100.00,140.5,IpMispredict
     9.618270302,411565,,br_misp_retired.all_branches,48422367,100.00,,
     9.718457818,58029040,,inst_retired.any,48326811,100.00,140.3,IpMispredict
     9.718457818,410203,,br_misp_retired.all_branches,48326811,100.00,,
     9.818648336,58661026,,inst_retired.any,48883548,100.00,141.8,IpMispredict
     9.818648336,415136,,br_misp_retired.all_branches,48883548,100.00,,
     9.918836758,57911542,,inst_retired.any,48169551,100.00,140.0,IpMispredict
     9.918836758,408189,,br_misp_retired.all_branches,48169551,100.00,,
    10.019025312,58027361,,inst_retired.any,48320400,100.00,140.3,IpMispredict
    10.019025312,411002,,br_misp_retired.all_branches,48320400,100.00,,
    10.119213313,58209676,,inst_retired.any,48545229,100.00,140.7,IpMispredict
    10.119213313,411787,,br_misp_retired.all_branches,48545229,100.00,,
    10.219401867,58150103,,inst_retired.any,48628906,100.00,140.6,IpMispredict
    10.219401867,414090,,br_misp_retired.all_branches,48628906,100.00,,
    10.319593472,58329098,,inst_retired.any,48709203,100.00,141.0,IpMispredict
    10.319593472,415494,,br_misp_retired.all_branches,48709203,100.00,,
    10.419782661,58255318,,inst_retired.any,48605289,100.00,140.8,IpMispredict
    10.419782661,413812,,br_misp_retired.all_branches,48605289,100.00,,
    10.519975583,58475160,,inst_retired.any,48634962,100.00,141.4,IpMispredict
    10.519975583,413668,,br_misp_retired.all_branches,48634962,100.00,,
    10.620166082,58362651,,inst_retired.any,48601796,100.00,141.1,IpMispredict
    10.620166082,414290,,br_misp_retired.all_branches,48601796,100.00,,
    10.720355372,57955642,,inst_retired.any,48242090,100.00,140.1,IpMispredict
    10.720355372,410791,,br_misp_retired.all_branches,48242090,100.00,,
    10.820542270,58167787,,inst_retired.any,48524446,100.00,140.6,IpMispredict
    10.820542270,411293,,br_misp_retired.all_branches,48524446,100.00,,
    10.920734111,57898207,,inst_retired.any,48288043,100.00,140.0,IpMispredict
    10.920734111,411403,,br_misp_retired.all_branches,48288043,100.00,,
    11.020943715,58490519,,inst_retired.any,48601613,100.00,141.4,IpMispredict
    11.020943715,412505,,br_misp_retired.all_branches,48601613,100.00,,
