# started on Mon May  1 15:28:32 2023

     0.100154605,89532700,,inst_retired.any,73467094,100.00,144.7,IpMispredict
     0.100154605,618637,,br_misp_retired.all_branches,73467094,100.00,,
     0.200406811,88761563,,inst_retired.any,72944606,100.00,143.2,IpMispredict
     0.200406811,620664,,br_misp_retired.all_branches,72944606,100.00,,
     0.300599097,88781481,,inst_retired.any,72765064,100.00,143.6,IpMispredict
     0.300599097,614880,,br_misp_retired.all_branches,72765064,100.00,,
     0.400788362,89809850,,inst_retired.any,73712432,100.00,145.0,IpMispredict
     0.400788362,623315,,br_misp_retired.all_branches,73712432,100.00,,
     0.500980267,89112555,,inst_retired.any,73610281,100.00,143.7,IpMispredict
     0.500980267,622307,,br_misp_retired.all_branches,73610281,100.00,,
     0.601174966,88579795,,inst_retired.any,72708878,100.00,143.0,IpMispredict
     0.601174966,617412,,br_misp_retired.all_branches,72708878,100.00,,
     0.701368388,89220912,,inst_retired.any,73011409,100.00,144.1,IpMispredict
     0.701368388,617382,,br_misp_retired.all_branches,73011409,100.00,,
     0.801556732,89015937,,inst_retired.any,73141186,100.00,143.8,IpMispredict
     0.801556732,618962,,br_misp_retired.all_branches,73141186,100.00,,
     0.901749599,89473674,,inst_retired.any,73570411,100.00,144.4,IpMispredict
     0.901749599,621725,,br_misp_retired.all_branches,73570411,100.00,,
     1.001940803,88474743,,inst_retired.any,72703711,100.00,143.0,IpMispredict
     1.001940803,613392,,br_misp_retired.all_branches,72703711,100.00,,
     1.102138923,90175227,,inst_retired.any,73538944,100.00,145.7,IpMispredict
     1.102138923,621271,,br_misp_retired.all_branches,73538944,100.00,,
     1.202330113,89071670,,inst_retired.any,74110134,100.00,143.8,IpMispredict
     1.202330113,620862,,br_misp_retired.all_branches,74110134,100.00,,
     1.302520829,89344525,,inst_retired.any,73535464,100.00,144.2,IpMispredict
     1.302520829,621062,,br_misp_retired.all_branches,73535464,100.00,,
     1.402712092,89242292,,inst_retired.any,73428002,100.00,144.1,IpMispredict
     1.402712092,620957,,br_misp_retired.all_branches,73428002,100.00,,
     1.502900159,88794328,,inst_retired.any,73015492,100.00,143.3,IpMispredict
     1.502900159,622734,,br_misp_retired.all_branches,73015492,100.00,,
     1.603089114,89728965,,inst_retired.any,73673036,100.00,144.7,IpMispredict
     1.603089114,624770,,br_misp_retired.all_branches,73673036,100.00,,
     1.703278927,88743217,,inst_retired.any,72751937,100.00,143.2,IpMispredict
     1.703278927,612703,,br_misp_retired.all_branches,72751937,100.00,,
     1.803476012,88784732,,inst_retired.any,72831771,100.00,143.3,IpMispredict
     1.803476012,615711,,br_misp_retired.all_branches,72831771,100.00,,
     1.903667910,89885720,,inst_retired.any,73660940,100.00,145.1,IpMispredict
     1.903667910,622141,,br_misp_retired.all_branches,73660940,100.00,,
     2.003859073,88639302,,inst_retired.any,72910672,100.00,143.1,IpMispredict
     2.003859073,618415,,br_misp_retired.all_branches,72910672,100.00,,
     2.104054098,89596174,,inst_retired.any,73565486,100.00,144.6,IpMispredict
     2.104054098,620585,,br_misp_retired.all_branches,73565486,100.00,,
     2.204247015,88679696,,inst_retired.any,72887879,100.00,143.2,IpMispredict
     2.204247015,616955,,br_misp_retired.all_branches,72887879,100.00,,
     2.304437808,88606756,,inst_retired.any,72861232,100.00,143.1,IpMispredict
     2.304437808,617528,,br_misp_retired.all_branches,72861232,100.00,,
     2.404632868,89839231,,inst_retired.any,73754018,100.00,145.0,IpMispredict
     2.404632868,626093,,br_misp_retired.all_branches,73754018,100.00,,
     2.504826116,88733040,,inst_retired.any,72945520,100.00,143.2,IpMispredict
     2.504826116,617583,,br_misp_retired.all_branches,72945520,100.00,,
     2.605017085,88804147,,inst_retired.any,72961090,100.00,143.4,IpMispredict
     2.605017085,617775,,br_misp_retired.all_branches,72961090,100.00,,
     2.705208214,89613514,,inst_retired.any,73879070,100.00,144.6,IpMispredict
     2.705208214,624132,,br_misp_retired.all_branches,73879070,100.00,,
     2.805428801,88683527,,inst_retired.any,72862418,100.00,143.1,IpMispredict
     2.805428801,616631,,br_misp_retired.all_branches,72862418,100.00,,
     2.905621493,89536933,,inst_retired.any,74413824,100.00,144.5,IpMispredict
     2.905621493,622902,,br_misp_retired.all_branches,74413824,100.00,,
     3.005815603,89028595,,inst_retired.any,73509723,100.00,143.7,IpMispredict
     3.005815603,619829,,br_misp_retired.all_branches,73509723,100.00,,
     3.106006626,89651990,,inst_retired.any,73745850,100.00,144.7,IpMispredict
     3.106006626,623018,,br_misp_retired.all_branches,73745850,100.00,,
     3.206193687,89245626,,inst_retired.any,73509643,100.00,144.0,IpMispredict
     3.206193687,621289,,br_misp_retired.all_branches,73509643,100.00,,
     3.306381128,88525155,,inst_retired.any,72789530,100.00,142.9,IpMispredict
     3.306381128,612497,,br_misp_retired.all_branches,72789530,100.00,,
     3.406570761,89416402,,inst_retired.any,73687385,100.00,144.3,IpMispredict
     3.406570761,623045,,br_misp_retired.all_branches,73687385,100.00,,
     3.506761997,88909041,,inst_retired.any,73140941,100.00,143.5,IpMispredict
     3.506761997,617868,,br_misp_retired.all_branches,73140941,100.00,,
     3.606951691,89391452,,inst_retired.any,73165293,100.00,144.2,IpMispredict
     3.606951691,624478,,br_misp_retired.all_branches,73165293,100.00,,
     3.707143689,88314645,,inst_retired.any,72076905,100.00,142.5,IpMispredict
     3.707143689,612902,,br_misp_retired.all_branches,72076905,100.00,,
     3.807333837,89983504,,inst_retired.any,73909239,100.00,145.2,IpMispredict
     3.807333837,629941,,br_misp_retired.all_branches,73909239,100.00,,
     3.907522580,88269402,,inst_retired.any,72335093,100.00,142.4,IpMispredict
     3.907522580,615115,,br_misp_retired.all_branches,72335093,100.00,,
     4.007709260,90228574,,inst_retired.any,74221886,100.00,145.5,IpMispredict
     4.007709260,633475,,br_misp_retired.all_branches,74221886,100.00,,
     4.107901566,88848718,,inst_retired.any,73153477,100.00,143.3,IpMispredict
     4.107901566,624830,,br_misp_retired.all_branches,73153477,100.00,,
     4.208089421,88948447,,inst_retired.any,73248546,100.00,143.4,IpMispredict
     4.208089421,627596,,br_misp_retired.all_branches,73248546,100.00,,
     4.308279054,89262147,,inst_retired.any,73096901,100.00,143.9,IpMispredict
     4.308279054,626596,,br_misp_retired.all_branches,73096901,100.00,,
     4.408469124,89165739,,inst_retired.any,73212925,100.00,143.7,IpMispredict
     4.408469124,625778,,br_misp_retired.all_branches,73212925,100.00,,
     4.508660417,89265685,,inst_retired.any,73096745,100.00,143.8,IpMispredict
     4.508660417,623106,,br_misp_retired.all_branches,73096745,100.00,,
     4.608850251,89270406,,inst_retired.any,73091138,100.00,143.8,IpMispredict
     4.608850251,623457,,br_misp_retired.all_branches,73091138,100.00,,
     4.709043906,89063964,,inst_retired.any,73042501,100.00,143.5,IpMispredict
     4.709043906,623775,,br_misp_retired.all_branches,73042501,100.00,,
     4.809237709,88725137,,inst_retired.any,72855940,100.00,142.9,IpMispredict
     4.809237709,621014,,br_misp_retired.all_branches,72855940,100.00,,
     4.909435026,88639229,,inst_retired.any,72981716,100.00,142.8,IpMispredict
     4.909435026,620270,,br_misp_retired.all_branches,72981716,100.00,,
     5.009633279,89704665,,inst_retired.any,73961522,100.00,144.5,IpMispredict
     5.009633279,629044,,br_misp_retired.all_branches,73961522,100.00,,
     5.109822393,89169579,,inst_retired.any,72884265,100.00,143.6,IpMispredict
     5.109822393,620079,,br_misp_retired.all_branches,72884265,100.00,,
     5.210012467,89085940,,inst_retired.any,73091734,100.00,143.5,IpMispredict
     5.210012467,618804,,br_misp_retired.all_branches,73091734,100.00,,
     5.310204141,89077914,,inst_retired.any,73140377,100.00,143.5,IpMispredict
     5.310204141,621955,,br_misp_retired.all_branches,73140377,100.00,,
     5.410390891,88830257,,inst_retired.any,72883440,100.00,143.1,IpMispredict
     5.410390891,621850,,br_misp_retired.all_branches,72883440,100.00,,
     5.510604198,88813616,,inst_retired.any,72830214,100.00,143.0,IpMispredict
     5.510604198,618564,,br_misp_retired.all_branches,72830214,100.00,,
     5.610796019,89122621,,inst_retired.any,73101615,100.00,143.5,IpMispredict
     5.610796019,618805,,br_misp_retired.all_branches,73101615,100.00,,
     5.710985471,89269893,,inst_retired.any,73050510,100.00,143.8,IpMispredict
     5.710985471,622730,,br_misp_retired.all_branches,73050510,100.00,,
     5.811175028,88186139,,inst_retired.any,72096573,100.00,142.1,IpMispredict
     5.811175028,612715,,br_misp_retired.all_branches,72096573,100.00,,
     5.911366741,89171045,,inst_retired.any,73108192,100.00,143.6,IpMispredict
     5.911366741,621428,,br_misp_retired.all_branches,73108192,100.00,,
     6.011572595,89133312,,inst_retired.any,73253948,100.00,143.6,IpMispredict
     6.011572595,623477,,br_misp_retired.all_branches,73253948,100.00,,
     6.111764977,88881136,,inst_retired.any,73111011,100.00,143.2,IpMispredict
     6.111764977,625244,,br_misp_retired.all_branches,73111011,100.00,,
     6.211955759,89763587,,inst_retired.any,73721914,100.00,144.6,IpMispredict
     6.211955759,624409,,br_misp_retired.all_branches,73721914,100.00,,
     6.312147466,88904284,,inst_retired.any,73104225,100.00,143.2,IpMispredict
     6.312147466,621148,,br_misp_retired.all_branches,73104225,100.00,,
     6.412336187,89164410,,inst_retired.any,73006232,100.00,143.6,IpMispredict
     6.412336187,616536,,br_misp_retired.all_branches,73006232,100.00,,
     6.512526922,89028242,,inst_retired.any,72997514,100.00,143.4,IpMispredict
     6.512526922,617636,,br_misp_retired.all_branches,72997514,100.00,,
     6.612715545,89147697,,inst_retired.any,72997118,100.00,143.6,IpMispredict
     6.612715545,615184,,br_misp_retired.all_branches,72997118,100.00,,
     6.712910069,89067505,,inst_retired.any,73050636,100.00,143.5,IpMispredict
     6.712910069,617464,,br_misp_retired.all_branches,73050636,100.00,,
     6.813101891,88935984,,inst_retired.any,73071607,100.00,143.3,IpMispredict
     6.813101891,619955,,br_misp_retired.all_branches,73071607,100.00,,
     6.913293063,88996028,,inst_retired.any,73117600,100.00,143.4,IpMispredict
     6.913293063,618160,,br_misp_retired.all_branches,73117600,100.00,,
     7.013483665,89068966,,inst_retired.any,73389918,100.00,143.5,IpMispredict
     7.013483665,621351,,br_misp_retired.all_branches,73389918,100.00,,
     7.113670958,89764572,,inst_retired.any,73670995,100.00,144.6,IpMispredict
     7.113670958,624433,,br_misp_retired.all_branches,73670995,100.00,,
     7.213866129,89103666,,inst_retired.any,73196529,100.00,143.6,IpMispredict
     7.213866129,613933,,br_misp_retired.all_branches,73196529,100.00,,
     7.314058535,89245206,,inst_retired.any,73052353,100.00,143.8,IpMispredict
     7.314058535,617187,,br_misp_retired.all_branches,73052353,100.00,,
     7.414252464,88621602,,inst_retired.any,72580584,100.00,142.8,IpMispredict
     7.414252464,613193,,br_misp_retired.all_branches,72580584,100.00,,
     7.514442685,89518061,,inst_retired.any,73512981,100.00,144.3,IpMispredict
     7.514442685,622496,,br_misp_retired.all_branches,73512981,100.00,,
     7.614634094,88996383,,inst_retired.any,73160130,100.00,143.4,IpMispredict
     7.614634094,617862,,br_misp_retired.all_branches,73160130,100.00,,
     7.714824309,89174958,,inst_retired.any,73000122,100.00,143.7,IpMispredict
     7.714824309,618975,,br_misp_retired.all_branches,73000122,100.00,,
     7.815014909,88305758,,inst_retired.any,72208888,100.00,142.4,IpMispredict
     7.815014909,612384,,br_misp_retired.all_branches,72208888,100.00,,
     7.915204862,89405675,,inst_retired.any,73031581,100.00,144.1,IpMispredict
     7.915204862,621192,,br_misp_retired.all_branches,73031581,100.00,,
     8.015393095,89236936,,inst_retired.any,73801002,100.00,143.8,IpMispredict
     8.015393095,621555,,br_misp_retired.all_branches,73801002,100.00,,
     8.115597334,89171804,,inst_retired.any,73410629,100.00,143.7,IpMispredict
     8.115597334,620563,,br_misp_retired.all_branches,73410629,100.00,,
     8.215784256,89225941,,inst_retired.any,73291436,100.00,143.8,IpMispredict
     8.215784256,621080,,br_misp_retired.all_branches,73291436,100.00,,
     8.315997999,88595239,,inst_retired.any,72947329,100.00,142.8,IpMispredict
     8.315997999,619021,,br_misp_retired.all_branches,72947329,100.00,,
     8.416185676,89548793,,inst_retired.any,73582071,100.00,144.3,IpMispredict
     8.416185676,623342,,br_misp_retired.all_branches,73582071,100.00,,
     8.516375565,88656603,,inst_retired.any,73098261,100.00,142.9,IpMispredict
     8.516375565,613265,,br_misp_retired.all_branches,73098261,100.00,,
     8.616565158,89418441,,inst_retired.any,73439458,100.00,144.1,IpMispredict
     8.616565158,622439,,br_misp_retired.all_branches,73439458,100.00,,
     8.716754242,88714172,,inst_retired.any,72748476,100.00,143.0,IpMispredict
     8.716754242,613835,,br_misp_retired.all_branches,72748476,100.00,,
     8.816947463,89578298,,inst_retired.any,73697046,100.00,144.4,IpMispredict
     8.816947463,622329,,br_misp_retired.all_branches,73697046,100.00,,
     8.917133987,89246934,,inst_retired.any,73328868,100.00,143.9,IpMispredict
     8.917133987,621145,,br_misp_retired.all_branches,73328868,100.00,,
     9.017324495,89006119,,inst_retired.any,73039866,100.00,143.5,IpMispredict
     9.017324495,621586,,br_misp_retired.all_branches,73039866,100.00,,
     9.117514441,89531168,,inst_retired.any,73847636,100.00,144.3,IpMispredict
     9.117514441,631105,,br_misp_retired.all_branches,73847636,100.00,,
     9.217706479,88637080,,inst_retired.any,73022065,100.00,142.9,IpMispredict
     9.217706479,619521,,br_misp_retired.all_branches,73022065,100.00,,
     9.317899860,89562656,,inst_retired.any,73752072,100.00,144.3,IpMispredict
     9.317899860,626017,,br_misp_retired.all_branches,73752072,100.00,,
     9.418093114,88525684,,inst_retired.any,72913906,100.00,142.7,IpMispredict
     9.418093114,618768,,br_misp_retired.all_branches,72913906,100.00,,
     9.518285685,89567771,,inst_retired.any,73666530,100.00,144.3,IpMispredict
     9.518285685,624367,,br_misp_retired.all_branches,73666530,100.00,,
     9.618476841,89004518,,inst_retired.any,72927013,100.00,143.4,IpMispredict
     9.618476841,621488,,br_misp_retired.all_branches,72927013,100.00,,
     9.718668766,89230256,,inst_retired.any,73313055,100.00,143.8,IpMispredict
     9.718668766,620062,,br_misp_retired.all_branches,73313055,100.00,,
     9.818821014,88769414,,inst_retired.any,73019546,100.00,143.1,IpMispredict
     9.818821014,620636,,br_misp_retired.all_branches,73019546,100.00,,
     9.918960781,87198940,,inst_retired.any,72862143,100.00,140.5,IpMispredict
     9.918960781,614758,,br_misp_retired.all_branches,72862143,100.00,,
    10.019136146,87691712,,inst_retired.any,74042055,100.00,141.3,IpMispredict
    10.019136146,623340,,br_misp_retired.all_branches,74042055,100.00,,
    10.119336720,87126302,,inst_retired.any,72824955,100.00,140.4,IpMispredict
    10.119336720,615946,,br_misp_retired.all_branches,72824955,100.00,,
    10.219527655,87314181,,inst_retired.any,72976263,100.00,140.7,IpMispredict
    10.219527655,623328,,br_misp_retired.all_branches,72976263,100.00,,
    10.319716505,87518285,,inst_retired.any,73068330,100.00,141.1,IpMispredict
    10.319716505,621139,,br_misp_retired.all_branches,73068330,100.00,,
    10.419905569,87139847,,inst_retired.any,72662693,100.00,140.4,IpMispredict
    10.419905569,618909,,br_misp_retired.all_branches,72662693,100.00,,
    10.520091640,87335210,,inst_retired.any,73078972,100.00,140.8,IpMispredict
    10.520091640,617502,,br_misp_retired.all_branches,73078972,100.00,,
    10.620284095,86717035,,inst_retired.any,72195006,100.00,139.8,IpMispredict
    10.620284095,614735,,br_misp_retired.all_branches,72195006,100.00,,
    10.720473603,87662501,,inst_retired.any,73089518,100.00,141.3,IpMispredict
    10.720473603,619644,,br_misp_retired.all_branches,73089518,100.00,,
    10.820664658,87633618,,inst_retired.any,73081753,100.00,141.3,IpMispredict
    10.820664658,617845,,br_misp_retired.all_branches,73081753,100.00,,
    10.920813997,86770274,,inst_retired.any,72542079,100.00,139.9,IpMispredict
    10.920813997,614927,,br_misp_retired.all_branches,72542079,100.00,,
    11.021026774,87844927,,inst_retired.any,73577480,100.00,141.6,IpMispredict
    11.021026774,624002,,br_misp_retired.all_branches,73577480,100.00,,
