# started on Mon May  1 18:20:37 2023

     0.100279078,6330534,,offcore_response.all_requests.llc_hit.any_response,55659062,100.00,,
     0.100279078,1073,,offcore_response.all_requests.llc_miss.any_response,55573539,100.00,,
     0.200474110,6361148,,offcore_response.all_requests.llc_hit.any_response,57108493,100.00,,
     0.200474110,947,,offcore_response.all_requests.llc_miss.any_response,57108493,100.00,,
     0.300662949,6295199,,offcore_response.all_requests.llc_hit.any_response,55928127,100.00,,
     0.300662949,1047,,offcore_response.all_requests.llc_miss.any_response,55943679,100.00,,
     0.400857543,6338496,,offcore_response.all_requests.llc_hit.any_response,55911871,100.00,,
     0.400857543,1060,,offcore_response.all_requests.llc_miss.any_response,55896319,100.00,,
     0.501065405,6274078,,offcore_response.all_requests.llc_hit.any_response,55718092,100.00,,
     0.501065405,726,,offcore_response.all_requests.llc_miss.any_response,55750073,100.00,,
     0.601283759,6334124,,offcore_response.all_requests.llc_hit.any_response,55753963,100.00,,
     0.601283759,700,,offcore_response.all_requests.llc_miss.any_response,55737958,100.00,,
     0.701499255,6314940,,offcore_response.all_requests.llc_hit.any_response,55454187,100.00,,
     0.701499255,820,,offcore_response.all_requests.llc_miss.any_response,55438211,100.00,,
     0.801711774,6327502,,offcore_response.all_requests.llc_hit.any_response,55590312,100.00,,
     0.801711774,677,,offcore_response.all_requests.llc_miss.any_response,55590312,100.00,,
     0.901923602,6261442,,offcore_response.all_requests.llc_hit.any_response,54686718,100.00,,
     0.901923602,893,,offcore_response.all_requests.llc_miss.any_response,54701240,100.00,,
     1.002139697,6358376,,offcore_response.all_requests.llc_hit.any_response,55926233,100.00,,
     1.002139697,889,,offcore_response.all_requests.llc_miss.any_response,55911711,100.00,,
     1.102352584,6275572,,offcore_response.all_requests.llc_hit.any_response,55202522,100.00,,
     1.102352584,564,,offcore_response.all_requests.llc_miss.any_response,55202522,100.00,,
     1.202565287,6310698,,offcore_response.all_requests.llc_hit.any_response,55195265,100.00,,
     1.202565287,597,,offcore_response.all_requests.llc_miss.any_response,55195265,100.00,,
     1.302777743,6301668,,offcore_response.all_requests.llc_hit.any_response,55144653,100.00,,
     1.302777743,688,,offcore_response.all_requests.llc_miss.any_response,55174915,100.00,,
     1.402994204,6319116,,offcore_response.all_requests.llc_hit.any_response,55439152,100.00,,
     1.402994204,696,,offcore_response.all_requests.llc_miss.any_response,55425061,100.00,,
     1.503210305,6291755,,offcore_response.all_requests.llc_hit.any_response,62700474,100.00,,
     1.503210305,1384,,offcore_response.all_requests.llc_miss.any_response,62716373,100.00,,
     1.603433593,6262514,,offcore_response.all_requests.llc_hit.any_response,57645248,100.00,,
     1.603433593,749,,offcore_response.all_requests.llc_miss.any_response,57613178,100.00,,
     1.703657489,6247464,,offcore_response.all_requests.llc_hit.any_response,57833873,100.00,,
     1.703657489,833,,offcore_response.all_requests.llc_miss.any_response,57865676,100.00,,
     1.803888495,6229627,,offcore_response.all_requests.llc_hit.any_response,57766717,100.00,,
     1.803888495,1176,,offcore_response.all_requests.llc_miss.any_response,57766590,100.00,,
     1.904110295,6211464,,offcore_response.all_requests.llc_hit.any_response,57820535,100.00,,
     1.904110295,1264,,offcore_response.all_requests.llc_miss.any_response,57820753,100.00,,
     2.004328080,6204378,,offcore_response.all_requests.llc_hit.any_response,58524876,100.00,,
     2.004328080,1534,,offcore_response.all_requests.llc_miss.any_response,58507839,100.00,,
     2.104542671,6212495,,offcore_response.all_requests.llc_hit.any_response,57798010,100.00,,
     2.104542671,1561,,offcore_response.all_requests.llc_miss.any_response,57810591,100.00,,
     2.204758168,6236321,,offcore_response.all_requests.llc_hit.any_response,57547418,100.00,,
     2.204758168,1377,,offcore_response.all_requests.llc_miss.any_response,57535173,100.00,,
     2.304998428,6215576,,offcore_response.all_requests.llc_hit.any_response,58217726,100.00,,
     2.304998428,888,,offcore_response.all_requests.llc_miss.any_response,58233591,100.00,,
     2.405219925,6232191,,offcore_response.all_requests.llc_hit.any_response,57866749,100.00,,
     2.405219925,775,,offcore_response.all_requests.llc_miss.any_response,57835691,100.00,,
     2.505433406,6241739,,offcore_response.all_requests.llc_hit.any_response,57761820,100.00,,
     2.505433406,820,,offcore_response.all_requests.llc_miss.any_response,57761820,100.00,,
     2.605653072,6184817,,offcore_response.all_requests.llc_hit.any_response,57447827,100.00,,
     2.605653072,563,,offcore_response.all_requests.llc_miss.any_response,57479471,100.00,,
     2.705876160,6210723,,offcore_response.all_requests.llc_hit.any_response,57989209,100.00,,
     2.705876160,856,,offcore_response.all_requests.llc_miss.any_response,57968610,100.00,,
     2.806093063,6266352,,offcore_response.all_requests.llc_hit.any_response,57933292,100.00,,
     2.806093063,605,,offcore_response.all_requests.llc_miss.any_response,57937113,100.00,,
     2.906308549,6214232,,offcore_response.all_requests.llc_hit.any_response,58683668,100.00,,
     2.906308549,1233,,offcore_response.all_requests.llc_miss.any_response,58688380,100.00,,
     3.006526140,6258777,,offcore_response.all_requests.llc_hit.any_response,58361915,100.00,,
     3.006526140,1736,,offcore_response.all_requests.llc_miss.any_response,58342337,100.00,,
     3.106742178,6203055,,offcore_response.all_requests.llc_hit.any_response,57495821,100.00,,
     3.106742178,797,,offcore_response.all_requests.llc_miss.any_response,57512149,100.00,,
     3.206958563,6256154,,offcore_response.all_requests.llc_hit.any_response,57860248,100.00,,
     3.206958563,619,,offcore_response.all_requests.llc_miss.any_response,57873835,100.00,,
     3.307174937,6224860,,offcore_response.all_requests.llc_hit.any_response,57568771,100.00,,
     3.307174937,597,,offcore_response.all_requests.llc_miss.any_response,57538856,100.00,,
     3.407410073,6223823,,offcore_response.all_requests.llc_hit.any_response,58602276,100.00,,
     3.407410073,634,,offcore_response.all_requests.llc_miss.any_response,58602276,100.00,,
     3.507625141,6190254,,offcore_response.all_requests.llc_hit.any_response,57751994,100.00,,
     3.507625141,681,,offcore_response.all_requests.llc_miss.any_response,57751994,100.00,,
     3.607838996,6210993,,offcore_response.all_requests.llc_hit.any_response,57698623,100.00,,
     3.607838996,784,,offcore_response.all_requests.llc_miss.any_response,57713164,100.00,,
     3.708056167,6190485,,offcore_response.all_requests.llc_hit.any_response,57829963,100.00,,
     3.708056167,735,,offcore_response.all_requests.llc_miss.any_response,57847327,100.00,,
     3.808273614,6238884,,offcore_response.all_requests.llc_hit.any_response,57694215,100.00,,
     3.808273614,505,,offcore_response.all_requests.llc_miss.any_response,57693917,100.00,,
     3.908490872,6230828,,offcore_response.all_requests.llc_hit.any_response,58059870,100.00,,
     3.908490872,785,,offcore_response.all_requests.llc_miss.any_response,58044135,100.00,,
     4.008707795,6181341,,offcore_response.all_requests.llc_hit.any_response,57626075,100.00,,
     4.008707795,730,,offcore_response.all_requests.llc_miss.any_response,57641743,100.00,,
     4.108924667,6199188,,offcore_response.all_requests.llc_hit.any_response,57750599,100.00,,
     4.108924667,942,,offcore_response.all_requests.llc_miss.any_response,57743634,100.00,,
     4.209139827,6209282,,offcore_response.all_requests.llc_hit.any_response,57568824,100.00,,
     4.209139827,816,,offcore_response.all_requests.llc_miss.any_response,57544249,100.00,,
     4.309352777,6241733,,offcore_response.all_requests.llc_hit.any_response,57788105,100.00,,
     4.309352777,529,,offcore_response.all_requests.llc_miss.any_response,57820000,100.00,,
     4.409576849,6257551,,offcore_response.all_requests.llc_hit.any_response,57935729,100.00,,
     4.409576849,562,,offcore_response.all_requests.llc_miss.any_response,57925223,100.00,,
     4.509810321,6181925,,offcore_response.all_requests.llc_hit.any_response,57710958,100.00,,
     4.509810321,829,,offcore_response.all_requests.llc_miss.any_response,57721611,100.00,,
     4.610027765,6237740,,offcore_response.all_requests.llc_hit.any_response,57884177,100.00,,
     4.610027765,517,,offcore_response.all_requests.llc_miss.any_response,57883899,100.00,,
     4.710243652,6230022,,offcore_response.all_requests.llc_hit.any_response,57667731,100.00,,
     4.710243652,630,,offcore_response.all_requests.llc_miss.any_response,57655295,100.00,,
     4.810458490,6268663,,offcore_response.all_requests.llc_hit.any_response,58082339,100.00,,
     4.810458490,590,,offcore_response.all_requests.llc_miss.any_response,58063011,100.00,,
     4.910666465,6242059,,offcore_response.all_requests.llc_hit.any_response,58109594,100.00,,
     4.910666465,547,,offcore_response.all_requests.llc_miss.any_response,58124727,100.00,,
     5.010884545,6369222,,offcore_response.all_requests.llc_hit.any_response,60245096,100.00,,
     5.010884545,827,,offcore_response.all_requests.llc_miss.any_response,60229963,100.00,,
     5.111097675,6322743,,offcore_response.all_requests.llc_hit.any_response,55320190,100.00,,
     5.111097675,734,,offcore_response.all_requests.llc_miss.any_response,55349535,100.00,,
     5.211313095,6401131,,offcore_response.all_requests.llc_hit.any_response,55893550,100.00,,
     5.211313095,495,,offcore_response.all_requests.llc_miss.any_response,55864205,100.00,,
     5.311545553,6332544,,offcore_response.all_requests.llc_hit.any_response,55326012,100.00,,
     5.311545553,571,,offcore_response.all_requests.llc_miss.any_response,55357839,100.00,,
     5.411763545,6324630,,offcore_response.all_requests.llc_hit.any_response,55370848,100.00,,
     5.411763545,833,,offcore_response.all_requests.llc_miss.any_response,55339021,100.00,,
     5.511975791,6370171,,offcore_response.all_requests.llc_hit.any_response,55829552,100.00,,
     5.511975791,745,,offcore_response.all_requests.llc_miss.any_response,55861513,100.00,,
     5.612192644,6294422,,offcore_response.all_requests.llc_hit.any_response,55095070,100.00,,
     5.612192644,534,,offcore_response.all_requests.llc_miss.any_response,55080856,100.00,,
     5.712406469,6372918,,offcore_response.all_requests.llc_hit.any_response,55671572,100.00,,
     5.712406469,663,,offcore_response.all_requests.llc_miss.any_response,55685889,100.00,,
     5.812624247,6370677,,offcore_response.all_requests.llc_hit.any_response,55802566,100.00,,
     5.812624247,709,,offcore_response.all_requests.llc_miss.any_response,55784951,100.00,,
     5.912845918,6370255,,offcore_response.all_requests.llc_hit.any_response,55603744,100.00,,
     5.912845918,592,,offcore_response.all_requests.llc_miss.any_response,55615118,100.00,,
     6.013064261,6297857,,offcore_response.all_requests.llc_hit.any_response,55479534,100.00,,
     6.013064261,730,,offcore_response.all_requests.llc_miss.any_response,55453711,100.00,,
     6.113278692,6389741,,offcore_response.all_requests.llc_hit.any_response,55955960,100.00,,
     6.113278692,546,,offcore_response.all_requests.llc_miss.any_response,55988098,100.00,,
     6.213495514,6250894,,offcore_response.all_requests.llc_hit.any_response,60666002,100.00,,
     6.213495514,545,,offcore_response.all_requests.llc_miss.any_response,60633864,100.00,,
     6.313707582,6247996,,offcore_response.all_requests.llc_hit.any_response,59832801,100.00,,
     6.313707582,586,,offcore_response.all_requests.llc_miss.any_response,59832801,100.00,,
     6.413922664,6183907,,offcore_response.all_requests.llc_hit.any_response,55281266,100.00,,
     6.413922664,615,,offcore_response.all_requests.llc_miss.any_response,55313591,100.00,,
     6.514140493,6311634,,offcore_response.all_requests.llc_hit.any_response,55932135,100.00,,
     6.514140493,812,,offcore_response.all_requests.llc_miss.any_response,55899810,100.00,,
     6.614355147,6355406,,offcore_response.all_requests.llc_hit.any_response,55478996,100.00,,
     6.614355147,634,,offcore_response.all_requests.llc_miss.any_response,55510787,100.00,,
     6.714589928,6286131,,offcore_response.all_requests.llc_hit.any_response,55115507,100.00,,
     6.714589928,771,,offcore_response.all_requests.llc_miss.any_response,55115703,100.00,,
     6.814806814,6327618,,offcore_response.all_requests.llc_hit.any_response,55280104,100.00,,
     6.814806814,630,,offcore_response.all_requests.llc_miss.any_response,55248117,100.00,,
     6.915019821,6339692,,offcore_response.all_requests.llc_hit.any_response,55690370,100.00,,
     6.915019821,842,,offcore_response.all_requests.llc_miss.any_response,55715047,100.00,,
     7.015240252,6315287,,offcore_response.all_requests.llc_hit.any_response,55783451,100.00,,
     7.015240252,549,,offcore_response.all_requests.llc_miss.any_response,55790571,100.00,,
     7.115462911,6313918,,offcore_response.all_requests.llc_hit.any_response,55681739,100.00,,
     7.115462911,697,,offcore_response.all_requests.llc_miss.any_response,55649942,100.00,,
     7.215683232,6314356,,offcore_response.all_requests.llc_hit.any_response,55364471,100.00,,
     7.215683232,595,,offcore_response.all_requests.llc_miss.any_response,55369336,100.00,,
     7.315900794,6270300,,offcore_response.all_requests.llc_hit.any_response,54854251,100.00,,
     7.315900794,582,,offcore_response.all_requests.llc_miss.any_response,54854055,100.00,,
     7.416119371,6363953,,offcore_response.all_requests.llc_hit.any_response,56035406,100.00,,
     7.416119371,699,,offcore_response.all_requests.llc_miss.any_response,56062266,100.00,,
     7.516336140,6289888,,offcore_response.all_requests.llc_hit.any_response,55627062,100.00,,
     7.516336140,597,,offcore_response.all_requests.llc_miss.any_response,55627694,100.00,,
     7.616554716,6325698,,offcore_response.all_requests.llc_hit.any_response,55772934,100.00,,
     7.616554716,598,,offcore_response.all_requests.llc_miss.any_response,55740773,100.00,,
     7.716766250,6299824,,offcore_response.all_requests.llc_hit.any_response,55133457,100.00,,
     7.716766250,561,,offcore_response.all_requests.llc_miss.any_response,55165267,100.00,,
     7.816983313,6260250,,offcore_response.all_requests.llc_hit.any_response,54952023,100.00,,
     7.816983313,542,,offcore_response.all_requests.llc_miss.any_response,54945380,100.00,,
     7.917197674,6348812,,offcore_response.all_requests.llc_hit.any_response,55924325,100.00,,
     7.917197674,1106,,offcore_response.all_requests.llc_miss.any_response,55931406,100.00,,
     8.017418435,6306255,,offcore_response.all_requests.llc_hit.any_response,61501518,100.00,,
     8.017418435,709,,offcore_response.all_requests.llc_miss.any_response,61496282,100.00,,
     8.117635057,6395607,,offcore_response.all_requests.llc_hit.any_response,60544289,100.00,,
     8.117635057,619,,offcore_response.all_requests.llc_miss.any_response,60543819,100.00,,
     8.217849889,6320728,,offcore_response.all_requests.llc_hit.any_response,54896067,100.00,,
     8.217849889,564,,offcore_response.all_requests.llc_miss.any_response,54893148,100.00,,
     8.318064460,6384683,,offcore_response.all_requests.llc_hit.any_response,55851761,100.00,,
     8.318064460,831,,offcore_response.all_requests.llc_miss.any_response,55860259,100.00,,
     8.418282187,6362735,,offcore_response.all_requests.llc_hit.any_response,55621134,100.00,,
     8.418282187,706,,offcore_response.all_requests.llc_miss.any_response,55620432,100.00,,
     8.518499712,6371557,,offcore_response.all_requests.llc_hit.any_response,55954043,100.00,,
     8.518499712,662,,offcore_response.all_requests.llc_miss.any_response,55922624,100.00,,
     8.618712816,6343797,,offcore_response.all_requests.llc_hit.any_response,55161497,100.00,,
     8.618712816,640,,offcore_response.all_requests.llc_miss.any_response,55161497,100.00,,
     8.718924526,6350628,,offcore_response.all_requests.llc_hit.any_response,55624681,100.00,,
     8.718924526,624,,offcore_response.all_requests.llc_miss.any_response,55653452,100.00,,
     8.819141373,6315426,,offcore_response.all_requests.llc_hit.any_response,55176312,100.00,,
     8.819141373,723,,offcore_response.all_requests.llc_miss.any_response,55163412,100.00,,
     8.919378776,6312294,,offcore_response.all_requests.llc_hit.any_response,55357229,100.00,,
     8.919378776,644,,offcore_response.all_requests.llc_miss.any_response,55341358,100.00,,
     9.019617126,6306074,,offcore_response.all_requests.llc_hit.any_response,55218630,100.00,,
     9.019617126,662,,offcore_response.all_requests.llc_miss.any_response,55242857,100.00,,
     9.119832648,6309665,,offcore_response.all_requests.llc_hit.any_response,55230597,100.00,,
     9.119832648,715,,offcore_response.all_requests.llc_miss.any_response,55206370,100.00,,
     9.220047136,6327343,,offcore_response.all_requests.llc_hit.any_response,55565023,100.00,,
     9.220047136,613,,offcore_response.all_requests.llc_miss.any_response,55588988,100.00,,
     9.320265712,6265288,,offcore_response.all_requests.llc_hit.any_response,60385411,100.00,,
     9.320265712,817,,offcore_response.all_requests.llc_miss.any_response,60361446,100.00,,
     9.420478199,6295103,,offcore_response.all_requests.llc_hit.any_response,58591379,100.00,,
     9.420478199,913,,offcore_response.all_requests.llc_miss.any_response,58607658,100.00,,
     9.520696978,6330664,,offcore_response.all_requests.llc_hit.any_response,61425259,100.00,,
     9.520696978,722,,offcore_response.all_requests.llc_miss.any_response,61437090,100.00,,
     9.620915739,6257201,,offcore_response.all_requests.llc_hit.any_response,54941543,100.00,,
     9.620915739,788,,offcore_response.all_requests.llc_miss.any_response,54945497,100.00,,
     9.721142178,6379234,,offcore_response.all_requests.llc_hit.any_response,56083316,100.00,,
     9.721142178,812,,offcore_response.all_requests.llc_miss.any_response,56051252,100.00,,
     9.821355389,6300041,,offcore_response.all_requests.llc_hit.any_response,55290715,100.00,,
     9.821355389,654,,offcore_response.all_requests.llc_miss.any_response,55305995,100.00,,
     9.921572251,6280517,,offcore_response.all_requests.llc_hit.any_response,55041943,100.00,,
     9.921572251,493,,offcore_response.all_requests.llc_miss.any_response,55058242,100.00,,
    10.021789047,6277015,,offcore_response.all_requests.llc_hit.any_response,55098823,100.00,,
    10.021789047,824,,offcore_response.all_requests.llc_miss.any_response,55097593,100.00,,
    10.122009130,6373631,,offcore_response.all_requests.llc_hit.any_response,55990612,100.00,,
    10.122009130,679,,offcore_response.all_requests.llc_miss.any_response,55994538,100.00,,
    10.222230306,6242004,,offcore_response.all_requests.llc_hit.any_response,54749765,100.00,,
    10.222230306,721,,offcore_response.all_requests.llc_miss.any_response,54747437,100.00,,
    10.322448877,6304543,,offcore_response.all_requests.llc_hit.any_response,55858969,100.00,,
    10.322448877,768,,offcore_response.all_requests.llc_miss.any_response,55827022,100.00,,
    10.422662579,6345006,,offcore_response.all_requests.llc_hit.any_response,55760128,100.00,,
    10.422662579,565,,offcore_response.all_requests.llc_miss.any_response,55791886,100.00,,
    10.522875983,6304454,,offcore_response.all_requests.llc_hit.any_response,55932446,100.00,,
    10.522875983,757,,offcore_response.all_requests.llc_miss.any_response,55916240,100.00,,
    10.623092933,6285387,,offcore_response.all_requests.llc_hit.any_response,55115448,100.00,,
    10.623092933,879,,offcore_response.all_requests.llc_miss.any_response,55130305,100.00,,
    10.723312001,6291685,,offcore_response.all_requests.llc_hit.any_response,55055811,100.00,,
    10.723312001,741,,offcore_response.all_requests.llc_miss.any_response,55040564,100.00,,
    10.823551459,6303858,,offcore_response.all_requests.llc_hit.any_response,55587202,100.00,,
    10.823551459,622,,offcore_response.all_requests.llc_miss.any_response,55604056,100.00,,
    10.923761095,6293922,,offcore_response.all_requests.llc_hit.any_response,55282376,100.00,,
    10.923761095,605,,offcore_response.all_requests.llc_miss.any_response,55284750,100.00,,
    11.023979705,6299061,,offcore_response.all_requests.llc_hit.any_response,55184990,100.00,,
    11.023979705,1219,,offcore_response.all_requests.llc_miss.any_response,55182552,100.00,,
