# started on Mon May  1 18:20:50 2023

     0.100292906,9083020,,offcore_response.all_requests.llc_hit.any_response,84417866,100.00,,
     0.100292906,1614,,offcore_response.all_requests.llc_miss.any_response,84347517,100.00,,
     0.200553143,9119338,,offcore_response.all_requests.llc_hit.any_response,84415298,100.00,,
     0.200553143,2071,,offcore_response.all_requests.llc_miss.any_response,84402251,100.00,,
     0.300780289,9043989,,offcore_response.all_requests.llc_hit.any_response,83686038,100.00,,
     0.300780289,1365,,offcore_response.all_requests.llc_miss.any_response,83686962,100.00,,
     0.401005277,9126344,,offcore_response.all_requests.llc_hit.any_response,84328006,100.00,,
     0.401005277,1266,,offcore_response.all_requests.llc_miss.any_response,84325137,100.00,,
     0.501220112,9042376,,offcore_response.all_requests.llc_hit.any_response,83261500,100.00,,
     0.501220112,1013,,offcore_response.all_requests.llc_miss.any_response,83264552,100.00,,
     0.601435408,9123250,,offcore_response.all_requests.llc_hit.any_response,84003767,100.00,,
     0.601435408,1204,,offcore_response.all_requests.llc_miss.any_response,84013624,100.00,,
     0.701657419,9094707,,offcore_response.all_requests.llc_hit.any_response,83614488,100.00,,
     0.701657419,880,,offcore_response.all_requests.llc_miss.any_response,83598613,100.00,,
     0.801872434,9019589,,offcore_response.all_requests.llc_hit.any_response,83224980,100.00,,
     0.801872434,1392,,offcore_response.all_requests.llc_miss.any_response,83226116,100.00,,
     0.902088969,9042105,,offcore_response.all_requests.llc_hit.any_response,83313559,100.00,,
     0.902088969,812,,offcore_response.all_requests.llc_miss.any_response,83328048,100.00,,
     1.002306201,9040331,,offcore_response.all_requests.llc_hit.any_response,83643028,100.00,,
     1.002306201,1021,,offcore_response.all_requests.llc_miss.any_response,83643622,100.00,,
     1.102525649,9034592,,offcore_response.all_requests.llc_hit.any_response,83726912,100.00,,
     1.102525649,1216,,offcore_response.all_requests.llc_miss.any_response,83726558,100.00,,
     1.202743802,9098508,,offcore_response.all_requests.llc_hit.any_response,84384309,100.00,,
     1.202743802,1397,,offcore_response.all_requests.llc_miss.any_response,84374988,100.00,,
     1.302959808,9090234,,offcore_response.all_requests.llc_hit.any_response,83726602,100.00,,
     1.302959808,771,,offcore_response.all_requests.llc_miss.any_response,83735772,100.00,,
     1.403175786,9049689,,offcore_response.all_requests.llc_hit.any_response,84142505,100.00,,
     1.403175786,1723,,offcore_response.all_requests.llc_miss.any_response,84142926,100.00,,
     1.503394075,9621220,,offcore_response.all_requests.llc_hit.any_response,83432501,100.00,,
     1.503394075,1575,,offcore_response.all_requests.llc_miss.any_response,83443332,100.00,,
     1.603621640,9676625,,offcore_response.all_requests.llc_hit.any_response,83902898,100.00,,
     1.603621640,1851,,offcore_response.all_requests.llc_miss.any_response,83876132,100.00,,
     1.703836066,9694461,,offcore_response.all_requests.llc_hit.any_response,84156032,100.00,,
     1.703836066,1574,,offcore_response.all_requests.llc_miss.any_response,84169258,100.00,,
     1.804051590,9690681,,offcore_response.all_requests.llc_hit.any_response,83965562,100.00,,
     1.804051590,1467,,offcore_response.all_requests.llc_miss.any_response,83956791,100.00,,
     1.904268091,9651364,,offcore_response.all_requests.llc_hit.any_response,83928925,100.00,,
     1.904268091,1022,,offcore_response.all_requests.llc_miss.any_response,83938971,100.00,,
     2.004480957,9699929,,offcore_response.all_requests.llc_hit.any_response,84091355,100.00,,
     2.004480957,1054,,offcore_response.all_requests.llc_miss.any_response,84092628,100.00,,
     2.104698221,9732907,,offcore_response.all_requests.llc_hit.any_response,84160170,100.00,,
     2.104698221,1098,,offcore_response.all_requests.llc_miss.any_response,84159672,100.00,,
     2.204913456,9703485,,offcore_response.all_requests.llc_hit.any_response,84173949,100.00,,
     2.204913456,1138,,offcore_response.all_requests.llc_miss.any_response,84159226,100.00,,
     2.305147359,9660269,,offcore_response.all_requests.llc_hit.any_response,84273346,100.00,,
     2.305147359,1043,,offcore_response.all_requests.llc_miss.any_response,84288202,100.00,,
     2.405363052,9663410,,offcore_response.all_requests.llc_hit.any_response,84081634,100.00,,
     2.405363052,1452,,offcore_response.all_requests.llc_miss.any_response,84081969,100.00,,
     2.505579046,9607634,,offcore_response.all_requests.llc_hit.any_response,83882364,100.00,,
     2.505579046,1182,,offcore_response.all_requests.llc_miss.any_response,83873623,100.00,,
     2.605797226,9633324,,offcore_response.all_requests.llc_hit.any_response,83867015,100.00,,
     2.605797226,1082,,offcore_response.all_requests.llc_miss.any_response,83871946,100.00,,
     2.706013173,9659575,,offcore_response.all_requests.llc_hit.any_response,84042055,100.00,,
     2.706013173,1155,,offcore_response.all_requests.llc_miss.any_response,84043695,100.00,,
     2.806227212,9708619,,offcore_response.all_requests.llc_hit.any_response,84327065,100.00,,
     2.806227212,1048,,offcore_response.all_requests.llc_miss.any_response,84314414,100.00,,
     2.906443494,9727430,,offcore_response.all_requests.llc_hit.any_response,83987875,100.00,,
     2.906443494,938,,offcore_response.all_requests.llc_miss.any_response,83986462,100.00,,
     3.006658785,9646250,,offcore_response.all_requests.llc_hit.any_response,83540511,100.00,,
     3.006658785,1048,,offcore_response.all_requests.llc_miss.any_response,83556905,100.00,,
     3.106875822,9676605,,offcore_response.all_requests.llc_hit.any_response,84054442,100.00,,
     3.106875822,784,,offcore_response.all_requests.llc_miss.any_response,84053966,100.00,,
     3.207092123,9644337,,offcore_response.all_requests.llc_hit.any_response,84157719,100.00,,
     3.207092123,1087,,offcore_response.all_requests.llc_miss.any_response,84143990,100.00,,
     3.307312695,9657267,,offcore_response.all_requests.llc_hit.any_response,83937573,100.00,,
     3.307312695,759,,offcore_response.all_requests.llc_miss.any_response,83935226,100.00,,
     3.407530994,9646002,,offcore_response.all_requests.llc_hit.any_response,83659131,100.00,,
     3.407530994,1176,,offcore_response.all_requests.llc_miss.any_response,83683934,100.00,,
     3.507769644,9594660,,offcore_response.all_requests.llc_hit.any_response,83298942,100.00,,
     3.507769644,891,,offcore_response.all_requests.llc_miss.any_response,83279324,100.00,,
     3.607991000,9623520,,offcore_response.all_requests.llc_hit.any_response,83925845,100.00,,
     3.607991000,975,,offcore_response.all_requests.llc_miss.any_response,83939628,100.00,,
     3.708213981,9708166,,offcore_response.all_requests.llc_hit.any_response,84037139,100.00,,
     3.708213981,919,,offcore_response.all_requests.llc_miss.any_response,84034178,100.00,,
     3.808434228,9017456,,offcore_response.all_requests.llc_hit.any_response,83504794,100.00,,
     3.808434228,1085,,offcore_response.all_requests.llc_miss.any_response,83490726,100.00,,
     3.908655631,8913927,,offcore_response.all_requests.llc_hit.any_response,82682100,100.00,,
     3.908655631,868,,offcore_response.all_requests.llc_miss.any_response,82683199,100.00,,
     4.008874037,9667280,,offcore_response.all_requests.llc_hit.any_response,83902757,100.00,,
     4.008874037,918,,offcore_response.all_requests.llc_miss.any_response,83901673,100.00,,
     4.109095016,9714018,,offcore_response.all_requests.llc_hit.any_response,84293809,100.00,,
     4.109095016,851,,offcore_response.all_requests.llc_miss.any_response,84308013,100.00,,
     4.209313759,9623587,,offcore_response.all_requests.llc_hit.any_response,84399757,100.00,,
     4.209313759,1001,,offcore_response.all_requests.llc_miss.any_response,84400066,100.00,,
     4.309533773,9623695,,offcore_response.all_requests.llc_hit.any_response,83790826,100.00,,
     4.309533773,987,,offcore_response.all_requests.llc_miss.any_response,83782676,100.00,,
     4.409751925,9664153,,offcore_response.all_requests.llc_hit.any_response,84438508,100.00,,
     4.409751925,979,,offcore_response.all_requests.llc_miss.any_response,84431978,100.00,,
     4.509990583,9634806,,offcore_response.all_requests.llc_hit.any_response,83755014,100.00,,
     4.509990583,812,,offcore_response.all_requests.llc_miss.any_response,83768921,100.00,,
     4.610212148,9634194,,offcore_response.all_requests.llc_hit.any_response,84322388,100.00,,
     4.610212148,2286,,offcore_response.all_requests.llc_miss.any_response,84323162,100.00,,
     4.710432656,9592482,,offcore_response.all_requests.llc_hit.any_response,83651311,100.00,,
     4.710432656,816,,offcore_response.all_requests.llc_miss.any_response,83647025,100.00,,
     4.810649493,9648589,,offcore_response.all_requests.llc_hit.any_response,83896607,100.00,,
     4.810649493,1155,,offcore_response.all_requests.llc_miss.any_response,83900855,100.00,,
     4.910870692,9625280,,offcore_response.all_requests.llc_hit.any_response,84035645,100.00,,
     4.910870692,820,,offcore_response.all_requests.llc_miss.any_response,84035478,100.00,,
     5.011092446,9619234,,offcore_response.all_requests.llc_hit.any_response,83923713,100.00,,
     5.011092446,966,,offcore_response.all_requests.llc_miss.any_response,83909626,100.00,,
     5.111308437,9665001,,offcore_response.all_requests.llc_hit.any_response,84053822,100.00,,
     5.111308437,1109,,offcore_response.all_requests.llc_miss.any_response,84067955,100.00,,
     5.211525449,9627624,,offcore_response.all_requests.llc_hit.any_response,84245163,100.00,,
     5.211525449,1029,,offcore_response.all_requests.llc_miss.any_response,84251240,100.00,,
     5.311765480,9631511,,offcore_response.all_requests.llc_hit.any_response,83917920,100.00,,
     5.311765480,788,,offcore_response.all_requests.llc_miss.any_response,83911757,100.00,,
     5.411982154,9669826,,offcore_response.all_requests.llc_hit.any_response,84295333,100.00,,
     5.411982154,1176,,offcore_response.all_requests.llc_miss.any_response,84281158,100.00,,
     5.512197520,8982490,,offcore_response.all_requests.llc_hit.any_response,83455834,100.00,,
     5.512197520,1283,,offcore_response.all_requests.llc_miss.any_response,83466689,100.00,,
     5.612413695,9152198,,offcore_response.all_requests.llc_hit.any_response,83976669,100.00,,
     5.612413695,1307,,offcore_response.all_requests.llc_miss.any_response,83967433,100.00,,
     5.712629700,9080881,,offcore_response.all_requests.llc_hit.any_response,83667200,100.00,,
     5.712629700,1339,,offcore_response.all_requests.llc_miss.any_response,83665322,100.00,,
     5.812848299,9154649,,offcore_response.all_requests.llc_hit.any_response,84204031,100.00,,
     5.812848299,975,,offcore_response.all_requests.llc_miss.any_response,84218664,100.00,,
     5.913064887,8912518,,offcore_response.all_requests.llc_hit.any_response,84434872,100.00,,
     5.913064887,1085,,offcore_response.all_requests.llc_miss.any_response,84435473,100.00,,
     6.013284309,9150655,,offcore_response.all_requests.llc_hit.any_response,84034887,100.00,,
     6.013284309,1035,,offcore_response.all_requests.llc_miss.any_response,84031412,100.00,,
     6.113500096,9203341,,offcore_response.all_requests.llc_hit.any_response,84545924,100.00,,
     6.113500096,841,,offcore_response.all_requests.llc_miss.any_response,84541432,100.00,,
     6.213714710,9078925,,offcore_response.all_requests.llc_hit.any_response,83970005,100.00,,
     6.213714710,1241,,offcore_response.all_requests.llc_miss.any_response,83961874,100.00,,
     6.313931617,9119598,,offcore_response.all_requests.llc_hit.any_response,84008483,100.00,,
     6.313931617,1134,,offcore_response.all_requests.llc_miss.any_response,84019146,100.00,,
     6.414147239,9091059,,offcore_response.all_requests.llc_hit.any_response,84195452,100.00,,
     6.414147239,1096,,offcore_response.all_requests.llc_miss.any_response,84208693,100.00,,
     6.514375201,9157544,,offcore_response.all_requests.llc_hit.any_response,84154023,100.00,,
     6.514375201,1175,,offcore_response.all_requests.llc_miss.any_response,84156374,100.00,,
     6.614596949,9132585,,offcore_response.all_requests.llc_hit.any_response,84082355,100.00,,
     6.614596949,1125,,offcore_response.all_requests.llc_miss.any_response,84055438,100.00,,
     6.714838949,9129501,,offcore_response.all_requests.llc_hit.any_response,84411935,100.00,,
     6.714838949,1370,,offcore_response.all_requests.llc_miss.any_response,84427966,100.00,,
     6.815054664,9116048,,offcore_response.all_requests.llc_hit.any_response,84662869,100.00,,
     6.815054664,1133,,offcore_response.all_requests.llc_miss.any_response,84662663,100.00,,
     6.915270239,9116337,,offcore_response.all_requests.llc_hit.any_response,84171769,100.00,,
     6.915270239,1151,,offcore_response.all_requests.llc_miss.any_response,84171648,100.00,,
     7.015493670,9058797,,offcore_response.all_requests.llc_hit.any_response,84105820,100.00,,
     7.015493670,1297,,offcore_response.all_requests.llc_miss.any_response,84112914,100.00,,
     7.115725311,9122598,,offcore_response.all_requests.llc_hit.any_response,84003243,100.00,,
     7.115725311,1039,,offcore_response.all_requests.llc_miss.any_response,84006383,100.00,,
     7.215951341,9206637,,offcore_response.all_requests.llc_hit.any_response,84624876,100.00,,
     7.215951341,1101,,offcore_response.all_requests.llc_miss.any_response,84615041,100.00,,
     7.316168083,9138589,,offcore_response.all_requests.llc_hit.any_response,84198252,100.00,,
     7.316168083,1037,,offcore_response.all_requests.llc_miss.any_response,84187365,100.00,,
     7.416340539,9013858,,offcore_response.all_requests.llc_hit.any_response,83600920,100.00,,
     7.416340539,1267,,offcore_response.all_requests.llc_miss.any_response,83586672,100.00,,
     7.516565567,9026441,,offcore_response.all_requests.llc_hit.any_response,83638959,100.00,,
     7.516565567,1053,,offcore_response.all_requests.llc_miss.any_response,83649563,100.00,,
     7.616742662,9033099,,offcore_response.all_requests.llc_hit.any_response,83304277,100.00,,
     7.616742662,917,,offcore_response.all_requests.llc_miss.any_response,83325774,100.00,,
     7.716966781,9102689,,offcore_response.all_requests.llc_hit.any_response,84191731,100.00,,
     7.716966781,1189,,offcore_response.all_requests.llc_miss.any_response,84192039,100.00,,
     7.817149866,9148555,,offcore_response.all_requests.llc_hit.any_response,84074127,100.00,,
     7.817149866,1297,,offcore_response.all_requests.llc_miss.any_response,84035201,100.00,,
     7.917360707,8543188,,offcore_response.all_requests.llc_hit.any_response,84873022,100.00,,
     7.917360707,809,,offcore_response.all_requests.llc_miss.any_response,84892909,100.00,,
     8.017576748,8982385,,offcore_response.all_requests.llc_hit.any_response,83840804,100.00,,
     8.017576748,904,,offcore_response.all_requests.llc_miss.any_response,83836173,100.00,,
     8.117793337,8933318,,offcore_response.all_requests.llc_hit.any_response,83871882,100.00,,
     8.117793337,1247,,offcore_response.all_requests.llc_miss.any_response,83872851,100.00,,
     8.218012231,8943834,,offcore_response.all_requests.llc_hit.any_response,84157437,100.00,,
     8.218012231,1224,,offcore_response.all_requests.llc_miss.any_response,84156804,100.00,,
     8.318238568,8862358,,offcore_response.all_requests.llc_hit.any_response,83632748,100.00,,
     8.318238568,1124,,offcore_response.all_requests.llc_miss.any_response,83648820,100.00,,
     8.418453721,8893056,,offcore_response.all_requests.llc_hit.any_response,84464060,100.00,,
     8.418453721,991,,offcore_response.all_requests.llc_miss.any_response,84456273,100.00,,
     8.518669424,8922095,,offcore_response.all_requests.llc_hit.any_response,84068967,100.00,,
     8.518669424,1057,,offcore_response.all_requests.llc_miss.any_response,84076835,100.00,,
     8.618886016,8956845,,offcore_response.all_requests.llc_hit.any_response,84381906,100.00,,
     8.618886016,1103,,offcore_response.all_requests.llc_miss.any_response,84366861,100.00,,
     8.719104369,8883636,,offcore_response.all_requests.llc_hit.any_response,83875805,100.00,,
     8.719104369,955,,offcore_response.all_requests.llc_miss.any_response,83888903,100.00,,
     8.819318732,8919776,,offcore_response.all_requests.llc_hit.any_response,84169872,100.00,,
     8.819318732,1060,,offcore_response.all_requests.llc_miss.any_response,84154977,100.00,,
     8.919551150,8933122,,offcore_response.all_requests.llc_hit.any_response,83748948,100.00,,
     8.919551150,859,,offcore_response.all_requests.llc_miss.any_response,83765619,100.00,,
     9.019768230,8504675,,offcore_response.all_requests.llc_hit.any_response,83056939,100.00,,
     9.019768230,732,,offcore_response.all_requests.llc_miss.any_response,83056983,100.00,,
     9.119984395,8667803,,offcore_response.all_requests.llc_hit.any_response,83452491,100.00,,
     9.119984395,927,,offcore_response.all_requests.llc_miss.any_response,83452587,100.00,,
     9.220202745,9095879,,offcore_response.all_requests.llc_hit.any_response,84444831,100.00,,
     9.220202745,1134,,offcore_response.all_requests.llc_miss.any_response,84444807,100.00,,
     9.320418983,9161058,,offcore_response.all_requests.llc_hit.any_response,84368410,100.00,,
     9.320418983,813,,offcore_response.all_requests.llc_miss.any_response,84360033,100.00,,
     9.420636443,9072873,,offcore_response.all_requests.llc_hit.any_response,83686701,100.00,,
     9.420636443,873,,offcore_response.all_requests.llc_miss.any_response,83679406,100.00,,
     9.520852517,9145407,,offcore_response.all_requests.llc_hit.any_response,84555615,100.00,,
     9.520852517,1023,,offcore_response.all_requests.llc_miss.any_response,84566281,100.00,,
     9.621067381,9092280,,offcore_response.all_requests.llc_hit.any_response,84502610,100.00,,
     9.621067381,1078,,offcore_response.all_requests.llc_miss.any_response,84507387,100.00,,
     9.721283285,9069628,,offcore_response.all_requests.llc_hit.any_response,84208509,100.00,,
     9.721283285,1205,,offcore_response.all_requests.llc_miss.any_response,84199450,100.00,,
     9.821498170,9108281,,offcore_response.all_requests.llc_hit.any_response,84038135,100.00,,
     9.821498170,770,,offcore_response.all_requests.llc_miss.any_response,84047355,100.00,,
     9.921718761,9071501,,offcore_response.all_requests.llc_hit.any_response,83566117,100.00,,
     9.921718761,810,,offcore_response.all_requests.llc_miss.any_response,83550651,100.00,,
    10.021937148,9082856,,offcore_response.all_requests.llc_hit.any_response,83898241,100.00,,
    10.021937148,763,,offcore_response.all_requests.llc_miss.any_response,83913446,100.00,,
    10.122157401,9113005,,offcore_response.all_requests.llc_hit.any_response,83863287,100.00,,
    10.122157401,834,,offcore_response.all_requests.llc_miss.any_response,83848674,100.00,,
    10.222374525,8670348,,offcore_response.all_requests.llc_hit.any_response,84167753,100.00,,
    10.222374525,752,,offcore_response.all_requests.llc_miss.any_response,84183079,100.00,,
    10.322591427,9641911,,offcore_response.all_requests.llc_hit.any_response,83973733,100.00,,
    10.322591427,790,,offcore_response.all_requests.llc_miss.any_response,83973491,100.00,,
    10.422810338,9590044,,offcore_response.all_requests.llc_hit.any_response,83903336,100.00,,
    10.422810338,996,,offcore_response.all_requests.llc_miss.any_response,83903035,100.00,,
    10.523026188,9589969,,offcore_response.all_requests.llc_hit.any_response,83455650,100.00,,
    10.523026188,1074,,offcore_response.all_requests.llc_miss.any_response,83455908,100.00,,
    10.623242977,8722061,,offcore_response.all_requests.llc_hit.any_response,83129187,100.00,,
    10.623242977,1070,,offcore_response.all_requests.llc_miss.any_response,83114783,100.00,,
    10.723465567,9143501,,offcore_response.all_requests.llc_hit.any_response,84433480,100.00,,
    10.723465567,1120,,offcore_response.all_requests.llc_miss.any_response,84448188,100.00,,
    10.823683080,9139806,,offcore_response.all_requests.llc_hit.any_response,84303635,100.00,,
    10.823683080,848,,offcore_response.all_requests.llc_miss.any_response,84302975,100.00,,
    10.923901710,8957647,,offcore_response.all_requests.llc_hit.any_response,83992634,100.00,,
    10.923901710,1141,,offcore_response.all_requests.llc_miss.any_response,83977942,100.00,,
    11.024139254,9640560,,offcore_response.all_requests.llc_hit.any_response,83856006,100.00,,
    11.024139254,1160,,offcore_response.all_requests.llc_miss.any_response,83870708,100.00,,
