# started on Mon May  1 18:18:51 2023

     0.100136692,94345696,,inst_retired.any,83226367,100.00,139.0,IpMispredict
     0.100136692,678640,,br_misp_retired.all_branches,83226367,100.00,,
     0.200353796,94546385,,inst_retired.any,83642767,100.00,138.9,IpMispredict
     0.200353796,682290,,br_misp_retired.all_branches,83642767,100.00,,
     0.300517684,94294003,,inst_retired.any,83069703,100.00,138.4,IpMispredict
     0.300517684,682750,,br_misp_retired.all_branches,83069703,100.00,,
     0.400688655,93319963,,inst_retired.any,83286064,100.00,137.3,IpMispredict
     0.400688655,674597,,br_misp_retired.all_branches,83286064,100.00,,
     0.500890972,94505945,,inst_retired.any,83664557,100.00,139.2,IpMispredict
     0.500890972,676429,,br_misp_retired.all_branches,83664557,100.00,,
     0.601099624,94616729,,inst_retired.any,83191386,100.00,139.4,IpMispredict
     0.601099624,677909,,br_misp_retired.all_branches,83191386,100.00,,
     0.701304095,95059179,,inst_retired.any,84333405,100.00,140.0,IpMispredict
     0.701304095,682025,,br_misp_retired.all_branches,84333405,100.00,,
     0.801511611,95667765,,inst_retired.any,84361489,100.00,140.7,IpMispredict
     0.801511611,686258,,br_misp_retired.all_branches,84361489,100.00,,
     0.901718793,95606734,,inst_retired.any,84080497,100.00,140.4,IpMispredict
     0.901718793,689075,,br_misp_retired.all_branches,84080497,100.00,,
     1.001924361,95080639,,inst_retired.any,83840458,100.00,139.6,IpMispredict
     1.001924361,681555,,br_misp_retired.all_branches,83840458,100.00,,
     1.102130804,95811531,,inst_retired.any,83917095,100.00,140.5,IpMispredict
     1.102130804,687772,,br_misp_retired.all_branches,83917095,100.00,,
     1.202336081,95449841,,inst_retired.any,83866748,100.00,140.0,IpMispredict
     1.202336081,684795,,br_misp_retired.all_branches,83866748,100.00,,
     1.302541816,94936483,,inst_retired.any,83764336,100.00,139.2,IpMispredict
     1.302541816,680127,,br_misp_retired.all_branches,83764336,100.00,,
     1.402745928,91677568,,inst_retired.any,83759848,100.00,134.7,IpMispredict
     1.402745928,666269,,br_misp_retired.all_branches,83759848,100.00,,
     1.502951228,97337043,,inst_retired.any,83755967,100.00,142.7,IpMispredict
     1.502951228,704632,,br_misp_retired.all_branches,83755967,100.00,,
     1.603158212,89619759,,inst_retired.any,83957575,100.00,131.7,IpMispredict
     1.603158212,648957,,br_misp_retired.all_branches,83957575,100.00,,
     1.703362260,94311319,,inst_retired.any,83177192,100.00,138.7,IpMispredict
     1.703362260,678680,,br_misp_retired.all_branches,83177192,100.00,,
     1.803566204,89019303,,inst_retired.any,84451160,100.00,131.1,IpMispredict
     1.803566204,655227,,br_misp_retired.all_branches,84451160,100.00,,
     1.903753335,99588021,,inst_retired.any,84182058,100.00,146.2,IpMispredict
     1.903753335,723581,,br_misp_retired.all_branches,84182058,100.00,,
     2.003937728,99454943,,inst_retired.any,84074062,100.00,145.6,IpMispredict
     2.003937728,720100,,br_misp_retired.all_branches,84074062,100.00,,
     2.104138631,98822313,,inst_retired.any,83662867,100.00,144.4,IpMispredict
     2.104138631,710731,,br_misp_retired.all_branches,83662867,100.00,,
     2.204343124,99145685,,inst_retired.any,83985603,100.00,144.6,IpMispredict
     2.204343124,716825,,br_misp_retired.all_branches,83985603,100.00,,
     2.304545317,99592527,,inst_retired.any,84057616,100.00,144.9,IpMispredict
     2.304545317,714910,,br_misp_retired.all_branches,84057616,100.00,,
     2.404745987,98704697,,inst_retired.any,83784276,100.00,143.5,IpMispredict
     2.404745987,709543,,br_misp_retired.all_branches,83784276,100.00,,
     2.504944528,99494279,,inst_retired.any,83766692,100.00,144.4,IpMispredict
     2.504944528,716862,,br_misp_retired.all_branches,83766692,100.00,,
     2.605144797,92962706,,inst_retired.any,83583559,100.00,135.0,IpMispredict
     2.605144797,673983,,br_misp_retired.all_branches,83583559,100.00,,
     2.705349553,95797515,,inst_retired.any,84087769,100.00,139.1,IpMispredict
     2.705349553,686906,,br_misp_retired.all_branches,84087769,100.00,,
     2.805577148,95816887,,inst_retired.any,84244664,100.00,139.1,IpMispredict
     2.805577148,689809,,br_misp_retired.all_branches,84244664,100.00,,
     2.905780942,92163645,,inst_retired.any,83709554,100.00,134.0,IpMispredict
     2.905780942,671974,,br_misp_retired.all_branches,83709554,100.00,,
     3.005979584,99464884,,inst_retired.any,84278814,100.00,144.3,IpMispredict
     3.005979584,718462,,br_misp_retired.all_branches,84278814,100.00,,
     3.106183367,99412609,,inst_retired.any,83991956,100.00,144.1,IpMispredict
     3.106183367,716048,,br_misp_retired.all_branches,83991956,100.00,,
     3.206382240,99360379,,inst_retired.any,83875393,100.00,143.9,IpMispredict
     3.206382240,714158,,br_misp_retired.all_branches,83875393,100.00,,
     3.306548159,98743392,,inst_retired.any,83646833,100.00,142.8,IpMispredict
     3.306548159,709789,,br_misp_retired.all_branches,83646833,100.00,,
     3.406759030,98946245,,inst_retired.any,84017646,100.00,143.0,IpMispredict
     3.406759030,709511,,br_misp_retired.all_branches,84017646,100.00,,
     3.506965887,98622528,,inst_retired.any,83035223,100.00,142.4,IpMispredict
     3.506965887,711049,,br_misp_retired.all_branches,83035223,100.00,,
     3.607173088,99248375,,inst_retired.any,83789898,100.00,143.2,IpMispredict
     3.607173088,714079,,br_misp_retired.all_branches,83789898,100.00,,
     3.707388974,100221789,,inst_retired.any,84148270,100.00,144.5,IpMispredict
     3.707388974,714910,,br_misp_retired.all_branches,84148270,100.00,,
     3.807595523,100083780,,inst_retired.any,84211684,100.00,144.2,IpMispredict
     3.807595523,720290,,br_misp_retired.all_branches,84211684,100.00,,
     3.907803680,99599215,,inst_retired.any,84146959,100.00,143.4,IpMispredict
     3.907803680,710868,,br_misp_retired.all_branches,84146959,100.00,,
     4.008017307,99757770,,inst_retired.any,84245912,100.00,143.5,IpMispredict
     4.008017307,717797,,br_misp_retired.all_branches,84245912,100.00,,
     4.108226313,100151134,,inst_retired.any,84095243,100.00,143.9,IpMispredict
     4.108226313,719490,,br_misp_retired.all_branches,84095243,100.00,,
     4.208436821,99636035,,inst_retired.any,83580009,100.00,143.1,IpMispredict
     4.208436821,718045,,br_misp_retired.all_branches,83580009,100.00,,
     4.308649640,99116142,,inst_retired.any,83395921,100.00,142.3,IpMispredict
     4.308649640,713224,,br_misp_retired.all_branches,83395921,100.00,,
     4.408860283,99852255,,inst_retired.any,84333886,100.00,143.2,IpMispredict
     4.408860283,722863,,br_misp_retired.all_branches,84333886,100.00,,
     4.509069756,99659439,,inst_retired.any,83763131,100.00,142.8,IpMispredict
     4.509069756,713987,,br_misp_retired.all_branches,83763131,100.00,,
     4.609279694,99590358,,inst_retired.any,83903030,100.00,142.6,IpMispredict
     4.609279694,716977,,br_misp_retired.all_branches,83903030,100.00,,
     4.709488600,99999056,,inst_retired.any,83896780,100.00,143.2,IpMispredict
     4.709488600,717189,,br_misp_retired.all_branches,83896780,100.00,,
     4.809697074,100040089,,inst_retired.any,84208317,100.00,143.1,IpMispredict
     4.809697074,719396,,br_misp_retired.all_branches,84208317,100.00,,
     4.909910123,99724536,,inst_retired.any,84521239,100.00,142.6,IpMispredict
     4.909910123,716138,,br_misp_retired.all_branches,84521239,100.00,,
     5.010124084,100151590,,inst_retired.any,84391900,100.00,143.1,IpMispredict
     5.010124084,717262,,br_misp_retired.all_branches,84391900,100.00,,
     5.110333794,99982214,,inst_retired.any,84465628,100.00,142.8,IpMispredict
     5.110333794,718236,,br_misp_retired.all_branches,84465628,100.00,,
     5.210543054,99857780,,inst_retired.any,84012054,100.00,142.6,IpMispredict
     5.210543054,714409,,br_misp_retired.all_branches,84012054,100.00,,
     5.310753396,100005522,,inst_retired.any,84223575,100.00,142.7,IpMispredict
     5.310753396,721294,,br_misp_retired.all_branches,84223575,100.00,,
     5.410963120,99629519,,inst_retired.any,84270830,100.00,142.1,IpMispredict
     5.410963120,721888,,br_misp_retired.all_branches,84270830,100.00,,
     5.511192349,95536219,,inst_retired.any,83356337,100.00,136.3,IpMispredict
     5.511192349,698130,,br_misp_retired.all_branches,83356337,100.00,,
     5.611409260,99793081,,inst_retired.any,84381234,100.00,142.3,IpMispredict
     5.611409260,721117,,br_misp_retired.all_branches,84381234,100.00,,
     5.711622122,99360081,,inst_retired.any,83767282,100.00,141.6,IpMispredict
     5.711622122,717860,,br_misp_retired.all_branches,83767282,100.00,,
     5.811832948,99591206,,inst_retired.any,83958239,100.00,141.9,IpMispredict
     5.811832948,720391,,br_misp_retired.all_branches,83958239,100.00,,
     5.912042937,99706239,,inst_retired.any,84129086,100.00,142.0,IpMispredict
     5.912042937,720782,,br_misp_retired.all_branches,84129086,100.00,,
     6.012251087,99930821,,inst_retired.any,84282944,100.00,142.2,IpMispredict
     6.012251087,723350,,br_misp_retired.all_branches,84282944,100.00,,
     6.112459370,99556674,,inst_retired.any,83759287,100.00,141.6,IpMispredict
     6.112459370,719105,,br_misp_retired.all_branches,83759287,100.00,,
     6.212663338,99791468,,inst_retired.any,84215028,100.00,141.9,IpMispredict
     6.212663338,720819,,br_misp_retired.all_branches,84215028,100.00,,
     6.312867500,99628070,,inst_retired.any,83979112,100.00,141.6,IpMispredict
     6.312867500,719229,,br_misp_retired.all_branches,83979112,100.00,,
     6.413074265,99540581,,inst_retired.any,83879108,100.00,141.4,IpMispredict
     6.413074265,721249,,br_misp_retired.all_branches,83879108,100.00,,
     6.513281731,99499087,,inst_retired.any,83917028,100.00,141.3,IpMispredict
     6.513281731,719362,,br_misp_retired.all_branches,83917028,100.00,,
     6.613486128,99901339,,inst_retired.any,84253889,100.00,141.8,IpMispredict
     6.613486128,723324,,br_misp_retired.all_branches,84253889,100.00,,
     6.713696429,99122901,,inst_retired.any,83750755,100.00,140.7,IpMispredict
     6.713696429,721402,,br_misp_retired.all_branches,83750755,100.00,,
     6.813899715,99953573,,inst_retired.any,84223384,100.00,141.8,IpMispredict
     6.813899715,723306,,br_misp_retired.all_branches,84223384,100.00,,
     6.914104998,99100447,,inst_retired.any,84340254,100.00,140.6,IpMispredict
     6.914104998,717477,,br_misp_retired.all_branches,84340254,100.00,,
     7.014311498,99476417,,inst_retired.any,84266511,100.00,141.1,IpMispredict
     7.014311498,718061,,br_misp_retired.all_branches,84266511,100.00,,
     7.114519614,99453652,,inst_retired.any,83893851,100.00,141.0,IpMispredict
     7.114519614,714423,,br_misp_retired.all_branches,83893851,100.00,,
     7.214732268,98503378,,inst_retired.any,83428388,100.00,139.6,IpMispredict
     7.214732268,715783,,br_misp_retired.all_branches,83428388,100.00,,
     7.314939460,97801706,,inst_retired.any,82986577,100.00,138.6,IpMispredict
     7.314939460,708988,,br_misp_retired.all_branches,82986577,100.00,,
     7.415150633,97850377,,inst_retired.any,83173628,100.00,138.7,IpMispredict
     7.415150633,707808,,br_misp_retired.all_branches,83173628,100.00,,
     7.515366605,98458303,,inst_retired.any,83256477,100.00,139.5,IpMispredict
     7.515366605,711130,,br_misp_retired.all_branches,83256477,100.00,,
     7.615577602,97702299,,inst_retired.any,82165746,100.00,138.5,IpMispredict
     7.615577602,703230,,br_misp_retired.all_branches,82165746,100.00,,
     7.715786580,97749260,,inst_retired.any,82086402,100.00,138.5,IpMispredict
     7.715786580,708876,,br_misp_retired.all_branches,82086402,100.00,,
     7.815996539,96956746,,inst_retired.any,81575306,100.00,137.4,IpMispredict
     7.815996539,696798,,br_misp_retired.all_branches,81575306,100.00,,
     7.916208567,97872540,,inst_retired.any,82427719,100.00,138.7,IpMispredict
     7.916208567,701606,,br_misp_retired.all_branches,82427719,100.00,,
     8.016418282,97607313,,inst_retired.any,82256406,100.00,138.4,IpMispredict
     8.016418282,701640,,br_misp_retired.all_branches,82256406,100.00,,
     8.116627237,97848460,,inst_retired.any,82342182,100.00,138.7,IpMispredict
     8.116627237,701016,,br_misp_retired.all_branches,82342182,100.00,,
     8.216835253,97745879,,inst_retired.any,82522029,100.00,138.6,IpMispredict
     8.216835253,700218,,br_misp_retired.all_branches,82522029,100.00,,
     8.317067720,98129727,,inst_retired.any,82467354,100.00,139.1,IpMispredict
     8.317067720,699814,,br_misp_retired.all_branches,82467354,100.00,,
     8.417275535,97798063,,inst_retired.any,82396372,100.00,138.7,IpMispredict
     8.417275535,700689,,br_misp_retired.all_branches,82396372,100.00,,
     8.517486860,97861207,,inst_retired.any,82120933,100.00,138.8,IpMispredict
     8.517486860,699098,,br_misp_retired.all_branches,82120933,100.00,,
     8.617696634,97887440,,inst_retired.any,82323303,100.00,138.8,IpMispredict
     8.617696634,702268,,br_misp_retired.all_branches,82323303,100.00,,
     8.717906340,97769058,,inst_retired.any,82093220,100.00,138.7,IpMispredict
     8.717906340,702152,,br_misp_retired.all_branches,82093220,100.00,,
     8.818116489,98088281,,inst_retired.any,82469698,100.00,139.1,IpMispredict
     8.818116489,703983,,br_misp_retired.all_branches,82469698,100.00,,
     8.918325631,97413911,,inst_retired.any,82096346,100.00,138.2,IpMispredict
     8.918325631,701598,,br_misp_retired.all_branches,82096346,100.00,,
     9.018535195,97125143,,inst_retired.any,81873050,100.00,137.8,IpMispredict
     9.018535195,691977,,br_misp_retired.all_branches,81873050,100.00,,
     9.118747831,98228371,,inst_retired.any,82189364,100.00,139.4,IpMispredict
     9.118747831,701540,,br_misp_retired.all_branches,82189364,100.00,,
     9.218957111,97760135,,inst_retired.any,82434889,100.00,138.7,IpMispredict
     9.218957111,700886,,br_misp_retired.all_branches,82434889,100.00,,
     9.319165068,97946172,,inst_retired.any,82278965,100.00,139.0,IpMispredict
     9.319165068,701132,,br_misp_retired.all_branches,82278965,100.00,,
     9.419371921,97800577,,inst_retired.any,82581936,100.00,138.8,IpMispredict
     9.419371921,705300,,br_misp_retired.all_branches,82581936,100.00,,
     9.519540683,96980860,,inst_retired.any,81491662,100.00,137.6,IpMispredict
     9.519540683,698443,,br_misp_retired.all_branches,81491662,100.00,,
     9.619749165,97435327,,inst_retired.any,82123903,100.00,138.3,IpMispredict
     9.619749165,700333,,br_misp_retired.all_branches,82123903,100.00,,
     9.719956924,98331961,,inst_retired.any,82717223,100.00,139.5,IpMispredict
     9.719956924,710591,,br_misp_retired.all_branches,82717223,100.00,,
     9.820165641,97442751,,inst_retired.any,81941204,100.00,138.3,IpMispredict
     9.820165641,702404,,br_misp_retired.all_branches,81941204,100.00,,
     9.920374116,98196059,,inst_retired.any,82922349,100.00,139.3,IpMispredict
     9.920374116,705916,,br_misp_retired.all_branches,82922349,100.00,,
    10.020586843,97146474,,inst_retired.any,82009782,100.00,137.9,IpMispredict
    10.020586843,697659,,br_misp_retired.all_branches,82009782,100.00,,
    10.120799911,97550263,,inst_retired.any,81967997,100.00,138.4,IpMispredict
    10.120799911,706087,,br_misp_retired.all_branches,81967997,100.00,,
    10.221010066,97437931,,inst_retired.any,82471320,100.00,138.3,IpMispredict
    10.221010066,702638,,br_misp_retired.all_branches,82471320,100.00,,
    10.321218417,97751014,,inst_retired.any,82432284,100.00,138.7,IpMispredict
    10.321218417,698681,,br_misp_retired.all_branches,82432284,100.00,,
    10.421425685,98211297,,inst_retired.any,83000284,100.00,139.4,IpMispredict
    10.421425685,706215,,br_misp_retired.all_branches,83000284,100.00,,
    10.521633464,98002527,,inst_retired.any,82278099,100.00,139.1,IpMispredict
    10.521633464,703693,,br_misp_retired.all_branches,82278099,100.00,,
    10.621841942,97532823,,inst_retired.any,82123236,100.00,138.4,IpMispredict
    10.621841942,700459,,br_misp_retired.all_branches,82123236,100.00,,
    10.722048073,90516945,,inst_retired.any,84178667,100.00,128.5,IpMispredict
    10.722048073,664330,,br_misp_retired.all_branches,84178667,100.00,,
    10.822252284,90486744,,inst_retired.any,83695462,100.00,128.6,IpMispredict
    10.822252284,660966,,br_misp_retired.all_branches,83695462,100.00,,
    10.922462994,99632270,,inst_retired.any,84118635,100.00,141.5,IpMispredict
    10.922462994,726461,,br_misp_retired.all_branches,84118635,100.00,,
    11.022692069,100270351,,inst_retired.any,84271072,100.00,142.4,IpMispredict
    11.022692069,726339,,br_misp_retired.all_branches,84271072,100.00,,
