# started on Mon May  1 16:21:38 2023

     0.100183129,7039901,,offcore_response.all_requests.llc_hit.any_response,66360713,100.00,,
     0.100183129,112852,,offcore_response.all_requests.llc_miss.any_response,66352523,100.00,,
     0.200416482,7118961,,offcore_response.all_requests.llc_hit.any_response,67272590,100.00,,
     0.200416482,114107,,offcore_response.all_requests.llc_miss.any_response,67272631,100.00,,
     0.300610562,7176789,,offcore_response.all_requests.llc_hit.any_response,67602320,100.00,,
     0.300610562,114107,,offcore_response.all_requests.llc_miss.any_response,67598699,100.00,,
     0.400806613,7430397,,offcore_response.all_requests.llc_hit.any_response,69210616,100.00,,
     0.400806613,114418,,offcore_response.all_requests.llc_miss.any_response,69208931,100.00,,
     0.501001735,7069632,,offcore_response.all_requests.llc_hit.any_response,66586510,100.00,,
     0.501001735,113136,,offcore_response.all_requests.llc_miss.any_response,66591218,100.00,,
     0.601199589,7324625,,offcore_response.all_requests.llc_hit.any_response,68871235,100.00,,
     0.601199589,114612,,offcore_response.all_requests.llc_miss.any_response,68871249,100.00,,
     0.701393643,7257318,,offcore_response.all_requests.llc_hit.any_response,67609611,100.00,,
     0.701393643,114267,,offcore_response.all_requests.llc_miss.any_response,67609242,100.00,,
     0.801588354,6987655,,offcore_response.all_requests.llc_hit.any_response,65586566,100.00,,
     0.801588354,113948,,offcore_response.all_requests.llc_miss.any_response,65565809,100.00,,
     0.901778347,7267022,,offcore_response.all_requests.llc_hit.any_response,68364077,100.00,,
     0.901778347,115707,,offcore_response.all_requests.llc_miss.any_response,68381670,100.00,,
     1.001975858,7330994,,offcore_response.all_requests.llc_hit.any_response,67815336,100.00,,
     1.001975858,113367,,offcore_response.all_requests.llc_miss.any_response,67797743,100.00,,
     1.102164542,7256391,,offcore_response.all_requests.llc_hit.any_response,67648138,100.00,,
     1.102164542,114387,,offcore_response.all_requests.llc_miss.any_response,67648138,100.00,,
     1.202356470,7131922,,offcore_response.all_requests.llc_hit.any_response,66912639,100.00,,
     1.202356470,112277,,offcore_response.all_requests.llc_miss.any_response,66933977,100.00,,
     1.302550068,7259783,,offcore_response.all_requests.llc_hit.any_response,67962406,100.00,,
     1.302550068,115493,,offcore_response.all_requests.llc_miss.any_response,67941068,100.00,,
     1.402737452,7234938,,offcore_response.all_requests.llc_hit.any_response,68241673,100.00,,
     1.402737452,114275,,offcore_response.all_requests.llc_miss.any_response,68259736,100.00,,
     1.502937124,7320498,,offcore_response.all_requests.llc_hit.any_response,68502613,100.00,,
     1.502937124,114244,,offcore_response.all_requests.llc_miss.any_response,68505169,100.00,,
     1.603131304,7208277,,offcore_response.all_requests.llc_hit.any_response,67613559,100.00,,
     1.603131304,114199,,offcore_response.all_requests.llc_miss.any_response,67613975,100.00,,
     1.703330593,7245048,,offcore_response.all_requests.llc_hit.any_response,67184632,100.00,,
     1.703330593,114640,,offcore_response.all_requests.llc_miss.any_response,67178675,100.00,,
     1.803526223,7161322,,offcore_response.all_requests.llc_hit.any_response,67314265,100.00,,
     1.803526223,113252,,offcore_response.all_requests.llc_miss.any_response,67320592,100.00,,
     1.903725989,7206519,,offcore_response.all_requests.llc_hit.any_response,69021161,100.00,,
     1.903725989,114289,,offcore_response.all_requests.llc_miss.any_response,69014513,100.00,,
     2.003918655,7293460,,offcore_response.all_requests.llc_hit.any_response,68144587,100.00,,
     2.003918655,114062,,offcore_response.all_requests.llc_miss.any_response,68151081,100.00,,
     2.104113316,7257394,,offcore_response.all_requests.llc_hit.any_response,68417993,100.00,,
     2.104113316,114219,,offcore_response.all_requests.llc_miss.any_response,68417214,100.00,,
     2.204306601,7241087,,offcore_response.all_requests.llc_hit.any_response,67877541,100.00,,
     2.204306601,115219,,offcore_response.all_requests.llc_miss.any_response,67857069,100.00,,
     2.304516277,7164574,,offcore_response.all_requests.llc_hit.any_response,67015811,100.00,,
     2.304516277,111964,,offcore_response.all_requests.llc_miss.any_response,67015811,100.00,,
     2.404703721,7130033,,offcore_response.all_requests.llc_hit.any_response,67401928,100.00,,
     2.404703721,114828,,offcore_response.all_requests.llc_miss.any_response,67423162,100.00,,
     2.504897646,7228839,,offcore_response.all_requests.llc_hit.any_response,67614822,100.00,,
     2.504897646,114135,,offcore_response.all_requests.llc_miss.any_response,67611441,100.00,,
     2.605094231,7203488,,offcore_response.all_requests.llc_hit.any_response,67434240,100.00,,
     2.605094231,115606,,offcore_response.all_requests.llc_miss.any_response,67437500,100.00,,
     2.705289548,7125090,,offcore_response.all_requests.llc_hit.any_response,67324327,100.00,,
     2.705289548,112889,,offcore_response.all_requests.llc_miss.any_response,67303214,100.00,,
     2.805482738,7170831,,offcore_response.all_requests.llc_hit.any_response,67399709,100.00,,
     2.805482738,116208,,offcore_response.all_requests.llc_miss.any_response,67399709,100.00,,
     2.905670957,7307733,,offcore_response.all_requests.llc_hit.any_response,67672814,100.00,,
     2.905670957,115182,,offcore_response.all_requests.llc_miss.any_response,67693568,100.00,,
     3.005868419,7243565,,offcore_response.all_requests.llc_hit.any_response,67495391,100.00,,
     3.005868419,113134,,offcore_response.all_requests.llc_miss.any_response,67480703,100.00,,
     3.106065906,7106847,,offcore_response.all_requests.llc_hit.any_response,66729605,100.00,,
     3.106065906,112795,,offcore_response.all_requests.llc_miss.any_response,66731896,100.00,,
     3.206260580,7267859,,offcore_response.all_requests.llc_hit.any_response,67931592,100.00,,
     3.206260580,115728,,offcore_response.all_requests.llc_miss.any_response,67923235,100.00,,
     3.306453784,7299974,,offcore_response.all_requests.llc_hit.any_response,68051933,100.00,,
     3.306453784,114779,,offcore_response.all_requests.llc_miss.any_response,68072668,100.00,,
     3.406646440,7178449,,offcore_response.all_requests.llc_hit.any_response,67137180,100.00,,
     3.406646440,114072,,offcore_response.all_requests.llc_miss.any_response,67137531,100.00,,
     3.506844743,7447101,,offcore_response.all_requests.llc_hit.any_response,68302738,100.00,,
     3.506844743,114644,,offcore_response.all_requests.llc_miss.any_response,68302365,100.00,,
     3.607039116,7108265,,offcore_response.all_requests.llc_hit.any_response,66690907,100.00,,
     3.607039116,112635,,offcore_response.all_requests.llc_miss.any_response,66670194,100.00,,
     3.707229287,7069229,,offcore_response.all_requests.llc_hit.any_response,66600483,100.00,,
     3.707229287,113310,,offcore_response.all_requests.llc_miss.any_response,66600483,100.00,,
     3.807417747,7502881,,offcore_response.all_requests.llc_hit.any_response,70013395,100.00,,
     3.807417747,115935,,offcore_response.all_requests.llc_miss.any_response,70013395,100.00,,
     3.907606173,7161848,,offcore_response.all_requests.llc_hit.any_response,67576992,100.00,,
     3.907606173,111859,,offcore_response.all_requests.llc_miss.any_response,67592265,100.00,,
     4.007832731,7445595,,offcore_response.all_requests.llc_hit.any_response,69291247,100.00,,
     4.007832731,115095,,offcore_response.all_requests.llc_miss.any_response,69275974,100.00,,
     4.108022343,7357436,,offcore_response.all_requests.llc_hit.any_response,68810238,100.00,,
     4.108022343,114099,,offcore_response.all_requests.llc_miss.any_response,68831893,100.00,,
     4.208216944,7086943,,offcore_response.all_requests.llc_hit.any_response,65422147,100.00,,
     4.208216944,112271,,offcore_response.all_requests.llc_miss.any_response,65421696,100.00,,
     4.308410943,7126268,,offcore_response.all_requests.llc_hit.any_response,67513285,100.00,,
     4.308410943,115168,,offcore_response.all_requests.llc_miss.any_response,67512751,100.00,,
     4.408622911,7124773,,offcore_response.all_requests.llc_hit.any_response,67868818,100.00,,
     4.408622911,113931,,offcore_response.all_requests.llc_miss.any_response,67862591,100.00,,
     4.508813703,7175392,,offcore_response.all_requests.llc_hit.any_response,67575368,100.00,,
     4.508813703,114705,,offcore_response.all_requests.llc_miss.any_response,67581729,100.00,,
     4.609007522,7277515,,offcore_response.all_requests.llc_hit.any_response,67665913,100.00,,
     4.609007522,114269,,offcore_response.all_requests.llc_miss.any_response,67645109,100.00,,
     4.709195895,7161984,,offcore_response.all_requests.llc_hit.any_response,67002488,100.00,,
     4.709195895,114046,,offcore_response.all_requests.llc_miss.any_response,67021000,100.00,,
     4.809394832,7149408,,offcore_response.all_requests.llc_hit.any_response,67099860,100.00,,
     4.809394832,112160,,offcore_response.all_requests.llc_miss.any_response,67102637,100.00,,
     4.909590289,7211289,,offcore_response.all_requests.llc_hit.any_response,67714849,100.00,,
     4.909590289,115987,,offcore_response.all_requests.llc_miss.any_response,67709112,100.00,,
     5.009783479,7328621,,offcore_response.all_requests.llc_hit.any_response,67479300,100.00,,
     5.009783479,115617,,offcore_response.all_requests.llc_miss.any_response,67484989,100.00,,
     5.109979295,7087961,,offcore_response.all_requests.llc_hit.any_response,66250577,100.00,,
     5.109979295,113614,,offcore_response.all_requests.llc_miss.any_response,66250548,100.00,,
     5.210175544,7179507,,offcore_response.all_requests.llc_hit.any_response,67767083,100.00,,
     5.210175544,114771,,offcore_response.all_requests.llc_miss.any_response,67766972,100.00,,
     5.310370040,7282585,,offcore_response.all_requests.llc_hit.any_response,67819768,100.00,,
     5.310370040,114062,,offcore_response.all_requests.llc_miss.any_response,67819164,100.00,,
     5.410563489,7189817,,offcore_response.all_requests.llc_hit.any_response,67066126,100.00,,
     5.410563489,113961,,offcore_response.all_requests.llc_miss.any_response,67060917,100.00,,
     5.510759477,7064121,,offcore_response.all_requests.llc_hit.any_response,67880112,100.00,,
     5.510759477,113652,,offcore_response.all_requests.llc_miss.any_response,67886261,100.00,,
     5.610954083,7301941,,offcore_response.all_requests.llc_hit.any_response,68828769,100.00,,
     5.610954083,115054,,offcore_response.all_requests.llc_miss.any_response,68828430,100.00,,
     5.711149225,7236098,,offcore_response.all_requests.llc_hit.any_response,66929254,100.00,,
     5.711149225,113819,,offcore_response.all_requests.llc_miss.any_response,66908156,100.00,,
     5.811339997,7165786,,offcore_response.all_requests.llc_hit.any_response,67978834,100.00,,
     5.811339997,114560,,offcore_response.all_requests.llc_miss.any_response,68000577,100.00,,
     5.911534932,7252566,,offcore_response.all_requests.llc_hit.any_response,67098140,100.00,,
     5.911534932,112653,,offcore_response.all_requests.llc_miss.any_response,67097729,100.00,,
     6.011729569,7065995,,offcore_response.all_requests.llc_hit.any_response,67561155,100.00,,
     6.011729569,114234,,offcore_response.all_requests.llc_miss.any_response,67557559,100.00,,
     6.111927862,7357575,,offcore_response.all_requests.llc_hit.any_response,68039958,100.00,,
     6.111927862,113494,,offcore_response.all_requests.llc_miss.any_response,68022222,100.00,,
     6.212119696,7334809,,offcore_response.all_requests.llc_hit.any_response,68457647,100.00,,
     6.212119696,114525,,offcore_response.all_requests.llc_miss.any_response,68471847,100.00,,
     6.312313077,7388221,,offcore_response.all_requests.llc_hit.any_response,68132006,100.00,,
     6.312313077,113862,,offcore_response.all_requests.llc_miss.any_response,68126200,100.00,,
     6.412503839,7278010,,offcore_response.all_requests.llc_hit.any_response,67864984,100.00,,
     6.412503839,114021,,offcore_response.all_requests.llc_miss.any_response,67856590,100.00,,
     6.512699856,7199839,,offcore_response.all_requests.llc_hit.any_response,67406646,100.00,,
     6.512699856,113604,,offcore_response.all_requests.llc_miss.any_response,67427440,100.00,,
     6.612916608,7256323,,offcore_response.all_requests.llc_hit.any_response,67644584,100.00,,
     6.612916608,112361,,offcore_response.all_requests.llc_miss.any_response,67643380,100.00,,
     6.713121232,7471601,,offcore_response.all_requests.llc_hit.any_response,68746056,100.00,,
     6.713121232,115363,,offcore_response.all_requests.llc_miss.any_response,68747419,100.00,,
     6.813314850,7238092,,offcore_response.all_requests.llc_hit.any_response,68469484,100.00,,
     6.813314850,112159,,offcore_response.all_requests.llc_miss.any_response,68470595,100.00,,
     6.913513460,7250399,,offcore_response.all_requests.llc_hit.any_response,67564268,100.00,,
     6.913513460,114453,,offcore_response.all_requests.llc_miss.any_response,67542204,100.00,,
     7.013706591,7237076,,offcore_response.all_requests.llc_hit.any_response,67255913,100.00,,
     7.013706591,114334,,offcore_response.all_requests.llc_miss.any_response,67277197,100.00,,
     7.113866661,7170310,,offcore_response.all_requests.llc_hit.any_response,67822657,100.00,,
     7.113866661,112886,,offcore_response.all_requests.llc_miss.any_response,67817095,100.00,,
     7.214018503,7211289,,offcore_response.all_requests.llc_hit.any_response,67031612,100.00,,
     7.214018503,113907,,offcore_response.all_requests.llc_miss.any_response,67030448,100.00,,
     7.314210072,7443494,,offcore_response.all_requests.llc_hit.any_response,69340892,100.00,,
     7.314210072,114038,,offcore_response.all_requests.llc_miss.any_response,69340271,100.00,,
     7.414399040,7340901,,offcore_response.all_requests.llc_hit.any_response,67741072,100.00,,
     7.414399040,113353,,offcore_response.all_requests.llc_miss.any_response,67748259,100.00,,
     7.514593550,7161617,,offcore_response.all_requests.llc_hit.any_response,67520972,100.00,,
     7.514593550,114369,,offcore_response.all_requests.llc_miss.any_response,67499848,100.00,,
     7.614782067,7405089,,offcore_response.all_requests.llc_hit.any_response,68164331,100.00,,
     7.614782067,114663,,offcore_response.all_requests.llc_miss.any_response,68164331,100.00,,
     7.714971429,7442208,,offcore_response.all_requests.llc_hit.any_response,68611534,100.00,,
     7.714971429,115367,,offcore_response.all_requests.llc_miss.any_response,68611534,100.00,,
     7.815159447,7119762,,offcore_response.all_requests.llc_hit.any_response,66727706,100.00,,
     7.815159447,113617,,offcore_response.all_requests.llc_miss.any_response,66727706,100.00,,
     7.915349490,7022866,,offcore_response.all_requests.llc_hit.any_response,67634440,100.00,,
     7.915349490,113369,,offcore_response.all_requests.llc_miss.any_response,67655181,100.00,,
     8.015545148,7103742,,offcore_response.all_requests.llc_hit.any_response,66538739,100.00,,
     8.015545148,114747,,offcore_response.all_requests.llc_miss.any_response,66539616,100.00,,
     8.115740640,7117991,,offcore_response.all_requests.llc_hit.any_response,66394728,100.00,,
     8.115740640,113166,,offcore_response.all_requests.llc_miss.any_response,66373110,100.00,,
     8.215927633,7240955,,offcore_response.all_requests.llc_hit.any_response,69721395,100.00,,
     8.215927633,114917,,offcore_response.all_requests.llc_miss.any_response,69742652,100.00,,
     8.316122888,7180945,,offcore_response.all_requests.llc_hit.any_response,67845244,100.00,,
     8.316122888,113557,,offcore_response.all_requests.llc_miss.any_response,67823987,100.00,,
     8.416319293,7032025,,offcore_response.all_requests.llc_hit.any_response,67215717,100.00,,
     8.416319293,113773,,offcore_response.all_requests.llc_miss.any_response,67237070,100.00,,
     8.516517281,7309647,,offcore_response.all_requests.llc_hit.any_response,67565222,100.00,,
     8.516517281,114570,,offcore_response.all_requests.llc_miss.any_response,67564408,100.00,,
     8.616711561,7224639,,offcore_response.all_requests.llc_hit.any_response,67326683,100.00,,
     8.616711561,113435,,offcore_response.all_requests.llc_miss.any_response,67327397,100.00,,
     8.716907938,7224756,,offcore_response.all_requests.llc_hit.any_response,67335508,100.00,,
     8.716907938,112977,,offcore_response.all_requests.llc_miss.any_response,67314255,100.00,,
     8.817121109,7342750,,offcore_response.all_requests.llc_hit.any_response,68246794,100.00,,
     8.817121109,116037,,offcore_response.all_requests.llc_miss.any_response,68252513,100.00,,
     8.917323154,7090898,,offcore_response.all_requests.llc_hit.any_response,66382216,100.00,,
     8.917323154,114249,,offcore_response.all_requests.llc_miss.any_response,66376497,100.00,,
     9.017510057,7283589,,offcore_response.all_requests.llc_hit.any_response,68218682,100.00,,
     9.017510057,114490,,offcore_response.all_requests.llc_miss.any_response,68241268,100.00,,
     9.117707610,7188982,,offcore_response.all_requests.llc_hit.any_response,68372991,100.00,,
     9.117707610,113814,,offcore_response.all_requests.llc_miss.any_response,68371541,100.00,,
     9.217903247,7346194,,offcore_response.all_requests.llc_hit.any_response,68655955,100.00,,
     9.217903247,115429,,offcore_response.all_requests.llc_miss.any_response,68634819,100.00,,
     9.318092054,7406038,,offcore_response.all_requests.llc_hit.any_response,68263194,100.00,,
     9.318092054,113366,,offcore_response.all_requests.llc_miss.any_response,68283598,100.00,,
     9.418285164,7370538,,offcore_response.all_requests.llc_hit.any_response,68093960,100.00,,
     9.418285164,114328,,offcore_response.all_requests.llc_miss.any_response,68094705,100.00,,
     9.518480473,7230372,,offcore_response.all_requests.llc_hit.any_response,67296363,100.00,,
     9.518480473,113539,,offcore_response.all_requests.llc_miss.any_response,67296142,100.00,,
     9.618673864,7259381,,offcore_response.all_requests.llc_hit.any_response,68177156,100.00,,
     9.618673864,113543,,offcore_response.all_requests.llc_miss.any_response,68177621,100.00,,
     9.718869607,7500317,,offcore_response.all_requests.llc_hit.any_response,69565316,100.00,,
     9.718869607,114713,,offcore_response.all_requests.llc_miss.any_response,69564743,100.00,,
     9.819063186,7307792,,offcore_response.all_requests.llc_hit.any_response,67820734,100.00,,
     9.819063186,113995,,offcore_response.all_requests.llc_miss.any_response,67813629,100.00,,
     9.919256696,7233310,,offcore_response.all_requests.llc_hit.any_response,68345738,100.00,,
     9.919256696,113988,,offcore_response.all_requests.llc_miss.any_response,68352963,100.00,,
    10.019449987,7126140,,offcore_response.all_requests.llc_hit.any_response,66535901,100.00,,
    10.019449987,112747,,offcore_response.all_requests.llc_miss.any_response,66514961,100.00,,
    10.119639750,6946821,,offcore_response.all_requests.llc_hit.any_response,66659898,100.00,,
    10.119639750,113146,,offcore_response.all_requests.llc_miss.any_response,66674103,100.00,,
    10.219863130,7170941,,offcore_response.all_requests.llc_hit.any_response,67659371,100.00,,
    10.219863130,115593,,offcore_response.all_requests.llc_miss.any_response,67666317,100.00,,
    10.320058509,7259348,,offcore_response.all_requests.llc_hit.any_response,67294260,100.00,,
    10.320058509,114580,,offcore_response.all_requests.llc_miss.any_response,67287310,100.00,,
    10.420249970,7040480,,offcore_response.all_requests.llc_hit.any_response,66591071,100.00,,
    10.420249970,113399,,offcore_response.all_requests.llc_miss.any_response,66576870,100.00,,
    10.520440080,7134366,,offcore_response.all_requests.llc_hit.any_response,66712233,100.00,,
    10.520440080,115602,,offcore_response.all_requests.llc_miss.any_response,66712233,100.00,,
    10.620629020,7175521,,offcore_response.all_requests.llc_hit.any_response,66687774,100.00,,
    10.620629020,113907,,offcore_response.all_requests.llc_miss.any_response,66703392,100.00,,
    10.720823310,7143259,,offcore_response.all_requests.llc_hit.any_response,67577594,100.00,,
    10.720823310,114539,,offcore_response.all_requests.llc_miss.any_response,67561976,100.00,,
    10.821011335,7169848,,offcore_response.all_requests.llc_hit.any_response,67555569,100.00,,
    10.821011335,114203,,offcore_response.all_requests.llc_miss.any_response,67576879,100.00,,
    10.921227693,7019726,,offcore_response.all_requests.llc_hit.any_response,66779510,100.00,,
    10.921227693,113991,,offcore_response.all_requests.llc_miss.any_response,66758200,100.00,,
    11.021419343,7204027,,offcore_response.all_requests.llc_hit.any_response,66819921,100.00,,
    11.021419343,112437,,offcore_response.all_requests.llc_miss.any_response,66841429,100.00,,
