# started on Tue May  2 13:12:30 2023

     0.100176410,5914379,,offcore_response.all_requests.llc_hit.any_response,49801593,100.00,,
     0.100176410,229,,offcore_response.all_requests.llc_miss.any_response,49776208,100.00,,
     0.200378987,5828725,,offcore_response.all_requests.llc_hit.any_response,49117218,100.00,,
     0.200378987,221,,offcore_response.all_requests.llc_miss.any_response,49116844,100.00,,
     0.300567558,5906260,,offcore_response.all_requests.llc_hit.any_response,50052854,100.00,,
     0.300567558,254,,offcore_response.all_requests.llc_miss.any_response,50061646,100.00,,
     0.400759088,5901268,,offcore_response.all_requests.llc_hit.any_response,50077743,100.00,,
     0.400759088,261,,offcore_response.all_requests.llc_miss.any_response,50074105,100.00,,
     0.500958573,5875741,,offcore_response.all_requests.llc_hit.any_response,49780942,100.00,,
     0.500958573,308,,offcore_response.all_requests.llc_miss.any_response,49770390,100.00,,
     0.601154154,5841316,,offcore_response.all_requests.llc_hit.any_response,49296629,100.00,,
     0.601154154,285,,offcore_response.all_requests.llc_miss.any_response,49296629,100.00,,
     0.701350459,5856009,,offcore_response.all_requests.llc_hit.any_response,49497037,100.00,,
     0.701350459,438,,offcore_response.all_requests.llc_miss.any_response,49519868,100.00,,
     0.801550158,5927775,,offcore_response.all_requests.llc_hit.any_response,49872099,100.00,,
     0.801550158,348,,offcore_response.all_requests.llc_miss.any_response,49849268,100.00,,
     0.901747181,5788930,,offcore_response.all_requests.llc_hit.any_response,49034373,100.00,,
     0.901747181,242,,offcore_response.all_requests.llc_miss.any_response,49034373,100.00,,
     1.001943395,5908815,,offcore_response.all_requests.llc_hit.any_response,50010227,100.00,,
     1.001943395,360,,offcore_response.all_requests.llc_miss.any_response,50033315,100.00,,
     1.102142107,5901657,,offcore_response.all_requests.llc_hit.any_response,49870313,100.00,,
     1.102142107,227,,offcore_response.all_requests.llc_miss.any_response,49870053,100.00,,
     1.202339978,5851778,,offcore_response.all_requests.llc_hit.any_response,49230470,100.00,,
     1.202339978,213,,offcore_response.all_requests.llc_miss.any_response,49207642,100.00,,
     1.302537332,5901374,,offcore_response.all_requests.llc_hit.any_response,49685396,100.00,,
     1.302537332,227,,offcore_response.all_requests.llc_miss.any_response,49693694,100.00,,
     1.402739624,5850531,,offcore_response.all_requests.llc_hit.any_response,49274281,100.00,,
     1.402739624,161,,offcore_response.all_requests.llc_miss.any_response,49265983,100.00,,
     1.502942747,5838615,,offcore_response.all_requests.llc_hit.any_response,49481435,100.00,,
     1.502942747,305,,offcore_response.all_requests.llc_miss.any_response,49504252,100.00,,
     1.603140730,5875568,,offcore_response.all_requests.llc_hit.any_response,49837232,100.00,,
     1.603140730,323,,offcore_response.all_requests.llc_miss.any_response,49837420,100.00,,
     1.703340127,5776094,,offcore_response.all_requests.llc_hit.any_response,49069050,100.00,,
     1.703340127,400,,offcore_response.all_requests.llc_miss.any_response,49046045,100.00,,
     1.803569810,5886748,,offcore_response.all_requests.llc_hit.any_response,49689318,100.00,,
     1.803569810,333,,offcore_response.all_requests.llc_miss.any_response,49712141,100.00,,
     1.903768873,5849163,,offcore_response.all_requests.llc_hit.any_response,49320240,100.00,,
     1.903768873,281,,offcore_response.all_requests.llc_miss.any_response,49297417,100.00,,
     2.003964064,5917433,,offcore_response.all_requests.llc_hit.any_response,49726828,100.00,,
     2.003964064,330,,offcore_response.all_requests.llc_miss.any_response,49749824,100.00,,
     2.104163177,5830808,,offcore_response.all_requests.llc_hit.any_response,49084177,100.00,,
     2.104163177,266,,offcore_response.all_requests.llc_miss.any_response,49083823,100.00,,
     2.204361051,5909282,,offcore_response.all_requests.llc_hit.any_response,49686351,100.00,,
     2.204361051,236,,offcore_response.all_requests.llc_miss.any_response,49663709,100.00,,
     2.304574408,5874456,,offcore_response.all_requests.llc_hit.any_response,49484056,100.00,,
     2.304574408,272,,offcore_response.all_requests.llc_miss.any_response,49505210,100.00,,
     2.404772369,5848751,,offcore_response.all_requests.llc_hit.any_response,49466117,100.00,,
     2.404772369,296,,offcore_response.all_requests.llc_miss.any_response,49444963,100.00,,
     2.504968364,5845002,,offcore_response.all_requests.llc_hit.any_response,49393755,100.00,,
     2.504968364,336,,offcore_response.all_requests.llc_miss.any_response,49417509,100.00,,
     2.605170464,5910732,,offcore_response.all_requests.llc_hit.any_response,49920996,100.00,,
     2.605170464,314,,offcore_response.all_requests.llc_miss.any_response,49907476,100.00,,
     2.705369229,5843230,,offcore_response.all_requests.llc_hit.any_response,49072448,100.00,,
     2.705369229,394,,offcore_response.all_requests.llc_miss.any_response,49062214,100.00,,
     2.805565204,5872573,,offcore_response.all_requests.llc_hit.any_response,49823665,100.00,,
     2.805565204,275,,offcore_response.all_requests.llc_miss.any_response,49823665,100.00,,
     2.905760719,5903386,,offcore_response.all_requests.llc_hit.any_response,49884313,100.00,,
     2.905760719,810,,offcore_response.all_requests.llc_miss.any_response,49884313,100.00,,
     3.005956722,5854699,,offcore_response.all_requests.llc_hit.any_response,49323314,100.00,,
     3.005956722,185,,offcore_response.all_requests.llc_miss.any_response,49346225,100.00,,
     3.106155203,5875447,,offcore_response.all_requests.llc_hit.any_response,49611442,100.00,,
     3.106155203,196,,offcore_response.all_requests.llc_miss.any_response,49588531,100.00,,
     3.206349633,5864327,,offcore_response.all_requests.llc_hit.any_response,49533367,100.00,,
     3.206349633,209,,offcore_response.all_requests.llc_miss.any_response,49556494,100.00,,
     3.306548088,5857103,,offcore_response.all_requests.llc_hit.any_response,49285158,100.00,,
     3.306548088,245,,offcore_response.all_requests.llc_miss.any_response,49262031,100.00,,
     3.406744300,5919600,,offcore_response.all_requests.llc_hit.any_response,49787047,100.00,,
     3.406744300,226,,offcore_response.all_requests.llc_miss.any_response,49810111,100.00,,
     3.506944521,5816169,,offcore_response.all_requests.llc_hit.any_response,49220354,100.00,,
     3.506944521,274,,offcore_response.all_requests.llc_miss.any_response,49197290,100.00,,
     3.607138609,5878034,,offcore_response.all_requests.llc_hit.any_response,49710127,100.00,,
     3.607138609,346,,offcore_response.all_requests.llc_miss.any_response,49733050,100.00,,
     3.707338486,5873214,,offcore_response.all_requests.llc_hit.any_response,49347058,100.00,,
     3.707338486,327,,offcore_response.all_requests.llc_miss.any_response,49324135,100.00,,
     3.807533085,5901394,,offcore_response.all_requests.llc_hit.any_response,49506766,100.00,,
     3.807533085,271,,offcore_response.all_requests.llc_miss.any_response,49529708,100.00,,
     3.907750667,5832196,,offcore_response.all_requests.llc_hit.any_response,49163543,100.00,,
     3.907750667,221,,offcore_response.all_requests.llc_miss.any_response,49140601,100.00,,
     4.007945270,5881893,,offcore_response.all_requests.llc_hit.any_response,49832726,100.00,,
     4.007945270,364,,offcore_response.all_requests.llc_miss.any_response,49855586,100.00,,
     4.108143610,5868185,,offcore_response.all_requests.llc_hit.any_response,49493684,100.00,,
     4.108143610,453,,offcore_response.all_requests.llc_miss.any_response,49470824,100.00,,
     4.208339591,5834788,,offcore_response.all_requests.llc_hit.any_response,49293570,100.00,,
     4.208339591,335,,offcore_response.all_requests.llc_miss.any_response,49316563,100.00,,
     4.308537909,5884953,,offcore_response.all_requests.llc_hit.any_response,49641284,100.00,,
     4.308537909,153,,offcore_response.all_requests.llc_miss.any_response,49618291,100.00,,
     4.408733342,5870416,,offcore_response.all_requests.llc_hit.any_response,49330708,100.00,,
     4.408733342,269,,offcore_response.all_requests.llc_miss.any_response,49338523,100.00,,
     4.508949372,5875251,,offcore_response.all_requests.llc_hit.any_response,49768128,100.00,,
     4.508949372,345,,offcore_response.all_requests.llc_miss.any_response,49760313,100.00,,
     4.609146186,5828261,,offcore_response.all_requests.llc_hit.any_response,49208286,100.00,,
     4.609146186,346,,offcore_response.all_requests.llc_miss.any_response,49208286,100.00,,
     4.709342688,5848562,,offcore_response.all_requests.llc_hit.any_response,49294575,100.00,,
     4.709342688,178,,offcore_response.all_requests.llc_miss.any_response,49308543,100.00,,
     4.809539224,5858685,,offcore_response.all_requests.llc_hit.any_response,49419254,100.00,,
     4.809539224,316,,offcore_response.all_requests.llc_miss.any_response,49405286,100.00,,
     4.909739468,5854402,,offcore_response.all_requests.llc_hit.any_response,49587864,100.00,,
     4.909739468,292,,offcore_response.all_requests.llc_miss.any_response,49610599,100.00,,
     5.009943439,5863104,,offcore_response.all_requests.llc_hit.any_response,49642221,100.00,,
     5.009943439,225,,offcore_response.all_requests.llc_miss.any_response,49619486,100.00,,
     5.110139681,5877333,,offcore_response.all_requests.llc_hit.any_response,49568880,100.00,,
     5.110139681,276,,offcore_response.all_requests.llc_miss.any_response,49591745,100.00,,
     5.210337887,5810152,,offcore_response.all_requests.llc_hit.any_response,49070677,100.00,,
     5.210337887,271,,offcore_response.all_requests.llc_miss.any_response,49071206,100.00,,
     5.310537553,5923322,,offcore_response.all_requests.llc_hit.any_response,49991556,100.00,,
     5.310537553,160,,offcore_response.all_requests.llc_miss.any_response,49983905,100.00,,
     5.410735764,5826870,,offcore_response.all_requests.llc_hit.any_response,49080062,100.00,,
     5.410735764,264,,offcore_response.all_requests.llc_miss.any_response,49087378,100.00,,
     5.510936502,5865016,,offcore_response.all_requests.llc_hit.any_response,49721328,100.00,,
     5.510936502,278,,offcore_response.all_requests.llc_miss.any_response,49698269,100.00,,
     5.611131467,5884838,,offcore_response.all_requests.llc_hit.any_response,50240786,100.00,,
     5.611131467,213,,offcore_response.all_requests.llc_miss.any_response,50240786,100.00,,
     5.711327558,5809517,,offcore_response.all_requests.llc_hit.any_response,49217028,100.00,,
     5.711327558,315,,offcore_response.all_requests.llc_miss.any_response,49239936,100.00,,
     5.811526743,5778561,,offcore_response.all_requests.llc_hit.any_response,48843552,100.00,,
     5.811526743,350,,offcore_response.all_requests.llc_miss.any_response,48820644,100.00,,
     5.911760715,5870652,,offcore_response.all_requests.llc_hit.any_response,49660222,100.00,,
     5.911760715,430,,offcore_response.all_requests.llc_miss.any_response,49667915,100.00,,
     6.011963789,5849582,,offcore_response.all_requests.llc_hit.any_response,49608737,100.00,,
     6.011963789,276,,offcore_response.all_requests.llc_miss.any_response,49623879,100.00,,
     6.112161560,5845770,,offcore_response.all_requests.llc_hit.any_response,49837440,100.00,,
     6.112161560,432,,offcore_response.all_requests.llc_miss.any_response,49837618,100.00,,
     6.212359872,5826126,,offcore_response.all_requests.llc_hit.any_response,49479436,100.00,,
     6.212359872,459,,offcore_response.all_requests.llc_miss.any_response,49456423,100.00,,
     6.312554658,5826440,,offcore_response.all_requests.llc_hit.any_response,49237986,100.00,,
     6.312554658,241,,offcore_response.all_requests.llc_miss.any_response,49260899,100.00,,
     6.412754464,5824713,,offcore_response.all_requests.llc_hit.any_response,49337431,100.00,,
     6.412754464,302,,offcore_response.all_requests.llc_miss.any_response,49314518,100.00,,
     6.512950465,5851756,,offcore_response.all_requests.llc_hit.any_response,49610511,100.00,,
     6.512950465,186,,offcore_response.all_requests.llc_miss.any_response,49610511,100.00,,
     6.613145686,5875710,,offcore_response.all_requests.llc_hit.any_response,49380656,100.00,,
     6.613145686,394,,offcore_response.all_requests.llc_miss.any_response,49403320,100.00,,
     6.713373980,5809981,,offcore_response.all_requests.llc_hit.any_response,48955352,100.00,,
     6.713373980,301,,offcore_response.all_requests.llc_miss.any_response,48932688,100.00,,
     6.813572330,5908907,,offcore_response.all_requests.llc_hit.any_response,49773890,100.00,,
     6.813572330,248,,offcore_response.all_requests.llc_miss.any_response,49773890,100.00,,
     6.913767886,5795883,,offcore_response.all_requests.llc_hit.any_response,49022172,100.00,,
     6.913767886,314,,offcore_response.all_requests.llc_miss.any_response,49044941,100.00,,
     7.013967966,5836137,,offcore_response.all_requests.llc_hit.any_response,49592390,100.00,,
     7.013967966,297,,offcore_response.all_requests.llc_miss.any_response,49569621,100.00,,
     7.114162513,5819017,,offcore_response.all_requests.llc_hit.any_response,49275252,100.00,,
     7.114162513,341,,offcore_response.all_requests.llc_miss.any_response,49298062,100.00,,
     7.214360087,5834494,,offcore_response.all_requests.llc_hit.any_response,49055206,100.00,,
     7.214360087,244,,offcore_response.all_requests.llc_miss.any_response,49055275,100.00,,
     7.314558723,5828603,,offcore_response.all_requests.llc_hit.any_response,48986369,100.00,,
     7.314558723,279,,offcore_response.all_requests.llc_miss.any_response,48986343,100.00,,
     7.414756661,5898895,,offcore_response.all_requests.llc_hit.any_response,49742391,100.00,,
     7.414756661,315,,offcore_response.all_requests.llc_miss.any_response,49719538,100.00,,
     7.514953686,5821694,,offcore_response.all_requests.llc_hit.any_response,49134224,100.00,,
     7.514953686,430,,offcore_response.all_requests.llc_miss.any_response,49157090,100.00,,
     7.615153205,5911129,,offcore_response.all_requests.llc_hit.any_response,49747606,100.00,,
     7.615153205,379,,offcore_response.all_requests.llc_miss.any_response,49724740,100.00,,
     7.715347320,5830425,,offcore_response.all_requests.llc_hit.any_response,49029218,100.00,,
     7.715347320,329,,offcore_response.all_requests.llc_miss.any_response,49052102,100.00,,
     7.815564087,5916496,,offcore_response.all_requests.llc_hit.any_response,49543723,100.00,,
     7.815564087,457,,offcore_response.all_requests.llc_miss.any_response,49520839,100.00,,
     7.915759245,5865573,,offcore_response.all_requests.llc_hit.any_response,49410862,100.00,,
     7.915759245,481,,offcore_response.all_requests.llc_miss.any_response,49433694,100.00,,
     8.015958125,5923225,,offcore_response.all_requests.llc_hit.any_response,50117068,100.00,,
     8.015958125,344,,offcore_response.all_requests.llc_miss.any_response,50104771,100.00,,
     8.116156270,5916666,,offcore_response.all_requests.llc_hit.any_response,49769874,100.00,,
     8.116156270,341,,offcore_response.all_requests.llc_miss.any_response,49767107,100.00,,
     8.216355677,5824595,,offcore_response.all_requests.llc_hit.any_response,49064794,100.00,,
     8.216355677,301,,offcore_response.all_requests.llc_miss.any_response,49078906,100.00,,
     8.316553128,5911351,,offcore_response.all_requests.llc_hit.any_response,49948855,100.00,,
     8.316553128,294,,offcore_response.all_requests.llc_miss.any_response,49945369,100.00,,
     8.416750500,5803772,,offcore_response.all_requests.llc_hit.any_response,49097025,100.00,,
     8.416750500,193,,offcore_response.all_requests.llc_miss.any_response,49086519,100.00,,
     8.516950822,5872593,,offcore_response.all_requests.llc_hit.any_response,49916112,100.00,,
     8.516950822,264,,offcore_response.all_requests.llc_miss.any_response,49915942,100.00,,
     8.617147784,5861782,,offcore_response.all_requests.llc_hit.any_response,49554299,100.00,,
     8.617147784,248,,offcore_response.all_requests.llc_miss.any_response,49546581,100.00,,
     8.717344134,5824236,,offcore_response.all_requests.llc_hit.any_response,49180593,100.00,,
     8.717344134,324,,offcore_response.all_requests.llc_miss.any_response,49203538,100.00,,
     8.817542512,5822203,,offcore_response.all_requests.llc_hit.any_response,48963584,100.00,,
     8.817542512,238,,offcore_response.all_requests.llc_miss.any_response,48963773,100.00,,
     8.917761114,5919471,,offcore_response.all_requests.llc_hit.any_response,50192797,100.00,,
     8.917761114,191,,offcore_response.all_requests.llc_miss.any_response,50192643,100.00,,
     9.017959749,5826477,,offcore_response.all_requests.llc_hit.any_response,49148693,100.00,,
     9.017959749,150,,offcore_response.all_requests.llc_miss.any_response,49149621,100.00,,
     9.118163299,5895449,,offcore_response.all_requests.llc_hit.any_response,49387473,100.00,,
     9.118163299,119,,offcore_response.all_requests.llc_miss.any_response,49363565,100.00,,
     9.218358473,5875827,,offcore_response.all_requests.llc_hit.any_response,49688273,100.00,,
     9.218358473,172,,offcore_response.all_requests.llc_miss.any_response,49703720,100.00,,
     9.318555111,5819023,,offcore_response.all_requests.llc_hit.any_response,49207678,100.00,,
     9.318555111,201,,offcore_response.all_requests.llc_miss.any_response,49205832,100.00,,
     9.418755032,5875122,,offcore_response.all_requests.llc_hit.any_response,49510975,100.00,,
     9.418755032,219,,offcore_response.all_requests.llc_miss.any_response,49497374,100.00,,
     9.518951038,5808898,,offcore_response.all_requests.llc_hit.any_response,48941503,100.00,,
     9.518951038,447,,offcore_response.all_requests.llc_miss.any_response,48964501,100.00,,
     9.619149588,5885356,,offcore_response.all_requests.llc_hit.any_response,49829779,100.00,,
     9.619149588,370,,offcore_response.all_requests.llc_miss.any_response,49829626,100.00,,
     9.719352597,5906157,,offcore_response.all_requests.llc_hit.any_response,49752537,100.00,,
     9.719352597,303,,offcore_response.all_requests.llc_miss.any_response,49752481,100.00,,
     9.819584416,5875842,,offcore_response.all_requests.llc_hit.any_response,49342022,100.00,,
     9.819584416,273,,offcore_response.all_requests.llc_miss.any_response,49324766,100.00,,
     9.919788245,5908882,,offcore_response.all_requests.llc_hit.any_response,50291423,100.00,,
     9.919788245,6605,,offcore_response.all_requests.llc_miss.any_response,50308969,100.00,,
    10.019993542,5872976,,offcore_response.all_requests.llc_hit.any_response,49855739,100.00,,
    10.019993542,421,,offcore_response.all_requests.llc_miss.any_response,49855833,100.00,,
    10.120198623,5809576,,offcore_response.all_requests.llc_hit.any_response,49176830,100.00,,
    10.120198623,174,,offcore_response.all_requests.llc_miss.any_response,49153657,100.00,,
    10.220394658,5883662,,offcore_response.all_requests.llc_hit.any_response,49654626,100.00,,
    10.220394658,376,,offcore_response.all_requests.llc_miss.any_response,49677611,100.00,,
    10.320591842,5905625,,offcore_response.all_requests.llc_hit.any_response,49746593,100.00,,
    10.320591842,186,,offcore_response.all_requests.llc_miss.any_response,49723608,100.00,,
    10.420787922,5802339,,offcore_response.all_requests.llc_hit.any_response,49056992,100.00,,
    10.420787922,176,,offcore_response.all_requests.llc_miss.any_response,49080169,100.00,,
    10.520986793,5836048,,offcore_response.all_requests.llc_hit.any_response,49289293,100.00,,
    10.520986793,304,,offcore_response.all_requests.llc_miss.any_response,49266116,100.00,,
    10.621181678,5862626,,offcore_response.all_requests.llc_hit.any_response,49563629,100.00,,
    10.621181678,324,,offcore_response.all_requests.llc_miss.any_response,49577742,100.00,,
    10.721378635,5784421,,offcore_response.all_requests.llc_hit.any_response,48918707,100.00,,
    10.721378635,346,,offcore_response.all_requests.llc_miss.any_response,48927457,100.00,,
    10.821577293,5877300,,offcore_response.all_requests.llc_hit.any_response,49697471,100.00,,
    10.821577293,238,,offcore_response.all_requests.llc_miss.any_response,49674608,100.00,,
    10.921772623,5808216,,offcore_response.all_requests.llc_hit.any_response,49049792,100.00,,
    10.921772623,154,,offcore_response.all_requests.llc_miss.any_response,49072690,100.00,,
    11.021972253,5897363,,offcore_response.all_requests.llc_hit.any_response,49925175,100.00,,
    11.021972253,296,,offcore_response.all_requests.llc_miss.any_response,49925281,100.00,,
