# started on Tue May  2 13:10:44 2023

     0.100135424,89510828,,inst_retired.any,73198660,100.00,146.0,IpMispredict
     0.100135424,613283,,br_misp_retired.all_branches,73198660,100.00,,
     0.200356169,89725454,,inst_retired.any,73315336,100.00,146.5,IpMispredict
     0.200356169,611747,,br_misp_retired.all_branches,73315336,100.00,,
     0.300512134,90383125,,inst_retired.any,73558147,100.00,147.8,IpMispredict
     0.300512134,609465,,br_misp_retired.all_branches,73558147,100.00,,
     0.400669900,90327964,,inst_retired.any,73761692,100.00,147.3,IpMispredict
     0.400669900,619185,,br_misp_retired.all_branches,73761692,100.00,,
     0.500845977,89507729,,inst_retired.any,73298276,100.00,146.1,IpMispredict
     0.500845977,608646,,br_misp_retired.all_branches,73298276,100.00,,
     0.601011773,90354637,,inst_retired.any,73571268,100.00,147.5,IpMispredict
     0.601011773,613167,,br_misp_retired.all_branches,73571268,100.00,,
     0.701177760,90214293,,inst_retired.any,73464900,100.00,147.2,IpMispredict
     0.701177760,615870,,br_misp_retired.all_branches,73464900,100.00,,
     0.801359556,89626382,,inst_retired.any,73329990,100.00,146.3,IpMispredict
     0.801359556,609984,,br_misp_retired.all_branches,73329990,100.00,,
     0.901524256,89727991,,inst_retired.any,73307546,100.00,146.4,IpMispredict
     0.901524256,615000,,br_misp_retired.all_branches,73307546,100.00,,
     1.001690678,90778202,,inst_retired.any,74098375,100.00,148.0,IpMispredict
     1.001690678,616315,,br_misp_retired.all_branches,74098375,100.00,,
     1.101868986,89825244,,inst_retired.any,74489221,100.00,146.3,IpMispredict
     1.101868986,621068,,br_misp_retired.all_branches,74489221,100.00,,
     1.202047788,89601504,,inst_retired.any,73411811,100.00,145.9,IpMispredict
     1.202047788,617364,,br_misp_retired.all_branches,73411811,100.00,,
     1.302211376,89837010,,inst_retired.any,73156337,100.00,146.3,IpMispredict
     1.302211376,614399,,br_misp_retired.all_branches,73156337,100.00,,
     1.402377204,90572016,,inst_retired.any,74914231,100.00,147.2,IpMispredict
     1.402377204,626488,,br_misp_retired.all_branches,74914231,100.00,,
     1.502541818,89476243,,inst_retired.any,73772569,100.00,145.4,IpMispredict
     1.502541818,616892,,br_misp_retired.all_branches,73772569,100.00,,
     1.602708836,90689709,,inst_retired.any,74238104,100.00,147.3,IpMispredict
     1.602708836,623130,,br_misp_retired.all_branches,74238104,100.00,,
     1.702875979,89765485,,inst_retired.any,73161486,100.00,145.8,IpMispredict
     1.702875979,611020,,br_misp_retired.all_branches,73161486,100.00,,
     1.803053553,89767797,,inst_retired.any,72918343,100.00,145.9,IpMispredict
     1.803053553,609781,,br_misp_retired.all_branches,72918343,100.00,,
     1.903225169,89918454,,inst_retired.any,73299988,100.00,146.2,IpMispredict
     1.903225169,615978,,br_misp_retired.all_branches,73299988,100.00,,
     2.003404941,90091155,,inst_retired.any,73283288,100.00,146.4,IpMispredict
     2.003404941,614756,,br_misp_retired.all_branches,73283288,100.00,,
     2.103544928,90097181,,inst_retired.any,73202043,100.00,146.5,IpMispredict
     2.103544928,615673,,br_misp_retired.all_branches,73202043,100.00,,
     2.203686110,90135391,,inst_retired.any,73083176,100.00,146.5,IpMispredict
     2.203686110,612523,,br_misp_retired.all_branches,73083176,100.00,,
     2.303852379,90179868,,inst_retired.any,73181302,100.00,146.7,IpMispredict
     2.303852379,609059,,br_misp_retired.all_branches,73181302,100.00,,
     2.404029151,90178221,,inst_retired.any,73341364,100.00,146.7,IpMispredict
     2.404029151,614560,,br_misp_retired.all_branches,73341364,100.00,,
     2.504194088,89922719,,inst_retired.any,73271750,100.00,146.2,IpMispredict
     2.504194088,616204,,br_misp_retired.all_branches,73271750,100.00,,
     2.604359308,90078225,,inst_retired.any,73301727,100.00,146.5,IpMispredict
     2.604359308,614939,,br_misp_retired.all_branches,73301727,100.00,,
     2.704527009,89941163,,inst_retired.any,73280857,100.00,146.3,IpMispredict
     2.704527009,615141,,br_misp_retired.all_branches,73280857,100.00,,
     2.804705717,90154917,,inst_retired.any,73282517,100.00,146.6,IpMispredict
     2.804705717,612915,,br_misp_retired.all_branches,73282517,100.00,,
     2.904871639,90105692,,inst_retired.any,73141078,100.00,146.5,IpMispredict
     2.904871639,616434,,br_misp_retired.all_branches,73141078,100.00,,
     3.005034265,89753875,,inst_retired.any,73077828,100.00,146.0,IpMispredict
     3.005034265,615391,,br_misp_retired.all_branches,73077828,100.00,,
     3.105198248,90291760,,inst_retired.any,73327811,100.00,146.8,IpMispredict
     3.105198248,618733,,br_misp_retired.all_branches,73327811,100.00,,
     3.205364112,90094562,,inst_retired.any,73246116,100.00,146.5,IpMispredict
     3.205364112,617695,,br_misp_retired.all_branches,73246116,100.00,,
     3.305532233,89741055,,inst_retired.any,73038831,100.00,145.9,IpMispredict
     3.305532233,612258,,br_misp_retired.all_branches,73038831,100.00,,
     3.405701446,90024934,,inst_retired.any,73285792,100.00,146.4,IpMispredict
     3.405701446,614503,,br_misp_retired.all_branches,73285792,100.00,,
     3.505868545,89892570,,inst_retired.any,73228278,100.00,146.2,IpMispredict
     3.505868545,615043,,br_misp_retired.all_branches,73228278,100.00,,
     3.606035505,89871160,,inst_retired.any,73246359,100.00,146.1,IpMispredict
     3.606035505,618540,,br_misp_retired.all_branches,73246359,100.00,,
     3.706203406,89872424,,inst_retired.any,73324378,100.00,146.1,IpMispredict
     3.706203406,613240,,br_misp_retired.all_branches,73324378,100.00,,
     3.806368259,90678521,,inst_retired.any,73562080,100.00,147.4,IpMispredict
     3.806368259,617759,,br_misp_retired.all_branches,73562080,100.00,,
     3.906548530,89783593,,inst_retired.any,73349664,100.00,145.9,IpMispredict
     3.906548530,618253,,br_misp_retired.all_branches,73349664,100.00,,
     4.006734007,90723401,,inst_retired.any,74135914,100.00,147.5,IpMispredict
     4.006734007,618837,,br_misp_retired.all_branches,74135914,100.00,,
     4.106931794,89955033,,inst_retired.any,74700097,100.00,146.2,IpMispredict
     4.106931794,617345,,br_misp_retired.all_branches,74700097,100.00,,
     4.207122310,90111442,,inst_retired.any,73535470,100.00,146.4,IpMispredict
     4.207122310,615772,,br_misp_retired.all_branches,73535470,100.00,,
     4.307307402,90071647,,inst_retired.any,73467623,100.00,146.4,IpMispredict
     4.307307402,611813,,br_misp_retired.all_branches,73467623,100.00,,
     4.407495982,89742076,,inst_retired.any,73558160,100.00,145.8,IpMispredict
     4.407495982,618486,,br_misp_retired.all_branches,73558160,100.00,,
     4.507683531,89585955,,inst_retired.any,73641583,100.00,145.6,IpMispredict
     4.507683531,611844,,br_misp_retired.all_branches,73641583,100.00,,
     4.607866439,89870023,,inst_retired.any,73396273,100.00,146.1,IpMispredict
     4.607866439,615996,,br_misp_retired.all_branches,73396273,100.00,,
     4.708040606,90741688,,inst_retired.any,74273137,100.00,147.5,IpMispredict
     4.708040606,617570,,br_misp_retired.all_branches,74273137,100.00,,
     4.808238879,89894602,,inst_retired.any,73616022,100.00,146.1,IpMispredict
     4.808238879,613314,,br_misp_retired.all_branches,73616022,100.00,,
     4.908433779,89610771,,inst_retired.any,73654518,100.00,145.7,IpMispredict
     4.908433779,612403,,br_misp_retired.all_branches,73654518,100.00,,
     5.008623659,90884139,,inst_retired.any,74289476,100.00,147.7,IpMispredict
     5.008623659,620554,,br_misp_retired.all_branches,74289476,100.00,,
     5.108820072,89728521,,inst_retired.any,73468330,100.00,145.8,IpMispredict
     5.108820072,614088,,br_misp_retired.all_branches,73468330,100.00,,
     5.209006108,89850976,,inst_retired.any,73464240,100.00,146.0,IpMispredict
     5.209006108,614434,,br_misp_retired.all_branches,73464240,100.00,,
     5.309206840,89907449,,inst_retired.any,73570934,100.00,146.1,IpMispredict
     5.309206840,613920,,br_misp_retired.all_branches,73570934,100.00,,
     5.409394323,90754603,,inst_retired.any,74341958,100.00,147.5,IpMispredict
     5.409394323,624098,,br_misp_retired.all_branches,74341958,100.00,,
     5.509602582,89757289,,inst_retired.any,73448673,100.00,145.8,IpMispredict
     5.509602582,616272,,br_misp_retired.all_branches,73448673,100.00,,
     5.609790392,89560312,,inst_retired.any,73456302,100.00,145.5,IpMispredict
     5.609790392,612569,,br_misp_retired.all_branches,73456302,100.00,,
     5.709979068,89943821,,inst_retired.any,73359154,100.00,146.2,IpMispredict
     5.709979068,612199,,br_misp_retired.all_branches,73359154,100.00,,
     5.810165366,90023409,,inst_retired.any,73563461,100.00,146.3,IpMispredict
     5.810165366,612966,,br_misp_retired.all_branches,73563461,100.00,,
     5.910364775,90337098,,inst_retired.any,74387438,100.00,146.8,IpMispredict
     5.910364775,624255,,br_misp_retired.all_branches,74387438,100.00,,
     6.010554831,90413991,,inst_retired.any,73968165,100.00,146.9,IpMispredict
     6.010554831,621652,,br_misp_retired.all_branches,73968165,100.00,,
     6.110742096,89540955,,inst_retired.any,73176933,100.00,145.5,IpMispredict
     6.110742096,611568,,br_misp_retired.all_branches,73176933,100.00,,
     6.210929123,89542232,,inst_retired.any,72962716,100.00,145.5,IpMispredict
     6.210929123,609399,,br_misp_retired.all_branches,72962716,100.00,,
     6.311114172,90499278,,inst_retired.any,74081040,100.00,147.0,IpMispredict
     6.311114172,621228,,br_misp_retired.all_branches,74081040,100.00,,
     6.411316596,89612799,,inst_retired.any,73170592,100.00,145.6,IpMispredict
     6.411316596,611791,,br_misp_retired.all_branches,73170592,100.00,,
     6.511503659,90730592,,inst_retired.any,73914670,100.00,147.4,IpMispredict
     6.511503659,618542,,br_misp_retired.all_branches,73914670,100.00,,
     6.611657618,89597281,,inst_retired.any,73052484,100.00,145.6,IpMispredict
     6.611657618,605921,,br_misp_retired.all_branches,73052484,100.00,,
     6.711828773,89636431,,inst_retired.any,73036779,100.00,145.7,IpMispredict
     6.711828773,610180,,br_misp_retired.all_branches,73036779,100.00,,
     6.812016219,90485272,,inst_retired.any,73903203,100.00,147.1,IpMispredict
     6.812016219,617759,,br_misp_retired.all_branches,73903203,100.00,,
     6.912202256,90445891,,inst_retired.any,73776978,100.00,147.0,IpMispredict
     6.912202256,615293,,br_misp_retired.all_branches,73776978,100.00,,
     7.012384349,89364362,,inst_retired.any,72915048,100.00,145.3,IpMispredict
     7.012384349,607066,,br_misp_retired.all_branches,72915048,100.00,,
     7.112570243,90110261,,inst_retired.any,73444589,100.00,146.5,IpMispredict
     7.112570243,613922,,br_misp_retired.all_branches,73444589,100.00,,
     7.212753146,90409245,,inst_retired.any,73385178,100.00,147.0,IpMispredict
     7.212753146,614950,,br_misp_retired.all_branches,73385178,100.00,,
     7.312951040,89924086,,inst_retired.any,73055859,100.00,146.2,IpMispredict
     7.312951040,615963,,br_misp_retired.all_branches,73055859,100.00,,
     7.413136844,89505510,,inst_retired.any,73138411,100.00,145.5,IpMispredict
     7.413136844,610744,,br_misp_retired.all_branches,73138411,100.00,,
     7.513325147,90292736,,inst_retired.any,74033701,100.00,146.8,IpMispredict
     7.513325147,615955,,br_misp_retired.all_branches,74033701,100.00,,
     7.613520475,89758625,,inst_retired.any,73163128,100.00,145.9,IpMispredict
     7.613520475,613772,,br_misp_retired.all_branches,73163128,100.00,,
     7.713716608,89842295,,inst_retired.any,73110519,100.00,146.1,IpMispredict
     7.713716608,613347,,br_misp_retired.all_branches,73110519,100.00,,
     7.813913124,90837314,,inst_retired.any,73997047,100.00,147.7,IpMispredict
     7.813913124,622051,,br_misp_retired.all_branches,73997047,100.00,,
     7.914109735,89918032,,inst_retired.any,73174216,100.00,146.2,IpMispredict
     7.914109735,610177,,br_misp_retired.all_branches,73174216,100.00,,
     8.014307128,89859836,,inst_retired.any,73212021,100.00,146.1,IpMispredict
     8.014307128,614264,,br_misp_retired.all_branches,73212021,100.00,,
     8.114503204,89861134,,inst_retired.any,73096472,100.00,146.1,IpMispredict
     8.114503204,607158,,br_misp_retired.all_branches,73096472,100.00,,
     8.214696563,89919236,,inst_retired.any,73290449,100.00,146.2,IpMispredict
     8.214696563,607145,,br_misp_retired.all_branches,73290449,100.00,,
     8.314909796,90128197,,inst_retired.any,73166720,100.00,146.6,IpMispredict
     8.314909796,612837,,br_misp_retired.all_branches,73166720,100.00,,
     8.415105120,90099918,,inst_retired.any,73377360,100.00,146.5,IpMispredict
     8.415105120,610582,,br_misp_retired.all_branches,73377360,100.00,,
     8.515296210,90495853,,inst_retired.any,73598928,100.00,147.2,IpMispredict
     8.515296210,615381,,br_misp_retired.all_branches,73598928,100.00,,
     8.615500513,89154084,,inst_retired.any,73182986,100.00,145.0,IpMispredict
     8.615500513,611473,,br_misp_retired.all_branches,73182986,100.00,,
     8.715661761,90866657,,inst_retired.any,74334974,100.00,147.8,IpMispredict
     8.715661761,617223,,br_misp_retired.all_branches,74334974,100.00,,
     8.815842832,90379283,,inst_retired.any,73754724,100.00,147.0,IpMispredict
     8.815842832,614733,,br_misp_retired.all_branches,73754724,100.00,,
     8.916036425,89852111,,inst_retired.any,73469501,100.00,146.2,IpMispredict
     8.916036425,605141,,br_misp_retired.all_branches,73469501,100.00,,
     9.016230001,90036944,,inst_retired.any,73317952,100.00,146.5,IpMispredict
     9.016230001,606270,,br_misp_retired.all_branches,73317952,100.00,,
     9.116424415,90141993,,inst_retired.any,73290110,100.00,146.7,IpMispredict
     9.116424415,608283,,br_misp_retired.all_branches,73290110,100.00,,
     9.216620200,90194479,,inst_retired.any,73340491,100.00,146.8,IpMispredict
     9.216620200,612995,,br_misp_retired.all_branches,73340491,100.00,,
     9.316811827,89970463,,inst_retired.any,73457555,100.00,146.4,IpMispredict
     9.316811827,610506,,br_misp_retired.all_branches,73457555,100.00,,
     9.417007678,89605873,,inst_retired.any,73470545,100.00,145.8,IpMispredict
     9.417007678,609218,,br_misp_retired.all_branches,73470545,100.00,,
     9.517200880,90526922,,inst_retired.any,74307077,100.00,147.3,IpMispredict
     9.517200880,623246,,br_misp_retired.all_branches,74307077,100.00,,
     9.617396072,89734216,,inst_retired.any,73197987,100.00,146.0,IpMispredict
     9.617396072,615776,,br_misp_retired.all_branches,73197987,100.00,,
     9.717584395,89590819,,inst_retired.any,73216966,100.00,145.8,IpMispredict
     9.717584395,614708,,br_misp_retired.all_branches,73216966,100.00,,
     9.817780791,90478963,,inst_retired.any,73755874,100.00,147.2,IpMispredict
     9.817780791,622541,,br_misp_retired.all_branches,73755874,100.00,,
     9.917977008,89516625,,inst_retired.any,73101162,100.00,145.7,IpMispredict
     9.917977008,613029,,br_misp_retired.all_branches,73101162,100.00,,
    10.018182688,90186671,,inst_retired.any,74092491,100.00,146.7,IpMispredict
    10.018182688,617124,,br_misp_retired.all_branches,74092491,100.00,,
    10.118381094,89667815,,inst_retired.any,73130962,100.00,145.9,IpMispredict
    10.118381094,617098,,br_misp_retired.all_branches,73130962,100.00,,
    10.218576795,90385951,,inst_retired.any,74012091,100.00,147.0,IpMispredict
    10.218576795,618467,,br_misp_retired.all_branches,74012091,100.00,,
    10.318772856,90496695,,inst_retired.any,82096482,100.00,147.0,IpMispredict
    10.318772856,728500,,br_misp_retired.all_branches,82096482,100.00,,
    10.418969140,89781600,,inst_retired.any,73137357,100.00,145.8,IpMispredict
    10.418969140,617047,,br_misp_retired.all_branches,73137357,100.00,,
    10.519167302,89830123,,inst_retired.any,73121786,100.00,145.9,IpMispredict
    10.519167302,617043,,br_misp_retired.all_branches,73121786,100.00,,
    10.619361407,89772523,,inst_retired.any,73050404,100.00,145.8,IpMispredict
    10.619361407,612636,,br_misp_retired.all_branches,73050404,100.00,,
    10.719538106,90723230,,inst_retired.any,74215445,100.00,147.3,IpMispredict
    10.719538106,617490,,br_misp_retired.all_branches,74215445,100.00,,
    10.819698590,89667938,,inst_retired.any,73555593,100.00,145.6,IpMispredict
    10.819698590,615221,,br_misp_retired.all_branches,73555593,100.00,,
    10.919877764,89709836,,inst_retired.any,73116921,100.00,145.7,IpMispredict
    10.919877764,615625,,br_misp_retired.all_branches,73116921,100.00,,
    11.020103738,90860024,,inst_retired.any,74103222,100.00,147.5,IpMispredict
    11.020103738,621023,,br_misp_retired.all_branches,74103222,100.00,,
