# started on Tue May  2 14:14:48 2023

     0.100177798,32505839,,inst_retired.any,44109063,100.00,127.1,IpMispredict
     0.100177798,255662,,br_misp_retired.all_branches,44109063,100.00,,
     0.200415175,32811094,,inst_retired.any,44656795,100.00,129.7,IpMispredict
     0.200415175,250450,,br_misp_retired.all_branches,44656795,100.00,,
     0.300582096,32408346,,inst_retired.any,43838147,100.00,128.4,IpMispredict
     0.300582096,251043,,br_misp_retired.all_branches,43838147,100.00,,
     0.400764054,32597227,,inst_retired.any,42378582,100.00,128.8,IpMispredict
     0.400764054,254951,,br_misp_retired.all_branches,42378582,100.00,,
     0.500942592,33296597,,inst_retired.any,44002208,100.00,132.7,IpMispredict
     0.500942592,242032,,br_misp_retired.all_branches,44002208,100.00,,
     0.601136396,32355500,,inst_retired.any,43982198,100.00,129.3,IpMispredict
     0.601136396,247442,,br_misp_retired.all_branches,43982198,100.00,,
     0.701330790,32897398,,inst_retired.any,45096064,100.00,130.6,IpMispredict
     0.701330790,261689,,br_misp_retired.all_branches,45096064,100.00,,
     0.801526175,32774697,,inst_retired.any,44139645,100.00,129.8,IpMispredict
     0.801526175,256041,,br_misp_retired.all_branches,44139645,100.00,,
     0.901716715,32582269,,inst_retired.any,44703805,100.00,128.3,IpMispredict
     0.901716715,266430,,br_misp_retired.all_branches,44703805,100.00,,
     1.001913000,32666256,,inst_retired.any,44694013,100.00,128.3,IpMispredict
     1.001913000,261091,,br_misp_retired.all_branches,44694013,100.00,,
     1.102108150,32610319,,inst_retired.any,43832809,100.00,128.7,IpMispredict
     1.102108150,239531,,br_misp_retired.all_branches,43832809,100.00,,
     1.202302886,32596481,,inst_retired.any,43274394,100.00,129.1,IpMispredict
     1.202302886,244618,,br_misp_retired.all_branches,43274394,100.00,,
     1.302505584,32596726,,inst_retired.any,44166943,100.00,129.1,IpMispredict
     1.302505584,252589,,br_misp_retired.all_branches,44166943,100.00,,
     1.402698899,32846374,,inst_retired.any,43380327,100.00,130.1,IpMispredict
     1.402698899,249964,,br_misp_retired.all_branches,43380327,100.00,,
     1.502893334,32300782,,inst_retired.any,43512178,100.00,128.1,IpMispredict
     1.502893334,249607,,br_misp_retired.all_branches,43512178,100.00,,
     1.603095705,32728090,,inst_retired.any,43528223,100.00,130.2,IpMispredict
     1.603095705,238787,,br_misp_retired.all_branches,43528223,100.00,,
     1.703301305,32324287,,inst_retired.any,43926014,100.00,128.5,IpMispredict
     1.703301305,254119,,br_misp_retired.all_branches,43926014,100.00,,
     1.803494284,32962000,,inst_retired.any,44510489,100.00,130.5,IpMispredict
     1.803494284,268870,,br_misp_retired.all_branches,44510489,100.00,,
     1.903687793,32751908,,inst_retired.any,43888837,100.00,129.6,IpMispredict
     1.903687793,256958,,br_misp_retired.all_branches,43888837,100.00,,
     2.003883321,32610543,,inst_retired.any,44082933,100.00,128.8,IpMispredict
     2.003883321,262160,,br_misp_retired.all_branches,44082933,100.00,,
     2.104075253,32484718,,inst_retired.any,44115707,100.00,127.7,IpMispredict
     2.104075253,276062,,br_misp_retired.all_branches,44115707,100.00,,
     2.204268165,32708006,,inst_retired.any,43782657,100.00,128.8,IpMispredict
     2.204268165,247659,,br_misp_retired.all_branches,43782657,100.00,,
     2.304461447,32916869,,inst_retired.any,44848653,100.00,129.2,IpMispredict
     2.304461447,272989,,br_misp_retired.all_branches,44848653,100.00,,
     2.404654582,32377210,,inst_retired.any,43979421,100.00,126.3,IpMispredict
     2.404654582,290932,,br_misp_retired.all_branches,43979421,100.00,,
     2.504850113,32612299,,inst_retired.any,44100266,100.00,127.3,IpMispredict
     2.504850113,251064,,br_misp_retired.all_branches,44100266,100.00,,
     2.605045641,32555443,,inst_retired.any,42296017,100.00,127.3,IpMispredict
     2.605045641,246184,,br_misp_retired.all_branches,42296017,100.00,,
     2.705238027,32727295,,inst_retired.any,43578259,100.00,128.0,IpMispredict
     2.705238027,255606,,br_misp_retired.all_branches,43578259,100.00,,
     2.805448469,32561282,,inst_retired.any,43834388,100.00,127.7,IpMispredict
     2.805448469,237274,,br_misp_retired.all_branches,43834388,100.00,,
     2.905641304,32801279,,inst_retired.any,44537955,100.00,128.5,IpMispredict
     2.905641304,259713,,br_misp_retired.all_branches,44537955,100.00,,
     3.005833266,32798914,,inst_retired.any,44237918,100.00,128.5,IpMispredict
     3.005833266,253078,,br_misp_retired.all_branches,44237918,100.00,,
     3.106025195,32109621,,inst_retired.any,42676403,100.00,126.2,IpMispredict
     3.106025195,234722,,br_misp_retired.all_branches,42676403,100.00,,
     3.206217147,33221771,,inst_retired.any,44768803,100.00,130.3,IpMispredict
     3.206217147,269340,,br_misp_retired.all_branches,44768803,100.00,,
     3.306410741,32694869,,inst_retired.any,42786269,100.00,128.0,IpMispredict
     3.306410741,273678,,br_misp_retired.all_branches,42786269,100.00,,
     3.406602585,32307743,,inst_retired.any,43690533,100.00,126.7,IpMispredict
     3.406602585,236648,,br_misp_retired.all_branches,43690533,100.00,,
     3.506797399,32874705,,inst_retired.any,44239442,100.00,129.0,IpMispredict
     3.506797399,247721,,br_misp_retired.all_branches,44239442,100.00,,
     3.606992047,32612881,,inst_retired.any,43307024,100.00,128.0,IpMispredict
     3.606992047,258343,,br_misp_retired.all_branches,43307024,100.00,,
     3.707185523,32571321,,inst_retired.any,44312558,100.00,127.9,IpMispredict
     3.707185523,248145,,br_misp_retired.all_branches,44312558,100.00,,
     3.807383813,32282856,,inst_retired.any,43203151,100.00,126.7,IpMispredict
     3.807383813,257148,,br_misp_retired.all_branches,43203151,100.00,,
     3.907581401,32823066,,inst_retired.any,44740155,100.00,128.8,IpMispredict
     3.907581401,257123,,br_misp_retired.all_branches,44740155,100.00,,
     4.007783955,32792851,,inst_retired.any,42650875,100.00,128.4,IpMispredict
     4.007783955,281214,,br_misp_retired.all_branches,42650875,100.00,,
     4.107981022,32698690,,inst_retired.any,44293220,100.00,127.8,IpMispredict
     4.107981022,268319,,br_misp_retired.all_branches,44293220,100.00,,
     4.208174182,32274036,,inst_retired.any,43258943,100.00,126.2,IpMispredict
     4.208174182,253177,,br_misp_retired.all_branches,43258943,100.00,,
     4.308367317,32980474,,inst_retired.any,44315338,100.00,129.0,IpMispredict
     4.308367317,251365,,br_misp_retired.all_branches,44315338,100.00,,
     4.408563461,32576358,,inst_retired.any,43113076,100.00,127.6,IpMispredict
     4.408563461,244079,,br_misp_retired.all_branches,43113076,100.00,,
     4.508755905,32192559,,inst_retired.any,43298313,100.00,126.1,IpMispredict
     4.508755905,253371,,br_misp_retired.all_branches,43298313,100.00,,
     4.608947133,33056781,,inst_retired.any,44513564,100.00,129.6,IpMispredict
     4.608947133,240418,,br_misp_retired.all_branches,44513564,100.00,,
     4.709146287,32566267,,inst_retired.any,44082343,100.00,127.7,IpMispredict
     4.709146287,252619,,br_misp_retired.all_branches,44082343,100.00,,
     4.809342770,32847321,,inst_retired.any,44326910,100.00,128.8,IpMispredict
     4.809342770,256906,,br_misp_retired.all_branches,44326910,100.00,,
     4.909540841,32214478,,inst_retired.any,44744587,100.00,125.9,IpMispredict
     4.909540841,296539,,br_misp_retired.all_branches,44744587,100.00,,
     5.009744917,32931067,,inst_retired.any,43957619,100.00,128.8,IpMispredict
     5.009744917,250768,,br_misp_retired.all_branches,43957619,100.00,,
     5.109937244,32317445,,inst_retired.any,43596864,100.00,126.4,IpMispredict
     5.109937244,252973,,br_misp_retired.all_branches,43596864,100.00,,
     5.210134191,32657536,,inst_retired.any,41634618,100.00,127.8,IpMispredict
     5.210134191,249841,,br_misp_retired.all_branches,41634618,100.00,,
     5.310330490,33001578,,inst_retired.any,44631603,100.00,129.1,IpMispredict
     5.310330490,255485,,br_misp_retired.all_branches,44631603,100.00,,
     5.410522355,32281178,,inst_retired.any,44700461,100.00,126.1,IpMispredict
     5.410522355,279053,,br_misp_retired.all_branches,44700461,100.00,,
     5.510741236,33583347,,inst_retired.any,44672908,100.00,131.2,IpMispredict
     5.510741236,255856,,br_misp_retired.all_branches,44672908,100.00,,
     5.610935674,32406084,,inst_retired.any,43773276,100.00,126.7,IpMispredict
     5.610935674,245353,,br_misp_retired.all_branches,43773276,100.00,,
     5.711126470,32574860,,inst_retired.any,44314720,100.00,127.4,IpMispredict
     5.711126470,250668,,br_misp_retired.all_branches,44314720,100.00,,
     5.811346574,32764482,,inst_retired.any,44760996,100.00,128.2,IpMispredict
     5.811346574,252893,,br_misp_retired.all_branches,44760996,100.00,,
     5.911539582,32526984,,inst_retired.any,43427489,100.00,127.3,IpMispredict
     5.911539582,248359,,br_misp_retired.all_branches,43427489,100.00,,
     6.011733505,32660808,,inst_retired.any,43203423,100.00,127.9,IpMispredict
     6.011733505,242224,,br_misp_retired.all_branches,43203423,100.00,,
     6.111926630,32595766,,inst_retired.any,44682671,100.00,127.5,IpMispredict
     6.111926630,272409,,br_misp_retired.all_branches,44682671,100.00,,
     6.212123324,32654923,,inst_retired.any,44682262,100.00,127.7,IpMispredict
     6.212123324,260256,,br_misp_retired.all_branches,44682262,100.00,,
     6.312316595,32552226,,inst_retired.any,43900702,100.00,127.4,IpMispredict
     6.312316595,248174,,br_misp_retired.all_branches,43900702,100.00,,
     6.412507739,32729298,,inst_retired.any,43780853,100.00,128.1,IpMispredict
     6.412507739,249113,,br_misp_retired.all_branches,43780853,100.00,,
     6.512699440,32554231,,inst_retired.any,42617790,100.00,127.4,IpMispredict
     6.512699440,255842,,br_misp_retired.all_branches,42617790,100.00,,
     6.612894603,32546245,,inst_retired.any,43883707,100.00,127.5,IpMispredict
     6.612894603,241012,,br_misp_retired.all_branches,43883707,100.00,,
     6.713088990,33028945,,inst_retired.any,44922197,100.00,129.4,IpMispredict
     6.713088990,258920,,br_misp_retired.all_branches,44922197,100.00,,
     6.813285296,31993770,,inst_retired.any,42677157,100.00,125.3,IpMispredict
     6.813285296,261291,,br_misp_retired.all_branches,42677157,100.00,,
     6.913477064,32980938,,inst_retired.any,42587298,100.00,129.1,IpMispredict
     6.913477064,261683,,br_misp_retired.all_branches,42587298,100.00,,
     7.013669968,32714824,,inst_retired.any,44940366,100.00,128.1,IpMispredict
     7.013669968,255330,,br_misp_retired.all_branches,44940366,100.00,,
     7.113865933,32562678,,inst_retired.any,43677266,100.00,127.4,IpMispredict
     7.113865933,262577,,br_misp_retired.all_branches,43677266,100.00,,
     7.214057344,32748454,,inst_retired.any,44395452,100.00,128.1,IpMispredict
     7.214057344,258501,,br_misp_retired.all_branches,44395452,100.00,,
     7.314250120,32598197,,inst_retired.any,43299253,100.00,127.6,IpMispredict
     7.314250120,238885,,br_misp_retired.all_branches,43299253,100.00,,
     7.414445894,32599097,,inst_retired.any,43694404,100.00,127.8,IpMispredict
     7.414445894,236654,,br_misp_retired.all_branches,43694404,100.00,,
     7.514637315,32466287,,inst_retired.any,43748662,100.00,127.3,IpMispredict
     7.514637315,251914,,br_misp_retired.all_branches,43748662,100.00,,
     7.614833892,32723464,,inst_retired.any,44354889,100.00,128.3,IpMispredict
     7.614833892,254293,,br_misp_retired.all_branches,44354889,100.00,,
     7.715032783,32764136,,inst_retired.any,44022706,100.00,128.4,IpMispredict
     7.715032783,262354,,br_misp_retired.all_branches,44022706,100.00,,
     7.815225800,32622041,,inst_retired.any,43907233,100.00,127.9,IpMispredict
     7.815225800,254185,,br_misp_retired.all_branches,43907233,100.00,,
     7.915418380,32827494,,inst_retired.any,44200239,100.00,128.7,IpMispredict
     7.915418380,253797,,br_misp_retired.all_branches,44200239,100.00,,
     8.015611007,32424830,,inst_retired.any,42657780,100.00,127.1,IpMispredict
     8.015611007,252945,,br_misp_retired.all_branches,42657780,100.00,,
     8.115805268,32710069,,inst_retired.any,44542074,100.00,128.2,IpMispredict
     8.115805268,264558,,br_misp_retired.all_branches,44542074,100.00,,
     8.215999929,32889349,,inst_retired.any,43966351,100.00,128.8,IpMispredict
     8.215999929,258881,,br_misp_retired.all_branches,43966351,100.00,,
     8.316213093,32381480,,inst_retired.any,43606807,100.00,126.9,IpMispredict
     8.316213093,243074,,br_misp_retired.all_branches,43606807,100.00,,
     8.416410484,32637376,,inst_retired.any,44132413,100.00,127.9,IpMispredict
     8.416410484,261066,,br_misp_retired.all_branches,44132413,100.00,,
     8.516605360,32371628,,inst_retired.any,43964909,100.00,127.0,IpMispredict
     8.516605360,237519,,br_misp_retired.all_branches,43964909,100.00,,
     8.616797813,32647868,,inst_retired.any,43664868,100.00,128.1,IpMispredict
     8.616797813,245091,,br_misp_retired.all_branches,43664868,100.00,,
     8.716990159,32972797,,inst_retired.any,44403697,100.00,129.3,IpMispredict
     8.716990159,273523,,br_misp_retired.all_branches,44403697,100.00,,
     8.817186427,32680763,,inst_retired.any,44543772,100.00,128.2,IpMispredict
     8.817186427,244430,,br_misp_retired.all_branches,44543772,100.00,,
     8.917382919,32210682,,inst_retired.any,43586224,100.00,126.4,IpMispredict
     8.917382919,248789,,br_misp_retired.all_branches,43586224,100.00,,
     9.017574847,32909607,,inst_retired.any,43831223,100.00,129.2,IpMispredict
     9.017574847,239888,,br_misp_retired.all_branches,43831223,100.00,,
     9.117772186,32607422,,inst_retired.any,43778424,100.00,128.1,IpMispredict
     9.117772186,246156,,br_misp_retired.all_branches,43778424,100.00,,
     9.217964702,32395949,,inst_retired.any,43820757,100.00,127.3,IpMispredict
     9.217964702,238307,,br_misp_retired.all_branches,43820757,100.00,,
     9.318159543,32940694,,inst_retired.any,44855635,100.00,129.4,IpMispredict
     9.318159543,263455,,br_misp_retired.all_branches,44855635,100.00,,
     9.418355020,32828418,,inst_retired.any,43078103,100.00,128.9,IpMispredict
     9.418355020,264646,,br_misp_retired.all_branches,43078103,100.00,,
     9.518552006,32598327,,inst_retired.any,43976026,100.00,128.0,IpMispredict
     9.518552006,251545,,br_misp_retired.all_branches,43976026,100.00,,
     9.618751422,32364376,,inst_retired.any,44650896,100.00,127.1,IpMispredict
     9.618751422,263833,,br_misp_retired.all_branches,44650896,100.00,,
     9.718945702,32863404,,inst_retired.any,45213709,100.00,129.0,IpMispredict
     9.718945702,265861,,br_misp_retired.all_branches,45213709,100.00,,
     9.819152946,32759565,,inst_retired.any,44341206,100.00,128.5,IpMispredict
     9.819152946,255605,,br_misp_retired.all_branches,44341206,100.00,,
     9.919353906,32485654,,inst_retired.any,44545814,100.00,127.4,IpMispredict
     9.919353906,267245,,br_misp_retired.all_branches,44545814,100.00,,
    10.019553976,32672801,,inst_retired.any,44262113,100.00,128.1,IpMispredict
    10.019553976,261731,,br_misp_retired.all_branches,44262113,100.00,,
    10.119750879,32588420,,inst_retired.any,44435725,100.00,127.7,IpMispredict
    10.119750879,261911,,br_misp_retired.all_branches,44435725,100.00,,
    10.219942524,32875503,,inst_retired.any,44834592,100.00,128.8,IpMispredict
    10.219942524,266809,,br_misp_retired.all_branches,44834592,100.00,,
    10.320143458,32480568,,inst_retired.any,44088437,100.00,127.2,IpMispredict
    10.320143458,267300,,br_misp_retired.all_branches,44088437,100.00,,
    10.420338361,32771875,,inst_retired.any,44535765,100.00,128.4,IpMispredict
    10.420338361,252022,,br_misp_retired.all_branches,44535765,100.00,,
    10.520529293,33304189,,inst_retired.any,44282277,100.00,130.4,IpMispredict
    10.520529293,265459,,br_misp_retired.all_branches,44282277,100.00,,
    10.620721505,32243835,,inst_retired.any,43520442,100.00,126.2,IpMispredict
    10.620721505,261003,,br_misp_retired.all_branches,43520442,100.00,,
    10.720914419,32831097,,inst_retired.any,43483390,100.00,128.4,IpMispredict
    10.720914419,279540,,br_misp_retired.all_branches,43483390,100.00,,
    10.821106007,32758763,,inst_retired.any,43535167,100.00,128.1,IpMispredict
    10.821106007,266240,,br_misp_retired.all_branches,43535167,100.00,,
    10.921297831,32703228,,inst_retired.any,43032729,100.00,127.7,IpMispredict
    10.921297831,281436,,br_misp_retired.all_branches,43032729,100.00,,
    11.021509642,32485680,,inst_retired.any,43769965,100.00,126.9,IpMispredict
    11.021509642,248227,,br_misp_retired.all_branches,43769965,100.00,,
