# started on Tue May  2 14:15:02 2023

     0.100171788,65041080,,inst_retired.any,55544728,100.00,138.1,IpMispredict
     0.100171788,470861,,br_misp_retired.all_branches,55544728,100.00,,
     0.200407478,65197826,,inst_retired.any,55850382,100.00,138.4,IpMispredict
     0.200407478,471022,,br_misp_retired.all_branches,55850382,100.00,,
     0.300608683,65059016,,inst_retired.any,55784809,100.00,138.3,IpMispredict
     0.300608683,469872,,br_misp_retired.all_branches,55784809,100.00,,
     0.400805733,65274982,,inst_retired.any,55643783,100.00,138.5,IpMispredict
     0.400805733,473256,,br_misp_retired.all_branches,55643783,100.00,,
     0.501005864,64830601,,inst_retired.any,55455668,100.00,137.8,IpMispredict
     0.501005864,467215,,br_misp_retired.all_branches,55455668,100.00,,
     0.601203291,65371370,,inst_retired.any,55886762,100.00,138.8,IpMispredict
     0.601203291,473613,,br_misp_retired.all_branches,55886762,100.00,,
     0.701405349,65330847,,inst_retired.any,55808777,100.00,138.8,IpMispredict
     0.701405349,469856,,br_misp_retired.all_branches,55808777,100.00,,
     0.801604670,65031008,,inst_retired.any,55600795,100.00,138.2,IpMispredict
     0.801604670,468889,,br_misp_retired.all_branches,55600795,100.00,,
     0.901804590,65143746,,inst_retired.any,55787092,100.00,138.4,IpMispredict
     0.901804590,472374,,br_misp_retired.all_branches,55787092,100.00,,
     1.002004557,64734277,,inst_retired.any,55385950,100.00,137.5,IpMispredict
     1.002004557,469797,,br_misp_retired.all_branches,55385950,100.00,,
     1.102204793,65457334,,inst_retired.any,55846233,100.00,139.0,IpMispredict
     1.102204793,473315,,br_misp_retired.all_branches,55846233,100.00,,
     1.202401044,64807643,,inst_retired.any,55274314,100.00,137.7,IpMispredict
     1.202401044,466708,,br_misp_retired.all_branches,55274314,100.00,,
     1.302597052,65365940,,inst_retired.any,55854430,100.00,138.9,IpMispredict
     1.302597052,470880,,br_misp_retired.all_branches,55854430,100.00,,
     1.402794168,65046487,,inst_retired.any,55515864,100.00,138.2,IpMispredict
     1.402794168,469724,,br_misp_retired.all_branches,55515864,100.00,,
     1.502992834,65387966,,inst_retired.any,56036162,100.00,138.9,IpMispredict
     1.502992834,473911,,br_misp_retired.all_branches,56036162,100.00,,
     1.603188671,65466118,,inst_retired.any,55702036,100.00,139.0,IpMispredict
     1.603188671,472609,,br_misp_retired.all_branches,55702036,100.00,,
     1.703387642,64740792,,inst_retired.any,55191835,100.00,137.6,IpMispredict
     1.703387642,464518,,br_misp_retired.all_branches,55191835,100.00,,
     1.803632432,65024844,,inst_retired.any,55425523,100.00,138.2,IpMispredict
     1.803632432,468318,,br_misp_retired.all_branches,55425523,100.00,,
     1.903832068,65215948,,inst_retired.any,55793888,100.00,138.6,IpMispredict
     1.903832068,472267,,br_misp_retired.all_branches,55793888,100.00,,
     2.004029608,65161782,,inst_retired.any,55700683,100.00,138.5,IpMispredict
     2.004029608,471136,,br_misp_retired.all_branches,55700683,100.00,,
     2.104228519,65269519,,inst_retired.any,55612398,100.00,138.7,IpMispredict
     2.104228519,469390,,br_misp_retired.all_branches,55612398,100.00,,
     2.204427707,65991373,,inst_retired.any,56238902,100.00,140.2,IpMispredict
     2.204427707,475605,,br_misp_retired.all_branches,56238902,100.00,,
     2.304623169,65315200,,inst_retired.any,56090144,100.00,138.8,IpMispredict
     2.304623169,471858,,br_misp_retired.all_branches,56090144,100.00,,
     2.404823048,65122910,,inst_retired.any,55725977,100.00,138.3,IpMispredict
     2.404823048,470544,,br_misp_retired.all_branches,55725977,100.00,,
     2.505020555,64888415,,inst_retired.any,55345906,100.00,137.9,IpMispredict
     2.505020555,469509,,br_misp_retired.all_branches,55345906,100.00,,
     2.605216099,64944053,,inst_retired.any,55576421,100.00,138.0,IpMispredict
     2.605216099,470948,,br_misp_retired.all_branches,55576421,100.00,,
     2.705412085,66026319,,inst_retired.any,56406486,100.00,140.2,IpMispredict
     2.705412085,476503,,br_misp_retired.all_branches,56406486,100.00,,
     2.805625773,65396519,,inst_retired.any,56198159,100.00,138.8,IpMispredict
     2.805625773,477610,,br_misp_retired.all_branches,56198159,100.00,,
     2.905822990,65646072,,inst_retired.any,56210453,100.00,139.3,IpMispredict
     2.905822990,475136,,br_misp_retired.all_branches,56210453,100.00,,
     3.006016882,65218473,,inst_retired.any,55835844,100.00,138.4,IpMispredict
     3.006016882,472190,,br_misp_retired.all_branches,55835844,100.00,,
     3.106211927,65293321,,inst_retired.any,55656846,100.00,138.5,IpMispredict
     3.106211927,470071,,br_misp_retired.all_branches,55656846,100.00,,
     3.206406725,64835408,,inst_retired.any,55211533,100.00,137.6,IpMispredict
     3.206406725,467577,,br_misp_retired.all_branches,55211533,100.00,,
     3.306603390,65508988,,inst_retired.any,55754089,100.00,139.0,IpMispredict
     3.306603390,470966,,br_misp_retired.all_branches,55754089,100.00,,
     3.406797181,64787123,,inst_retired.any,55199665,100.00,137.5,IpMispredict
     3.406797181,468459,,br_misp_retired.all_branches,55199665,100.00,,
     3.506996973,65369839,,inst_retired.any,56101911,100.00,138.8,IpMispredict
     3.506996973,471716,,br_misp_retired.all_branches,56101911,100.00,,
     3.607196725,65046107,,inst_retired.any,55378383,100.00,138.1,IpMispredict
     3.607196725,466471,,br_misp_retired.all_branches,55378383,100.00,,
     3.707395777,65100807,,inst_retired.any,55357579,100.00,138.3,IpMispredict
     3.707395777,466896,,br_misp_retired.all_branches,55357579,100.00,,
     3.807618455,65049755,,inst_retired.any,55583839,100.00,138.2,IpMispredict
     3.807618455,466645,,br_misp_retired.all_branches,55583839,100.00,,
     3.907817760,64945828,,inst_retired.any,55384264,100.00,138.0,IpMispredict
     3.907817760,467986,,br_misp_retired.all_branches,55384264,100.00,,
     4.008020127,65730800,,inst_retired.any,55876336,100.00,139.6,IpMispredict
     4.008020127,472428,,br_misp_retired.all_branches,55876336,100.00,,
     4.108220819,64830344,,inst_retired.any,55105340,100.00,137.8,IpMispredict
     4.108220819,461400,,br_misp_retired.all_branches,55105340,100.00,,
     4.208416034,65043345,,inst_retired.any,55358267,100.00,138.3,IpMispredict
     4.208416034,464870,,br_misp_retired.all_branches,55358267,100.00,,
     4.308611520,65080528,,inst_retired.any,56480578,100.00,138.4,IpMispredict
     4.308611520,466425,,br_misp_retired.all_branches,56480578,100.00,,
     4.408809284,65050788,,inst_retired.any,55605131,100.00,138.3,IpMispredict
     4.408809284,468410,,br_misp_retired.all_branches,55605131,100.00,,
     4.509009063,65767313,,inst_retired.any,56321393,100.00,139.8,IpMispredict
     4.509009063,474973,,br_misp_retired.all_branches,56321393,100.00,,
     4.609211919,64874496,,inst_retired.any,55212544,100.00,137.9,IpMispredict
     4.609211919,469625,,br_misp_retired.all_branches,55212544,100.00,,
     4.709408176,65054160,,inst_retired.any,55424674,100.00,138.3,IpMispredict
     4.709408176,468382,,br_misp_retired.all_branches,55424674,100.00,,
     4.809603037,64941327,,inst_retired.any,55194450,100.00,138.1,IpMispredict
     4.809603037,467603,,br_misp_retired.all_branches,55194450,100.00,,
     4.909802676,65020700,,inst_retired.any,55468911,100.00,138.3,IpMispredict
     4.909802676,468538,,br_misp_retired.all_branches,55468911,100.00,,
     5.010000543,65735749,,inst_retired.any,56267181,100.00,139.8,IpMispredict
     5.010000543,475475,,br_misp_retired.all_branches,56267181,100.00,,
     5.110196476,64675183,,inst_retired.any,55226700,100.00,137.5,IpMispredict
     5.110196476,465938,,br_misp_retired.all_branches,55226700,100.00,,
     5.210389830,65329367,,inst_retired.any,55560403,100.00,138.9,IpMispredict
     5.210389830,472083,,br_misp_retired.all_branches,55560403,100.00,,
     5.310586502,64943455,,inst_retired.any,55307095,100.00,138.1,IpMispredict
     5.310586502,465865,,br_misp_retired.all_branches,55307095,100.00,,
     5.410782599,65477008,,inst_retired.any,55776543,100.00,139.2,IpMispredict
     5.410782599,473352,,br_misp_retired.all_branches,55776543,100.00,,
     5.511005862,65236063,,inst_retired.any,55979193,100.00,138.7,IpMispredict
     5.511005862,471747,,br_misp_retired.all_branches,55979193,100.00,,
     5.611199937,64842811,,inst_retired.any,55435002,100.00,137.9,IpMispredict
     5.611199937,470011,,br_misp_retired.all_branches,55435002,100.00,,
     5.711399669,65367068,,inst_retired.any,55623969,100.00,139.0,IpMispredict
     5.711399669,466994,,br_misp_retired.all_branches,55623969,100.00,,
     5.811651549,65311860,,inst_retired.any,55654035,100.00,138.9,IpMispredict
     5.811651549,466407,,br_misp_retired.all_branches,55654035,100.00,,
     5.911848471,64922739,,inst_retired.any,55494433,100.00,138.1,IpMispredict
     5.911848471,468193,,br_misp_retired.all_branches,55494433,100.00,,
     6.012043754,65743536,,inst_retired.any,56384669,100.00,139.8,IpMispredict
     6.012043754,473840,,br_misp_retired.all_branches,56384669,100.00,,
     6.112238496,64785742,,inst_retired.any,55238488,100.00,137.8,IpMispredict
     6.112238496,466725,,br_misp_retired.all_branches,55238488,100.00,,
     6.212433531,65079754,,inst_retired.any,55589194,100.00,138.4,IpMispredict
     6.212433531,468232,,br_misp_retired.all_branches,55589194,100.00,,
     6.312626574,66373860,,inst_retired.any,56072352,100.00,141.2,IpMispredict
     6.312626574,472027,,br_misp_retired.all_branches,56072352,100.00,,
     6.412821151,64880928,,inst_retired.any,55445586,100.00,138.0,IpMispredict
     6.412821151,468250,,br_misp_retired.all_branches,55445586,100.00,,
     6.513016489,65768282,,inst_retired.any,55931755,100.00,139.9,IpMispredict
     6.513016489,472053,,br_misp_retired.all_branches,55931755,100.00,,
     6.613211457,64845398,,inst_retired.any,55265610,100.00,138.0,IpMispredict
     6.613211457,467436,,br_misp_retired.all_branches,55265610,100.00,,
     6.713408732,65011114,,inst_retired.any,55413158,100.00,138.3,IpMispredict
     6.713408732,464810,,br_misp_retired.all_branches,55413158,100.00,,
     6.813601976,65200426,,inst_retired.any,55389632,100.00,138.7,IpMispredict
     6.813601976,468092,,br_misp_retired.all_branches,55389632,100.00,,
     6.913801097,65003631,,inst_retired.any,55354811,100.00,138.3,IpMispredict
     6.913801097,468996,,br_misp_retired.all_branches,55354811,100.00,,
     7.014001220,65188406,,inst_retired.any,55709601,100.00,138.7,IpMispredict
     7.014001220,469682,,br_misp_retired.all_branches,55709601,100.00,,
     7.114197282,65130450,,inst_retired.any,55580755,100.00,138.6,IpMispredict
     7.114197282,470911,,br_misp_retired.all_branches,55580755,100.00,,
     7.214394409,66090978,,inst_retired.any,55999032,100.00,140.6,IpMispredict
     7.214394409,477186,,br_misp_retired.all_branches,55999032,100.00,,
     7.314589587,65337123,,inst_retired.any,55515254,100.00,139.0,IpMispredict
     7.314589587,467063,,br_misp_retired.all_branches,55515254,100.00,,
     7.414783371,65026040,,inst_retired.any,55468238,100.00,138.4,IpMispredict
     7.414783371,469182,,br_misp_retired.all_branches,55468238,100.00,,
     7.514977560,64816152,,inst_retired.any,55180200,100.00,137.9,IpMispredict
     7.514977560,467271,,br_misp_retired.all_branches,55180200,100.00,,
     7.615173372,65413516,,inst_retired.any,55728950,100.00,139.2,IpMispredict
     7.615173372,471468,,br_misp_retired.all_branches,55728950,100.00,,
     7.715370551,65280999,,inst_retired.any,55472234,100.00,138.9,IpMispredict
     7.715370551,468744,,br_misp_retired.all_branches,55472234,100.00,,
     7.815565582,65151854,,inst_retired.any,55206338,100.00,138.6,IpMispredict
     7.815565582,467606,,br_misp_retired.all_branches,55206338,100.00,,
     7.915760509,64900712,,inst_retired.any,55403254,100.00,138.1,IpMispredict
     7.915760509,468587,,br_misp_retired.all_branches,55403254,100.00,,
     8.015956920,65476295,,inst_retired.any,55819493,100.00,139.3,IpMispredict
     8.015956920,475376,,br_misp_retired.all_branches,55819493,100.00,,
     8.116152072,65201869,,inst_retired.any,55874010,100.00,138.7,IpMispredict
     8.116152072,472744,,br_misp_retired.all_branches,55874010,100.00,,
     8.216347721,64883629,,inst_retired.any,55344264,100.00,138.1,IpMispredict
     8.216347721,468436,,br_misp_retired.all_branches,55344264,100.00,,
     8.316560619,65076127,,inst_retired.any,55355504,100.00,138.5,IpMispredict
     8.316560619,468173,,br_misp_retired.all_branches,55355504,100.00,,
     8.416755770,65353047,,inst_retired.any,55380018,100.00,139.1,IpMispredict
     8.416755770,469989,,br_misp_retired.all_branches,55380018,100.00,,
     8.516952144,65091729,,inst_retired.any,55464321,100.00,138.5,IpMispredict
     8.516952144,468159,,br_misp_retired.all_branches,55464321,100.00,,
     8.617150713,65551080,,inst_retired.any,55892463,100.00,139.5,IpMispredict
     8.617150713,474253,,br_misp_retired.all_branches,55892463,100.00,,
     8.717344411,65029922,,inst_retired.any,55216516,100.00,138.4,IpMispredict
     8.717344411,470093,,br_misp_retired.all_branches,55216516,100.00,,
     8.817541122,65036665,,inst_retired.any,55473295,100.00,138.4,IpMispredict
     8.817541122,469745,,br_misp_retired.all_branches,55473295,100.00,,
     8.917734894,65227413,,inst_retired.any,55641434,100.00,138.8,IpMispredict
     8.917734894,470583,,br_misp_retired.all_branches,55641434,100.00,,
     9.017929393,64545902,,inst_retired.any,54930319,100.00,137.3,IpMispredict
     9.017929393,464611,,br_misp_retired.all_branches,54930319,100.00,,
     9.118128031,65229713,,inst_retired.any,55701952,100.00,138.8,IpMispredict
     9.118128031,468551,,br_misp_retired.all_branches,55701952,100.00,,
     9.218324482,65094863,,inst_retired.any,55506278,100.00,138.5,IpMispredict
     9.218324482,468045,,br_misp_retired.all_branches,55506278,100.00,,
     9.318518824,65547146,,inst_retired.any,55783676,100.00,139.5,IpMispredict
     9.318518824,469697,,br_misp_retired.all_branches,55783676,100.00,,
     9.418712335,65257257,,inst_retired.any,55982282,100.00,138.9,IpMispredict
     9.418712335,469976,,br_misp_retired.all_branches,55982282,100.00,,
     9.518907590,64846551,,inst_retired.any,55124038,100.00,138.0,IpMispredict
     9.518907590,465426,,br_misp_retired.all_branches,55124038,100.00,,
     9.619107996,65071023,,inst_retired.any,55512982,100.00,138.5,IpMispredict
     9.619107996,469205,,br_misp_retired.all_branches,55512982,100.00,,
     9.719310812,65413931,,inst_retired.any,55605708,100.00,139.2,IpMispredict
     9.719310812,469497,,br_misp_retired.all_branches,55605708,100.00,,
     9.819516470,64845155,,inst_retired.any,55060056,100.00,138.0,IpMispredict
     9.819516470,463362,,br_misp_retired.all_branches,55060056,100.00,,
     9.919719316,65061265,,inst_retired.any,55454413,100.00,138.5,IpMispredict
     9.919719316,469634,,br_misp_retired.all_branches,55454413,100.00,,
    10.019917907,65823333,,inst_retired.any,56159570,100.00,140.1,IpMispredict
    10.019917907,476407,,br_misp_retired.all_branches,56159570,100.00,,
    10.120116647,65123042,,inst_retired.any,55540168,100.00,138.6,IpMispredict
    10.120116647,469869,,br_misp_retired.all_branches,55540168,100.00,,
    10.220313201,64997558,,inst_retired.any,55277266,100.00,138.3,IpMispredict
    10.220313201,465623,,br_misp_retired.all_branches,55277266,100.00,,
    10.320505842,64961017,,inst_retired.any,55186071,100.00,138.3,IpMispredict
    10.320505842,464982,,br_misp_retired.all_branches,55186071,100.00,,
    10.420703212,65131011,,inst_retired.any,55451895,100.00,138.7,IpMispredict
    10.420703212,466777,,br_misp_retired.all_branches,55451895,100.00,,
    10.520899989,64945200,,inst_retired.any,55332237,100.00,138.3,IpMispredict
    10.520899989,463343,,br_misp_retired.all_branches,55332237,100.00,,
    10.621097211,65312708,,inst_retired.any,55568067,100.00,139.1,IpMispredict
    10.621097211,467914,,br_misp_retired.all_branches,55568067,100.00,,
    10.721294040,64967164,,inst_retired.any,55367026,100.00,138.3,IpMispredict
    10.721294040,467024,,br_misp_retired.all_branches,55367026,100.00,,
    10.821490668,65446030,,inst_retired.any,55528931,100.00,139.4,IpMispredict
    10.821490668,469050,,br_misp_retired.all_branches,55528931,100.00,,
    10.921687873,65090770,,inst_retired.any,55509548,100.00,138.6,IpMispredict
    10.921687873,470132,,br_misp_retired.all_branches,55509548,100.00,,
    11.021904287,64983940,,inst_retired.any,55595861,100.00,138.4,IpMispredict
    11.021904287,467488,,br_misp_retired.all_branches,55595861,100.00,,
