# started on Tue May  2 14:17:01 2023

     0.100201444,6363495,,offcore_response.all_requests.llc_hit.any_response,55743654,100.00,,
     0.100201444,492,,offcore_response.all_requests.llc_miss.any_response,55709010,100.00,,
     0.200435564,6427690,,offcore_response.all_requests.llc_hit.any_response,55863880,100.00,,
     0.200435564,544,,offcore_response.all_requests.llc_miss.any_response,55888981,100.00,,
     0.300639120,6400106,,offcore_response.all_requests.llc_hit.any_response,55457555,100.00,,
     0.300639120,395,,offcore_response.all_requests.llc_miss.any_response,55457431,100.00,,
     0.400841583,6411509,,offcore_response.all_requests.llc_hit.any_response,55393694,100.00,,
     0.400841583,459,,offcore_response.all_requests.llc_miss.any_response,55368717,100.00,,
     0.501041110,6389587,,offcore_response.all_requests.llc_hit.any_response,55362353,100.00,,
     0.501041110,325,,offcore_response.all_requests.llc_miss.any_response,55384263,100.00,,
     0.601240022,6407729,,offcore_response.all_requests.llc_hit.any_response,55647516,100.00,,
     0.601240022,374,,offcore_response.all_requests.llc_miss.any_response,55635502,100.00,,
     0.701439395,6435292,,offcore_response.all_requests.llc_hit.any_response,55803178,100.00,,
     0.701439395,414,,offcore_response.all_requests.llc_miss.any_response,55817899,100.00,,
     0.801640479,6351898,,offcore_response.all_requests.llc_hit.any_response,55271870,100.00,,
     0.801640479,326,,offcore_response.all_requests.llc_miss.any_response,55247253,100.00,,
     0.901839527,6389761,,offcore_response.all_requests.llc_hit.any_response,55483598,100.00,,
     0.901839527,355,,offcore_response.all_requests.llc_miss.any_response,55493316,100.00,,
     1.002040614,6379405,,offcore_response.all_requests.llc_hit.any_response,55410194,100.00,,
     1.002040614,379,,offcore_response.all_requests.llc_miss.any_response,55400476,100.00,,
     1.102239111,6377930,,offcore_response.all_requests.llc_hit.any_response,55314606,100.00,,
     1.102239111,365,,offcore_response.all_requests.llc_miss.any_response,55339248,100.00,,
     1.202440222,6362477,,offcore_response.all_requests.llc_hit.any_response,55246940,100.00,,
     1.202440222,355,,offcore_response.all_requests.llc_miss.any_response,55222298,100.00,,
     1.302637437,6381173,,offcore_response.all_requests.llc_hit.any_response,55434035,100.00,,
     1.302637437,461,,offcore_response.all_requests.llc_miss.any_response,55449975,100.00,,
     1.402837230,6417685,,offcore_response.all_requests.llc_hit.any_response,55805413,100.00,,
     1.402837230,365,,offcore_response.all_requests.llc_miss.any_response,55814448,100.00,,
     1.503038719,6324159,,offcore_response.all_requests.llc_hit.any_response,54945356,100.00,,
     1.503038719,292,,offcore_response.all_requests.llc_miss.any_response,54945131,100.00,,
     1.603242582,6392222,,offcore_response.all_requests.llc_hit.any_response,55639432,100.00,,
     1.603242582,513,,offcore_response.all_requests.llc_miss.any_response,55632754,100.00,,
     1.703444884,6418640,,offcore_response.all_requests.llc_hit.any_response,55682603,100.00,,
     1.703444884,452,,offcore_response.all_requests.llc_miss.any_response,55680148,100.00,,
     1.803655066,6344549,,offcore_response.all_requests.llc_hit.any_response,55323579,100.00,,
     1.803655066,347,,offcore_response.all_requests.llc_miss.any_response,55326743,100.00,,
     1.903858144,6438740,,offcore_response.all_requests.llc_hit.any_response,55766769,100.00,,
     1.903858144,459,,offcore_response.all_requests.llc_miss.any_response,55747988,100.00,,
     2.004056484,6440108,,offcore_response.all_requests.llc_hit.any_response,55715526,100.00,,
     2.004056484,460,,offcore_response.all_requests.llc_miss.any_response,55725607,100.00,,
     2.104259585,6381095,,offcore_response.all_requests.llc_hit.any_response,55305266,100.00,,
     2.104259585,354,,offcore_response.all_requests.llc_miss.any_response,55295185,100.00,,
     2.204455954,6411203,,offcore_response.all_requests.llc_hit.any_response,55571460,100.00,,
     2.204455954,348,,offcore_response.all_requests.llc_miss.any_response,55596589,100.00,,
     2.304680396,6444887,,offcore_response.all_requests.llc_hit.any_response,55904728,100.00,,
     2.304680396,343,,offcore_response.all_requests.llc_miss.any_response,55904264,100.00,,
     2.404882556,6334304,,offcore_response.all_requests.llc_hit.any_response,54953637,100.00,,
     2.404882556,347,,offcore_response.all_requests.llc_miss.any_response,54939039,100.00,,
     2.505083077,6448864,,offcore_response.all_requests.llc_hit.any_response,55899830,100.00,,
     2.505083077,397,,offcore_response.all_requests.llc_miss.any_response,55904597,100.00,,
     2.605284418,6429578,,offcore_response.all_requests.llc_hit.any_response,55611124,100.00,,
     2.605284418,481,,offcore_response.all_requests.llc_miss.any_response,55596290,100.00,,
     2.705481075,6350069,,offcore_response.all_requests.llc_hit.any_response,54871440,100.00,,
     2.705481075,311,,offcore_response.all_requests.llc_miss.any_response,54896083,100.00,,
     2.805681339,6422974,,offcore_response.all_requests.llc_hit.any_response,55505816,100.00,,
     2.805681339,359,,offcore_response.all_requests.llc_miss.any_response,55481173,100.00,,
     2.905880441,6379495,,offcore_response.all_requests.llc_hit.any_response,55008414,100.00,,
     2.905880441,430,,offcore_response.all_requests.llc_miss.any_response,55033241,100.00,,
     3.006081652,6394691,,offcore_response.all_requests.llc_hit.any_response,55436142,100.00,,
     3.006081652,420,,offcore_response.all_requests.llc_miss.any_response,55411315,100.00,,
     3.106279341,6416310,,offcore_response.all_requests.llc_hit.any_response,55629477,100.00,,
     3.106279341,1166,,offcore_response.all_requests.llc_miss.any_response,55629477,100.00,,
     3.206475459,6390296,,offcore_response.all_requests.llc_hit.any_response,55483147,100.00,,
     3.206475459,556,,offcore_response.all_requests.llc_miss.any_response,55503912,100.00,,
     3.306675035,6399833,,offcore_response.all_requests.llc_hit.any_response,55095514,100.00,,
     3.306675035,505,,offcore_response.all_requests.llc_miss.any_response,55090032,100.00,,
     3.406875720,6419913,,offcore_response.all_requests.llc_hit.any_response,55529664,100.00,,
     3.406875720,412,,offcore_response.all_requests.llc_miss.any_response,55539220,100.00,,
     3.507078692,6433262,,offcore_response.all_requests.llc_hit.any_response,55750786,100.00,,
     3.507078692,360,,offcore_response.all_requests.llc_miss.any_response,55750712,100.00,,
     3.607281138,6386379,,offcore_response.all_requests.llc_hit.any_response,55572675,100.00,,
     3.607281138,371,,offcore_response.all_requests.llc_miss.any_response,55572889,100.00,,
     3.707525699,6402659,,offcore_response.all_requests.llc_hit.any_response,55487703,100.00,,
     3.707525699,484,,offcore_response.all_requests.llc_miss.any_response,55462724,100.00,,
     3.807722870,6392892,,offcore_response.all_requests.llc_hit.any_response,55775094,100.00,,
     3.807722870,394,,offcore_response.all_requests.llc_miss.any_response,55799979,100.00,,
     3.907925641,6360750,,offcore_response.all_requests.llc_hit.any_response,55572799,100.00,,
     3.907925641,405,,offcore_response.all_requests.llc_miss.any_response,55547914,100.00,,
     4.008124402,6386080,,offcore_response.all_requests.llc_hit.any_response,55484858,100.00,,
     4.008124402,343,,offcore_response.all_requests.llc_miss.any_response,55507620,100.00,,
     4.108328164,6434558,,offcore_response.all_requests.llc_hit.any_response,55846561,100.00,,
     4.108328164,383,,offcore_response.all_requests.llc_miss.any_response,55823799,100.00,,
     4.208523632,6403488,,offcore_response.all_requests.llc_hit.any_response,55557366,100.00,,
     4.208523632,375,,offcore_response.all_requests.llc_miss.any_response,55575123,100.00,,
     4.308725250,6406094,,offcore_response.all_requests.llc_hit.any_response,55611388,100.00,,
     4.308725250,279,,offcore_response.all_requests.llc_miss.any_response,55610065,100.00,,
     4.408924899,6400416,,offcore_response.all_requests.llc_hit.any_response,55347798,100.00,,
     4.408924899,443,,offcore_response.all_requests.llc_miss.any_response,55356337,100.00,,
     4.509145982,6363901,,offcore_response.all_requests.llc_hit.any_response,55129395,100.00,,
     4.509145982,333,,offcore_response.all_requests.llc_miss.any_response,55129291,100.00,,
     4.609347353,6425295,,offcore_response.all_requests.llc_hit.any_response,55527299,100.00,,
     4.609347353,386,,offcore_response.all_requests.llc_miss.any_response,55502430,100.00,,
     4.709545870,6462418,,offcore_response.all_requests.llc_hit.any_response,55712185,100.00,,
     4.709545870,380,,offcore_response.all_requests.llc_miss.any_response,55712185,100.00,,
     4.809744454,6437011,,offcore_response.all_requests.llc_hit.any_response,55506265,100.00,,
     4.809744454,405,,offcore_response.all_requests.llc_miss.any_response,55506265,100.00,,
     4.909946630,6375386,,offcore_response.all_requests.llc_hit.any_response,55348632,100.00,,
     4.909946630,436,,offcore_response.all_requests.llc_miss.any_response,55348632,100.00,,
     5.010153951,6458576,,offcore_response.all_requests.llc_hit.any_response,55685312,100.00,,
     5.010153951,324,,offcore_response.all_requests.llc_miss.any_response,55685312,100.00,,
     5.110355559,6374744,,offcore_response.all_requests.llc_hit.any_response,55038992,100.00,,
     5.110355559,396,,offcore_response.all_requests.llc_miss.any_response,55038992,100.00,,
     5.210555245,6437207,,offcore_response.all_requests.llc_hit.any_response,55584604,100.00,,
     5.210555245,454,,offcore_response.all_requests.llc_miss.any_response,55584604,100.00,,
     5.310753930,6435147,,offcore_response.all_requests.llc_hit.any_response,55684141,100.00,,
     5.310753930,412,,offcore_response.all_requests.llc_miss.any_response,55708910,100.00,,
     5.410955584,6429751,,offcore_response.all_requests.llc_hit.any_response,55598833,100.00,,
     5.410955584,365,,offcore_response.all_requests.llc_miss.any_response,55598885,100.00,,
     5.511158438,6389184,,offcore_response.all_requests.llc_hit.any_response,55012620,100.00,,
     5.511158438,329,,offcore_response.all_requests.llc_miss.any_response,54987799,100.00,,
     5.611374667,6458209,,offcore_response.all_requests.llc_hit.any_response,55874425,100.00,,
     5.611374667,436,,offcore_response.all_requests.llc_miss.any_response,55892062,100.00,,
     5.711574460,6412644,,offcore_response.all_requests.llc_hit.any_response,55411700,100.00,,
     5.711574460,449,,offcore_response.all_requests.llc_miss.any_response,55418918,100.00,,
     5.811776098,6387527,,offcore_response.all_requests.llc_hit.any_response,55275955,100.00,,
     5.811776098,395,,offcore_response.all_requests.llc_miss.any_response,55262508,100.00,,
     5.911975040,6412407,,offcore_response.all_requests.llc_hit.any_response,55722657,100.00,,
     5.911975040,411,,offcore_response.all_requests.llc_miss.any_response,55736079,100.00,,
     6.012177301,6390559,,offcore_response.all_requests.llc_hit.any_response,55273261,100.00,,
     6.012177301,329,,offcore_response.all_requests.llc_miss.any_response,55273226,100.00,,
     6.112378572,6366018,,offcore_response.all_requests.llc_hit.any_response,55323263,100.00,,
     6.112378572,369,,offcore_response.all_requests.llc_miss.any_response,55298468,100.00,,
     6.212576695,6391400,,offcore_response.all_requests.llc_hit.any_response,55471829,100.00,,
     6.212576695,387,,offcore_response.all_requests.llc_miss.any_response,55497058,100.00,,
     6.312779381,6407510,,offcore_response.all_requests.llc_hit.any_response,55606356,100.00,,
     6.312779381,368,,offcore_response.all_requests.llc_miss.any_response,55605794,100.00,,
     6.412981196,6407140,,offcore_response.all_requests.llc_hit.any_response,55666582,100.00,,
     6.412981196,402,,offcore_response.all_requests.llc_miss.any_response,55666817,100.00,,
     6.513182034,6374076,,offcore_response.all_requests.llc_hit.any_response,55221653,100.00,,
     6.513182034,481,,offcore_response.all_requests.llc_miss.any_response,55221490,100.00,,
     6.613383221,6395848,,offcore_response.all_requests.llc_hit.any_response,55217053,100.00,,
     6.613383221,503,,offcore_response.all_requests.llc_miss.any_response,55203154,100.00,,
     6.713611116,6396061,,offcore_response.all_requests.llc_hit.any_response,55511641,100.00,,
     6.713611116,529,,offcore_response.all_requests.llc_miss.any_response,55525589,100.00,,
     6.813814108,6394059,,offcore_response.all_requests.llc_hit.any_response,55153311,100.00,,
     6.813814108,506,,offcore_response.all_requests.llc_miss.any_response,55128523,100.00,,
     6.914012027,6437285,,offcore_response.all_requests.llc_hit.any_response,55623578,100.00,,
     6.914012027,392,,offcore_response.all_requests.llc_miss.any_response,55648238,100.00,,
     7.014214305,6342830,,offcore_response.all_requests.llc_hit.any_response,54798960,100.00,,
     7.014214305,408,,offcore_response.all_requests.llc_miss.any_response,54774300,100.00,,
     7.114412055,6403370,,offcore_response.all_requests.llc_hit.any_response,55489208,100.00,,
     7.114412055,425,,offcore_response.all_requests.llc_miss.any_response,55502623,100.00,,
     7.214609916,6436546,,offcore_response.all_requests.llc_hit.any_response,55636893,100.00,,
     7.214609916,462,,offcore_response.all_requests.llc_miss.any_response,55648387,100.00,,
     7.314812516,6397448,,offcore_response.all_requests.llc_hit.any_response,54991968,100.00,,
     7.314812516,471,,offcore_response.all_requests.llc_miss.any_response,54980109,100.00,,
     7.415011652,6430050,,offcore_response.all_requests.llc_hit.any_response,55682213,100.00,,
     7.415011652,353,,offcore_response.all_requests.llc_miss.any_response,55693956,100.00,,
     7.515213323,6381926,,offcore_response.all_requests.llc_hit.any_response,55043143,100.00,,
     7.515213323,429,,offcore_response.all_requests.llc_miss.any_response,55039699,100.00,,
     7.615419210,6430890,,offcore_response.all_requests.llc_hit.any_response,55635063,100.00,,
     7.615419210,435,,offcore_response.all_requests.llc_miss.any_response,55649293,100.00,,
     7.715630678,6412101,,offcore_response.all_requests.llc_hit.any_response,55298007,100.00,,
     7.715630678,407,,offcore_response.all_requests.llc_miss.any_response,55262428,100.00,,
     7.815828251,6443179,,offcore_response.all_requests.llc_hit.any_response,55504055,100.00,,
     7.815828251,492,,offcore_response.all_requests.llc_miss.any_response,55504055,100.00,,
     7.916025723,6431562,,offcore_response.all_requests.llc_hit.any_response,55663891,100.00,,
     7.916025723,450,,offcore_response.all_requests.llc_miss.any_response,55680079,100.00,,
     8.016226625,6409441,,offcore_response.all_requests.llc_hit.any_response,55493095,100.00,,
     8.016226625,391,,offcore_response.all_requests.llc_miss.any_response,55501925,100.00,,
     8.116428634,6463004,,offcore_response.all_requests.llc_hit.any_response,55663405,100.00,,
     8.116428634,584,,offcore_response.all_requests.llc_miss.any_response,55663035,100.00,,
     8.216629857,6380847,,offcore_response.all_requests.llc_hit.any_response,55358840,100.00,,
     8.216629857,432,,offcore_response.all_requests.llc_miss.any_response,55359176,100.00,,
     8.316831384,6417499,,offcore_response.all_requests.llc_hit.any_response,55281370,100.00,,
     8.316831384,532,,offcore_response.all_requests.llc_miss.any_response,55275644,100.00,,
     8.417035768,6436149,,offcore_response.all_requests.llc_hit.any_response,55661762,100.00,,
     8.417035768,385,,offcore_response.all_requests.llc_miss.any_response,55642504,100.00,,
     8.517234586,6377690,,offcore_response.all_requests.llc_hit.any_response,55151054,100.00,,
     8.517234586,546,,offcore_response.all_requests.llc_miss.any_response,55175645,100.00,,
     8.617437683,6475589,,offcore_response.all_requests.llc_hit.any_response,55543752,100.00,,
     8.617437683,415,,offcore_response.all_requests.llc_miss.any_response,55544094,100.00,,
     8.717638205,6424800,,offcore_response.all_requests.llc_hit.any_response,56391786,100.00,,
     8.717638205,449,,offcore_response.all_requests.llc_miss.any_response,56391943,100.00,,
     8.817842653,6367368,,offcore_response.all_requests.llc_hit.any_response,55474601,100.00,,
     8.817842653,364,,offcore_response.all_requests.llc_miss.any_response,55459784,100.00,,
     8.918060975,6378784,,offcore_response.all_requests.llc_hit.any_response,55487083,100.00,,
     8.918060975,399,,offcore_response.all_requests.llc_miss.any_response,55501649,100.00,,
     9.018262623,6404205,,offcore_response.all_requests.llc_hit.any_response,55520808,100.00,,
     9.018262623,371,,offcore_response.all_requests.llc_miss.any_response,55520883,100.00,,
     9.118465587,6417843,,offcore_response.all_requests.llc_hit.any_response,55748661,100.00,,
     9.118465587,423,,offcore_response.all_requests.llc_miss.any_response,55748554,100.00,,
     9.218668975,6366998,,offcore_response.all_requests.llc_hit.any_response,55224656,100.00,,
     9.218668975,368,,offcore_response.all_requests.llc_miss.any_response,55213089,100.00,,
     9.318873565,6392464,,offcore_response.all_requests.llc_hit.any_response,55519743,100.00,,
     9.318873565,340,,offcore_response.all_requests.llc_miss.any_response,55531364,100.00,,
     9.419076198,6437588,,offcore_response.all_requests.llc_hit.any_response,55869624,100.00,,
     9.419076198,501,,offcore_response.all_requests.llc_miss.any_response,55844763,100.00,,
     9.519273579,6335386,,offcore_response.all_requests.llc_hit.any_response,55159339,100.00,,
     9.519273579,385,,offcore_response.all_requests.llc_miss.any_response,55184148,100.00,,
     9.619506770,6466970,,offcore_response.all_requests.llc_hit.any_response,56088195,100.00,,
     9.619506770,435,,offcore_response.all_requests.llc_miss.any_response,56088142,100.00,,
     9.719708885,6348068,,offcore_response.all_requests.llc_hit.any_response,55012711,100.00,,
     9.719708885,380,,offcore_response.all_requests.llc_miss.any_response,55012751,100.00,,
     9.819910535,6378358,,offcore_response.all_requests.llc_hit.any_response,55448946,100.00,,
     9.819910535,358,,offcore_response.all_requests.llc_miss.any_response,55446399,100.00,,
     9.920110727,6431054,,offcore_response.all_requests.llc_hit.any_response,55538833,100.00,,
     9.920110727,371,,offcore_response.all_requests.llc_miss.any_response,55525868,100.00,,
    10.020315046,6434326,,offcore_response.all_requests.llc_hit.any_response,55696676,100.00,,
    10.020315046,361,,offcore_response.all_requests.llc_miss.any_response,55687392,100.00,,
    10.120519401,6427824,,offcore_response.all_requests.llc_hit.any_response,55364682,100.00,,
    10.120519401,445,,offcore_response.all_requests.llc_miss.any_response,55364682,100.00,,
    10.220716661,6390006,,offcore_response.all_requests.llc_hit.any_response,55316527,100.00,,
    10.220716661,382,,offcore_response.all_requests.llc_miss.any_response,55340171,100.00,,
    10.320918685,6424919,,offcore_response.all_requests.llc_hit.any_response,55571283,100.00,,
    10.320918685,305,,offcore_response.all_requests.llc_miss.any_response,55572587,100.00,,
    10.421119936,6427671,,offcore_response.all_requests.llc_hit.any_response,55659794,100.00,,
    10.421119936,310,,offcore_response.all_requests.llc_miss.any_response,55659897,100.00,,
    10.521322000,6374557,,offcore_response.all_requests.llc_hit.any_response,55230486,100.00,,
    10.521322000,487,,offcore_response.all_requests.llc_miss.any_response,55230160,100.00,,
    10.621524717,6420293,,offcore_response.all_requests.llc_hit.any_response,55699641,100.00,,
    10.621524717,447,,offcore_response.all_requests.llc_miss.any_response,55685897,100.00,,
    10.721729458,6386858,,offcore_response.all_requests.llc_hit.any_response,55651720,100.00,,
    10.721729458,432,,offcore_response.all_requests.llc_miss.any_response,55665567,100.00,,
    10.821931497,6401942,,offcore_response.all_requests.llc_hit.any_response,55423500,100.00,,
    10.821931497,340,,offcore_response.all_requests.llc_miss.any_response,55419590,100.00,,
    10.922137192,6415822,,offcore_response.all_requests.llc_hit.any_response,55498854,100.00,,
    10.922137192,371,,offcore_response.all_requests.llc_miss.any_response,55477936,100.00,,
    11.022334563,6405571,,offcore_response.all_requests.llc_hit.any_response,55401458,100.00,,
    11.022334563,421,,offcore_response.all_requests.llc_miss.any_response,55401458,100.00,,
