# started on Tue May  2 14:15:15 2023

     0.100171874,98706771,,inst_retired.any,83480484,100.00,139.3,IpMispredict
     0.100171874,708458,,br_misp_retired.all_branches,83480484,100.00,,
     0.200441764,98222239,,inst_retired.any,83231380,100.00,139.4,IpMispredict
     0.200441764,701248,,br_misp_retired.all_branches,83231380,100.00,,
     0.300637516,98226955,,inst_retired.any,83392293,100.00,139.5,IpMispredict
     0.300637516,703112,,br_misp_retired.all_branches,83392293,100.00,,
     0.400835867,98469917,,inst_retired.any,83533360,100.00,139.8,IpMispredict
     0.400835867,704334,,br_misp_retired.all_branches,83533360,100.00,,
     0.501036511,97849548,,inst_retired.any,82841213,100.00,139.1,IpMispredict
     0.501036511,699658,,br_misp_retired.all_branches,82841213,100.00,,
     0.601235012,97219705,,inst_retired.any,82221953,100.00,138.6,IpMispredict
     0.601235012,690408,,br_misp_retired.all_branches,82221953,100.00,,
     0.701432208,42089576,,inst_retired.any,35716489,100.00,65.4,IpMispredict
     0.701432208,300115,,br_misp_retired.all_branches,35716489,100.00,,
     0.801626602,<not counted>,,inst_retired.any,0,100.00,,
     0.801626602,<not counted>,,br_misp_retired.all_branches,0,100.00,,
     0.901806920,50700134,,inst_retired.any,46580642,100.00,93.2,IpMispredict
     0.901806920,390391,,br_misp_retired.all_branches,46580642,100.00,,
     1.002009478,98890090,,inst_retired.any,83529218,100.00,176.2,IpMispredict
     1.002009478,713901,,br_misp_retired.all_branches,83529218,100.00,,
     1.102204806,98710955,,inst_retired.any,83617563,100.00,171.8,IpMispredict
     1.102204806,708108,,br_misp_retired.all_branches,83617563,100.00,,
     1.202407607,98507857,,inst_retired.any,83335336,100.00,168.4,IpMispredict
     1.202407607,700548,,br_misp_retired.all_branches,83335336,100.00,,
     1.302608186,99199949,,inst_retired.any,83736545,100.00,166.9,IpMispredict
     1.302608186,704960,,br_misp_retired.all_branches,83736545,100.00,,
     1.402816605,98717527,,inst_retired.any,83646902,100.00,164.0,IpMispredict
     1.402816605,702356,,br_misp_retired.all_branches,83646902,100.00,,
     1.503021451,98804123,,inst_retired.any,83722057,100.00,162.2,IpMispredict
     1.503021451,707198,,br_misp_retired.all_branches,83722057,100.00,,
     1.603178122,98937484,,inst_retired.any,83768143,100.00,160.8,IpMispredict
     1.603178122,710657,,br_misp_retired.all_branches,83768143,100.00,,
     1.703384057,98283094,,inst_retired.any,83159281,100.00,158.4,IpMispredict
     1.703384057,701530,,br_misp_retired.all_branches,83159281,100.00,,
     1.803581019,42008968,,inst_retired.any,35645834,100.00,69.7,IpMispredict
     1.803581019,299335,,br_misp_retired.all_branches,35645834,100.00,,
     1.903780338,49913503,,inst_retired.any,46939080,100.00,84.4,IpMispredict
     1.903780338,384183,,br_misp_retired.all_branches,46939080,100.00,,
     2.003983230,99514852,,inst_retired.any,83727950,100.00,166.7,IpMispredict
     2.003983230,709410,,br_misp_retired.all_branches,83727950,100.00,,
     2.104180481,39599468,,inst_retired.any,33380166,100.00,68.0,IpMispredict
     2.104180481,283792,,br_misp_retired.all_branches,33380166,100.00,,
     2.204380179,51275033,,inst_retired.any,47271895,100.00,89.4,IpMispredict
     2.204380179,390493,,br_misp_retired.all_branches,47271895,100.00,,
     2.304582706,99541709,,inst_retired.any,84098356,100.00,171.8,IpMispredict
     2.304582706,712660,,br_misp_retired.all_branches,84098356,100.00,,
     2.404781521,99226272,,inst_retired.any,83900787,100.00,169.7,IpMispredict
     2.404781521,708739,,br_misp_retired.all_branches,83900787,100.00,,
     2.504978811,98975933,,inst_retired.any,83757253,100.00,167.8,IpMispredict
     2.504978811,706800,,br_misp_retired.all_branches,83757253,100.00,,
     2.605177642,99157616,,inst_retired.any,84042674,100.00,166.8,IpMispredict
     2.605177642,710878,,br_misp_retired.all_branches,84042674,100.00,,
     2.705378131,99276562,,inst_retired.any,83880230,100.00,165.8,IpMispredict
     2.705378131,710732,,br_misp_retired.all_branches,83880230,100.00,,
     2.805577385,99365085,,inst_retired.any,83849056,100.00,164.9,IpMispredict
     2.805577385,708186,,br_misp_retired.all_branches,83849056,100.00,,
     2.905798376,41223460,,inst_retired.any,34939593,100.00,69.6,IpMispredict
     2.905798376,293983,,br_misp_retired.all_branches,34939593,100.00,,
     3.005997344,50321801,,inst_retired.any,46495263,100.00,86.0,IpMispredict
     3.005997344,378993,,br_misp_retired.all_branches,46495263,100.00,,
     3.106197804,99376119,,inst_retired.any,83800469,100.00,168.8,IpMispredict
     3.106197804,709217,,br_misp_retired.all_branches,83800469,100.00,,
     3.206397865,96733014,,inst_retired.any,81557074,100.00,163.4,IpMispredict
     3.206397865,688262,,br_misp_retired.all_branches,81557074,100.00,,
     3.306599894,99199710,,inst_retired.any,83793992,100.00,166.6,IpMispredict
     3.306599894,703217,,br_misp_retired.all_branches,83793992,100.00,,
     3.406796674,41407285,,inst_retired.any,34930703,100.00,70.6,IpMispredict
     3.406796674,293883,,br_misp_retired.all_branches,34930703,100.00,,
     3.506995105,50523225,,inst_retired.any,46452582,100.00,87.0,IpMispredict
     3.506995105,385103,,br_misp_retired.all_branches,46452582,100.00,,
     3.607193399,98753029,,inst_retired.any,83547091,100.00,169.0,IpMispredict
     3.607193399,713131,,br_misp_retired.all_branches,83547091,100.00,,
     3.707392997,99425405,,inst_retired.any,84020276,100.00,169.1,IpMispredict
     3.707392997,715345,,br_misp_retired.all_branches,84020276,100.00,,
     3.807592899,99606416,,inst_retired.any,84023019,100.00,168.5,IpMispredict
     3.807592899,710024,,br_misp_retired.all_branches,84023019,100.00,,
     3.907792809,99857339,,inst_retired.any,84137886,100.00,168.0,IpMispredict
     3.907792809,712148,,br_misp_retired.all_branches,84137886,100.00,,
     4.007992609,97481347,,inst_retired.any,82514938,100.00,163.3,IpMispredict
     4.007992609,696615,,br_misp_retired.all_branches,82514938,100.00,,
     4.108197058,98348702,,inst_retired.any,83393477,100.00,164.1,IpMispredict
     4.108197058,703669,,br_misp_retired.all_branches,83393477,100.00,,
     4.208394876,41758120,,inst_retired.any,35210202,100.00,70.5,IpMispredict
     4.208394876,298102,,br_misp_retired.all_branches,35210202,100.00,,
     4.308594869,51382896,,inst_retired.any,47420984,100.00,87.4,IpMispredict
     4.308594869,398406,,br_misp_retired.all_branches,47420984,100.00,,
     4.408797186,99196032,,inst_retired.any,84071011,100.00,168.0,IpMispredict
     4.408797186,710593,,br_misp_retired.all_branches,84071011,100.00,,
     4.508996745,41616811,,inst_retired.any,35295719,100.00,71.3,IpMispredict
     4.508996745,297842,,br_misp_retired.all_branches,35295719,100.00,,
     4.609198807,50937482,,inst_retired.any,46941181,100.00,87.8,IpMispredict
     4.609198807,391547,,br_misp_retired.all_branches,46941181,100.00,,
     4.709401492,97880093,,inst_retired.any,83487038,100.00,168.0,IpMispredict
     4.709401492,706079,,br_misp_retired.all_branches,83487038,100.00,,
     4.809600457,98631779,,inst_retired.any,83747543,100.00,168.6,IpMispredict
     4.809600457,705564,,br_misp_retired.all_branches,83747543,100.00,,
     4.909801327,98740838,,inst_retired.any,83678060,100.00,168.1,IpMispredict
     4.909801327,703474,,br_misp_retired.all_branches,83678060,100.00,,
     5.010000152,98437832,,inst_retired.any,83400346,100.00,166.9,IpMispredict
     5.010000152,699889,,br_misp_retired.all_branches,83400346,100.00,,
     5.110201657,98170063,,inst_retired.any,83461272,100.00,165.9,IpMispredict
     5.110201657,700431,,br_misp_retired.all_branches,83461272,100.00,,
     5.210402734,98877984,,inst_retired.any,83559705,100.00,166.4,IpMispredict
     5.210402734,704769,,br_misp_retired.all_branches,83559705,100.00,,
     5.310603741,96791423,,inst_retired.any,81755539,100.00,162.4,IpMispredict
     5.310603741,687995,,br_misp_retired.all_branches,81755539,100.00,,
     5.410806154,99277368,,inst_retired.any,83971174,100.00,166.0,IpMispredict
     5.410806154,708269,,br_misp_retired.all_branches,83971174,100.00,,
     5.511005778,41533029,,inst_retired.any,35130891,100.00,70.1,IpMispredict
     5.511005778,296933,,br_misp_retired.all_branches,35130891,100.00,,
     5.611223630,<not counted>,,inst_retired.any,0,100.00,,
     5.611223630,<not counted>,,br_misp_retired.all_branches,0,100.00,,
     5.711419228,50912283,,inst_retired.any,47217586,100.00,88.0,IpMispredict
     5.711419228,399427,,br_misp_retired.all_branches,47217586,100.00,,
     5.811629018,99603453,,inst_retired.any,84130127,100.00,171.4,IpMispredict
     5.811629018,711240,,br_misp_retired.all_branches,84130127,100.00,,
     5.911829170,99264596,,inst_retired.any,83922433,100.00,170.2,IpMispredict
     5.911829170,704821,,br_misp_retired.all_branches,83922433,100.00,,
     6.012029024,98566732,,inst_retired.any,83079250,100.00,168.5,IpMispredict
     6.012029024,702752,,br_misp_retired.all_branches,83079250,100.00,,
     6.112230030,99044964,,inst_retired.any,83764750,100.00,168.7,IpMispredict
     6.112230030,710731,,br_misp_retired.all_branches,83764750,100.00,,
     6.212427562,99482211,,inst_retired.any,83779509,100.00,168.9,IpMispredict
     6.212427562,709820,,br_misp_retired.all_branches,83779509,100.00,,
     6.312625515,99066495,,inst_retired.any,83928579,100.00,167.6,IpMispredict
     6.312625515,707010,,br_misp_retired.all_branches,83928579,100.00,,
     6.412824605,99373525,,inst_retired.any,83917822,100.00,167.6,IpMispredict
     6.412824605,704918,,br_misp_retired.all_branches,83917822,100.00,,
     6.513028384,98998272,,inst_retired.any,83928346,100.00,166.5,IpMispredict
     6.513028384,708774,,br_misp_retired.all_branches,83928346,100.00,,
     6.613232264,41645196,,inst_retired.any,35204887,100.00,70.6,IpMispredict
     6.613232264,299566,,br_misp_retired.all_branches,35204887,100.00,,
     6.713430516,<not counted>,,inst_retired.any,0,100.00,,
     6.713430516,<not counted>,,br_misp_retired.all_branches,0,100.00,,
     6.813610600,51289222,,inst_retired.any,47202154,100.00,88.7,IpMispredict
     6.813610600,389395,,br_misp_retired.all_branches,47202154,100.00,,
     6.913812656,99614871,,inst_retired.any,84044293,100.00,171.6,IpMispredict
     6.913812656,712273,,br_misp_retired.all_branches,84044293,100.00,,
     7.014011367,99080011,,inst_retired.any,83660936,100.00,170.2,IpMispredict
     7.014011367,705785,,br_misp_retired.all_branches,83660936,100.00,,
     7.114210873,99471314,,inst_retired.any,83872802,100.00,170.3,IpMispredict
     7.114210873,709471,,br_misp_retired.all_branches,83872802,100.00,,
     7.214411051,99602789,,inst_retired.any,83948900,100.00,170.0,IpMispredict
     7.214411051,711031,,br_misp_retired.all_branches,83948900,100.00,,
     7.314611233,99136959,,inst_retired.any,83934385,100.00,168.8,IpMispredict
     7.314611233,707776,,br_misp_retired.all_branches,83934385,100.00,,
     7.414812730,99308074,,inst_retired.any,84028576,100.00,168.6,IpMispredict
     7.414812730,713783,,br_misp_retired.all_branches,84028576,100.00,,
     7.515016531,98636793,,inst_retired.any,83483915,100.00,167.0,IpMispredict
     7.515016531,708895,,br_misp_retired.all_branches,83483915,100.00,,
     7.615219758,99447142,,inst_retired.any,84099542,100.00,167.9,IpMispredict
     7.615219758,717612,,br_misp_retired.all_branches,84099542,100.00,,
     7.715420984,40196166,,inst_retired.any,33986597,100.00,68.3,IpMispredict
     7.715420984,289306,,br_misp_retired.all_branches,33986597,100.00,,
     7.815619760,<not counted>,,inst_retired.any,0,100.00,,
     7.815619760,<not counted>,,br_misp_retired.all_branches,0,100.00,,
     7.915799669,51568610,,inst_retired.any,47056807,100.00,89.1,IpMispredict
     7.915799669,390591,,br_misp_retired.all_branches,47056807,100.00,,
     8.016005390,98691614,,inst_retired.any,83332901,100.00,170.1,IpMispredict
     8.016005390,704480,,br_misp_retired.all_branches,83332901,100.00,,
     8.116205213,99683309,,inst_retired.any,84033795,100.00,171.4,IpMispredict
     8.116205213,704519,,br_misp_retired.all_branches,84033795,100.00,,
     8.216405238,99366074,,inst_retired.any,83820125,100.00,170.4,IpMispredict
     8.216405238,708603,,br_misp_retired.all_branches,83820125,100.00,,
     8.316626235,99692692,,inst_retired.any,84154460,100.00,170.5,IpMispredict
     8.316626235,707329,,br_misp_retired.all_branches,84154460,100.00,,
     8.416825824,99381780,,inst_retired.any,84193515,100.00,169.6,IpMispredict
     8.416825824,705124,,br_misp_retired.all_branches,84193515,100.00,,
     8.517024909,98516045,,inst_retired.any,83354997,100.00,167.7,IpMispredict
     8.517024909,704158,,br_misp_retired.all_branches,83354997,100.00,,
     8.617226333,99099862,,inst_retired.any,84040802,100.00,168.3,IpMispredict
     8.617226333,704938,,br_misp_retired.all_branches,84040802,100.00,,
     8.717426989,98574150,,inst_retired.any,83640350,100.00,167.0,IpMispredict
     8.717426989,699573,,br_misp_retired.all_branches,83640350,100.00,,
     8.817625356,41378372,,inst_retired.any,34997876,100.00,70.5,IpMispredict
     8.817625356,293517,,br_misp_retired.all_branches,34997876,100.00,,
     8.917823562,<not counted>,,inst_retired.any,0,100.00,,
     8.917823562,<not counted>,,br_misp_retired.all_branches,0,100.00,,
     9.018004919,51526711,,inst_retired.any,47653384,100.00,89.1,IpMispredict
     9.018004919,389886,,br_misp_retired.all_branches,47653384,100.00,,
     9.118208966,99743736,,inst_retired.any,83955115,100.00,172.1,IpMispredict
     9.118208966,718384,,br_misp_retired.all_branches,83955115,100.00,,
     9.218410760,99744035,,inst_retired.any,84127401,100.00,171.7,IpMispredict
     9.218410760,710587,,br_misp_retired.all_branches,84127401,100.00,,
     9.318613327,99273853,,inst_retired.any,83855808,100.00,170.5,IpMispredict
     9.318613327,702798,,br_misp_retired.all_branches,83855808,100.00,,
     9.418812486,99017330,,inst_retired.any,83540411,100.00,169.7,IpMispredict
     9.418812486,705019,,br_misp_retired.all_branches,83540411,100.00,,
     9.519014736,98200967,,inst_retired.any,82901041,100.00,167.9,IpMispredict
     9.519014736,702453,,br_misp_retired.all_branches,82901041,100.00,,
     9.619215731,98636492,,inst_retired.any,83643592,100.00,168.3,IpMispredict
     9.619215731,708310,,br_misp_retired.all_branches,83643592,100.00,,
     9.719417633,99431719,,inst_retired.any,83969423,100.00,169.3,IpMispredict
     9.719417633,714814,,br_misp_retired.all_branches,83969423,100.00,,
     9.819618459,98602950,,inst_retired.any,83302485,100.00,167.5,IpMispredict
     9.819618459,703763,,br_misp_retired.all_branches,83302485,100.00,,
     9.919819312,41122313,,inst_retired.any,34616268,100.00,70.2,IpMispredict
     9.919819312,292591,,br_misp_retired.all_branches,34616268,100.00,,
    10.020016242,<not counted>,,inst_retired.any,0,100.00,,
    10.020016242,<not counted>,,br_misp_retired.all_branches,0,100.00,,
    10.120196953,51136632,,inst_retired.any,47235515,100.00,88.5,IpMispredict
    10.120196953,396763,,br_misp_retired.all_branches,47235515,100.00,,
    10.220400302,99308741,,inst_retired.any,83786573,100.00,171.4,IpMispredict
    10.220400302,710902,,br_misp_retired.all_branches,83786573,100.00,,
    10.320600824,99148707,,inst_retired.any,83624399,100.00,170.8,IpMispredict
    10.320600824,711861,,br_misp_retired.all_branches,83624399,100.00,,
    10.420803287,99461324,,inst_retired.any,83832075,100.00,170.9,IpMispredict
    10.420803287,709504,,br_misp_retired.all_branches,83832075,100.00,,
    10.521006725,99981431,,inst_retired.any,84435117,100.00,171.5,IpMispredict
    10.521006725,712225,,br_misp_retired.all_branches,84435117,100.00,,
    10.621210204,98563547,,inst_retired.any,83723730,100.00,168.7,IpMispredict
    10.621210204,707954,,br_misp_retired.all_branches,83723730,100.00,,
    10.721410553,99130560,,inst_retired.any,83905230,100.00,169.3,IpMispredict
    10.721410553,707438,,br_misp_retired.all_branches,83905230,100.00,,
    10.821614020,99062806,,inst_retired.any,83774299,100.00,168.9,IpMispredict
    10.821614020,708629,,br_misp_retired.all_branches,83774299,100.00,,
    10.921815551,99113556,,inst_retired.any,83976448,100.00,168.7,IpMispredict
    10.921815551,709679,,br_misp_retired.all_branches,83976448,100.00,,
    11.022015526,41196893,,inst_retired.any,34806192,100.00,70.4,IpMispredict
    11.022015526,293922,,br_misp_retired.all_branches,34806192,100.00,,
