# started on Tue May  2 12:55:54 2023

     0.100139931,30204252,,inst_retired.any,41922821,100.00,120.2,IpMispredict
     0.100139931,251306,,br_misp_retired.all_branches,41922821,100.00,,
     0.200341476,29595930,,inst_retired.any,41066678,100.00,125.7,IpMispredict
     0.200341476,219662,,br_misp_retired.all_branches,41066678,100.00,,
     0.300492979,29570278,,inst_retired.any,42011664,100.00,121.9,IpMispredict
     0.300492979,256476,,br_misp_retired.all_branches,42011664,100.00,,
     0.400643342,29847388,,inst_retired.any,41040458,100.00,125.7,IpMispredict
     0.400643342,222266,,br_misp_retired.all_branches,41040458,100.00,,
     0.500796399,29590275,,inst_retired.any,41086081,100.00,125.8,IpMispredict
     0.500796399,226106,,br_misp_retired.all_branches,41086081,100.00,,
     0.600950275,30484805,,inst_retired.any,40905638,100.00,129.4,IpMispredict
     0.600950275,237218,,br_misp_retired.all_branches,40905638,100.00,,
     0.701103064,30038114,,inst_retired.any,42193693,100.00,127.3,IpMispredict
     0.701103064,238493,,br_misp_retired.all_branches,42193693,100.00,,
     0.801251989,29306047,,inst_retired.any,40818325,100.00,124.4,IpMispredict
     0.801251989,232930,,br_misp_retired.all_branches,40818325,100.00,,
     0.901425558,30071488,,inst_retired.any,41460504,100.00,128.1,IpMispredict
     0.901425558,228182,,br_misp_retired.all_branches,41460504,100.00,,
     1.001585253,29732366,,inst_retired.any,40617175,100.00,128.0,IpMispredict
     1.001585253,210702,,br_misp_retired.all_branches,40617175,100.00,,
     1.101762336,29577449,,inst_retired.any,41284214,100.00,126.9,IpMispredict
     1.101762336,240223,,br_misp_retired.all_branches,41284214,100.00,,
     1.201947063,29845636,,inst_retired.any,41350763,100.00,127.9,IpMispredict
     1.201947063,237417,,br_misp_retired.all_branches,41350763,100.00,,
     1.302115873,30000509,,inst_retired.any,41241706,100.00,128.6,IpMispredict
     1.302115873,231796,,br_misp_retired.all_branches,41241706,100.00,,
     1.402292198,29388110,,inst_retired.any,40212450,100.00,125.3,IpMispredict
     1.402292198,250800,,br_misp_retired.all_branches,40212450,100.00,,
     1.502472744,29851768,,inst_retired.any,42084941,100.00,127.4,IpMispredict
     1.502472744,232289,,br_misp_retired.all_branches,42084941,100.00,,
     1.602640023,29964545,,inst_retired.any,41526181,100.00,127.5,IpMispredict
     1.602640023,243437,,br_misp_retired.all_branches,41526181,100.00,,
     1.702808913,29800788,,inst_retired.any,40994234,100.00,127.2,IpMispredict
     1.702808913,222632,,br_misp_retired.all_branches,40994234,100.00,,
     1.802991494,29512635,,inst_retired.any,40491089,100.00,126.5,IpMispredict
     1.802991494,216919,,br_misp_retired.all_branches,40491089,100.00,,
     1.903180465,29790739,,inst_retired.any,41187937,100.00,127.9,IpMispredict
     1.903180465,227719,,br_misp_retired.all_branches,41187937,100.00,,
     2.003365152,29934939,,inst_retired.any,42097095,100.00,127.7,IpMispredict
     2.003365152,262143,,br_misp_retired.all_branches,42097095,100.00,,
     2.103535845,29984935,,inst_retired.any,41709363,100.00,127.5,IpMispredict
     2.103535845,248398,,br_misp_retired.all_branches,41709363,100.00,,
     2.203707720,29543208,,inst_retired.any,40656064,100.00,125.9,IpMispredict
     2.203707720,224437,,br_misp_retired.all_branches,40656064,100.00,,
     2.303878239,29553058,,inst_retired.any,41976730,100.00,125.7,IpMispredict
     2.303878239,246414,,br_misp_retired.all_branches,41976730,100.00,,
     2.404047854,29985445,,inst_retired.any,41612533,100.00,127.9,IpMispredict
     2.404047854,219866,,br_misp_retired.all_branches,41612533,100.00,,
     2.504216952,29670880,,inst_retired.any,41082290,100.00,126.7,IpMispredict
     2.504216952,226067,,br_misp_retired.all_branches,41082290,100.00,,
     2.604386950,29777775,,inst_retired.any,41289549,100.00,127.3,IpMispredict
     2.604386950,229020,,br_misp_retired.all_branches,41289549,100.00,,
     2.704555471,29800128,,inst_retired.any,41654453,100.00,127.7,IpMispredict
     2.704555471,216189,,br_misp_retired.all_branches,41654453,100.00,,
     2.804739154,29760785,,inst_retired.any,41528273,100.00,127.5,IpMispredict
     2.804739154,235583,,br_misp_retired.all_branches,41528273,100.00,,
     2.904911385,29456209,,inst_retired.any,41026841,100.00,126.1,IpMispredict
     2.904911385,238412,,br_misp_retired.all_branches,41026841,100.00,,
     3.005081194,29837953,,inst_retired.any,41294439,100.00,127.7,IpMispredict
     3.005081194,235336,,br_misp_retired.all_branches,41294439,100.00,,
     3.105267986,29630810,,inst_retired.any,40527751,100.00,126.6,IpMispredict
     3.105267986,245867,,br_misp_retired.all_branches,40527751,100.00,,
     3.205449610,29919993,,inst_retired.any,41231999,100.00,128.0,IpMispredict
     3.205449610,223287,,br_misp_retired.all_branches,41231999,100.00,,
     3.305630660,29791432,,inst_retired.any,41804623,100.00,127.6,IpMispredict
     3.305630660,229413,,br_misp_retired.all_branches,41804623,100.00,,
     3.405815152,29527045,,inst_retired.any,41039633,100.00,126.6,IpMispredict
     3.405815152,224789,,br_misp_retired.all_branches,41039633,100.00,,
     3.505996811,29937254,,inst_retired.any,41444234,100.00,128.5,IpMispredict
     3.505996811,223598,,br_misp_retired.all_branches,41444234,100.00,,
     3.606182945,29556056,,inst_retired.any,40932023,100.00,127.1,IpMispredict
     3.606182945,212852,,br_misp_retired.all_branches,40932023,100.00,,
     3.706369403,29865883,,inst_retired.any,41332351,100.00,128.5,IpMispredict
     3.706369403,231297,,br_misp_retired.all_branches,41332351,100.00,,
     3.806554678,29631517,,inst_retired.any,41062072,100.00,127.5,IpMispredict
     3.806554678,228441,,br_misp_retired.all_branches,41062072,100.00,,
     3.906754131,30287040,,inst_retired.any,41899734,100.00,130.3,IpMispredict
     3.906754131,235476,,br_misp_retired.all_branches,41899734,100.00,,
     4.006952751,29654263,,inst_retired.any,41081071,100.00,127.7,IpMispredict
     4.006952751,228363,,br_misp_retired.all_branches,41081071,100.00,,
     4.107141311,29678135,,inst_retired.any,40773582,100.00,127.9,IpMispredict
     4.107141311,219256,,br_misp_retired.all_branches,40773582,100.00,,
     4.207328052,29750205,,inst_retired.any,41031797,100.00,128.5,IpMispredict
     4.207328052,214092,,br_misp_retired.all_branches,41031797,100.00,,
     4.307528287,29906216,,inst_retired.any,41789468,100.00,129.1,IpMispredict
     4.307528287,239333,,br_misp_retired.all_branches,41789468,100.00,,
     4.407698592,29447644,,inst_retired.any,40674933,100.00,127.3,IpMispredict
     4.407698592,216671,,br_misp_retired.all_branches,40674933,100.00,,
     4.507891482,29778125,,inst_retired.any,41703695,100.00,128.7,IpMispredict
     4.507891482,230421,,br_misp_retired.all_branches,41703695,100.00,,
     4.608087733,29876621,,inst_retired.any,41263702,100.00,129.2,IpMispredict
     4.608087733,227885,,br_misp_retired.all_branches,41263702,100.00,,
     4.708278687,29489737,,inst_retired.any,40613728,100.00,127.6,IpMispredict
     4.708278687,226390,,br_misp_retired.all_branches,40613728,100.00,,
     4.808474720,29895603,,inst_retired.any,41629903,100.00,129.4,IpMispredict
     4.808474720,223958,,br_misp_retired.all_branches,41629903,100.00,,
     4.908675081,29657185,,inst_retired.any,41580157,100.00,128.2,IpMispredict
     4.908675081,242054,,br_misp_retired.all_branches,41580157,100.00,,
     5.008877736,29663754,,inst_retired.any,41098313,100.00,128.3,IpMispredict
     5.008877736,225306,,br_misp_retired.all_branches,41098313,100.00,,
     5.109072018,30116729,,inst_retired.any,42007406,100.00,130.0,IpMispredict
     5.109072018,257805,,br_misp_retired.all_branches,42007406,100.00,,
     5.209262343,29511417,,inst_retired.any,40767078,100.00,127.4,IpMispredict
     5.209262343,232182,,br_misp_retired.all_branches,40767078,100.00,,
     5.309457099,29849463,,inst_retired.any,41307891,100.00,128.8,IpMispredict
     5.309457099,230994,,br_misp_retired.all_branches,41307891,100.00,,
     5.409647982,29902118,,inst_retired.any,41020900,100.00,129.2,IpMispredict
     5.409647982,218461,,br_misp_retired.all_branches,41020900,100.00,,
     5.509864656,30447071,,inst_retired.any,41391585,100.00,131.7,IpMispredict
     5.509864656,221578,,br_misp_retired.all_branches,41391585,100.00,,
     5.610058647,29471956,,inst_retired.any,40090351,100.00,127.4,IpMispredict
     5.610058647,232175,,br_misp_retired.all_branches,40090351,100.00,,
     5.710252836,29814108,,inst_retired.any,40885839,100.00,129.0,IpMispredict
     5.710252836,225741,,br_misp_retired.all_branches,40885839,100.00,,
     5.810445222,29860928,,inst_retired.any,41683131,100.00,129.0,IpMispredict
     5.810445222,244798,,br_misp_retired.all_branches,41683131,100.00,,
     5.910639160,29352367,,inst_retired.any,41110060,100.00,126.8,IpMispredict
     5.910639160,234753,,br_misp_retired.all_branches,41110060,100.00,,
     6.010831061,30234082,,inst_retired.any,41919264,100.00,130.5,IpMispredict
     6.010831061,244720,,br_misp_retired.all_branches,41919264,100.00,,
     6.111025114,29408569,,inst_retired.any,40715306,100.00,127.0,IpMispredict
     6.111025114,222923,,br_misp_retired.all_branches,40715306,100.00,,
     6.211220774,30190631,,inst_retired.any,41684445,100.00,130.4,IpMispredict
     6.211220774,234841,,br_misp_retired.all_branches,41684445,100.00,,
     6.311414565,29619674,,inst_retired.any,41617747,100.00,127.9,IpMispredict
     6.311414565,232431,,br_misp_retired.all_branches,41617747,100.00,,
     6.411607653,29534232,,inst_retired.any,40834372,100.00,127.5,IpMispredict
     6.411607653,231415,,br_misp_retired.all_branches,40834372,100.00,,
     6.511802463,29890916,,inst_retired.any,41563056,100.00,129.1,IpMispredict
     6.511802463,226492,,br_misp_retired.all_branches,41563056,100.00,,
     6.611996880,29576418,,inst_retired.any,41432159,100.00,127.5,IpMispredict
     6.611996880,261849,,br_misp_retired.all_branches,41432159,100.00,,
     6.712188242,30135555,,inst_retired.any,41978404,100.00,130.0,IpMispredict
     6.712188242,220855,,br_misp_retired.all_branches,41978404,100.00,,
     6.812382602,29333494,,inst_retired.any,40424235,100.00,126.5,IpMispredict
     6.812382602,236981,,br_misp_retired.all_branches,40424235,100.00,,
     6.912572992,29877195,,inst_retired.any,41426778,100.00,129.0,IpMispredict
     6.912572992,217606,,br_misp_retired.all_branches,41426778,100.00,,
     7.012768847,29587502,,inst_retired.any,41156050,100.00,127.5,IpMispredict
     7.012768847,253210,,br_misp_retired.all_branches,41156050,100.00,,
     7.112960182,29728870,,inst_retired.any,41215852,100.00,128.1,IpMispredict
     7.112960182,232687,,br_misp_retired.all_branches,41215852,100.00,,
     7.213151081,30057673,,inst_retired.any,41888783,100.00,129.5,IpMispredict
     7.213151081,242644,,br_misp_retired.all_branches,41888783,100.00,,
     7.313340769,29789863,,inst_retired.any,41612000,100.00,128.2,IpMispredict
     7.313340769,242530,,br_misp_retired.all_branches,41612000,100.00,,
     7.413536493,29535637,,inst_retired.any,40283122,100.00,127.2,IpMispredict
     7.413536493,224398,,br_misp_retired.all_branches,40283122,100.00,,
     7.513732265,30017586,,inst_retired.any,41888535,100.00,129.3,IpMispredict
     7.513732265,235961,,br_misp_retired.all_branches,41888535,100.00,,
     7.613923630,29684173,,inst_retired.any,41012696,100.00,128.0,IpMispredict
     7.613923630,212770,,br_misp_retired.all_branches,41012696,100.00,,
     7.714113262,30024733,,inst_retired.any,42385742,100.00,129.2,IpMispredict
     7.714113262,258101,,br_misp_retired.all_branches,42385742,100.00,,
     7.814313946,29594349,,inst_retired.any,41154675,100.00,127.4,IpMispredict
     7.814313946,235919,,br_misp_retired.all_branches,41154675,100.00,,
     7.914508537,29781124,,inst_retired.any,41585750,100.00,128.2,IpMispredict
     7.914508537,230421,,br_misp_retired.all_branches,41585750,100.00,,
     8.014701352,29764641,,inst_retired.any,41133828,100.00,128.1,IpMispredict
     8.014701352,237143,,br_misp_retired.all_branches,41133828,100.00,,
     8.114895392,29725725,,inst_retired.any,40949668,100.00,128.0,IpMispredict
     8.114895392,218856,,br_misp_retired.all_branches,40949668,100.00,,
     8.215090102,29872616,,inst_retired.any,41310304,100.00,128.6,IpMispredict
     8.215090102,232866,,br_misp_retired.all_branches,41310304,100.00,,
     8.315302012,29990101,,inst_retired.any,41570149,100.00,129.0,IpMispredict
     8.315302012,257336,,br_misp_retired.all_branches,41570149,100.00,,
     8.415491712,29321048,,inst_retired.any,40545757,100.00,126.1,IpMispredict
     8.415491712,227374,,br_misp_retired.all_branches,40545757,100.00,,
     8.515683044,30226280,,inst_retired.any,42363207,100.00,130.1,IpMispredict
     8.515683044,226962,,br_misp_retired.all_branches,42363207,100.00,,
     8.615875459,29355642,,inst_retired.any,41091743,100.00,126.4,IpMispredict
     8.615875459,225545,,br_misp_retired.all_branches,41091743,100.00,,
     8.716049721,30268905,,inst_retired.any,41878370,100.00,130.3,IpMispredict
     8.716049721,232864,,br_misp_retired.all_branches,41878370,100.00,,
     8.816243996,29270071,,inst_retired.any,41254484,100.00,125.9,IpMispredict
     8.816243996,245488,,br_misp_retired.all_branches,41254484,100.00,,
     8.916432833,29898709,,inst_retired.any,41943434,100.00,128.5,IpMispredict
     8.916432833,242637,,br_misp_retired.all_branches,41943434,100.00,,
     9.016625608,29677796,,inst_retired.any,41418623,100.00,127.4,IpMispredict
     9.016625608,261762,,br_misp_retired.all_branches,41418623,100.00,,
     9.116816120,30863778,,inst_retired.any,41900862,100.00,132.5,IpMispredict
     9.116816120,241177,,br_misp_retired.all_branches,41900862,100.00,,
     9.217013860,29520859,,inst_retired.any,40816135,100.00,126.7,IpMispredict
     9.217013860,233905,,br_misp_retired.all_branches,40816135,100.00,,
     9.317208414,29835461,,inst_retired.any,40631833,100.00,128.1,IpMispredict
     9.317208414,218084,,br_misp_retired.all_branches,40631833,100.00,,
     9.417401626,30085034,,inst_retired.any,42023246,100.00,129.2,IpMispredict
     9.417401626,231212,,br_misp_retired.all_branches,42023246,100.00,,
     9.517592239,29464175,,inst_retired.any,40417741,100.00,126.6,IpMispredict
     9.517592239,226739,,br_misp_retired.all_branches,40417741,100.00,,
     9.617789556,29767775,,inst_retired.any,40655302,100.00,127.8,IpMispredict
     9.617789556,242116,,br_misp_retired.all_branches,40655302,100.00,,
     9.717982356,29880094,,inst_retired.any,41949215,100.00,128.3,IpMispredict
     9.717982356,236935,,br_misp_retired.all_branches,41949215,100.00,,
     9.818173145,30007986,,inst_retired.any,41721847,100.00,128.8,IpMispredict
     9.818173145,243809,,br_misp_retired.all_branches,41721847,100.00,,
     9.918366501,29703717,,inst_retired.any,41422726,100.00,127.4,IpMispredict
     9.918366501,238417,,br_misp_retired.all_branches,41422726,100.00,,
    10.018565973,29462042,,inst_retired.any,40570637,100.00,126.4,IpMispredict
    10.018565973,224397,,br_misp_retired.all_branches,40570637,100.00,,
    10.118765595,29991861,,inst_retired.any,42546115,100.00,128.7,IpMispredict
    10.118765595,239889,,br_misp_retired.all_branches,42546115,100.00,,
    10.218957699,29894581,,inst_retired.any,41684010,100.00,128.3,IpMispredict
    10.218957699,220835,,br_misp_retired.all_branches,41684010,100.00,,
    10.319155887,29948108,,inst_retired.any,43012474,100.00,128.5,IpMispredict
    10.319155887,239201,,br_misp_retired.all_branches,43012474,100.00,,
    10.419348242,29605407,,inst_retired.any,41866516,100.00,127.0,IpMispredict
    10.419348242,251794,,br_misp_retired.all_branches,41866516,100.00,,
    10.519544019,30099172,,inst_retired.any,41290038,100.00,129.0,IpMispredict
    10.519544019,238193,,br_misp_retired.all_branches,41290038,100.00,,
    10.619763062,30252911,,inst_retired.any,42257613,100.00,129.6,IpMispredict
    10.619763062,247576,,br_misp_retired.all_branches,42257613,100.00,,
    10.719944202,29783743,,inst_retired.any,41619738,100.00,127.5,IpMispredict
    10.719944202,250972,,br_misp_retired.all_branches,41619738,100.00,,
    10.820132827,29931002,,inst_retired.any,42788712,100.00,128.0,IpMispredict
    10.820132827,264069,,br_misp_retired.all_branches,42788712,100.00,,
    10.920327625,29603743,,inst_retired.any,41312641,100.00,126.6,IpMispredict
    10.920327625,238636,,br_misp_retired.all_branches,41312641,100.00,,
    11.020547590,29701428,,inst_retired.any,41304195,100.00,127.1,IpMispredict
    11.020547590,219896,,br_misp_retired.all_branches,41304195,100.00,,
