# started on Tue May  2 12:58:06 2023

     0.100172274,5943505,,offcore_response.all_requests.llc_hit.any_response,50547882,100.00,,
     0.100172274,654,,offcore_response.all_requests.llc_miss.any_response,50534586,100.00,,
     0.200365284,5928975,,offcore_response.all_requests.llc_hit.any_response,50468731,100.00,,
     0.200365284,559,,offcore_response.all_requests.llc_miss.any_response,50468436,100.00,,
     0.300534626,5998993,,offcore_response.all_requests.llc_hit.any_response,51217215,100.00,,
     0.300534626,427,,offcore_response.all_requests.llc_miss.any_response,51200406,100.00,,
     0.400707613,5965849,,offcore_response.all_requests.llc_hit.any_response,50904200,100.00,,
     0.400707613,303,,offcore_response.all_requests.llc_miss.any_response,50919793,100.00,,
     0.500888713,5965391,,offcore_response.all_requests.llc_hit.any_response,50577734,100.00,,
     0.500888713,286,,offcore_response.all_requests.llc_miss.any_response,50583483,100.00,,
     0.601082428,5968623,,offcore_response.all_requests.llc_hit.any_response,50531722,100.00,,
     0.601082428,203,,offcore_response.all_requests.llc_miss.any_response,50531691,100.00,,
     0.701278698,5963104,,offcore_response.all_requests.llc_hit.any_response,50731429,100.00,,
     0.701278698,296,,offcore_response.all_requests.llc_miss.any_response,50715622,100.00,,
     0.801481697,5918694,,offcore_response.all_requests.llc_hit.any_response,50658830,100.00,,
     0.801481697,388,,offcore_response.all_requests.llc_miss.any_response,50664647,100.00,,
     0.901686333,5979881,,offcore_response.all_requests.llc_hit.any_response,50642935,100.00,,
     0.901686333,258,,offcore_response.all_requests.llc_miss.any_response,50651658,100.00,,
     1.001885899,5950911,,offcore_response.all_requests.llc_hit.any_response,50519017,100.00,,
     1.001885899,305,,offcore_response.all_requests.llc_miss.any_response,50522860,100.00,,
     1.102090943,5950771,,offcore_response.all_requests.llc_hit.any_response,50663563,100.00,,
     1.102090943,292,,offcore_response.all_requests.llc_miss.any_response,50662633,100.00,,
     1.202290334,5915660,,offcore_response.all_requests.llc_hit.any_response,50301777,100.00,,
     1.202290334,300,,offcore_response.all_requests.llc_miss.any_response,50278820,100.00,,
     1.302485724,5935815,,offcore_response.all_requests.llc_hit.any_response,50478185,100.00,,
     1.302485724,308,,offcore_response.all_requests.llc_miss.any_response,50478185,100.00,,
     1.402681668,5915123,,offcore_response.all_requests.llc_hit.any_response,50281386,100.00,,
     1.402681668,298,,offcore_response.all_requests.llc_miss.any_response,50281386,100.00,,
     1.502878000,5933808,,offcore_response.all_requests.llc_hit.any_response,50278206,100.00,,
     1.502878000,268,,offcore_response.all_requests.llc_miss.any_response,50291828,100.00,,
     1.603074418,5954669,,offcore_response.all_requests.llc_hit.any_response,50724790,100.00,,
     1.603074418,378,,offcore_response.all_requests.llc_miss.any_response,50733876,100.00,,
     1.703272528,6030894,,offcore_response.all_requests.llc_hit.any_response,51460048,100.00,,
     1.703272528,323,,offcore_response.all_requests.llc_miss.any_response,51437340,100.00,,
     1.803469034,5938867,,offcore_response.all_requests.llc_hit.any_response,50738493,100.00,,
     1.803469034,389,,offcore_response.all_requests.llc_miss.any_response,50761273,100.00,,
     1.903662405,5924627,,offcore_response.all_requests.llc_hit.any_response,50325458,100.00,,
     1.903662405,527,,offcore_response.all_requests.llc_miss.any_response,50302678,100.00,,
     2.003857230,5984015,,offcore_response.all_requests.llc_hit.any_response,50765936,100.00,,
     2.003857230,258,,offcore_response.all_requests.llc_miss.any_response,50765936,100.00,,
     2.104052189,5986456,,offcore_response.all_requests.llc_hit.any_response,51514663,100.00,,
     2.104052189,283,,offcore_response.all_requests.llc_miss.any_response,51537545,100.00,,
     2.204251699,5938400,,offcore_response.all_requests.llc_hit.any_response,50522587,100.00,,
     2.204251699,284,,offcore_response.all_requests.llc_miss.any_response,50514318,100.00,,
     2.304469946,5994828,,offcore_response.all_requests.llc_hit.any_response,51141807,100.00,,
     2.304469946,381,,offcore_response.all_requests.llc_miss.any_response,51127194,100.00,,
     2.404665317,5931459,,offcore_response.all_requests.llc_hit.any_response,50136977,100.00,,
     2.404665317,341,,offcore_response.all_requests.llc_miss.any_response,50136977,100.00,,
     2.504861413,5924060,,offcore_response.all_requests.llc_hit.any_response,50371960,100.00,,
     2.504861413,310,,offcore_response.all_requests.llc_miss.any_response,50378739,100.00,,
     2.605059948,5971685,,offcore_response.all_requests.llc_hit.any_response,50583064,100.00,,
     2.605059948,398,,offcore_response.all_requests.llc_miss.any_response,50576285,100.00,,
     2.705253674,5998672,,offcore_response.all_requests.llc_hit.any_response,51010036,100.00,,
     2.705253674,444,,offcore_response.all_requests.llc_miss.any_response,51010036,100.00,,
     2.805449149,5962411,,offcore_response.all_requests.llc_hit.any_response,50326796,100.00,,
     2.805449149,361,,offcore_response.all_requests.llc_miss.any_response,50326796,100.00,,
     2.905645556,5971693,,offcore_response.all_requests.llc_hit.any_response,50401369,100.00,,
     2.905645556,215,,offcore_response.all_requests.llc_miss.any_response,50424152,100.00,,
     3.005845233,5989887,,offcore_response.all_requests.llc_hit.any_response,50943808,100.00,,
     3.005845233,757,,offcore_response.all_requests.llc_miss.any_response,50930884,100.00,,
     3.106043623,5975341,,offcore_response.all_requests.llc_hit.any_response,50804057,100.00,,
     3.106043623,301,,offcore_response.all_requests.llc_miss.any_response,50816877,100.00,,
     3.206246182,5959330,,offcore_response.all_requests.llc_hit.any_response,50660051,100.00,,
     3.206246182,342,,offcore_response.all_requests.llc_miss.any_response,50662352,100.00,,
     3.306449837,5954653,,offcore_response.all_requests.llc_hit.any_response,50615523,100.00,,
     3.306449837,389,,offcore_response.all_requests.llc_miss.any_response,50613504,100.00,,
     3.406649683,5975949,,offcore_response.all_requests.llc_hit.any_response,50605784,100.00,,
     3.406649683,365,,offcore_response.all_requests.llc_miss.any_response,50605547,100.00,,
     3.506848085,5950962,,offcore_response.all_requests.llc_hit.any_response,50787699,100.00,,
     3.506848085,514,,offcore_response.all_requests.llc_miss.any_response,50775390,100.00,,
     3.607050821,5994520,,offcore_response.all_requests.llc_hit.any_response,50743619,100.00,,
     3.607050821,286,,offcore_response.all_requests.llc_miss.any_response,50755926,100.00,,
     3.707253627,6028305,,offcore_response.all_requests.llc_hit.any_response,50994384,100.00,,
     3.707253627,357,,offcore_response.all_requests.llc_miss.any_response,50982274,100.00,,
     3.807456236,5963674,,offcore_response.all_requests.llc_hit.any_response,50549044,100.00,,
     3.807456236,278,,offcore_response.all_requests.llc_miss.any_response,50561213,100.00,,
     3.907664468,5949226,,offcore_response.all_requests.llc_hit.any_response,50477813,100.00,,
     3.907664468,355,,offcore_response.all_requests.llc_miss.any_response,50477829,100.00,,
     4.007863766,5973393,,offcore_response.all_requests.llc_hit.any_response,50734209,100.00,,
     4.007863766,330,,offcore_response.all_requests.llc_miss.any_response,50734325,100.00,,
     4.108064189,5975226,,offcore_response.all_requests.llc_hit.any_response,50795847,100.00,,
     4.108064189,322,,offcore_response.all_requests.llc_miss.any_response,50795796,100.00,,
     4.208262486,5943015,,offcore_response.all_requests.llc_hit.any_response,50655321,100.00,,
     4.208262486,418,,offcore_response.all_requests.llc_miss.any_response,50642249,100.00,,
     4.308465277,5991411,,offcore_response.all_requests.llc_hit.any_response,50932979,100.00,,
     4.308465277,427,,offcore_response.all_requests.llc_miss.any_response,50923189,100.00,,
     4.408660221,5992113,,offcore_response.all_requests.llc_hit.any_response,50810927,100.00,,
     4.408660221,325,,offcore_response.all_requests.llc_miss.any_response,50834060,100.00,,
     4.508882064,5933267,,offcore_response.all_requests.llc_hit.any_response,50362264,100.00,,
     4.508882064,548,,offcore_response.all_requests.llc_miss.any_response,50354605,100.00,,
     4.609079892,6037025,,offcore_response.all_requests.llc_hit.any_response,51123045,100.00,,
     4.609079892,387,,offcore_response.all_requests.llc_miss.any_response,51107571,100.00,,
     4.709276218,6016778,,offcore_response.all_requests.llc_hit.any_response,50936930,100.00,,
     4.709276218,331,,offcore_response.all_requests.llc_miss.any_response,50959806,100.00,,
     4.809476934,5987685,,offcore_response.all_requests.llc_hit.any_response,51861320,100.00,,
     4.809476934,267,,offcore_response.all_requests.llc_miss.any_response,51857431,100.00,,
     4.909673393,5957833,,offcore_response.all_requests.llc_hit.any_response,50561422,100.00,,
     4.909673393,578,,offcore_response.all_requests.llc_miss.any_response,50565358,100.00,,
     5.009872251,5990606,,offcore_response.all_requests.llc_hit.any_response,50969155,100.00,,
     5.009872251,375,,offcore_response.all_requests.llc_miss.any_response,50946232,100.00,,
     5.110067929,5965794,,offcore_response.all_requests.llc_hit.any_response,50988894,100.00,,
     5.110067929,364,,offcore_response.all_requests.llc_miss.any_response,51008288,100.00,,
     5.210266943,5942596,,offcore_response.all_requests.llc_hit.any_response,50525878,100.00,,
     5.210266943,261,,offcore_response.all_requests.llc_miss.any_response,50529312,100.00,,
     5.310465946,5953171,,offcore_response.all_requests.llc_hit.any_response,50569062,100.00,,
     5.310465946,278,,offcore_response.all_requests.llc_miss.any_response,50569263,100.00,,
     5.410667210,5944656,,offcore_response.all_requests.llc_hit.any_response,50568689,100.00,,
     5.410667210,325,,offcore_response.all_requests.llc_miss.any_response,50568596,100.00,,
     5.510867059,5925682,,offcore_response.all_requests.llc_hit.any_response,50629633,100.00,,
     5.510867059,355,,offcore_response.all_requests.llc_miss.any_response,50629762,100.00,,
     5.611066510,5980782,,offcore_response.all_requests.llc_hit.any_response,50597826,100.00,,
     5.611066510,273,,offcore_response.all_requests.llc_miss.any_response,50574761,100.00,,
     5.711264728,6037795,,offcore_response.all_requests.llc_hit.any_response,51341082,100.00,,
     5.711264728,328,,offcore_response.all_requests.llc_miss.any_response,51364131,100.00,,
     5.811464329,5966524,,offcore_response.all_requests.llc_hit.any_response,50592411,100.00,,
     5.811464329,432,,offcore_response.all_requests.llc_miss.any_response,50592144,100.00,,
     5.911667448,5929043,,offcore_response.all_requests.llc_hit.any_response,50664601,100.00,,
     5.911667448,321,,offcore_response.all_requests.llc_miss.any_response,50646075,100.00,,
     6.011869812,5958119,,offcore_response.all_requests.llc_hit.any_response,50603859,100.00,,
     6.011869812,257,,offcore_response.all_requests.llc_miss.any_response,50622626,100.00,,
     6.112070113,5976934,,offcore_response.all_requests.llc_hit.any_response,50796323,100.00,,
     6.112070113,463,,offcore_response.all_requests.llc_miss.any_response,50796233,100.00,,
     6.212269933,5959551,,offcore_response.all_requests.llc_hit.any_response,50955026,100.00,,
     6.212269933,334,,offcore_response.all_requests.llc_miss.any_response,50932093,100.00,,
     6.312466322,5925775,,offcore_response.all_requests.llc_hit.any_response,50303602,100.00,,
     6.312466322,259,,offcore_response.all_requests.llc_miss.any_response,50326401,100.00,,
     6.412666365,6022818,,offcore_response.all_requests.llc_hit.any_response,51074812,100.00,,
     6.412666365,365,,offcore_response.all_requests.llc_miss.any_response,51052013,100.00,,
     6.512863374,5982443,,offcore_response.all_requests.llc_hit.any_response,50913103,100.00,,
     6.512863374,329,,offcore_response.all_requests.llc_miss.any_response,50936044,100.00,,
     6.613066665,5915723,,offcore_response.all_requests.llc_hit.any_response,50236256,100.00,,
     6.613066665,306,,offcore_response.all_requests.llc_miss.any_response,50236149,100.00,,
     6.713294543,5951729,,offcore_response.all_requests.llc_hit.any_response,50591262,100.00,,
     6.713294543,291,,offcore_response.all_requests.llc_miss.any_response,50591450,100.00,,
     6.813496821,5978957,,offcore_response.all_requests.llc_hit.any_response,50670092,100.00,,
     6.813496821,229,,offcore_response.all_requests.llc_miss.any_response,50669968,100.00,,
     6.913698182,5985872,,offcore_response.all_requests.llc_hit.any_response,50620051,100.00,,
     6.913698182,308,,offcore_response.all_requests.llc_miss.any_response,50606391,100.00,,
     7.013896752,5943109,,offcore_response.all_requests.llc_hit.any_response,50635086,100.00,,
     7.013896752,266,,offcore_response.all_requests.llc_miss.any_response,50636553,100.00,,
     7.114096607,5961439,,offcore_response.all_requests.llc_hit.any_response,50692240,100.00,,
     7.114096607,341,,offcore_response.all_requests.llc_miss.any_response,50704492,100.00,,
     7.214295285,5962186,,offcore_response.all_requests.llc_hit.any_response,50509233,100.00,,
     7.214295285,261,,offcore_response.all_requests.llc_miss.any_response,50509041,100.00,,
     7.314493712,5979809,,offcore_response.all_requests.llc_hit.any_response,50655759,100.00,,
     7.314493712,278,,offcore_response.all_requests.llc_miss.any_response,50632994,100.00,,
     7.414690546,6006885,,offcore_response.all_requests.llc_hit.any_response,51226234,100.00,,
     7.414690546,281,,offcore_response.all_requests.llc_miss.any_response,51234442,100.00,,
     7.514888059,5966252,,offcore_response.all_requests.llc_hit.any_response,50629410,100.00,,
     7.514888059,280,,offcore_response.all_requests.llc_miss.any_response,50641363,100.00,,
     7.615084935,5956730,,offcore_response.all_requests.llc_hit.any_response,50375330,100.00,,
     7.615084935,235,,offcore_response.all_requests.llc_miss.any_response,50355169,100.00,,
     7.715281312,6017829,,offcore_response.all_requests.llc_hit.any_response,51063609,100.00,,
     7.715281312,297,,offcore_response.all_requests.llc_miss.any_response,51063609,100.00,,
     7.815476318,5958433,,offcore_response.all_requests.llc_hit.any_response,50392366,100.00,,
     7.815476318,238,,offcore_response.all_requests.llc_miss.any_response,50392366,100.00,,
     7.915661695,5959053,,offcore_response.all_requests.llc_hit.any_response,50567688,100.00,,
     7.915661695,241,,offcore_response.all_requests.llc_miss.any_response,50567688,100.00,,
     8.015855415,5981186,,offcore_response.all_requests.llc_hit.any_response,50866198,100.00,,
     8.015855415,491,,offcore_response.all_requests.llc_miss.any_response,50866198,100.00,,
     8.116051676,5990190,,offcore_response.all_requests.llc_hit.any_response,50881226,100.00,,
     8.116051676,422,,offcore_response.all_requests.llc_miss.any_response,50881226,100.00,,
     8.216248371,5973316,,offcore_response.all_requests.llc_hit.any_response,50823841,100.00,,
     8.216248371,271,,offcore_response.all_requests.llc_miss.any_response,50846695,100.00,,
     8.316446430,5957681,,offcore_response.all_requests.llc_hit.any_response,50618917,100.00,,
     8.316446430,266,,offcore_response.all_requests.llc_miss.any_response,50619057,100.00,,
     8.416645192,5967280,,offcore_response.all_requests.llc_hit.any_response,50513165,100.00,,
     8.416645192,240,,offcore_response.all_requests.llc_miss.any_response,50512836,100.00,,
     8.516845843,5971504,,offcore_response.all_requests.llc_hit.any_response,50475423,100.00,,
     8.516845843,198,,offcore_response.all_requests.llc_miss.any_response,50475636,100.00,,
     8.617044368,6013116,,offcore_response.all_requests.llc_hit.any_response,50866903,100.00,,
     8.617044368,254,,offcore_response.all_requests.llc_miss.any_response,50844025,100.00,,
     8.717240354,5971165,,offcore_response.all_requests.llc_hit.any_response,50664044,100.00,,
     8.717240354,295,,offcore_response.all_requests.llc_miss.any_response,50689547,100.00,,
     8.817442098,5987633,,offcore_response.all_requests.llc_hit.any_response,50743820,100.00,,
     8.817442098,218,,offcore_response.all_requests.llc_miss.any_response,50741068,100.00,,
     8.917659030,5982823,,offcore_response.all_requests.llc_hit.any_response,50922187,100.00,,
     8.917659030,389,,offcore_response.all_requests.llc_miss.any_response,50907181,100.00,,
     9.017859306,5978344,,offcore_response.all_requests.llc_hit.any_response,50759144,100.00,,
     9.017859306,235,,offcore_response.all_requests.llc_miss.any_response,50774192,100.00,,
     9.118059949,5956541,,offcore_response.all_requests.llc_hit.any_response,50734080,100.00,,
     9.118059949,288,,offcore_response.all_requests.llc_miss.any_response,50711287,100.00,,
     9.218256207,5941674,,offcore_response.all_requests.llc_hit.any_response,50438203,100.00,,
     9.218256207,222,,offcore_response.all_requests.llc_miss.any_response,50438203,100.00,,
     9.318452978,6017202,,offcore_response.all_requests.llc_hit.any_response,51582417,100.00,,
     9.318452978,283,,offcore_response.all_requests.llc_miss.any_response,51603795,100.00,,
     9.418652500,5987097,,offcore_response.all_requests.llc_hit.any_response,50625700,100.00,,
     9.418652500,180,,offcore_response.all_requests.llc_miss.any_response,50627037,100.00,,
     9.518851504,5935397,,offcore_response.all_requests.llc_hit.any_response,50493334,100.00,,
     9.518851504,256,,offcore_response.all_requests.llc_miss.any_response,50493557,100.00,,
     9.619051077,5960054,,offcore_response.all_requests.llc_hit.any_response,50837831,100.00,,
     9.619051077,313,,offcore_response.all_requests.llc_miss.any_response,50814893,100.00,,
     9.719245616,5995573,,offcore_response.all_requests.llc_hit.any_response,50907672,100.00,,
     9.719245616,433,,offcore_response.all_requests.llc_miss.any_response,50907672,100.00,,
     9.819444299,5951305,,offcore_response.all_requests.llc_hit.any_response,50707752,100.00,,
     9.819444299,376,,offcore_response.all_requests.llc_miss.any_response,50730958,100.00,,
     9.919654326,5948658,,offcore_response.all_requests.llc_hit.any_response,50600218,100.00,,
     9.919654326,288,,offcore_response.all_requests.llc_miss.any_response,50599989,100.00,,
    10.019855302,5997274,,offcore_response.all_requests.llc_hit.any_response,52585567,100.00,,
    10.019855302,263,,offcore_response.all_requests.llc_miss.any_response,52562590,100.00,,
    10.120050420,5949468,,offcore_response.all_requests.llc_hit.any_response,50859117,100.00,,
    10.120050420,256,,offcore_response.all_requests.llc_miss.any_response,50874599,100.00,,
    10.220247966,5941004,,offcore_response.all_requests.llc_hit.any_response,50753560,100.00,,
    10.220247966,373,,offcore_response.all_requests.llc_miss.any_response,50738078,100.00,,
    10.320443871,5959202,,offcore_response.all_requests.llc_hit.any_response,50580450,100.00,,
    10.320443871,271,,offcore_response.all_requests.llc_miss.any_response,50580450,100.00,,
    10.420639513,5976052,,offcore_response.all_requests.llc_hit.any_response,51029810,100.00,,
    10.420639513,301,,offcore_response.all_requests.llc_miss.any_response,51029810,100.00,,
    10.520834816,6010800,,offcore_response.all_requests.llc_hit.any_response,51017517,100.00,,
    10.520834816,277,,offcore_response.all_requests.llc_miss.any_response,51040328,100.00,,
    10.621034114,5968488,,offcore_response.all_requests.llc_hit.any_response,50590041,100.00,,
    10.621034114,266,,offcore_response.all_requests.llc_miss.any_response,50589956,100.00,,
    10.721232652,5951675,,offcore_response.all_requests.llc_hit.any_response,50719788,100.00,,
    10.721232652,253,,offcore_response.all_requests.llc_miss.any_response,50714081,100.00,,
    10.821429998,6002085,,offcore_response.all_requests.llc_hit.any_response,50692863,100.00,,
    10.821429998,327,,offcore_response.all_requests.llc_miss.any_response,50698550,100.00,,
    10.921629160,5992618,,offcore_response.all_requests.llc_hit.any_response,50673349,100.00,,
    10.921629160,246,,offcore_response.all_requests.llc_miss.any_response,50673506,100.00,,
    11.021831712,6021133,,offcore_response.all_requests.llc_hit.any_response,51194100,100.00,,
    11.021831712,248,,offcore_response.all_requests.llc_miss.any_response,51171237,100.00,,
