# started on Tue May  2 12:56:20 2023

     0.100120176,89055495,,inst_retired.any,75739092,100.00,139.6,IpMispredict
     0.100120176,637961,,br_misp_retired.all_branches,75739092,100.00,,
     0.200373522,89221495,,inst_retired.any,75572161,100.00,139.8,IpMispredict
     0.200373522,638676,,br_misp_retired.all_branches,75572161,100.00,,
     0.300555998,89765471,,inst_retired.any,77288372,100.00,140.4,IpMispredict
     0.300555998,642069,,br_misp_retired.all_branches,77288372,100.00,,
     0.400737412,88625493,,inst_retired.any,75819364,100.00,139.0,IpMispredict
     0.400737412,630929,,br_misp_retired.all_branches,75819364,100.00,,
     0.500885341,90029765,,inst_retired.any,76165790,100.00,141.2,IpMispredict
     0.500885341,637266,,br_misp_retired.all_branches,76165790,100.00,,
     0.601044430,89101632,,inst_retired.any,75382243,100.00,140.2,IpMispredict
     0.601044430,626160,,br_misp_retired.all_branches,75382243,100.00,,
     0.701216679,88497379,,inst_retired.any,75458071,100.00,139.5,IpMispredict
     0.701216679,628732,,br_misp_retired.all_branches,75458071,100.00,,
     0.801391080,89464558,,inst_retired.any,75408615,100.00,141.0,IpMispredict
     0.801391080,633639,,br_misp_retired.all_branches,75408615,100.00,,
     0.901565330,89633501,,inst_retired.any,75815988,100.00,141.3,IpMispredict
     0.901565330,632322,,br_misp_retired.all_branches,75815988,100.00,,
     1.001727389,88283286,,inst_retired.any,74511612,100.00,139.4,IpMispredict
     1.001727389,623087,,br_misp_retired.all_branches,74511612,100.00,,
     1.101887324,89134569,,inst_retired.any,75351670,100.00,141.0,IpMispredict
     1.101887324,623686,,br_misp_retired.all_branches,75351670,100.00,,
     1.202039442,89976289,,inst_retired.any,77589410,100.00,142.2,IpMispredict
     1.202039442,636454,,br_misp_retired.all_branches,77589410,100.00,,
     1.302184446,88862208,,inst_retired.any,75437643,100.00,140.6,IpMispredict
     1.302184446,625835,,br_misp_retired.all_branches,75437643,100.00,,
     1.402345391,89179403,,inst_retired.any,75424022,100.00,141.1,IpMispredict
     1.402345391,628808,,br_misp_retired.all_branches,75424022,100.00,,
     1.502478023,89115464,,inst_retired.any,75572991,100.00,141.1,IpMispredict
     1.502478023,630205,,br_misp_retired.all_branches,75572991,100.00,,
     1.602640682,88837730,,inst_retired.any,75350436,100.00,140.7,IpMispredict
     1.602640682,627637,,br_misp_retired.all_branches,75350436,100.00,,
     1.702789390,89448021,,inst_retired.any,75863439,100.00,141.6,IpMispredict
     1.702789390,632407,,br_misp_retired.all_branches,75863439,100.00,,
     1.802936226,88729163,,inst_retired.any,75116704,100.00,140.6,IpMispredict
     1.802936226,626075,,br_misp_retired.all_branches,75116704,100.00,,
     1.903090394,89757892,,inst_retired.any,76735149,100.00,142.1,IpMispredict
     1.903090394,637025,,br_misp_retired.all_branches,76735149,100.00,,
     2.003243161,88842986,,inst_retired.any,75434061,100.00,140.7,IpMispredict
     2.003243161,630565,,br_misp_retired.all_branches,75434061,100.00,,
     2.103416156,89521394,,inst_retired.any,76135971,100.00,141.7,IpMispredict
     2.103416156,633542,,br_misp_retired.all_branches,76135971,100.00,,
     2.203603012,89037264,,inst_retired.any,75395632,100.00,141.0,IpMispredict
     2.203603012,625885,,br_misp_retired.all_branches,75395632,100.00,,
     2.303766724,89196828,,inst_retired.any,75699676,100.00,141.3,IpMispredict
     2.303766724,628186,,br_misp_retired.all_branches,75699676,100.00,,
     2.403930915,89062035,,inst_retired.any,75467887,100.00,141.1,IpMispredict
     2.403930915,628153,,br_misp_retired.all_branches,75467887,100.00,,
     2.504094137,88960149,,inst_retired.any,75589217,100.00,141.0,IpMispredict
     2.504094137,626107,,br_misp_retired.all_branches,75589217,100.00,,
     2.604249192,89818708,,inst_retired.any,76415079,100.00,142.4,IpMispredict
     2.604249192,631264,,br_misp_retired.all_branches,76415079,100.00,,
     2.704402224,88336294,,inst_retired.any,74830568,100.00,140.1,IpMispredict
     2.704402224,622537,,br_misp_retired.all_branches,74830568,100.00,,
     2.804566658,89578808,,inst_retired.any,76045941,100.00,142.1,IpMispredict
     2.804566658,630590,,br_misp_retired.all_branches,76045941,100.00,,
     2.904723251,88737450,,inst_retired.any,75118573,100.00,140.8,IpMispredict
     2.904723251,625304,,br_misp_retired.all_branches,75118573,100.00,,
     3.004890853,89452599,,inst_retired.any,75521280,100.00,141.9,IpMispredict
     3.004890853,627703,,br_misp_retired.all_branches,75521280,100.00,,
     3.105038650,89376532,,inst_retired.any,75515709,100.00,141.8,IpMispredict
     3.105038650,625893,,br_misp_retired.all_branches,75515709,100.00,,
     3.205179853,89321915,,inst_retired.any,75483622,100.00,141.8,IpMispredict
     3.205179853,625667,,br_misp_retired.all_branches,75483622,100.00,,
     3.305331275,88472772,,inst_retired.any,74689771,100.00,140.5,IpMispredict
     3.305331275,620476,,br_misp_retired.all_branches,74689771,100.00,,
     3.405499179,89698580,,inst_retired.any,76284920,100.00,142.4,IpMispredict
     3.405499179,629058,,br_misp_retired.all_branches,76284920,100.00,,
     3.505639794,89026872,,inst_retired.any,75566738,100.00,141.4,IpMispredict
     3.505639794,629896,,br_misp_retired.all_branches,75566738,100.00,,
     3.605792820,89042765,,inst_retired.any,75455510,100.00,141.4,IpMispredict
     3.605792820,626709,,br_misp_retired.all_branches,75455510,100.00,,
     3.705940517,88965162,,inst_retired.any,75385485,100.00,141.3,IpMispredict
     3.705940517,626268,,br_misp_retired.all_branches,75385485,100.00,,
     3.806103677,89132096,,inst_retired.any,75444380,100.00,141.6,IpMispredict
     3.806103677,629613,,br_misp_retired.all_branches,75444380,100.00,,
     3.906260042,90458983,,inst_retired.any,76587413,100.00,143.6,IpMispredict
     3.906260042,641648,,br_misp_retired.all_branches,76587413,100.00,,
     4.006446989,89190741,,inst_retired.any,75611215,100.00,141.6,IpMispredict
     4.006446989,635111,,br_misp_retired.all_branches,75611215,100.00,,
     4.106628814,88889090,,inst_retired.any,75619213,100.00,141.1,IpMispredict
     4.106628814,636182,,br_misp_retired.all_branches,75619213,100.00,,
     4.206776347,89196440,,inst_retired.any,75617184,100.00,141.5,IpMispredict
     4.206776347,634209,,br_misp_retired.all_branches,75617184,100.00,,
     4.306923606,88820136,,inst_retired.any,75524494,100.00,140.9,IpMispredict
     4.306923606,628644,,br_misp_retired.all_branches,75524494,100.00,,
     4.407066231,89184443,,inst_retired.any,75645104,100.00,141.5,IpMispredict
     4.407066231,632101,,br_misp_retired.all_branches,75645104,100.00,,
     4.507225006,88949394,,inst_retired.any,75328147,100.00,141.1,IpMispredict
     4.507225006,629054,,br_misp_retired.all_branches,75328147,100.00,,
     4.607396363,89667694,,inst_retired.any,76114427,100.00,142.3,IpMispredict
     4.607396363,634336,,br_misp_retired.all_branches,76114427,100.00,,
     4.707539943,89039743,,inst_retired.any,75691878,100.00,141.3,IpMispredict
     4.707539943,631419,,br_misp_retired.all_branches,75691878,100.00,,
     4.807730578,88624065,,inst_retired.any,75526391,100.00,140.6,IpMispredict
     4.807730578,630377,,br_misp_retired.all_branches,75526391,100.00,,
     4.907907502,89654924,,inst_retired.any,76451719,100.00,142.2,IpMispredict
     4.907907502,643444,,br_misp_retired.all_branches,76451719,100.00,,
     5.008075778,88770650,,inst_retired.any,75783211,100.00,140.8,IpMispredict
     5.008075778,628547,,br_misp_retired.all_branches,75783211,100.00,,
     5.108242807,89596061,,inst_retired.any,76394139,100.00,142.1,IpMispredict
     5.108242807,634367,,br_misp_retired.all_branches,76394139,100.00,,
     5.208390284,88981455,,inst_retired.any,75461974,100.00,141.1,IpMispredict
     5.208390284,625549,,br_misp_retired.all_branches,75461974,100.00,,
     5.308545723,89010210,,inst_retired.any,75531353,100.00,141.2,IpMispredict
     5.308545723,624056,,br_misp_retired.all_branches,75531353,100.00,,
     5.408681920,88871194,,inst_retired.any,75350017,100.00,141.0,IpMispredict
     5.408681920,622576,,br_misp_retired.all_branches,75350017,100.00,,
     5.508856617,89214006,,inst_retired.any,75668959,100.00,141.5,IpMispredict
     5.508856617,630569,,br_misp_retired.all_branches,75668959,100.00,,
     5.609012721,89909154,,inst_retired.any,76378301,100.00,142.6,IpMispredict
     5.609012721,635180,,br_misp_retired.all_branches,76378301,100.00,,
     5.709173441,88860556,,inst_retired.any,75550582,100.00,141.0,IpMispredict
     5.709173441,628623,,br_misp_retired.all_branches,75550582,100.00,,
     5.809320347,89199406,,inst_retired.any,75592822,100.00,141.5,IpMispredict
     5.809320347,629786,,br_misp_retired.all_branches,75592822,100.00,,
     5.909459735,89280494,,inst_retired.any,75670027,100.00,141.6,IpMispredict
     5.909459735,634988,,br_misp_retired.all_branches,75670027,100.00,,
     6.009612784,89312220,,inst_retired.any,75655116,100.00,141.7,IpMispredict
     6.009612784,633458,,br_misp_retired.all_branches,75655116,100.00,,
     6.109750551,89010269,,inst_retired.any,75403749,100.00,141.2,IpMispredict
     6.109750551,626797,,br_misp_retired.all_branches,75403749,100.00,,
     6.209905594,89243266,,inst_retired.any,75484760,100.00,141.6,IpMispredict
     6.209905594,627276,,br_misp_retired.all_branches,75484760,100.00,,
     6.310037185,89133201,,inst_retired.any,75339733,100.00,141.4,IpMispredict
     6.310037185,627754,,br_misp_retired.all_branches,75339733,100.00,,
     6.410170969,88855336,,inst_retired.any,75146323,100.00,141.0,IpMispredict
     6.410170969,624685,,br_misp_retired.all_branches,75146323,100.00,,
     6.510317198,89304290,,inst_retired.any,75661903,100.00,141.7,IpMispredict
     6.510317198,627801,,br_misp_retired.all_branches,75661903,100.00,,
     6.610481844,89137300,,inst_retired.any,75347548,100.00,141.5,IpMispredict
     6.610481844,624941,,br_misp_retired.all_branches,75347548,100.00,,
     6.710633595,89113260,,inst_retired.any,75293070,100.00,141.4,IpMispredict
     6.710633595,626127,,br_misp_retired.all_branches,75293070,100.00,,
     6.810782570,89218405,,inst_retired.any,75452707,100.00,141.6,IpMispredict
     6.810782570,629008,,br_misp_retired.all_branches,75452707,100.00,,
     6.910941404,89342367,,inst_retired.any,75925583,100.00,141.8,IpMispredict
     6.910941404,632328,,br_misp_retired.all_branches,75925583,100.00,,
     7.011099163,89318799,,inst_retired.any,75423836,100.00,141.8,IpMispredict
     7.011099163,627637,,br_misp_retired.all_branches,75423836,100.00,,
     7.111261965,88492038,,inst_retired.any,75225322,100.00,140.5,IpMispredict
     7.111261965,623659,,br_misp_retired.all_branches,75225322,100.00,,
     7.211424036,89149176,,inst_retired.any,75526640,100.00,141.5,IpMispredict
     7.211424036,627619,,br_misp_retired.all_branches,75526640,100.00,,
     7.311607506,89117409,,inst_retired.any,75393849,100.00,141.5,IpMispredict
     7.311607506,628076,,br_misp_retired.all_branches,75393849,100.00,,
     7.411752983,89571945,,inst_retired.any,75966802,100.00,142.2,IpMispredict
     7.411752983,634686,,br_misp_retired.all_branches,75966802,100.00,,
     7.511934887,88950515,,inst_retired.any,75516867,100.00,141.2,IpMispredict
     7.511934887,630505,,br_misp_retired.all_branches,75516867,100.00,,
     7.612078357,89134500,,inst_retired.any,75366303,100.00,141.5,IpMispredict
     7.612078357,630887,,br_misp_retired.all_branches,75366303,100.00,,
     7.712231264,88817973,,inst_retired.any,75594318,100.00,141.0,IpMispredict
     7.712231264,629934,,br_misp_retired.all_branches,75594318,100.00,,
     7.812384143,89197345,,inst_retired.any,75623123,100.00,141.6,IpMispredict
     7.812384143,625580,,br_misp_retired.all_branches,75623123,100.00,,
     7.912565609,89497332,,inst_retired.any,76112839,100.00,142.1,IpMispredict
     7.912565609,623250,,br_misp_retired.all_branches,76112839,100.00,,
     8.012736988,89378898,,inst_retired.any,75630310,100.00,141.9,IpMispredict
     8.012736988,625797,,br_misp_retired.all_branches,75630310,100.00,,
     8.112911867,89143066,,inst_retired.any,75487894,100.00,141.6,IpMispredict
     8.112911867,622582,,br_misp_retired.all_branches,75487894,100.00,,
     8.213077424,88765163,,inst_retired.any,74981611,100.00,141.0,IpMispredict
     8.213077424,619452,,br_misp_retired.all_branches,74981611,100.00,,
     8.313258688,89066038,,inst_retired.any,75361469,100.00,141.5,IpMispredict
     8.313258688,622283,,br_misp_retired.all_branches,75361469,100.00,,
     8.413402725,89180725,,inst_retired.any,75495483,100.00,141.7,IpMispredict
     8.413402725,623478,,br_misp_retired.all_branches,75495483,100.00,,
     8.513555987,89428379,,inst_retired.any,75450751,100.00,142.1,IpMispredict
     8.513555987,624118,,br_misp_retired.all_branches,75450751,100.00,,
     8.613689929,89167393,,inst_retired.any,75479905,100.00,141.7,IpMispredict
     8.613689929,625699,,br_misp_retired.all_branches,75479905,100.00,,
     8.713841597,89113476,,inst_retired.any,75406392,100.00,141.6,IpMispredict
     8.713841597,621187,,br_misp_retired.all_branches,75406392,100.00,,
     8.813998809,89474214,,inst_retired.any,75590083,100.00,142.2,IpMispredict
     8.813998809,622839,,br_misp_retired.all_branches,75590083,100.00,,
     8.914155392,89121560,,inst_retired.any,75092659,100.00,141.7,IpMispredict
     8.914155392,627552,,br_misp_retired.all_branches,75092659,100.00,,
     9.014299351,88993802,,inst_retired.any,75315041,100.00,141.5,IpMispredict
     9.014299351,623876,,br_misp_retired.all_branches,75315041,100.00,,
     9.114452629,89917989,,inst_retired.any,76383340,100.00,142.9,IpMispredict
     9.114452629,630852,,br_misp_retired.all_branches,76383340,100.00,,
     9.214602942,89132177,,inst_retired.any,75304708,100.00,141.7,IpMispredict
     9.214602942,625350,,br_misp_retired.all_branches,75304708,100.00,,
     9.314754792,89185910,,inst_retired.any,75373509,100.00,141.8,IpMispredict
     9.314754792,627277,,br_misp_retired.all_branches,75373509,100.00,,
     9.414928772,89206840,,inst_retired.any,75417397,100.00,141.8,IpMispredict
     9.414928772,631097,,br_misp_retired.all_branches,75417397,100.00,,
     9.515076079,88478710,,inst_retired.any,74907358,100.00,140.7,IpMispredict
     9.515076079,623629,,br_misp_retired.all_branches,74907358,100.00,,
     9.615224949,89776677,,inst_retired.any,75842523,100.00,142.7,IpMispredict
     9.615224949,629698,,br_misp_retired.all_branches,75842523,100.00,,
     9.715389889,88382576,,inst_retired.any,74803418,100.00,140.5,IpMispredict
     9.715389889,618910,,br_misp_retired.all_branches,74803418,100.00,,
     9.815531693,89358798,,inst_retired.any,75605679,100.00,142.1,IpMispredict
     9.815531693,627822,,br_misp_retired.all_branches,75605679,100.00,,
     9.915739743,89422888,,inst_retired.any,75615277,100.00,142.2,IpMispredict
     9.915739743,626634,,br_misp_retired.all_branches,75615277,100.00,,
    10.015880723,89067318,,inst_retired.any,75093729,100.00,141.7,IpMispredict
    10.015880723,620404,,br_misp_retired.all_branches,75093729,100.00,,
    10.116039034,88951661,,inst_retired.any,75383039,100.00,141.5,IpMispredict
    10.116039034,621454,,br_misp_retired.all_branches,75383039,100.00,,
    10.216188568,89133336,,inst_retired.any,75403424,100.00,141.8,IpMispredict
    10.216188568,623991,,br_misp_retired.all_branches,75403424,100.00,,
    10.316347143,89131392,,inst_retired.any,75285994,100.00,141.8,IpMispredict
    10.316347143,623188,,br_misp_retired.all_branches,75285994,100.00,,
    10.416492857,88993874,,inst_retired.any,75356546,100.00,141.6,IpMispredict
    10.416492857,629011,,br_misp_retired.all_branches,75356546,100.00,,
    10.516652852,89430778,,inst_retired.any,75491812,100.00,142.3,IpMispredict
    10.516652852,629919,,br_misp_retired.all_branches,75491812,100.00,,
    10.616816963,88930405,,inst_retired.any,75188621,100.00,141.5,IpMispredict
    10.616816963,624832,,br_misp_retired.all_branches,75188621,100.00,,
    10.716984976,88933199,,inst_retired.any,75106628,100.00,141.5,IpMispredict
    10.716984976,622440,,br_misp_retired.all_branches,75106628,100.00,,
    10.817121527,89087689,,inst_retired.any,75082099,100.00,141.8,IpMispredict
    10.817121527,622480,,br_misp_retired.all_branches,75082099,100.00,,
    10.917275941,89201360,,inst_retired.any,75300683,100.00,141.9,IpMispredict
    10.917275941,626882,,br_misp_retired.all_branches,75300683,100.00,,
    11.017463216,89333808,,inst_retired.any,75175493,100.00,142.2,IpMispredict
    11.017463216,627622,,br_misp_retired.all_branches,75175493,100.00,,
