# started on Mon May  1 20:01:44 2023

     0.100204561,3032206,,offcore_response.all_requests.llc_hit.any_response,42561158,100.00,,
     0.100204561,39240,,offcore_response.all_requests.llc_miss.any_response,42583903,100.00,,
     0.200435776,2978290,,offcore_response.all_requests.llc_hit.any_response,41614759,100.00,,
     0.200435776,37886,,offcore_response.all_requests.llc_miss.any_response,41592014,100.00,,
     0.300621552,3023971,,offcore_response.all_requests.llc_hit.any_response,41114370,100.00,,
     0.300621552,38661,,offcore_response.all_requests.llc_miss.any_response,41135942,100.00,,
     0.400819742,3028844,,offcore_response.all_requests.llc_hit.any_response,41814179,100.00,,
     0.400819742,39313,,offcore_response.all_requests.llc_miss.any_response,41813506,100.00,,
     0.501012464,2999887,,offcore_response.all_requests.llc_hit.any_response,41955428,100.00,,
     0.501012464,39129,,offcore_response.all_requests.llc_miss.any_response,41934529,100.00,,
     0.601205745,2926598,,offcore_response.all_requests.llc_hit.any_response,40467824,100.00,,
     0.601205745,38189,,offcore_response.all_requests.llc_miss.any_response,40480409,100.00,,
     0.701398992,3018770,,offcore_response.all_requests.llc_hit.any_response,41858704,100.00,,
     0.701398992,38738,,offcore_response.all_requests.llc_miss.any_response,41867469,100.00,,
     0.801591912,2976855,,offcore_response.all_requests.llc_hit.any_response,42320341,100.00,,
     0.801591912,38074,,offcore_response.all_requests.llc_miss.any_response,42320698,100.00,,
     0.901785463,3026713,,offcore_response.all_requests.llc_hit.any_response,41511428,100.00,,
     0.901785463,39033,,offcore_response.all_requests.llc_miss.any_response,41489721,100.00,,
     1.001973635,3024484,,offcore_response.all_requests.llc_hit.any_response,42186084,100.00,,
     1.001973635,38666,,offcore_response.all_requests.llc_miss.any_response,42186084,100.00,,
     1.102159388,2983466,,offcore_response.all_requests.llc_hit.any_response,40920218,100.00,,
     1.102159388,38104,,offcore_response.all_requests.llc_miss.any_response,40942384,100.00,,
     1.202355091,3002861,,offcore_response.all_requests.llc_hit.any_response,42026877,100.00,,
     1.202355091,38767,,offcore_response.all_requests.llc_miss.any_response,42004711,100.00,,
     1.302546925,3020302,,offcore_response.all_requests.llc_hit.any_response,42112855,100.00,,
     1.302546925,38674,,offcore_response.all_requests.llc_miss.any_response,42112855,100.00,,
     1.402735973,2992409,,offcore_response.all_requests.llc_hit.any_response,40786895,100.00,,
     1.402735973,38543,,offcore_response.all_requests.llc_miss.any_response,40795836,100.00,,
     1.502925389,2954391,,offcore_response.all_requests.llc_hit.any_response,39349996,100.00,,
     1.502925389,38660,,offcore_response.all_requests.llc_miss.any_response,39362595,100.00,,
     1.603119671,3073140,,offcore_response.all_requests.llc_hit.any_response,42645176,100.00,,
     1.603119671,39064,,offcore_response.all_requests.llc_miss.any_response,42623636,100.00,,
     1.703305835,2980259,,offcore_response.all_requests.llc_hit.any_response,41766380,100.00,,
     1.703305835,38380,,offcore_response.all_requests.llc_miss.any_response,41766380,100.00,,
     1.803493493,2977205,,offcore_response.all_requests.llc_hit.any_response,40859466,100.00,,
     1.803493493,38311,,offcore_response.all_requests.llc_miss.any_response,40859466,100.00,,
     1.903683640,3035320,,offcore_response.all_requests.llc_hit.any_response,41953462,100.00,,
     1.903683640,38522,,offcore_response.all_requests.llc_miss.any_response,41953462,100.00,,
     2.003875437,3087955,,offcore_response.all_requests.llc_hit.any_response,42961759,100.00,,
     2.003875437,38954,,offcore_response.all_requests.llc_miss.any_response,42961759,100.00,,
     2.104061912,2971210,,offcore_response.all_requests.llc_hit.any_response,41127408,100.00,,
     2.104061912,37947,,offcore_response.all_requests.llc_miss.any_response,41127408,100.00,,
     2.204248888,3010956,,offcore_response.all_requests.llc_hit.any_response,41803449,100.00,,
     2.204248888,38858,,offcore_response.all_requests.llc_miss.any_response,41824535,100.00,,
     2.304464060,3018152,,offcore_response.all_requests.llc_hit.any_response,41288286,100.00,,
     2.304464060,38844,,offcore_response.all_requests.llc_miss.any_response,41267200,100.00,,
     2.404651276,3028808,,offcore_response.all_requests.llc_hit.any_response,42326630,100.00,,
     2.404651276,38662,,offcore_response.all_requests.llc_miss.any_response,42335864,100.00,,
     2.504841453,2984993,,offcore_response.all_requests.llc_hit.any_response,41787867,100.00,,
     2.504841453,38071,,offcore_response.all_requests.llc_miss.any_response,41778633,100.00,,
     2.605027647,3053038,,offcore_response.all_requests.llc_hit.any_response,42214727,100.00,,
     2.605027647,39141,,offcore_response.all_requests.llc_miss.any_response,42223160,100.00,,
     2.705217376,2930817,,offcore_response.all_requests.llc_hit.any_response,41089387,100.00,,
     2.705217376,37954,,offcore_response.all_requests.llc_miss.any_response,41102520,100.00,,
     2.805411971,3043015,,offcore_response.all_requests.llc_hit.any_response,41621167,100.00,,
     2.805411971,39223,,offcore_response.all_requests.llc_miss.any_response,41599601,100.00,,
     2.905596811,2958904,,offcore_response.all_requests.llc_hit.any_response,40930085,100.00,,
     2.905596811,38750,,offcore_response.all_requests.llc_miss.any_response,40930085,100.00,,
     3.005782381,2979386,,offcore_response.all_requests.llc_hit.any_response,40268854,100.00,,
     3.005782381,38105,,offcore_response.all_requests.llc_miss.any_response,40283215,100.00,,
     3.105972478,3052157,,offcore_response.all_requests.llc_hit.any_response,42168344,100.00,,
     3.105972478,38806,,offcore_response.all_requests.llc_miss.any_response,42153983,100.00,,
     3.206161946,2987145,,offcore_response.all_requests.llc_hit.any_response,41333272,100.00,,
     3.206161946,38681,,offcore_response.all_requests.llc_miss.any_response,41354273,100.00,,
     3.306354652,2978311,,offcore_response.all_requests.llc_hit.any_response,41507640,100.00,,
     3.306354652,38131,,offcore_response.all_requests.llc_miss.any_response,41508387,100.00,,
     3.406548356,3056543,,offcore_response.all_requests.llc_hit.any_response,42690917,100.00,,
     3.406548356,39072,,offcore_response.all_requests.llc_miss.any_response,42690215,100.00,,
     3.506741000,3016988,,offcore_response.all_requests.llc_hit.any_response,41956146,100.00,,
     3.506741000,38382,,offcore_response.all_requests.llc_miss.any_response,41935100,100.00,,
     3.606928934,2966290,,offcore_response.all_requests.llc_hit.any_response,40915236,100.00,,
     3.606928934,38869,,offcore_response.all_requests.llc_miss.any_response,40915236,100.00,,
     3.707117400,2999472,,offcore_response.all_requests.llc_hit.any_response,40939281,100.00,,
     3.707117400,38466,,offcore_response.all_requests.llc_miss.any_response,40939281,100.00,,
     3.807307634,2946648,,offcore_response.all_requests.llc_hit.any_response,40822765,100.00,,
     3.807307634,38993,,offcore_response.all_requests.llc_miss.any_response,40844238,100.00,,
     3.907501900,2985906,,offcore_response.all_requests.llc_hit.any_response,41266698,100.00,,
     3.907501900,38608,,offcore_response.all_requests.llc_miss.any_response,41267143,100.00,,
     4.007697216,3021180,,offcore_response.all_requests.llc_hit.any_response,42172084,100.00,,
     4.007697216,38490,,offcore_response.all_requests.llc_miss.any_response,42150166,100.00,,
     4.107889448,3012623,,offcore_response.all_requests.llc_hit.any_response,41445086,100.00,,
     4.107889448,38596,,offcore_response.all_requests.llc_miss.any_response,41445086,100.00,,
     4.208077743,3007913,,offcore_response.all_requests.llc_hit.any_response,42217652,100.00,,
     4.208077743,38369,,offcore_response.all_requests.llc_miss.any_response,42217652,100.00,,
     4.308266638,2949739,,offcore_response.all_requests.llc_hit.any_response,40678569,100.00,,
     4.308266638,38444,,offcore_response.all_requests.llc_miss.any_response,40678569,100.00,,
     4.408463196,3016427,,offcore_response.all_requests.llc_hit.any_response,42123884,100.00,,
     4.408463196,38842,,offcore_response.all_requests.llc_miss.any_response,42123884,100.00,,
     4.508668584,3060395,,offcore_response.all_requests.llc_hit.any_response,42425056,100.00,,
     4.508668584,38302,,offcore_response.all_requests.llc_miss.any_response,42446509,100.00,,
     4.608863750,3002585,,offcore_response.all_requests.llc_hit.any_response,41467286,100.00,,
     4.608863750,38378,,offcore_response.all_requests.llc_miss.any_response,41445833,100.00,,
     4.709051220,3028043,,offcore_response.all_requests.llc_hit.any_response,42419621,100.00,,
     4.709051220,38848,,offcore_response.all_requests.llc_miss.any_response,42419621,100.00,,
     4.809237474,2998249,,offcore_response.all_requests.llc_hit.any_response,41069894,100.00,,
     4.809237474,38519,,offcore_response.all_requests.llc_miss.any_response,41069894,100.00,,
     4.909423428,2988858,,offcore_response.all_requests.llc_hit.any_response,42286531,100.00,,
     4.909423428,38016,,offcore_response.all_requests.llc_miss.any_response,42308154,100.00,,
     5.009618209,3038882,,offcore_response.all_requests.llc_hit.any_response,43028084,100.00,,
     5.009618209,38720,,offcore_response.all_requests.llc_miss.any_response,43024974,100.00,,
     5.109809782,3055549,,offcore_response.all_requests.llc_hit.any_response,42253055,100.00,,
     5.109809782,38517,,offcore_response.all_requests.llc_miss.any_response,42234542,100.00,,
     5.209998809,3006599,,offcore_response.all_requests.llc_hit.any_response,41558408,100.00,,
     5.209998809,37934,,offcore_response.all_requests.llc_miss.any_response,41558408,100.00,,
     5.310184459,3041684,,offcore_response.all_requests.llc_hit.any_response,41905277,100.00,,
     5.310184459,39022,,offcore_response.all_requests.llc_miss.any_response,41905277,100.00,,
     5.410373414,2984622,,offcore_response.all_requests.llc_hit.any_response,41715295,100.00,,
     5.410373414,38340,,offcore_response.all_requests.llc_miss.any_response,41715295,100.00,,
     5.510559778,3013149,,offcore_response.all_requests.llc_hit.any_response,41955317,100.00,,
     5.510559778,38452,,offcore_response.all_requests.llc_miss.any_response,41955317,100.00,,
     5.610747412,2992600,,offcore_response.all_requests.llc_hit.any_response,41726480,100.00,,
     5.610747412,38652,,offcore_response.all_requests.llc_miss.any_response,41726480,100.00,,
     5.710933195,2981071,,offcore_response.all_requests.llc_hit.any_response,41209203,100.00,,
     5.710933195,38412,,offcore_response.all_requests.llc_miss.any_response,41209203,100.00,,
     5.811124783,2999952,,offcore_response.all_requests.llc_hit.any_response,40967304,100.00,,
     5.811124783,38492,,offcore_response.all_requests.llc_miss.any_response,40988353,100.00,,
     5.911319449,3035869,,offcore_response.all_requests.llc_hit.any_response,42199019,100.00,,
     5.911319449,38915,,offcore_response.all_requests.llc_miss.any_response,42177970,100.00,,
     6.011508731,2979191,,offcore_response.all_requests.llc_hit.any_response,41108653,100.00,,
     6.011508731,38406,,offcore_response.all_requests.llc_miss.any_response,41108653,100.00,,
     6.111697672,2981224,,offcore_response.all_requests.llc_hit.any_response,41793204,100.00,,
     6.111697672,38522,,offcore_response.all_requests.llc_miss.any_response,41815184,100.00,,
     6.211893618,2981526,,offcore_response.all_requests.llc_hit.any_response,41298883,100.00,,
     6.211893618,38876,,offcore_response.all_requests.llc_miss.any_response,41297891,100.00,,
     6.312089308,2999377,,offcore_response.all_requests.llc_hit.any_response,39989025,100.00,,
     6.312089308,38813,,offcore_response.all_requests.llc_miss.any_response,39968037,100.00,,
     6.412278954,2955574,,offcore_response.all_requests.llc_hit.any_response,41478118,100.00,,
     6.412278954,38359,,offcore_response.all_requests.llc_miss.any_response,41478118,100.00,,
     6.512464804,3020896,,offcore_response.all_requests.llc_hit.any_response,41820363,100.00,,
     6.512464804,38498,,offcore_response.all_requests.llc_miss.any_response,41820363,100.00,,
     6.612675043,3045329,,offcore_response.all_requests.llc_hit.any_response,42718096,100.00,,
     6.612675043,38306,,offcore_response.all_requests.llc_miss.any_response,42739107,100.00,,
     6.712869781,3026200,,offcore_response.all_requests.llc_hit.any_response,41613260,100.00,,
     6.712869781,38913,,offcore_response.all_requests.llc_miss.any_response,41613979,100.00,,
     6.813064077,2980122,,offcore_response.all_requests.llc_hit.any_response,41691600,100.00,,
     6.813064077,38086,,offcore_response.all_requests.llc_miss.any_response,41669870,100.00,,
     6.913251895,2982132,,offcore_response.all_requests.llc_hit.any_response,41722957,100.00,,
     6.913251895,38414,,offcore_response.all_requests.llc_miss.any_response,41744607,100.00,,
     7.013450318,3065376,,offcore_response.all_requests.llc_hit.any_response,42987471,100.00,,
     7.013450318,38763,,offcore_response.all_requests.llc_miss.any_response,42965821,100.00,,
     7.113639736,3023128,,offcore_response.all_requests.llc_hit.any_response,41984178,100.00,,
     7.113639736,38567,,offcore_response.all_requests.llc_miss.any_response,42006427,100.00,,
     7.213836254,2963445,,offcore_response.all_requests.llc_hit.any_response,41289411,100.00,,
     7.213836254,38313,,offcore_response.all_requests.llc_miss.any_response,41267162,100.00,,
     7.314021938,2981622,,offcore_response.all_requests.llc_hit.any_response,40845752,100.00,,
     7.314021938,38812,,offcore_response.all_requests.llc_miss.any_response,40845752,100.00,,
     7.414210641,2944406,,offcore_response.all_requests.llc_hit.any_response,40447425,100.00,,
     7.414210641,38221,,offcore_response.all_requests.llc_miss.any_response,40447425,100.00,,
     7.514395633,3045308,,offcore_response.all_requests.llc_hit.any_response,40777340,100.00,,
     7.514395633,39060,,offcore_response.all_requests.llc_miss.any_response,40777340,100.00,,
     7.614582260,3009069,,offcore_response.all_requests.llc_hit.any_response,41456597,100.00,,
     7.614582260,38420,,offcore_response.all_requests.llc_miss.any_response,41456597,100.00,,
     7.714769711,3015706,,offcore_response.all_requests.llc_hit.any_response,41890824,100.00,,
     7.714769711,38394,,offcore_response.all_requests.llc_miss.any_response,41912512,100.00,,
     7.814965056,3025790,,offcore_response.all_requests.llc_hit.any_response,42387379,100.00,,
     7.814965056,38687,,offcore_response.all_requests.llc_miss.any_response,42365691,100.00,,
     7.915157987,2982520,,offcore_response.all_requests.llc_hit.any_response,41101673,100.00,,
     7.915157987,38562,,offcore_response.all_requests.llc_miss.any_response,41123275,100.00,,
     8.015351508,3024537,,offcore_response.all_requests.llc_hit.any_response,41574628,100.00,,
     8.015351508,38409,,offcore_response.all_requests.llc_miss.any_response,41574496,100.00,,
     8.115545336,3030327,,offcore_response.all_requests.llc_hit.any_response,42744821,100.00,,
     8.115545336,38765,,offcore_response.all_requests.llc_miss.any_response,42723351,100.00,,
     8.215766411,2965834,,offcore_response.all_requests.llc_hit.any_response,41273089,100.00,,
     8.215766411,38821,,offcore_response.all_requests.llc_miss.any_response,41273089,100.00,,
     8.315952095,2977678,,offcore_response.all_requests.llc_hit.any_response,41508547,100.00,,
     8.315952095,38698,,offcore_response.all_requests.llc_miss.any_response,41530530,100.00,,
     8.416146290,2995381,,offcore_response.all_requests.llc_hit.any_response,42375567,100.00,,
     8.416146290,38265,,offcore_response.all_requests.llc_miss.any_response,42353584,100.00,,
     8.516334460,2995894,,offcore_response.all_requests.llc_hit.any_response,40942549,100.00,,
     8.516334460,38925,,offcore_response.all_requests.llc_miss.any_response,40942549,100.00,,
     8.616524446,2917450,,offcore_response.all_requests.llc_hit.any_response,41066987,100.00,,
     8.616524446,38293,,offcore_response.all_requests.llc_miss.any_response,41078761,100.00,,
     8.716716871,3016056,,offcore_response.all_requests.llc_hit.any_response,41899137,100.00,,
     8.716716871,39472,,offcore_response.all_requests.llc_miss.any_response,41908953,100.00,,
     8.816931749,2998881,,offcore_response.all_requests.llc_hit.any_response,42197580,100.00,,
     8.816931749,38119,,offcore_response.all_requests.llc_miss.any_response,42197001,100.00,,
     8.917123687,3006202,,offcore_response.all_requests.llc_hit.any_response,41315214,100.00,,
     8.917123687,38124,,offcore_response.all_requests.llc_miss.any_response,41302024,100.00,,
     9.017317130,3031234,,offcore_response.all_requests.llc_hit.any_response,40799314,100.00,,
     9.017317130,38887,,offcore_response.all_requests.llc_miss.any_response,40791493,100.00,,
     9.117502106,2969814,,offcore_response.all_requests.llc_hit.any_response,41333998,100.00,,
     9.117502106,38095,,offcore_response.all_requests.llc_miss.any_response,41355955,100.00,,
     9.217695867,2954824,,offcore_response.all_requests.llc_hit.any_response,41081160,100.00,,
     9.217695867,38708,,offcore_response.all_requests.llc_miss.any_response,41059203,100.00,,
     9.317882773,3062201,,offcore_response.all_requests.llc_hit.any_response,43193452,100.00,,
     9.317882773,38760,,offcore_response.all_requests.llc_miss.any_response,43193452,100.00,,
     9.418070183,2939309,,offcore_response.all_requests.llc_hit.any_response,41218574,100.00,,
     9.418070183,38352,,offcore_response.all_requests.llc_miss.any_response,41218574,100.00,,
     9.518256508,2984049,,offcore_response.all_requests.llc_hit.any_response,41065283,100.00,,
     9.518256508,38518,,offcore_response.all_requests.llc_miss.any_response,41087063,100.00,,
     9.618450470,3036504,,offcore_response.all_requests.llc_hit.any_response,42390827,100.00,,
     9.618450470,38377,,offcore_response.all_requests.llc_miss.any_response,42369047,100.00,,
     9.718635862,3023281,,offcore_response.all_requests.llc_hit.any_response,42338442,100.00,,
     9.718635862,38687,,offcore_response.all_requests.llc_miss.any_response,42360052,100.00,,
     9.818828387,2936018,,offcore_response.all_requests.llc_hit.any_response,41670780,100.00,,
     9.818828387,38028,,offcore_response.all_requests.llc_miss.any_response,41649170,100.00,,
     9.919013577,2972099,,offcore_response.all_requests.llc_hit.any_response,41358928,100.00,,
     9.919013577,39071,,offcore_response.all_requests.llc_miss.any_response,41380472,100.00,,
    10.019208592,3004688,,offcore_response.all_requests.llc_hit.any_response,41629238,100.00,,
    10.019208592,38846,,offcore_response.all_requests.llc_miss.any_response,41607694,100.00,,
    10.119393572,2970101,,offcore_response.all_requests.llc_hit.any_response,41061900,100.00,,
    10.119393572,38514,,offcore_response.all_requests.llc_miss.any_response,41061900,100.00,,
    10.219582330,3000546,,offcore_response.all_requests.llc_hit.any_response,42140866,100.00,,
    10.219582330,38958,,offcore_response.all_requests.llc_miss.any_response,42140866,100.00,,
    10.319785743,2950195,,offcore_response.all_requests.llc_hit.any_response,41073362,100.00,,
    10.319785743,38664,,offcore_response.all_requests.llc_miss.any_response,41073362,100.00,,
    10.419984443,3041399,,offcore_response.all_requests.llc_hit.any_response,41863461,100.00,,
    10.419984443,38787,,offcore_response.all_requests.llc_miss.any_response,41863461,100.00,,
    10.520179402,2995759,,offcore_response.all_requests.llc_hit.any_response,41246344,100.00,,
    10.520179402,38211,,offcore_response.all_requests.llc_miss.any_response,41246344,100.00,,
    10.620367477,2977755,,offcore_response.all_requests.llc_hit.any_response,41801302,100.00,,
    10.620367477,38484,,offcore_response.all_requests.llc_miss.any_response,41801302,100.00,,
    10.720554509,3009566,,offcore_response.all_requests.llc_hit.any_response,41738821,100.00,,
    10.720554509,38829,,offcore_response.all_requests.llc_miss.any_response,41738821,100.00,,
    10.820740754,3070532,,offcore_response.all_requests.llc_hit.any_response,42485792,100.00,,
    10.820740754,38454,,offcore_response.all_requests.llc_miss.any_response,42507375,100.00,,
    10.920933807,2984320,,offcore_response.all_requests.llc_hit.any_response,42127259,100.00,,
    10.920933807,38277,,offcore_response.all_requests.llc_miss.any_response,42127597,100.00,,
    11.021150519,2963390,,offcore_response.all_requests.llc_hit.any_response,41449385,100.00,,
    11.021150519,38811,,offcore_response.all_requests.llc_miss.any_response,41427464,100.00,,
