# started on Mon May  1 19:59:58 2023

     0.100155948,60019838,,inst_retired.any,49686150,100.00,140.0,IpMispredict
     0.100155948,428853,,br_misp_retired.all_branches,49686150,100.00,,
     0.200401451,60008308,,inst_retired.any,49283670,100.00,141.1,IpMispredict
     0.200401451,421543,,br_misp_retired.all_branches,49283670,100.00,,
     0.300592246,60820362,,inst_retired.any,49950851,100.00,143.1,IpMispredict
     0.300592246,424380,,br_misp_retired.all_branches,49950851,100.00,,
     0.400779072,59695363,,inst_retired.any,48903962,100.00,140.9,IpMispredict
     0.400779072,420055,,br_misp_retired.all_branches,48903962,100.00,,
     0.500967867,60695476,,inst_retired.any,49547834,100.00,143.2,IpMispredict
     0.500967867,424902,,br_misp_retired.all_branches,49547834,100.00,,
     0.601159040,59926259,,inst_retired.any,49019299,100.00,141.6,IpMispredict
     0.601159040,419407,,br_misp_retired.all_branches,49019299,100.00,,
     0.701347103,60463116,,inst_retired.any,49562996,100.00,142.9,IpMispredict
     0.701347103,423541,,br_misp_retired.all_branches,49562996,100.00,,
     0.801530855,60233304,,inst_retired.any,49458863,100.00,142.3,IpMispredict
     0.801530855,423412,,br_misp_retired.all_branches,49458863,100.00,,
     0.901719639,59987752,,inst_retired.any,49012843,100.00,141.8,IpMispredict
     0.901719639,420725,,br_misp_retired.all_branches,49012843,100.00,,
     1.001903566,60754320,,inst_retired.any,49667605,100.00,143.6,IpMispredict
     1.001903566,424568,,br_misp_retired.all_branches,49667605,100.00,,
     1.102092230,59964472,,inst_retired.any,49125527,100.00,141.8,IpMispredict
     1.102092230,419856,,br_misp_retired.all_branches,49125527,100.00,,
     1.202280423,60027179,,inst_retired.any,49200588,100.00,142.0,IpMispredict
     1.202280423,420311,,br_misp_retired.all_branches,49200588,100.00,,
     1.302469832,60347581,,inst_retired.any,49678748,100.00,142.7,IpMispredict
     1.302469832,425516,,br_misp_retired.all_branches,49678748,100.00,,
     1.402653818,60247857,,inst_retired.any,49335767,100.00,142.5,IpMispredict
     1.402653818,421583,,br_misp_retired.all_branches,49335767,100.00,,
     1.502843692,60415291,,inst_retired.any,49656865,100.00,142.9,IpMispredict
     1.502843692,421631,,br_misp_retired.all_branches,49656865,100.00,,
     1.603033094,60504259,,inst_retired.any,49707650,100.00,143.1,IpMispredict
     1.603033094,425278,,br_misp_retired.all_branches,49707650,100.00,,
     1.703224214,59834972,,inst_retired.any,48937628,100.00,141.5,IpMispredict
     1.703224214,422165,,br_misp_retired.all_branches,48937628,100.00,,
     1.803407900,60796517,,inst_retired.any,49870455,100.00,143.7,IpMispredict
     1.803407900,427804,,br_misp_retired.all_branches,49870455,100.00,,
     1.903601268,60222144,,inst_retired.any,49163554,100.00,142.4,IpMispredict
     1.903601268,419938,,br_misp_retired.all_branches,49163554,100.00,,
     2.003823777,60469791,,inst_retired.any,49713479,100.00,142.9,IpMispredict
     2.003823777,426475,,br_misp_retired.all_branches,49713479,100.00,,
     2.104010917,59819603,,inst_retired.any,48973760,100.00,141.4,IpMispredict
     2.104010917,421355,,br_misp_retired.all_branches,48973760,100.00,,
     2.204199778,60339049,,inst_retired.any,49675460,100.00,142.6,IpMispredict
     2.204199778,424720,,br_misp_retired.all_branches,49675460,100.00,,
     2.304386855,60228235,,inst_retired.any,49347012,100.00,142.4,IpMispredict
     2.304386855,422035,,br_misp_retired.all_branches,49347012,100.00,,
     2.404573093,60692533,,inst_retired.any,49462034,100.00,143.5,IpMispredict
     2.404573093,423501,,br_misp_retired.all_branches,49462034,100.00,,
     2.504762172,60656317,,inst_retired.any,49790008,100.00,143.4,IpMispredict
     2.504762172,423912,,br_misp_retired.all_branches,49790008,100.00,,
     2.604956957,59817517,,inst_retired.any,48899218,100.00,141.4,IpMispredict
     2.604956957,422006,,br_misp_retired.all_branches,48899218,100.00,,
     2.705147799,60511532,,inst_retired.any,49595448,100.00,143.0,IpMispredict
     2.705147799,425388,,br_misp_retired.all_branches,49595448,100.00,,
     2.805362577,60323329,,inst_retired.any,49488295,100.00,142.5,IpMispredict
     2.805362577,426455,,br_misp_retired.all_branches,49488295,100.00,,
     2.905553670,60305762,,inst_retired.any,49421846,100.00,142.5,IpMispredict
     2.905553670,418428,,br_misp_retired.all_branches,49421846,100.00,,
     3.005742732,59954927,,inst_retired.any,49162587,100.00,141.8,IpMispredict
     3.005742732,417912,,br_misp_retired.all_branches,49162587,100.00,,
     3.105929491,60553759,,inst_retired.any,49672236,100.00,143.2,IpMispredict
     3.105929491,424409,,br_misp_retired.all_branches,49672236,100.00,,
     3.206116271,60261054,,inst_retired.any,49792147,100.00,142.5,IpMispredict
     3.206116271,423519,,br_misp_retired.all_branches,49792147,100.00,,
     3.306306485,60137324,,inst_retired.any,49197003,100.00,142.2,IpMispredict
     3.306306485,420412,,br_misp_retired.all_branches,49197003,100.00,,
     3.406492199,59867763,,inst_retired.any,49080931,100.00,141.6,IpMispredict
     3.406492199,416491,,br_misp_retired.all_branches,49080931,100.00,,
     3.506682997,60555099,,inst_retired.any,49579025,100.00,143.2,IpMispredict
     3.506682997,423302,,br_misp_retired.all_branches,49579025,100.00,,
     3.606870760,60487661,,inst_retired.any,49590415,100.00,143.0,IpMispredict
     3.606870760,428171,,br_misp_retired.all_branches,49590415,100.00,,
     3.707059965,59614213,,inst_retired.any,48771251,100.00,141.0,IpMispredict
     3.707059965,418601,,br_misp_retired.all_branches,48771251,100.00,,
     3.807247292,60626939,,inst_retired.any,49563340,100.00,143.4,IpMispredict
     3.807247292,421088,,br_misp_retired.all_branches,49563340,100.00,,
     3.907432341,59892939,,inst_retired.any,49234904,100.00,141.8,IpMispredict
     3.907432341,414180,,br_misp_retired.all_branches,49234904,100.00,,
     4.007620217,60624309,,inst_retired.any,50078942,100.00,143.5,IpMispredict
     4.007620217,422844,,br_misp_retired.all_branches,50078942,100.00,,
     4.107836285,60420885,,inst_retired.any,49525785,100.00,143.0,IpMispredict
     4.107836285,424271,,br_misp_retired.all_branches,49525785,100.00,,
     4.208025349,59780862,,inst_retired.any,49018097,100.00,141.5,IpMispredict
     4.208025349,420291,,br_misp_retired.all_branches,49018097,100.00,,
     4.308216311,60195437,,inst_retired.any,49182999,100.00,142.5,IpMispredict
     4.308216311,419699,,br_misp_retired.all_branches,49182999,100.00,,
     4.408404775,60556460,,inst_retired.any,49572284,100.00,143.4,IpMispredict
     4.408404775,420205,,br_misp_retired.all_branches,49572284,100.00,,
     4.508590866,60387601,,inst_retired.any,49442879,100.00,143.0,IpMispredict
     4.508590866,421135,,br_misp_retired.all_branches,49442879,100.00,,
     4.608776734,60127741,,inst_retired.any,49376887,100.00,142.3,IpMispredict
     4.608776734,423841,,br_misp_retired.all_branches,49376887,100.00,,
     4.708962518,60409867,,inst_retired.any,49450889,100.00,143.0,IpMispredict
     4.708962518,422583,,br_misp_retired.all_branches,49450889,100.00,,
     4.809151162,60119187,,inst_retired.any,49155652,100.00,142.4,IpMispredict
     4.809151162,418604,,br_misp_retired.all_branches,49155652,100.00,,
     4.909340444,59903756,,inst_retired.any,49072513,100.00,141.9,IpMispredict
     4.909340444,420248,,br_misp_retired.all_branches,49072513,100.00,,
     5.009532176,60300759,,inst_retired.any,49876403,100.00,142.8,IpMispredict
     5.009532176,422967,,br_misp_retired.all_branches,49876403,100.00,,
     5.109724795,60508898,,inst_retired.any,49693575,100.00,143.3,IpMispredict
     5.109724795,424667,,br_misp_retired.all_branches,49693575,100.00,,
     5.209909884,60196930,,inst_retired.any,49371985,100.00,142.5,IpMispredict
     5.209909884,420156,,br_misp_retired.all_branches,49371985,100.00,,
     5.310094819,60505145,,inst_retired.any,49630314,100.00,143.3,IpMispredict
     5.310094819,423589,,br_misp_retired.all_branches,49630314,100.00,,
     5.410284669,59671750,,inst_retired.any,48807284,100.00,141.3,IpMispredict
     5.410284669,416792,,br_misp_retired.all_branches,48807284,100.00,,
     5.510491759,60308895,,inst_retired.any,49246409,100.00,142.9,IpMispredict
     5.510491759,418126,,br_misp_retired.all_branches,49246409,100.00,,
     5.610678031,60371063,,inst_retired.any,49447225,100.00,143.0,IpMispredict
     5.610678031,420655,,br_misp_retired.all_branches,49447225,100.00,,
     5.710864043,60521028,,inst_retired.any,49543398,100.00,143.3,IpMispredict
     5.710864043,427524,,br_misp_retired.all_branches,49543398,100.00,,
     5.811047674,59978717,,inst_retired.any,50012848,100.00,142.1,IpMispredict
     5.811047674,419894,,br_misp_retired.all_branches,50012848,100.00,,
     5.911234782,60230188,,inst_retired.any,49132984,100.00,142.7,IpMispredict
     5.911234782,420850,,br_misp_retired.all_branches,49132984,100.00,,
     6.011420325,60477441,,inst_retired.any,49281802,100.00,143.2,IpMispredict
     6.011420325,425525,,br_misp_retired.all_branches,49281802,100.00,,
     6.111604823,60347167,,inst_retired.any,49303680,100.00,142.9,IpMispredict
     6.111604823,421723,,br_misp_retired.all_branches,49303680,100.00,,
     6.211813489,60168342,,inst_retired.any,49481799,100.00,142.5,IpMispredict
     6.211813489,424701,,br_misp_retired.all_branches,49481799,100.00,,
     6.311998632,59955896,,inst_retired.any,49559725,100.00,142.0,IpMispredict
     6.311998632,421780,,br_misp_retired.all_branches,49559725,100.00,,
     6.412186955,60418886,,inst_retired.any,49582363,100.00,143.1,IpMispredict
     6.412186955,423291,,br_misp_retired.all_branches,49582363,100.00,,
     6.512372071,60337009,,inst_retired.any,49592327,100.00,142.9,IpMispredict
     6.512372071,422818,,br_misp_retired.all_branches,49592327,100.00,,
     6.612557374,60320573,,inst_retired.any,49395383,100.00,142.8,IpMispredict
     6.612557374,426933,,br_misp_retired.all_branches,49395383,100.00,,
     6.712745777,60402007,,inst_retired.any,49587493,100.00,143.0,IpMispredict
     6.712745777,426415,,br_misp_retired.all_branches,49587493,100.00,,
     6.812933680,60053978,,inst_retired.any,49255105,100.00,142.2,IpMispredict
     6.812933680,421171,,br_misp_retired.all_branches,49255105,100.00,,
     6.913127298,59978715,,inst_retired.any,50041102,100.00,142.0,IpMispredict
     6.913127298,421359,,br_misp_retired.all_branches,50041102,100.00,,
     7.013319390,60109288,,inst_retired.any,49255837,100.00,142.3,IpMispredict
     7.013319390,419250,,br_misp_retired.all_branches,49255837,100.00,,
     7.113514880,60744585,,inst_retired.any,49786702,100.00,143.8,IpMispredict
     7.113514880,423714,,br_misp_retired.all_branches,49786702,100.00,,
     7.213699976,60105911,,inst_retired.any,49150952,100.00,142.4,IpMispredict
     7.213699976,415715,,br_misp_retired.all_branches,49150952,100.00,,
     7.313885933,60162261,,inst_retired.any,49301941,100.00,142.5,IpMispredict
     7.313885933,418282,,br_misp_retired.all_branches,49301941,100.00,,
     7.414078319,61071381,,inst_retired.any,50247941,100.00,144.6,IpMispredict
     7.414078319,430266,,br_misp_retired.all_branches,50247941,100.00,,
     7.514266662,60107429,,inst_retired.any,49659874,100.00,142.3,IpMispredict
     7.514266662,420309,,br_misp_retired.all_branches,49659874,100.00,,
     7.614452299,60373274,,inst_retired.any,49386529,100.00,143.0,IpMispredict
     7.614452299,422216,,br_misp_retired.all_branches,49386529,100.00,,
     7.714644565,60320662,,inst_retired.any,49405185,100.00,142.8,IpMispredict
     7.714644565,423049,,br_misp_retired.all_branches,49405185,100.00,,
     7.814830288,60156705,,inst_retired.any,49723235,100.00,142.5,IpMispredict
     7.814830288,421832,,br_misp_retired.all_branches,49723235,100.00,,
     7.915016553,60240449,,inst_retired.any,49197107,100.00,142.7,IpMispredict
     7.915016553,418440,,br_misp_retired.all_branches,49197107,100.00,,
     8.015199992,60410194,,inst_retired.any,49446058,100.00,143.1,IpMispredict
     8.015199992,420290,,br_misp_retired.all_branches,49446058,100.00,,
     8.115385923,60015928,,inst_retired.any,49237820,100.00,142.2,IpMispredict
     8.115385923,420322,,br_misp_retired.all_branches,49237820,100.00,,
     8.215569890,60146689,,inst_retired.any,49721179,100.00,142.5,IpMispredict
     8.215569890,421846,,br_misp_retired.all_branches,49721179,100.00,,
     8.315812325,60554078,,inst_retired.any,49744950,100.00,143.4,IpMispredict
     8.315812325,420060,,br_misp_retired.all_branches,49744950,100.00,,
     8.415997086,60056280,,inst_retired.any,48967840,100.00,142.3,IpMispredict
     8.415997086,419426,,br_misp_retired.all_branches,48967840,100.00,,
     8.516182142,60678735,,inst_retired.any,49704431,100.00,143.7,IpMispredict
     8.516182142,424040,,br_misp_retired.all_branches,49704431,100.00,,
     8.616367444,60382791,,inst_retired.any,49676055,100.00,143.0,IpMispredict
     8.616367444,425036,,br_misp_retired.all_branches,49676055,100.00,,
     8.716557445,60189228,,inst_retired.any,49360738,100.00,142.6,IpMispredict
     8.716557445,421673,,br_misp_retired.all_branches,49360738,100.00,,
     8.816745207,60340700,,inst_retired.any,49544061,100.00,142.9,IpMispredict
     8.816745207,422823,,br_misp_retired.all_branches,49544061,100.00,,
     8.916931238,60108581,,inst_retired.any,49284721,100.00,142.4,IpMispredict
     8.916931238,420211,,br_misp_retired.all_branches,49284721,100.00,,
     9.017119113,60106009,,inst_retired.any,49291312,100.00,142.4,IpMispredict
     9.017119113,421853,,br_misp_retired.all_branches,49291312,100.00,,
     9.117305185,60273131,,inst_retired.any,49586469,100.00,142.8,IpMispredict
     9.117305185,424868,,br_misp_retired.all_branches,49586469,100.00,,
     9.217494303,60693569,,inst_retired.any,49772396,100.00,143.7,IpMispredict
     9.217494303,426698,,br_misp_retired.all_branches,49772396,100.00,,
     9.317688039,60247230,,inst_retired.any,49422799,100.00,142.7,IpMispredict
     9.317688039,420495,,br_misp_retired.all_branches,49422799,100.00,,
     9.417877037,59851557,,inst_retired.any,48924718,100.00,141.8,IpMispredict
     9.417877037,418607,,br_misp_retired.all_branches,48924718,100.00,,
     9.518068353,60496386,,inst_retired.any,49815131,100.00,143.3,IpMispredict
     9.518068353,424789,,br_misp_retired.all_branches,49815131,100.00,,
     9.618256550,59959715,,inst_retired.any,49128953,100.00,142.0,IpMispredict
     9.618256550,421733,,br_misp_retired.all_branches,49128953,100.00,,
     9.718446757,60327469,,inst_retired.any,49314721,100.00,142.9,IpMispredict
     9.718446757,423137,,br_misp_retired.all_branches,49314721,100.00,,
     9.818631030,60273663,,inst_retired.any,49549743,100.00,142.8,IpMispredict
     9.818631030,423087,,br_misp_retired.all_branches,49549743,100.00,,
     9.918818472,60652545,,inst_retired.any,49900872,100.00,143.6,IpMispredict
     9.918818472,429805,,br_misp_retired.all_branches,49900872,100.00,,
    10.019002852,60134832,,inst_retired.any,49934344,100.00,142.4,IpMispredict
    10.019002852,423195,,br_misp_retired.all_branches,49934344,100.00,,
    10.119191409,60204140,,inst_retired.any,49272492,100.00,142.6,IpMispredict
    10.119191409,424901,,br_misp_retired.all_branches,49272492,100.00,,
    10.219376157,60249837,,inst_retired.any,49283009,100.00,142.7,IpMispredict
    10.219376157,419558,,br_misp_retired.all_branches,49283009,100.00,,
    10.319566218,60165152,,inst_retired.any,50033175,100.00,142.5,IpMispredict
    10.319566218,423316,,br_misp_retired.all_branches,50033175,100.00,,
    10.419751902,60342194,,inst_retired.any,49783000,100.00,142.9,IpMispredict
    10.419751902,422973,,br_misp_retired.all_branches,49783000,100.00,,
    10.519937152,60289565,,inst_retired.any,49607198,100.00,142.8,IpMispredict
    10.519937152,425414,,br_misp_retired.all_branches,49607198,100.00,,
    10.620126891,60567055,,inst_retired.any,50200680,100.00,143.4,IpMispredict
    10.620126891,424963,,br_misp_retired.all_branches,50200680,100.00,,
    10.720315484,60094405,,inst_retired.any,49309308,100.00,142.3,IpMispredict
    10.720315484,419500,,br_misp_retired.all_branches,49309308,100.00,,
    10.820503544,60683606,,inst_retired.any,49808355,100.00,143.7,IpMispredict
    10.820503544,423951,,br_misp_retired.all_branches,49808355,100.00,,
    10.920693715,59762313,,inst_retired.any,48969425,100.00,141.5,IpMispredict
    10.920693715,415969,,br_misp_retired.all_branches,48969425,100.00,,
    11.020897110,60394576,,inst_retired.any,49620504,100.00,143.0,IpMispredict
    11.020897110,423390,,br_misp_retired.all_branches,49620504,100.00,,
