# started on Mon May  1 20:00:11 2023

     0.100146742,89934048,,inst_retired.any,74775147,100.00,138.8,IpMispredict
     0.100146742,647827,,br_misp_retired.all_branches,74775147,100.00,,
     0.200393301,90418744,,inst_retired.any,74681669,100.00,140.9,IpMispredict
     0.200393301,635997,,br_misp_retired.all_branches,74681669,100.00,,
     0.300585359,90901335,,inst_retired.any,74919291,100.00,141.9,IpMispredict
     0.300585359,638526,,br_misp_retired.all_branches,74919291,100.00,,
     0.400779800,90486190,,inst_retired.any,74614687,100.00,141.7,IpMispredict
     0.400779800,631534,,br_misp_retired.all_branches,74614687,100.00,,
     0.500974784,89941699,,inst_retired.any,74370165,100.00,141.0,IpMispredict
     0.500974784,634782,,br_misp_retired.all_branches,74370165,100.00,,
     0.601166403,90206066,,inst_retired.any,74186902,100.00,141.7,IpMispredict
     0.601166403,632167,,br_misp_retired.all_branches,74186902,100.00,,
     0.701355945,90086406,,inst_retired.any,74245412,100.00,141.5,IpMispredict
     0.701355945,635117,,br_misp_retired.all_branches,74245412,100.00,,
     0.801551972,91232213,,inst_retired.any,74922941,100.00,143.2,IpMispredict
     0.801551972,639322,,br_misp_retired.all_branches,74922941,100.00,,
     0.901747192,89571911,,inst_retired.any,73358367,100.00,140.8,IpMispredict
     0.901747192,628916,,br_misp_retired.all_branches,73358367,100.00,,
     1.001939170,91685332,,inst_retired.any,74700525,100.00,144.2,IpMispredict
     1.001939170,633320,,br_misp_retired.all_branches,74700525,100.00,,
     1.102131520,90293834,,inst_retired.any,73853402,100.00,142.3,IpMispredict
     1.102131520,624254,,br_misp_retired.all_branches,73853402,100.00,,
     1.202322686,90284611,,inst_retired.any,73795356,100.00,142.5,IpMispredict
     1.202322686,623373,,br_misp_retired.all_branches,73795356,100.00,,
     1.302518426,89932492,,inst_retired.any,74162324,100.00,142.0,IpMispredict
     1.302518426,630624,,br_misp_retired.all_branches,74162324,100.00,,
     1.402716541,90168430,,inst_retired.any,74192382,100.00,142.4,IpMispredict
     1.402716541,630748,,br_misp_retired.all_branches,74192382,100.00,,
     1.502908300,90901633,,inst_retired.any,74871786,100.00,143.5,IpMispredict
     1.502908300,637713,,br_misp_retired.all_branches,74871786,100.00,,
     1.603100291,89907815,,inst_retired.any,73725824,100.00,141.9,IpMispredict
     1.603100291,632921,,br_misp_retired.all_branches,73725824,100.00,,
     1.703298337,90699805,,inst_retired.any,74429398,100.00,143.1,IpMispredict
     1.703298337,635188,,br_misp_retired.all_branches,74429398,100.00,,
     1.803491528,90658673,,inst_retired.any,74504351,100.00,143.1,IpMispredict
     1.803491528,634064,,br_misp_retired.all_branches,74504351,100.00,,
     1.903685076,89438724,,inst_retired.any,73628331,100.00,141.2,IpMispredict
     1.903685076,628646,,br_misp_retired.all_branches,73628331,100.00,,
     2.003885314,90829345,,inst_retired.any,74405015,100.00,143.4,IpMispredict
     2.003885314,631315,,br_misp_retired.all_branches,74405015,100.00,,
     2.104078796,89762677,,inst_retired.any,73475561,100.00,141.8,IpMispredict
     2.104078796,624807,,br_misp_retired.all_branches,73475561,100.00,,
     2.204270600,91182037,,inst_retired.any,74328079,100.00,144.1,IpMispredict
     2.204270600,627877,,br_misp_retired.all_branches,74328079,100.00,,
     2.304462542,89838854,,inst_retired.any,73702020,100.00,142.1,IpMispredict
     2.304462542,627061,,br_misp_retired.all_branches,73702020,100.00,,
     2.404655606,90201368,,inst_retired.any,73982489,100.00,142.7,IpMispredict
     2.404655606,627726,,br_misp_retired.all_branches,73982489,100.00,,
     2.504852008,90646083,,inst_retired.any,74513656,100.00,143.3,IpMispredict
     2.504852008,635981,,br_misp_retired.all_branches,74513656,100.00,,
     2.605042396,90814217,,inst_retired.any,74556102,100.00,143.6,IpMispredict
     2.605042396,635603,,br_misp_retired.all_branches,74556102,100.00,,
     2.705234852,90375093,,inst_retired.any,74447989,100.00,142.8,IpMispredict
     2.705234852,636730,,br_misp_retired.all_branches,74447989,100.00,,
     2.805447455,89454047,,inst_retired.any,73734948,100.00,141.4,IpMispredict
     2.805447455,631191,,br_misp_retired.all_branches,73734948,100.00,,
     2.905643903,90795054,,inst_retired.any,74535075,100.00,143.5,IpMispredict
     2.905643903,635310,,br_misp_retired.all_branches,74535075,100.00,,
     3.005840626,89694745,,inst_retired.any,73405963,100.00,141.9,IpMispredict
     3.005840626,619317,,br_misp_retired.all_branches,73405963,100.00,,
     3.106036373,91046097,,inst_retired.any,74361635,100.00,144.1,IpMispredict
     3.106036373,625236,,br_misp_retired.all_branches,74361635,100.00,,
     3.206228625,90045380,,inst_retired.any,73471913,100.00,142.6,IpMispredict
     3.206228625,619895,,br_misp_retired.all_branches,73471913,100.00,,
     3.306422655,90880411,,inst_retired.any,74612675,100.00,143.9,IpMispredict
     3.306422655,633910,,br_misp_retired.all_branches,74612675,100.00,,
     3.406614790,89666332,,inst_retired.any,73758735,100.00,142.0,IpMispredict
     3.406614790,628009,,br_misp_retired.all_branches,73758735,100.00,,
     3.506807833,90407790,,inst_retired.any,74543784,100.00,143.1,IpMispredict
     3.506807833,633018,,br_misp_retired.all_branches,74543784,100.00,,
     3.606996808,90727829,,inst_retired.any,74604936,100.00,143.6,IpMispredict
     3.606996808,636313,,br_misp_retired.all_branches,74604936,100.00,,
     3.707189946,90644101,,inst_retired.any,74610520,100.00,143.5,IpMispredict
     3.707189946,632536,,br_misp_retired.all_branches,74610520,100.00,,
     3.807378383,89647967,,inst_retired.any,73573584,100.00,141.9,IpMispredict
     3.807378383,625311,,br_misp_retired.all_branches,73573584,100.00,,
     3.907570591,90992362,,inst_retired.any,74558418,100.00,144.0,IpMispredict
     3.907570591,634632,,br_misp_retired.all_branches,74558418,100.00,,
     4.007761581,89922453,,inst_retired.any,73483716,100.00,142.4,IpMispredict
     4.007761581,619465,,br_misp_retired.all_branches,73483716,100.00,,
     4.107970127,91678367,,inst_retired.any,74638301,100.00,145.2,IpMispredict
     4.107970127,637877,,br_misp_retired.all_branches,74638301,100.00,,
     4.208162239,90151245,,inst_retired.any,73498850,100.00,142.8,IpMispredict
     4.208162239,623649,,br_misp_retired.all_branches,73498850,100.00,,
     4.308353175,89873150,,inst_retired.any,73808074,100.00,142.3,IpMispredict
     4.308353175,631159,,br_misp_retired.all_branches,73808074,100.00,,
     4.408543045,90997296,,inst_retired.any,74529598,100.00,144.1,IpMispredict
     4.408543045,634392,,br_misp_retired.all_branches,74529598,100.00,,
     4.508735638,90595269,,inst_retired.any,74547768,100.00,143.5,IpMispredict
     4.508735638,634295,,br_misp_retired.all_branches,74547768,100.00,,
     4.608927663,89868739,,inst_retired.any,73697667,100.00,142.3,IpMispredict
     4.608927663,628997,,br_misp_retired.all_branches,73697667,100.00,,
     4.709117072,90486026,,inst_retired.any,74442266,100.00,143.3,IpMispredict
     4.709117072,635054,,br_misp_retired.all_branches,74442266,100.00,,
     4.809308002,90743387,,inst_retired.any,74580339,100.00,143.7,IpMispredict
     4.809308002,635650,,br_misp_retired.all_branches,74580339,100.00,,
     4.909504583,89880882,,inst_retired.any,73771808,100.00,142.3,IpMispredict
     4.909504583,628941,,br_misp_retired.all_branches,73771808,100.00,,
     5.009696796,90960071,,inst_retired.any,74254510,100.00,144.0,IpMispredict
     5.009696796,631186,,br_misp_retired.all_branches,74254510,100.00,,
     5.109889242,90052374,,inst_retired.any,73443871,100.00,142.6,IpMispredict
     5.109889242,624325,,br_misp_retired.all_branches,73443871,100.00,,
     5.210079743,90089923,,inst_retired.any,73462112,100.00,142.7,IpMispredict
     5.210079743,623666,,br_misp_retired.all_branches,73462112,100.00,,
     5.310269453,89932607,,inst_retired.any,73781667,100.00,142.5,IpMispredict
     5.310269453,627108,,br_misp_retired.all_branches,73781667,100.00,,
     5.410460158,90764670,,inst_retired.any,74524833,100.00,143.8,IpMispredict
     5.410460158,636220,,br_misp_retired.all_branches,74524833,100.00,,
     5.510674739,90488477,,inst_retired.any,74645570,100.00,143.3,IpMispredict
     5.510674739,635371,,br_misp_retired.all_branches,74645570,100.00,,
     5.610870392,90643416,,inst_retired.any,74567687,100.00,143.6,IpMispredict
     5.610870392,636482,,br_misp_retired.all_branches,74567687,100.00,,
     5.711064909,89810259,,inst_retired.any,73857008,100.00,142.2,IpMispredict
     5.711064909,631140,,br_misp_retired.all_branches,73857008,100.00,,
     5.811256711,90768348,,inst_retired.any,74676947,100.00,143.7,IpMispredict
     5.811256711,642884,,br_misp_retired.all_branches,74676947,100.00,,
     5.911449505,90794120,,inst_retired.any,74581235,100.00,143.7,IpMispredict
     5.911449505,637639,,br_misp_retired.all_branches,74581235,100.00,,
     6.011641773,89626254,,inst_retired.any,73511968,100.00,141.9,IpMispredict
     6.011641773,624199,,br_misp_retired.all_branches,73511968,100.00,,
     6.111853587,90875168,,inst_retired.any,74376156,100.00,143.9,IpMispredict
     6.111853587,623785,,br_misp_retired.all_branches,74376156,100.00,,
     6.212048486,89832406,,inst_retired.any,73463350,100.00,142.3,IpMispredict
     6.212048486,621787,,br_misp_retired.all_branches,73463350,100.00,,
     6.312238092,90723632,,inst_retired.any,74768857,100.00,143.7,IpMispredict
     6.312238092,635645,,br_misp_retired.all_branches,74768857,100.00,,
     6.412431604,90611670,,inst_retired.any,74615452,100.00,143.5,IpMispredict
     6.412431604,634647,,br_misp_retired.all_branches,74615452,100.00,,
     6.512624213,90365040,,inst_retired.any,74686905,100.00,143.1,IpMispredict
     6.512624213,633033,,br_misp_retired.all_branches,74686905,100.00,,
     6.612818367,89596612,,inst_retired.any,73750168,100.00,141.9,IpMispredict
     6.612818367,626710,,br_misp_retired.all_branches,73750168,100.00,,
     6.713008370,90563210,,inst_retired.any,74590998,100.00,143.4,IpMispredict
     6.713008370,631910,,br_misp_retired.all_branches,74590998,100.00,,
     6.813196188,90513643,,inst_retired.any,74590009,100.00,143.3,IpMispredict
     6.813196188,633690,,br_misp_retired.all_branches,74590009,100.00,,
     6.913388792,90689025,,inst_retired.any,74517967,100.00,143.6,IpMispredict
     6.913388792,636412,,br_misp_retired.all_branches,74517967,100.00,,
     7.013580950,89674872,,inst_retired.any,73388638,100.00,142.0,IpMispredict
     7.013580950,619693,,br_misp_retired.all_branches,73388638,100.00,,
     7.113773854,90552771,,inst_retired.any,73772479,100.00,143.4,IpMispredict
     7.113773854,625019,,br_misp_retired.all_branches,73772479,100.00,,
     7.213963925,90001424,,inst_retired.any,73318118,100.00,142.6,IpMispredict
     7.213963925,618899,,br_misp_retired.all_branches,73318118,100.00,,
     7.314153210,90783951,,inst_retired.any,74393420,100.00,143.8,IpMispredict
     7.314153210,636138,,br_misp_retired.all_branches,74393420,100.00,,
     7.414344667,90790785,,inst_retired.any,74555522,100.00,143.8,IpMispredict
     7.414344667,635232,,br_misp_retired.all_branches,74555522,100.00,,
     7.514533344,90539874,,inst_retired.any,74531894,100.00,143.4,IpMispredict
     7.514533344,636610,,br_misp_retired.all_branches,74531894,100.00,,
     7.614728787,89735797,,inst_retired.any,73704402,100.00,142.2,IpMispredict
     7.614728787,628446,,br_misp_retired.all_branches,73704402,100.00,,
     7.714919139,90883594,,inst_retired.any,74626138,100.00,144.0,IpMispredict
     7.714919139,639105,,br_misp_retired.all_branches,74626138,100.00,,
     7.815111413,89761331,,inst_retired.any,73517068,100.00,142.2,IpMispredict
     7.815111413,628613,,br_misp_retired.all_branches,73517068,100.00,,
     7.915304554,90896333,,inst_retired.any,74313118,100.00,144.0,IpMispredict
     7.915304554,631079,,br_misp_retired.all_branches,74313118,100.00,,
     8.015499059,90033683,,inst_retired.any,73279806,100.00,142.7,IpMispredict
     8.015499059,617308,,br_misp_retired.all_branches,73279806,100.00,,
     8.115693068,89976679,,inst_retired.any,73355644,100.00,142.6,IpMispredict
     8.115693068,616015,,br_misp_retired.all_branches,73355644,100.00,,
     8.215888467,90246219,,inst_retired.any,73433217,100.00,143.1,IpMispredict
     8.215888467,618172,,br_misp_retired.all_branches,73433217,100.00,,
     8.316108962,90742804,,inst_retired.any,74558309,100.00,143.8,IpMispredict
     8.316108962,635379,,br_misp_retired.all_branches,74558309,100.00,,
     8.416303253,90805313,,inst_retired.any,74417678,100.00,143.9,IpMispredict
     8.416303253,637269,,br_misp_retired.all_branches,74417678,100.00,,
     8.516494446,89832386,,inst_retired.any,73708713,100.00,142.4,IpMispredict
     8.516494446,629385,,br_misp_retired.all_branches,73708713,100.00,,
     8.616684342,90861780,,inst_retired.any,74564667,100.00,144.0,IpMispredict
     8.616684342,637724,,br_misp_retired.all_branches,74564667,100.00,,
     8.716872278,90426505,,inst_retired.any,74335992,100.00,143.3,IpMispredict
     8.716872278,636433,,br_misp_retired.all_branches,74335992,100.00,,
     8.817059679,90518038,,inst_retired.any,74447011,100.00,143.4,IpMispredict
     8.817059679,634173,,br_misp_retired.all_branches,74447011,100.00,,
     8.917250177,89719074,,inst_retired.any,73689679,100.00,142.2,IpMispredict
     8.917250177,628866,,br_misp_retired.all_branches,73689679,100.00,,
     9.017441664,91393702,,inst_retired.any,74313646,100.00,144.8,IpMispredict
     9.017441664,629847,,br_misp_retired.all_branches,74313646,100.00,,
     9.117634842,89877573,,inst_retired.any,73569003,100.00,142.5,IpMispredict
     9.117634842,620271,,br_misp_retired.all_branches,73569003,100.00,,
     9.217824819,90075028,,inst_retired.any,73444108,100.00,142.8,IpMispredict
     9.217824819,617678,,br_misp_retired.all_branches,73444108,100.00,,
     9.318013652,90605684,,inst_retired.any,74522923,100.00,143.6,IpMispredict
     9.318013652,631612,,br_misp_retired.all_branches,74522923,100.00,,
     9.418207068,90613213,,inst_retired.any,74544408,100.00,143.6,IpMispredict
     9.418207068,635293,,br_misp_retired.all_branches,74544408,100.00,,
     9.518395337,89842469,,inst_retired.any,73994283,100.00,142.4,IpMispredict
     9.518395337,627611,,br_misp_retired.all_branches,73994283,100.00,,
     9.618584372,90453698,,inst_retired.any,74269292,100.00,143.4,IpMispredict
     9.618584372,636718,,br_misp_retired.all_branches,74269292,100.00,,
     9.718772488,90579097,,inst_retired.any,74582667,100.00,143.6,IpMispredict
     9.718772488,639079,,br_misp_retired.all_branches,74582667,100.00,,
     9.818964072,90214146,,inst_retired.any,74105945,100.00,143.0,IpMispredict
     9.818964072,629806,,br_misp_retired.all_branches,74105945,100.00,,
     9.919155889,90729311,,inst_retired.any,74402266,100.00,143.8,IpMispredict
     9.919155889,633542,,br_misp_retired.all_branches,74402266,100.00,,
    10.019352846,90127646,,inst_retired.any,73396142,100.00,142.9,IpMispredict
    10.019352846,620652,,br_misp_retired.all_branches,73396142,100.00,,
    10.119548560,89991585,,inst_retired.any,73554469,100.00,142.7,IpMispredict
    10.119548560,621316,,br_misp_retired.all_branches,73554469,100.00,,
    10.219740224,90223821,,inst_retired.any,73472054,100.00,143.1,IpMispredict
    10.219740224,620014,,br_misp_retired.all_branches,73472054,100.00,,
    10.319946118,90647103,,inst_retired.any,74528899,100.00,143.7,IpMispredict
    10.319946118,633510,,br_misp_retired.all_branches,74528899,100.00,,
    10.420139225,90868144,,inst_retired.any,74460644,100.00,144.1,IpMispredict
    10.420139225,633038,,br_misp_retired.all_branches,74460644,100.00,,
    10.520335753,89577966,,inst_retired.any,73753161,100.00,142.0,IpMispredict
    10.520335753,627915,,br_misp_retired.all_branches,73753161,100.00,,
    10.620531674,90697239,,inst_retired.any,74507295,100.00,143.8,IpMispredict
    10.620531674,637136,,br_misp_retired.all_branches,74507295,100.00,,
    10.720721447,90688270,,inst_retired.any,74503329,100.00,143.8,IpMispredict
    10.720721447,637263,,br_misp_retired.all_branches,74503329,100.00,,
    10.820913783,90008582,,inst_retired.any,73922035,100.00,142.7,IpMispredict
    10.820913783,634302,,br_misp_retired.all_branches,73922035,100.00,,
    10.921103590,90511453,,inst_retired.any,74159362,100.00,143.5,IpMispredict
    10.921103590,630015,,br_misp_retired.all_branches,74159362,100.00,,
    11.021315404,90160056,,inst_retired.any,73526257,100.00,142.9,IpMispredict
    11.021315404,619848,,br_misp_retired.all_branches,73526257,100.00,,
