# started on Mon May  1 20:02:10 2023

     0.100175916,8572550,,offcore_response.all_requests.llc_hit.any_response,73711878,100.00,,
     0.100175916,113731,,offcore_response.all_requests.llc_miss.any_response,73706177,100.00,,
     0.200410386,8687615,,offcore_response.all_requests.llc_hit.any_response,74623442,100.00,,
     0.200410386,114593,,offcore_response.all_requests.llc_miss.any_response,74612927,100.00,,
     0.300597726,8735282,,offcore_response.all_requests.llc_hit.any_response,74722395,100.00,,
     0.300597726,114788,,offcore_response.all_requests.llc_miss.any_response,74724086,100.00,,
     0.400783629,8630476,,offcore_response.all_requests.llc_hit.any_response,74207582,100.00,,
     0.400783629,114114,,offcore_response.all_requests.llc_miss.any_response,74194976,100.00,,
     0.500969520,8659246,,offcore_response.all_requests.llc_hit.any_response,74301607,100.00,,
     0.500969520,115090,,offcore_response.all_requests.llc_miss.any_response,74307453,100.00,,
     0.601164631,8726313,,offcore_response.all_requests.llc_hit.any_response,74579183,100.00,,
     0.601164631,114885,,offcore_response.all_requests.llc_miss.any_response,74594104,100.00,,
     0.701356919,8620013,,offcore_response.all_requests.llc_hit.any_response,73790672,100.00,,
     0.701356919,113909,,offcore_response.all_requests.llc_miss.any_response,73791060,100.00,,
     0.801549919,8698054,,offcore_response.all_requests.llc_hit.any_response,74646096,100.00,,
     0.801549919,115398,,offcore_response.all_requests.llc_miss.any_response,74645520,100.00,,
     0.901740113,8704739,,offcore_response.all_requests.llc_hit.any_response,74642114,100.00,,
     0.901740113,115492,,offcore_response.all_requests.llc_miss.any_response,74641999,100.00,,
     1.001931261,8585101,,offcore_response.all_requests.llc_hit.any_response,73841600,100.00,,
     1.001931261,113573,,offcore_response.all_requests.llc_miss.any_response,73841740,100.00,,
     1.102123024,8705045,,offcore_response.all_requests.llc_hit.any_response,74739989,100.00,,
     1.102123024,115104,,offcore_response.all_requests.llc_miss.any_response,74740401,100.00,,
     1.202314896,8610088,,offcore_response.all_requests.llc_hit.any_response,73903865,100.00,,
     1.202314896,113937,,offcore_response.all_requests.llc_miss.any_response,73905539,100.00,,
     1.302512906,8626631,,offcore_response.all_requests.llc_hit.any_response,73834328,100.00,,
     1.302512906,114559,,offcore_response.all_requests.llc_miss.any_response,73811638,100.00,,
     1.402703779,8665649,,offcore_response.all_requests.llc_hit.any_response,73998406,100.00,,
     1.402703779,114888,,offcore_response.all_requests.llc_miss.any_response,74019154,100.00,,
     1.502897584,8612010,,offcore_response.all_requests.llc_hit.any_response,73538636,100.00,,
     1.502897584,113479,,offcore_response.all_requests.llc_miss.any_response,73539333,100.00,,
     1.603093487,8705513,,offcore_response.all_requests.llc_hit.any_response,74636721,100.00,,
     1.603093487,114687,,offcore_response.all_requests.llc_miss.any_response,74636154,100.00,,
     1.703287937,8731166,,offcore_response.all_requests.llc_hit.any_response,74593040,100.00,,
     1.703287937,114627,,offcore_response.all_requests.llc_miss.any_response,74576649,100.00,,
     1.803482209,8727334,,offcore_response.all_requests.llc_hit.any_response,74567601,100.00,,
     1.803482209,114736,,offcore_response.all_requests.llc_miss.any_response,74570417,100.00,,
     1.903672424,8738295,,offcore_response.all_requests.llc_hit.any_response,74734888,100.00,,
     1.903672424,115343,,offcore_response.all_requests.llc_miss.any_response,74747970,100.00,,
     2.003907498,8696538,,offcore_response.all_requests.llc_hit.any_response,74687520,100.00,,
     2.003907498,114562,,offcore_response.all_requests.llc_miss.any_response,74687835,100.00,,
     2.104099057,8668352,,offcore_response.all_requests.llc_hit.any_response,74535933,100.00,,
     2.104099057,113494,,offcore_response.all_requests.llc_miss.any_response,74524336,100.00,,
     2.204287169,8620332,,offcore_response.all_requests.llc_hit.any_response,73628217,100.00,,
     2.204287169,110597,,offcore_response.all_requests.llc_miss.any_response,73639805,100.00,,
     2.304498234,8613281,,offcore_response.all_requests.llc_hit.any_response,73422870,100.00,,
     2.304498234,110560,,offcore_response.all_requests.llc_miss.any_response,73423443,100.00,,
     2.404696163,8694538,,offcore_response.all_requests.llc_hit.any_response,74371799,100.00,,
     2.404696163,111759,,offcore_response.all_requests.llc_miss.any_response,74371105,100.00,,
     2.504887130,8579459,,offcore_response.all_requests.llc_hit.any_response,73354349,100.00,,
     2.504887130,110262,,offcore_response.all_requests.llc_miss.any_response,73345108,100.00,,
     2.605077087,8738107,,offcore_response.all_requests.llc_hit.any_response,74519687,100.00,,
     2.605077087,111709,,offcore_response.all_requests.llc_miss.any_response,74528811,100.00,,
     2.705268848,8717967,,offcore_response.all_requests.llc_hit.any_response,74487931,100.00,,
     2.705268848,111696,,offcore_response.all_requests.llc_miss.any_response,74477203,100.00,,
     2.805460928,8621915,,offcore_response.all_requests.llc_hit.any_response,73869034,100.00,,
     2.805460928,110790,,offcore_response.all_requests.llc_miss.any_response,73859309,100.00,,
     2.905652188,8665601,,offcore_response.all_requests.llc_hit.any_response,74212532,100.00,,
     2.905652188,111329,,offcore_response.all_requests.llc_miss.any_response,74233684,100.00,,
     3.005848669,8717534,,offcore_response.all_requests.llc_hit.any_response,74503397,100.00,,
     3.005848669,111995,,offcore_response.all_requests.llc_miss.any_response,74502982,100.00,,
     3.106045538,8630248,,offcore_response.all_requests.llc_hit.any_response,73639531,100.00,,
     3.106045538,110276,,offcore_response.all_requests.llc_miss.any_response,73626584,100.00,,
     3.206237522,8643272,,offcore_response.all_requests.llc_hit.any_response,73998919,100.00,,
     3.206237522,111526,,offcore_response.all_requests.llc_miss.any_response,73991129,100.00,,
     3.306425740,8626288,,offcore_response.all_requests.llc_hit.any_response,73733042,100.00,,
     3.306425740,111276,,offcore_response.all_requests.llc_miss.any_response,73737410,100.00,,
     3.406616205,8637026,,offcore_response.all_requests.llc_hit.any_response,73570391,100.00,,
     3.406616205,111460,,offcore_response.all_requests.llc_miss.any_response,73579314,100.00,,
     3.506810741,8597331,,offcore_response.all_requests.llc_hit.any_response,73335362,100.00,,
     3.506810741,110832,,offcore_response.all_requests.llc_miss.any_response,73343592,100.00,,
     3.607004059,8729002,,offcore_response.all_requests.llc_hit.any_response,74687813,100.00,,
     3.607004059,112006,,offcore_response.all_requests.llc_miss.any_response,74686870,100.00,,
     3.707195629,8626949,,offcore_response.all_requests.llc_hit.any_response,73740473,100.00,,
     3.707195629,110729,,offcore_response.all_requests.llc_miss.any_response,73733263,100.00,,
     3.807395207,8716274,,offcore_response.all_requests.llc_hit.any_response,74536266,100.00,,
     3.807395207,111908,,offcore_response.all_requests.llc_miss.any_response,74536085,100.00,,
     3.907585561,8608450,,offcore_response.all_requests.llc_hit.any_response,73607766,100.00,,
     3.907585561,111074,,offcore_response.all_requests.llc_miss.any_response,73614412,100.00,,
     4.007783191,8704253,,offcore_response.all_requests.llc_hit.any_response,74425418,100.00,,
     4.007783191,112076,,offcore_response.all_requests.llc_miss.any_response,74413821,100.00,,
     4.107975591,8611029,,offcore_response.all_requests.llc_hit.any_response,73695269,100.00,,
     4.107975591,110505,,offcore_response.all_requests.llc_miss.any_response,73708313,100.00,,
     4.208170832,8680638,,offcore_response.all_requests.llc_hit.any_response,74373660,100.00,,
     4.208170832,112155,,offcore_response.all_requests.llc_miss.any_response,74373292,100.00,,
     4.308371530,8555271,,offcore_response.all_requests.llc_hit.any_response,73340011,100.00,,
     4.308371530,111390,,offcore_response.all_requests.llc_miss.any_response,73340254,100.00,,
     4.408586283,8561070,,offcore_response.all_requests.llc_hit.any_response,73354121,100.00,,
     4.408586283,111216,,offcore_response.all_requests.llc_miss.any_response,73353604,100.00,,
     4.508778213,8565191,,offcore_response.all_requests.llc_hit.any_response,73423597,100.00,,
     4.508778213,111088,,offcore_response.all_requests.llc_miss.any_response,73419248,100.00,,
     4.608969560,8695881,,offcore_response.all_requests.llc_hit.any_response,74396976,100.00,,
     4.608969560,111657,,offcore_response.all_requests.llc_miss.any_response,74400889,100.00,,
     4.709162497,8727987,,offcore_response.all_requests.llc_hit.any_response,74538480,100.00,,
     4.709162497,111563,,offcore_response.all_requests.llc_miss.any_response,74539470,100.00,,
     4.809355176,8718974,,offcore_response.all_requests.llc_hit.any_response,74655496,100.00,,
     4.809355176,111572,,offcore_response.all_requests.llc_miss.any_response,74654884,100.00,,
     4.909546601,8625609,,offcore_response.all_requests.llc_hit.any_response,73719701,100.00,,
     4.909546601,109892,,offcore_response.all_requests.llc_miss.any_response,73720425,100.00,,
     5.009740216,8698242,,offcore_response.all_requests.llc_hit.any_response,74706130,100.00,,
     5.009740216,111196,,offcore_response.all_requests.llc_miss.any_response,74705731,100.00,,
     5.109937199,8695887,,offcore_response.all_requests.llc_hit.any_response,74486545,100.00,,
     5.109937199,111016,,offcore_response.all_requests.llc_miss.any_response,74471113,100.00,,
     5.210127555,8657962,,offcore_response.all_requests.llc_hit.any_response,74241737,100.00,,
     5.210127555,111850,,offcore_response.all_requests.llc_miss.any_response,74255526,100.00,,
     5.310321354,8576167,,offcore_response.all_requests.llc_hit.any_response,73380355,100.00,,
     5.310321354,110661,,offcore_response.all_requests.llc_miss.any_response,73382217,100.00,,
     5.410515537,8584464,,offcore_response.all_requests.llc_hit.any_response,73437335,100.00,,
     5.410515537,110704,,offcore_response.all_requests.llc_miss.any_response,73427289,100.00,,
     5.510703776,8689910,,offcore_response.all_requests.llc_hit.any_response,74422533,100.00,,
     5.510703776,112056,,offcore_response.all_requests.llc_miss.any_response,74432889,100.00,,
     5.610898035,8646649,,offcore_response.all_requests.llc_hit.any_response,74280645,100.00,,
     5.610898035,111048,,offcore_response.all_requests.llc_miss.any_response,74259211,100.00,,
     5.711083597,8612045,,offcore_response.all_requests.llc_hit.any_response,73966732,100.00,,
     5.711083597,110767,,offcore_response.all_requests.llc_miss.any_response,73987843,100.00,,
     5.811276243,8692764,,offcore_response.all_requests.llc_hit.any_response,74548755,100.00,,
     5.811276243,111482,,offcore_response.all_requests.llc_miss.any_response,74537820,100.00,,
     5.911465275,8718524,,offcore_response.all_requests.llc_hit.any_response,74531506,100.00,,
     5.911465275,111368,,offcore_response.all_requests.llc_miss.any_response,74542417,100.00,,
     6.011659905,8602231,,offcore_response.all_requests.llc_hit.any_response,73700419,100.00,,
     6.011659905,110302,,offcore_response.all_requests.llc_miss.any_response,73700100,100.00,,
     6.111851127,8745675,,offcore_response.all_requests.llc_hit.any_response,74462251,100.00,,
     6.111851127,111577,,offcore_response.all_requests.llc_miss.any_response,74462879,100.00,,
     6.212043749,8607701,,offcore_response.all_requests.llc_hit.any_response,73476086,100.00,,
     6.212043749,110908,,offcore_response.all_requests.llc_miss.any_response,73467638,100.00,,
     6.312232499,8670407,,offcore_response.all_requests.llc_hit.any_response,74137347,100.00,,
     6.312232499,112267,,offcore_response.all_requests.llc_miss.any_response,74145356,100.00,,
     6.412425058,8588414,,offcore_response.all_requests.llc_hit.any_response,73350024,100.00,,
     6.412425058,110637,,offcore_response.all_requests.llc_miss.any_response,73334858,100.00,,
     6.512622264,8691387,,offcore_response.all_requests.llc_hit.any_response,74298986,100.00,,
     6.512622264,111972,,offcore_response.all_requests.llc_miss.any_response,74314549,100.00,,
     6.612840580,8613916,,offcore_response.all_requests.llc_hit.any_response,73739745,100.00,,
     6.612840580,110473,,offcore_response.all_requests.llc_miss.any_response,73725867,100.00,,
     6.713033165,8715243,,offcore_response.all_requests.llc_hit.any_response,74651385,100.00,,
     6.713033165,111966,,offcore_response.all_requests.llc_miss.any_response,74665103,100.00,,
     6.813229135,8700752,,offcore_response.all_requests.llc_hit.any_response,74686800,100.00,,
     6.813229135,111960,,offcore_response.all_requests.llc_miss.any_response,74686161,100.00,,
     6.913423234,8609577,,offcore_response.all_requests.llc_hit.any_response,73795782,100.00,,
     6.913423234,110450,,offcore_response.all_requests.llc_miss.any_response,73796397,100.00,,
     7.013617855,8693674,,offcore_response.all_requests.llc_hit.any_response,74548410,100.00,,
     7.013617855,111725,,offcore_response.all_requests.llc_miss.any_response,74548017,100.00,,
     7.113810430,8700762,,offcore_response.all_requests.llc_hit.any_response,74499858,100.00,,
     7.113810430,111686,,offcore_response.all_requests.llc_miss.any_response,74499968,100.00,,
     7.214005071,8578168,,offcore_response.all_requests.llc_hit.any_response,73572721,100.00,,
     7.214005071,111080,,offcore_response.all_requests.llc_miss.any_response,73572343,100.00,,
     7.314196096,8568873,,offcore_response.all_requests.llc_hit.any_response,73472295,100.00,,
     7.314196096,111349,,offcore_response.all_requests.llc_miss.any_response,73473022,100.00,,
     7.414389400,8566243,,offcore_response.all_requests.llc_hit.any_response,73371058,100.00,,
     7.414389400,111459,,offcore_response.all_requests.llc_miss.any_response,73367586,100.00,,
     7.514578701,8673615,,offcore_response.all_requests.llc_hit.any_response,74354671,100.00,,
     7.514578701,112243,,offcore_response.all_requests.llc_miss.any_response,74336907,100.00,,
     7.614766398,8593864,,offcore_response.all_requests.llc_hit.any_response,73710422,100.00,,
     7.614766398,110826,,offcore_response.all_requests.llc_miss.any_response,73718750,100.00,,
     7.714957076,8613643,,offcore_response.all_requests.llc_hit.any_response,73719516,100.00,,
     7.714957076,110448,,offcore_response.all_requests.llc_miss.any_response,73732753,100.00,,
     7.815150935,8705401,,offcore_response.all_requests.llc_hit.any_response,74523715,100.00,,
     7.815150935,111580,,offcore_response.all_requests.llc_miss.any_response,74507682,100.00,,
     7.915349572,8733029,,offcore_response.all_requests.llc_hit.any_response,74512947,100.00,,
     7.915349572,111736,,offcore_response.all_requests.llc_miss.any_response,74529997,100.00,,
     8.015550482,8624296,,offcore_response.all_requests.llc_hit.any_response,73774061,100.00,,
     8.015550482,110492,,offcore_response.all_requests.llc_miss.any_response,73771988,100.00,,
     8.115772189,8687307,,offcore_response.all_requests.llc_hit.any_response,74618248,100.00,,
     8.115772189,112017,,offcore_response.all_requests.llc_miss.any_response,74612630,100.00,,
     8.215962008,8580574,,offcore_response.all_requests.llc_hit.any_response,73570027,100.00,,
     8.215962008,110655,,offcore_response.all_requests.llc_miss.any_response,73575722,100.00,,
     8.316154293,8571998,,offcore_response.all_requests.llc_hit.any_response,73521747,100.00,,
     8.316154293,110940,,offcore_response.all_requests.llc_miss.any_response,73509937,100.00,,
     8.416344810,8682547,,offcore_response.all_requests.llc_hit.any_response,74292230,100.00,,
     8.416344810,111715,,offcore_response.all_requests.llc_miss.any_response,74304436,100.00,,
     8.516537704,8590431,,offcore_response.all_requests.llc_hit.any_response,73526016,100.00,,
     8.516537704,110515,,offcore_response.all_requests.llc_miss.any_response,73521311,100.00,,
     8.616728462,8707446,,offcore_response.all_requests.llc_hit.any_response,74514576,100.00,,
     8.616728462,111589,,offcore_response.all_requests.llc_miss.any_response,74506056,100.00,,
     8.716918434,8709383,,offcore_response.all_requests.llc_hit.any_response,74588690,100.00,,
     8.716918434,111483,,offcore_response.all_requests.llc_miss.any_response,74586465,100.00,,
     8.817128701,8612814,,offcore_response.all_requests.llc_hit.any_response,73774861,100.00,,
     8.817128701,110438,,offcore_response.all_requests.llc_miss.any_response,73789953,100.00,,
     8.917320925,8709976,,offcore_response.all_requests.llc_hit.any_response,74520412,100.00,,
     8.917320925,111766,,offcore_response.all_requests.llc_miss.any_response,74521217,100.00,,
     9.017515599,8606315,,offcore_response.all_requests.llc_hit.any_response,73704034,100.00,,
     9.017515599,110933,,offcore_response.all_requests.llc_miss.any_response,73703384,100.00,,
     9.117708335,8709895,,offcore_response.all_requests.llc_hit.any_response,74547644,100.00,,
     9.117708335,111790,,offcore_response.all_requests.llc_miss.any_response,74548140,100.00,,
     9.217904024,8624241,,offcore_response.all_requests.llc_hit.any_response,73545462,100.00,,
     9.217904024,110528,,offcore_response.all_requests.llc_miss.any_response,73528379,100.00,,
     9.318092909,8666470,,offcore_response.all_requests.llc_hit.any_response,74193416,100.00,,
     9.318092909,111622,,offcore_response.all_requests.llc_miss.any_response,74210589,100.00,,
     9.418288985,8611771,,offcore_response.all_requests.llc_hit.any_response,73514332,100.00,,
     9.418288985,110823,,offcore_response.all_requests.llc_miss.any_response,73496457,100.00,,
     9.518481390,8723196,,offcore_response.all_requests.llc_hit.any_response,74943548,100.00,,
     9.518481390,112188,,offcore_response.all_requests.llc_miss.any_response,74948661,100.00,,
     9.618672475,8623314,,offcore_response.all_requests.llc_hit.any_response,73828356,100.00,,
     9.618672475,110421,,offcore_response.all_requests.llc_miss.any_response,73840312,100.00,,
     9.718873565,8720850,,offcore_response.all_requests.llc_hit.any_response,74647406,100.00,,
     9.718873565,111673,,offcore_response.all_requests.llc_miss.any_response,74648054,100.00,,
     9.819067329,8639967,,offcore_response.all_requests.llc_hit.any_response,74050116,100.00,,
     9.819067329,110561,,offcore_response.all_requests.llc_miss.any_response,74047742,100.00,,
     9.919260694,8667969,,offcore_response.all_requests.llc_hit.any_response,74409798,100.00,,
     9.919260694,111798,,offcore_response.all_requests.llc_miss.any_response,74412260,100.00,,
    10.019454281,8550513,,offcore_response.all_requests.llc_hit.any_response,73563372,100.00,,
    10.019454281,110612,,offcore_response.all_requests.llc_miss.any_response,73569337,100.00,,
    10.119653081,8663288,,offcore_response.all_requests.llc_hit.any_response,74514325,100.00,,
    10.119653081,112040,,offcore_response.all_requests.llc_miss.any_response,74508372,100.00,,
    10.219809931,8578202,,offcore_response.all_requests.llc_hit.any_response,73396126,100.00,,
    10.219809931,111019,,offcore_response.all_requests.llc_miss.any_response,73395320,100.00,,
    10.320000565,8640649,,offcore_response.all_requests.llc_hit.any_response,74017476,100.00,,
    10.320000565,112240,,offcore_response.all_requests.llc_miss.any_response,74018226,100.00,,
    10.420193250,8567922,,offcore_response.all_requests.llc_hit.any_response,73481442,100.00,,
    10.420193250,111531,,offcore_response.all_requests.llc_miss.any_response,73482884,100.00,,
    10.520389314,8614595,,offcore_response.all_requests.llc_hit.any_response,73854876,100.00,,
    10.520389314,112403,,offcore_response.all_requests.llc_miss.any_response,73853596,100.00,,
    10.620582855,8650475,,offcore_response.all_requests.llc_hit.any_response,74485232,100.00,,
    10.620582855,114682,,offcore_response.all_requests.llc_miss.any_response,74479030,100.00,,
    10.720772484,8634580,,offcore_response.all_requests.llc_hit.any_response,74360247,100.00,,
    10.720772484,114989,,offcore_response.all_requests.llc_miss.any_response,74366179,100.00,,
    10.820966526,8653186,,offcore_response.all_requests.llc_hit.any_response,74197061,100.00,,
    10.820966526,110823,,offcore_response.all_requests.llc_miss.any_response,74197490,100.00,,
    10.921180197,8667481,,offcore_response.all_requests.llc_hit.any_response,74161024,100.00,,
    10.921180197,111386,,offcore_response.all_requests.llc_miss.any_response,74143686,100.00,,
    11.021371283,8666272,,offcore_response.all_requests.llc_hit.any_response,74438506,100.00,,
    11.021371283,114207,,offcore_response.all_requests.llc_miss.any_response,74455150,100.00,,
