# started on Tue May  2 13:43:40 2023

     0.100165494,8533950,,offcore_response.all_requests.llc_hit.any_response,80992940,100.00,,
     0.100165494,114494,,offcore_response.all_requests.llc_miss.any_response,80984047,100.00,,
     0.200346948,8403126,,offcore_response.all_requests.llc_hit.any_response,79838655,100.00,,
     0.200346948,109402,,offcore_response.all_requests.llc_miss.any_response,79839036,100.00,,
     0.300505904,8346244,,offcore_response.all_requests.llc_hit.any_response,79894346,100.00,,
     0.300505904,107673,,offcore_response.all_requests.llc_miss.any_response,79894366,100.00,,
     0.400682838,8500517,,offcore_response.all_requests.llc_hit.any_response,80815960,100.00,,
     0.400682838,109964,,offcore_response.all_requests.llc_miss.any_response,80817139,100.00,,
     0.500889837,8533591,,offcore_response.all_requests.llc_hit.any_response,81002477,100.00,,
     0.500889837,109784,,offcore_response.all_requests.llc_miss.any_response,80990554,100.00,,
     0.601093565,8488252,,offcore_response.all_requests.llc_hit.any_response,80791816,100.00,,
     0.601093565,110428,,offcore_response.all_requests.llc_miss.any_response,80806623,100.00,,
     0.701291115,8423333,,offcore_response.all_requests.llc_hit.any_response,79944999,100.00,,
     0.701291115,108618,,offcore_response.all_requests.llc_miss.any_response,79947687,100.00,,
     0.801491424,1252346,,offcore_response.all_requests.llc_hit.any_response,11921245,100.00,,
     0.801491424,16390,,offcore_response.all_requests.llc_miss.any_response,11897013,100.00,,
     0.901689737,6849424,,offcore_response.all_requests.llc_hit.any_response,67569667,100.00,,
     0.901689737,87137,,offcore_response.all_requests.llc_miss.any_response,67578975,100.00,,
     1.001891733,8721976,,offcore_response.all_requests.llc_hit.any_response,80783486,100.00,,
     1.001891733,112191,,offcore_response.all_requests.llc_miss.any_response,80794463,100.00,,
     1.102093005,8726066,,offcore_response.all_requests.llc_hit.any_response,80977944,100.00,,
     1.102093005,112548,,offcore_response.all_requests.llc_miss.any_response,80977442,100.00,,
     1.202293145,8706227,,offcore_response.all_requests.llc_hit.any_response,80610108,100.00,,
     1.202293145,111903,,offcore_response.all_requests.llc_miss.any_response,80608536,100.00,,
     1.302492486,8744149,,offcore_response.all_requests.llc_hit.any_response,81043787,100.00,,
     1.302492486,112455,,offcore_response.all_requests.llc_miss.any_response,81033350,100.00,,
     1.402693854,8649339,,offcore_response.all_requests.llc_hit.any_response,80367283,100.00,,
     1.402693854,111250,,offcore_response.all_requests.llc_miss.any_response,80383986,100.00,,
     1.502897224,8717268,,offcore_response.all_requests.llc_hit.any_response,80837449,100.00,,
     1.502897224,112076,,offcore_response.all_requests.llc_miss.any_response,80818659,100.00,,
     1.603100387,8701178,,offcore_response.all_requests.llc_hit.any_response,80719159,100.00,,
     1.603100387,112621,,offcore_response.all_requests.llc_miss.any_response,80737774,100.00,,
     1.703304747,8734125,,offcore_response.all_requests.llc_hit.any_response,80961988,100.00,,
     1.703304747,112757,,offcore_response.all_requests.llc_miss.any_response,80958095,100.00,,
     1.803510712,8720701,,offcore_response.all_requests.llc_hit.any_response,80907325,100.00,,
     1.803510712,112485,,offcore_response.all_requests.llc_miss.any_response,80911472,100.00,,
     1.903709875,650914,,offcore_response.all_requests.llc_hit.any_response,6118666,100.00,,
     1.903709875,8525,,offcore_response.all_requests.llc_miss.any_response,6094110,100.00,,
     2.003908387,6886975,,offcore_response.all_requests.llc_hit.any_response,68044125,100.00,,
     2.003908387,90889,,offcore_response.all_requests.llc_miss.any_response,68071479,100.00,,
     2.104113886,8709748,,offcore_response.all_requests.llc_hit.any_response,80875036,100.00,,
     2.104113886,112799,,offcore_response.all_requests.llc_miss.any_response,80872151,100.00,,
     2.204316377,8699044,,offcore_response.all_requests.llc_hit.any_response,80819617,100.00,,
     2.204316377,112580,,offcore_response.all_requests.llc_miss.any_response,80820282,100.00,,
     2.304538337,8719405,,offcore_response.all_requests.llc_hit.any_response,80893669,100.00,,
     2.304538337,112414,,offcore_response.all_requests.llc_miss.any_response,80893065,100.00,,
     2.404739067,8723099,,offcore_response.all_requests.llc_hit.any_response,81037830,100.00,,
     2.404739067,112428,,offcore_response.all_requests.llc_miss.any_response,81020380,100.00,,
     2.504941957,8691879,,offcore_response.all_requests.llc_hit.any_response,80830287,100.00,,
     2.504941957,112210,,offcore_response.all_requests.llc_miss.any_response,80832597,100.00,,
     2.605141351,8702732,,offcore_response.all_requests.llc_hit.any_response,80786535,100.00,,
     2.605141351,112003,,offcore_response.all_requests.llc_miss.any_response,80802438,100.00,,
     2.705343381,8732561,,offcore_response.all_requests.llc_hit.any_response,81076384,100.00,,
     2.705343381,112539,,offcore_response.all_requests.llc_miss.any_response,81069718,100.00,,
     2.805540573,8655907,,offcore_response.all_requests.llc_hit.any_response,80859237,100.00,,
     2.805540573,111943,,offcore_response.all_requests.llc_miss.any_response,80865764,100.00,,
     2.905742072,8656083,,offcore_response.all_requests.llc_hit.any_response,80628517,100.00,,
     2.905742072,112525,,offcore_response.all_requests.llc_miss.any_response,80627853,100.00,,
     3.005944511,597291,,offcore_response.all_requests.llc_hit.any_response,5608100,100.00,,
     3.005944511,7918,,offcore_response.all_requests.llc_miss.any_response,5583610,100.00,,
     3.106144044,6927649,,offcore_response.all_requests.llc_hit.any_response,68524151,100.00,,
     3.106144044,88209,,offcore_response.all_requests.llc_miss.any_response,68551379,100.00,,
     3.206350080,8744297,,offcore_response.all_requests.llc_hit.any_response,80774698,100.00,,
     3.206350080,111947,,offcore_response.all_requests.llc_miss.any_response,80772013,100.00,,
     3.306550312,8735133,,offcore_response.all_requests.llc_hit.any_response,80867175,100.00,,
     3.306550312,112022,,offcore_response.all_requests.llc_miss.any_response,80849539,100.00,,
     3.406755600,8742211,,offcore_response.all_requests.llc_hit.any_response,81014698,100.00,,
     3.406755600,112105,,offcore_response.all_requests.llc_miss.any_response,81033060,100.00,,
     3.506957192,8752665,,offcore_response.all_requests.llc_hit.any_response,81078822,100.00,,
     3.506957192,111845,,offcore_response.all_requests.llc_miss.any_response,81073581,100.00,,
     3.607157248,8707411,,offcore_response.all_requests.llc_hit.any_response,80770297,100.00,,
     3.607157248,111822,,offcore_response.all_requests.llc_miss.any_response,80758290,100.00,,
     3.707369659,8721411,,offcore_response.all_requests.llc_hit.any_response,80702207,100.00,,
     3.707369659,111796,,offcore_response.all_requests.llc_miss.any_response,80719547,100.00,,
     3.807570226,8705286,,offcore_response.all_requests.llc_hit.any_response,80559366,100.00,,
     3.807570226,111539,,offcore_response.all_requests.llc_miss.any_response,80558366,100.00,,
     3.907800491,8709710,,offcore_response.all_requests.llc_hit.any_response,80824832,100.00,,
     3.907800491,112084,,offcore_response.all_requests.llc_miss.any_response,80825456,100.00,,
     4.008002444,8744397,,offcore_response.all_requests.llc_hit.any_response,81127180,100.00,,
     4.008002444,112857,,offcore_response.all_requests.llc_miss.any_response,81126900,100.00,,
     4.108205286,696504,,offcore_response.all_requests.llc_hit.any_response,6504942,100.00,,
     4.108205286,9040,,offcore_response.all_requests.llc_miss.any_response,6480237,100.00,,
     4.208405639,6832536,,offcore_response.all_requests.llc_hit.any_response,68759941,100.00,,
     4.208405639,87289,,offcore_response.all_requests.llc_miss.any_response,68786906,100.00,,
     4.308612247,8460515,,offcore_response.all_requests.llc_hit.any_response,80606650,100.00,,
     4.308612247,108477,,offcore_response.all_requests.llc_miss.any_response,80604143,100.00,,
     4.408813387,8531095,,offcore_response.all_requests.llc_hit.any_response,80970184,100.00,,
     4.408813387,110479,,offcore_response.all_requests.llc_miss.any_response,80958443,100.00,,
     4.509030553,8525443,,offcore_response.all_requests.llc_hit.any_response,80961671,100.00,,
     4.509030553,109657,,offcore_response.all_requests.llc_miss.any_response,80957954,100.00,,
     4.609227748,8582125,,offcore_response.all_requests.llc_hit.any_response,81076641,100.00,,
     4.609227748,109134,,offcore_response.all_requests.llc_miss.any_response,81078738,100.00,,
     4.709426687,8540518,,offcore_response.all_requests.llc_hit.any_response,80973561,100.00,,
     4.709426687,109659,,offcore_response.all_requests.llc_miss.any_response,80967295,100.00,,
     4.809625450,8561498,,offcore_response.all_requests.llc_hit.any_response,81213770,100.00,,
     4.809625450,109595,,offcore_response.all_requests.llc_miss.any_response,81214611,100.00,,
     4.909826371,8569743,,offcore_response.all_requests.llc_hit.any_response,81153128,100.00,,
     4.909826371,110748,,offcore_response.all_requests.llc_miss.any_response,81154045,100.00,,
     5.010033155,8460175,,offcore_response.all_requests.llc_hit.any_response,80541689,100.00,,
     5.010033155,108827,,offcore_response.all_requests.llc_miss.any_response,80560294,100.00,,
     5.110236741,8484397,,offcore_response.all_requests.llc_hit.any_response,80165891,100.00,,
     5.110236741,109322,,offcore_response.all_requests.llc_miss.any_response,80165026,100.00,,
     5.210439593,544873,,offcore_response.all_requests.llc_hit.any_response,5220363,100.00,,
     5.210439593,7212,,offcore_response.all_requests.llc_miss.any_response,5196034,100.00,,
     5.310637251,6954547,,offcore_response.all_requests.llc_hit.any_response,68545001,100.00,,
     5.310637251,88375,,offcore_response.all_requests.llc_miss.any_response,68572134,100.00,,
     5.410843217,8730852,,offcore_response.all_requests.llc_hit.any_response,80818606,100.00,,
     5.410843217,112664,,offcore_response.all_requests.llc_miss.any_response,80816192,100.00,,
     5.511045978,8720466,,offcore_response.all_requests.llc_hit.any_response,80768523,100.00,,
     5.511045978,112351,,offcore_response.all_requests.llc_miss.any_response,80769389,100.00,,
     5.611247918,8715437,,offcore_response.all_requests.llc_hit.any_response,80949316,100.00,,
     5.611247918,112617,,offcore_response.all_requests.llc_miss.any_response,80932330,100.00,,
     5.711451344,8729296,,offcore_response.all_requests.llc_hit.any_response,81093442,100.00,,
     5.711451344,112567,,offcore_response.all_requests.llc_miss.any_response,81104207,100.00,,
     5.811660310,8721407,,offcore_response.all_requests.llc_hit.any_response,80934305,100.00,,
     5.811660310,112752,,offcore_response.all_requests.llc_miss.any_response,80939482,100.00,,
     5.911861247,8743873,,offcore_response.all_requests.llc_hit.any_response,81118042,100.00,,
     5.911861247,112697,,offcore_response.all_requests.llc_miss.any_response,81118647,100.00,,
     6.012064603,8701759,,offcore_response.all_requests.llc_hit.any_response,80861689,100.00,,
     6.012064603,112632,,offcore_response.all_requests.llc_miss.any_response,80842560,100.00,,
     6.112262230,8687049,,offcore_response.all_requests.llc_hit.any_response,80737948,100.00,,
     6.112262230,111975,,offcore_response.all_requests.llc_miss.any_response,80757166,100.00,,
     6.212462896,8737810,,offcore_response.all_requests.llc_hit.any_response,80910390,100.00,,
     6.212462896,112528,,offcore_response.all_requests.llc_miss.any_response,80909812,100.00,,
     6.312665226,529134,,offcore_response.all_requests.llc_hit.any_response,4923270,100.00,,
     6.312665226,6948,,offcore_response.all_requests.llc_miss.any_response,4898613,100.00,,
     6.412864784,7044463,,offcore_response.all_requests.llc_hit.any_response,69278573,100.00,,
     6.412864784,89455,,offcore_response.all_requests.llc_miss.any_response,69305882,100.00,,
     6.513070028,8748801,,offcore_response.all_requests.llc_hit.any_response,80914521,100.00,,
     6.513070028,112332,,offcore_response.all_requests.llc_miss.any_response,80912020,100.00,,
     6.613294523,8777562,,offcore_response.all_requests.llc_hit.any_response,81221373,100.00,,
     6.613294523,112959,,offcore_response.all_requests.llc_miss.any_response,81222681,100.00,,
     6.713497983,8759823,,offcore_response.all_requests.llc_hit.any_response,80878973,100.00,,
     6.713497983,112764,,offcore_response.all_requests.llc_miss.any_response,80863145,100.00,,
     6.813699375,8698087,,offcore_response.all_requests.llc_hit.any_response,80593383,100.00,,
     6.813699375,111876,,offcore_response.all_requests.llc_miss.any_response,80603681,100.00,,
     6.913902521,8703754,,offcore_response.all_requests.llc_hit.any_response,80725743,100.00,,
     6.913902521,112587,,offcore_response.all_requests.llc_miss.any_response,80729809,100.00,,
     7.014101977,8696043,,offcore_response.all_requests.llc_hit.any_response,80613806,100.00,,
     7.014101977,112068,,offcore_response.all_requests.llc_miss.any_response,80614237,100.00,,
     7.114303135,8751090,,offcore_response.all_requests.llc_hit.any_response,81086467,100.00,,
     7.114303135,113010,,offcore_response.all_requests.llc_miss.any_response,81085826,100.00,,
     7.214501890,8692712,,offcore_response.all_requests.llc_hit.any_response,80710424,100.00,,
     7.214501890,112123,,offcore_response.all_requests.llc_miss.any_response,80711080,100.00,,
     7.314702451,8682174,,offcore_response.all_requests.llc_hit.any_response,80742543,100.00,,
     7.314702451,111877,,offcore_response.all_requests.llc_miss.any_response,80741719,100.00,,
     7.414904059,494392,,offcore_response.all_requests.llc_hit.any_response,4625891,100.00,,
     7.414904059,6390,,offcore_response.all_requests.llc_miss.any_response,4601617,100.00,,
     7.515103689,7058652,,offcore_response.all_requests.llc_hit.any_response,69627137,100.00,,
     7.515103689,88847,,offcore_response.all_requests.llc_miss.any_response,69637700,100.00,,
     7.615305618,8746661,,offcore_response.all_requests.llc_hit.any_response,80787181,100.00,,
     7.615305618,111756,,offcore_response.all_requests.llc_miss.any_response,80795260,100.00,,
     7.715502088,8754819,,offcore_response.all_requests.llc_hit.any_response,81030381,100.00,,
     7.715502088,112190,,offcore_response.all_requests.llc_miss.any_response,81037167,100.00,,
     7.815705735,8749000,,offcore_response.all_requests.llc_hit.any_response,81024078,100.00,,
     7.815705735,112325,,offcore_response.all_requests.llc_miss.any_response,81023164,100.00,,
     7.915911082,8749013,,offcore_response.all_requests.llc_hit.any_response,81125042,100.00,,
     7.915911082,113033,,offcore_response.all_requests.llc_miss.any_response,81125845,100.00,,
     8.016112293,8706561,,offcore_response.all_requests.llc_hit.any_response,80900339,100.00,,
     8.016112293,112278,,offcore_response.all_requests.llc_miss.any_response,80891702,100.00,,
     8.116309124,8733029,,offcore_response.all_requests.llc_hit.any_response,80933063,100.00,,
     8.116309124,112166,,offcore_response.all_requests.llc_miss.any_response,80938891,100.00,,
     8.216512734,8700586,,offcore_response.all_requests.llc_hit.any_response,80857487,100.00,,
     8.216512734,111939,,offcore_response.all_requests.llc_miss.any_response,80850753,100.00,,
     8.316715288,8685330,,offcore_response.all_requests.llc_hit.any_response,80806848,100.00,,
     8.316715288,112186,,offcore_response.all_requests.llc_miss.any_response,80799442,100.00,,
     8.416916789,8685486,,offcore_response.all_requests.llc_hit.any_response,81054273,100.00,,
     8.416916789,112335,,offcore_response.all_requests.llc_miss.any_response,81051553,100.00,,
     8.517115360,462969,,offcore_response.all_requests.llc_hit.any_response,4360210,100.00,,
     8.517115360,6172,,offcore_response.all_requests.llc_miss.any_response,4354562,100.00,,
     8.617320447,7098200,,offcore_response.all_requests.llc_hit.any_response,70124674,100.00,,
     8.617320447,94221,,offcore_response.all_requests.llc_miss.any_response,70151720,100.00,,
     8.717527077,8558278,,offcore_response.all_requests.llc_hit.any_response,81188039,100.00,,
     8.717527077,114192,,offcore_response.all_requests.llc_miss.any_response,81168922,100.00,,
     8.817749046,8559807,,offcore_response.all_requests.llc_hit.any_response,81270028,100.00,,
     8.817749046,110768,,offcore_response.all_requests.llc_miss.any_response,81287247,100.00,,
     8.917950374,8534960,,offcore_response.all_requests.llc_hit.any_response,81029827,100.00,,
     8.917950374,110384,,offcore_response.all_requests.llc_miss.any_response,81029056,100.00,,
     9.018149837,8545664,,offcore_response.all_requests.llc_hit.any_response,81122705,100.00,,
     9.018149837,110993,,offcore_response.all_requests.llc_miss.any_response,81114093,100.00,,
     9.118350488,8523752,,offcore_response.all_requests.llc_hit.any_response,80963600,100.00,,
     9.118350488,109877,,offcore_response.all_requests.llc_miss.any_response,80969606,100.00,,
     9.218544291,8536545,,offcore_response.all_requests.llc_hit.any_response,81132438,100.00,,
     9.218544291,110484,,offcore_response.all_requests.llc_miss.any_response,81135769,100.00,,
     9.318746023,8533753,,offcore_response.all_requests.llc_hit.any_response,81085935,100.00,,
     9.318746023,110354,,offcore_response.all_requests.llc_miss.any_response,81083162,100.00,,
     9.418943569,8445425,,offcore_response.all_requests.llc_hit.any_response,80731006,100.00,,
     9.418943569,109723,,offcore_response.all_requests.llc_miss.any_response,80719052,100.00,,
     9.519144355,8497547,,offcore_response.all_requests.llc_hit.any_response,80776673,100.00,,
     9.519144355,110412,,offcore_response.all_requests.llc_miss.any_response,80790781,100.00,,
     9.619345795,317680,,offcore_response.all_requests.llc_hit.any_response,3064067,100.00,,
     9.619345795,4278,,offcore_response.all_requests.llc_miss.any_response,3039584,100.00,,
     9.719544862,7105397,,offcore_response.all_requests.llc_hit.any_response,70030233,100.00,,
     9.719544862,90575,,offcore_response.all_requests.llc_miss.any_response,70057499,100.00,,
     9.819761665,8633485,,offcore_response.all_requests.llc_hit.any_response,80143041,100.00,,
     9.819761665,111338,,offcore_response.all_requests.llc_miss.any_response,80140471,100.00,,
     9.919961202,8648331,,offcore_response.all_requests.llc_hit.any_response,80675709,100.00,,
     9.919961202,111381,,offcore_response.all_requests.llc_miss.any_response,80676131,100.00,,
    10.020161414,8667164,,offcore_response.all_requests.llc_hit.any_response,80606757,100.00,,
    10.020161414,111757,,offcore_response.all_requests.llc_miss.any_response,80606138,100.00,,
    10.120361060,8650922,,offcore_response.all_requests.llc_hit.any_response,80674217,100.00,,
    10.120361060,111309,,offcore_response.all_requests.llc_miss.any_response,80669652,100.00,,
    10.220558823,8673597,,offcore_response.all_requests.llc_hit.any_response,80849300,100.00,,
    10.220558823,111872,,offcore_response.all_requests.llc_miss.any_response,80851461,100.00,,
    10.320754859,8675975,,offcore_response.all_requests.llc_hit.any_response,80832770,100.00,,
    10.320754859,111630,,offcore_response.all_requests.llc_miss.any_response,80835971,100.00,,
    10.420962765,8716423,,offcore_response.all_requests.llc_hit.any_response,80951623,100.00,,
    10.420962765,111567,,offcore_response.all_requests.llc_miss.any_response,80936352,100.00,,
    10.521165081,8722552,,offcore_response.all_requests.llc_hit.any_response,81259598,100.00,,
    10.521165081,112671,,offcore_response.all_requests.llc_miss.any_response,81274863,100.00,,
    10.621365737,8684074,,offcore_response.all_requests.llc_hit.any_response,80866583,100.00,,
    10.621365737,112090,,offcore_response.all_requests.llc_miss.any_response,80865454,100.00,,
    10.721568065,518447,,offcore_response.all_requests.llc_hit.any_response,4913916,100.00,,
    10.721568065,6855,,offcore_response.all_requests.llc_miss.any_response,4889755,100.00,,
    10.821765922,6982635,,offcore_response.all_requests.llc_hit.any_response,69630073,100.00,,
    10.821765922,88498,,offcore_response.all_requests.llc_miss.any_response,69647859,100.00,,
    10.921985813,8719887,,offcore_response.all_requests.llc_hit.any_response,80806823,100.00,,
    10.921985813,111451,,offcore_response.all_requests.llc_miss.any_response,80813270,100.00,,
    11.022186188,8742532,,offcore_response.all_requests.llc_hit.any_response,81112942,100.00,,
    11.022186188,111487,,offcore_response.all_requests.llc_miss.any_response,81112935,100.00,,
