# started on Tue May  2 13:15:19 2023

     0.100162799,65663310,,inst_retired.any,58426976,100.00,129.1,IpMispredict
     0.100162799,508603,,br_misp_retired.all_branches,58426976,100.00,,
     0.200433131,65349894,,inst_retired.any,54912924,100.00,134.2,IpMispredict
     0.200433131,465196,,br_misp_retired.all_branches,54912924,100.00,,
     0.300624955,64891167,,inst_retired.any,54710190,100.00,135.8,IpMispredict
     0.300624955,460043,,br_misp_retired.all_branches,54710190,100.00,,
     0.400820286,65022690,,inst_retired.any,54649878,100.00,137.1,IpMispredict
     0.400820286,462735,,br_misp_retired.all_branches,54649878,100.00,,
     0.501012906,65488810,,inst_retired.any,55042780,100.00,138.5,IpMispredict
     0.501012906,468031,,br_misp_retired.all_branches,55042780,100.00,,
     0.601209614,65154116,,inst_retired.any,54776125,100.00,138.2,IpMispredict
     0.601209614,464361,,br_misp_retired.all_branches,54776125,100.00,,
     0.701400923,65376485,,inst_retired.any,54885421,100.00,138.9,IpMispredict
     0.701400923,466247,,br_misp_retired.all_branches,54885421,100.00,,
     0.801595576,65010088,,inst_retired.any,54419768,100.00,138.5,IpMispredict
     0.801595576,461067,,br_misp_retired.all_branches,54419768,100.00,,
     0.901788733,65777205,,inst_retired.any,55008314,100.00,140.3,IpMispredict
     0.901788733,463866,,br_misp_retired.all_branches,55008314,100.00,,
     1.001982822,64679891,,inst_retired.any,54387712,100.00,138.2,IpMispredict
     1.001982822,460446,,br_misp_retired.all_branches,54387712,100.00,,
     1.102178173,65206437,,inst_retired.any,54795958,100.00,139.4,IpMispredict
     1.102178173,463957,,br_misp_retired.all_branches,54795958,100.00,,
     1.202375279,65549898,,inst_retired.any,55061907,100.00,140.2,IpMispredict
     1.202375279,467934,,br_misp_retired.all_branches,55061907,100.00,,
     1.302569370,65051828,,inst_retired.any,54470081,100.00,139.2,IpMispredict
     1.302569370,462770,,br_misp_retired.all_branches,54470081,100.00,,
     1.402766182,65031064,,inst_retired.any,54706203,100.00,139.2,IpMispredict
     1.402766182,463656,,br_misp_retired.all_branches,54706203,100.00,,
     1.502960622,65838725,,inst_retired.any,55228903,100.00,140.9,IpMispredict
     1.502960622,467733,,br_misp_retired.all_branches,55228903,100.00,,
     1.603158649,64549870,,inst_retired.any,54420327,100.00,138.3,IpMispredict
     1.603158649,461340,,br_misp_retired.all_branches,54420327,100.00,,
     1.703352657,65393502,,inst_retired.any,54992640,100.00,140.1,IpMispredict
     1.703352657,464718,,br_misp_retired.all_branches,54992640,100.00,,
     1.803547501,65161850,,inst_retired.any,55000997,100.00,139.6,IpMispredict
     1.803547501,466716,,br_misp_retired.all_branches,55000997,100.00,,
     1.903777830,65778431,,inst_retired.any,55446410,100.00,140.9,IpMispredict
     1.903777830,472504,,br_misp_retired.all_branches,55446410,100.00,,
     2.003974885,64725903,,inst_retired.any,54211746,100.00,138.7,IpMispredict
     2.003974885,462658,,br_misp_retired.all_branches,54211746,100.00,,
     2.104169866,65813539,,inst_retired.any,55078322,100.00,141.0,IpMispredict
     2.104169866,467540,,br_misp_retired.all_branches,55078322,100.00,,
     2.204370943,65286202,,inst_retired.any,54680075,100.00,139.9,IpMispredict
     2.204370943,466332,,br_misp_retired.all_branches,54680075,100.00,,
     2.304568821,65693480,,inst_retired.any,55188519,100.00,140.7,IpMispredict
     2.304568821,467722,,br_misp_retired.all_branches,55188519,100.00,,
     2.404766618,64905690,,inst_retired.any,54186343,100.00,139.1,IpMispredict
     2.404766618,459044,,br_misp_retired.all_branches,54186343,100.00,,
     2.504962219,65462624,,inst_retired.any,54969638,100.00,140.4,IpMispredict
     2.504962219,459185,,br_misp_retired.all_branches,54969638,100.00,,
     2.605158052,65203924,,inst_retired.any,54666490,100.00,140.0,IpMispredict
     2.605158052,459004,,br_misp_retired.all_branches,54666490,100.00,,
     2.705353731,65691969,,inst_retired.any,55147324,100.00,141.0,IpMispredict
     2.705353731,462735,,br_misp_retired.all_branches,55147324,100.00,,
     2.805577069,64729242,,inst_retired.any,56236590,100.00,139.0,IpMispredict
     2.805577069,461458,,br_misp_retired.all_branches,56236590,100.00,,
     2.905773119,64956300,,inst_retired.any,54635829,100.00,139.6,IpMispredict
     2.905773119,458590,,br_misp_retired.all_branches,54635829,100.00,,
     3.005967571,65247714,,inst_retired.any,54899775,100.00,140.2,IpMispredict
     3.005967571,461760,,br_misp_retired.all_branches,54899775,100.00,,
     3.106162908,65499058,,inst_retired.any,55036647,100.00,140.8,IpMispredict
     3.106162908,461485,,br_misp_retired.all_branches,55036647,100.00,,
     3.206358253,65040591,,inst_retired.any,54670807,100.00,139.8,IpMispredict
     3.206358253,463125,,br_misp_retired.all_branches,54670807,100.00,,
     3.306552324,65358236,,inst_retired.any,54820085,100.00,140.6,IpMispredict
     3.306552324,461567,,br_misp_retired.all_branches,54820085,100.00,,
     3.406749433,65270566,,inst_retired.any,55384184,100.00,140.4,IpMispredict
     3.406749433,461626,,br_misp_retired.all_branches,55384184,100.00,,
     3.506943120,65384077,,inst_retired.any,54584829,100.00,140.7,IpMispredict
     3.506943120,462332,,br_misp_retired.all_branches,54584829,100.00,,
     3.607136567,65430585,,inst_retired.any,54802439,100.00,140.8,IpMispredict
     3.607136567,463136,,br_misp_retired.all_branches,54802439,100.00,,
     3.707331977,64760732,,inst_retired.any,54410362,100.00,139.4,IpMispredict
     3.707331977,459287,,br_misp_retired.all_branches,54410362,100.00,,
     3.807526376,65792482,,inst_retired.any,54863572,100.00,141.6,IpMispredict
     3.807526376,466469,,br_misp_retired.all_branches,54863572,100.00,,
     3.907664204,64646863,,inst_retired.any,54149003,100.00,139.2,IpMispredict
     3.907664204,458857,,br_misp_retired.all_branches,54149003,100.00,,
     4.007863215,65551571,,inst_retired.any,55127941,100.00,141.1,IpMispredict
     4.007863215,463409,,br_misp_retired.all_branches,55127941,100.00,,
     4.108039563,65352784,,inst_retired.any,54751889,100.00,140.7,IpMispredict
     4.108039563,459683,,br_misp_retired.all_branches,54751889,100.00,,
     4.208236333,65184259,,inst_retired.any,54419766,100.00,140.4,IpMispredict
     4.208236333,461553,,br_misp_retired.all_branches,54419766,100.00,,
     4.308433478,64962976,,inst_retired.any,54279804,100.00,140.0,IpMispredict
     4.308433478,458835,,br_misp_retired.all_branches,54279804,100.00,,
     4.408630289,65729188,,inst_retired.any,55306152,100.00,141.6,IpMispredict
     4.408630289,464618,,br_misp_retired.all_branches,55306152,100.00,,
     4.508827260,65014209,,inst_retired.any,54346654,100.00,140.1,IpMispredict
     4.508827260,457517,,br_misp_retired.all_branches,54346654,100.00,,
     4.609023732,65316001,,inst_retired.any,54696161,100.00,140.8,IpMispredict
     4.609023732,459094,,br_misp_retired.all_branches,54696161,100.00,,
     4.709219732,65631985,,inst_retired.any,55166036,100.00,141.5,IpMispredict
     4.709219732,466269,,br_misp_retired.all_branches,55166036,100.00,,
     4.809418494,65045357,,inst_retired.any,54398611,100.00,140.2,IpMispredict
     4.809418494,462833,,br_misp_retired.all_branches,54398611,100.00,,
     4.909616226,65333608,,inst_retired.any,54688488,100.00,140.8,IpMispredict
     4.909616226,464694,,br_misp_retired.all_branches,54688488,100.00,,
     5.009811273,65233382,,inst_retired.any,54729295,100.00,140.6,IpMispredict
     5.009811273,464731,,br_misp_retired.all_branches,54729295,100.00,,
     5.110011724,65472207,,inst_retired.any,54683538,100.00,141.1,IpMispredict
     5.110011724,460963,,br_misp_retired.all_branches,54683538,100.00,,
     5.210207119,64775033,,inst_retired.any,54554785,100.00,139.6,IpMispredict
     5.210207119,462375,,br_misp_retired.all_branches,54554785,100.00,,
     5.310404540,65711076,,inst_retired.any,55146992,100.00,141.6,IpMispredict
     5.310404540,468973,,br_misp_retired.all_branches,55146992,100.00,,
     5.410601291,65246696,,inst_retired.any,54993585,100.00,140.6,IpMispredict
     5.410601291,462094,,br_misp_retired.all_branches,54993585,100.00,,
     5.510822495,64960900,,inst_retired.any,54475985,100.00,140.0,IpMispredict
     5.510822495,458826,,br_misp_retired.all_branches,54475985,100.00,,
     5.611017898,65530685,,inst_retired.any,55028568,100.00,141.3,IpMispredict
     5.611017898,465823,,br_misp_retired.all_branches,55028568,100.00,,
     5.711214107,65262921,,inst_retired.any,55005955,100.00,140.7,IpMispredict
     5.711214107,462114,,br_misp_retired.all_branches,55005955,100.00,,
     5.811411569,64831220,,inst_retired.any,55330917,100.00,139.8,IpMispredict
     5.811411569,464612,,br_misp_retired.all_branches,55330917,100.00,,
     5.911641513,65158803,,inst_retired.any,54557956,100.00,140.5,IpMispredict
     5.911641513,462682,,br_misp_retired.all_branches,54557956,100.00,,
     6.011835795,65452141,,inst_retired.any,54850889,100.00,141.1,IpMispredict
     6.011835795,465406,,br_misp_retired.all_branches,54850889,100.00,,
     6.112033661,65328342,,inst_retired.any,54721290,100.00,140.8,IpMispredict
     6.112033661,465568,,br_misp_retired.all_branches,54721290,100.00,,
     6.212228613,64958688,,inst_retired.any,54491947,100.00,140.0,IpMispredict
     6.212228613,460207,,br_misp_retired.all_branches,54491947,100.00,,
     6.312422690,65764638,,inst_retired.any,55055052,100.00,141.8,IpMispredict
     6.312422690,465411,,br_misp_retired.all_branches,55055052,100.00,,
     6.412617292,64732458,,inst_retired.any,54236655,100.00,139.6,IpMispredict
     6.412617292,458411,,br_misp_retired.all_branches,54236655,100.00,,
     6.512813924,65655819,,inst_retired.any,55044997,100.00,141.6,IpMispredict
     6.512813924,464887,,br_misp_retired.all_branches,55044997,100.00,,
     6.613009565,64529850,,inst_retired.any,54166867,100.00,139.2,IpMispredict
     6.613009565,454436,,br_misp_retired.all_branches,54166867,100.00,,
     6.713207054,65931686,,inst_retired.any,55253873,100.00,142.2,IpMispredict
     6.713207054,466259,,br_misp_retired.all_branches,55253873,100.00,,
     6.813408191,64756791,,inst_retired.any,54285275,100.00,139.7,IpMispredict
     6.813408191,460234,,br_misp_retired.all_branches,54285275,100.00,,
     6.913601977,65786440,,inst_retired.any,55174175,100.00,141.9,IpMispredict
     6.913601977,470584,,br_misp_retired.all_branches,55174175,100.00,,
     7.013797597,64834868,,inst_retired.any,54498446,100.00,139.8,IpMispredict
     7.013797597,464185,,br_misp_retired.all_branches,54498446,100.00,,
     7.113994023,65067483,,inst_retired.any,54540789,100.00,140.3,IpMispredict
     7.113994023,461978,,br_misp_retired.all_branches,54540789,100.00,,
     7.214188645,66405053,,inst_retired.any,55477984,100.00,143.2,IpMispredict
     7.214188645,473181,,br_misp_retired.all_branches,55477984,100.00,,
     7.314386112,64805201,,inst_retired.any,54408297,100.00,139.7,IpMispredict
     7.314386112,459371,,br_misp_retired.all_branches,54408297,100.00,,
     7.414582378,65653971,,inst_retired.any,55166575,100.00,141.6,IpMispredict
     7.414582378,464984,,br_misp_retired.all_branches,55166575,100.00,,
     7.514774768,64691343,,inst_retired.any,54281372,100.00,139.5,IpMispredict
     7.514774768,456143,,br_misp_retired.all_branches,54281372,100.00,,
     7.614967648,65868116,,inst_retired.any,55348620,100.00,142.0,IpMispredict
     7.614967648,466080,,br_misp_retired.all_branches,55348620,100.00,,
     7.715163977,64614486,,inst_retired.any,54180766,100.00,139.4,IpMispredict
     7.715163977,458270,,br_misp_retired.all_branches,54180766,100.00,,
     7.815361335,65920629,,inst_retired.any,55286818,100.00,142.2,IpMispredict
     7.815361335,468006,,br_misp_retired.all_branches,55286818,100.00,,
     7.915560977,64798161,,inst_retired.any,54752617,100.00,139.7,IpMispredict
     7.915560977,459382,,br_misp_retired.all_branches,54752617,100.00,,
     8.015779177,65541336,,inst_retired.any,55005344,100.00,141.3,IpMispredict
     8.015779177,465368,,br_misp_retired.all_branches,55005344,100.00,,
     8.115974036,65200827,,inst_retired.any,54716156,100.00,140.6,IpMispredict
     8.115974036,463133,,br_misp_retired.all_branches,54716156,100.00,,
     8.216171122,65036954,,inst_retired.any,54648540,100.00,140.3,IpMispredict
     8.216171122,464991,,br_misp_retired.all_branches,54648540,100.00,,
     8.316385176,65185865,,inst_retired.any,54657541,100.00,140.6,IpMispredict
     8.316385176,462377,,br_misp_retired.all_branches,54657541,100.00,,
     8.416579545,65314686,,inst_retired.any,54683271,100.00,140.9,IpMispredict
     8.416579545,463852,,br_misp_retired.all_branches,54683271,100.00,,
     8.516777492,65206799,,inst_retired.any,54515769,100.00,140.6,IpMispredict
     8.516777492,458712,,br_misp_retired.all_branches,54515769,100.00,,
     8.616970005,65575564,,inst_retired.any,54728313,100.00,141.4,IpMispredict
     8.616970005,464968,,br_misp_retired.all_branches,54728313,100.00,,
     8.717163413,65027907,,inst_retired.any,54226521,100.00,140.3,IpMispredict
     8.717163413,459658,,br_misp_retired.all_branches,54226521,100.00,,
     8.817358745,65429122,,inst_retired.any,54776528,100.00,141.1,IpMispredict
     8.817358745,464773,,br_misp_retired.all_branches,54776528,100.00,,
     8.917552287,65037520,,inst_retired.any,54353988,100.00,140.3,IpMispredict
     8.917552287,460262,,br_misp_retired.all_branches,54353988,100.00,,
     9.017744199,65671307,,inst_retired.any,54897332,100.00,141.7,IpMispredict
     9.017744199,464538,,br_misp_retired.all_branches,54897332,100.00,,
     9.117943107,65050263,,inst_retired.any,54274518,100.00,140.3,IpMispredict
     9.117943107,456742,,br_misp_retired.all_branches,54274518,100.00,,
     9.218136428,65040960,,inst_retired.any,54343278,100.00,140.3,IpMispredict
     9.218136428,461887,,br_misp_retired.all_branches,54343278,100.00,,
     9.318333096,64975151,,inst_retired.any,54521494,100.00,140.2,IpMispredict
     9.318333096,459808,,br_misp_retired.all_branches,54521494,100.00,,
     9.418526771,65484330,,inst_retired.any,55013293,100.00,141.3,IpMispredict
     9.418526771,460766,,br_misp_retired.all_branches,55013293,100.00,,
     9.518720601,65350712,,inst_retired.any,54827913,100.00,141.0,IpMispredict
     9.518720601,464057,,br_misp_retired.all_branches,54827913,100.00,,
     9.618910364,65075576,,inst_retired.any,54764797,100.00,140.4,IpMispredict
     9.618910364,460867,,br_misp_retired.all_branches,54764797,100.00,,
     9.719107672,65171683,,inst_retired.any,54434398,100.00,140.7,IpMispredict
     9.719107672,457693,,br_misp_retired.all_branches,54434398,100.00,,
     9.819303475,65846355,,inst_retired.any,55241088,100.00,142.1,IpMispredict
     9.819303475,466494,,br_misp_retired.all_branches,55241088,100.00,,
     9.919497664,64586306,,inst_retired.any,54262734,100.00,139.4,IpMispredict
     9.919497664,455653,,br_misp_retired.all_branches,54262734,100.00,,
    10.019699348,65469980,,inst_retired.any,55019608,100.00,141.3,IpMispredict
    10.019699348,463850,,br_misp_retired.all_branches,55019608,100.00,,
    10.119902873,65410737,,inst_retired.any,55002710,100.00,141.2,IpMispredict
    10.119902873,462950,,br_misp_retired.all_branches,55002710,100.00,,
    10.220099448,65314690,,inst_retired.any,54816756,100.00,141.0,IpMispredict
    10.220099448,460633,,br_misp_retired.all_branches,54816756,100.00,,
    10.320295733,65075983,,inst_retired.any,54817213,100.00,140.5,IpMispredict
    10.320295733,459228,,br_misp_retired.all_branches,54817213,100.00,,
    10.420490633,65241556,,inst_retired.any,54921356,100.00,140.8,IpMispredict
    10.420490633,462574,,br_misp_retired.all_branches,54921356,100.00,,
    10.520687082,65609707,,inst_retired.any,55064259,100.00,141.6,IpMispredict
    10.520687082,463360,,br_misp_retired.all_branches,55064259,100.00,,
    10.620837671,65187318,,inst_retired.any,54890513,100.00,140.7,IpMispredict
    10.620837671,460894,,br_misp_retired.all_branches,54890513,100.00,,
    10.721041122,64987552,,inst_retired.any,55090682,100.00,140.3,IpMispredict
    10.721041122,459464,,br_misp_retired.all_branches,55090682,100.00,,
    10.821236769,65317963,,inst_retired.any,54735389,100.00,141.0,IpMispredict
    10.821236769,460074,,br_misp_retired.all_branches,54735389,100.00,,
    10.921434419,65256227,,inst_retired.any,55149705,100.00,140.9,IpMispredict
    10.921434419,463380,,br_misp_retired.all_branches,55149705,100.00,,
    11.021650793,65137212,,inst_retired.any,54895427,100.00,140.6,IpMispredict
    11.021650793,463879,,br_misp_retired.all_branches,54895427,100.00,,
