# started on Tue May  2 15:29:19 2023

     0.100160818,29663882,,inst_retired.any,40254926,100.00,136.5,IpMispredict
     0.100160818,217393,,br_misp_retired.all_branches,40254926,100.00,,
     0.200408259,30359312,,inst_retired.any,41643004,100.00,132.1,IpMispredict
     0.200408259,242406,,br_misp_retired.all_branches,41643004,100.00,,
     0.300596544,29964739,,inst_retired.any,40258769,100.00,132.5,IpMispredict
     0.300596544,218819,,br_misp_retired.all_branches,40258769,100.00,,
     0.400783882,30216224,,inst_retired.any,41101132,100.00,133.7,IpMispredict
     0.400783882,225064,,br_misp_retired.all_branches,41101132,100.00,,
     0.500973247,29647982,,inst_retired.any,40444295,100.00,131.1,IpMispredict
     0.500973247,227368,,br_misp_retired.all_branches,40444295,100.00,,
     0.601158743,30097787,,inst_retired.any,41701716,100.00,132.0,IpMispredict
     0.601158743,236949,,br_misp_retired.all_branches,41701716,100.00,,
     0.701344801,30379300,,inst_retired.any,41976568,100.00,132.7,IpMispredict
     0.701344801,234738,,br_misp_retired.all_branches,41976568,100.00,,
     0.801532803,29875703,,inst_retired.any,41368657,100.00,130.2,IpMispredict
     0.801532803,233492,,br_misp_retired.all_branches,41368657,100.00,,
     0.901720692,30257642,,inst_retired.any,41796106,100.00,130.6,IpMispredict
     0.901720692,249694,,br_misp_retired.all_branches,41796106,100.00,,
     1.001909909,29840650,,inst_retired.any,40504189,100.00,128.6,IpMispredict
     1.001909909,235054,,br_misp_retired.all_branches,40504189,100.00,,
     1.102100197,30474288,,inst_retired.any,42211107,100.00,130.9,IpMispredict
     1.102100197,240296,,br_misp_retired.all_branches,42211107,100.00,,
     1.202292382,30062371,,inst_retired.any,41256772,100.00,128.6,IpMispredict
     1.202292382,244238,,br_misp_retired.all_branches,41256772,100.00,,
     1.302480785,30445458,,inst_retired.any,40882656,100.00,129.2,IpMispredict
     1.302480785,258648,,br_misp_retired.all_branches,40882656,100.00,,
     1.402679752,30089985,,inst_retired.any,41068600,100.00,128.1,IpMispredict
     1.402679752,224750,,br_misp_retired.all_branches,41068600,100.00,,
     1.502867300,29870986,,inst_retired.any,41523053,100.00,127.2,IpMispredict
     1.502867300,234689,,br_misp_retired.all_branches,41523053,100.00,,
     1.603060955,30105289,,inst_retired.any,42149789,100.00,127.6,IpMispredict
     1.603060955,251230,,br_misp_retired.all_branches,42149789,100.00,,
     1.703251700,30109996,,inst_retired.any,41274664,100.00,127.4,IpMispredict
     1.703251700,242643,,br_misp_retired.all_branches,41274664,100.00,,
     1.803449656,30077222,,inst_retired.any,40776734,100.00,127.2,IpMispredict
     1.803449656,238903,,br_misp_retired.all_branches,40776734,100.00,,
     1.903638387,30254062,,inst_retired.any,41117406,100.00,128.2,IpMispredict
     1.903638387,228862,,br_misp_retired.all_branches,41117406,100.00,,
     2.003830384,30152304,,inst_retired.any,42377775,100.00,126.3,IpMispredict
     2.003830384,287697,,br_misp_retired.all_branches,42377775,100.00,,
     2.104017687,30008628,,inst_retired.any,42105593,100.00,125.6,IpMispredict
     2.104017687,244671,,br_misp_retired.all_branches,42105593,100.00,,
     2.204203769,29907128,,inst_retired.any,41381040,100.00,125.2,IpMispredict
     2.204203769,238411,,br_misp_retired.all_branches,41381040,100.00,,
     2.304389846,30348274,,inst_retired.any,41697299,100.00,126.8,IpMispredict
     2.304389846,248448,,br_misp_retired.all_branches,41697299,100.00,,
     2.404576251,29637770,,inst_retired.any,40708610,100.00,123.8,IpMispredict
     2.404576251,239902,,br_misp_retired.all_branches,40708610,100.00,,
     2.504766492,30297667,,inst_retired.any,41655420,100.00,126.5,IpMispredict
     2.504766492,240980,,br_misp_retired.all_branches,41655420,100.00,,
     2.604953465,29973084,,inst_retired.any,40986956,100.00,125.3,IpMispredict
     2.604953465,236271,,br_misp_retired.all_branches,40986956,100.00,,
     2.705142943,30064328,,inst_retired.any,41611981,100.00,125.5,IpMispredict
     2.705142943,248449,,br_misp_retired.all_branches,41611981,100.00,,
     2.805349298,29851643,,inst_retired.any,41377968,100.00,124.5,IpMispredict
     2.805349298,240930,,br_misp_retired.all_branches,41377968,100.00,,
     2.905541126,30586538,,inst_retired.any,42511481,100.00,127.6,IpMispredict
     2.905541126,242015,,br_misp_retired.all_branches,42511481,100.00,,
     3.005726281,29642311,,inst_retired.any,39919126,100.00,123.9,IpMispredict
     3.005726281,222711,,br_misp_retired.all_branches,39919126,100.00,,
     3.105914868,30599323,,inst_retired.any,41588577,100.00,127.8,IpMispredict
     3.105914868,247768,,br_misp_retired.all_branches,41588577,100.00,,
     3.206103735,29639251,,inst_retired.any,41924353,100.00,123.5,IpMispredict
     3.206103735,257818,,br_misp_retired.all_branches,41924353,100.00,,
     3.306291202,30072484,,inst_retired.any,41194497,100.00,125.4,IpMispredict
     3.306291202,234993,,br_misp_retired.all_branches,41194497,100.00,,
     3.406480187,30403706,,inst_retired.any,42344547,100.00,126.6,IpMispredict
     3.406480187,248942,,br_misp_retired.all_branches,42344547,100.00,,
     3.506671710,30181571,,inst_retired.any,42319818,100.00,125.4,IpMispredict
     3.506671710,260774,,br_misp_retired.all_branches,42319818,100.00,,
     3.606864076,30074819,,inst_retired.any,41492434,100.00,124.8,IpMispredict
     3.606864076,249007,,br_misp_retired.all_branches,41492434,100.00,,
     3.707054858,30190383,,inst_retired.any,42347563,100.00,125.1,IpMispredict
     3.707054858,250783,,br_misp_retired.all_branches,42347563,100.00,,
     3.807244416,30027878,,inst_retired.any,40886158,100.00,124.5,IpMispredict
     3.807244416,238594,,br_misp_retired.all_branches,40886158,100.00,,
     3.907433341,30200151,,inst_retired.any,41207500,100.00,125.4,IpMispredict
     3.907433341,226218,,br_misp_retired.all_branches,41207500,100.00,,
     4.007646945,30119511,,inst_retired.any,41325251,100.00,124.9,IpMispredict
     4.007646945,254256,,br_misp_retired.all_branches,41325251,100.00,,
     4.107836528,29795038,,inst_retired.any,41647550,100.00,123.5,IpMispredict
     4.107836528,243026,,br_misp_retired.all_branches,41647550,100.00,,
     4.208025483,30354617,,inst_retired.any,41878416,100.00,125.6,IpMispredict
     4.208025483,261373,,br_misp_retired.all_branches,41878416,100.00,,
     4.308211369,29530994,,inst_retired.any,39859097,100.00,122.3,IpMispredict
     4.308211369,233645,,br_misp_retired.all_branches,39859097,100.00,,
     4.408398709,30390206,,inst_retired.any,42349816,100.00,125.8,IpMispredict
     4.408398709,242642,,br_misp_retired.all_branches,42349816,100.00,,
     4.508589899,29887855,,inst_retired.any,40712790,100.00,123.9,IpMispredict
     4.508589899,225272,,br_misp_retired.all_branches,40712790,100.00,,
     4.608779692,29925944,,inst_retired.any,41791535,100.00,123.8,IpMispredict
     4.608779692,266232,,br_misp_retired.all_branches,41791535,100.00,,
     4.708965095,30182943,,inst_retired.any,41089826,100.00,124.8,IpMispredict
     4.708965095,251929,,br_misp_retired.all_branches,41089826,100.00,,
     4.809154988,30192774,,inst_retired.any,41535167,100.00,125.0,IpMispredict
     4.809154988,227860,,br_misp_retired.all_branches,41535167,100.00,,
     4.909344345,29862860,,inst_retired.any,41744805,100.00,123.5,IpMispredict
     4.909344345,249351,,br_misp_retired.all_branches,41744805,100.00,,
     5.009538513,30352612,,inst_retired.any,41389736,100.00,125.8,IpMispredict
     5.009538513,221016,,br_misp_retired.all_branches,41389736,100.00,,
     5.109727466,30252518,,inst_retired.any,41287771,100.00,125.5,IpMispredict
     5.109727466,231493,,br_misp_retired.all_branches,41287771,100.00,,
     5.209913838,29715422,,inst_retired.any,39689388,100.00,123.4,IpMispredict
     5.209913838,226057,,br_misp_retired.all_branches,39689388,100.00,,
     5.310099247,30095286,,inst_retired.any,41558532,100.00,125.0,IpMispredict
     5.310099247,237145,,br_misp_retired.all_branches,41558532,100.00,,
     5.410289480,30242308,,inst_retired.any,41596368,100.00,125.6,IpMispredict
     5.410289480,238430,,br_misp_retired.all_branches,41596368,100.00,,
     5.510498505,29869335,,inst_retired.any,40914071,100.00,124.1,IpMispredict
     5.510498505,241675,,br_misp_retired.all_branches,40914071,100.00,,
     5.610689835,30227323,,inst_retired.any,41439649,100.00,125.6,IpMispredict
     5.610689835,232995,,br_misp_retired.all_branches,41439649,100.00,,
     5.710877038,30003182,,inst_retired.any,41234917,100.00,124.8,IpMispredict
     5.710877038,229845,,br_misp_retired.all_branches,41234917,100.00,,
     5.811065638,30151659,,inst_retired.any,41412949,100.00,125.3,IpMispredict
     5.811065638,251919,,br_misp_retired.all_branches,41412949,100.00,,
     5.911251342,30320313,,inst_retired.any,41529806,100.00,126.1,IpMispredict
     5.911251342,229126,,br_misp_retired.all_branches,41529806,100.00,,
     6.011450403,30127409,,inst_retired.any,41561185,100.00,125.1,IpMispredict
     6.011450403,258673,,br_misp_retired.all_branches,41561185,100.00,,
     6.111643112,30029768,,inst_retired.any,41459441,100.00,124.8,IpMispredict
     6.111643112,234906,,br_misp_retired.all_branches,41459441,100.00,,
     6.211831011,29851534,,inst_retired.any,41500028,100.00,124.1,IpMispredict
     6.211831011,236387,,br_misp_retired.all_branches,41500028,100.00,,
     6.312022994,30831558,,inst_retired.any,41813311,100.00,128.2,IpMispredict
     6.312022994,235298,,br_misp_retired.all_branches,41813311,100.00,,
     6.412211131,30249347,,inst_retired.any,42213521,100.00,125.6,IpMispredict
     6.412211131,268453,,br_misp_retired.all_branches,42213521,100.00,,
     6.512403168,29980358,,inst_retired.any,39835150,100.00,124.4,IpMispredict
     6.512403168,251059,,br_misp_retired.all_branches,39835150,100.00,,
     6.612592380,29913547,,inst_retired.any,40466001,100.00,124.2,IpMispredict
     6.612592380,224735,,br_misp_retired.all_branches,40466001,100.00,,
     6.712781144,30143203,,inst_retired.any,40581544,100.00,125.1,IpMispredict
     6.712781144,245531,,br_misp_retired.all_branches,40581544,100.00,,
     6.812972409,29952714,,inst_retired.any,41144923,100.00,124.4,IpMispredict
     6.812972409,238030,,br_misp_retired.all_branches,41144923,100.00,,
     6.913161691,30245846,,inst_retired.any,41922318,100.00,125.6,IpMispredict
     6.913161691,233468,,br_misp_retired.all_branches,41922318,100.00,,
     7.013350476,30155379,,inst_retired.any,41615847,100.00,125.3,IpMispredict
     7.013350476,235565,,br_misp_retired.all_branches,41615847,100.00,,
     7.113537124,29880368,,inst_retired.any,40946301,100.00,124.0,IpMispredict
     7.113537124,262567,,br_misp_retired.all_branches,40946301,100.00,,
     7.213727722,30141875,,inst_retired.any,41453522,100.00,125.0,IpMispredict
     7.213727722,251426,,br_misp_retired.all_branches,41453522,100.00,,
     7.313916411,29924203,,inst_retired.any,41410814,100.00,124.0,IpMispredict
     7.313916411,250311,,br_misp_retired.all_branches,41410814,100.00,,
     7.414109697,30050179,,inst_retired.any,40766990,100.00,124.7,IpMispredict
     7.414109697,219137,,br_misp_retired.all_branches,40766990,100.00,,
     7.514297201,30449507,,inst_retired.any,41810744,100.00,126.4,IpMispredict
     7.514297201,236771,,br_misp_retired.all_branches,41810744,100.00,,
     7.614484341,29730922,,inst_retired.any,41502093,100.00,123.4,IpMispredict
     7.614484341,237051,,br_misp_retired.all_branches,41502093,100.00,,
     7.714673368,30364768,,inst_retired.any,42333880,100.00,125.9,IpMispredict
     7.714673368,266597,,br_misp_retired.all_branches,42333880,100.00,,
     7.814862556,29609112,,inst_retired.any,40688887,100.00,122.9,IpMispredict
     7.814862556,227204,,br_misp_retired.all_branches,40688887,100.00,,
     7.915049051,30521955,,inst_retired.any,41544336,100.00,126.7,IpMispredict
     7.915049051,233312,,br_misp_retired.all_branches,41544336,100.00,,
     8.015238286,30106478,,inst_retired.any,41120025,100.00,124.9,IpMispredict
     8.015238286,246411,,br_misp_retired.all_branches,41120025,100.00,,
     8.115425065,29925504,,inst_retired.any,40467229,100.00,124.2,IpMispredict
     8.115425065,241642,,br_misp_retired.all_branches,40467229,100.00,,
     8.215627413,30012179,,inst_retired.any,40992050,100.00,124.6,IpMispredict
     8.215627413,223400,,br_misp_retired.all_branches,40992050,100.00,,
     8.315836535,30104373,,inst_retired.any,40987272,100.00,125.0,IpMispredict
     8.315836535,245553,,br_misp_retired.all_branches,40987272,100.00,,
     8.416031743,30198687,,inst_retired.any,41465067,100.00,125.4,IpMispredict
     8.416031743,236383,,br_misp_retired.all_branches,41465067,100.00,,
     8.516221002,30352400,,inst_retired.any,43232583,100.00,125.9,IpMispredict
     8.516221002,274023,,br_misp_retired.all_branches,43232583,100.00,,
     8.616412712,29559220,,inst_retired.any,40500150,100.00,122.6,IpMispredict
     8.616412712,240199,,br_misp_retired.all_branches,40500150,100.00,,
     8.716606086,30147969,,inst_retired.any,41778606,100.00,125.0,IpMispredict
     8.716606086,237745,,br_misp_retired.all_branches,41778606,100.00,,
     8.816800369,30273545,,inst_retired.any,41747248,100.00,125.6,IpMispredict
     8.816800369,229598,,br_misp_retired.all_branches,41747248,100.00,,
     8.916984185,29936237,,inst_retired.any,40692881,100.00,124.3,IpMispredict
     8.916984185,232111,,br_misp_retired.all_branches,40692881,100.00,,
     9.017172892,30295715,,inst_retired.any,42202236,100.00,125.7,IpMispredict
     9.017172892,258644,,br_misp_retired.all_branches,42202236,100.00,,
     9.117357292,29878887,,inst_retired.any,40993796,100.00,123.9,IpMispredict
     9.117357292,248419,,br_misp_retired.all_branches,40993796,100.00,,
     9.217543460,30425346,,inst_retired.any,41193542,100.00,126.2,IpMispredict
     9.217543460,237449,,br_misp_retired.all_branches,41193542,100.00,,
     9.317728845,29664316,,inst_retired.any,40591425,100.00,122.9,IpMispredict
     9.317728845,255752,,br_misp_retired.all_branches,40591425,100.00,,
     9.417914876,30429822,,inst_retired.any,41681797,100.00,126.2,IpMispredict
     9.417914876,222445,,br_misp_retired.all_branches,41681797,100.00,,
     9.518101568,29924117,,inst_retired.any,41049868,100.00,124.1,IpMispredict
     9.518101568,240080,,br_misp_retired.all_branches,41049868,100.00,,
     9.618291735,30021876,,inst_retired.any,40738726,100.00,124.5,IpMispredict
     9.618291735,253919,,br_misp_retired.all_branches,40738726,100.00,,
     9.718482958,30216923,,inst_retired.any,41660025,100.00,125.3,IpMispredict
     9.718482958,235438,,br_misp_retired.all_branches,41660025,100.00,,
     9.818670772,29934956,,inst_retired.any,41157492,100.00,124.2,IpMispredict
     9.818670772,232977,,br_misp_retired.all_branches,41157492,100.00,,
     9.918861972,30555681,,inst_retired.any,41627508,100.00,126.8,IpMispredict
     9.918861972,233945,,br_misp_retired.all_branches,41627508,100.00,,
    10.019052517,30677845,,inst_retired.any,41541788,100.00,127.3,IpMispredict
    10.019052517,249006,,br_misp_retired.all_branches,41541788,100.00,,
    10.119248013,30161144,,inst_retired.any,41611439,100.00,125.1,IpMispredict
    10.119248013,240950,,br_misp_retired.all_branches,41611439,100.00,,
    10.219437190,29807663,,inst_retired.any,40586777,100.00,123.6,IpMispredict
    10.219437190,251039,,br_misp_retired.all_branches,40586777,100.00,,
    10.319649389,30366482,,inst_retired.any,41725488,100.00,125.9,IpMispredict
    10.319649389,252084,,br_misp_retired.all_branches,41725488,100.00,,
    10.419839839,30248504,,inst_retired.any,41637054,100.00,125.3,IpMispredict
    10.419839839,253985,,br_misp_retired.all_branches,41637054,100.00,,
    10.520030822,29986099,,inst_retired.any,41560229,100.00,124.2,IpMispredict
    10.520030822,252895,,br_misp_retired.all_branches,41560229,100.00,,
    10.620218883,29868451,,inst_retired.any,40912889,100.00,123.7,IpMispredict
    10.620218883,239241,,br_misp_retired.all_branches,40912889,100.00,,
    10.720407668,30558565,,inst_retired.any,42370955,100.00,126.5,IpMispredict
    10.720407668,258424,,br_misp_retired.all_branches,42370955,100.00,,
    10.820599308,29967323,,inst_retired.any,40504553,100.00,124.1,IpMispredict
    10.820599308,217506,,br_misp_retired.all_branches,40504553,100.00,,
    10.920787093,29733214,,inst_retired.any,40687604,100.00,123.2,IpMispredict
    10.920787093,239736,,br_misp_retired.all_branches,40687604,100.00,,
    11.020994429,30344531,,inst_retired.any,42154783,100.00,125.7,IpMispredict
    11.020994429,241725,,br_misp_retired.all_branches,42154783,100.00,,
