# started on Tue May  2 15:29:32 2023

     0.100142275,60021847,,inst_retired.any,49574473,100.00,136.1,IpMispredict
     0.100142275,441022,,br_misp_retired.all_branches,49574473,100.00,,
     0.200404723,60012659,,inst_retired.any,49407238,100.00,137.3,IpMispredict
     0.200404723,432877,,br_misp_retired.all_branches,49407238,100.00,,
     0.300591867,60120741,,inst_retired.any,49541231,100.00,137.9,IpMispredict
     0.300591867,434344,,br_misp_retired.all_branches,49541231,100.00,,
     0.400783414,59756410,,inst_retired.any,49337220,100.00,137.4,IpMispredict
     0.400783414,431497,,br_misp_retired.all_branches,49337220,100.00,,
     0.500970072,60241321,,inst_retired.any,49580800,100.00,138.7,IpMispredict
     0.500970072,431340,,br_misp_retired.all_branches,49580800,100.00,,
     0.601160670,59599286,,inst_retired.any,49025663,100.00,137.6,IpMispredict
     0.601160670,426964,,br_misp_retired.all_branches,49025663,100.00,,
     0.701350222,60237370,,inst_retired.any,49534256,100.00,139.2,IpMispredict
     0.701350222,430986,,br_misp_retired.all_branches,49534256,100.00,,
     0.801537823,59934525,,inst_retired.any,49356701,100.00,138.5,IpMispredict
     0.801537823,432083,,br_misp_retired.all_branches,49356701,100.00,,
     0.901728704,59891090,,inst_retired.any,49314926,100.00,138.6,IpMispredict
     0.901728704,428791,,br_misp_retired.all_branches,49314926,100.00,,
     1.001914133,9315687,,inst_retired.any,7658609,100.00,23.5,IpMispredict
     1.001914133,66327,,br_misp_retired.all_branches,7658609,100.00,,
     1.102100355,76719826,,inst_retired.any,68088319,100.00,186.2,IpMispredict
     1.102100355,576486,,br_misp_retired.all_branches,68088319,100.00,,
     1.202288263,94453604,,inst_retired.any,77372395,100.00,217.6,IpMispredict
     1.202288263,676953,,br_misp_retired.all_branches,77372395,100.00,,
     1.302478095,60301467,,inst_retired.any,49306452,100.00,139.0,IpMispredict
     1.302478095,430565,,br_misp_retired.all_branches,49306452,100.00,,
     1.402664684,60292641,,inst_retired.any,49427078,100.00,139.1,IpMispredict
     1.402664684,429696,,br_misp_retired.all_branches,49427078,100.00,,
     1.502850450,8508304,,inst_retired.any,6936823,100.00,20.8,IpMispredict
     1.502850450,60616,,br_misp_retired.all_branches,6936823,100.00,,
     1.603036354,78568402,,inst_retired.any,68299266,100.00,187.0,IpMispredict
     1.603036354,591433,,br_misp_retired.all_branches,68299266,100.00,,
     1.703228983,95587804,,inst_retired.any,78746768,100.00,219.2,IpMispredict
     1.703228983,691497,,br_misp_retired.all_branches,78746768,100.00,,
     1.803418265,60190919,,inst_retired.any,49607969,100.00,138.0,IpMispredict
     1.803418265,438935,,br_misp_retired.all_branches,49607969,100.00,,
     1.903617451,6890581,,inst_retired.any,5669570,100.00,16.6,IpMispredict
     1.903617451,49556,,br_misp_retired.all_branches,5669570,100.00,,
     2.003806600,<not counted>,,inst_retired.any,0,100.00,,
     2.003806600,<not counted>,,br_misp_retired.all_branches,0,100.00,,
     2.103979086,79732303,,inst_retired.any,69565262,100.00,197.1,IpMispredict
     2.103979086,593543,,br_misp_retired.all_branches,69565262,100.00,,
     2.204170205,101220428,,inst_retired.any,82863894,100.00,241.4,IpMispredict
     2.204170205,729485,,br_misp_retired.all_branches,82863894,100.00,,
     2.304358086,100966366,,inst_retired.any,82763098,100.00,233.4,IpMispredict
     2.304358086,723661,,br_misp_retired.all_branches,82763098,100.00,,
     2.404547367,72280263,,inst_retired.any,59399501,100.00,165.7,IpMispredict
     2.404547367,517993,,br_misp_retired.all_branches,59399501,100.00,,
     2.504733559,60284913,,inst_retired.any,49459121,100.00,138.3,IpMispredict
     2.504733559,429566,,br_misp_retired.all_branches,49459121,100.00,,
     2.604922112,378255,,inst_retired.any,314170,100.00,0.9,IpMispredict
     2.604922112,2622,,br_misp_retired.all_branches,314170,100.00,,
     2.705106960,80370650,,inst_retired.any,70835080,100.00,188.7,IpMispredict
     2.705106960,603296,,br_misp_retired.all_branches,70835080,100.00,,
     2.805297176,99703035,,inst_retired.any,81909372,100.00,228.3,IpMispredict
     2.805297176,724886,,br_misp_retired.all_branches,81909372,100.00,,
     2.905505265,59435663,,inst_retired.any,48744972,100.00,136.2,IpMispredict
     2.905505265,430270,,br_misp_retired.all_branches,48744972,100.00,,
     3.005689089,<not counted>,,inst_retired.any,0,100.00,,
     3.005689089,<not counted>,,br_misp_retired.all_branches,0,100.00,,
     3.105860056,<not counted>,,inst_retired.any,0,100.00,,
     3.105860056,<not counted>,,br_misp_retired.all_branches,0,100.00,,
     3.206032892,81186165,,inst_retired.any,71049918,100.00,195.8,IpMispredict
     3.206032892,612476,,br_misp_retired.all_branches,71049918,100.00,,
     3.306222252,100709418,,inst_retired.any,82805471,100.00,237.4,IpMispredict
     3.306222252,726553,,br_misp_retired.all_branches,82805471,100.00,,
     3.406410924,100870537,,inst_retired.any,82926944,100.00,233.0,IpMispredict
     3.406410924,720743,,br_misp_retired.all_branches,82926944,100.00,,
     3.506599475,83284567,,inst_retired.any,68556933,100.00,190.3,IpMispredict
     3.506599475,600213,,br_misp_retired.all_branches,68556933,100.00,,
     3.606789467,2763626,,inst_retired.any,2277979,100.00,6.5,IpMispredict
     3.606789467,20056,,br_misp_retired.all_branches,2277979,100.00,,
     3.706976334,80347209,,inst_retired.any,71719502,100.00,186.5,IpMispredict
     3.706976334,604935,,br_misp_retired.all_branches,71719502,100.00,,
     3.807170499,99419226,,inst_retired.any,81899543,100.00,226.8,IpMispredict
     3.807170499,717767,,br_misp_retired.all_branches,81899543,100.00,,
     3.907359785,51924373,,inst_retired.any,42716084,100.00,118.9,IpMispredict
     3.907359785,374190,,br_misp_retired.all_branches,42716084,100.00,,
     4.007570847,<not counted>,,inst_retired.any,0,100.00,,
     4.007570847,<not counted>,,br_misp_retired.all_branches,0,100.00,,
     4.107743111,114638,,inst_retired.any,255868,100.00,0.3,IpMispredict
     4.107743111,2743,,br_misp_retired.all_branches,255868,100.00,,
     4.207935673,92088494,,inst_retired.any,82167678,100.00,218.2,IpMispredict
     4.207935673,688843,,br_misp_retired.all_branches,82167678,100.00,,
     4.308125653,100516890,,inst_retired.any,82673638,100.00,234.3,IpMispredict
     4.308125653,725024,,br_misp_retired.all_branches,82673638,100.00,,
     4.408315399,100739901,,inst_retired.any,82761370,100.00,231.2,IpMispredict
     4.408315399,721442,,br_misp_retired.all_branches,82761370,100.00,,
     4.508501430,60110024,,inst_retired.any,49297734,100.00,138.0,IpMispredict
     4.508501430,431436,,br_misp_retired.all_branches,49297734,100.00,,
     4.608689618,11301630,,inst_retired.any,13926468,100.00,26.4,IpMispredict
     4.608689618,102968,,br_misp_retired.all_branches,13926468,100.00,,
     4.708881124,101214525,,inst_retired.any,82772439,100.00,232.7,IpMispredict
     4.708881124,734931,,br_misp_retired.all_branches,82772439,100.00,,
     4.809070085,85579021,,inst_retired.any,70368557,100.00,195.0,IpMispredict
     4.809070085,620768,,br_misp_retired.all_branches,70368557,100.00,,
     4.909258808,34672490,,inst_retired.any,28441608,100.00,79.7,IpMispredict
     4.909258808,249385,,br_misp_retired.all_branches,28441608,100.00,,
     5.009443656,<not counted>,,inst_retired.any,0,100.00,,
     5.009443656,<not counted>,,br_misp_retired.all_branches,0,100.00,,
     5.109615744,22474543,,inst_retired.any,23951986,100.00,53.3,IpMispredict
     5.109615744,182903,,br_misp_retired.all_branches,23951986,100.00,,
     5.209804059,101219941,,inst_retired.any,82753912,100.00,236.8,IpMispredict
     5.209804059,728943,,br_misp_retired.all_branches,82753912,100.00,,
     5.309994932,100813982,,inst_retired.any,82659198,100.00,232.9,IpMispredict
     5.309994932,721711,,br_misp_retired.all_branches,82659198,100.00,,
     5.410185553,100568695,,inst_retired.any,82509772,100.00,229.5,IpMispredict
     5.410185553,720561,,br_misp_retired.all_branches,82509772,100.00,,
     5.510372201,31932839,,inst_retired.any,26252916,100.00,73.5,IpMispredict
     5.510372201,230412,,br_misp_retired.all_branches,26252916,100.00,,
     5.610576999,37534850,,inst_retired.any,35968114,100.00,86.9,IpMispredict
     5.610576999,288431,,br_misp_retired.all_branches,35968114,100.00,,
     5.710769839,100510268,,inst_retired.any,82818950,100.00,229.9,IpMispredict
     5.710769839,729899,,br_misp_retired.all_branches,82818950,100.00,,
     5.810960500,74776767,,inst_retired.any,61462441,100.00,170.4,IpMispredict
     5.810960500,541177,,br_misp_retired.all_branches,61462441,100.00,,
     5.911150076,18482384,,inst_retired.any,15248670,100.00,42.6,IpMispredict
     5.911150076,133509,,br_misp_retired.all_branches,15248670,100.00,,
     6.011335448,<not counted>,,inst_retired.any,0,100.00,,
     6.011335448,<not counted>,,br_misp_retired.all_branches,0,100.00,,
     6.111523946,49789814,,inst_retired.any,46743891,100.00,116.9,IpMispredict
     6.111523946,381462,,br_misp_retired.all_branches,46743891,100.00,,
     6.211717367,100988445,,inst_retired.any,82870894,100.00,234.5,IpMispredict
     6.211717367,727643,,br_misp_retired.all_branches,82870894,100.00,,
     6.311907598,101085336,,inst_retired.any,82845333,100.00,232.2,IpMispredict
     6.311907598,723370,,br_misp_retired.all_branches,82845333,100.00,,
     6.412098566,90688469,,inst_retired.any,74953373,100.00,206.8,IpMispredict
     6.412098566,650934,,br_misp_retired.all_branches,74953373,100.00,,
     6.512290363,59547099,,inst_retired.any,49063241,100.00,135.8,IpMispredict
     6.512290363,427858,,br_misp_retired.all_branches,49063241,100.00,,
     6.612478629,<not counted>,,inst_retired.any,0,100.00,,
     6.612478629,<not counted>,,br_misp_retired.all_branches,0,100.00,,
     6.712650731,76611514,,inst_retired.any,66852239,100.00,176.5,IpMispredict
     6.712650731,578956,,br_misp_retired.all_branches,66852239,100.00,,
     6.812838004,100657502,,inst_retired.any,82653491,100.00,229.6,IpMispredict
     6.812838004,729093,,br_misp_retired.all_branches,82653491,100.00,,
     6.913025147,62284273,,inst_retired.any,51332446,100.00,142.0,IpMispredict
     6.913025147,453967,,br_misp_retired.all_branches,51332446,100.00,,
     7.013213800,<not counted>,,inst_retired.any,0,100.00,,
     7.013213800,<not counted>,,br_misp_retired.all_branches,0,100.00,,
     7.113387664,<not counted>,,inst_retired.any,0,100.00,,
     7.113387664,<not counted>,,br_misp_retired.all_branches,0,100.00,,
     7.213558966,82744751,,inst_retired.any,72217636,100.00,192.9,IpMispredict
     7.213558966,616090,,br_misp_retired.all_branches,72217636,100.00,,
     7.313749745,100845886,,inst_retired.any,82836949,100.00,232.9,IpMispredict
     7.313749745,725883,,br_misp_retired.all_branches,82836949,100.00,,
     7.413942217,100876367,,inst_retired.any,82893933,100.00,230.9,IpMispredict
     7.413942217,723815,,br_misp_retired.all_branches,82893933,100.00,,
     7.514131899,79485982,,inst_retired.any,65363430,100.00,181.2,IpMispredict
     7.514131899,569323,,br_misp_retired.all_branches,65363430,100.00,,
     7.614318914,<not counted>,,inst_retired.any,0,100.00,,
     7.614318914,<not counted>,,br_misp_retired.all_branches,0,100.00,,
     7.714492201,86699456,,inst_retired.any,76610621,100.00,199.0,IpMispredict
     7.714492201,649603,,br_misp_retired.all_branches,76610621,100.00,,
     7.814682020,96378451,,inst_retired.any,79398637,100.00,219.5,IpMispredict
     7.814682020,699361,,br_misp_retired.all_branches,79398637,100.00,,
     7.914867781,46114742,,inst_retired.any,37965819,100.00,105.3,IpMispredict
     7.914867781,336006,,br_misp_retired.all_branches,37965819,100.00,,
     8.015050457,<not counted>,,inst_retired.any,0,100.00,,
     8.015050457,<not counted>,,br_misp_retired.all_branches,0,100.00,,
     8.115220213,4045954,,inst_retired.any,7267487,100.00,9.5,IpMispredict
     8.115220213,45396,,br_misp_retired.all_branches,7267487,100.00,,
     8.215421312,100140535,,inst_retired.any,82685329,100.00,232.3,IpMispredict
     8.215421312,726113,,br_misp_retired.all_branches,82685329,100.00,,
     8.315612911,100653568,,inst_retired.any,82691492,100.00,231.6,IpMispredict
     8.315612911,725419,,br_misp_retired.all_branches,82691492,100.00,,
     8.415829408,100569590,,inst_retired.any,82837616,100.00,229.5,IpMispredict
     8.415829408,722934,,br_misp_retired.all_branches,82837616,100.00,,
     8.516021410,70655439,,inst_retired.any,57898790,100.00,161.0,IpMispredict
     8.516021410,505489,,br_misp_retired.all_branches,57898790,100.00,,
     8.616211786,25238629,,inst_retired.any,20687165,100.00,57.9,IpMispredict
     8.616211786,181840,,br_misp_retired.all_branches,20687165,100.00,,
     8.716399347,34292225,,inst_retired.any,31707759,100.00,79.0,IpMispredict
     8.716399347,264136,,br_misp_retired.all_branches,31707759,100.00,,
     8.816589942,100930525,,inst_retired.any,82820922,100.00,230.8,IpMispredict
     8.816589942,731378,,br_misp_retired.all_branches,82820922,100.00,,
     8.916780078,84185863,,inst_retired.any,69336012,100.00,191.7,IpMispredict
     8.916780078,607494,,br_misp_retired.all_branches,69336012,100.00,,
     9.016970025,20833060,,inst_retired.any,17229050,100.00,47.8,IpMispredict
     9.016970025,149809,,br_misp_retired.all_branches,17229050,100.00,,
     9.117154776,<not counted>,,inst_retired.any,0,100.00,,
     9.117154776,<not counted>,,br_misp_retired.all_branches,0,100.00,,
     9.217326246,40080023,,inst_retired.any,37778553,100.00,93.2,IpMispredict
     9.217326246,314473,,br_misp_retired.all_branches,37778553,100.00,,
     9.317517201,100585251,,inst_retired.any,82769763,100.00,232.2,IpMispredict
     9.317517201,722420,,br_misp_retired.all_branches,82769763,100.00,,
     9.417706429,100362202,,inst_retired.any,82736316,100.00,230.1,IpMispredict
     9.417706429,722007,,br_misp_retired.all_branches,82736316,100.00,,
     9.517895395,100781860,,inst_retired.any,82854449,100.00,229.5,IpMispredict
     9.517895395,723839,,br_misp_retired.all_branches,82854449,100.00,,
     9.618082111,23566117,,inst_retired.any,19384679,100.00,54.0,IpMispredict
     9.618082111,168738,,br_misp_retired.all_branches,19384679,100.00,,
     9.718269662,43718693,,inst_retired.any,40554793,100.00,100.4,IpMispredict
     9.718269662,339233,,br_misp_retired.all_branches,40554793,100.00,,
     9.818459822,100110189,,inst_retired.any,82310926,100.00,228.4,IpMispredict
     9.818459822,723927,,br_misp_retired.all_branches,82310926,100.00,,
     9.918649033,73666255,,inst_retired.any,60413378,100.00,167.7,IpMispredict
     9.918649033,531219,,br_misp_retired.all_branches,60413378,100.00,,
    10.018837726,11053143,,inst_retired.any,9062894,100.00,25.4,IpMispredict
    10.018837726,79373,,br_misp_retired.all_branches,9062894,100.00,,
    10.119022303,<not counted>,,inst_retired.any,0,100.00,,
    10.119022303,<not counted>,,br_misp_retired.all_branches,0,100.00,,
    10.219193003,59485694,,inst_retired.any,54668256,100.00,137.8,IpMispredict
    10.219193003,448935,,br_misp_retired.all_branches,54668256,100.00,,
    10.319385044,100423534,,inst_retired.any,82637326,100.00,231.2,IpMispredict
    10.319385044,726462,,br_misp_retired.all_branches,82637326,100.00,,
    10.419573052,100597890,,inst_retired.any,82820622,100.00,230.1,IpMispredict
    10.419573052,720598,,br_misp_retired.all_branches,82820622,100.00,,
    10.519760208,89129329,,inst_retired.any,73050773,100.00,203.0,IpMispredict
    10.519760208,638240,,br_misp_retired.all_branches,73050773,100.00,,
    10.619947468,5408293,,inst_retired.any,4464902,100.00,12.4,IpMispredict
    10.619947468,38793,,br_misp_retired.all_branches,4464902,100.00,,
    10.720137177,76273903,,inst_retired.any,67100829,100.00,174.7,IpMispredict
    10.720137177,572852,,br_misp_retired.all_branches,67100829,100.00,,
    10.820330732,100544455,,inst_retired.any,82899452,100.00,228.9,IpMispredict
    10.820330732,724527,,br_misp_retired.all_branches,82899452,100.00,,
    10.920517407,56734706,,inst_retired.any,46801136,100.00,129.3,IpMispredict
    10.920517407,407582,,br_misp_retired.all_branches,46801136,100.00,,
    11.020703229,<not counted>,,inst_retired.any,0,100.00,,
    11.020703229,<not counted>,,br_misp_retired.all_branches,0,100.00,,
