# started on Tue May  2 15:29:05 2023

     0.100149034,1836636,,mem_load_uops_retired.l1_miss,74611411,100.00,20.5,L1MPKI
     0.100149034,89730992,,inst_retired.any,74611411,100.00,,
     0.200411295,1834378,,mem_load_uops_retired.l1_miss,73541251,100.00,20.5,L1MPKI
     0.200411295,89495036,,inst_retired.any,73541251,100.00,,
     0.300606829,1854889,,mem_load_uops_retired.l1_miss,74448405,100.00,20.6,L1MPKI
     0.300606829,90503515,,inst_retired.any,74448405,100.00,,
     0.400800378,1838265,,mem_load_uops_retired.l1_miss,73618241,100.00,20.5,L1MPKI
     0.400800378,89639889,,inst_retired.any,73618241,100.00,,
     0.500992820,1312375,,mem_load_uops_retired.l1_miss,52738476,100.00,15.5,L1MPKI
     0.500992820,64037132,,inst_retired.any,52738476,100.00,,
     0.601181940,<not counted>,,mem_load_uops_retired.l1_miss,0,100.00,,
     0.601181940,<not counted>,,inst_retired.any,0,100.00,,
     0.701354794,<not counted>,,mem_load_uops_retired.l1_miss,0,100.00,,
     0.701354794,<not counted>,,inst_retired.any,0,100.00,,
     0.801529546,281486,,mem_load_uops_retired.l1_miss,16888352,100.00,5.2,L1MPKI
     0.801529546,13491369,,inst_retired.any,16888352,100.00,,
     0.901724982,2118287,,mem_load_uops_retired.l1_miss,82950886,100.00,35.4,L1MPKI
     0.901724982,102079172,,inst_retired.any,82950886,100.00,,
     1.001919055,1352536,,mem_load_uops_retired.l1_miss,53940134,100.00,22.4,L1MPKI
     1.001919055,65901670,,inst_retired.any,53940134,100.00,,
     1.102115702,423178,,mem_load_uops_retired.l1_miss,21117355,100.00,7.4,L1MPKI
     1.102115702,20271760,,inst_retired.any,21117355,100.00,,
     1.202312368,2091756,,mem_load_uops_retired.l1_miss,82907388,100.00,34.5,L1MPKI
     1.202312368,101538045,,inst_retired.any,82907388,100.00,,
     1.302505736,2072198,,mem_load_uops_retired.l1_miss,82886686,100.00,32.6,L1MPKI
     1.302505736,100772671,,inst_retired.any,82886686,100.00,,
     1.402699348,2082387,,mem_load_uops_retired.l1_miss,83085666,100.00,31.4,L1MPKI
     1.402699348,101382771,,inst_retired.any,83085666,100.00,,
     1.502893685,2079697,,mem_load_uops_retired.l1_miss,83121003,100.00,30.3,L1MPKI
     1.502893685,101210669,,inst_retired.any,83121003,100.00,,
     1.603085684,1180105,,mem_load_uops_retired.l1_miss,47000167,100.00,17.4,L1MPKI
     1.603085684,57521431,,inst_retired.any,47000167,100.00,,
     1.703279739,<not counted>,,mem_load_uops_retired.l1_miss,0,100.00,,
     1.703279739,<not counted>,,inst_retired.any,0,100.00,,
     1.803480317,<not counted>,,mem_load_uops_retired.l1_miss,0,100.00,,
     1.803480317,<not counted>,,inst_retired.any,0,100.00,,
     1.903654187,444116,,mem_load_uops_retired.l1_miss,21512584,100.00,7.6,L1MPKI
     1.903654187,21347934,,inst_retired.any,21512584,100.00,,
     2.003850935,2080684,,mem_load_uops_retired.l1_miss,83067433,100.00,34.4,L1MPKI
     2.003850935,101067585,,inst_retired.any,83067433,100.00,,
     2.104042717,1130876,,mem_load_uops_retired.l1_miss,45316795,100.00,18.8,L1MPKI
     2.104042717,55179285,,inst_retired.any,45316795,100.00,,
     2.204234237,463288,,mem_load_uops_retired.l1_miss,23269180,100.00,7.9,L1MPKI
     2.204234237,22305404,,inst_retired.any,23269180,100.00,,
     2.304430442,2070407,,mem_load_uops_retired.l1_miss,83077214,100.00,34.3,L1MPKI
     2.304430442,101181525,,inst_retired.any,83077214,100.00,,
     2.404625029,2064336,,mem_load_uops_retired.l1_miss,83139620,100.00,33.3,L1MPKI
     2.404625029,101102327,,inst_retired.any,83139620,100.00,,
     2.504820746,2066761,,mem_load_uops_retired.l1_miss,82980102,100.00,32.5,L1MPKI
     2.504820746,100806163,,inst_retired.any,82980102,100.00,,
     2.605012413,2067425,,mem_load_uops_retired.l1_miss,83088916,100.00,31.8,L1MPKI
     2.605012413,101050234,,inst_retired.any,83088916,100.00,,
     2.705202921,973440,,mem_load_uops_retired.l1_miss,39217949,100.00,15.1,L1MPKI
     2.705202921,47684167,,inst_retired.any,39217949,100.00,,
     2.805393393,<not counted>,,mem_load_uops_retired.l1_miss,0,100.00,,
     2.805393393,<not counted>,,inst_retired.any,0,100.00,,
     2.905566339,<not counted>,,mem_load_uops_retired.l1_miss,0,100.00,,
     2.905566339,<not counted>,,inst_retired.any,0,100.00,,
     3.005762788,647639,,mem_load_uops_retired.l1_miss,29888340,100.00,11.0,L1MPKI
     3.005762788,31449769,,inst_retired.any,29888340,100.00,,
     3.105958155,2069256,,mem_load_uops_retired.l1_miss,83146364,100.00,34.3,L1MPKI
     3.105958155,100950407,,inst_retired.any,83146364,100.00,,
     3.206152342,983245,,mem_load_uops_retired.l1_miss,39360004,100.00,16.4,L1MPKI
     3.206152342,47917249,,inst_retired.any,39360004,100.00,,
     3.306343013,654082,,mem_load_uops_retired.l1_miss,29967228,100.00,11.1,L1MPKI
     3.306343013,31404417,,inst_retired.any,29967228,100.00,,
     3.406540662,2081554,,mem_load_uops_retired.l1_miss,82971329,100.00,34.5,L1MPKI
     3.406540662,101293304,,inst_retired.any,82971329,100.00,,
     3.506739529,2078781,,mem_load_uops_retired.l1_miss,83000752,100.00,33.8,L1MPKI
     3.506739529,100887558,,inst_retired.any,83000752,100.00,,
     3.606934381,2080848,,mem_load_uops_retired.l1_miss,83198305,100.00,33.2,L1MPKI
     3.606934381,101635223,,inst_retired.any,83198305,100.00,,
     3.707132390,2073028,,mem_load_uops_retired.l1_miss,83079270,100.00,32.6,L1MPKI
     3.707132390,100963598,,inst_retired.any,83079270,100.00,,
     3.807327816,752926,,mem_load_uops_retired.l1_miss,30084274,100.00,12.0,L1MPKI
     3.807327816,36665240,,inst_retired.any,30084274,100.00,,
     3.907518232,<not counted>,,mem_load_uops_retired.l1_miss,0,100.00,,
     3.907518232,<not counted>,,inst_retired.any,0,100.00,,
     4.007693283,<not counted>,,mem_load_uops_retired.l1_miss,0,100.00,,
     4.007693283,<not counted>,,inst_retired.any,0,100.00,,
     4.107868367,847099,,mem_load_uops_retired.l1_miss,38105696,100.00,14.3,L1MPKI
     4.107868367,40739376,,inst_retired.any,38105696,100.00,,
     4.208064525,2075853,,mem_load_uops_retired.l1_miss,83174434,100.00,34.4,L1MPKI
     4.208064525,101032152,,inst_retired.any,83174434,100.00,,
     4.308256228,770536,,mem_load_uops_retired.l1_miss,30810849,100.00,12.9,L1MPKI
     4.308256228,37522415,,inst_retired.any,30810849,100.00,,
     4.408448437,847931,,mem_load_uops_retired.l1_miss,38226919,100.00,14.3,L1MPKI
     4.408448437,41374542,,inst_retired.any,38226919,100.00,,
     4.508642033,2072644,,mem_load_uops_retired.l1_miss,83127893,100.00,34.4,L1MPKI
     4.508642033,100926004,,inst_retired.any,83127893,100.00,,
     4.608838895,2067456,,mem_load_uops_retired.l1_miss,83024838,100.00,33.8,L1MPKI
     4.608838895,100913127,,inst_retired.any,83024838,100.00,,
     4.709038524,2060844,,mem_load_uops_retired.l1_miss,83223024,100.00,33.2,L1MPKI
     4.709038524,100694096,,inst_retired.any,83223024,100.00,,
     4.809232627,2069182,,mem_load_uops_retired.l1_miss,83080525,100.00,32.9,L1MPKI
     4.809232627,100916982,,inst_retired.any,83080525,100.00,,
     4.909426607,670303,,mem_load_uops_retired.l1_miss,26880868,100.00,10.8,L1MPKI
     4.909426607,32750332,,inst_retired.any,26880868,100.00,,
     5.009615576,<not counted>,,mem_load_uops_retired.l1_miss,0,100.00,,
     5.009615576,<not counted>,,inst_retired.any,0,100.00,,
     5.109790715,<not counted>,,mem_load_uops_retired.l1_miss,0,100.00,,
     5.109790715,<not counted>,,inst_retired.any,0,100.00,,
     5.209966284,875002,,mem_load_uops_retired.l1_miss,40041523,100.00,14.7,L1MPKI
     5.209966284,42135793,,inst_retired.any,40041523,100.00,,
     5.310162422,2071765,,mem_load_uops_retired.l1_miss,82941446,100.00,34.4,L1MPKI
     5.310162422,101124680,,inst_retired.any,82941446,100.00,,
     5.410354631,599808,,mem_load_uops_retired.l1_miss,24028209,100.00,10.1,L1MPKI
     5.410354631,29267262,,inst_retired.any,24028209,100.00,,
     5.510547486,979655,,mem_load_uops_retired.l1_miss,43228815,100.00,16.5,L1MPKI
     5.510547486,47344581,,inst_retired.any,43228815,100.00,,
     5.610742571,2072991,,mem_load_uops_retired.l1_miss,83242530,100.00,34.4,L1MPKI
     5.610742571,100875409,,inst_retired.any,83242530,100.00,,
     5.710939340,2073820,,mem_load_uops_retired.l1_miss,83142210,100.00,34.1,L1MPKI
     5.710939340,100817830,,inst_retired.any,83142210,100.00,,
     5.811156621,2082998,,mem_load_uops_retired.l1_miss,83140132,100.00,33.8,L1MPKI
     5.811156621,101259333,,inst_retired.any,83140132,100.00,,
     5.911358097,2080293,,mem_load_uops_retired.l1_miss,83200938,100.00,33.4,L1MPKI
     5.911358097,101028731,,inst_retired.any,83200938,100.00,,
     6.011564658,578366,,mem_load_uops_retired.l1_miss,22959875,100.00,9.4,L1MPKI
     6.011564658,28047537,,inst_retired.any,22959875,100.00,,
     6.111756646,<not counted>,,mem_load_uops_retired.l1_miss,0,100.00,,
     6.111756646,<not counted>,,inst_retired.any,0,100.00,,
     6.211931904,<not counted>,,mem_load_uops_retired.l1_miss,0,100.00,,
     6.211931904,<not counted>,,inst_retired.any,0,100.00,,
     6.312108566,1051640,,mem_load_uops_retired.l1_miss,46793796,100.00,17.7,L1MPKI
     6.312108566,51164582,,inst_retired.any,46793796,100.00,,
     6.412303187,2062191,,mem_load_uops_retired.l1_miss,82968029,100.00,34.2,L1MPKI
     6.412303187,101068552,,inst_retired.any,82968029,100.00,,
     6.512496199,487867,,mem_load_uops_retired.l1_miss,19608782,100.00,8.2,L1MPKI
     6.512496199,23999970,,inst_retired.any,19608782,100.00,,
     6.612688820,1115993,,mem_load_uops_retired.l1_miss,48687827,100.00,18.7,L1MPKI
     6.612688820,54011018,,inst_retired.any,48687827,100.00,,
     6.712883755,2072246,,mem_load_uops_retired.l1_miss,83193096,100.00,34.4,L1MPKI
     6.712883755,101093344,,inst_retired.any,83193096,100.00,,
     6.813084601,2068757,,mem_load_uops_retired.l1_miss,83236599,100.00,34.0,L1MPKI
     6.813084601,100855588,,inst_retired.any,83236599,100.00,,
     6.913285583,2084568,,mem_load_uops_retired.l1_miss,83285556,100.00,34.0,L1MPKI
     6.913285583,101365626,,inst_retired.any,83285556,100.00,,
     7.013481343,2077481,,mem_load_uops_retired.l1_miss,83160920,100.00,33.5,L1MPKI
     7.013481343,100959206,,inst_retired.any,83160920,100.00,,
     7.113674087,394448,,mem_load_uops_retired.l1_miss,15808792,100.00,6.4,L1MPKI
     7.113674087,19233404,,inst_retired.any,15808792,100.00,,
     7.213863317,<not counted>,,mem_load_uops_retired.l1_miss,0,100.00,,
     7.213863317,<not counted>,,inst_retired.any,0,100.00,,
     7.314037691,<not counted>,,mem_load_uops_retired.l1_miss,0,100.00,,
     7.314037691,<not counted>,,inst_retired.any,0,100.00,,
     7.414213589,1191878,,mem_load_uops_retired.l1_miss,52850968,100.00,20.0,L1MPKI
     7.414213589,57840199,,inst_retired.any,52850968,100.00,,
     7.514410130,2065062,,mem_load_uops_retired.l1_miss,83149324,100.00,34.3,L1MPKI
     7.514410130,100715337,,inst_retired.any,83149324,100.00,,
     7.614603735,356435,,mem_load_uops_retired.l1_miss,14269215,100.00,6.0,L1MPKI
     7.614603735,17424566,,inst_retired.any,14269215,100.00,,
     7.714793706,1214238,,mem_load_uops_retired.l1_miss,53180052,100.00,20.4,L1MPKI
     7.714793706,58929158,,inst_retired.any,53180052,100.00,,
     7.814989904,2079846,,mem_load_uops_retired.l1_miss,83163241,100.00,34.6,L1MPKI
     7.814989904,101074224,,inst_retired.any,83163241,100.00,,
     7.915186200,2081473,,mem_load_uops_retired.l1_miss,83048882,100.00,34.3,L1MPKI
     7.915186200,101174720,,inst_retired.any,83048882,100.00,,
     8.015380856,2082619,,mem_load_uops_retired.l1_miss,83140254,100.00,34.0,L1MPKI
     8.015380856,101089008,,inst_retired.any,83140254,100.00,,
     8.115591187,2087389,,mem_load_uops_retired.l1_miss,83328812,100.00,33.9,L1MPKI
     8.115591187,101516407,,inst_retired.any,83328812,100.00,,
     8.215785924,182815,,mem_load_uops_retired.l1_miss,7299884,100.00,3.0,L1MPKI
     8.215785924,8896679,,inst_retired.any,7299884,100.00,,
     8.315978114,<not counted>,,mem_load_uops_retired.l1_miss,0,100.00,,
     8.315978114,<not counted>,,inst_retired.any,0,100.00,,
     8.416151319,<not counted>,,mem_load_uops_retired.l1_miss,0,100.00,,
     8.416151319,<not counted>,,inst_retired.any,0,100.00,,
     8.516328542,1395861,,mem_load_uops_retired.l1_miss,60910662,100.00,23.4,L1MPKI
     8.516328542,67974711,,inst_retired.any,60910662,100.00,,
     8.616525768,2068485,,mem_load_uops_retired.l1_miss,82970772,100.00,34.4,L1MPKI
     8.616525768,101150803,,inst_retired.any,82970772,100.00,,
     8.716739571,221043,,mem_load_uops_retired.l1_miss,8843739,100.00,3.7,L1MPKI
     8.716739571,10819296,,inst_retired.any,8843739,100.00,,
     8.816932704,1398982,,mem_load_uops_retired.l1_miss,60959444,100.00,23.4,L1MPKI
     8.816932704,67540460,,inst_retired.any,60959444,100.00,,
     8.917127859,2066060,,mem_load_uops_retired.l1_miss,83154132,100.00,34.4,L1MPKI
     8.917127859,100966114,,inst_retired.any,83154132,100.00,,
     9.017323676,2074090,,mem_load_uops_retired.l1_miss,83162867,100.00,34.2,L1MPKI
     9.017323676,101276720,,inst_retired.any,83162867,100.00,,
     9.117516359,2071562,,mem_load_uops_retired.l1_miss,83165236,100.00,33.9,L1MPKI
     9.117516359,101239776,,inst_retired.any,83165236,100.00,,
     9.217709991,2072900,,mem_load_uops_retired.l1_miss,83060309,100.00,33.7,L1MPKI
     9.217709991,101315210,,inst_retired.any,83060309,100.00,,
     9.317901942,56002,,mem_load_uops_retired.l1_miss,2282464,100.00,0.9,L1MPKI
     9.317901942,2789618,,inst_retired.any,2282464,100.00,,
     9.418093283,<not counted>,,mem_load_uops_retired.l1_miss,0,100.00,,
     9.418093283,<not counted>,,inst_retired.any,0,100.00,,
     9.518264643,<not counted>,,mem_load_uops_retired.l1_miss,0,100.00,,
     9.518264643,<not counted>,,inst_retired.any,0,100.00,,
     9.618440992,1537451,,mem_load_uops_retired.l1_miss,66181370,100.00,25.7,L1MPKI
     9.618440992,75089099,,inst_retired.any,66181370,100.00,,
     9.718636561,2067124,,mem_load_uops_retired.l1_miss,83277984,100.00,34.4,L1MPKI
     9.718636561,100774659,,inst_retired.any,83277984,100.00,,
     9.818829488,26446,,mem_load_uops_retired.l1_miss,1108463,100.00,0.4,L1MPKI
     9.818829488,1332143,,inst_retired.any,1108463,100.00,,
     9.919021652,1590992,,mem_load_uops_retired.l1_miss,67236233,100.00,26.6,L1MPKI
     9.919021652,77009826,,inst_retired.any,67236233,100.00,,
    10.019217504,2071097,,mem_load_uops_retired.l1_miss,83098669,100.00,34.4,L1MPKI
    10.019217504,101082148,,inst_retired.any,83098669,100.00,,
    10.119410136,2051607,,mem_load_uops_retired.l1_miss,82830280,100.00,33.9,L1MPKI
    10.119410136,100103672,,inst_retired.any,82830280,100.00,,
    10.219630187,2072596,,mem_load_uops_retired.l1_miss,83195201,100.00,34.0,L1MPKI
    10.219630187,101026626,,inst_retired.any,83195201,100.00,,
    10.319825452,1929938,,mem_load_uops_retired.l1_miss,77285433,100.00,31.5,L1MPKI
    10.319825452,94121829,,inst_retired.any,77285433,100.00,,
    10.420015966,<not counted>,,mem_load_uops_retired.l1_miss,0,100.00,,
    10.420015966,<not counted>,,inst_retired.any,0,100.00,,
    10.520187512,<not counted>,,mem_load_uops_retired.l1_miss,0,100.00,,
    10.520187512,<not counted>,,inst_retired.any,0,100.00,,
    10.620361324,<not counted>,,mem_load_uops_retired.l1_miss,0,100.00,,
    10.620361324,<not counted>,,inst_retired.any,0,100.00,,
    10.720536061,1787297,,mem_load_uops_retired.l1_miss,75116776,100.00,29.9,L1MPKI
    10.720536061,86303686,,inst_retired.any,75116776,100.00,,
    10.820728536,1956404,,mem_load_uops_retired.l1_miss,78929313,100.00,32.5,L1MPKI
    10.820728536,95815425,,inst_retired.any,78929313,100.00,,
    10.920918600,<not counted>,,mem_load_uops_retired.l1_miss,0,100.00,,
    10.920918600,<not counted>,,inst_retired.any,0,100.00,,
    11.021096229,1763435,,mem_load_uops_retired.l1_miss,74716325,100.00,29.5,L1MPKI
    11.021096229,85665643,,inst_retired.any,74716325,100.00,,
