# started on Tue May  2 15:45:42 2023

     0.100170680,2763424,,offcore_response.all_requests.llc_hit.any_response,41869339,100.00,,
     0.100170680,546,,offcore_response.all_requests.llc_miss.any_response,41869339,100.00,,
     0.200390671,2661307,,offcore_response.all_requests.llc_hit.any_response,41624839,100.00,,
     0.200390671,665,,offcore_response.all_requests.llc_miss.any_response,41624839,100.00,,
     0.300575837,2790529,,offcore_response.all_requests.llc_hit.any_response,41789805,100.00,,
     0.300575837,500,,offcore_response.all_requests.llc_miss.any_response,41789805,100.00,,
     0.400764360,2715596,,offcore_response.all_requests.llc_hit.any_response,40467834,100.00,,
     0.400764360,503,,offcore_response.all_requests.llc_miss.any_response,40487555,100.00,,
     0.500952877,2755645,,offcore_response.all_requests.llc_hit.any_response,42150463,100.00,,
     0.500952877,657,,offcore_response.all_requests.llc_miss.any_response,42130742,100.00,,
     0.601138725,2839600,,offcore_response.all_requests.llc_hit.any_response,42552900,100.00,,
     0.601138725,651,,offcore_response.all_requests.llc_miss.any_response,42568273,100.00,,
     0.701326974,2770751,,offcore_response.all_requests.llc_hit.any_response,42076172,100.00,,
     0.701326974,445,,offcore_response.all_requests.llc_miss.any_response,42080833,100.00,,
     0.801516735,2653436,,offcore_response.all_requests.llc_hit.any_response,41101957,100.00,,
     0.801516735,671,,offcore_response.all_requests.llc_miss.any_response,41081923,100.00,,
     0.901699950,2717539,,offcore_response.all_requests.llc_hit.any_response,41479546,100.00,,
     0.901699950,565,,offcore_response.all_requests.llc_miss.any_response,41499570,100.00,,
     1.001895493,2687949,,offcore_response.all_requests.llc_hit.any_response,41096790,100.00,,
     1.001895493,462,,offcore_response.all_requests.llc_miss.any_response,41076766,100.00,,
     1.102084398,2735221,,offcore_response.all_requests.llc_hit.any_response,41195131,100.00,,
     1.102084398,543,,offcore_response.all_requests.llc_miss.any_response,41214879,100.00,,
     1.202272922,2733437,,offcore_response.all_requests.llc_hit.any_response,41647135,100.00,,
     1.202272922,611,,offcore_response.all_requests.llc_miss.any_response,41627387,100.00,,
     1.302456344,2790887,,offcore_response.all_requests.llc_hit.any_response,41788437,100.00,,
     1.302456344,683,,offcore_response.all_requests.llc_miss.any_response,41788437,100.00,,
     1.402641831,2811177,,offcore_response.all_requests.llc_hit.any_response,41740913,100.00,,
     1.402641831,433,,offcore_response.all_requests.llc_miss.any_response,41740913,100.00,,
     1.502825714,2747795,,offcore_response.all_requests.llc_hit.any_response,41911287,100.00,,
     1.502825714,458,,offcore_response.all_requests.llc_miss.any_response,41931752,100.00,,
     1.603017655,2924374,,offcore_response.all_requests.llc_hit.any_response,41941792,100.00,,
     1.603017655,626,,offcore_response.all_requests.llc_miss.any_response,41921327,100.00,,
     1.703202354,2804605,,offcore_response.all_requests.llc_hit.any_response,41740920,100.00,,
     1.703202354,376,,offcore_response.all_requests.llc_miss.any_response,41740920,100.00,,
     1.803386527,2909305,,offcore_response.all_requests.llc_hit.any_response,41871440,100.00,,
     1.803386527,726,,offcore_response.all_requests.llc_miss.any_response,41891116,100.00,,
     1.903575924,2722859,,offcore_response.all_requests.llc_hit.any_response,41399340,100.00,,
     1.903575924,805,,offcore_response.all_requests.llc_miss.any_response,41379664,100.00,,
     2.003765317,2774370,,offcore_response.all_requests.llc_hit.any_response,41841224,100.00,,
     2.003765317,547,,offcore_response.all_requests.llc_miss.any_response,41841224,100.00,,
     2.103948811,2968295,,offcore_response.all_requests.llc_hit.any_response,42957433,100.00,,
     2.103948811,378,,offcore_response.all_requests.llc_miss.any_response,42977305,100.00,,
     2.204140299,2870212,,offcore_response.all_requests.llc_hit.any_response,42685971,100.00,,
     2.204140299,478,,offcore_response.all_requests.llc_miss.any_response,42666099,100.00,,
     2.304352955,2791658,,offcore_response.all_requests.llc_hit.any_response,41434677,100.00,,
     2.304352955,524,,offcore_response.all_requests.llc_miss.any_response,41434677,100.00,,
     2.404538295,2767674,,offcore_response.all_requests.llc_hit.any_response,41689745,100.00,,
     2.404538295,695,,offcore_response.all_requests.llc_miss.any_response,41709892,100.00,,
     2.504730625,2701962,,offcore_response.all_requests.llc_hit.any_response,40882939,100.00,,
     2.504730625,458,,offcore_response.all_requests.llc_miss.any_response,40862792,100.00,,
     2.604914632,2689279,,offcore_response.all_requests.llc_hit.any_response,41519964,100.00,,
     2.604914632,395,,offcore_response.all_requests.llc_miss.any_response,41540105,100.00,,
     2.705104055,2690111,,offcore_response.all_requests.llc_hit.any_response,42193694,100.00,,
     2.705104055,407,,offcore_response.all_requests.llc_miss.any_response,42173553,100.00,,
     2.805289434,2754347,,offcore_response.all_requests.llc_hit.any_response,41899662,100.00,,
     2.805289434,477,,offcore_response.all_requests.llc_miss.any_response,41899662,100.00,,
     2.905475445,2810296,,offcore_response.all_requests.llc_hit.any_response,41785173,100.00,,
     2.905475445,686,,offcore_response.all_requests.llc_miss.any_response,41805647,100.00,,
     3.005667244,2767248,,offcore_response.all_requests.llc_hit.any_response,41568196,100.00,,
     3.005667244,474,,offcore_response.all_requests.llc_miss.any_response,41547722,100.00,,
     3.105851514,2883859,,offcore_response.all_requests.llc_hit.any_response,42386843,100.00,,
     3.105851514,322,,offcore_response.all_requests.llc_miss.any_response,42386843,100.00,,
     3.206035631,2765555,,offcore_response.all_requests.llc_hit.any_response,41457810,100.00,,
     3.206035631,513,,offcore_response.all_requests.llc_miss.any_response,41457810,100.00,,
     3.306220714,2734142,,offcore_response.all_requests.llc_hit.any_response,41530372,100.00,,
     3.306220714,513,,offcore_response.all_requests.llc_miss.any_response,41550290,100.00,,
     3.406412903,2673407,,offcore_response.all_requests.llc_hit.any_response,40873013,100.00,,
     3.406412903,567,,offcore_response.all_requests.llc_miss.any_response,40873221,100.00,,
     3.506603401,2794115,,offcore_response.all_requests.llc_hit.any_response,41804545,100.00,,
     3.506603401,472,,offcore_response.all_requests.llc_miss.any_response,41784419,100.00,,
     3.606788567,2653047,,offcore_response.all_requests.llc_hit.any_response,41418870,100.00,,
     3.606788567,343,,offcore_response.all_requests.llc_miss.any_response,41418870,100.00,,
     3.706973119,2652969,,offcore_response.all_requests.llc_hit.any_response,41318577,100.00,,
     3.706973119,538,,offcore_response.all_requests.llc_miss.any_response,41338784,100.00,,
     3.807166597,2591017,,offcore_response.all_requests.llc_hit.any_response,40649027,100.00,,
     3.807166597,538,,offcore_response.all_requests.llc_miss.any_response,40649481,100.00,,
     3.907357423,2790330,,offcore_response.all_requests.llc_hit.any_response,42928807,100.00,,
     3.907357423,520,,offcore_response.all_requests.llc_miss.any_response,42916489,100.00,,
     4.007547153,2887142,,offcore_response.all_requests.llc_hit.any_response,42529569,100.00,,
     4.007547153,446,,offcore_response.all_requests.llc_miss.any_response,42540971,100.00,,
     4.107738887,2742563,,offcore_response.all_requests.llc_hit.any_response,41078315,100.00,,
     4.107738887,453,,offcore_response.all_requests.llc_miss.any_response,41058570,100.00,,
     4.207925120,2852235,,offcore_response.all_requests.llc_hit.any_response,42111211,100.00,,
     4.207925120,448,,offcore_response.all_requests.llc_miss.any_response,42111211,100.00,,
     4.308116878,2734126,,offcore_response.all_requests.llc_hit.any_response,41529448,100.00,,
     4.308116878,351,,offcore_response.all_requests.llc_miss.any_response,41549485,100.00,,
     4.408315989,2810977,,offcore_response.all_requests.llc_hit.any_response,42081259,100.00,,
     4.408315989,392,,offcore_response.all_requests.llc_miss.any_response,42078873,100.00,,
     4.508522071,2832407,,offcore_response.all_requests.llc_hit.any_response,41867217,100.00,,
     4.508522071,450,,offcore_response.all_requests.llc_miss.any_response,41870883,100.00,,
     4.608715967,2793733,,offcore_response.all_requests.llc_hit.any_response,41645111,100.00,,
     4.608715967,534,,offcore_response.all_requests.llc_miss.any_response,41623794,100.00,,
     4.708900591,2813292,,offcore_response.all_requests.llc_hit.any_response,41673975,100.00,,
     4.708900591,647,,offcore_response.all_requests.llc_miss.any_response,41694189,100.00,,
     4.809090823,2805252,,offcore_response.all_requests.llc_hit.any_response,42449741,100.00,,
     4.809090823,396,,offcore_response.all_requests.llc_miss.any_response,42449285,100.00,,
     4.909280105,2705763,,offcore_response.all_requests.llc_hit.any_response,41400067,100.00,,
     4.909280105,416,,offcore_response.all_requests.llc_miss.any_response,41380309,100.00,,
     5.009466223,2874390,,offcore_response.all_requests.llc_hit.any_response,41964316,100.00,,
     5.009466223,525,,offcore_response.all_requests.llc_miss.any_response,41964316,100.00,,
     5.109652087,2694992,,offcore_response.all_requests.llc_hit.any_response,41166438,100.00,,
     5.109652087,310,,offcore_response.all_requests.llc_miss.any_response,41166438,100.00,,
     5.209836869,2784954,,offcore_response.all_requests.llc_hit.any_response,42176800,100.00,,
     5.209836869,353,,offcore_response.all_requests.llc_miss.any_response,42176800,100.00,,
     5.310021034,2780247,,offcore_response.all_requests.llc_hit.any_response,42080564,100.00,,
     5.310021034,308,,offcore_response.all_requests.llc_miss.any_response,42080564,100.00,,
     5.410205899,2795360,,offcore_response.all_requests.llc_hit.any_response,41263499,100.00,,
     5.410205899,731,,offcore_response.all_requests.llc_miss.any_response,41263499,100.00,,
     5.510390192,2824623,,offcore_response.all_requests.llc_hit.any_response,42418467,100.00,,
     5.510390192,620,,offcore_response.all_requests.llc_miss.any_response,42427851,100.00,,
     5.610580441,2733195,,offcore_response.all_requests.llc_hit.any_response,41498183,100.00,,
     5.610580441,460,,offcore_response.all_requests.llc_miss.any_response,41488799,100.00,,
     5.710763923,2771210,,offcore_response.all_requests.llc_hit.any_response,41654914,100.00,,
     5.710763923,586,,offcore_response.all_requests.llc_miss.any_response,41654914,100.00,,
     5.810947632,2704342,,offcore_response.all_requests.llc_hit.any_response,41808151,100.00,,
     5.810947632,592,,offcore_response.all_requests.llc_miss.any_response,41808151,100.00,,
     5.911133490,2728388,,offcore_response.all_requests.llc_hit.any_response,41739447,100.00,,
     5.911133490,461,,offcore_response.all_requests.llc_miss.any_response,41739447,100.00,,
     6.011279361,2926502,,offcore_response.all_requests.llc_hit.any_response,42091720,100.00,,
     6.011279361,531,,offcore_response.all_requests.llc_miss.any_response,42091720,100.00,,
     6.111467668,2919814,,offcore_response.all_requests.llc_hit.any_response,42700121,100.00,,
     6.111467668,623,,offcore_response.all_requests.llc_miss.any_response,42700121,100.00,,
     6.211658407,2738485,,offcore_response.all_requests.llc_hit.any_response,41442921,100.00,,
     6.211658407,522,,offcore_response.all_requests.llc_miss.any_response,41462919,100.00,,
     6.311879998,2702384,,offcore_response.all_requests.llc_hit.any_response,41488197,100.00,,
     6.311879998,690,,offcore_response.all_requests.llc_miss.any_response,41468199,100.00,,
     6.412063393,2834126,,offcore_response.all_requests.llc_hit.any_response,41409005,100.00,,
     6.412063393,452,,offcore_response.all_requests.llc_miss.any_response,41409005,100.00,,
     6.512224437,2703737,,offcore_response.all_requests.llc_hit.any_response,41724146,100.00,,
     6.512224437,698,,offcore_response.all_requests.llc_miss.any_response,41724146,100.00,,
     6.612410621,2789698,,offcore_response.all_requests.llc_hit.any_response,42374437,100.00,,
     6.612410621,313,,offcore_response.all_requests.llc_miss.any_response,42394495,100.00,,
     6.712623568,2750103,,offcore_response.all_requests.llc_hit.any_response,41805790,100.00,,
     6.712623568,648,,offcore_response.all_requests.llc_miss.any_response,41794733,100.00,,
     6.812809596,2816863,,offcore_response.all_requests.llc_hit.any_response,42068959,100.00,,
     6.812809596,709,,offcore_response.all_requests.llc_miss.any_response,42059958,100.00,,
     6.912996109,2842947,,offcore_response.all_requests.llc_hit.any_response,42337905,100.00,,
     6.912996109,614,,offcore_response.all_requests.llc_miss.any_response,42337905,100.00,,
     7.013177165,2727356,,offcore_response.all_requests.llc_hit.any_response,41456633,100.00,,
     7.013177165,429,,offcore_response.all_requests.llc_miss.any_response,41476146,100.00,,
     7.113366091,2715898,,offcore_response.all_requests.llc_hit.any_response,41960819,100.00,,
     7.113366091,521,,offcore_response.all_requests.llc_miss.any_response,41941306,100.00,,
     7.213550658,2836728,,offcore_response.all_requests.llc_hit.any_response,42099099,100.00,,
     7.213550658,394,,offcore_response.all_requests.llc_miss.any_response,42105729,100.00,,
     7.313748370,2973117,,offcore_response.all_requests.llc_hit.any_response,42405548,100.00,,
     7.313748370,504,,offcore_response.all_requests.llc_miss.any_response,42398918,100.00,,
     7.413932961,2780727,,offcore_response.all_requests.llc_hit.any_response,41258495,100.00,,
     7.413932961,549,,offcore_response.all_requests.llc_miss.any_response,41278421,100.00,,
     7.514117713,2795581,,offcore_response.all_requests.llc_hit.any_response,42358051,100.00,,
     7.514117713,577,,offcore_response.all_requests.llc_miss.any_response,42357981,100.00,,
     7.614307911,2788506,,offcore_response.all_requests.llc_hit.any_response,42094289,100.00,,
     7.614307911,369,,offcore_response.all_requests.llc_miss.any_response,42074433,100.00,,
     7.714500391,2843402,,offcore_response.all_requests.llc_hit.any_response,41791972,100.00,,
     7.714500391,528,,offcore_response.all_requests.llc_miss.any_response,41809379,100.00,,
     7.814696091,2879588,,offcore_response.all_requests.llc_hit.any_response,41955255,100.00,,
     7.814696091,482,,offcore_response.all_requests.llc_miss.any_response,41937848,100.00,,
     7.914880776,2752183,,offcore_response.all_requests.llc_hit.any_response,41854975,100.00,,
     7.914880776,530,,offcore_response.all_requests.llc_miss.any_response,41854975,100.00,,
     8.015060119,2833306,,offcore_response.all_requests.llc_hit.any_response,41724087,100.00,,
     8.015060119,439,,offcore_response.all_requests.llc_miss.any_response,41724087,100.00,,
     8.115244961,2820115,,offcore_response.all_requests.llc_hit.any_response,42086641,100.00,,
     8.115244961,464,,offcore_response.all_requests.llc_miss.any_response,42106449,100.00,,
     8.215438005,2806312,,offcore_response.all_requests.llc_hit.any_response,41692879,100.00,,
     8.215438005,465,,offcore_response.all_requests.llc_miss.any_response,41673071,100.00,,
     8.315621888,2869351,,offcore_response.all_requests.llc_hit.any_response,41802518,100.00,,
     8.315621888,383,,offcore_response.all_requests.llc_miss.any_response,41802518,100.00,,
     8.415806827,2684050,,offcore_response.all_requests.llc_hit.any_response,41179070,100.00,,
     8.415806827,611,,offcore_response.all_requests.llc_miss.any_response,41179070,100.00,,
     8.515971362,2952449,,offcore_response.all_requests.llc_hit.any_response,42347542,100.00,,
     8.515971362,466,,offcore_response.all_requests.llc_miss.any_response,42347542,100.00,,
     8.616157594,2771959,,offcore_response.all_requests.llc_hit.any_response,41516656,100.00,,
     8.616157594,470,,offcore_response.all_requests.llc_miss.any_response,41516656,100.00,,
     8.716343308,2764332,,offcore_response.all_requests.llc_hit.any_response,41756112,100.00,,
     8.716343308,824,,offcore_response.all_requests.llc_miss.any_response,41756112,100.00,,
     8.816514614,2754900,,offcore_response.all_requests.llc_hit.any_response,41804973,100.00,,
     8.816514614,605,,offcore_response.all_requests.llc_miss.any_response,41804973,100.00,,
     8.916720482,2849395,,offcore_response.all_requests.llc_hit.any_response,41585175,100.00,,
     8.916720482,424,,offcore_response.all_requests.llc_miss.any_response,41591552,100.00,,
     9.016907767,2793420,,offcore_response.all_requests.llc_hit.any_response,41951037,100.00,,
     9.016907767,486,,offcore_response.all_requests.llc_miss.any_response,41944660,100.00,,
     9.117092805,2800592,,offcore_response.all_requests.llc_hit.any_response,42241860,100.00,,
     9.117092805,548,,offcore_response.all_requests.llc_miss.any_response,42258415,100.00,,
     9.217291386,2693043,,offcore_response.all_requests.llc_hit.any_response,41674317,100.00,,
     9.217291386,458,,offcore_response.all_requests.llc_miss.any_response,41671233,100.00,,
     9.317477925,2722641,,offcore_response.all_requests.llc_hit.any_response,41712540,100.00,,
     9.317477925,582,,offcore_response.all_requests.llc_miss.any_response,41719030,100.00,,
     9.417666954,2822235,,offcore_response.all_requests.llc_hit.any_response,41821810,100.00,,
     9.417666954,573,,offcore_response.all_requests.llc_miss.any_response,41829627,100.00,,
     9.517861822,2799223,,offcore_response.all_requests.llc_hit.any_response,42429280,100.00,,
     9.517861822,418,,offcore_response.all_requests.llc_miss.any_response,42421568,100.00,,
     9.618051482,2730003,,offcore_response.all_requests.llc_hit.any_response,41520241,100.00,,
     9.618051482,654,,offcore_response.all_requests.llc_miss.any_response,41500175,100.00,,
     9.718235289,2820184,,offcore_response.all_requests.llc_hit.any_response,41690633,100.00,,
     9.718235289,512,,offcore_response.all_requests.llc_miss.any_response,41690633,100.00,,
     9.818421814,2818617,,offcore_response.all_requests.llc_hit.any_response,42215557,100.00,,
     9.818421814,538,,offcore_response.all_requests.llc_miss.any_response,42235476,100.00,,
     9.918611140,2660460,,offcore_response.all_requests.llc_hit.any_response,40692162,100.00,,
     9.918611140,458,,offcore_response.all_requests.llc_miss.any_response,40692614,100.00,,
    10.018798906,2882208,,offcore_response.all_requests.llc_hit.any_response,42395076,100.00,,
    10.018798906,478,,offcore_response.all_requests.llc_miss.any_response,42374705,100.00,,
    10.118985722,2800509,,offcore_response.all_requests.llc_hit.any_response,41968702,100.00,,
    10.118985722,344,,offcore_response.all_requests.llc_miss.any_response,41968702,100.00,,
    10.219176474,2850210,,offcore_response.all_requests.llc_hit.any_response,42011978,100.00,,
    10.219176474,348,,offcore_response.all_requests.llc_miss.any_response,42032067,100.00,,
    10.319367721,2830143,,offcore_response.all_requests.llc_hit.any_response,41902775,100.00,,
    10.319367721,472,,offcore_response.all_requests.llc_miss.any_response,41902835,100.00,,
    10.419558196,2785955,,offcore_response.all_requests.llc_hit.any_response,41870126,100.00,,
    10.419558196,436,,offcore_response.all_requests.llc_miss.any_response,41869858,100.00,,
    10.519747565,2824176,,offcore_response.all_requests.llc_hit.any_response,41500233,100.00,,
    10.519747565,436,,offcore_response.all_requests.llc_miss.any_response,41480352,100.00,,
    10.619932755,2720396,,offcore_response.all_requests.llc_hit.any_response,41587346,100.00,,
    10.619932755,328,,offcore_response.all_requests.llc_miss.any_response,41587346,100.00,,
    10.720118432,2866078,,offcore_response.all_requests.llc_hit.any_response,43061250,100.00,,
    10.720118432,372,,offcore_response.all_requests.llc_miss.any_response,43061250,100.00,,
    10.820304784,2699347,,offcore_response.all_requests.llc_hit.any_response,40914145,100.00,,
    10.820304784,462,,offcore_response.all_requests.llc_miss.any_response,40914145,100.00,,
    10.920489823,2743739,,offcore_response.all_requests.llc_hit.any_response,41510713,100.00,,
    10.920489823,561,,offcore_response.all_requests.llc_miss.any_response,41510713,100.00,,
    11.020675186,2754528,,offcore_response.all_requests.llc_hit.any_response,41796229,100.00,,
    11.020675186,465,,offcore_response.all_requests.llc_miss.any_response,41796229,100.00,,
