# started on Tue May  2 15:43:29 2023

     0.100133997,1834656,,mem_load_uops_retired.l1_miss,71081231,100.00,20.1,L1MPKI
     0.100133997,91360543,,inst_retired.any,71081231,100.00,,
     0.200355171,1823578,,mem_load_uops_retired.l1_miss,71741939,100.00,20.0,L1MPKI
     0.200355171,90804683,,inst_retired.any,71741939,100.00,,
     0.300529554,1817297,,mem_load_uops_retired.l1_miss,70560394,100.00,20.0,L1MPKI
     0.300529554,90718987,,inst_retired.any,70560394,100.00,,
     0.400732245,1831848,,mem_load_uops_retired.l1_miss,72392486,100.00,20.1,L1MPKI
     0.400732245,91766096,,inst_retired.any,72392486,100.00,,
     0.500926649,956960,,mem_load_uops_retired.l1_miss,37033915,100.00,11.6,L1MPKI
     0.500926649,47873617,,inst_retired.any,37033915,100.00,,
     0.601113640,<not counted>,,mem_load_uops_retired.l1_miss,0,100.00,,
     0.601113640,<not counted>,,inst_retired.any,0,100.00,,
     0.701284447,<not counted>,,mem_load_uops_retired.l1_miss,0,100.00,,
     0.701284447,<not counted>,,inst_retired.any,0,100.00,,
     0.801456794,709899,,mem_load_uops_retired.l1_miss,32584810,100.00,12.7,L1MPKI
     0.801456794,34142439,,inst_retired.any,32584810,100.00,,
     0.901648138,2630540,,mem_load_uops_retired.l1_miss,95068161,100.00,40.9,L1MPKI
     0.901648138,131594834,,inst_retired.any,95068161,100.00,,
     1.001841985,2661802,,mem_load_uops_retired.l1_miss,96074450,100.00,37.4,L1MPKI
     1.001841985,133246761,,inst_retired.any,96074450,100.00,,
     1.102031342,1146136,,mem_load_uops_retired.l1_miss,40156264,100.00,16.4,L1MPKI
     1.102031342,57693058,,inst_retired.any,40156264,100.00,,
     1.202221295,985588,,mem_load_uops_retired.l1_miss,43621175,100.00,14.5,L1MPKI
     1.202221295,47888595,,inst_retired.any,43621175,100.00,,
     1.302413170,2713573,,mem_load_uops_retired.l1_miss,97057104,100.00,37.0,L1MPKI
     1.302413170,136810465,,inst_retired.any,97057104,100.00,,
     1.402605314,2789534,,mem_load_uops_retired.l1_miss,98533866,100.00,35.7,L1MPKI
     1.402605314,140863034,,inst_retired.any,98533866,100.00,,
     1.502797065,2852383,,mem_load_uops_retired.l1_miss,99213143,100.00,34.5,L1MPKI
     1.502797065,143877033,,inst_retired.any,99213143,100.00,,
     1.602986404,380594,,mem_load_uops_retired.l1_miss,13130956,100.00,4.8,L1MPKI
     1.602986404,19355494,,inst_retired.any,13130956,100.00,,
     1.703173520,<not counted>,,mem_load_uops_retired.l1_miss,0,100.00,,
     1.703173520,<not counted>,,inst_retired.any,0,100.00,,
     1.803342558,<not counted>,,mem_load_uops_retired.l1_miss,0,100.00,,
     1.803342558,<not counted>,,inst_retired.any,0,100.00,,
     1.903526048,1312591,,mem_load_uops_retired.l1_miss,56546306,100.00,18.9,L1MPKI
     1.903526048,63669224,,inst_retired.any,56546306,100.00,,
     2.003718892,2634874,,mem_load_uops_retired.l1_miss,95692511,100.00,36.3,L1MPKI
     2.003718892,131419944,,inst_retired.any,95692511,100.00,,
     2.103936818,2222269,,mem_load_uops_retired.l1_miss,79217197,100.00,29.8,L1MPKI
     2.103936818,111393273,,inst_retired.any,79217197,100.00,,
     2.204123935,<not counted>,,mem_load_uops_retired.l1_miss,0,100.00,,
     2.204123935,<not counted>,,inst_retired.any,0,100.00,,
     2.304296836,2098671,,mem_load_uops_retired.l1_miss,83760785,100.00,28.9,L1MPKI
     2.304296836,103575039,,inst_retired.any,83760785,100.00,,
     2.404489486,2621337,,mem_load_uops_retired.l1_miss,95516256,100.00,35.0,L1MPKI
     2.404489486,131475145,,inst_retired.any,95516256,100.00,,
     2.504705511,2615206,,mem_load_uops_retired.l1_miss,95608650,100.00,33.9,L1MPKI
     2.504705511,130561748,,inst_retired.any,95608650,100.00,,
     2.604916254,1116116,,mem_load_uops_retired.l1_miss,42056161,100.00,14.6,L1MPKI
     2.604916254,55509261,,inst_retired.any,42056161,100.00,,
     2.705108764,<not counted>,,mem_load_uops_retired.l1_miss,0,100.00,,
     2.705108764,<not counted>,,inst_retired.any,0,100.00,,
     2.805277431,<not counted>,,mem_load_uops_retired.l1_miss,0,100.00,,
     2.805277431,<not counted>,,inst_retired.any,0,100.00,,
     2.905464324,509630,,mem_load_uops_retired.l1_miss,24603738,100.00,7.4,L1MPKI
     2.905464324,24550710,,inst_retired.any,24603738,100.00,,
     3.005678728,2602654,,mem_load_uops_retired.l1_miss,95292316,100.00,36.5,L1MPKI
     3.005678728,129638754,,inst_retired.any,95292316,100.00,,
     3.105878916,2858206,,mem_load_uops_retired.l1_miss,99225509,100.00,38.8,L1MPKI
     3.105878916,143847287,,inst_retired.any,99225509,100.00,,
     3.206070634,609693,,mem_load_uops_retired.l1_miss,23071844,100.00,8.4,L1MPKI
     3.206070634,30427120,,inst_retired.any,23071844,100.00,,
     3.306259433,952311,,mem_load_uops_retired.l1_miss,42927886,100.00,13.3,L1MPKI
     3.306259433,46128181,,inst_retired.any,42927886,100.00,,
     3.406452131,2544211,,mem_load_uops_retired.l1_miss,94333862,100.00,34.8,L1MPKI
     3.406452131,126655296,,inst_retired.any,94333862,100.00,,
     3.506645496,2753493,,mem_load_uops_retired.l1_miss,97989688,100.00,36.7,L1MPKI
     3.506645496,138044833,,inst_retired.any,97989688,100.00,,
     3.606837282,2543294,,mem_load_uops_retired.l1_miss,90064269,100.00,33.3,L1MPKI
     3.606837282,127548647,,inst_retired.any,90064269,100.00,,
     3.707025723,<not counted>,,mem_load_uops_retired.l1_miss,0,100.00,,
     3.707025723,<not counted>,,inst_retired.any,0,100.00,,
     3.807195794,<not counted>,,mem_load_uops_retired.l1_miss,0,100.00,,
     3.807195794,<not counted>,,inst_retired.any,0,100.00,,
     3.907374518,<not counted>,,mem_load_uops_retired.l1_miss,0,100.00,,
     3.907374518,<not counted>,,inst_retired.any,0,100.00,,
     4.007548802,1925518,,mem_load_uops_retired.l1_miss,76037362,100.00,27.0,L1MPKI
     4.007548802,96105950,,inst_retired.any,76037362,100.00,,
     4.107757147,2699422,,mem_load_uops_retired.l1_miss,96408147,100.00,37.1,L1MPKI
     4.107757147,135314217,,inst_retired.any,96408147,100.00,,
     4.207949243,1858314,,mem_load_uops_retired.l1_miss,66086964,100.00,25.4,L1MPKI
     4.207949243,93379361,,inst_retired.any,66086964,100.00,,
     4.308136780,69104,,mem_load_uops_retired.l1_miss,4626169,100.00,1.0,L1MPKI
     4.308136780,3386153,,inst_retired.any,4626169,100.00,,
     4.408335639,2333127,,mem_load_uops_retired.l1_miss,92055454,100.00,32.1,L1MPKI
     4.408335639,116166599,,inst_retired.any,92055454,100.00,,
     4.508533531,2752875,,mem_load_uops_retired.l1_miss,98037964,100.00,37.1,L1MPKI
     4.508533531,139317132,,inst_retired.any,98037964,100.00,,
     4.608726069,2659919,,mem_load_uops_retired.l1_miss,96358276,100.00,35.3,L1MPKI
     4.608726069,133791012,,inst_retired.any,96358276,100.00,,
     4.708919465,860732,,mem_load_uops_retired.l1_miss,29734331,100.00,11.5,L1MPKI
     4.708919465,43613306,,inst_retired.any,29734331,100.00,,
     4.809108434,<not counted>,,mem_load_uops_retired.l1_miss,0,100.00,,
     4.809108434,<not counted>,,inst_retired.any,0,100.00,,
     4.909282742,<not counted>,,mem_load_uops_retired.l1_miss,0,100.00,,
     4.909282742,<not counted>,,inst_retired.any,0,100.00,,
     5.009459297,849588,,mem_load_uops_retired.l1_miss,38407625,100.00,11.9,L1MPKI
     5.009459297,41531547,,inst_retired.any,38407625,100.00,,
     5.109653812,2699262,,mem_load_uops_retired.l1_miss,97241438,100.00,37.3,L1MPKI
     5.109653812,135109871,,inst_retired.any,97241438,100.00,,
     5.209845678,2652647,,mem_load_uops_retired.l1_miss,96319584,100.00,36.1,L1MPKI
     5.209845678,132998750,,inst_retired.any,96319584,100.00,,
     5.310038455,146281,,mem_load_uops_retired.l1_miss,5427671,100.00,2.0,L1MPKI
     5.310038455,7370587,,inst_retired.any,5427671,100.00,,
     5.410227320,1493889,,mem_load_uops_retired.l1_miss,62007991,100.00,20.7,L1MPKI
     5.410227320,73405857,,inst_retired.any,62007991,100.00,,
     5.510421668,2698560,,mem_load_uops_retired.l1_miss,96919332,100.00,36.7,L1MPKI
     5.510421668,135683803,,inst_retired.any,96919332,100.00,,
     5.610622675,2705758,,mem_load_uops_retired.l1_miss,97323219,100.00,36.3,L1MPKI
     5.610622675,136776037,,inst_retired.any,97323219,100.00,,
     5.710812322,2035484,,mem_load_uops_retired.l1_miss,72068124,100.00,27.1,L1MPKI
     5.710812322,103176693,,inst_retired.any,72068124,100.00,,
     5.811016462,<not counted>,,mem_load_uops_retired.l1_miss,0,100.00,,
     5.811016462,<not counted>,,inst_retired.any,0,100.00,,
     5.911186668,<not counted>,,mem_load_uops_retired.l1_miss,0,100.00,,
     5.911186668,<not counted>,,inst_retired.any,0,100.00,,
     6.011369890,8044,,mem_load_uops_retired.l1_miss,716784,100.00,0.1,L1MPKI
     6.011369890,415776,,inst_retired.any,716784,100.00,,
     6.111565070,2406453,,mem_load_uops_retired.l1_miss,93472960,100.00,33.4,L1MPKI
     6.111565070,119601097,,inst_retired.any,93472960,100.00,,
     6.211784714,2657505,,mem_load_uops_retired.l1_miss,96199641,100.00,36.3,L1MPKI
     6.211784714,133205055,,inst_retired.any,96199641,100.00,,
     6.311984301,1151343,,mem_load_uops_retired.l1_miss,42420296,100.00,15.8,L1MPKI
     6.311984301,57614552,,inst_retired.any,42420296,100.00,,
     6.412180179,471440,,mem_load_uops_retired.l1_miss,23932029,100.00,6.5,L1MPKI
     6.412180179,22901264,,inst_retired.any,23932029,100.00,,
     6.512371154,2176204,,mem_load_uops_retired.l1_miss,87896631,100.00,30.0,L1MPKI
     6.512371154,105885888,,inst_retired.any,87896631,100.00,,
     6.612574154,2584616,,mem_load_uops_retired.l1_miss,95036962,100.00,35.2,L1MPKI
     6.612574154,129205295,,inst_retired.any,95036962,100.00,,
     6.712766304,2802722,,mem_load_uops_retired.l1_miss,98525285,100.00,37.6,L1MPKI
     6.712766304,140977732,,inst_retired.any,98525285,100.00,,
     6.812958728,375248,,mem_load_uops_retired.l1_miss,13874436,100.00,5.1,L1MPKI
     6.812958728,18816794,,inst_retired.any,13874436,100.00,,
     6.913144728,<not counted>,,mem_load_uops_retired.l1_miss,0,100.00,,
     6.913144728,<not counted>,,inst_retired.any,0,100.00,,
     7.013312702,<not counted>,,mem_load_uops_retired.l1_miss,0,100.00,,
     7.013312702,<not counted>,,inst_retired.any,0,100.00,,
     7.113488637,1358585,,mem_load_uops_retired.l1_miss,56405406,100.00,19.0,L1MPKI
     7.113488637,67082918,,inst_retired.any,56405406,100.00,,
     7.213685410,2809143,,mem_load_uops_retired.l1_miss,98633228,100.00,38.8,L1MPKI
     7.213685410,141599796,,inst_retired.any,98633228,100.00,,
     7.313878101,2698111,,mem_load_uops_retired.l1_miss,95227895,100.00,36.8,L1MPKI
     7.313878101,135585430,,inst_retired.any,95227895,100.00,,
     7.414068330,<not counted>,,mem_load_uops_retired.l1_miss,0,100.00,,
     7.414068330,<not counted>,,inst_retired.any,0,100.00,,
     7.514242035,1749831,,mem_load_uops_retired.l1_miss,72112764,100.00,24.1,L1MPKI
     7.514242035,86233785,,inst_retired.any,72112764,100.00,,
     7.614437940,2800148,,mem_load_uops_retired.l1_miss,98738572,100.00,38.1,L1MPKI
     7.614437940,140897495,,inst_retired.any,98738572,100.00,,
     7.714646114,2519688,,mem_load_uops_retired.l1_miss,94073661,100.00,34.0,L1MPKI
     7.714646114,125496121,,inst_retired.any,94073661,100.00,,
     7.814839860,1362049,,mem_load_uops_retired.l1_miss,50365120,100.00,18.4,L1MPKI
     7.814839860,67947200,,inst_retired.any,50365120,100.00,,
     7.915026474,<not counted>,,mem_load_uops_retired.l1_miss,0,100.00,,
     7.915026474,<not counted>,,inst_retired.any,0,100.00,,
     8.015196378,<not counted>,,mem_load_uops_retired.l1_miss,0,100.00,,
     8.015196378,<not counted>,,inst_retired.any,0,100.00,,
     8.115374699,361107,,mem_load_uops_retired.l1_miss,18987987,100.00,5.1,L1MPKI
     8.115374699,17529281,,inst_retired.any,18987987,100.00,,
     8.215567770,2376114,,mem_load_uops_retired.l1_miss,91502277,100.00,33.0,L1MPKI
     8.215567770,117440957,,inst_retired.any,91502277,100.00,,
     8.315762733,2750180,,mem_load_uops_retired.l1_miss,97521995,100.00,37.8,L1MPKI
     8.315762733,137970342,,inst_retired.any,97521995,100.00,,
     8.415953795,643209,,mem_load_uops_retired.l1_miss,25592761,100.00,8.9,L1MPKI
     8.415953795,31871674,,inst_retired.any,25592761,100.00,,
     8.516149333,928026,,mem_load_uops_retired.l1_miss,40975907,100.00,12.9,L1MPKI
     8.516149333,44832989,,inst_retired.any,40975907,100.00,,
     8.616348181,2402291,,mem_load_uops_retired.l1_miss,91882864,100.00,33.1,L1MPKI
     8.616348181,118804322,,inst_retired.any,91882864,100.00,,
     8.716568656,2666058,,mem_load_uops_retired.l1_miss,96144449,100.00,36.4,L1MPKI
     8.716568656,133790841,,inst_retired.any,96144449,100.00,,
     8.816766704,2694976,,mem_load_uops_retired.l1_miss,96686527,100.00,36.4,L1MPKI
     8.816766704,136191452,,inst_retired.any,96686527,100.00,,
     8.916962467,62580,,mem_load_uops_retired.l1_miss,2448644,100.00,0.9,L1MPKI
     8.916962467,3175930,,inst_retired.any,2448644,100.00,,
     9.017151378,<not counted>,,mem_load_uops_retired.l1_miss,0,100.00,,
     9.017151378,<not counted>,,inst_retired.any,0,100.00,,
     9.117321542,<not counted>,,mem_load_uops_retired.l1_miss,0,100.00,,
     9.117321542,<not counted>,,inst_retired.any,0,100.00,,
     9.217494800,1738915,,mem_load_uops_retired.l1_miss,69062018,100.00,24.2,L1MPKI
     9.217494800,86933388,,inst_retired.any,69062018,100.00,,
     9.317689192,2736699,,mem_load_uops_retired.l1_miss,97511969,100.00,37.8,L1MPKI
     9.317689192,137602939,,inst_retired.any,97511969,100.00,,
     9.417882985,2179051,,mem_load_uops_retired.l1_miss,76830354,100.00,29.9,L1MPKI
     9.417882985,109551428,,inst_retired.any,76830354,100.00,,
     9.518071788,<not counted>,,mem_load_uops_retired.l1_miss,0,100.00,,
     9.518071788,<not counted>,,inst_retired.any,0,100.00,,
     9.618241771,2388564,,mem_load_uops_retired.l1_miss,91310994,100.00,32.9,L1MPKI
     9.618241771,119252001,,inst_retired.any,91310994,100.00,,
     9.718435168,2727533,,mem_load_uops_retired.l1_miss,97506637,100.00,37.2,L1MPKI
     9.718435168,137496451,,inst_retired.any,97506637,100.00,,
     9.818628660,2675463,,mem_load_uops_retired.l1_miss,96685590,100.00,36.2,L1MPKI
     9.818628660,134845582,,inst_retired.any,96685590,100.00,,
     9.918817856,1107506,,mem_load_uops_retired.l1_miss,38342957,100.00,15.0,L1MPKI
     9.918817856,55992895,,inst_retired.any,38342957,100.00,,
    10.019002558,<not counted>,,mem_load_uops_retired.l1_miss,0,100.00,,
    10.019002558,<not counted>,,inst_retired.any,0,100.00,,
    10.119169887,<not counted>,,mem_load_uops_retired.l1_miss,0,100.00,,
    10.119169887,<not counted>,,inst_retired.any,0,100.00,,
    10.219347557,665042,,mem_load_uops_retired.l1_miss,31269059,100.00,9.3,L1MPKI
    10.219347557,32241928,,inst_retired.any,31269059,100.00,,
    10.319539072,2549270,,mem_load_uops_retired.l1_miss,94804492,100.00,35.2,L1MPKI
    10.319539072,127372434,,inst_retired.any,94804492,100.00,,
    10.419750897,2787455,,mem_load_uops_retired.l1_miss,98284976,100.00,38.2,L1MPKI
    10.419750897,140026035,,inst_retired.any,98284976,100.00,,
    10.519942752,172435,,mem_load_uops_retired.l1_miss,6161576,100.00,2.4,L1MPKI
    10.519942752,8698309,,inst_retired.any,6161576,100.00,,
    10.620128138,1504062,,mem_load_uops_retired.l1_miss,60998758,100.00,20.8,L1MPKI
    10.620128138,74781416,,inst_retired.any,60998758,100.00,,
    10.720328346,2686947,,mem_load_uops_retired.l1_miss,96818781,100.00,36.8,L1MPKI
    10.720328346,135052254,,inst_retired.any,96818781,100.00,,
    10.820517171,2716180,,mem_load_uops_retired.l1_miss,97128209,100.00,36.9,L1MPKI
    10.820517171,136431452,,inst_retired.any,97128209,100.00,,
    10.920703892,2028133,,mem_load_uops_retired.l1_miss,70716747,100.00,27.4,L1MPKI
    10.920703892,102548007,,inst_retired.any,70716747,100.00,,
    11.020885226,<not counted>,,mem_load_uops_retired.l1_miss,0,100.00,,
    11.020885226,<not counted>,,inst_retired.any,0,100.00,,
