# started on Mon May  1 17:44:21 2023

     0.100210670,29929416,,inst_retired.any,43140544,100.00,117.2,IpMispredict
     0.100210670,255338,,br_misp_retired.all_branches,43140544,100.00,,
     0.200479925,30112899,,inst_retired.any,43119492,100.00,120.4,IpMispredict
     0.200479925,244960,,br_misp_retired.all_branches,43119492,100.00,,
     0.300679115,29632938,,inst_retired.any,42738020,100.00,122.1,IpMispredict
     0.300679115,227592,,br_misp_retired.all_branches,42738020,100.00,,
     0.400879461,29757788,,inst_retired.any,43351751,100.00,121.7,IpMispredict
     0.400879461,250274,,br_misp_retired.all_branches,43351751,100.00,,
     0.501081795,30647204,,inst_retired.any,43206062,100.00,127.4,IpMispredict
     0.501081795,224575,,br_misp_retired.all_branches,43206062,100.00,,
     0.601285612,29683968,,inst_retired.any,42280729,100.00,123.8,IpMispredict
     0.601285612,235383,,br_misp_retired.all_branches,42280729,100.00,,
     0.701492099,29807999,,inst_retired.any,42272689,100.00,126.2,IpMispredict
     0.701492099,215604,,br_misp_retired.all_branches,42272689,100.00,,
     0.801691302,29906776,,inst_retired.any,43049603,100.00,126.1,IpMispredict
     0.801691302,243353,,br_misp_retired.all_branches,43049603,100.00,,
     0.901894592,29995907,,inst_retired.any,43939496,100.00,125.0,IpMispredict
     0.901894592,262903,,br_misp_retired.all_branches,43939496,100.00,,
     1.002098662,29745497,,inst_retired.any,43919246,100.00,122.7,IpMispredict
     1.002098662,264361,,br_misp_retired.all_branches,43919246,100.00,,
     1.102305414,29753595,,inst_retired.any,41612614,100.00,123.9,IpMispredict
     1.102305414,216387,,br_misp_retired.all_branches,41612614,100.00,,
     1.202505926,29763273,,inst_retired.any,43499443,100.00,123.9,IpMispredict
     1.202505926,241981,,br_misp_retired.all_branches,43499443,100.00,,
     1.302705783,29664482,,inst_retired.any,40633664,100.00,124.2,IpMispredict
     1.302705783,222394,,br_misp_retired.all_branches,40633664,100.00,,
     1.402904332,29734172,,inst_retired.any,41944266,100.00,123.8,IpMispredict
     1.402904332,257052,,br_misp_retired.all_branches,41944266,100.00,,
     1.503105342,29760732,,inst_retired.any,40875922,100.00,124.1,IpMispredict
     1.503105342,234226,,br_misp_retired.all_branches,40875922,100.00,,
     1.603307553,29849484,,inst_retired.any,41167980,100.00,124.8,IpMispredict
     1.603307553,229242,,br_misp_retired.all_branches,41167980,100.00,,
     1.703507371,30039404,,inst_retired.any,41946799,100.00,125.6,IpMispredict
     1.703507371,239326,,br_misp_retired.all_branches,41946799,100.00,,
     1.803710032,29677724,,inst_retired.any,41258217,100.00,124.5,IpMispredict
     1.803710032,226477,,br_misp_retired.all_branches,41258217,100.00,,
     1.903917133,29554167,,inst_retired.any,41021300,100.00,124.3,IpMispredict
     1.903917133,225700,,br_misp_retired.all_branches,41021300,100.00,,
     2.004116637,31077888,,inst_retired.any,42896822,100.00,130.2,IpMispredict
     2.004116637,257404,,br_misp_retired.all_branches,42896822,100.00,,
     2.104322760,29845511,,inst_retired.any,40967018,100.00,125.2,IpMispredict
     2.104322760,232813,,br_misp_retired.all_branches,40967018,100.00,,
     2.204522678,29953703,,inst_retired.any,41086490,100.00,125.3,IpMispredict
     2.204522678,249826,,br_misp_retired.all_branches,41086490,100.00,,
     2.304722496,29567258,,inst_retired.any,41342728,100.00,123.9,IpMispredict
     2.304722496,233607,,br_misp_retired.all_branches,41342728,100.00,,
     2.404921201,29842716,,inst_retired.any,41153656,100.00,125.2,IpMispredict
     2.404921201,228118,,br_misp_retired.all_branches,41153656,100.00,,
     2.505120775,29862016,,inst_retired.any,41117841,100.00,125.4,IpMispredict
     2.505120775,233274,,br_misp_retired.all_branches,41117841,100.00,,
     2.605323356,29759339,,inst_retired.any,41316576,100.00,125.0,IpMispredict
     2.605323356,239394,,br_misp_retired.all_branches,41316576,100.00,,
     2.705525616,30178036,,inst_retired.any,41744523,100.00,126.6,IpMispredict
     2.705525616,243770,,br_misp_retired.all_branches,41744523,100.00,,
     2.805751124,29623895,,inst_retired.any,40873735,100.00,124.6,IpMispredict
     2.805751124,223380,,br_misp_retired.all_branches,40873735,100.00,,
     2.905955329,29826164,,inst_retired.any,41652980,100.00,125.3,IpMispredict
     2.905955329,246614,,br_misp_retired.all_branches,41652980,100.00,,
     3.006154164,29961654,,inst_retired.any,41351710,100.00,125.8,IpMispredict
     3.006154164,237207,,br_misp_retired.all_branches,41351710,100.00,,
     3.106354203,29587582,,inst_retired.any,41287476,100.00,124.2,IpMispredict
     3.106354203,240069,,br_misp_retired.all_branches,41287476,100.00,,
     3.206558898,29942936,,inst_retired.any,42405815,100.00,125.3,IpMispredict
     3.206558898,262905,,br_misp_retired.all_branches,42405815,100.00,,
     3.306759244,29842296,,inst_retired.any,40645977,100.00,125.2,IpMispredict
     3.306759244,219809,,br_misp_retired.all_branches,40645977,100.00,,
     3.406958237,29751758,,inst_retired.any,40936406,100.00,124.9,IpMispredict
     3.406958237,234742,,br_misp_retired.all_branches,40936406,100.00,,
     3.507162170,30062421,,inst_retired.any,42007725,100.00,125.8,IpMispredict
     3.507162170,264882,,br_misp_retired.all_branches,42007725,100.00,,
     3.607362289,29666867,,inst_retired.any,40516905,100.00,124.3,IpMispredict
     3.607362289,223938,,br_misp_retired.all_branches,40516905,100.00,,
     3.707562815,29841600,,inst_retired.any,41821229,100.00,125.1,IpMispredict
     3.707562815,235885,,br_misp_retired.all_branches,41821229,100.00,,
     3.807768667,29793441,,inst_retired.any,43784286,100.00,124.8,IpMispredict
     3.807768667,248835,,br_misp_retired.all_branches,43784286,100.00,,
     3.907971031,29957305,,inst_retired.any,42769803,100.00,125.3,IpMispredict
     3.907971031,252353,,br_misp_retired.all_branches,42769803,100.00,,
     4.008174825,29678726,,inst_retired.any,42953555,100.00,124.1,IpMispredict
     4.008174825,243026,,br_misp_retired.all_branches,42953555,100.00,,
     4.108377856,29831945,,inst_retired.any,43321600,100.00,124.6,IpMispredict
     4.108377856,250901,,br_misp_retired.all_branches,43321600,100.00,,
     4.208585873,30043674,,inst_retired.any,43391888,100.00,125.5,IpMispredict
     4.208585873,237534,,br_misp_retired.all_branches,43391888,100.00,,
     4.308788097,29930107,,inst_retired.any,42597894,100.00,124.9,IpMispredict
     4.308788097,243510,,br_misp_retired.all_branches,42597894,100.00,,
     4.408990020,29483938,,inst_retired.any,42315877,100.00,123.2,IpMispredict
     4.408990020,231593,,br_misp_retired.all_branches,42315877,100.00,,
     4.509194307,29894305,,inst_retired.any,42490801,100.00,125.1,IpMispredict
     4.509194307,221539,,br_misp_retired.all_branches,42490801,100.00,,
     4.609398533,30043487,,inst_retired.any,43878927,100.00,125.6,IpMispredict
     4.609398533,249023,,br_misp_retired.all_branches,43878927,100.00,,
     4.709601257,29684569,,inst_retired.any,42706539,100.00,124.0,IpMispredict
     4.709601257,244201,,br_misp_retired.all_branches,42706539,100.00,,
     4.809802465,29920490,,inst_retired.any,42857441,100.00,124.9,IpMispredict
     4.809802465,251319,,br_misp_retired.all_branches,42857441,100.00,,
     4.910005777,29782932,,inst_retired.any,43229248,100.00,124.3,IpMispredict
     4.910005777,240172,,br_misp_retired.all_branches,43229248,100.00,,
     5.010207914,29919251,,inst_retired.any,43361436,100.00,124.9,IpMispredict
     5.010207914,240929,,br_misp_retired.all_branches,43361436,100.00,,
     5.110408296,29997438,,inst_retired.any,42918981,100.00,125.2,IpMispredict
     5.110408296,239219,,br_misp_retired.all_branches,42918981,100.00,,
     5.210611209,29876833,,inst_retired.any,43470057,100.00,124.7,IpMispredict
     5.210611209,239979,,br_misp_retired.all_branches,43470057,100.00,,
     5.310816836,29374112,,inst_retired.any,42585483,100.00,122.8,IpMispredict
     5.310816836,222572,,br_misp_retired.all_branches,42585483,100.00,,
     5.411016347,30108066,,inst_retired.any,43075903,100.00,125.8,IpMispredict
     5.411016347,240032,,br_misp_retired.all_branches,43075903,100.00,,
     5.511251002,30343789,,inst_retired.any,41982910,100.00,126.9,IpMispredict
     5.511251002,227137,,br_misp_retired.all_branches,41982910,100.00,,
     5.611456096,30196723,,inst_retired.any,41830425,100.00,126.1,IpMispredict
     5.611456096,258285,,br_misp_retired.all_branches,41830425,100.00,,
     5.711660126,29487468,,inst_retired.any,40853673,100.00,123.1,IpMispredict
     5.711660126,246223,,br_misp_retired.all_branches,40853673,100.00,,
     5.811859293,29757154,,inst_retired.any,40245837,100.00,124.3,IpMispredict
     5.811859293,230476,,br_misp_retired.all_branches,40245837,100.00,,
     5.912062859,30020503,,inst_retired.any,42029848,100.00,125.2,IpMispredict
     5.912062859,258816,,br_misp_retired.all_branches,42029848,100.00,,
     6.012265981,29621416,,inst_retired.any,40418565,100.00,123.7,IpMispredict
     6.012265981,227413,,br_misp_retired.all_branches,40418565,100.00,,
     6.112469313,29817412,,inst_retired.any,41291764,100.00,124.5,IpMispredict
     6.112469313,234517,,br_misp_retired.all_branches,41291764,100.00,,
     6.212671481,30326528,,inst_retired.any,42197015,100.00,126.5,IpMispredict
     6.212671481,255447,,br_misp_retired.all_branches,42197015,100.00,,
     6.312875611,29682429,,inst_retired.any,40603334,100.00,124.0,IpMispredict
     6.312875611,223586,,br_misp_retired.all_branches,40603334,100.00,,
     6.413081193,29322867,,inst_retired.any,40855879,100.00,122.5,IpMispredict
     6.413081193,237919,,br_misp_retired.all_branches,40855879,100.00,,
     6.513282361,30336885,,inst_retired.any,41167344,100.00,126.9,IpMispredict
     6.513282361,219031,,br_misp_retired.all_branches,41167344,100.00,,
     6.613483818,29617209,,inst_retired.any,40458168,100.00,123.9,IpMispredict
     6.613483818,237162,,br_misp_retired.all_branches,40458168,100.00,,
     6.713687953,29855773,,inst_retired.any,40780261,100.00,125.1,IpMispredict
     6.713687953,215122,,br_misp_retired.all_branches,40780261,100.00,,
     6.813890975,29632944,,inst_retired.any,40457887,100.00,124.3,IpMispredict
     6.813890975,222529,,br_misp_retired.all_branches,40457887,100.00,,
     6.914098397,29779120,,inst_retired.any,40493851,100.00,125.0,IpMispredict
     6.914098397,225266,,br_misp_retired.all_branches,40493851,100.00,,
     7.014308418,30093853,,inst_retired.any,41369399,100.00,126.3,IpMispredict
     7.014308418,244759,,br_misp_retired.all_branches,41369399,100.00,,
     7.114509192,29647926,,inst_retired.any,40814290,100.00,124.5,IpMispredict
     7.114509192,229060,,br_misp_retired.all_branches,40814290,100.00,,
     7.214713085,29752379,,inst_retired.any,40783369,100.00,124.9,IpMispredict
     7.214713085,237380,,br_misp_retired.all_branches,40783369,100.00,,
     7.314917501,29998445,,inst_retired.any,42089376,100.00,125.7,IpMispredict
     7.314917501,265121,,br_misp_retired.all_branches,42089376,100.00,,
     7.415121983,29729797,,inst_retired.any,40980608,100.00,124.5,IpMispredict
     7.415121983,251464,,br_misp_retired.all_branches,40980608,100.00,,
     7.515321063,29921365,,inst_retired.any,41226097,100.00,125.3,IpMispredict
     7.515321063,235362,,br_misp_retired.all_branches,41226097,100.00,,
     7.615519497,29724982,,inst_retired.any,40496795,100.00,124.6,IpMispredict
     7.615519497,223700,,br_misp_retired.all_branches,40496795,100.00,,
     7.715720962,29712600,,inst_retired.any,41817374,100.00,124.4,IpMispredict
     7.715720962,258524,,br_misp_retired.all_branches,41817374,100.00,,
     7.815925107,29598969,,inst_retired.any,39993473,100.00,124.1,IpMispredict
     7.815925107,216088,,br_misp_retired.all_branches,39993473,100.00,,
     7.916128633,29565820,,inst_retired.any,39762717,100.00,124.1,IpMispredict
     7.916128633,221394,,br_misp_retired.all_branches,39762717,100.00,,
     8.016331147,30168680,,inst_retired.any,42053638,100.00,126.5,IpMispredict
     8.016331147,257037,,br_misp_retired.all_branches,42053638,100.00,,
     8.116532805,29741757,,inst_retired.any,39989130,100.00,124.6,IpMispredict
     8.116532805,249422,,br_misp_retired.all_branches,39989130,100.00,,
     8.216736021,29652185,,inst_retired.any,41048775,100.00,124.3,IpMispredict
     8.216736021,233892,,br_misp_retired.all_branches,41048775,100.00,,
     8.316960105,30237513,,inst_retired.any,45143694,100.00,126.7,IpMispredict
     8.316960105,239768,,br_misp_retired.all_branches,45143694,100.00,,
     8.417165045,29640659,,inst_retired.any,43716905,100.00,124.2,IpMispredict
     8.417165045,247876,,br_misp_retired.all_branches,43716905,100.00,,
     8.517365227,30073669,,inst_retired.any,41821698,100.00,125.9,IpMispredict
     8.517365227,252117,,br_misp_retired.all_branches,41821698,100.00,,
     8.617564048,29724710,,inst_retired.any,40419654,100.00,124.5,IpMispredict
     8.617564048,224732,,br_misp_retired.all_branches,40419654,100.00,,
     8.717763640,29732366,,inst_retired.any,41550262,100.00,124.6,IpMispredict
     8.717763640,238679,,br_misp_retired.all_branches,41550262,100.00,,
     8.817968606,29894055,,inst_retired.any,41283716,100.00,125.3,IpMispredict
     8.817968606,227045,,br_misp_retired.all_branches,41283716,100.00,,
     8.918171324,29704658,,inst_retired.any,40735223,100.00,124.6,IpMispredict
     8.918171324,230745,,br_misp_retired.all_branches,40735223,100.00,,
     9.018371498,30020025,,inst_retired.any,41613249,100.00,125.9,IpMispredict
     9.018371498,236211,,br_misp_retired.all_branches,41613249,100.00,,
     9.118572379,29547987,,inst_retired.any,41138390,100.00,124.0,IpMispredict
     9.118572379,230471,,br_misp_retired.all_branches,41138390,100.00,,
     9.218775945,29854115,,inst_retired.any,41119350,100.00,125.2,IpMispredict
     9.218775945,244211,,br_misp_retired.all_branches,41119350,100.00,,
     9.318975158,29769212,,inst_retired.any,40554350,100.00,124.9,IpMispredict
     9.318975158,224206,,br_misp_retired.all_branches,40554350,100.00,,
     9.419200227,29911438,,inst_retired.any,41616301,100.00,125.4,IpMispredict
     9.419200227,259463,,br_misp_retired.all_branches,41616301,100.00,,
     9.519402953,29416988,,inst_retired.any,40993122,100.00,123.4,IpMispredict
     9.519402953,234321,,br_misp_retired.all_branches,40993122,100.00,,
     9.619602627,30066867,,inst_retired.any,40949642,100.00,126.2,IpMispredict
     9.619602627,219697,,br_misp_retired.all_branches,40949642,100.00,,
     9.719803089,29927981,,inst_retired.any,41569830,100.00,125.7,IpMispredict
     9.719803089,226169,,br_misp_retired.all_branches,41569830,100.00,,
     9.820002480,29615219,,inst_retired.any,41004389,100.00,124.4,IpMispredict
     9.820002480,239901,,br_misp_retired.all_branches,41004389,100.00,,
     9.920204168,29933195,,inst_retired.any,41817479,100.00,125.6,IpMispredict
     9.920204168,254947,,br_misp_retired.all_branches,41817479,100.00,,
    10.020407438,29912272,,inst_retired.any,43938402,100.00,125.5,IpMispredict
    10.020407438,248528,,br_misp_retired.all_branches,43938402,100.00,,
    10.120606549,29733527,,inst_retired.any,42201672,100.00,124.7,IpMispredict
    10.120606549,232599,,br_misp_retired.all_branches,42201672,100.00,,
    10.220809221,29902002,,inst_retired.any,43523142,100.00,125.5,IpMispredict
    10.220809221,227433,,br_misp_retired.all_branches,43523142,100.00,,
    10.321009219,29758903,,inst_retired.any,41988314,100.00,125.0,IpMispredict
    10.321009219,226020,,br_misp_retired.all_branches,41988314,100.00,,
    10.421208643,30002319,,inst_retired.any,43853385,100.00,126.0,IpMispredict
    10.421208643,236482,,br_misp_retired.all_branches,43853385,100.00,,
    10.521408617,30258715,,inst_retired.any,43583036,100.00,127.0,IpMispredict
    10.521408617,245572,,br_misp_retired.all_branches,43583036,100.00,,
    10.621611843,29947961,,inst_retired.any,43303796,100.00,125.7,IpMispredict
    10.621611843,241075,,br_misp_retired.all_branches,43303796,100.00,,
    10.721815610,29663531,,inst_retired.any,42845048,100.00,124.5,IpMispredict
    10.721815610,232271,,br_misp_retired.all_branches,42845048,100.00,,
    10.822016650,29975012,,inst_retired.any,41971151,100.00,125.8,IpMispredict
    10.822016650,240698,,br_misp_retired.all_branches,41971151,100.00,,
    10.922220697,29611967,,inst_retired.any,43054677,100.00,124.4,IpMispredict
    10.922220697,225555,,br_misp_retired.all_branches,43054677,100.00,,
    11.022443939,30072664,,inst_retired.any,43237348,100.00,126.3,IpMispredict
    11.022443939,240346,,br_misp_retired.all_branches,43237348,100.00,,
