# started on Mon May  1 17:44:47 2023

     0.100166517,89038820,,inst_retired.any,73424114,100.00,142.2,IpMispredict
     0.100166517,626158,,br_misp_retired.all_branches,73424114,100.00,,
     0.200416917,87113161,,inst_retired.any,78647182,100.00,140.1,IpMispredict
     0.200416917,617670,,br_misp_retired.all_branches,78647182,100.00,,
     0.300627474,91069565,,inst_retired.any,79286297,100.00,145.3,IpMispredict
     0.300627474,636016,,br_misp_retired.all_branches,79286297,100.00,,
     0.400831411,90115275,,inst_retired.any,78263683,100.00,143.7,IpMispredict
     0.400831411,627749,,br_misp_retired.all_branches,78263683,100.00,,
     0.501036551,89112247,,inst_retired.any,77443374,100.00,142.6,IpMispredict
     0.501036551,617955,,br_misp_retired.all_branches,77443374,100.00,,
     0.601241137,89280157,,inst_retired.any,77539141,100.00,143.1,IpMispredict
     0.601241137,617667,,br_misp_retired.all_branches,77539141,100.00,,
     0.701445250,89325817,,inst_retired.any,77343413,100.00,143.3,IpMispredict
     0.701445250,621327,,br_misp_retired.all_branches,77343413,100.00,,
     0.801649451,89504385,,inst_retired.any,77886835,100.00,143.6,IpMispredict
     0.801649451,622795,,br_misp_retired.all_branches,77886835,100.00,,
     0.901854531,89507632,,inst_retired.any,77631399,100.00,143.6,IpMispredict
     0.901854531,622891,,br_misp_retired.all_branches,77631399,100.00,,
     1.002060509,89251283,,inst_retired.any,77412763,100.00,143.2,IpMispredict
     1.002060509,622154,,br_misp_retired.all_branches,77412763,100.00,,
     1.102266374,88048441,,inst_retired.any,79521009,100.00,141.3,IpMispredict
     1.102266374,622664,,br_misp_retired.all_branches,79521009,100.00,,
     1.202473501,89847401,,inst_retired.any,74518893,100.00,144.0,IpMispredict
     1.202473501,633090,,br_misp_retired.all_branches,74518893,100.00,,
     1.302678458,89089086,,inst_retired.any,73736312,100.00,142.6,IpMispredict
     1.302678458,631042,,br_misp_retired.all_branches,73736312,100.00,,
     1.402883979,89815633,,inst_retired.any,74227183,100.00,143.6,IpMispredict
     1.402883979,634647,,br_misp_retired.all_branches,74227183,100.00,,
     1.503090692,88415975,,inst_retired.any,73003871,100.00,141.4,IpMispredict
     1.503090692,624132,,br_misp_retired.all_branches,73003871,100.00,,
     1.603297840,89967426,,inst_retired.any,74337577,100.00,143.8,IpMispredict
     1.603297840,634884,,br_misp_retired.all_branches,74337577,100.00,,
     1.703501549,88750584,,inst_retired.any,73369546,100.00,141.8,IpMispredict
     1.703501549,628769,,br_misp_retired.all_branches,73369546,100.00,,
     1.803712676,89815236,,inst_retired.any,74566382,100.00,143.4,IpMispredict
     1.803712676,636080,,br_misp_retired.all_branches,74566382,100.00,,
     1.903920398,84652102,,inst_retired.any,80204363,100.00,135.0,IpMispredict
     1.903920398,640290,,br_misp_retired.all_branches,80204363,100.00,,
     2.004126624,93383951,,inst_retired.any,77227599,100.00,148.5,IpMispredict
     2.004126624,660296,,br_misp_retired.all_branches,77227599,100.00,,
     2.104329890,89942990,,inst_retired.any,74334025,100.00,143.0,IpMispredict
     2.104329890,633118,,br_misp_retired.all_branches,74334025,100.00,,
     2.204535463,88892295,,inst_retired.any,73544185,100.00,141.3,IpMispredict
     2.204535463,625884,,br_misp_retired.all_branches,73544185,100.00,,
     2.304740269,88758573,,inst_retired.any,73436297,100.00,141.2,IpMispredict
     2.304740269,623130,,br_misp_retired.all_branches,73436297,100.00,,
     2.404945573,89890399,,inst_retired.any,74511780,100.00,143.0,IpMispredict
     2.404945573,631103,,br_misp_retired.all_branches,74511780,100.00,,
     2.505150582,88856492,,inst_retired.any,73597566,100.00,141.4,IpMispredict
     2.505150582,623144,,br_misp_retired.all_branches,73597566,100.00,,
     2.605358959,89185997,,inst_retired.any,73881996,100.00,141.9,IpMispredict
     2.605358959,624790,,br_misp_retired.all_branches,73881996,100.00,,
     2.705566958,89097988,,inst_retired.any,73714028,100.00,141.8,IpMispredict
     2.705566958,627225,,br_misp_retired.all_branches,73714028,100.00,,
     2.805794009,89929388,,inst_retired.any,74348686,100.00,143.1,IpMispredict
     2.805794009,631721,,br_misp_retired.all_branches,74348686,100.00,,
     2.906001504,89244609,,inst_retired.any,73774151,100.00,142.0,IpMispredict
     2.906001504,629112,,br_misp_retired.all_branches,73774151,100.00,,
     3.006209535,88935148,,inst_retired.any,73617119,100.00,141.5,IpMispredict
     3.006209535,623440,,br_misp_retired.all_branches,73617119,100.00,,
     3.106423137,89037191,,inst_retired.any,73745445,100.00,141.7,IpMispredict
     3.106423137,623871,,br_misp_retired.all_branches,73745445,100.00,,
     3.206631582,89011675,,inst_retired.any,73676305,100.00,141.7,IpMispredict
     3.206631582,627992,,br_misp_retired.all_branches,73676305,100.00,,
     3.306838655,89891655,,inst_retired.any,74415522,100.00,143.1,IpMispredict
     3.306838655,629399,,br_misp_retired.all_branches,74415522,100.00,,
     3.407045319,89103162,,inst_retired.any,73792990,100.00,141.8,IpMispredict
     3.407045319,626077,,br_misp_retired.all_branches,73792990,100.00,,
     3.507250361,87529129,,inst_retired.any,73113062,100.00,139.4,IpMispredict
     3.507250361,618454,,br_misp_retired.all_branches,73113062,100.00,,
     3.607453847,87483828,,inst_retired.any,73546901,100.00,139.3,IpMispredict
     3.607453847,628477,,br_misp_retired.all_branches,73546901,100.00,,
     3.707667474,87314883,,inst_retired.any,73462536,100.00,139.1,IpMispredict
     3.707667474,627958,,br_misp_retired.all_branches,73462536,100.00,,
     3.807868594,87314752,,inst_retired.any,73479982,100.00,139.1,IpMispredict
     3.807868594,624547,,br_misp_retired.all_branches,73479982,100.00,,
     3.908072180,88338171,,inst_retired.any,74062487,100.00,140.7,IpMispredict
     3.908072180,633751,,br_misp_retired.all_branches,74062487,100.00,,
     4.008272849,87905589,,inst_retired.any,73729911,100.00,140.0,IpMispredict
     4.008272849,628520,,br_misp_retired.all_branches,73729911,100.00,,
     4.108476355,87362529,,inst_retired.any,73253146,100.00,139.1,IpMispredict
     4.108476355,622903,,br_misp_retired.all_branches,73253146,100.00,,
     4.208680082,86497109,,inst_retired.any,72546180,100.00,137.8,IpMispredict
     4.208680082,618259,,br_misp_retired.all_branches,72546180,100.00,,
     4.308884269,87517566,,inst_retired.any,73307022,100.00,139.4,IpMispredict
     4.308884269,626312,,br_misp_retired.all_branches,73307022,100.00,,
     4.409086245,87586912,,inst_retired.any,73541695,100.00,139.6,IpMispredict
     4.409086245,626787,,br_misp_retired.all_branches,73541695,100.00,,
     4.509290064,87355614,,inst_retired.any,73372260,100.00,139.2,IpMispredict
     4.509290064,624014,,br_misp_retired.all_branches,73372260,100.00,,
     4.609491161,87309395,,inst_retired.any,73375694,100.00,139.1,IpMispredict
     4.609491161,625551,,br_misp_retired.all_branches,73375694,100.00,,
     4.709692659,87225647,,inst_retired.any,73150467,100.00,139.0,IpMispredict
     4.709692659,621521,,br_misp_retired.all_branches,73150467,100.00,,
     4.809895219,87412073,,inst_retired.any,73311505,100.00,139.3,IpMispredict
     4.809895219,626161,,br_misp_retired.all_branches,73311505,100.00,,
     4.910095585,82687520,,inst_retired.any,78869457,100.00,131.9,IpMispredict
     4.910095585,595001,,br_misp_retired.all_branches,78869457,100.00,,
     5.010300023,90914649,,inst_retired.any,80106881,100.00,145.0,IpMispredict
     5.010300023,642104,,br_misp_retired.all_branches,80106881,100.00,,
     5.110504337,88916838,,inst_retired.any,78579407,100.00,141.8,IpMispredict
     5.110504337,626106,,br_misp_retired.all_branches,78579407,100.00,,
     5.210708551,87635096,,inst_retired.any,77408517,100.00,139.8,IpMispredict
     5.210708551,612966,,br_misp_retired.all_branches,77408517,100.00,,
     5.310914096,87827472,,inst_retired.any,77477457,100.00,140.2,IpMispredict
     5.310914096,614928,,br_misp_retired.all_branches,77477457,100.00,,
     5.411118424,86920531,,inst_retired.any,76831002,100.00,138.8,IpMispredict
     5.411118424,615244,,br_misp_retired.all_branches,76831002,100.00,,
     5.511345434,83383527,,inst_retired.any,77878159,100.00,133.3,IpMispredict
     5.511345434,592927,,br_misp_retired.all_branches,77878159,100.00,,
     5.611548215,91372332,,inst_retired.any,76820479,100.00,145.9,IpMispredict
     5.611548215,653653,,br_misp_retired.all_branches,76820479,100.00,,
     5.711749050,87165961,,inst_retired.any,73271187,100.00,139.2,IpMispredict
     5.711749050,619788,,br_misp_retired.all_branches,73271187,100.00,,
     5.811950559,87386240,,inst_retired.any,73447662,100.00,139.6,IpMispredict
     5.811950559,621000,,br_misp_retired.all_branches,73447662,100.00,,
     5.912153644,87603538,,inst_retired.any,73731321,100.00,139.9,IpMispredict
     5.912153644,628834,,br_misp_retired.all_branches,73731321,100.00,,
     6.012353528,88165369,,inst_retired.any,74216208,100.00,140.8,IpMispredict
     6.012353528,631630,,br_misp_retired.all_branches,74216208,100.00,,
     6.112555016,87230782,,inst_retired.any,73457634,100.00,139.3,IpMispredict
     6.112555016,623016,,br_misp_retired.all_branches,73457634,100.00,,
     6.212756519,87309946,,inst_retired.any,73550954,100.00,139.5,IpMispredict
     6.212756519,623706,,br_misp_retired.all_branches,73550954,100.00,,
     6.312959501,87172517,,inst_retired.any,73224375,100.00,139.3,IpMispredict
     6.312959501,621162,,br_misp_retired.all_branches,73224375,100.00,,
     6.413167681,86948872,,inst_retired.any,72980904,100.00,138.9,IpMispredict
     6.413167681,620149,,br_misp_retired.all_branches,72980904,100.00,,
     6.513373352,89461456,,inst_retired.any,74510910,100.00,142.9,IpMispredict
     6.513373352,629338,,br_misp_retired.all_branches,74510910,100.00,,
     6.613581332,86918416,,inst_retired.any,80247451,100.00,138.9,IpMispredict
     6.613581332,622896,,br_misp_retired.all_branches,80247451,100.00,,
     6.713793922,90763695,,inst_retired.any,80270192,100.00,145.0,IpMispredict
     6.713793922,635599,,br_misp_retired.all_branches,80270192,100.00,,
     6.814005881,85328863,,inst_retired.any,82499742,100.00,136.4,IpMispredict
     6.814005881,601885,,br_misp_retired.all_branches,82499742,100.00,,
     6.914217991,91960574,,inst_retired.any,82711579,100.00,146.8,IpMispredict
     6.914217991,669277,,br_misp_retired.all_branches,82711579,100.00,,
     7.014430187,91632742,,inst_retired.any,76498224,100.00,146.3,IpMispredict
     7.014430187,645255,,br_misp_retired.all_branches,76498224,100.00,,
     7.114643655,88676662,,inst_retired.any,73821152,100.00,141.5,IpMispredict
     7.114643655,621517,,br_misp_retired.all_branches,73821152,100.00,,
     7.214849918,89443226,,inst_retired.any,74813749,100.00,142.8,IpMispredict
     7.214849918,630709,,br_misp_retired.all_branches,74813749,100.00,,
     7.315055274,89439788,,inst_retired.any,74659583,100.00,142.7,IpMispredict
     7.315055274,628045,,br_misp_retired.all_branches,74659583,100.00,,
     7.415259829,89418277,,inst_retired.any,74845729,100.00,142.7,IpMispredict
     7.415259829,630886,,br_misp_retired.all_branches,74845729,100.00,,
     7.515463486,86133567,,inst_retired.any,80325377,100.00,137.5,IpMispredict
     7.515463486,619839,,br_misp_retired.all_branches,80325377,100.00,,
     7.615669093,91411185,,inst_retired.any,79693209,100.00,145.9,IpMispredict
     7.615669093,636957,,br_misp_retired.all_branches,79693209,100.00,,
     7.715874750,89142693,,inst_retired.any,77697776,100.00,142.3,IpMispredict
     7.715874750,618571,,br_misp_retired.all_branches,77697776,100.00,,
     7.816081072,89967696,,inst_retired.any,78499773,100.00,143.6,IpMispredict
     7.816081072,625502,,br_misp_retired.all_branches,78499773,100.00,,
     7.916286921,89087576,,inst_retired.any,77732958,100.00,142.2,IpMispredict
     7.916286921,618832,,br_misp_retired.all_branches,77732958,100.00,,
     8.016492461,88829602,,inst_retired.any,78861528,100.00,141.8,IpMispredict
     8.016492461,632741,,br_misp_retired.all_branches,78861528,100.00,,
     8.116700166,89713937,,inst_retired.any,74703269,100.00,143.2,IpMispredict
     8.116700166,629522,,br_misp_retired.all_branches,74703269,100.00,,
     8.216908403,88648772,,inst_retired.any,73881510,100.00,141.5,IpMispredict
     8.216908403,627916,,br_misp_retired.all_branches,73881510,100.00,,
     8.317134284,89594220,,inst_retired.any,74758078,100.00,143.0,IpMispredict
     8.317134284,629714,,br_misp_retired.all_branches,74758078,100.00,,
     8.417339678,89525467,,inst_retired.any,74960824,100.00,142.9,IpMispredict
     8.417339678,633781,,br_misp_retired.all_branches,74960824,100.00,,
     8.517546525,87926865,,inst_retired.any,81774428,100.00,140.3,IpMispredict
     8.517546525,619207,,br_misp_retired.all_branches,81774428,100.00,,
     8.617753442,89737431,,inst_retired.any,78586390,100.00,143.2,IpMispredict
     8.617753442,623854,,br_misp_retired.all_branches,78586390,100.00,,
     8.717961668,89631096,,inst_retired.any,78402370,100.00,143.1,IpMispredict
     8.717961668,622658,,br_misp_retired.all_branches,78402370,100.00,,
     8.818169147,88983654,,inst_retired.any,77660951,100.00,142.1,IpMispredict
     8.818169147,617143,,br_misp_retired.all_branches,77660951,100.00,,
     8.918374297,89987645,,inst_retired.any,78682299,100.00,143.7,IpMispredict
     8.918374297,624544,,br_misp_retired.all_branches,78682299,100.00,,
     9.018580569,89483377,,inst_retired.any,78242093,100.00,142.9,IpMispredict
     9.018580569,618249,,br_misp_retired.all_branches,78242093,100.00,,
     9.118785896,89193773,,inst_retired.any,78400724,100.00,142.4,IpMispredict
     9.118785896,617518,,br_misp_retired.all_branches,78400724,100.00,,
     9.218990548,89190761,,inst_retired.any,78729209,100.00,142.4,IpMispredict
     9.218990548,619763,,br_misp_retired.all_branches,78729209,100.00,,
     9.319195092,89328592,,inst_retired.any,78461803,100.00,142.7,IpMispredict
     9.319195092,614946,,br_misp_retired.all_branches,78461803,100.00,,
     9.419408004,90615534,,inst_retired.any,79653609,100.00,144.8,IpMispredict
     9.419408004,623189,,br_misp_retired.all_branches,79653609,100.00,,
     9.519617988,88576285,,inst_retired.any,77921571,100.00,141.5,IpMispredict
     9.519617988,616782,,br_misp_retired.all_branches,77921571,100.00,,
     9.619837721,90027177,,inst_retired.any,78901465,100.00,143.8,IpMispredict
     9.619837721,624281,,br_misp_retired.all_branches,78901465,100.00,,
     9.720045015,88991868,,inst_retired.any,77956904,100.00,142.2,IpMispredict
     9.720045015,615103,,br_misp_retired.all_branches,77956904,100.00,,
     9.820251458,89144945,,inst_retired.any,78176496,100.00,142.5,IpMispredict
     9.820251458,614886,,br_misp_retired.all_branches,78176496,100.00,,
     9.920454279,89833682,,inst_retired.any,78773912,100.00,143.6,IpMispredict
     9.920454279,625060,,br_misp_retired.all_branches,78773912,100.00,,
    10.020659775,89109599,,inst_retired.any,78612264,100.00,142.5,IpMispredict
    10.020659775,615111,,br_misp_retired.all_branches,78612264,100.00,,
    10.120863359,89613155,,inst_retired.any,79257776,100.00,143.2,IpMispredict
    10.120863359,644340,,br_misp_retired.all_branches,79257776,100.00,,
    10.221067927,89464828,,inst_retired.any,74580394,100.00,143.0,IpMispredict
    10.221067927,630031,,br_misp_retired.all_branches,74580394,100.00,,
    10.321274162,88814430,,inst_retired.any,73592253,100.00,141.9,IpMispredict
    10.321274162,625326,,br_misp_retired.all_branches,73592253,100.00,,
    10.421482699,88937933,,inst_retired.any,73916076,100.00,142.1,IpMispredict
    10.421482699,622381,,br_misp_retired.all_branches,73916076,100.00,,
    10.521688147,89827788,,inst_retired.any,75171669,100.00,143.5,IpMispredict
    10.521688147,631804,,br_misp_retired.all_branches,75171669,100.00,,
    10.621893550,88776037,,inst_retired.any,73883879,100.00,141.9,IpMispredict
    10.621893550,623305,,br_misp_retired.all_branches,73883879,100.00,,
    10.722100644,88686391,,inst_retired.any,73677876,100.00,141.7,IpMispredict
    10.722100644,619045,,br_misp_retired.all_branches,73677876,100.00,,
    10.822310221,89737591,,inst_retired.any,74717590,100.00,143.4,IpMispredict
    10.822310221,631187,,br_misp_retired.all_branches,74717590,100.00,,
    10.922517475,88672266,,inst_retired.any,73648308,100.00,141.7,IpMispredict
    10.922517475,622427,,br_misp_retired.all_branches,73648308,100.00,,
    11.022741481,89581425,,inst_retired.any,74471814,100.00,143.2,IpMispredict
    11.022741481,629008,,br_misp_retired.all_branches,74471814,100.00,,
