# started on Tue May  2 13:55:51 2023

     0.100147766,58499262,,inst_retired.any,52303864,100.00,137.5,IpMispredict
     0.100147766,425471,,br_misp_retired.all_branches,52303864,100.00,,
     0.200405883,57830019,,inst_retired.any,51803245,100.00,136.7,IpMispredict
     0.200405883,420559,,br_misp_retired.all_branches,51803245,100.00,,
     0.300600916,58360605,,inst_retired.any,52028233,100.00,137.8,IpMispredict
     0.300600916,424401,,br_misp_retired.all_branches,52028233,100.00,,
     0.400793531,58327479,,inst_retired.any,51957399,100.00,137.7,IpMispredict
     0.400793531,423437,,br_misp_retired.all_branches,51957399,100.00,,
     0.500987843,58545320,,inst_retired.any,52253554,100.00,138.2,IpMispredict
     0.500987843,423764,,br_misp_retired.all_branches,52253554,100.00,,
     0.601178443,57895629,,inst_retired.any,51682020,100.00,136.7,IpMispredict
     0.601178443,423372,,br_misp_retired.all_branches,51682020,100.00,,
     0.701370316,58135621,,inst_retired.any,52354818,100.00,137.4,IpMispredict
     0.701370316,421526,,br_misp_retired.all_branches,52354818,100.00,,
     0.801560235,59346370,,inst_retired.any,52856923,100.00,140.0,IpMispredict
     0.801560235,427893,,br_misp_retired.all_branches,52856923,100.00,,
     0.901750804,58105368,,inst_retired.any,52104639,100.00,137.0,IpMispredict
     0.901750804,426262,,br_misp_retired.all_branches,52104639,100.00,,
     1.001944892,57953642,,inst_retired.any,51889862,100.00,136.7,IpMispredict
     1.001944892,423139,,br_misp_retired.all_branches,51889862,100.00,,
     1.102142866,58422605,,inst_retired.any,52194755,100.00,137.8,IpMispredict
     1.102142866,425245,,br_misp_retired.all_branches,52194755,100.00,,
     1.202334061,58481442,,inst_retired.any,52461383,100.00,137.9,IpMispredict
     1.202334061,425235,,br_misp_retired.all_branches,52461383,100.00,,
     1.302532319,57805861,,inst_retired.any,51874059,100.00,136.3,IpMispredict
     1.302532319,421347,,br_misp_retired.all_branches,51874059,100.00,,
     1.402724409,58642425,,inst_retired.any,52976282,100.00,138.2,IpMispredict
     1.402724409,429660,,br_misp_retired.all_branches,52976282,100.00,,
     1.502925821,57964768,,inst_retired.any,51763193,100.00,136.7,IpMispredict
     1.502925821,419456,,br_misp_retired.all_branches,51763193,100.00,,
     1.603116170,57878792,,inst_retired.any,52015934,100.00,136.6,IpMispredict
     1.603116170,419649,,br_misp_retired.all_branches,52015934,100.00,,
     1.703309126,58360654,,inst_retired.any,52148908,100.00,137.7,IpMispredict
     1.703309126,423574,,br_misp_retired.all_branches,52148908,100.00,,
     1.803504206,58216706,,inst_retired.any,51985144,100.00,137.4,IpMispredict
     1.803504206,421404,,br_misp_retired.all_branches,51985144,100.00,,
     1.903706733,58291478,,inst_retired.any,52151829,100.00,137.6,IpMispredict
     1.903706733,424306,,br_misp_retired.all_branches,52151829,100.00,,
     2.003897360,58178879,,inst_retired.any,52024114,100.00,137.4,IpMispredict
     2.003897360,421262,,br_misp_retired.all_branches,52024114,100.00,,
     2.104092153,58312645,,inst_retired.any,52249681,100.00,137.7,IpMispredict
     2.104092153,424045,,br_misp_retired.all_branches,52249681,100.00,,
     2.204285204,58443122,,inst_retired.any,52329261,100.00,137.9,IpMispredict
     2.204285204,428215,,br_misp_retired.all_branches,52329261,100.00,,
     2.304480041,58168233,,inst_retired.any,51837779,100.00,137.2,IpMispredict
     2.304480041,424763,,br_misp_retired.all_branches,51837779,100.00,,
     2.404673124,58765540,,inst_retired.any,52738655,100.00,138.5,IpMispredict
     2.404673124,432991,,br_misp_retired.all_branches,52738655,100.00,,
     2.504864869,58211361,,inst_retired.any,52221291,100.00,137.2,IpMispredict
     2.504864869,428154,,br_misp_retired.all_branches,52221291,100.00,,
     2.605058469,58285974,,inst_retired.any,52304121,100.00,137.3,IpMispredict
     2.605058469,431130,,br_misp_retired.all_branches,52304121,100.00,,
     2.705253245,58084912,,inst_retired.any,52774366,100.00,136.8,IpMispredict
     2.705253245,424549,,br_misp_retired.all_branches,52774366,100.00,,
     2.805473354,58144192,,inst_retired.any,52058827,100.00,136.9,IpMispredict
     2.805473354,423780,,br_misp_retired.all_branches,52058827,100.00,,
     2.905668130,58292337,,inst_retired.any,52264607,100.00,137.3,IpMispredict
     2.905668130,427516,,br_misp_retired.all_branches,52264607,100.00,,
     3.005861873,58151473,,inst_retired.any,52073264,100.00,136.9,IpMispredict
     3.005861873,423187,,br_misp_retired.all_branches,52073264,100.00,,
     3.106062997,58160075,,inst_retired.any,52188124,100.00,136.9,IpMispredict
     3.106062997,428224,,br_misp_retired.all_branches,52188124,100.00,,
     3.206253857,57924953,,inst_retired.any,51965321,100.00,136.3,IpMispredict
     3.206253857,426974,,br_misp_retired.all_branches,51965321,100.00,,
     3.306446872,58306201,,inst_retired.any,52176580,100.00,137.3,IpMispredict
     3.306446872,424207,,br_misp_retired.all_branches,52176580,100.00,,
     3.406640065,58622697,,inst_retired.any,52575428,100.00,137.9,IpMispredict
     3.406640065,430236,,br_misp_retired.all_branches,52575428,100.00,,
     3.506834754,58303921,,inst_retired.any,52239921,100.00,137.2,IpMispredict
     3.506834754,429078,,br_misp_retired.all_branches,52239921,100.00,,
     3.607030148,58203679,,inst_retired.any,52196422,100.00,136.9,IpMispredict
     3.607030148,426486,,br_misp_retired.all_branches,52196422,100.00,,
     3.707225562,58198823,,inst_retired.any,52149165,100.00,136.9,IpMispredict
     3.707225562,426314,,br_misp_retired.all_branches,52149165,100.00,,
     3.807430049,57645516,,inst_retired.any,51611143,100.00,135.6,IpMispredict
     3.807430049,417926,,br_misp_retired.all_branches,51611143,100.00,,
     3.907628678,58414074,,inst_retired.any,52599584,100.00,137.4,IpMispredict
     3.907628678,426385,,br_misp_retired.all_branches,52599584,100.00,,
     4.007820417,58202467,,inst_retired.any,52138439,100.00,137.0,IpMispredict
     4.007820417,423518,,br_misp_retired.all_branches,52138439,100.00,,
     4.108015437,58404711,,inst_retired.any,52359191,100.00,137.4,IpMispredict
     4.108015437,427721,,br_misp_retired.all_branches,52359191,100.00,,
     4.208210724,58192062,,inst_retired.any,52156855,100.00,136.9,IpMispredict
     4.208210724,425629,,br_misp_retired.all_branches,52156855,100.00,,
     4.308402138,58224160,,inst_retired.any,52151247,100.00,137.0,IpMispredict
     4.308402138,425759,,br_misp_retired.all_branches,52151247,100.00,,
     4.408592737,58131947,,inst_retired.any,52145247,100.00,136.7,IpMispredict
     4.408592737,427179,,br_misp_retired.all_branches,52145247,100.00,,
     4.508785963,58172554,,inst_retired.any,52909677,100.00,136.8,IpMispredict
     4.508785963,429578,,br_misp_retired.all_branches,52909677,100.00,,
     4.608977532,58136434,,inst_retired.any,52137203,100.00,136.7,IpMispredict
     4.608977532,426224,,br_misp_retired.all_branches,52137203,100.00,,
     4.709173145,58164416,,inst_retired.any,52110049,100.00,136.8,IpMispredict
     4.709173145,425176,,br_misp_retired.all_branches,52110049,100.00,,
     4.809365398,58354079,,inst_retired.any,52302329,100.00,137.2,IpMispredict
     4.809365398,427981,,br_misp_retired.all_branches,52302329,100.00,,
     4.909564154,58103054,,inst_retired.any,52120715,100.00,136.6,IpMispredict
     4.909564154,426233,,br_misp_retired.all_branches,52120715,100.00,,
     5.009754703,58059433,,inst_retired.any,52029425,100.00,136.5,IpMispredict
     5.009754703,422964,,br_misp_retired.all_branches,52029425,100.00,,
     5.109947327,57979349,,inst_retired.any,51935168,100.00,136.3,IpMispredict
     5.109947327,423900,,br_misp_retired.all_branches,51935168,100.00,,
     5.210139723,58495076,,inst_retired.any,52444773,100.00,137.5,IpMispredict
     5.210139723,430960,,br_misp_retired.all_branches,52444773,100.00,,
     5.310334429,58114832,,inst_retired.any,52128243,100.00,136.6,IpMispredict
     5.310334429,428904,,br_misp_retired.all_branches,52128243,100.00,,
     5.410527336,58224426,,inst_retired.any,52349372,100.00,136.8,IpMispredict
     5.410527336,428452,,br_misp_retired.all_branches,52349372,100.00,,
     5.510741580,58265318,,inst_retired.any,52240320,100.00,136.9,IpMispredict
     5.510741580,427133,,br_misp_retired.all_branches,52240320,100.00,,
     5.610937622,58261221,,inst_retired.any,52207426,100.00,136.9,IpMispredict
     5.610937622,430947,,br_misp_retired.all_branches,52207426,100.00,,
     5.711133440,58242556,,inst_retired.any,52228552,100.00,136.8,IpMispredict
     5.711133440,429773,,br_misp_retired.all_branches,52228552,100.00,,
     5.811323518,57849205,,inst_retired.any,51924527,100.00,135.9,IpMispredict
     5.811323518,425959,,br_misp_retired.all_branches,51924527,100.00,,
     5.911517668,58430621,,inst_retired.any,52402610,100.00,137.2,IpMispredict
     5.911517668,430949,,br_misp_retired.all_branches,52402610,100.00,,
     6.011708357,58094577,,inst_retired.any,52094534,100.00,136.4,IpMispredict
     6.011708357,428426,,br_misp_retired.all_branches,52094534,100.00,,
     6.111900243,58059306,,inst_retired.any,52049754,100.00,136.3,IpMispredict
     6.111900243,427511,,br_misp_retired.all_branches,52049754,100.00,,
     6.212090938,58087878,,inst_retired.any,52068656,100.00,136.4,IpMispredict
     6.212090938,428440,,br_misp_retired.all_branches,52068656,100.00,,
     6.312285810,57945178,,inst_retired.any,51981961,100.00,136.1,IpMispredict
     6.312285810,426734,,br_misp_retired.all_branches,51981961,100.00,,
     6.412479420,58372080,,inst_retired.any,52471024,100.00,137.0,IpMispredict
     6.412479420,431326,,br_misp_retired.all_branches,52471024,100.00,,
     6.512679704,58215244,,inst_retired.any,52244279,100.00,136.7,IpMispredict
     6.512679704,428296,,br_misp_retired.all_branches,52244279,100.00,,
     6.612877006,58082561,,inst_retired.any,52113566,100.00,136.3,IpMispredict
     6.612877006,427306,,br_misp_retired.all_branches,52113566,100.00,,
     6.713074614,58705842,,inst_retired.any,52735378,100.00,137.8,IpMispredict
     6.713074614,431416,,br_misp_retired.all_branches,52735378,100.00,,
     6.813268784,58224495,,inst_retired.any,52253431,100.00,136.6,IpMispredict
     6.813268784,426581,,br_misp_retired.all_branches,52253431,100.00,,
     6.913463844,58034155,,inst_retired.any,52055739,100.00,136.2,IpMispredict
     6.913463844,426646,,br_misp_retired.all_branches,52055739,100.00,,
     7.013662732,57862664,,inst_retired.any,52016083,100.00,135.8,IpMispredict
     7.013662732,426430,,br_misp_retired.all_branches,52016083,100.00,,
     7.113857684,58471857,,inst_retired.any,52469096,100.00,137.2,IpMispredict
     7.113857684,429823,,br_misp_retired.all_branches,52469096,100.00,,
     7.214049532,58093334,,inst_retired.any,52138181,100.00,136.3,IpMispredict
     7.214049532,427346,,br_misp_retired.all_branches,52138181,100.00,,
     7.314243215,59088428,,inst_retired.any,52772083,100.00,138.6,IpMispredict
     7.314243215,435796,,br_misp_retired.all_branches,52772083,100.00,,
     7.414435708,58240542,,inst_retired.any,52191929,100.00,136.6,IpMispredict
     7.414435708,429466,,br_misp_retired.all_branches,52191929,100.00,,
     7.514630744,57953445,,inst_retired.any,51984651,100.00,135.9,IpMispredict
     7.514630744,423734,,br_misp_retired.all_branches,51984651,100.00,,
     7.614822509,58343844,,inst_retired.any,52346833,100.00,136.8,IpMispredict
     7.614822509,430519,,br_misp_retired.all_branches,52346833,100.00,,
     7.715012954,57924981,,inst_retired.any,51995335,100.00,135.9,IpMispredict
     7.715012954,426021,,br_misp_retired.all_branches,51995335,100.00,,
     7.815207227,58108353,,inst_retired.any,52116619,100.00,136.3,IpMispredict
     7.815207227,424977,,br_misp_retired.all_branches,52116619,100.00,,
     7.915401819,58323353,,inst_retired.any,52384541,100.00,136.8,IpMispredict
     7.915401819,429124,,br_misp_retired.all_branches,52384541,100.00,,
     8.015618193,58585058,,inst_retired.any,52540580,100.00,137.4,IpMispredict
     8.015618193,427875,,br_misp_retired.all_branches,52540580,100.00,,
     8.115813943,57957522,,inst_retired.any,51967551,100.00,135.9,IpMispredict
     8.115813943,421436,,br_misp_retired.all_branches,51967551,100.00,,
     8.216004035,57941893,,inst_retired.any,52093139,100.00,135.9,IpMispredict
     8.216004035,422662,,br_misp_retired.all_branches,52093139,100.00,,
     8.316215498,58030209,,inst_retired.any,52161625,100.00,136.1,IpMispredict
     8.316215498,425092,,br_misp_retired.all_branches,52161625,100.00,,
     8.416406046,58718294,,inst_retired.any,52744227,100.00,137.7,IpMispredict
     8.416406046,433038,,br_misp_retired.all_branches,52744227,100.00,,
     8.516598754,58064365,,inst_retired.any,52045928,100.00,136.2,IpMispredict
     8.516598754,423158,,br_misp_retired.all_branches,52045928,100.00,,
     8.616789018,58390665,,inst_retired.any,52252900,100.00,136.9,IpMispredict
     8.616789018,428538,,br_misp_retired.all_branches,52252900,100.00,,
     8.716983279,57810935,,inst_retired.any,51793646,100.00,135.6,IpMispredict
     8.716983279,419951,,br_misp_retired.all_branches,51793646,100.00,,
     8.817173041,57915516,,inst_retired.any,51872878,100.00,135.9,IpMispredict
     8.817173041,421207,,br_misp_retired.all_branches,51872878,100.00,,
     8.917368514,58338811,,inst_retired.any,52269748,100.00,136.9,IpMispredict
     8.917368514,424702,,br_misp_retired.all_branches,52269748,100.00,,
     9.017562040,58415233,,inst_retired.any,52378594,100.00,137.1,IpMispredict
     9.017562040,425961,,br_misp_retired.all_branches,52378594,100.00,,
     9.117760216,58303833,,inst_retired.any,52254649,100.00,136.8,IpMispredict
     9.117760216,426435,,br_misp_retired.all_branches,52254649,100.00,,
     9.217954293,57976544,,inst_retired.any,51951374,100.00,136.0,IpMispredict
     9.217954293,423218,,br_misp_retired.all_branches,51951374,100.00,,
     9.318150677,58560974,,inst_retired.any,52664703,100.00,137.4,IpMispredict
     9.318150677,428551,,br_misp_retired.all_branches,52664703,100.00,,
     9.418345759,57995224,,inst_retired.any,52010682,100.00,136.1,IpMispredict
     9.418345759,421370,,br_misp_retired.all_branches,52010682,100.00,,
     9.518542732,57927791,,inst_retired.any,51857266,100.00,135.9,IpMispredict
     9.518542732,422384,,br_misp_retired.all_branches,51857266,100.00,,
     9.618734660,58585130,,inst_retired.any,52438857,100.00,137.5,IpMispredict
     9.618734660,427605,,br_misp_retired.all_branches,52438857,100.00,,
     9.718927932,58018425,,inst_retired.any,51971561,100.00,136.2,IpMispredict
     9.718927932,422592,,br_misp_retired.all_branches,51971561,100.00,,
     9.819118861,57961096,,inst_retired.any,51861972,100.00,136.0,IpMispredict
     9.819118861,420409,,br_misp_retired.all_branches,51861972,100.00,,
     9.919310144,58707716,,inst_retired.any,52570051,100.00,137.8,IpMispredict
     9.919310144,429017,,br_misp_retired.all_branches,52570051,100.00,,
    10.019502152,58139687,,inst_retired.any,52050332,100.00,136.5,IpMispredict
    10.019502152,423370,,br_misp_retired.all_branches,52050332,100.00,,
    10.119695302,58083363,,inst_retired.any,51980129,100.00,136.3,IpMispredict
    10.119695302,422014,,br_misp_retired.all_branches,51980129,100.00,,
    10.219886291,58235938,,inst_retired.any,52302225,100.00,136.7,IpMispredict
    10.219886291,421994,,br_misp_retired.all_branches,52302225,100.00,,
    10.320080988,58101284,,inst_retired.any,51996846,100.00,136.4,IpMispredict
    10.320080988,421478,,br_misp_retired.all_branches,51996846,100.00,,
    10.420274851,58136376,,inst_retired.any,52178830,100.00,136.5,IpMispredict
    10.420274851,423982,,br_misp_retired.all_branches,52178830,100.00,,
    10.520471206,58127411,,inst_retired.any,52128434,100.00,136.5,IpMispredict
    10.520471206,424518,,br_misp_retired.all_branches,52128434,100.00,,
    10.620665924,58594591,,inst_retired.any,52480184,100.00,137.6,IpMispredict
    10.620665924,427483,,br_misp_retired.all_branches,52480184,100.00,,
    10.720857428,58169110,,inst_retired.any,52020768,100.00,136.6,IpMispredict
    10.720857428,422174,,br_misp_retired.all_branches,52020768,100.00,,
    10.821053428,58115096,,inst_retired.any,52034515,100.00,136.5,IpMispredict
    10.821053428,421406,,br_misp_retired.all_branches,52034515,100.00,,
    10.921247798,58150519,,inst_retired.any,52021692,100.00,136.6,IpMispredict
    10.921247798,421451,,br_misp_retired.all_branches,52021692,100.00,,
    11.021461199,58144311,,inst_retired.any,52096576,100.00,136.6,IpMispredict
    11.021461199,422464,,br_misp_retired.all_branches,52096576,100.00,,
