# started on Tue May  2 13:56:04 2023

     0.100153382,87483354,,inst_retired.any,78211937,100.00,138.4,IpMispredict
     0.100153382,631903,,br_misp_retired.all_branches,78211937,100.00,,
     0.200413571,87265517,,inst_retired.any,78202540,100.00,138.3,IpMispredict
     0.200413571,630239,,br_misp_retired.all_branches,78202540,100.00,,
     0.300605739,87628682,,inst_retired.any,78306406,100.00,138.6,IpMispredict
     0.300605739,635009,,br_misp_retired.all_branches,78306406,100.00,,
     0.400798936,87762025,,inst_retired.any,78241941,100.00,138.5,IpMispredict
     0.400798936,636818,,br_misp_retired.all_branches,78241941,100.00,,
     0.500995641,86786675,,inst_retired.any,77478452,100.00,137.2,IpMispredict
     0.500995641,628688,,br_misp_retired.all_branches,77478452,100.00,,
     0.601191694,87486542,,inst_retired.any,78225667,100.00,138.2,IpMispredict
     0.601191694,636874,,br_misp_retired.all_branches,78225667,100.00,,
     0.701385315,87544342,,inst_retired.any,78262064,100.00,138.3,IpMispredict
     0.701385315,633057,,br_misp_retired.all_branches,78262064,100.00,,
     0.801575645,40775614,,inst_retired.any,36457598,100.00,69.0,IpMispredict
     0.801575645,293378,,br_misp_retired.all_branches,36457598,100.00,,
     0.901767830,38465611,,inst_retired.any,39329863,100.00,69.0,IpMispredict
     0.901767830,293897,,br_misp_retired.all_branches,39329863,100.00,,
     1.001964136,90313988,,inst_retired.any,80940979,100.00,159.2,IpMispredict
     1.001964136,653647,,br_misp_retired.all_branches,80940979,100.00,,
     1.102158426,90052995,,inst_retired.any,81074874,100.00,156.7,IpMispredict
     1.102158426,649290,,br_misp_retired.all_branches,81074874,100.00,,
     1.202348759,90073391,,inst_retired.any,80802812,100.00,155.1,IpMispredict
     1.202348759,646658,,br_misp_retired.all_branches,80802812,100.00,,
     1.302542140,89928241,,inst_retired.any,80843314,100.00,153.5,IpMispredict
     1.302542140,648653,,br_misp_retired.all_branches,80843314,100.00,,
     1.402736235,90295351,,inst_retired.any,80966137,100.00,152.9,IpMispredict
     1.402736235,648600,,br_misp_retired.all_branches,80966137,100.00,,
     1.502936304,90003887,,inst_retired.any,80737191,100.00,151.5,IpMispredict
     1.502936304,642927,,br_misp_retired.all_branches,80737191,100.00,,
     1.603130708,89874754,,inst_retired.any,80548167,100.00,150.5,IpMispredict
     1.603130708,644315,,br_misp_retired.all_branches,80548167,100.00,,
     1.703323299,89726207,,inst_retired.any,80651144,100.00,149.6,IpMispredict
     1.703323299,644105,,br_misp_retired.all_branches,80651144,100.00,,
     1.803511874,89498865,,inst_retired.any,80481579,100.00,148.6,IpMispredict
     1.803511874,644342,,br_misp_retired.all_branches,80481579,100.00,,
     1.903709014,38449167,,inst_retired.any,34664819,100.00,65.7,IpMispredict
     1.903709014,276417,,br_misp_retired.all_branches,34664819,100.00,,
     2.003917549,39424354,,inst_retired.any,39898253,100.00,69.1,IpMispredict
     2.003917549,299813,,br_misp_retired.all_branches,39898253,100.00,,
     2.104114628,89660024,,inst_retired.any,80904797,100.00,156.0,IpMispredict
     2.104114628,650835,,br_misp_retired.all_branches,80904797,100.00,,
     2.204307025,90502641,,inst_retired.any,80970545,100.00,156.4,IpMispredict
     2.204307025,657515,,br_misp_retired.all_branches,80970545,100.00,,
     2.304501648,90239479,,inst_retired.any,80889951,100.00,155.1,IpMispredict
     2.304501648,652684,,br_misp_retired.all_branches,80889951,100.00,,
     2.404691333,90125464,,inst_retired.any,80875135,100.00,154.2,IpMispredict
     2.404691333,651639,,br_misp_retired.all_branches,80875135,100.00,,
     2.504884326,90302210,,inst_retired.any,81006434,100.00,153.7,IpMispredict
     2.504884326,655822,,br_misp_retired.all_branches,81006434,100.00,,
     2.605077162,89087290,,inst_retired.any,80727893,100.00,151.0,IpMispredict
     2.605077162,648823,,br_misp_retired.all_branches,80727893,100.00,,
     2.705269132,88908154,,inst_retired.any,80592325,100.00,150.2,IpMispredict
     2.705269132,646299,,br_misp_retired.all_branches,80592325,100.00,,
     2.805480527,90200235,,inst_retired.any,80710874,100.00,151.8,IpMispredict
     2.805480527,654429,,br_misp_retired.all_branches,80710874,100.00,,
     2.905670523,90197409,,inst_retired.any,80895965,100.00,151.3,IpMispredict
     2.905670523,650325,,br_misp_retired.all_branches,80895965,100.00,,
     3.005861995,38739667,,inst_retired.any,34597639,100.00,66.2,IpMispredict
     3.005861995,280287,,br_misp_retired.all_branches,34597639,100.00,,
     3.106054864,39538296,,inst_retired.any,39516937,100.00,68.6,IpMispredict
     3.106054864,308827,,br_misp_retired.all_branches,39516937,100.00,,
     3.206253816,90071760,,inst_retired.any,80892802,100.00,155.5,IpMispredict
     3.206253816,654784,,br_misp_retired.all_branches,80892802,100.00,,
     3.306447710,90556810,,inst_retired.any,80899714,100.00,155.8,IpMispredict
     3.306447710,655397,,br_misp_retired.all_branches,80899714,100.00,,
     3.406642093,89939464,,inst_retired.any,80425633,100.00,154.2,IpMispredict
     3.406642093,648111,,br_misp_retired.all_branches,80425633,100.00,,
     3.506834732,90251226,,inst_retired.any,80687160,100.00,154.2,IpMispredict
     3.506834732,653860,,br_misp_retired.all_branches,80687160,100.00,,
     3.607030036,90268959,,inst_retired.any,80825524,100.00,153.7,IpMispredict
     3.607030036,654804,,br_misp_retired.all_branches,80825524,100.00,,
     3.707225548,90516129,,inst_retired.any,80913328,100.00,153.6,IpMispredict
     3.707225548,654901,,br_misp_retired.all_branches,80913328,100.00,,
     3.807418489,90450093,,inst_retired.any,80826928,100.00,153.1,IpMispredict
     3.807418489,656420,,br_misp_retired.all_branches,80826928,100.00,,
     3.907611956,90406950,,inst_retired.any,80873292,100.00,152.6,IpMispredict
     3.907611956,654311,,br_misp_retired.all_branches,80873292,100.00,,
     4.007805372,89566741,,inst_retired.any,80828806,100.00,150.8,IpMispredict
     4.007805372,645932,,br_misp_retired.all_branches,80828806,100.00,,
     4.107998946,38390218,,inst_retired.any,34392186,100.00,65.5,IpMispredict
     4.107998946,276657,,br_misp_retired.all_branches,34392186,100.00,,
     4.208192494,39112408,,inst_retired.any,39619079,100.00,67.5,IpMispredict
     4.208192494,307588,,br_misp_retired.all_branches,39619079,100.00,,
     4.308387667,90559475,,inst_retired.any,81013120,100.00,155.8,IpMispredict
     4.308387667,655904,,br_misp_retired.all_branches,81013120,100.00,,
     4.408582458,90603298,,inst_retired.any,80957020,100.00,155.4,IpMispredict
     4.408582458,651645,,br_misp_retired.all_branches,80957020,100.00,,
     4.508775967,90422211,,inst_retired.any,80853754,100.00,154.7,IpMispredict
     4.508775967,648407,,br_misp_retired.all_branches,80853754,100.00,,
     4.608970663,90435813,,inst_retired.any,80976176,100.00,154.4,IpMispredict
     4.608970663,652662,,br_misp_retired.all_branches,80976176,100.00,,
     4.709165666,89730575,,inst_retired.any,80334292,100.00,152.8,IpMispredict
     4.709165666,645794,,br_misp_retired.all_branches,80334292,100.00,,
     4.809359279,90506834,,inst_retired.any,80772916,100.00,153.8,IpMispredict
     4.809359279,654037,,br_misp_retired.all_branches,80772916,100.00,,
     4.909556518,90547737,,inst_retired.any,80972504,100.00,153.5,IpMispredict
     4.909556518,654415,,br_misp_retired.all_branches,80972504,100.00,,
     5.009754619,90635422,,inst_retired.any,80914371,100.00,153.3,IpMispredict
     5.009754619,655074,,br_misp_retired.all_branches,80914371,100.00,,
     5.109949008,90751967,,inst_retired.any,81020052,100.00,153.2,IpMispredict
     5.109949008,646417,,br_misp_retired.all_branches,81020052,100.00,,
     5.210142624,39121578,,inst_retired.any,34945064,100.00,66.7,IpMispredict
     5.210142624,283303,,br_misp_retired.all_branches,34945064,100.00,,
     5.310334444,40194886,,inst_retired.any,40344975,100.00,69.2,IpMispredict
     5.310334444,311858,,br_misp_retired.all_branches,40344975,100.00,,
     5.410536469,90462390,,inst_retired.any,80831851,100.00,155.3,IpMispredict
     5.410536469,651954,,br_misp_retired.all_branches,80831851,100.00,,
     5.510729100,90248593,,inst_retired.any,80568557,100.00,154.6,IpMispredict
     5.510729100,650670,,br_misp_retired.all_branches,80568557,100.00,,
     5.610948420,90131860,,inst_retired.any,80604716,100.00,154.1,IpMispredict
     5.610948420,648786,,br_misp_retired.all_branches,80604716,100.00,,
     5.711143510,90450571,,inst_retired.any,80833002,100.00,154.4,IpMispredict
     5.711143510,652222,,br_misp_retired.all_branches,80833002,100.00,,
     5.811341019,90695699,,inst_retired.any,80890335,100.00,154.5,IpMispredict
     5.811341019,652423,,br_misp_retired.all_branches,80890335,100.00,,
     5.911539090,90475725,,inst_retired.any,80964513,100.00,153.8,IpMispredict
     5.911539090,651506,,br_misp_retired.all_branches,80964513,100.00,,
     6.011729522,90651696,,inst_retired.any,80957230,100.00,153.8,IpMispredict
     6.011729522,655119,,br_misp_retired.all_branches,80957230,100.00,,
     6.111934375,90303823,,inst_retired.any,80688413,100.00,152.9,IpMispredict
     6.111934375,654804,,br_misp_retired.all_branches,80688413,100.00,,
     6.212129655,90415113,,inst_retired.any,80854524,100.00,152.9,IpMispredict
     6.212129655,656210,,br_misp_retired.all_branches,80854524,100.00,,
     6.312325968,39195218,,inst_retired.any,35003117,100.00,66.8,IpMispredict
     6.312325968,282336,,br_misp_retired.all_branches,35003117,100.00,,
     6.412519932,39457723,,inst_retired.any,39854641,100.00,67.8,IpMispredict
     6.412519932,304391,,br_misp_retired.all_branches,39854641,100.00,,
     6.512716406,90359052,,inst_retired.any,80787037,100.00,154.9,IpMispredict
     6.512716406,653188,,br_misp_retired.all_branches,80787037,100.00,,
     6.612911355,90558609,,inst_retired.any,80922634,100.00,155.0,IpMispredict
     6.612911355,654021,,br_misp_retired.all_branches,80922634,100.00,,
     6.713109271,90601566,,inst_retired.any,80776028,100.00,154.8,IpMispredict
     6.713109271,652297,,br_misp_retired.all_branches,80776028,100.00,,
     6.813303666,90435175,,inst_retired.any,80852372,100.00,154.2,IpMispredict
     6.813303666,649575,,br_misp_retired.all_branches,80852372,100.00,,
     6.913494459,90059823,,inst_retired.any,80496597,100.00,153.4,IpMispredict
     6.913494459,651098,,br_misp_retired.all_branches,80496597,100.00,,
     7.013689559,90335194,,inst_retired.any,80874739,100.00,153.6,IpMispredict
     7.013689559,653182,,br_misp_retired.all_branches,80874739,100.00,,
     7.113882581,90593302,,inst_retired.any,81100732,100.00,153.8,IpMispredict
     7.113882581,654747,,br_misp_retired.all_branches,81100732,100.00,,
     7.214075877,89957738,,inst_retired.any,80571778,100.00,152.5,IpMispredict
     7.214075877,646332,,br_misp_retired.all_branches,80571778,100.00,,
     7.314271331,90198603,,inst_retired.any,80690971,100.00,152.7,IpMispredict
     7.314271331,651370,,br_misp_retired.all_branches,80690971,100.00,,
     7.414467246,37931602,,inst_retired.any,33804997,100.00,64.7,IpMispredict
     7.414467246,273932,,br_misp_retired.all_branches,33804997,100.00,,
     7.514659285,40282252,,inst_retired.any,40631762,100.00,69.1,IpMispredict
     7.514659285,315326,,br_misp_retired.all_branches,40631762,100.00,,
     7.614858083,90588314,,inst_retired.any,80781828,100.00,155.2,IpMispredict
     7.614858083,654003,,br_misp_retired.all_branches,80781828,100.00,,
     7.715050854,90818865,,inst_retired.any,80923326,100.00,155.3,IpMispredict
     7.715050854,653750,,br_misp_retired.all_branches,80923326,100.00,,
     7.815243792,90453344,,inst_retired.any,80948361,100.00,154.5,IpMispredict
     7.815243792,653391,,br_misp_retired.all_branches,80948361,100.00,,
     7.915433870,90981590,,inst_retired.any,81191826,100.00,155.1,IpMispredict
     7.915433870,651982,,br_misp_retired.all_branches,81191826,100.00,,
     8.015624262,89665006,,inst_retired.any,80274482,100.00,152.7,IpMispredict
     8.015624262,646668,,br_misp_retired.all_branches,80274482,100.00,,
     8.115815834,90484898,,inst_retired.any,80850862,100.00,153.9,IpMispredict
     8.115815834,651276,,br_misp_retired.all_branches,80850862,100.00,,
     8.216007893,90855696,,inst_retired.any,81010689,100.00,154.3,IpMispredict
     8.216007893,653743,,br_misp_retired.all_branches,81010689,100.00,,
     8.316218710,90127056,,inst_retired.any,80563242,100.00,152.9,IpMispredict
     8.316218710,646724,,br_misp_retired.all_branches,80563242,100.00,,
     8.416414473,90502368,,inst_retired.any,80877682,100.00,153.3,IpMispredict
     8.416414473,649021,,br_misp_retired.all_branches,80877682,100.00,,
     8.516611464,37605841,,inst_retired.any,33579680,100.00,64.1,IpMispredict
     8.516611464,272024,,br_misp_retired.all_branches,33579680,100.00,,
     8.616806543,41616257,,inst_retired.any,40899828,100.00,71.3,IpMispredict
     8.616806543,320191,,br_misp_retired.all_branches,40899828,100.00,,
     8.717006160,90712075,,inst_retired.any,80797225,100.00,155.3,IpMispredict
     8.717006160,656145,,br_misp_retired.all_branches,80797225,100.00,,
     8.817197501,91040809,,inst_retired.any,81209056,100.00,155.6,IpMispredict
     8.817197501,655891,,br_misp_retired.all_branches,81209056,100.00,,
     8.917390229,90557067,,inst_retired.any,80830858,100.00,154.6,IpMispredict
     8.917390229,644523,,br_misp_retired.all_branches,80830858,100.00,,
     9.017584419,90789434,,inst_retired.any,80735272,100.00,154.8,IpMispredict
     9.017584419,652160,,br_misp_retired.all_branches,80735272,100.00,,
     9.117779796,90839347,,inst_retired.any,80966655,100.00,154.7,IpMispredict
     9.117779796,653069,,br_misp_retired.all_branches,80966655,100.00,,
     9.217972907,90503654,,inst_retired.any,80963853,100.00,154.0,IpMispredict
     9.217972907,650707,,br_misp_retired.all_branches,80963853,100.00,,
     9.318168288,90681252,,inst_retired.any,80947480,100.00,154.1,IpMispredict
     9.318168288,648593,,br_misp_retired.all_branches,80947480,100.00,,
     9.418362849,90561610,,inst_retired.any,80829108,100.00,153.7,IpMispredict
     9.418362849,648528,,br_misp_retired.all_branches,80829108,100.00,,
     9.518556108,90346010,,inst_retired.any,80764919,100.00,153.2,IpMispredict
     9.518556108,648780,,br_misp_retired.all_branches,80764919,100.00,,
     9.618748384,37322588,,inst_retired.any,33405812,100.00,63.6,IpMispredict
     9.618748384,267989,,br_misp_retired.all_branches,33405812,100.00,,
     9.718940763,41104380,,inst_retired.any,40716362,100.00,70.4,IpMispredict
     9.718940763,319734,,br_misp_retired.all_branches,40716362,100.00,,
     9.819139260,89645513,,inst_retired.any,80341604,100.00,153.4,IpMispredict
     9.819139260,646770,,br_misp_retired.all_branches,80341604,100.00,,
     9.919329111,90135229,,inst_retired.any,80716313,100.00,154.1,IpMispredict
     9.919329111,645614,,br_misp_retired.all_branches,80716313,100.00,,
    10.019528249,90625734,,inst_retired.any,80978210,100.00,154.8,IpMispredict
    10.019528249,647397,,br_misp_retired.all_branches,80978210,100.00,,
    10.119725283,90525513,,inst_retired.any,81016955,100.00,154.4,IpMispredict
    10.119725283,649089,,br_misp_retired.all_branches,81016955,100.00,,
    10.219945815,90156221,,inst_retired.any,80710934,100.00,153.7,IpMispredict
    10.219945815,645946,,br_misp_retired.all_branches,80710934,100.00,,
    10.320139478,90273434,,inst_retired.any,81115063,100.00,153.7,IpMispredict
    10.320139478,649024,,br_misp_retired.all_branches,81115063,100.00,,
    10.420334577,90032625,,inst_retired.any,80736791,100.00,153.1,IpMispredict
    10.420334577,644040,,br_misp_retired.all_branches,80736791,100.00,,
    10.520526515,90381080,,inst_retired.any,80971447,100.00,153.6,IpMispredict
    10.520526515,646248,,br_misp_retired.all_branches,80971447,100.00,,
    10.620719706,90379509,,inst_retired.any,81013508,100.00,153.4,IpMispredict
    10.620719706,651545,,br_misp_retired.all_branches,81013508,100.00,,
    10.720914371,37037609,,inst_retired.any,33136816,100.00,63.2,IpMispredict
    10.720914371,265834,,br_misp_retired.all_branches,33136816,100.00,,
    10.821107890,40787598,,inst_retired.any,40659468,100.00,69.9,IpMispredict
    10.821107890,314353,,br_misp_retired.all_branches,40659468,100.00,,
    10.921305166,90376363,,inst_retired.any,80704871,100.00,154.7,IpMispredict
    10.921305166,656427,,br_misp_retired.all_branches,80704871,100.00,,
    11.021519257,90593918,,inst_retired.any,80932800,100.00,154.9,IpMispredict
    11.021519257,655913,,br_misp_retired.all_branches,80932800,100.00,,
