# started on Mon May  1 17:50:28 2023

     0.100240158,3326042,,offcore_response.all_requests.llc_hit.any_response,43058213,100.00,,
     0.100240158,317,,offcore_response.all_requests.llc_miss.any_response,43027186,100.00,,
     0.200446595,3354788,,offcore_response.all_requests.llc_hit.any_response,42996171,100.00,,
     0.200446595,481,,offcore_response.all_requests.llc_miss.any_response,43010826,100.00,,
     0.300631106,3332177,,offcore_response.all_requests.llc_hit.any_response,45489574,100.00,,
     0.300631106,635,,offcore_response.all_requests.llc_miss.any_response,45496741,100.00,,
     0.400839619,3292203,,offcore_response.all_requests.llc_hit.any_response,45500149,100.00,,
     0.400839619,466,,offcore_response.all_requests.llc_miss.any_response,45502621,100.00,,
     0.501053955,3293575,,offcore_response.all_requests.llc_hit.any_response,45154655,100.00,,
     0.501053955,345,,offcore_response.all_requests.llc_miss.any_response,45123603,100.00,,
     0.601272757,3201972,,offcore_response.all_requests.llc_hit.any_response,44884187,100.00,,
     0.601272757,501,,offcore_response.all_requests.llc_miss.any_response,44914851,100.00,,
     0.701487356,3298551,,offcore_response.all_requests.llc_hit.any_response,44196484,100.00,,
     0.701487356,434,,offcore_response.all_requests.llc_miss.any_response,44195817,100.00,,
     0.801701904,3281761,,offcore_response.all_requests.llc_hit.any_response,45561679,100.00,,
     0.801701904,377,,offcore_response.all_requests.llc_miss.any_response,45562108,100.00,,
     0.901917974,3265256,,offcore_response.all_requests.llc_hit.any_response,45665456,100.00,,
     0.901917974,385,,offcore_response.all_requests.llc_miss.any_response,45635030,100.00,,
     1.002130752,3273309,,offcore_response.all_requests.llc_hit.any_response,46037978,100.00,,
     1.002130752,570,,offcore_response.all_requests.llc_miss.any_response,46075554,100.00,,
     1.102359403,3312896,,offcore_response.all_requests.llc_hit.any_response,42012927,100.00,,
     1.102359403,338,,offcore_response.all_requests.llc_miss.any_response,41975351,100.00,,
     1.202574455,3327460,,offcore_response.all_requests.llc_hit.any_response,44084487,100.00,,
     1.202574455,291,,offcore_response.all_requests.llc_miss.any_response,44084487,100.00,,
     1.302784279,3355868,,offcore_response.all_requests.llc_hit.any_response,44289364,100.00,,
     1.302784279,1206,,offcore_response.all_requests.llc_miss.any_response,44289364,100.00,,
     1.402994575,3267502,,offcore_response.all_requests.llc_hit.any_response,42521040,100.00,,
     1.402994575,253,,offcore_response.all_requests.llc_miss.any_response,42521040,100.00,,
     1.503206815,3293134,,offcore_response.all_requests.llc_hit.any_response,43139550,100.00,,
     1.503206815,265,,offcore_response.all_requests.llc_miss.any_response,43139550,100.00,,
     1.603413566,3325833,,offcore_response.all_requests.llc_hit.any_response,44017327,100.00,,
     1.603413566,429,,offcore_response.all_requests.llc_miss.any_response,44017327,100.00,,
     1.703622435,3276676,,offcore_response.all_requests.llc_hit.any_response,43155827,100.00,,
     1.703622435,414,,offcore_response.all_requests.llc_miss.any_response,43186508,100.00,,
     1.803840088,3334742,,offcore_response.all_requests.llc_hit.any_response,41810871,100.00,,
     1.803840088,394,,offcore_response.all_requests.llc_miss.any_response,41780190,100.00,,
     1.904053504,3268745,,offcore_response.all_requests.llc_hit.any_response,43009875,100.00,,
     1.904053504,363,,offcore_response.all_requests.llc_miss.any_response,43040323,100.00,,
     2.004266175,3303622,,offcore_response.all_requests.llc_hit.any_response,43888974,100.00,,
     2.004266175,426,,offcore_response.all_requests.llc_miss.any_response,43858526,100.00,,
     2.104474092,3212030,,offcore_response.all_requests.llc_hit.any_response,42740807,100.00,,
     2.104474092,311,,offcore_response.all_requests.llc_miss.any_response,42740807,100.00,,
     2.204682560,3314363,,offcore_response.all_requests.llc_hit.any_response,43962223,100.00,,
     2.204682560,365,,offcore_response.all_requests.llc_miss.any_response,43992619,100.00,,
     2.304913127,3216569,,offcore_response.all_requests.llc_hit.any_response,45679071,100.00,,
     2.304913127,521,,offcore_response.all_requests.llc_miss.any_response,45648675,100.00,,
     2.405121979,3253255,,offcore_response.all_requests.llc_hit.any_response,45206146,100.00,,
     2.405121979,377,,offcore_response.all_requests.llc_miss.any_response,45236332,100.00,,
     2.505334022,3292749,,offcore_response.all_requests.llc_hit.any_response,45809442,100.00,,
     2.505334022,362,,offcore_response.all_requests.llc_miss.any_response,45796957,100.00,,
     2.605545654,3185974,,offcore_response.all_requests.llc_hit.any_response,43456806,100.00,,
     2.605545654,310,,offcore_response.all_requests.llc_miss.any_response,43469401,100.00,,
     2.705760109,3285251,,offcore_response.all_requests.llc_hit.any_response,45324257,100.00,,
     2.705760109,416,,offcore_response.all_requests.llc_miss.any_response,45324135,100.00,,
     2.805975146,3318457,,offcore_response.all_requests.llc_hit.any_response,43905395,100.00,,
     2.805975146,564,,offcore_response.all_requests.llc_miss.any_response,43905834,100.00,,
     2.906188606,3300769,,offcore_response.all_requests.llc_hit.any_response,43971065,100.00,,
     2.906188606,356,,offcore_response.all_requests.llc_miss.any_response,43940452,100.00,,
     3.006396266,3314207,,offcore_response.all_requests.llc_hit.any_response,43498753,100.00,,
     3.006396266,461,,offcore_response.all_requests.llc_miss.any_response,43528973,100.00,,
     3.106608536,3269739,,offcore_response.all_requests.llc_hit.any_response,42249865,100.00,,
     3.106608536,303,,offcore_response.all_requests.llc_miss.any_response,42249931,100.00,,
     3.206822440,3399745,,offcore_response.all_requests.llc_hit.any_response,44017785,100.00,,
     3.206822440,316,,offcore_response.all_requests.llc_miss.any_response,44018020,100.00,,
     3.307036207,3308045,,offcore_response.all_requests.llc_hit.any_response,42635530,100.00,,
     3.307036207,322,,offcore_response.all_requests.llc_miss.any_response,42628110,100.00,,
     3.407249848,3318265,,offcore_response.all_requests.llc_hit.any_response,43305583,100.00,,
     3.407249848,326,,offcore_response.all_requests.llc_miss.any_response,43312972,100.00,,
     3.507465355,3269493,,offcore_response.all_requests.llc_hit.any_response,42785379,100.00,,
     3.507465355,394,,offcore_response.all_requests.llc_miss.any_response,42785423,100.00,,
     3.607650430,3330788,,offcore_response.all_requests.llc_hit.any_response,43560525,100.00,,
     3.607650430,456,,offcore_response.all_requests.llc_miss.any_response,43529991,100.00,,
     3.707859181,3239173,,offcore_response.all_requests.llc_hit.any_response,42592476,100.00,,
     3.707859181,395,,offcore_response.all_requests.llc_miss.any_response,42592476,100.00,,
     3.808067368,3309748,,offcore_response.all_requests.llc_hit.any_response,44288228,100.00,,
     3.808067368,430,,offcore_response.all_requests.llc_miss.any_response,44288228,100.00,,
     3.908279913,3264967,,offcore_response.all_requests.llc_hit.any_response,41986159,100.00,,
     3.908279913,246,,offcore_response.all_requests.llc_miss.any_response,41986159,100.00,,
     4.008487455,3337678,,offcore_response.all_requests.llc_hit.any_response,44007143,100.00,,
     4.008487455,366,,offcore_response.all_requests.llc_miss.any_response,44007143,100.00,,
     4.108695924,3300731,,offcore_response.all_requests.llc_hit.any_response,43290935,100.00,,
     4.108695924,430,,offcore_response.all_requests.llc_miss.any_response,43290935,100.00,,
     4.208905608,3281489,,offcore_response.all_requests.llc_hit.any_response,42816391,100.00,,
     4.208905608,638,,offcore_response.all_requests.llc_miss.any_response,42816391,100.00,,
     4.309115539,3303132,,offcore_response.all_requests.llc_hit.any_response,43195092,100.00,,
     4.309115539,591,,offcore_response.all_requests.llc_miss.any_response,43217173,100.00,,
     4.409326784,3355727,,offcore_response.all_requests.llc_hit.any_response,45621581,100.00,,
     4.409326784,317,,offcore_response.all_requests.llc_miss.any_response,45599500,100.00,,
     4.509556816,3281028,,offcore_response.all_requests.llc_hit.any_response,45397761,100.00,,
     4.509556816,306,,offcore_response.all_requests.llc_miss.any_response,45397761,100.00,,
     4.609768845,3265143,,offcore_response.all_requests.llc_hit.any_response,46664801,100.00,,
     4.609768845,470,,offcore_response.all_requests.llc_miss.any_response,46694870,100.00,,
     4.709989398,3324703,,offcore_response.all_requests.llc_hit.any_response,42088929,100.00,,
     4.709989398,235,,offcore_response.all_requests.llc_miss.any_response,42089208,100.00,,
     4.810202968,3363801,,offcore_response.all_requests.llc_hit.any_response,44179242,100.00,,
     4.810202968,455,,offcore_response.all_requests.llc_miss.any_response,44148894,100.00,,
     4.910412996,3299461,,offcore_response.all_requests.llc_hit.any_response,43954798,100.00,,
     4.910412996,400,,offcore_response.all_requests.llc_miss.any_response,43972415,100.00,,
     5.010626867,3330318,,offcore_response.all_requests.llc_hit.any_response,43686333,100.00,,
     5.010626867,309,,offcore_response.all_requests.llc_miss.any_response,43668716,100.00,,
     5.110835472,3334345,,offcore_response.all_requests.llc_hit.any_response,44206497,100.00,,
     5.110835472,312,,offcore_response.all_requests.llc_miss.any_response,44206497,100.00,,
     5.211043389,3280412,,offcore_response.all_requests.llc_hit.any_response,43620281,100.00,,
     5.211043389,534,,offcore_response.all_requests.llc_miss.any_response,43620281,100.00,,
     5.311250003,3352200,,offcore_response.all_requests.llc_hit.any_response,44496721,100.00,,
     5.311250003,527,,offcore_response.all_requests.llc_miss.any_response,44527069,100.00,,
     5.411467241,3308749,,offcore_response.all_requests.llc_hit.any_response,43682067,100.00,,
     5.411467241,651,,offcore_response.all_requests.llc_miss.any_response,43651719,100.00,,
     5.511677471,3291826,,offcore_response.all_requests.llc_hit.any_response,42644938,100.00,,
     5.511677471,214,,offcore_response.all_requests.llc_miss.any_response,42644938,100.00,,
     5.611888017,3294376,,offcore_response.all_requests.llc_hit.any_response,43465309,100.00,,
     5.611888017,608,,offcore_response.all_requests.llc_miss.any_response,43495810,100.00,,
     5.712111118,3315259,,offcore_response.all_requests.llc_hit.any_response,43632759,100.00,,
     5.712111118,488,,offcore_response.all_requests.llc_miss.any_response,43632512,100.00,,
     5.812328617,3323035,,offcore_response.all_requests.llc_hit.any_response,43443232,100.00,,
     5.812328617,451,,offcore_response.all_requests.llc_miss.any_response,43443496,100.00,,
     5.912544910,3259685,,offcore_response.all_requests.llc_hit.any_response,44319813,100.00,,
     5.912544910,375,,offcore_response.all_requests.llc_miss.any_response,44319888,100.00,,
     6.012761544,3310149,,offcore_response.all_requests.llc_hit.any_response,44837284,100.00,,
     6.012761544,374,,offcore_response.all_requests.llc_miss.any_response,44806691,100.00,,
     6.112972628,3293538,,offcore_response.all_requests.llc_hit.any_response,44637717,100.00,,
     6.112972628,453,,offcore_response.all_requests.llc_miss.any_response,44637717,100.00,,
     6.213181731,3213899,,offcore_response.all_requests.llc_hit.any_response,45210541,100.00,,
     6.213181731,362,,offcore_response.all_requests.llc_miss.any_response,45210541,100.00,,
     6.313391379,3351873,,offcore_response.all_requests.llc_hit.any_response,46460478,100.00,,
     6.313391379,973,,offcore_response.all_requests.llc_miss.any_response,46477515,100.00,,
     6.413607845,3266241,,offcore_response.all_requests.llc_hit.any_response,45409736,100.00,,
     6.413607845,525,,offcore_response.all_requests.llc_miss.any_response,45417889,100.00,,
     6.513818018,3255827,,offcore_response.all_requests.llc_hit.any_response,43445653,100.00,,
     6.513818018,395,,offcore_response.all_requests.llc_miss.any_response,43420463,100.00,,
     6.614025750,3271270,,offcore_response.all_requests.llc_hit.any_response,45170888,100.00,,
     6.614025750,352,,offcore_response.all_requests.llc_miss.any_response,45201196,100.00,,
     6.714262514,3254972,,offcore_response.all_requests.llc_hit.any_response,45552278,100.00,,
     6.714262514,367,,offcore_response.all_requests.llc_miss.any_response,45521970,100.00,,
     6.814468848,3208266,,offcore_response.all_requests.llc_hit.any_response,44278682,100.00,,
     6.814468848,571,,offcore_response.all_requests.llc_miss.any_response,44278682,100.00,,
     6.914681599,3281865,,offcore_response.all_requests.llc_hit.any_response,45377260,100.00,,
     6.914681599,640,,offcore_response.all_requests.llc_miss.any_response,45377260,100.00,,
     7.014894436,3295663,,offcore_response.all_requests.llc_hit.any_response,45314671,100.00,,
     7.014894436,503,,offcore_response.all_requests.llc_miss.any_response,45314671,100.00,,
     7.115101345,3307905,,offcore_response.all_requests.llc_hit.any_response,46144620,100.00,,
     7.115101345,410,,offcore_response.all_requests.llc_miss.any_response,46159163,100.00,,
     7.215311965,3268990,,offcore_response.all_requests.llc_hit.any_response,45093454,100.00,,
     7.215311965,554,,offcore_response.all_requests.llc_miss.any_response,45078911,100.00,,
     7.315520988,3233060,,offcore_response.all_requests.llc_hit.any_response,45160660,100.00,,
     7.315520988,430,,offcore_response.all_requests.llc_miss.any_response,45160660,100.00,,
     7.415756869,3334898,,offcore_response.all_requests.llc_hit.any_response,44381915,100.00,,
     7.415756869,226,,offcore_response.all_requests.llc_miss.any_response,44381915,100.00,,
     7.515965938,3267602,,offcore_response.all_requests.llc_hit.any_response,43132572,100.00,,
     7.515965938,243,,offcore_response.all_requests.llc_miss.any_response,43163095,100.00,,
     7.616180635,3324148,,offcore_response.all_requests.llc_hit.any_response,44242116,100.00,,
     7.616180635,313,,offcore_response.all_requests.llc_miss.any_response,44241777,100.00,,
     7.716394044,3307678,,offcore_response.all_requests.llc_hit.any_response,43903792,100.00,,
     7.716394044,497,,offcore_response.all_requests.llc_miss.any_response,43873608,100.00,,
     7.816602950,3279330,,offcore_response.all_requests.llc_hit.any_response,43184356,100.00,,
     7.816602950,367,,offcore_response.all_requests.llc_miss.any_response,43184356,100.00,,
     7.916811531,3350303,,offcore_response.all_requests.llc_hit.any_response,44454408,100.00,,
     7.916811531,306,,offcore_response.all_requests.llc_miss.any_response,44454408,100.00,,
     8.017018252,3254114,,offcore_response.all_requests.llc_hit.any_response,43201920,100.00,,
     8.017018252,311,,offcore_response.all_requests.llc_miss.any_response,43212757,100.00,,
     8.117227785,3297763,,offcore_response.all_requests.llc_hit.any_response,43649218,100.00,,
     8.117227785,324,,offcore_response.all_requests.llc_miss.any_response,43638381,100.00,,
     8.217434417,3279247,,offcore_response.all_requests.llc_hit.any_response,43373764,100.00,,
     8.217434417,174,,offcore_response.all_requests.llc_miss.any_response,43404200,100.00,,
     8.317649289,3318733,,offcore_response.all_requests.llc_hit.any_response,44072177,100.00,,
     8.317649289,443,,offcore_response.all_requests.llc_miss.any_response,44072001,100.00,,
     8.417863728,3317964,,offcore_response.all_requests.llc_hit.any_response,43537021,100.00,,
     8.417863728,433,,offcore_response.all_requests.llc_miss.any_response,43543695,100.00,,
     8.518083316,3297068,,offcore_response.all_requests.llc_hit.any_response,44005419,100.00,,
     8.518083316,376,,offcore_response.all_requests.llc_miss.any_response,43998740,100.00,,
     8.618297887,3273427,,offcore_response.all_requests.llc_hit.any_response,42980813,100.00,,
     8.618297887,280,,offcore_response.all_requests.llc_miss.any_response,42950558,100.00,,
     8.718505153,3353796,,offcore_response.all_requests.llc_hit.any_response,44213467,100.00,,
     8.718505153,370,,offcore_response.all_requests.llc_miss.any_response,44213467,100.00,,
     8.818711887,3392829,,offcore_response.all_requests.llc_hit.any_response,45188542,100.00,,
     8.818711887,376,,offcore_response.all_requests.llc_miss.any_response,45198505,100.00,,
     8.918943392,3252037,,offcore_response.all_requests.llc_hit.any_response,43718487,100.00,,
     8.918943392,349,,offcore_response.all_requests.llc_miss.any_response,43708524,100.00,,
     9.019151843,3338490,,offcore_response.all_requests.llc_hit.any_response,44119035,100.00,,
     9.019151843,655,,offcore_response.all_requests.llc_miss.any_response,44138385,100.00,,
     9.119363378,3296556,,offcore_response.all_requests.llc_hit.any_response,43004146,100.00,,
     9.119363378,430,,offcore_response.all_requests.llc_miss.any_response,43015507,100.00,,
     9.219587583,3281791,,offcore_response.all_requests.llc_hit.any_response,43211556,100.00,,
     9.219587583,364,,offcore_response.all_requests.llc_miss.any_response,43211453,100.00,,
     9.319799539,3327794,,offcore_response.all_requests.llc_hit.any_response,44095215,100.00,,
     9.319799539,533,,offcore_response.all_requests.llc_miss.any_response,44064607,100.00,,
     9.420003917,3367330,,offcore_response.all_requests.llc_hit.any_response,44397249,100.00,,
     9.420003917,363,,offcore_response.all_requests.llc_miss.any_response,44397249,100.00,,
     9.520211360,3352476,,offcore_response.all_requests.llc_hit.any_response,44648542,100.00,,
     9.520211360,311,,offcore_response.all_requests.llc_miss.any_response,44648542,100.00,,
     9.620421271,3342655,,offcore_response.all_requests.llc_hit.any_response,44882093,100.00,,
     9.620421271,431,,offcore_response.all_requests.llc_miss.any_response,44882093,100.00,,
     9.720629616,3256074,,offcore_response.all_requests.llc_hit.any_response,42610657,100.00,,
     9.720629616,349,,offcore_response.all_requests.llc_miss.any_response,42640951,100.00,,
     9.820842935,3364123,,offcore_response.all_requests.llc_hit.any_response,43311384,100.00,,
     9.820842935,442,,offcore_response.all_requests.llc_miss.any_response,43281090,100.00,,
     9.921055395,3272881,,offcore_response.all_requests.llc_hit.any_response,42839433,100.00,,
     9.921055395,311,,offcore_response.all_requests.llc_miss.any_response,42839433,100.00,,
    10.021262102,3304343,,offcore_response.all_requests.llc_hit.any_response,43476426,100.00,,
    10.021262102,416,,offcore_response.all_requests.llc_miss.any_response,43476426,100.00,,
    10.121475846,3301072,,offcore_response.all_requests.llc_hit.any_response,44481387,100.00,,
    10.121475846,515,,offcore_response.all_requests.llc_miss.any_response,44481387,100.00,,
    10.221683713,3289397,,offcore_response.all_requests.llc_hit.any_response,43731228,100.00,,
    10.221683713,713,,offcore_response.all_requests.llc_miss.any_response,43761432,100.00,,
    10.321896544,3302889,,offcore_response.all_requests.llc_hit.any_response,44125140,100.00,,
    10.321896544,600,,offcore_response.all_requests.llc_miss.any_response,44094936,100.00,,
    10.422105176,3295208,,offcore_response.all_requests.llc_hit.any_response,43736047,100.00,,
    10.422105176,629,,offcore_response.all_requests.llc_miss.any_response,43763160,100.00,,
    10.522317594,3264965,,offcore_response.all_requests.llc_hit.any_response,43770444,100.00,,
    10.522317594,543,,offcore_response.all_requests.llc_miss.any_response,43774098,100.00,,
    10.622536158,3367386,,offcore_response.all_requests.llc_hit.any_response,43591545,100.00,,
    10.622536158,546,,offcore_response.all_requests.llc_miss.any_response,43591146,100.00,,
    10.722750159,3274552,,offcore_response.all_requests.llc_hit.any_response,41695004,100.00,,
    10.722750159,397,,offcore_response.all_requests.llc_miss.any_response,41684780,100.00,,
    10.822965921,3303125,,offcore_response.all_requests.llc_hit.any_response,44084106,100.00,,
    10.822965921,594,,offcore_response.all_requests.llc_miss.any_response,44087920,100.00,,
    10.923177670,3353667,,offcore_response.all_requests.llc_hit.any_response,44529423,100.00,,
    10.923177670,503,,offcore_response.all_requests.llc_miss.any_response,44539822,100.00,,
    11.023396295,3321888,,offcore_response.all_requests.llc_hit.any_response,44318253,100.00,,
    11.023396295,651,,offcore_response.all_requests.llc_miss.any_response,44283896,100.00,,
