# started on Mon May  1 17:48:29 2023

     0.100161886,32623310,,inst_retired.any,45156931,100.00,121.5,IpMispredict
     0.100161886,268451,,br_misp_retired.all_branches,45156931,100.00,,
     0.200382806,31893264,,inst_retired.any,42983493,100.00,121.7,IpMispredict
     0.200382806,255714,,br_misp_retired.all_branches,42983493,100.00,,
     0.300586453,32116145,,inst_retired.any,44039732,100.00,122.8,IpMispredict
     0.300586453,260268,,br_misp_retired.all_branches,44039732,100.00,,
     0.400794712,32224885,,inst_retired.any,44278251,100.00,122.0,IpMispredict
     0.400794712,272165,,br_misp_retired.all_branches,44278251,100.00,,
     0.500996056,33040756,,inst_retired.any,43819887,100.00,124.2,IpMispredict
     0.500996056,273557,,br_misp_retired.all_branches,43819887,100.00,,
     0.601196975,32171927,,inst_retired.any,42559820,100.00,122.9,IpMispredict
     0.601196975,239922,,br_misp_retired.all_branches,42559820,100.00,,
     0.701396873,32221602,,inst_retired.any,44122141,100.00,122.7,IpMispredict
     0.701396873,268290,,br_misp_retired.all_branches,44122141,100.00,,
     0.801601697,31935000,,inst_retired.any,43200781,100.00,122.1,IpMispredict
     0.801601697,253495,,br_misp_retired.all_branches,43200781,100.00,,
     0.901805797,32158706,,inst_retired.any,44061693,100.00,122.8,IpMispredict
     0.901805797,264857,,br_misp_retired.all_branches,44061693,100.00,,
     1.002004151,32030867,,inst_retired.any,43808368,100.00,122.6,IpMispredict
     1.002004151,255078,,br_misp_retired.all_branches,43808368,100.00,,
     1.102206483,32592497,,inst_retired.any,43969202,100.00,124.6,IpMispredict
     1.102206483,266081,,br_misp_retired.all_branches,43969202,100.00,,
     1.202410072,32241652,,inst_retired.any,42092652,100.00,124.2,IpMispredict
     1.202410072,237118,,br_misp_retired.all_branches,42092652,100.00,,
     1.302609207,32002830,,inst_retired.any,44192929,100.00,122.6,IpMispredict
     1.302609207,278698,,br_misp_retired.all_branches,44192929,100.00,,
     1.402807764,32153544,,inst_retired.any,43515336,100.00,123.2,IpMispredict
     1.402807764,260037,,br_misp_retired.all_branches,43515336,100.00,,
     1.503014103,32172937,,inst_retired.any,42816975,100.00,123.8,IpMispredict
     1.503014103,244168,,br_misp_retired.all_branches,42816975,100.00,,
     1.603216426,32395312,,inst_retired.any,43789400,100.00,125.0,IpMispredict
     1.603216426,247230,,br_misp_retired.all_branches,43789400,100.00,,
     1.703420140,32192430,,inst_retired.any,43619022,100.00,124.2,IpMispredict
     1.703420140,261450,,br_misp_retired.all_branches,43619022,100.00,,
     1.803626850,32144616,,inst_retired.any,43570358,100.00,124.1,IpMispredict
     1.803626850,256497,,br_misp_retired.all_branches,43570358,100.00,,
     1.903840556,32153339,,inst_retired.any,43440263,100.00,123.9,IpMispredict
     1.903840556,267783,,br_misp_retired.all_branches,43440263,100.00,,
     2.004045511,32426073,,inst_retired.any,46643858,100.00,124.1,IpMispredict
     2.004045511,293195,,br_misp_retired.all_branches,46643858,100.00,,
     2.104248887,32016805,,inst_retired.any,45098501,100.00,122.7,IpMispredict
     2.104248887,253633,,br_misp_retired.all_branches,45098501,100.00,,
     2.204449342,32275306,,inst_retired.any,45881266,100.00,123.7,IpMispredict
     2.204449342,262338,,br_misp_retired.all_branches,45881266,100.00,,
     2.304649699,32392776,,inst_retired.any,46585605,100.00,123.4,IpMispredict
     2.304649699,297867,,br_misp_retired.all_branches,46585605,100.00,,
     2.404848223,32122372,,inst_retired.any,45336539,100.00,122.4,IpMispredict
     2.404848223,261745,,br_misp_retired.all_branches,45336539,100.00,,
     2.505051929,32174831,,inst_retired.any,45480475,100.00,122.8,IpMispredict
     2.505051929,250527,,br_misp_retired.all_branches,45480475,100.00,,
     2.605251565,32315542,,inst_retired.any,45869403,100.00,123.3,IpMispredict
     2.605251565,266275,,br_misp_retired.all_branches,45869403,100.00,,
     2.705453636,32184676,,inst_retired.any,45441616,100.00,122.8,IpMispredict
     2.705453636,259877,,br_misp_retired.all_branches,45441616,100.00,,
     2.805674659,32375645,,inst_retired.any,46031765,100.00,123.3,IpMispredict
     2.805674659,275991,,br_misp_retired.all_branches,46031765,100.00,,
     2.905875840,32249413,,inst_retired.any,44950172,100.00,122.7,IpMispredict
     2.905875840,268643,,br_misp_retired.all_branches,44950172,100.00,,
     3.006074981,31712054,,inst_retired.any,43620271,100.00,120.9,IpMispredict
     3.006074981,249756,,br_misp_retired.all_branches,43620271,100.00,,
     3.106278750,32654490,,inst_retired.any,46148858,100.00,124.7,IpMispredict
     3.106278750,246745,,br_misp_retired.all_branches,46148858,100.00,,
     3.206481938,32239935,,inst_retired.any,45479293,100.00,123.1,IpMispredict
     3.206481938,261979,,br_misp_retired.all_branches,45479293,100.00,,
     3.306692948,32045851,,inst_retired.any,44249411,100.00,122.5,IpMispredict
     3.306692948,251932,,br_misp_retired.all_branches,44249411,100.00,,
     3.406893827,32237308,,inst_retired.any,45662770,100.00,123.1,IpMispredict
     3.406893827,269152,,br_misp_retired.all_branches,45662770,100.00,,
     3.507099814,32453478,,inst_retired.any,45194580,100.00,124.2,IpMispredict
     3.507099814,246996,,br_misp_retired.all_branches,45194580,100.00,,
     3.607307135,31733092,,inst_retired.any,45261460,100.00,121.0,IpMispredict
     3.607307135,293375,,br_misp_retired.all_branches,45261460,100.00,,
     3.707538499,32599611,,inst_retired.any,43222626,100.00,123.7,IpMispredict
     3.707538499,306135,,br_misp_retired.all_branches,43222626,100.00,,
     3.807739411,32141244,,inst_retired.any,43161252,100.00,122.3,IpMispredict
     3.807739411,239448,,br_misp_retired.all_branches,43161252,100.00,,
     3.907943264,32033961,,inst_retired.any,43676214,100.00,121.9,IpMispredict
     3.907943264,261355,,br_misp_retired.all_branches,43676214,100.00,,
     4.008155065,32598269,,inst_retired.any,43633841,100.00,123.6,IpMispredict
     4.008155065,297568,,br_misp_retired.all_branches,43633841,100.00,,
     4.108367698,31968610,,inst_retired.any,43226705,100.00,121.3,IpMispredict
     4.108367698,263388,,br_misp_retired.all_branches,43226705,100.00,,
     4.208567879,32405750,,inst_retired.any,44525417,100.00,122.5,IpMispredict
     4.208567879,299372,,br_misp_retired.all_branches,44525417,100.00,,
     4.308765855,32072394,,inst_retired.any,43530128,100.00,121.3,IpMispredict
     4.308765855,262086,,br_misp_retired.all_branches,43530128,100.00,,
     4.408966470,32334306,,inst_retired.any,42879142,100.00,122.4,IpMispredict
     4.408966470,249114,,br_misp_retired.all_branches,42879142,100.00,,
     4.509167316,32286795,,inst_retired.any,43594652,100.00,122.3,IpMispredict
     4.509167316,255821,,br_misp_retired.all_branches,43594652,100.00,,
     4.609372602,32069069,,inst_retired.any,43378285,100.00,121.6,IpMispredict
     4.609372602,252313,,br_misp_retired.all_branches,43378285,100.00,,
     4.709572856,32328216,,inst_retired.any,44051852,100.00,122.7,IpMispredict
     4.709572856,256502,,br_misp_retired.all_branches,44051852,100.00,,
     4.809778386,31920314,,inst_retired.any,43741762,100.00,121.3,IpMispredict
     4.809778386,251283,,br_misp_retired.all_branches,43741762,100.00,,
     4.909978066,32210189,,inst_retired.any,43898872,100.00,122.3,IpMispredict
     4.909978066,269608,,br_misp_retired.all_branches,43898872,100.00,,
     5.010177762,32208961,,inst_retired.any,43692649,100.00,122.2,IpMispredict
     5.010177762,271770,,br_misp_retired.all_branches,43692649,100.00,,
     5.110375240,32316272,,inst_retired.any,43884171,100.00,122.7,IpMispredict
     5.110375240,252616,,br_misp_retired.all_branches,43884171,100.00,,
     5.210575157,32252137,,inst_retired.any,44196867,100.00,122.4,IpMispredict
     5.210575157,269891,,br_misp_retired.all_branches,44196867,100.00,,
     5.310773998,32084713,,inst_retired.any,43280660,100.00,121.9,IpMispredict
     5.310773998,250647,,br_misp_retired.all_branches,43280660,100.00,,
     5.410981700,32153522,,inst_retired.any,43298166,100.00,121.9,IpMispredict
     5.410981700,291492,,br_misp_retired.all_branches,43298166,100.00,,
     5.511202682,32693350,,inst_retired.any,43585186,100.00,124.0,IpMispredict
     5.511202682,254323,,br_misp_retired.all_branches,43585186,100.00,,
     5.611407721,32312129,,inst_retired.any,44294666,100.00,122.4,IpMispredict
     5.611407721,288125,,br_misp_retired.all_branches,44294666,100.00,,
     5.711608656,32033678,,inst_retired.any,43438664,100.00,121.3,IpMispredict
     5.711608656,265374,,br_misp_retired.all_branches,43438664,100.00,,
     5.811811908,32435120,,inst_retired.any,44660175,100.00,122.8,IpMispredict
     5.811811908,264540,,br_misp_retired.all_branches,44660175,100.00,,
     5.912016405,32141015,,inst_retired.any,43660260,100.00,121.8,IpMispredict
     5.912016405,254953,,br_misp_retired.all_branches,43660260,100.00,,
     6.012220706,32100016,,inst_retired.any,44619463,100.00,121.6,IpMispredict
     6.012220706,264876,,br_misp_retired.all_branches,44619463,100.00,,
     6.112424852,32162483,,inst_retired.any,45357641,100.00,122.0,IpMispredict
     6.112424852,247419,,br_misp_retired.all_branches,45357641,100.00,,
     6.212625074,32344014,,inst_retired.any,44417826,100.00,122.8,IpMispredict
     6.212625074,243789,,br_misp_retired.all_branches,44417826,100.00,,
     6.312823801,32263211,,inst_retired.any,45760925,100.00,122.4,IpMispredict
     6.312823801,276739,,br_misp_retired.all_branches,45760925,100.00,,
     6.413022335,31742119,,inst_retired.any,43967407,100.00,120.6,IpMispredict
     6.413022335,245943,,br_misp_retired.all_branches,43967407,100.00,,
     6.513223408,32712885,,inst_retired.any,44754406,100.00,124.3,IpMispredict
     6.513223408,262562,,br_misp_retired.all_branches,44754406,100.00,,
     6.613421979,32058922,,inst_retired.any,46305903,100.00,121.7,IpMispredict
     6.613421979,276953,,br_misp_retired.all_branches,46305903,100.00,,
     6.713619496,32115329,,inst_retired.any,45240990,100.00,122.0,IpMispredict
     6.713619496,248226,,br_misp_retired.all_branches,45240990,100.00,,
     6.813814689,32366572,,inst_retired.any,45664971,100.00,123.0,IpMispredict
     6.813814689,259288,,br_misp_retired.all_branches,45664971,100.00,,
     6.914025762,32036668,,inst_retired.any,43420439,100.00,121.7,IpMispredict
     6.914025762,270813,,br_misp_retired.all_branches,43420439,100.00,,
     7.014239674,32180727,,inst_retired.any,42837785,100.00,122.2,IpMispredict
     7.014239674,267807,,br_misp_retired.all_branches,42837785,100.00,,
     7.114454215,32387038,,inst_retired.any,44920633,100.00,123.1,IpMispredict
     7.114454215,240190,,br_misp_retired.all_branches,44920633,100.00,,
     7.214666524,31872476,,inst_retired.any,45245480,100.00,121.2,IpMispredict
     7.214666524,264788,,br_misp_retired.all_branches,45245480,100.00,,
     7.314874106,32645689,,inst_retired.any,45762953,100.00,124.1,IpMispredict
     7.314874106,263531,,br_misp_retired.all_branches,45762953,100.00,,
     7.415073193,31878978,,inst_retired.any,44176631,100.00,121.3,IpMispredict
     7.415073193,248655,,br_misp_retired.all_branches,44176631,100.00,,
     7.515274630,32444465,,inst_retired.any,45572198,100.00,123.4,IpMispredict
     7.515274630,261251,,br_misp_retired.all_branches,45572198,100.00,,
     7.615482670,31879836,,inst_retired.any,44791149,100.00,121.4,IpMispredict
     7.615482670,247794,,br_misp_retired.all_branches,44791149,100.00,,
     7.715686542,32256392,,inst_retired.any,45841305,100.00,122.8,IpMispredict
     7.715686542,261500,,br_misp_retired.all_branches,45841305,100.00,,
     7.815890054,32211358,,inst_retired.any,44237276,100.00,122.7,IpMispredict
     7.815890054,256453,,br_misp_retired.all_branches,44237276,100.00,,
     7.916096977,32225784,,inst_retired.any,45525174,100.00,122.7,IpMispredict
     7.916096977,266337,,br_misp_retired.all_branches,45525174,100.00,,
     8.016301575,32244195,,inst_retired.any,45732982,100.00,122.8,IpMispredict
     8.016301575,260488,,br_misp_retired.all_branches,45732982,100.00,,
     8.116506045,32308646,,inst_retired.any,44794115,100.00,123.1,IpMispredict
     8.116506045,255737,,br_misp_retired.all_branches,44794115,100.00,,
     8.216704610,31784855,,inst_retired.any,44765475,100.00,121.2,IpMispredict
     8.216704610,249520,,br_misp_retired.all_branches,44765475,100.00,,
     8.316928683,32619632,,inst_retired.any,45394060,100.00,124.4,IpMispredict
     8.316928683,258748,,br_misp_retired.all_branches,45394060,100.00,,
     8.417131262,31994511,,inst_retired.any,44914428,100.00,122.1,IpMispredict
     8.417131262,248189,,br_misp_retired.all_branches,44914428,100.00,,
     8.517330832,32568516,,inst_retired.any,45930409,100.00,124.2,IpMispredict
     8.517330832,274334,,br_misp_retired.all_branches,45930409,100.00,,
     8.617530287,32023590,,inst_retired.any,45463449,100.00,122.2,IpMispredict
     8.617530287,252922,,br_misp_retired.all_branches,45463449,100.00,,
     8.717741747,32338026,,inst_retired.any,45962826,100.00,123.5,IpMispredict
     8.717741747,244317,,br_misp_retired.all_branches,45962826,100.00,,
     8.817945968,32145474,,inst_retired.any,44874623,100.00,122.9,IpMispredict
     8.817945968,235520,,br_misp_retired.all_branches,44874623,100.00,,
     8.918147829,32181877,,inst_retired.any,44903269,100.00,123.1,IpMispredict
     8.918147829,246416,,br_misp_retired.all_branches,44903269,100.00,,
     9.018350252,32448893,,inst_retired.any,45935458,100.00,124.1,IpMispredict
     9.018350252,256475,,br_misp_retired.all_branches,45935458,100.00,,
     9.118549360,31989123,,inst_retired.any,44569933,100.00,122.4,IpMispredict
     9.118549360,259926,,br_misp_retired.all_branches,44569933,100.00,,
     9.218750403,32028026,,inst_retired.any,44123990,100.00,122.6,IpMispredict
     9.218750403,241898,,br_misp_retired.all_branches,44123990,100.00,,
     9.318950440,32309741,,inst_retired.any,45754516,100.00,123.7,IpMispredict
     9.318950440,255384,,br_misp_retired.all_branches,45754516,100.00,,
     9.419150143,32063707,,inst_retired.any,45354421,100.00,122.8,IpMispredict
     9.419150143,251290,,br_misp_retired.all_branches,45354421,100.00,,
     9.519352355,32387066,,inst_retired.any,45896087,100.00,124.0,IpMispredict
     9.519352355,281144,,br_misp_retired.all_branches,45896087,100.00,,
     9.619570066,32198019,,inst_retired.any,45078835,100.00,123.2,IpMispredict
     9.619570066,280518,,br_misp_retired.all_branches,45078835,100.00,,
     9.719774197,32161977,,inst_retired.any,45376683,100.00,123.1,IpMispredict
     9.719774197,246279,,br_misp_retired.all_branches,45376683,100.00,,
     9.819973993,32175291,,inst_retired.any,44804377,100.00,123.2,IpMispredict
     9.819973993,249090,,br_misp_retired.all_branches,44804377,100.00,,
     9.920176275,32065929,,inst_retired.any,45417255,100.00,122.8,IpMispredict
     9.920176275,256877,,br_misp_retired.all_branches,45417255,100.00,,
    10.020376940,32452500,,inst_retired.any,44944642,100.00,124.2,IpMispredict
    10.020376940,275847,,br_misp_retired.all_branches,44944642,100.00,,
    10.120581028,32213553,,inst_retired.any,43804430,100.00,123.2,IpMispredict
    10.120581028,275937,,br_misp_retired.all_branches,43804430,100.00,,
    10.220791078,31856883,,inst_retired.any,43341329,100.00,121.9,IpMispredict
    10.220791078,259847,,br_misp_retired.all_branches,43341329,100.00,,
    10.320992211,32576818,,inst_retired.any,43732052,100.00,124.7,IpMispredict
    10.320992211,244959,,br_misp_retired.all_branches,43732052,100.00,,
    10.421195014,32245522,,inst_retired.any,43398959,100.00,123.5,IpMispredict
    10.421195014,239408,,br_misp_retired.all_branches,43398959,100.00,,
    10.521399017,32507232,,inst_retired.any,44134546,100.00,124.4,IpMispredict
    10.521399017,284535,,br_misp_retired.all_branches,44134546,100.00,,
    10.621602532,32207225,,inst_retired.any,45826247,100.00,123.3,IpMispredict
    10.621602532,257289,,br_misp_retired.all_branches,45826247,100.00,,
    10.721809902,31858676,,inst_retired.any,41579839,100.00,121.9,IpMispredict
    10.721809902,271180,,br_misp_retired.all_branches,41579839,100.00,,
    10.822013619,32623833,,inst_retired.any,45535209,100.00,124.9,IpMispredict
    10.822013619,263051,,br_misp_retired.all_branches,45535209,100.00,,
    10.922216004,32103856,,inst_retired.any,45253274,100.00,122.9,IpMispredict
    10.922216004,263621,,br_misp_retired.all_branches,45253274,100.00,,
    11.022433763,32529761,,inst_retired.any,45662846,100.00,124.5,IpMispredict
    11.022433763,251067,,br_misp_retired.all_branches,45662846,100.00,,
