# started on Mon May  1 17:50:42 2023

     0.100226768,6422277,,offcore_response.all_requests.llc_hit.any_response,53771664,100.00,,
     0.100226768,956,,offcore_response.all_requests.llc_miss.any_response,53750578,100.00,,
     0.200443097,6450773,,offcore_response.all_requests.llc_hit.any_response,54162101,100.00,,
     0.200443097,566,,offcore_response.all_requests.llc_miss.any_response,54161864,100.00,,
     0.300664862,6427345,,offcore_response.all_requests.llc_hit.any_response,54681859,100.00,,
     0.300664862,972,,offcore_response.all_requests.llc_miss.any_response,54652076,100.00,,
     0.400885319,6373106,,offcore_response.all_requests.llc_hit.any_response,61329911,100.00,,
     0.400885319,1314,,offcore_response.all_requests.llc_miss.any_response,61361954,100.00,,
     0.501081407,6376409,,offcore_response.all_requests.llc_hit.any_response,57184108,100.00,,
     0.501081407,630,,offcore_response.all_requests.llc_miss.any_response,57180926,100.00,,
     0.601293611,6360632,,offcore_response.all_requests.llc_hit.any_response,57466988,100.00,,
     0.601293611,471,,offcore_response.all_requests.llc_miss.any_response,57469061,100.00,,
     0.701517441,6495274,,offcore_response.all_requests.llc_hit.any_response,58538864,100.00,,
     0.701517441,694,,offcore_response.all_requests.llc_miss.any_response,58537978,100.00,,
     0.801733280,6426988,,offcore_response.all_requests.llc_hit.any_response,53661531,100.00,,
     0.801733280,769,,offcore_response.all_requests.llc_miss.any_response,53631483,100.00,,
     0.901945677,6461515,,offcore_response.all_requests.llc_hit.any_response,54245585,100.00,,
     0.901945677,693,,offcore_response.all_requests.llc_miss.any_response,54245585,100.00,,
     1.002155772,6489479,,offcore_response.all_requests.llc_hit.any_response,54457493,100.00,,
     1.002155772,752,,offcore_response.all_requests.llc_miss.any_response,54487303,100.00,,
     1.102374393,6408063,,offcore_response.all_requests.llc_hit.any_response,53759292,100.00,,
     1.102374393,549,,offcore_response.all_requests.llc_miss.any_response,53759349,100.00,,
     1.202589343,6499400,,offcore_response.all_requests.llc_hit.any_response,54294745,100.00,,
     1.202589343,609,,offcore_response.all_requests.llc_miss.any_response,54294689,100.00,,
     1.302805498,6347329,,offcore_response.all_requests.llc_hit.any_response,61091278,100.00,,
     1.302805498,807,,offcore_response.all_requests.llc_miss.any_response,61061467,100.00,,
     1.403020695,6371520,,offcore_response.all_requests.llc_hit.any_response,57085077,100.00,,
     1.403020695,425,,offcore_response.all_requests.llc_miss.any_response,57085077,100.00,,
     1.503235101,6325420,,offcore_response.all_requests.llc_hit.any_response,57662362,100.00,,
     1.503235101,756,,offcore_response.all_requests.llc_miss.any_response,57693625,100.00,,
     1.603454013,6376213,,offcore_response.all_requests.llc_hit.any_response,62517713,100.00,,
     1.603454013,712,,offcore_response.all_requests.llc_miss.any_response,62516448,100.00,,
     1.703668869,6532770,,offcore_response.all_requests.llc_hit.any_response,58444431,100.00,,
     1.703668869,753,,offcore_response.all_requests.llc_miss.any_response,58444185,100.00,,
     1.803886579,6323635,,offcore_response.all_requests.llc_hit.any_response,56509426,100.00,,
     1.803886579,775,,offcore_response.all_requests.llc_miss.any_response,56509453,100.00,,
     1.904103616,6417182,,offcore_response.all_requests.llc_hit.any_response,57471665,100.00,,
     1.904103616,777,,offcore_response.all_requests.llc_miss.any_response,57441886,100.00,,
     2.004316287,6329546,,offcore_response.all_requests.llc_hit.any_response,56572959,100.00,,
     2.004316287,656,,offcore_response.all_requests.llc_miss.any_response,56603951,100.00,,
     2.104538149,6383814,,offcore_response.all_requests.llc_hit.any_response,57509997,100.00,,
     2.104538149,689,,offcore_response.all_requests.llc_miss.any_response,57479005,100.00,,
     2.204750309,6327368,,offcore_response.all_requests.llc_hit.any_response,56369398,100.00,,
     2.204750309,594,,offcore_response.all_requests.llc_miss.any_response,56399289,100.00,,
     2.304981062,6429151,,offcore_response.all_requests.llc_hit.any_response,57549014,100.00,,
     2.304981062,560,,offcore_response.all_requests.llc_miss.any_response,57548975,100.00,,
     2.405198892,6350902,,offcore_response.all_requests.llc_hit.any_response,56815805,100.00,,
     2.405198892,745,,offcore_response.all_requests.llc_miss.any_response,56815839,100.00,,
     2.505414262,6411686,,offcore_response.all_requests.llc_hit.any_response,57450778,100.00,,
     2.505414262,912,,offcore_response.all_requests.llc_miss.any_response,57435611,100.00,,
     2.605627565,6318948,,offcore_response.all_requests.llc_hit.any_response,56560096,100.00,,
     2.605627565,819,,offcore_response.all_requests.llc_miss.any_response,56575146,100.00,,
     2.705842829,6367163,,offcore_response.all_requests.llc_hit.any_response,56959692,100.00,,
     2.705842829,741,,offcore_response.all_requests.llc_miss.any_response,56959747,100.00,,
     2.806057705,6377223,,offcore_response.all_requests.llc_hit.any_response,57000963,100.00,,
     2.806057705,762,,offcore_response.all_requests.llc_miss.any_response,56971139,100.00,,
     2.906270590,6378978,,offcore_response.all_requests.llc_hit.any_response,57104528,100.00,,
     2.906270590,767,,offcore_response.all_requests.llc_miss.any_response,57104528,100.00,,
     3.006481293,6380886,,offcore_response.all_requests.llc_hit.any_response,57716937,100.00,,
     3.006481293,1634,,offcore_response.all_requests.llc_miss.any_response,57716937,100.00,,
     3.106679982,6368401,,offcore_response.all_requests.llc_hit.any_response,57110701,100.00,,
     3.106679982,548,,offcore_response.all_requests.llc_miss.any_response,57137103,100.00,,
     3.206892946,6357249,,offcore_response.all_requests.llc_hit.any_response,56914786,100.00,,
     3.206892946,632,,offcore_response.all_requests.llc_miss.any_response,56918056,100.00,,
     3.307107940,6389515,,offcore_response.all_requests.llc_hit.any_response,56883073,100.00,,
     3.307107940,466,,offcore_response.all_requests.llc_miss.any_response,56883253,100.00,,
     3.407322809,6346813,,offcore_response.all_requests.llc_hit.any_response,56705605,100.00,,
     3.407322809,515,,offcore_response.all_requests.llc_miss.any_response,56698023,100.00,,
     3.507536532,6387437,,offcore_response.all_requests.llc_hit.any_response,57119565,100.00,,
     3.507536532,638,,offcore_response.all_requests.llc_miss.any_response,57097295,100.00,,
     3.607747229,6356730,,offcore_response.all_requests.llc_hit.any_response,56742808,100.00,,
     3.607747229,622,,offcore_response.all_requests.llc_miss.any_response,56772366,100.00,,
     3.707963656,6373545,,offcore_response.all_requests.llc_hit.any_response,57000637,100.00,,
     3.707963656,613,,offcore_response.all_requests.llc_miss.any_response,56992831,100.00,,
     3.808177562,6354202,,offcore_response.all_requests.llc_hit.any_response,56713307,100.00,,
     3.808177562,462,,offcore_response.all_requests.llc_miss.any_response,56710126,100.00,,
     3.908395753,6386363,,offcore_response.all_requests.llc_hit.any_response,57375215,100.00,,
     3.908395753,655,,offcore_response.all_requests.llc_miss.any_response,57389405,100.00,,
     4.008625093,6361234,,offcore_response.all_requests.llc_hit.any_response,56800610,100.00,,
     4.008625093,641,,offcore_response.all_requests.llc_miss.any_response,56782932,100.00,,
     4.108840979,6319464,,offcore_response.all_requests.llc_hit.any_response,56513155,100.00,,
     4.108840979,668,,offcore_response.all_requests.llc_miss.any_response,56525624,100.00,,
     4.209056061,6384145,,offcore_response.all_requests.llc_hit.any_response,57359498,100.00,,
     4.209056061,751,,offcore_response.all_requests.llc_miss.any_response,57358274,100.00,,
     4.309269614,6403137,,offcore_response.all_requests.llc_hit.any_response,56833305,100.00,,
     4.309269614,619,,offcore_response.all_requests.llc_miss.any_response,56836706,100.00,,
     4.409485550,6336935,,offcore_response.all_requests.llc_hit.any_response,56781788,100.00,,
     4.409485550,696,,offcore_response.all_requests.llc_miss.any_response,56766247,100.00,,
     4.509721652,6359230,,offcore_response.all_requests.llc_hit.any_response,57211265,100.00,,
     4.509721652,815,,offcore_response.all_requests.llc_miss.any_response,57197077,100.00,,
     4.609934006,6370429,,offcore_response.all_requests.llc_hit.any_response,57035318,100.00,,
     4.609934006,555,,offcore_response.all_requests.llc_miss.any_response,57065005,100.00,,
     4.710138310,6340086,,offcore_response.all_requests.llc_hit.any_response,56740653,100.00,,
     4.710138310,796,,offcore_response.all_requests.llc_miss.any_response,56753305,100.00,,
     4.810384318,6403400,,offcore_response.all_requests.llc_hit.any_response,58007674,100.00,,
     4.810384318,583,,offcore_response.all_requests.llc_miss.any_response,57995180,100.00,,
     4.910599760,6370610,,offcore_response.all_requests.llc_hit.any_response,57201835,100.00,,
     4.910599760,540,,offcore_response.all_requests.llc_miss.any_response,57171990,100.00,,
     5.010810081,6341989,,offcore_response.all_requests.llc_hit.any_response,56818336,100.00,,
     5.010810081,835,,offcore_response.all_requests.llc_miss.any_response,56848236,100.00,,
     5.111024156,6388981,,offcore_response.all_requests.llc_hit.any_response,57324916,100.00,,
     5.111024156,840,,offcore_response.all_requests.llc_miss.any_response,57324763,100.00,,
     5.211238317,6358896,,offcore_response.all_requests.llc_hit.any_response,57290480,100.00,,
     5.211238317,613,,offcore_response.all_requests.llc_miss.any_response,57290764,100.00,,
     5.311453366,6309718,,offcore_response.all_requests.llc_hit.any_response,56989398,100.00,,
     5.311453366,688,,offcore_response.all_requests.llc_miss.any_response,56959367,100.00,,
     5.411682025,6400252,,offcore_response.all_requests.llc_hit.any_response,57225579,100.00,,
     5.411682025,535,,offcore_response.all_requests.llc_miss.any_response,57225579,100.00,,
     5.511893256,6339387,,offcore_response.all_requests.llc_hit.any_response,56957225,100.00,,
     5.511893256,794,,offcore_response.all_requests.llc_miss.any_response,56957225,100.00,,
     5.612105757,6327486,,offcore_response.all_requests.llc_hit.any_response,56622557,100.00,,
     5.612105757,538,,offcore_response.all_requests.llc_miss.any_response,56622557,100.00,,
     5.712315872,6347313,,offcore_response.all_requests.llc_hit.any_response,56970240,100.00,,
     5.712315872,656,,offcore_response.all_requests.llc_miss.any_response,56984325,100.00,,
     5.812544673,6335048,,offcore_response.all_requests.llc_hit.any_response,56699069,100.00,,
     5.812544673,542,,offcore_response.all_requests.llc_miss.any_response,56684984,100.00,,
     5.912755968,6414503,,offcore_response.all_requests.llc_hit.any_response,57446197,100.00,,
     5.912755968,616,,offcore_response.all_requests.llc_miss.any_response,57464088,100.00,,
     6.012969196,6340690,,offcore_response.all_requests.llc_hit.any_response,56915841,100.00,,
     6.012969196,536,,offcore_response.all_requests.llc_miss.any_response,56927857,100.00,,
     6.113182115,6276738,,offcore_response.all_requests.llc_hit.any_response,57443894,100.00,,
     6.113182115,773,,offcore_response.all_requests.llc_miss.any_response,57444781,100.00,,
     6.213398465,6630572,,offcore_response.all_requests.llc_hit.any_response,59314482,100.00,,
     6.213398465,560,,offcore_response.all_requests.llc_miss.any_response,59313614,100.00,,
     6.313612716,6448122,,offcore_response.all_requests.llc_hit.any_response,53836859,100.00,,
     6.313612716,696,,offcore_response.all_requests.llc_miss.any_response,53836734,100.00,,
     6.413815056,6486525,,offcore_response.all_requests.llc_hit.any_response,54373601,100.00,,
     6.413815056,847,,offcore_response.all_requests.llc_miss.any_response,54362152,100.00,,
     6.514027724,6512113,,offcore_response.all_requests.llc_hit.any_response,54380528,100.00,,
     6.514027724,834,,offcore_response.all_requests.llc_miss.any_response,54362176,100.00,,
     6.614238897,6407443,,offcore_response.all_requests.llc_hit.any_response,53531357,100.00,,
     6.614238897,663,,offcore_response.all_requests.llc_miss.any_response,53531357,100.00,,
     6.714473577,6499894,,offcore_response.all_requests.llc_hit.any_response,54495022,100.00,,
     6.714473577,888,,offcore_response.all_requests.llc_miss.any_response,54495022,100.00,,
     6.814684791,6452092,,offcore_response.all_requests.llc_hit.any_response,53951770,100.00,,
     6.814684791,721,,offcore_response.all_requests.llc_miss.any_response,53951770,100.00,,
     6.914896997,6501238,,offcore_response.all_requests.llc_hit.any_response,54246850,100.00,,
     6.914896997,906,,offcore_response.all_requests.llc_miss.any_response,54261737,100.00,,
     7.015112966,6480938,,offcore_response.all_requests.llc_hit.any_response,54248397,100.00,,
     7.015112966,937,,offcore_response.all_requests.llc_miss.any_response,54233510,100.00,,
     7.115324210,6408189,,offcore_response.all_requests.llc_hit.any_response,53489631,100.00,,
     7.115324210,855,,offcore_response.all_requests.llc_miss.any_response,53519343,100.00,,
     7.215541529,6507792,,offcore_response.all_requests.llc_hit.any_response,54228681,100.00,,
     7.215541529,666,,offcore_response.all_requests.llc_miss.any_response,54198969,100.00,,
     7.315771310,6451553,,offcore_response.all_requests.llc_hit.any_response,53935932,100.00,,
     7.315771310,675,,offcore_response.all_requests.llc_miss.any_response,53949636,100.00,,
     7.415989529,6514185,,offcore_response.all_requests.llc_hit.any_response,54281974,100.00,,
     7.415989529,816,,offcore_response.all_requests.llc_miss.any_response,54296654,100.00,,
     7.516208475,6420188,,offcore_response.all_requests.llc_hit.any_response,53800356,100.00,,
     7.516208475,698,,offcore_response.all_requests.llc_miss.any_response,53801775,100.00,,
     7.616427972,6510590,,offcore_response.all_requests.llc_hit.any_response,54484652,100.00,,
     7.616427972,719,,offcore_response.all_requests.llc_miss.any_response,54478005,100.00,,
     7.716642842,6470621,,offcore_response.all_requests.llc_hit.any_response,54165342,100.00,,
     7.716642842,686,,offcore_response.all_requests.llc_miss.any_response,54142186,100.00,,
     7.816856956,6483126,,offcore_response.all_requests.llc_hit.any_response,53998003,100.00,,
     7.816856956,633,,offcore_response.all_requests.llc_miss.any_response,53998003,100.00,,
     7.917070392,6454944,,offcore_response.all_requests.llc_hit.any_response,54521150,100.00,,
     7.917070392,1181,,offcore_response.all_requests.llc_miss.any_response,54551008,100.00,,
     8.017285632,6467759,,offcore_response.all_requests.llc_hit.any_response,54162323,100.00,,
     8.017285632,644,,offcore_response.all_requests.llc_miss.any_response,54132465,100.00,,
     8.117497976,6515445,,offcore_response.all_requests.llc_hit.any_response,54603505,100.00,,
     8.117497976,667,,offcore_response.all_requests.llc_miss.any_response,54623731,100.00,,
     8.217713941,6410633,,offcore_response.all_requests.llc_hit.any_response,53721280,100.00,,
     8.217713941,703,,offcore_response.all_requests.llc_miss.any_response,53730745,100.00,,
     8.317930821,6462516,,offcore_response.all_requests.llc_hit.any_response,54266261,100.00,,
     8.317930821,917,,offcore_response.all_requests.llc_miss.any_response,54266450,100.00,,
     8.418147031,6484154,,offcore_response.all_requests.llc_hit.any_response,53979893,100.00,,
     8.418147031,578,,offcore_response.all_requests.llc_miss.any_response,53950013,100.00,,
     8.518364988,6540433,,offcore_response.all_requests.llc_hit.any_response,55005799,100.00,,
     8.518364988,980,,offcore_response.all_requests.llc_miss.any_response,55005799,100.00,,
     8.618544451,6429906,,offcore_response.all_requests.llc_hit.any_response,53665356,100.00,,
     8.618544451,733,,offcore_response.all_requests.llc_miss.any_response,53694792,100.00,,
     8.718760897,6482750,,offcore_response.all_requests.llc_hit.any_response,54177782,100.00,,
     8.718760897,610,,offcore_response.all_requests.llc_miss.any_response,54178233,100.00,,
     8.818976619,6419350,,offcore_response.all_requests.llc_hit.any_response,53771883,100.00,,
     8.818976619,629,,offcore_response.all_requests.llc_miss.any_response,53771749,100.00,,
     8.919210836,6497769,,offcore_response.all_requests.llc_hit.any_response,54505858,100.00,,
     8.919210836,604,,offcore_response.all_requests.llc_miss.any_response,54503511,100.00,,
     9.019429712,6480430,,offcore_response.all_requests.llc_hit.any_response,54446894,100.00,,
     9.019429712,929,,offcore_response.all_requests.llc_miss.any_response,54449680,100.00,,
     9.119649246,6431671,,offcore_response.all_requests.llc_hit.any_response,53650324,100.00,,
     9.119649246,661,,offcore_response.all_requests.llc_miss.any_response,53650119,100.00,,
     9.219863600,6440893,,offcore_response.all_requests.llc_hit.any_response,54058063,100.00,,
     9.219863600,768,,offcore_response.all_requests.llc_miss.any_response,54042601,100.00,,
     9.320076077,6457113,,offcore_response.all_requests.llc_hit.any_response,54068522,100.00,,
     9.320076077,623,,offcore_response.all_requests.llc_miss.any_response,54076539,100.00,,
     9.420286995,6285942,,offcore_response.all_requests.llc_hit.any_response,56167496,100.00,,
     9.420286995,708,,offcore_response.all_requests.llc_miss.any_response,56176046,100.00,,
     9.520504958,6547760,,offcore_response.all_requests.llc_hit.any_response,60712441,100.00,,
     9.520504958,802,,offcore_response.all_requests.llc_miss.any_response,60711317,100.00,,
     9.620721230,6339649,,offcore_response.all_requests.llc_hit.any_response,56896956,100.00,,
     9.620721230,817,,offcore_response.all_requests.llc_miss.any_response,56866988,100.00,,
     9.720930987,6363707,,offcore_response.all_requests.llc_hit.any_response,56987245,100.00,,
     9.720930987,569,,offcore_response.all_requests.llc_miss.any_response,57017197,100.00,,
     9.821146368,6362697,,offcore_response.all_requests.llc_hit.any_response,57094297,100.00,,
     9.821146368,523,,offcore_response.all_requests.llc_miss.any_response,57064345,100.00,,
     9.921356784,6277553,,offcore_response.all_requests.llc_hit.any_response,60511206,100.00,,
     9.921356784,675,,offcore_response.all_requests.llc_miss.any_response,60525110,100.00,,
    10.021570046,6583263,,offcore_response.all_requests.llc_hit.any_response,55400694,100.00,,
    10.021570046,768,,offcore_response.all_requests.llc_miss.any_response,55416865,100.00,,
    10.121785514,6423895,,offcore_response.all_requests.llc_hit.any_response,54163221,100.00,,
    10.121785514,757,,offcore_response.all_requests.llc_miss.any_response,54133146,100.00,,
    10.221998348,6382492,,offcore_response.all_requests.llc_hit.any_response,53920145,100.00,,
    10.221998348,568,,offcore_response.all_requests.llc_miss.any_response,53949969,100.00,,
    10.322214931,6415540,,offcore_response.all_requests.llc_hit.any_response,53999693,100.00,,
    10.322214931,624,,offcore_response.all_requests.llc_miss.any_response,53999867,100.00,,
    10.422428875,6443524,,offcore_response.all_requests.llc_hit.any_response,54168093,100.00,,
    10.422428875,644,,offcore_response.all_requests.llc_miss.any_response,54167542,100.00,,
    10.522641813,6429349,,offcore_response.all_requests.llc_hit.any_response,54277895,100.00,,
    10.522641813,924,,offcore_response.all_requests.llc_miss.any_response,54272945,100.00,,
    10.622855620,6423894,,offcore_response.all_requests.llc_hit.any_response,54009921,100.00,,
    10.622855620,680,,offcore_response.all_requests.llc_miss.any_response,54015083,100.00,,
    10.723069367,6462857,,offcore_response.all_requests.llc_hit.any_response,54487634,100.00,,
    10.723069367,806,,offcore_response.all_requests.llc_miss.any_response,54483225,100.00,,
    10.823270274,6383642,,offcore_response.all_requests.llc_hit.any_response,53583175,100.00,,
    10.823270274,598,,offcore_response.all_requests.llc_miss.any_response,53587681,100.00,,
    10.923486022,6475778,,offcore_response.all_requests.llc_hit.any_response,54451306,100.00,,
    10.923486022,654,,offcore_response.all_requests.llc_miss.any_response,54451373,100.00,,
    11.023704139,6470451,,offcore_response.all_requests.llc_hit.any_response,54358993,100.00,,
    11.023704139,848,,offcore_response.all_requests.llc_miss.any_response,54359022,100.00,,
