# started on Mon May  1 17:50:55 2023

     0.100216093,9277530,,offcore_response.all_requests.llc_hit.any_response,83134644,100.00,,
     0.100216093,1363,,offcore_response.all_requests.llc_miss.any_response,83100081,100.00,,
     0.200467162,9374950,,offcore_response.all_requests.llc_hit.any_response,84037369,100.00,,
     0.200467162,1408,,offcore_response.all_requests.llc_miss.any_response,84042120,100.00,,
     0.300661354,9267173,,offcore_response.all_requests.llc_hit.any_response,83612941,100.00,,
     0.300661354,978,,offcore_response.all_requests.llc_miss.any_response,83633607,100.00,,
     0.400875007,9283477,,offcore_response.all_requests.llc_hit.any_response,83215015,100.00,,
     0.400875007,1266,,offcore_response.all_requests.llc_miss.any_response,83217545,100.00,,
     0.501103595,9310293,,offcore_response.all_requests.llc_hit.any_response,83449150,100.00,,
     0.501103595,792,,offcore_response.all_requests.llc_miss.any_response,83429758,100.00,,
     0.601317298,9276057,,offcore_response.all_requests.llc_hit.any_response,83312960,100.00,,
     0.601317298,1053,,offcore_response.all_requests.llc_miss.any_response,83329729,100.00,,
     0.701531486,9276067,,offcore_response.all_requests.llc_hit.any_response,83459091,100.00,,
     0.701531486,944,,offcore_response.all_requests.llc_miss.any_response,83458707,100.00,,
     0.801748477,9278280,,offcore_response.all_requests.llc_hit.any_response,82953306,100.00,,
     0.801748477,1038,,offcore_response.all_requests.llc_miss.any_response,82955172,100.00,,
     0.901971271,9331645,,offcore_response.all_requests.llc_hit.any_response,83511190,100.00,,
     0.901971271,657,,offcore_response.all_requests.llc_miss.any_response,83509946,100.00,,
     1.002190020,9215006,,offcore_response.all_requests.llc_hit.any_response,82542759,100.00,,
     1.002190020,987,,offcore_response.all_requests.llc_miss.any_response,82527506,100.00,,
     1.102404711,9353939,,offcore_response.all_requests.llc_hit.any_response,83834820,100.00,,
     1.102404711,717,,offcore_response.all_requests.llc_miss.any_response,83849683,100.00,,
     1.202620680,9295603,,offcore_response.all_requests.llc_hit.any_response,83295140,100.00,,
     1.202620680,1054,,offcore_response.all_requests.llc_miss.any_response,83284229,100.00,,
     1.302834550,9330243,,offcore_response.all_requests.llc_hit.any_response,83681022,100.00,,
     1.302834550,1004,,offcore_response.all_requests.llc_miss.any_response,83692170,100.00,,
     1.403049043,9358499,,offcore_response.all_requests.llc_hit.any_response,83724317,100.00,,
     1.403049043,1118,,offcore_response.all_requests.llc_miss.any_response,83724300,100.00,,
     1.503264052,9319827,,offcore_response.all_requests.llc_hit.any_response,83185746,100.00,,
     1.503264052,894,,offcore_response.all_requests.llc_miss.any_response,83185712,100.00,,
     1.603477097,9363110,,offcore_response.all_requests.llc_hit.any_response,83835331,100.00,,
     1.603477097,1243,,offcore_response.all_requests.llc_miss.any_response,83835203,100.00,,
     1.703737031,9351172,,offcore_response.all_requests.llc_hit.any_response,83685752,100.00,,
     1.703737031,1252,,offcore_response.all_requests.llc_miss.any_response,83685871,100.00,,
     1.803953015,9359180,,offcore_response.all_requests.llc_hit.any_response,83767786,100.00,,
     1.803953015,1114,,offcore_response.all_requests.llc_miss.any_response,83753541,100.00,,
     1.904164611,9309849,,offcore_response.all_requests.llc_hit.any_response,83023855,100.00,,
     1.904164611,1003,,offcore_response.all_requests.llc_miss.any_response,83038054,100.00,,
     2.004378966,9372251,,offcore_response.all_requests.llc_hit.any_response,83809281,100.00,,
     2.004378966,1099,,offcore_response.all_requests.llc_miss.any_response,83793892,100.00,,
     2.104597958,9355426,,offcore_response.all_requests.llc_hit.any_response,83514411,100.00,,
     2.104597958,991,,offcore_response.all_requests.llc_miss.any_response,83513867,100.00,,
     2.204816803,9278519,,offcore_response.all_requests.llc_hit.any_response,83139787,100.00,,
     2.204816803,1190,,offcore_response.all_requests.llc_miss.any_response,83148876,100.00,,
     2.305056951,9352071,,offcore_response.all_requests.llc_hit.any_response,83615018,100.00,,
     2.305056951,998,,offcore_response.all_requests.llc_miss.any_response,83621865,100.00,,
     2.405272044,9298299,,offcore_response.all_requests.llc_hit.any_response,83257575,100.00,,
     2.405272044,1048,,offcore_response.all_requests.llc_miss.any_response,83241622,100.00,,
     2.505485136,9279502,,offcore_response.all_requests.llc_hit.any_response,83194276,100.00,,
     2.505485136,7558,,offcore_response.all_requests.llc_miss.any_response,83194412,100.00,,
     2.605696740,9209622,,offcore_response.all_requests.llc_hit.any_response,82774041,100.00,,
     2.605696740,1088,,offcore_response.all_requests.llc_miss.any_response,82789841,100.00,,
     2.705909752,9300173,,offcore_response.all_requests.llc_hit.any_response,83401982,100.00,,
     2.705909752,939,,offcore_response.all_requests.llc_miss.any_response,83401799,100.00,,
     2.806125274,9270929,,offcore_response.all_requests.llc_hit.any_response,83427890,100.00,,
     2.806125274,1031,,offcore_response.all_requests.llc_miss.any_response,83412124,100.00,,
     2.906344282,9128002,,offcore_response.all_requests.llc_hit.any_response,83145128,100.00,,
     2.906344282,846,,offcore_response.all_requests.llc_miss.any_response,83162301,100.00,,
     3.006563876,9265162,,offcore_response.all_requests.llc_hit.any_response,82462785,100.00,,
     3.006563876,969,,offcore_response.all_requests.llc_miss.any_response,82461835,100.00,,
     3.106780218,9902649,,offcore_response.all_requests.llc_hit.any_response,83131935,100.00,,
     3.106780218,772,,offcore_response.all_requests.llc_miss.any_response,83115179,100.00,,
     3.207000694,9851640,,offcore_response.all_requests.llc_hit.any_response,82974472,100.00,,
     3.207000694,1054,,offcore_response.all_requests.llc_miss.any_response,82979672,100.00,,
     3.307228153,9921403,,offcore_response.all_requests.llc_hit.any_response,83100617,100.00,,
     3.307228153,1149,,offcore_response.all_requests.llc_miss.any_response,83112046,100.00,,
     3.407443359,9929430,,offcore_response.all_requests.llc_hit.any_response,83358347,100.00,,
     3.407443359,939,,offcore_response.all_requests.llc_miss.any_response,83358347,100.00,,
     3.507658228,9915369,,offcore_response.all_requests.llc_hit.any_response,83055405,100.00,,
     3.507658228,786,,offcore_response.all_requests.llc_miss.any_response,83055250,100.00,,
     3.607877217,9953113,,offcore_response.all_requests.llc_hit.any_response,83295505,100.00,,
     3.607877217,1192,,offcore_response.all_requests.llc_miss.any_response,83295622,100.00,,
     3.708091595,9925085,,offcore_response.all_requests.llc_hit.any_response,83190907,100.00,,
     3.708091595,999,,offcore_response.all_requests.llc_miss.any_response,83190808,100.00,,
     3.808306701,9040384,,offcore_response.all_requests.llc_hit.any_response,82468781,100.00,,
     3.808306701,1110,,offcore_response.all_requests.llc_miss.any_response,82469034,100.00,,
     3.908520468,9258913,,offcore_response.all_requests.llc_hit.any_response,82987888,100.00,,
     3.908520468,1017,,offcore_response.all_requests.llc_miss.any_response,82986430,100.00,,
     4.008737449,9244613,,offcore_response.all_requests.llc_hit.any_response,83130152,100.00,,
     4.008737449,792,,offcore_response.all_requests.llc_miss.any_response,83131636,100.00,,
     4.108953381,9213311,,offcore_response.all_requests.llc_hit.any_response,82382316,100.00,,
     4.108953381,690,,offcore_response.all_requests.llc_miss.any_response,82381916,100.00,,
     4.209168881,9331481,,offcore_response.all_requests.llc_hit.any_response,84059629,100.00,,
     4.209168881,1099,,offcore_response.all_requests.llc_miss.any_response,84058633,100.00,,
     4.309381515,9274799,,offcore_response.all_requests.llc_hit.any_response,83154122,100.00,,
     4.309381515,793,,offcore_response.all_requests.llc_miss.any_response,83155299,100.00,,
     4.409596328,9310523,,offcore_response.all_requests.llc_hit.any_response,83563414,100.00,,
     4.409596328,1037,,offcore_response.all_requests.llc_miss.any_response,83563551,100.00,,
     4.509829259,9308590,,offcore_response.all_requests.llc_hit.any_response,83298213,100.00,,
     4.509829259,820,,offcore_response.all_requests.llc_miss.any_response,83297984,100.00,,
     4.610043430,9276723,,offcore_response.all_requests.llc_hit.any_response,84235281,100.00,,
     4.610043430,1546,,offcore_response.all_requests.llc_miss.any_response,84235965,100.00,,
     4.710261644,9264111,,offcore_response.all_requests.llc_hit.any_response,83045311,100.00,,
     4.710261644,1040,,offcore_response.all_requests.llc_miss.any_response,83044729,100.00,,
     4.810476827,9162552,,offcore_response.all_requests.llc_hit.any_response,83173402,100.00,,
     4.810476827,961,,offcore_response.all_requests.llc_miss.any_response,83172421,100.00,,
     4.910690286,9088834,,offcore_response.all_requests.llc_hit.any_response,82773989,100.00,,
     4.910690286,976,,offcore_response.all_requests.llc_miss.any_response,82774972,100.00,,
     5.010906154,9342772,,offcore_response.all_requests.llc_hit.any_response,83649031,100.00,,
     5.010906154,999,,offcore_response.all_requests.llc_miss.any_response,83633118,100.00,,
     5.111122704,9346066,,offcore_response.all_requests.llc_hit.any_response,83636229,100.00,,
     5.111122704,884,,offcore_response.all_requests.llc_miss.any_response,83650535,100.00,,
     5.211333655,9319755,,offcore_response.all_requests.llc_hit.any_response,83521548,100.00,,
     5.211333655,962,,offcore_response.all_requests.llc_miss.any_response,83523225,100.00,,
     5.311549756,9288899,,offcore_response.all_requests.llc_hit.any_response,83095131,100.00,,
     5.311549756,1022,,offcore_response.all_requests.llc_miss.any_response,83095478,100.00,,
     5.411793586,9216639,,offcore_response.all_requests.llc_hit.any_response,82607937,100.00,,
     5.411793586,1150,,offcore_response.all_requests.llc_miss.any_response,82607418,100.00,,
     5.512007245,9245346,,offcore_response.all_requests.llc_hit.any_response,82524187,100.00,,
     5.512007245,918,,offcore_response.all_requests.llc_miss.any_response,82530215,100.00,,
     5.612227701,9261729,,offcore_response.all_requests.llc_hit.any_response,82789842,100.00,,
     5.612227701,1266,,offcore_response.all_requests.llc_miss.any_response,82783875,100.00,,
     5.712443056,9317149,,offcore_response.all_requests.llc_hit.any_response,83378493,100.00,,
     5.712443056,1104,,offcore_response.all_requests.llc_miss.any_response,83375955,100.00,,
     5.812658205,9352387,,offcore_response.all_requests.llc_hit.any_response,83525324,100.00,,
     5.812658205,971,,offcore_response.all_requests.llc_miss.any_response,83511031,100.00,,
     5.912872630,9333513,,offcore_response.all_requests.llc_hit.any_response,83141177,100.00,,
     5.912872630,1103,,offcore_response.all_requests.llc_miss.any_response,83158006,100.00,,
     6.013099601,9290694,,offcore_response.all_requests.llc_hit.any_response,83366366,100.00,,
     6.013099601,946,,offcore_response.all_requests.llc_miss.any_response,83366485,100.00,,
     6.113318446,9353733,,offcore_response.all_requests.llc_hit.any_response,83356030,100.00,,
     6.113318446,1017,,offcore_response.all_requests.llc_miss.any_response,83353132,100.00,,
     6.213530425,9339771,,offcore_response.all_requests.llc_hit.any_response,83761516,100.00,,
     6.213530425,1047,,offcore_response.all_requests.llc_miss.any_response,83761681,100.00,,
     6.313744910,9382014,,offcore_response.all_requests.llc_hit.any_response,83577025,100.00,,
     6.313744910,1157,,offcore_response.all_requests.llc_miss.any_response,83579518,100.00,,
     6.413960861,9331836,,offcore_response.all_requests.llc_hit.any_response,83402097,100.00,,
     6.413960861,1227,,offcore_response.all_requests.llc_miss.any_response,83402097,100.00,,
     6.514175266,9378647,,offcore_response.all_requests.llc_hit.any_response,83741782,100.00,,
     6.514175266,771,,offcore_response.all_requests.llc_miss.any_response,83742198,100.00,,
     6.614392801,9285761,,offcore_response.all_requests.llc_hit.any_response,82755600,100.00,,
     6.614392801,1156,,offcore_response.all_requests.llc_miss.any_response,82755247,100.00,,
     6.714630717,9341390,,offcore_response.all_requests.llc_hit.any_response,83580190,100.00,,
     6.714630717,987,,offcore_response.all_requests.llc_miss.any_response,83563415,100.00,,
     6.814845974,9363204,,offcore_response.all_requests.llc_hit.any_response,83588173,100.00,,
     6.814845974,994,,offcore_response.all_requests.llc_miss.any_response,83590720,100.00,,
     6.915059690,9192465,,offcore_response.all_requests.llc_hit.any_response,82429455,100.00,,
     6.915059690,787,,offcore_response.all_requests.llc_miss.any_response,82432848,100.00,,
     7.015272462,9269488,,offcore_response.all_requests.llc_hit.any_response,82749209,100.00,,
     7.015272462,853,,offcore_response.all_requests.llc_miss.any_response,82744809,100.00,,
     7.115491046,9327091,,offcore_response.all_requests.llc_hit.any_response,83321271,100.00,,
     7.115491046,910,,offcore_response.all_requests.llc_miss.any_response,83321277,100.00,,
     7.215724509,9290650,,offcore_response.all_requests.llc_hit.any_response,83340702,100.00,,
     7.215724509,1022,,offcore_response.all_requests.llc_miss.any_response,83344583,100.00,,
     7.315937012,9349418,,offcore_response.all_requests.llc_hit.any_response,83450081,100.00,,
     7.315937012,892,,offcore_response.all_requests.llc_miss.any_response,83461530,100.00,,
     7.416153094,9191129,,offcore_response.all_requests.llc_hit.any_response,82598490,100.00,,
     7.416153094,546,,offcore_response.all_requests.llc_miss.any_response,82582198,100.00,,
     7.516367576,9861532,,offcore_response.all_requests.llc_hit.any_response,82872918,100.00,,
     7.516367576,903,,offcore_response.all_requests.llc_miss.any_response,82889242,100.00,,
     7.616581857,9128678,,offcore_response.all_requests.llc_hit.any_response,83420631,100.00,,
     7.616581857,821,,offcore_response.all_requests.llc_miss.any_response,83420569,100.00,,
     7.716797952,9276994,,offcore_response.all_requests.llc_hit.any_response,83017650,100.00,,
     7.716797952,951,,offcore_response.all_requests.llc_miss.any_response,83017622,100.00,,
     7.817012684,9315561,,offcore_response.all_requests.llc_hit.any_response,83180342,100.00,,
     7.817012684,1215,,offcore_response.all_requests.llc_miss.any_response,83180438,100.00,,
     7.917226702,9326526,,offcore_response.all_requests.llc_hit.any_response,83582184,100.00,,
     7.917226702,959,,offcore_response.all_requests.llc_miss.any_response,83582148,100.00,,
     8.017441444,9294514,,offcore_response.all_requests.llc_hit.any_response,83111201,100.00,,
     8.017441444,666,,offcore_response.all_requests.llc_miss.any_response,83110886,100.00,,
     8.117654799,9264199,,offcore_response.all_requests.llc_hit.any_response,82941393,100.00,,
     8.117654799,901,,offcore_response.all_requests.llc_miss.any_response,82940531,100.00,,
     8.217870327,9295068,,offcore_response.all_requests.llc_hit.any_response,83514975,100.00,,
     8.217870327,1065,,offcore_response.all_requests.llc_miss.any_response,83516341,100.00,,
     8.318087485,9303807,,offcore_response.all_requests.llc_hit.any_response,83165046,100.00,,
     8.318087485,963,,offcore_response.all_requests.llc_miss.any_response,83164728,100.00,,
     8.418303343,9289261,,offcore_response.all_requests.llc_hit.any_response,83296898,100.00,,
     8.418303343,963,,offcore_response.all_requests.llc_miss.any_response,83297016,100.00,,
     8.518517457,9308254,,offcore_response.all_requests.llc_hit.any_response,83032297,100.00,,
     8.518517457,783,,offcore_response.all_requests.llc_miss.any_response,83032264,100.00,,
     8.618731799,9261296,,offcore_response.all_requests.llc_hit.any_response,83015220,100.00,,
     8.618731799,1020,,offcore_response.all_requests.llc_miss.any_response,83015306,100.00,,
     8.718946575,9287202,,offcore_response.all_requests.llc_hit.any_response,83267279,100.00,,
     8.718946575,985,,offcore_response.all_requests.llc_miss.any_response,83258440,100.00,,
     8.819161316,9305957,,offcore_response.all_requests.llc_hit.any_response,83074422,100.00,,
     8.819161316,1110,,offcore_response.all_requests.llc_miss.any_response,83083262,100.00,,
     8.919399576,9236633,,offcore_response.all_requests.llc_hit.any_response,82971685,100.00,,
     8.919399576,885,,offcore_response.all_requests.llc_miss.any_response,82954742,100.00,,
     9.019622541,9314583,,offcore_response.all_requests.llc_hit.any_response,83645013,100.00,,
     9.019622541,916,,offcore_response.all_requests.llc_miss.any_response,83662584,100.00,,
     9.119836925,9223574,,offcore_response.all_requests.llc_hit.any_response,82553760,100.00,,
     9.119836925,894,,offcore_response.all_requests.llc_miss.any_response,82553037,100.00,,
     9.220054050,9321002,,offcore_response.all_requests.llc_hit.any_response,83757496,100.00,,
     9.220054050,956,,offcore_response.all_requests.llc_miss.any_response,83757626,100.00,,
     9.320268110,9133039,,offcore_response.all_requests.llc_hit.any_response,82794981,100.00,,
     9.320268110,973,,offcore_response.all_requests.llc_miss.any_response,82794931,100.00,,
     9.420484777,9193330,,offcore_response.all_requests.llc_hit.any_response,83219720,100.00,,
     9.420484777,1032,,offcore_response.all_requests.llc_miss.any_response,83213562,100.00,,
     9.520700418,9292841,,offcore_response.all_requests.llc_hit.any_response,83129498,100.00,,
     9.520700418,1237,,offcore_response.all_requests.llc_miss.any_response,83135614,100.00,,
     9.620919651,8975890,,offcore_response.all_requests.llc_hit.any_response,82935069,100.00,,
     9.620919651,1568,,offcore_response.all_requests.llc_miss.any_response,82934499,100.00,,
     9.721136471,9887697,,offcore_response.all_requests.llc_hit.any_response,83343723,100.00,,
     9.721136471,1292,,offcore_response.all_requests.llc_miss.any_response,83342247,100.00,,
     9.821351845,9796885,,offcore_response.all_requests.llc_hit.any_response,82937820,100.00,,
     9.821351845,1057,,offcore_response.all_requests.llc_miss.any_response,82939924,100.00,,
     9.921569831,9897518,,offcore_response.all_requests.llc_hit.any_response,83129834,100.00,,
     9.921569831,1152,,offcore_response.all_requests.llc_miss.any_response,83119842,100.00,,
    10.021785055,9766420,,offcore_response.all_requests.llc_hit.any_response,83192442,100.00,,
    10.021785055,1001,,offcore_response.all_requests.llc_miss.any_response,83202421,100.00,,
    10.122004905,9901419,,offcore_response.all_requests.llc_hit.any_response,83115355,100.00,,
    10.122004905,1011,,offcore_response.all_requests.llc_miss.any_response,83115410,100.00,,
    10.222218736,9897735,,offcore_response.all_requests.llc_hit.any_response,83472978,100.00,,
    10.222218736,1326,,offcore_response.all_requests.llc_miss.any_response,83458428,100.00,,
    10.322435301,9889950,,offcore_response.all_requests.llc_hit.any_response,82928391,100.00,,
    10.322435301,1072,,offcore_response.all_requests.llc_miss.any_response,82942893,100.00,,
    10.422649209,8872050,,offcore_response.all_requests.llc_hit.any_response,83208153,100.00,,
    10.422649209,842,,offcore_response.all_requests.llc_miss.any_response,83208242,100.00,,
    10.522864782,9261933,,offcore_response.all_requests.llc_hit.any_response,83811388,100.00,,
    10.522864782,1281,,offcore_response.all_requests.llc_miss.any_response,83799834,100.00,,
    10.623089284,9127163,,offcore_response.all_requests.llc_hit.any_response,82723657,100.00,,
    10.623089284,1063,,offcore_response.all_requests.llc_miss.any_response,82734710,100.00,,
    10.723306481,9878759,,offcore_response.all_requests.llc_hit.any_response,83329875,100.00,,
    10.723306481,1046,,offcore_response.all_requests.llc_miss.any_response,83330247,100.00,,
    10.823523369,9854761,,offcore_response.all_requests.llc_hit.any_response,83114882,100.00,,
    10.823523369,1235,,offcore_response.all_requests.llc_miss.any_response,83128755,100.00,,
    10.923755104,9788540,,offcore_response.all_requests.llc_hit.any_response,83168806,100.00,,
    10.923755104,959,,offcore_response.all_requests.llc_miss.any_response,83155049,100.00,,
    11.023970063,9874312,,offcore_response.all_requests.llc_hit.any_response,83246686,100.00,,
    11.023970063,1286,,offcore_response.all_requests.llc_miss.any_response,83246451,100.00,,
