# started on Tue May  2 15:01:40 2023

     0.100309153,2951758,,offcore_response.all_requests.llc_hit.any_response,41818118,100.00,,
     0.100309153,39575,,offcore_response.all_requests.llc_miss.any_response,41751789,100.00,,
     0.200554187,2972718,,offcore_response.all_requests.llc_hit.any_response,42035933,100.00,,
     0.200554187,39528,,offcore_response.all_requests.llc_miss.any_response,42036673,100.00,,
     0.300771416,2927840,,offcore_response.all_requests.llc_hit.any_response,40897480,100.00,,
     0.300771416,39308,,offcore_response.all_requests.llc_miss.any_response,40864381,100.00,,
     0.400977644,2883026,,offcore_response.all_requests.llc_hit.any_response,40883189,100.00,,
     0.400977644,38953,,offcore_response.all_requests.llc_miss.any_response,40883189,100.00,,
     0.501188616,2919344,,offcore_response.all_requests.llc_hit.any_response,40503014,100.00,,
     0.501188616,39048,,offcore_response.all_requests.llc_miss.any_response,40509660,100.00,,
     0.601402727,2997230,,offcore_response.all_requests.llc_hit.any_response,45479011,100.00,,
     0.601402727,40091,,offcore_response.all_requests.llc_miss.any_response,45472365,100.00,,
     0.701620043,2865205,,offcore_response.all_requests.llc_hit.any_response,42767167,100.00,,
     0.701620043,39078,,offcore_response.all_requests.llc_miss.any_response,42767167,100.00,,
     0.801830355,2885834,,offcore_response.all_requests.llc_hit.any_response,42725004,100.00,,
     0.801830355,38786,,offcore_response.all_requests.llc_miss.any_response,42725004,100.00,,
     0.902040016,2945654,,offcore_response.all_requests.llc_hit.any_response,43519312,100.00,,
     0.902040016,39870,,offcore_response.all_requests.llc_miss.any_response,43519312,100.00,,
     1.002249642,2894493,,offcore_response.all_requests.llc_hit.any_response,43156638,100.00,,
     1.002249642,39318,,offcore_response.all_requests.llc_miss.any_response,43156638,100.00,,
     1.102461125,2883816,,offcore_response.all_requests.llc_hit.any_response,41381661,100.00,,
     1.102461125,39303,,offcore_response.all_requests.llc_miss.any_response,41381661,100.00,,
     1.202670435,2889049,,offcore_response.all_requests.llc_hit.any_response,42859264,100.00,,
     1.202670435,39221,,offcore_response.all_requests.llc_miss.any_response,42859264,100.00,,
     1.302879845,2923748,,offcore_response.all_requests.llc_hit.any_response,43885289,100.00,,
     1.302879845,39221,,offcore_response.all_requests.llc_miss.any_response,43885289,100.00,,
     1.403093598,2854257,,offcore_response.all_requests.llc_hit.any_response,42260636,100.00,,
     1.403093598,38825,,offcore_response.all_requests.llc_miss.any_response,42260636,100.00,,
     1.503329545,2970547,,offcore_response.all_requests.llc_hit.any_response,44037968,100.00,,
     1.503329545,40236,,offcore_response.all_requests.llc_miss.any_response,44037968,100.00,,
     1.603538865,2879826,,offcore_response.all_requests.llc_hit.any_response,43269651,100.00,,
     1.603538865,39123,,offcore_response.all_requests.llc_miss.any_response,43269651,100.00,,
     1.703749103,2855303,,offcore_response.all_requests.llc_hit.any_response,41288206,100.00,,
     1.703749103,39162,,offcore_response.all_requests.llc_miss.any_response,41321272,100.00,,
     1.803966636,2887326,,offcore_response.all_requests.llc_hit.any_response,42970166,100.00,,
     1.803966636,39631,,offcore_response.all_requests.llc_miss.any_response,42937100,100.00,,
     1.904181235,2917849,,offcore_response.all_requests.llc_hit.any_response,43641326,100.00,,
     1.904181235,39302,,offcore_response.all_requests.llc_miss.any_response,43674422,100.00,,
     2.004401938,2932227,,offcore_response.all_requests.llc_hit.any_response,43511175,100.00,,
     2.004401938,39230,,offcore_response.all_requests.llc_miss.any_response,43504579,100.00,,
     2.104618221,2894001,,offcore_response.all_requests.llc_hit.any_response,43765221,100.00,,
     2.104618221,39452,,offcore_response.all_requests.llc_miss.any_response,43738721,100.00,,
     2.204827314,2853077,,offcore_response.all_requests.llc_hit.any_response,42681254,100.00,,
     2.204827314,39662,,offcore_response.all_requests.llc_miss.any_response,42681254,100.00,,
     2.305059036,2938745,,offcore_response.all_requests.llc_hit.any_response,42268827,100.00,,
     2.305059036,39499,,offcore_response.all_requests.llc_miss.any_response,42268827,100.00,,
     2.405279432,2875163,,offcore_response.all_requests.llc_hit.any_response,42989209,100.00,,
     2.405279432,39129,,offcore_response.all_requests.llc_miss.any_response,42989209,100.00,,
     2.505498462,2891155,,offcore_response.all_requests.llc_hit.any_response,43106000,100.00,,
     2.505498462,39367,,offcore_response.all_requests.llc_miss.any_response,43138227,100.00,,
     2.605716522,2869148,,offcore_response.all_requests.llc_hit.any_response,42946569,100.00,,
     2.605716522,39472,,offcore_response.all_requests.llc_miss.any_response,42947733,100.00,,
     2.705937713,2939822,,offcore_response.all_requests.llc_hit.any_response,43548724,100.00,,
     2.705937713,39118,,offcore_response.all_requests.llc_miss.any_response,43548386,100.00,,
     2.806159091,2884387,,offcore_response.all_requests.llc_hit.any_response,42290833,100.00,,
     2.806159091,39711,,offcore_response.all_requests.llc_miss.any_response,42262310,100.00,,
     2.906373736,2876229,,offcore_response.all_requests.llc_hit.any_response,42763411,100.00,,
     2.906373736,39120,,offcore_response.all_requests.llc_miss.any_response,42758881,100.00,,
     3.006584634,2911062,,offcore_response.all_requests.llc_hit.any_response,43849937,100.00,,
     3.006584634,39177,,offcore_response.all_requests.llc_miss.any_response,43849937,100.00,,
     3.106800836,2916703,,offcore_response.all_requests.llc_hit.any_response,43447286,100.00,,
     3.106800836,39226,,offcore_response.all_requests.llc_miss.any_response,43447286,100.00,,
     3.207010765,2881837,,offcore_response.all_requests.llc_hit.any_response,43397685,100.00,,
     3.207010765,39683,,offcore_response.all_requests.llc_miss.any_response,43421586,100.00,,
     3.307227204,2866252,,offcore_response.all_requests.llc_hit.any_response,42821458,100.00,,
     3.307227204,39139,,offcore_response.all_requests.llc_miss.any_response,42797557,100.00,,
     3.407437504,2898770,,offcore_response.all_requests.llc_hit.any_response,43335311,100.00,,
     3.407437504,38980,,offcore_response.all_requests.llc_miss.any_response,43335311,100.00,,
     3.507648571,2850820,,offcore_response.all_requests.llc_hit.any_response,42682168,100.00,,
     3.507648571,39120,,offcore_response.all_requests.llc_miss.any_response,42701899,100.00,,
     3.607859699,2999555,,offcore_response.all_requests.llc_hit.any_response,43511620,100.00,,
     3.607859699,39223,,offcore_response.all_requests.llc_miss.any_response,43491889,100.00,,
     3.708069029,2985078,,offcore_response.all_requests.llc_hit.any_response,42161094,100.00,,
     3.708069029,38783,,offcore_response.all_requests.llc_miss.any_response,42193747,100.00,,
     3.808284704,2929704,,offcore_response.all_requests.llc_hit.any_response,40789471,100.00,,
     3.808284704,39174,,offcore_response.all_requests.llc_miss.any_response,40790064,100.00,,
     3.908498966,2970885,,offcore_response.all_requests.llc_hit.any_response,42201913,100.00,,
     3.908498966,39045,,offcore_response.all_requests.llc_miss.any_response,42168667,100.00,,
     4.008708717,2904072,,offcore_response.all_requests.llc_hit.any_response,40863176,100.00,,
     4.008708717,38356,,offcore_response.all_requests.llc_miss.any_response,40896570,100.00,,
     4.108926319,2964645,,offcore_response.all_requests.llc_hit.any_response,42128509,100.00,,
     4.108926319,39306,,offcore_response.all_requests.llc_miss.any_response,42095115,100.00,,
     4.209136368,3002887,,offcore_response.all_requests.llc_hit.any_response,42623530,100.00,,
     4.209136368,38623,,offcore_response.all_requests.llc_miss.any_response,42633085,100.00,,
     4.309358898,2929025,,offcore_response.all_requests.llc_hit.any_response,40634197,100.00,,
     4.309358898,39022,,offcore_response.all_requests.llc_miss.any_response,40624642,100.00,,
     4.409568994,2954815,,offcore_response.all_requests.llc_hit.any_response,41737777,100.00,,
     4.409568994,39149,,offcore_response.all_requests.llc_miss.any_response,41756187,100.00,,
     4.509804036,2998144,,offcore_response.all_requests.llc_hit.any_response,41999519,100.00,,
     4.509804036,38830,,offcore_response.all_requests.llc_miss.any_response,42013517,100.00,,
     4.610020473,2982891,,offcore_response.all_requests.llc_hit.any_response,41791756,100.00,,
     4.610020473,39004,,offcore_response.all_requests.llc_miss.any_response,41792818,100.00,,
     4.710237736,2921280,,offcore_response.all_requests.llc_hit.any_response,40890536,100.00,,
     4.710237736,38483,,offcore_response.all_requests.llc_miss.any_response,40885000,100.00,,
     4.810450229,2980457,,offcore_response.all_requests.llc_hit.any_response,42177706,100.00,,
     4.810450229,39277,,offcore_response.all_requests.llc_miss.any_response,42149772,100.00,,
     4.910660969,2902653,,offcore_response.all_requests.llc_hit.any_response,40954953,100.00,,
     4.910660969,38307,,offcore_response.all_requests.llc_miss.any_response,40954953,100.00,,
     5.010870630,2944378,,offcore_response.all_requests.llc_hit.any_response,41874737,100.00,,
     5.010870630,38715,,offcore_response.all_requests.llc_miss.any_response,41874737,100.00,,
     5.111082907,2980758,,offcore_response.all_requests.llc_hit.any_response,41573230,100.00,,
     5.111082907,39228,,offcore_response.all_requests.llc_miss.any_response,41619116,100.00,,
     5.211313898,2949806,,offcore_response.all_requests.llc_hit.any_response,41885679,100.00,,
     5.211313898,38838,,offcore_response.all_requests.llc_miss.any_response,41839793,100.00,,
     5.311524217,2999517,,offcore_response.all_requests.llc_hit.any_response,41923560,100.00,,
     5.311524217,38714,,offcore_response.all_requests.llc_miss.any_response,41923560,100.00,,
     5.411732444,2955640,,offcore_response.all_requests.llc_hit.any_response,41717194,100.00,,
     5.411732444,39093,,offcore_response.all_requests.llc_miss.any_response,41717194,100.00,,
     5.511941760,2944178,,offcore_response.all_requests.llc_hit.any_response,41782030,100.00,,
     5.511941760,38929,,offcore_response.all_requests.llc_miss.any_response,41814703,100.00,,
     5.612157014,2963981,,offcore_response.all_requests.llc_hit.any_response,41940046,100.00,,
     5.612157014,38926,,offcore_response.all_requests.llc_miss.any_response,41941341,100.00,,
     5.712377283,2979857,,offcore_response.all_requests.llc_hit.any_response,42457593,100.00,,
     5.712377283,38766,,offcore_response.all_requests.llc_miss.any_response,42423625,100.00,,
     5.812587275,2935696,,offcore_response.all_requests.llc_hit.any_response,40846951,100.00,,
     5.812587275,38969,,offcore_response.all_requests.llc_miss.any_response,40846951,100.00,,
     5.912797039,2929914,,offcore_response.all_requests.llc_hit.any_response,41211888,100.00,,
     5.912797039,38852,,offcore_response.all_requests.llc_miss.any_response,41244315,100.00,,
     6.013012306,2927855,,offcore_response.all_requests.llc_hit.any_response,40881103,100.00,,
     6.013012306,38618,,offcore_response.all_requests.llc_miss.any_response,40864506,100.00,,
     6.113225670,2944936,,offcore_response.all_requests.llc_hit.any_response,41393592,100.00,,
     6.113225670,39040,,offcore_response.all_requests.llc_miss.any_response,41377762,100.00,,
     6.213435340,2972803,,offcore_response.all_requests.llc_hit.any_response,41732985,100.00,,
     6.213435340,38631,,offcore_response.all_requests.llc_miss.any_response,41732985,100.00,,
     6.313644767,3013689,,offcore_response.all_requests.llc_hit.any_response,42832652,100.00,,
     6.313644767,39284,,offcore_response.all_requests.llc_miss.any_response,42864953,100.00,,
     6.413860542,2924027,,offcore_response.all_requests.llc_hit.any_response,41573438,100.00,,
     6.413860542,38678,,offcore_response.all_requests.llc_miss.any_response,41574246,100.00,,
     6.514078579,2882700,,offcore_response.all_requests.llc_hit.any_response,40813473,100.00,,
     6.514078579,38824,,offcore_response.all_requests.llc_miss.any_response,40813162,100.00,,
     6.614315466,2966545,,offcore_response.all_requests.llc_hit.any_response,42101844,100.00,,
     6.614315466,39311,,offcore_response.all_requests.llc_miss.any_response,42069046,100.00,,
     6.714525935,2971993,,offcore_response.all_requests.llc_hit.any_response,41630293,100.00,,
     6.714525935,38574,,offcore_response.all_requests.llc_miss.any_response,41662277,100.00,,
     6.814743087,2926689,,offcore_response.all_requests.llc_hit.any_response,41681164,100.00,,
     6.814743087,38492,,offcore_response.all_requests.llc_miss.any_response,41682349,100.00,,
     6.914959751,2982644,,offcore_response.all_requests.llc_hit.any_response,42690861,100.00,,
     6.914959751,38980,,offcore_response.all_requests.llc_miss.any_response,42657692,100.00,,
     7.015174040,2946702,,offcore_response.all_requests.llc_hit.any_response,41279902,100.00,,
     7.015174040,39214,,offcore_response.all_requests.llc_miss.any_response,41279902,100.00,,
     7.115393596,2975233,,offcore_response.all_requests.llc_hit.any_response,42119471,100.00,,
     7.115393596,38885,,offcore_response.all_requests.llc_miss.any_response,42151898,100.00,,
     7.215609014,2983696,,offcore_response.all_requests.llc_hit.any_response,44350152,100.00,,
     7.215609014,38992,,offcore_response.all_requests.llc_miss.any_response,44317725,100.00,,
     7.315819520,2903154,,offcore_response.all_requests.llc_hit.any_response,43255581,100.00,,
     7.315819520,38602,,offcore_response.all_requests.llc_miss.any_response,43255581,100.00,,
     7.416027553,2897294,,offcore_response.all_requests.llc_hit.any_response,43478459,100.00,,
     7.416027553,38794,,offcore_response.all_requests.llc_miss.any_response,43494794,100.00,,
     7.516240612,2940174,,offcore_response.all_requests.llc_hit.any_response,42717024,100.00,,
     7.516240612,39033,,offcore_response.all_requests.llc_miss.any_response,42733026,100.00,,
     7.616456411,2892484,,offcore_response.all_requests.llc_hit.any_response,42623829,100.00,,
     7.616456411,38544,,offcore_response.all_requests.llc_miss.any_response,42625432,100.00,,
     7.716673763,2900199,,offcore_response.all_requests.llc_hit.any_response,42393908,100.00,,
     7.716673763,39038,,offcore_response.all_requests.llc_miss.any_response,42392587,100.00,,
     7.816889821,2957045,,offcore_response.all_requests.llc_hit.any_response,43844999,100.00,,
     7.816889821,39733,,offcore_response.all_requests.llc_miss.any_response,43812380,100.00,,
     7.917099296,2840605,,offcore_response.all_requests.llc_hit.any_response,42298908,100.00,,
     7.917099296,38966,,offcore_response.all_requests.llc_miss.any_response,42311868,100.00,,
     8.017313082,2939499,,offcore_response.all_requests.llc_hit.any_response,43684671,100.00,,
     8.017313082,39589,,offcore_response.all_requests.llc_miss.any_response,43671711,100.00,,
     8.117522156,2862058,,offcore_response.all_requests.llc_hit.any_response,42787588,100.00,,
     8.117522156,39208,,offcore_response.all_requests.llc_miss.any_response,42787588,100.00,,
     8.217731526,2923977,,offcore_response.all_requests.llc_hit.any_response,43372413,100.00,,
     8.217731526,39443,,offcore_response.all_requests.llc_miss.any_response,43388195,100.00,,
     8.317952105,2874839,,offcore_response.all_requests.llc_hit.any_response,42937059,100.00,,
     8.317952105,39256,,offcore_response.all_requests.llc_miss.any_response,42954710,100.00,,
     8.418171832,2893690,,offcore_response.all_requests.llc_hit.any_response,42906641,100.00,,
     8.418171832,39448,,offcore_response.all_requests.llc_miss.any_response,42906365,100.00,,
     8.518391506,2825248,,offcore_response.all_requests.llc_hit.any_response,40887016,100.00,,
     8.518391506,38968,,offcore_response.all_requests.llc_miss.any_response,40853859,100.00,,
     8.618604171,3005756,,offcore_response.all_requests.llc_hit.any_response,43281779,100.00,,
     8.618604171,39493,,offcore_response.all_requests.llc_miss.any_response,43281779,100.00,,
     8.718817460,2923646,,offcore_response.all_requests.llc_hit.any_response,40856864,100.00,,
     8.718817460,39083,,offcore_response.all_requests.llc_miss.any_response,40889477,100.00,,
     8.819054297,2943911,,offcore_response.all_requests.llc_hit.any_response,41346455,100.00,,
     8.819054297,39694,,offcore_response.all_requests.llc_miss.any_response,41346423,100.00,,
     8.919305682,2927604,,offcore_response.all_requests.llc_hit.any_response,40558687,100.00,,
     8.919305682,39694,,offcore_response.all_requests.llc_miss.any_response,40526106,100.00,,
     9.019516074,2873132,,offcore_response.all_requests.llc_hit.any_response,40623775,100.00,,
     9.019516074,39515,,offcore_response.all_requests.llc_miss.any_response,40657102,100.00,,
     9.119734508,2872178,,offcore_response.all_requests.llc_hit.any_response,40233496,100.00,,
     9.119734508,38936,,offcore_response.all_requests.llc_miss.any_response,40200169,100.00,,
     9.219946241,2968830,,offcore_response.all_requests.llc_hit.any_response,41307942,100.00,,
     9.219946241,39783,,offcore_response.all_requests.llc_miss.any_response,41307942,100.00,,
     9.320158869,3009612,,offcore_response.all_requests.llc_hit.any_response,42654722,100.00,,
     9.320158869,39767,,offcore_response.all_requests.llc_miss.any_response,42654722,100.00,,
     9.420368873,2946912,,offcore_response.all_requests.llc_hit.any_response,41573544,100.00,,
     9.420368873,38822,,offcore_response.all_requests.llc_miss.any_response,41606748,100.00,,
     9.520589944,2938970,,offcore_response.all_requests.llc_hit.any_response,41456055,100.00,,
     9.520589944,39543,,offcore_response.all_requests.llc_miss.any_response,41422851,100.00,,
     9.620799117,2986948,,offcore_response.all_requests.llc_hit.any_response,41868687,100.00,,
     9.620799117,40067,,offcore_response.all_requests.llc_miss.any_response,41901706,100.00,,
     9.721020615,2933051,,offcore_response.all_requests.llc_hit.any_response,41061661,100.00,,
     9.721020615,39191,,offcore_response.all_requests.llc_miss.any_response,41061327,100.00,,
     9.821237179,2936920,,offcore_response.all_requests.llc_hit.any_response,41862494,100.00,,
     9.821237179,39615,,offcore_response.all_requests.llc_miss.any_response,41863128,100.00,,
     9.921452463,2940126,,offcore_response.all_requests.llc_hit.any_response,41105282,100.00,,
     9.921452463,39027,,offcore_response.all_requests.llc_miss.any_response,41104280,100.00,,
    10.021666988,2957261,,offcore_response.all_requests.llc_hit.any_response,41646530,100.00,,
    10.021666988,40039,,offcore_response.all_requests.llc_miss.any_response,41648819,100.00,,
    10.121884785,2931920,,offcore_response.all_requests.llc_hit.any_response,41314947,100.00,,
    10.121884785,39322,,offcore_response.all_requests.llc_miss.any_response,41280341,100.00,,
    10.222093519,2977101,,offcore_response.all_requests.llc_hit.any_response,41741808,100.00,,
    10.222093519,39356,,offcore_response.all_requests.llc_miss.any_response,41775078,100.00,,
    10.322311439,2892550,,offcore_response.all_requests.llc_hit.any_response,40772810,100.00,,
    10.322311439,39187,,offcore_response.all_requests.llc_miss.any_response,40739540,100.00,,
    10.422519093,2977116,,offcore_response.all_requests.llc_hit.any_response,42010669,100.00,,
    10.422519093,40406,,offcore_response.all_requests.llc_miss.any_response,42010669,100.00,,
    10.522730595,2945182,,offcore_response.all_requests.llc_hit.any_response,44883612,100.00,,
    10.522730595,39311,,offcore_response.all_requests.llc_miss.any_response,44883612,100.00,,
    10.622941120,2907902,,offcore_response.all_requests.llc_hit.any_response,40646939,100.00,,
    10.622941120,39156,,offcore_response.all_requests.llc_miss.any_response,40678745,100.00,,
    10.723155559,2936859,,offcore_response.all_requests.llc_hit.any_response,44050069,100.00,,
    10.723155559,38706,,offcore_response.all_requests.llc_miss.any_response,44018263,100.00,,
    10.823363268,2943564,,offcore_response.all_requests.llc_hit.any_response,40570524,100.00,,
    10.823363268,38888,,offcore_response.all_requests.llc_miss.any_response,40570524,100.00,,
    10.923572531,2962951,,offcore_response.all_requests.llc_hit.any_response,42143278,100.00,,
    10.923572531,39405,,offcore_response.all_requests.llc_miss.any_response,42143278,100.00,,
    11.023798263,2920634,,offcore_response.all_requests.llc_hit.any_response,41180791,100.00,,
    11.023798263,39223,,offcore_response.all_requests.llc_miss.any_response,41180791,100.00,,
