# started on Tue May  2 14:59:41 2023

     0.100341717,29342134,,inst_retired.any,40570819,100.00,127.1,IpMispredict
     0.100341717,230845,,br_misp_retired.all_branches,40570819,100.00,,
     0.200608075,29530193,,inst_retired.any,42595865,100.00,124.6,IpMispredict
     0.200608075,242996,,br_misp_retired.all_branches,42595865,100.00,,
     0.300810996,29284519,,inst_retired.any,40298792,100.00,125.3,IpMispredict
     0.300810996,227254,,br_misp_retired.all_branches,40298792,100.00,,
     0.401014763,29509535,,inst_retired.any,40998875,100.00,126.6,IpMispredict
     0.401014763,231278,,br_misp_retired.all_branches,40998875,100.00,,
     0.501219337,29459252,,inst_retired.any,41026001,100.00,125.2,IpMispredict
     0.501219337,243878,,br_misp_retired.all_branches,41026001,100.00,,
     0.601422512,30106167,,inst_retired.any,42959858,100.00,125.5,IpMispredict
     0.601422512,262712,,br_misp_retired.all_branches,42959858,100.00,,
     0.701629877,29570970,,inst_retired.any,40916328,100.00,124.1,IpMispredict
     0.701629877,229288,,br_misp_retired.all_branches,40916328,100.00,,
     0.801836881,28918417,,inst_retired.any,40730563,100.00,121.8,IpMispredict
     0.801836881,231276,,br_misp_retired.all_branches,40730563,100.00,,
     0.902041953,30032981,,inst_retired.any,41938168,100.00,126.2,IpMispredict
     0.902041953,242961,,br_misp_retired.all_branches,41938168,100.00,,
     1.002242154,29184230,,inst_retired.any,41113033,100.00,123.2,IpMispredict
     1.002242154,225487,,br_misp_retired.all_branches,41113033,100.00,,
     1.102444037,29227721,,inst_retired.any,39785141,100.00,123.8,IpMispredict
     1.102444037,227989,,br_misp_retired.all_branches,39785141,100.00,,
     1.202649929,29480748,,inst_retired.any,41541917,100.00,124.8,IpMispredict
     1.202649929,239399,,br_misp_retired.all_branches,41541917,100.00,,
     1.302861592,29572441,,inst_retired.any,41507544,100.00,125.4,IpMispredict
     1.302861592,230472,,br_misp_retired.all_branches,41507544,100.00,,
     1.403067056,29925379,,inst_retired.any,42492203,100.00,126.4,IpMispredict
     1.403067056,249148,,br_misp_retired.all_branches,42492203,100.00,,
     1.503288116,29194868,,inst_retired.any,40897534,100.00,123.4,IpMispredict
     1.503288116,232589,,br_misp_retired.all_branches,40897534,100.00,,
     1.603494488,29549175,,inst_retired.any,41561901,100.00,125.2,IpMispredict
     1.603494488,228991,,br_misp_retired.all_branches,41561901,100.00,,
     1.703694873,29418700,,inst_retired.any,41772904,100.00,124.1,IpMispredict
     1.703694873,252533,,br_misp_retired.all_branches,41772904,100.00,,
     1.803900441,29367260,,inst_retired.any,41024213,100.00,124.1,IpMispredict
     1.803900441,231207,,br_misp_retired.all_branches,41024213,100.00,,
     1.904103395,29438209,,inst_retired.any,40689583,100.00,124.8,IpMispredict
     1.904103395,219798,,br_misp_retired.all_branches,40689583,100.00,,
     2.004305500,29393950,,inst_retired.any,41419427,100.00,124.8,IpMispredict
     2.004305500,232043,,br_misp_retired.all_branches,41419427,100.00,,
     2.104506207,29729634,,inst_retired.any,41542229,100.00,126.1,IpMispredict
     2.104506207,237239,,br_misp_retired.all_branches,41542229,100.00,,
     2.204712849,29206703,,inst_retired.any,41626359,100.00,123.7,IpMispredict
     2.204712849,244494,,br_misp_retired.all_branches,41626359,100.00,,
     2.304917959,29414542,,inst_retired.any,39831660,100.00,124.9,IpMispredict
     2.304917959,223308,,br_misp_retired.all_branches,39831660,100.00,,
     2.405117669,29594087,,inst_retired.any,41820348,100.00,125.3,IpMispredict
     2.405117669,252427,,br_misp_retired.all_branches,41820348,100.00,,
     2.505321752,29381073,,inst_retired.any,40877559,100.00,124.8,IpMispredict
     2.505321752,217264,,br_misp_retired.all_branches,40877559,100.00,,
     2.605526103,29325231,,inst_retired.any,41548214,100.00,124.6,IpMispredict
     2.605526103,233976,,br_misp_retired.all_branches,41548214,100.00,,
     2.705728991,29284342,,inst_retired.any,40960541,100.00,124.5,IpMispredict
     2.705728991,232351,,br_misp_retired.all_branches,40960541,100.00,,
     2.805951363,29858097,,inst_retired.any,41959650,100.00,126.8,IpMispredict
     2.805951363,238391,,br_misp_retired.all_branches,41959650,100.00,,
     2.906157158,29277671,,inst_retired.any,41570560,100.00,124.1,IpMispredict
     2.906157158,249679,,br_misp_retired.all_branches,41570560,100.00,,
     3.006362536,29597942,,inst_retired.any,43228016,100.00,124.8,IpMispredict
     3.006362536,270793,,br_misp_retired.all_branches,43228016,100.00,,
     3.106563431,29388381,,inst_retired.any,43265625,100.00,124.1,IpMispredict
     3.106563431,230232,,br_misp_retired.all_branches,43265625,100.00,,
     3.206765186,29502469,,inst_retired.any,42603738,100.00,124.8,IpMispredict
     3.206765186,221924,,br_misp_retired.all_branches,42603738,100.00,,
     3.306972133,29464230,,inst_retired.any,40192984,100.00,124.8,IpMispredict
     3.306972133,227331,,br_misp_retired.all_branches,40192984,100.00,,
     3.407173717,29394957,,inst_retired.any,44785450,100.00,124.4,IpMispredict
     3.407173717,245136,,br_misp_retired.all_branches,44785450,100.00,,
     3.507375630,30264364,,inst_retired.any,41892968,100.00,127.8,IpMispredict
     3.507375630,253648,,br_misp_retired.all_branches,41892968,100.00,,
     3.607580385,29514311,,inst_retired.any,41386174,100.00,124.6,IpMispredict
     3.607580385,234298,,br_misp_retired.all_branches,41386174,100.00,,
     3.707782901,29421145,,inst_retired.any,41505440,100.00,124.3,IpMispredict
     3.707782901,236150,,br_misp_retired.all_branches,41505440,100.00,,
     3.807983567,29197744,,inst_retired.any,41822517,100.00,123.3,IpMispredict
     3.807983567,238889,,br_misp_retired.all_branches,41822517,100.00,,
     3.908191857,29658159,,inst_retired.any,41799905,100.00,125.1,IpMispredict
     3.908191857,245521,,br_misp_retired.all_branches,41799905,100.00,,
     4.008397655,29687233,,inst_retired.any,42148089,100.00,125.1,IpMispredict
     4.008397655,248200,,br_misp_retired.all_branches,42148089,100.00,,
     4.108600465,29157978,,inst_retired.any,41322363,100.00,123.0,IpMispredict
     4.108600465,227192,,br_misp_retired.all_branches,41322363,100.00,,
     4.208803143,29388871,,inst_retired.any,41735909,100.00,123.7,IpMispredict
     4.208803143,254105,,br_misp_retired.all_branches,41735909,100.00,,
     4.309011901,29662983,,inst_retired.any,42912264,100.00,124.9,IpMispredict
     4.309011901,233841,,br_misp_retired.all_branches,42912264,100.00,,
     4.409219134,29659039,,inst_retired.any,41668715,100.00,124.9,IpMispredict
     4.409219134,240863,,br_misp_retired.all_branches,41668715,100.00,,
     4.509429366,29243598,,inst_retired.any,41026785,100.00,123.2,IpMispredict
     4.509429366,229530,,br_misp_retired.all_branches,41026785,100.00,,
     4.609633684,29574505,,inst_retired.any,41632588,100.00,124.5,IpMispredict
     4.609633684,245092,,br_misp_retired.all_branches,41632588,100.00,,
     4.709840250,29489223,,inst_retired.any,41686274,100.00,124.0,IpMispredict
     4.709840250,253178,,br_misp_retired.all_branches,41686274,100.00,,
     4.810045589,29426925,,inst_retired.any,41546735,100.00,123.7,IpMispredict
     4.810045589,237531,,br_misp_retired.all_branches,41546735,100.00,,
     4.910258156,29308288,,inst_retired.any,41290564,100.00,123.2,IpMispredict
     4.910258156,246580,,br_misp_retired.all_branches,41290564,100.00,,
     5.010426523,29402673,,inst_retired.any,41160020,100.00,123.5,IpMispredict
     5.010426523,246878,,br_misp_retired.all_branches,41160020,100.00,,
     5.110632007,29174917,,inst_retired.any,40810274,100.00,122.6,IpMispredict
     5.110632007,228440,,br_misp_retired.all_branches,40810274,100.00,,
     5.210833514,29814957,,inst_retired.any,42584148,100.00,125.1,IpMispredict
     5.210833514,257582,,br_misp_retired.all_branches,42584148,100.00,,
     5.311033098,29537688,,inst_retired.any,40978050,100.00,124.0,IpMispredict
     5.311033098,229658,,br_misp_retired.all_branches,40978050,100.00,,
     5.411250199,29345720,,inst_retired.any,41522209,100.00,123.1,IpMispredict
     5.411250199,249584,,br_misp_retired.all_branches,41522209,100.00,,
     5.511474541,29609046,,inst_retired.any,41119141,100.00,124.2,IpMispredict
     5.511474541,234027,,br_misp_retired.all_branches,41119141,100.00,,
     5.611678108,29965801,,inst_retired.any,41950379,100.00,125.6,IpMispredict
     5.611678108,249742,,br_misp_retired.all_branches,41950379,100.00,,
     5.711875526,29757508,,inst_retired.any,41959531,100.00,124.7,IpMispredict
     5.711875526,247867,,br_misp_retired.all_branches,41959531,100.00,,
     5.812079355,28991377,,inst_retired.any,40851928,100.00,121.5,IpMispredict
     5.812079355,235127,,br_misp_retired.all_branches,40851928,100.00,,
     5.912283987,30028657,,inst_retired.any,42253264,100.00,125.8,IpMispredict
     5.912283987,241754,,br_misp_retired.all_branches,42253264,100.00,,
     6.012481873,29300628,,inst_retired.any,42224957,100.00,122.7,IpMispredict
     6.012481873,243897,,br_misp_retired.all_branches,42224957,100.00,,
     6.112682796,29235302,,inst_retired.any,39732742,100.00,122.6,IpMispredict
     6.112682796,220808,,br_misp_retired.all_branches,39732742,100.00,,
     6.212879335,29628961,,inst_retired.any,42051099,100.00,124.2,IpMispredict
     6.212879335,242386,,br_misp_retired.all_branches,42051099,100.00,,
     6.313076477,29255576,,inst_retired.any,41693709,100.00,122.5,IpMispredict
     6.313076477,259951,,br_misp_retired.all_branches,41693709,100.00,,
     6.413281973,29759102,,inst_retired.any,41268234,100.00,124.7,IpMispredict
     6.413281973,219104,,br_misp_retired.all_branches,41268234,100.00,,
     6.513480570,29331105,,inst_retired.any,40810523,100.00,123.0,IpMispredict
     6.513480570,237779,,br_misp_retired.all_branches,40810523,100.00,,
     6.613684651,29293494,,inst_retired.any,40494653,100.00,122.8,IpMispredict
     6.613684651,242579,,br_misp_retired.all_branches,40494653,100.00,,
     6.713881344,29334870,,inst_retired.any,41144306,100.00,123.0,IpMispredict
     6.713881344,235441,,br_misp_retired.all_branches,41144306,100.00,,
     6.814081618,29319795,,inst_retired.any,42007850,100.00,122.9,IpMispredict
     6.814081618,237537,,br_misp_retired.all_branches,42007850,100.00,,
     6.914280256,29724619,,inst_retired.any,43710866,100.00,124.6,IpMispredict
     6.914280256,241155,,br_misp_retired.all_branches,43710866,100.00,,
     7.014480528,29430526,,inst_retired.any,41786801,100.00,123.3,IpMispredict
     7.014480528,251808,,br_misp_retired.all_branches,41786801,100.00,,
     7.114677501,29484373,,inst_retired.any,41333204,100.00,123.5,IpMispredict
     7.114677501,240352,,br_misp_retired.all_branches,41333204,100.00,,
     7.214836547,29193442,,inst_retired.any,41154626,100.00,122.3,IpMispredict
     7.214836547,233284,,br_misp_retired.all_branches,41154626,100.00,,
     7.315038155,29583990,,inst_retired.any,42020928,100.00,124.0,IpMispredict
     7.315038155,221706,,br_misp_retired.all_branches,42020928,100.00,,
     7.415280550,29419950,,inst_retired.any,40219391,100.00,123.3,IpMispredict
     7.415280550,244426,,br_misp_retired.all_branches,40219391,100.00,,
     7.515485322,29135410,,inst_retired.any,41126836,100.00,122.1,IpMispredict
     7.515485322,248666,,br_misp_retired.all_branches,41126836,100.00,,
     7.615688507,29527775,,inst_retired.any,41427714,100.00,123.8,IpMispredict
     7.615688507,227412,,br_misp_retired.all_branches,41427714,100.00,,
     7.715889079,29471720,,inst_retired.any,40674318,100.00,123.5,IpMispredict
     7.715889079,238542,,br_misp_retired.all_branches,40674318,100.00,,
     7.816092825,29614596,,inst_retired.any,41724856,100.00,124.1,IpMispredict
     7.816092825,241536,,br_misp_retired.all_branches,41724856,100.00,,
     7.916297517,29592342,,inst_retired.any,41258019,100.00,124.0,IpMispredict
     7.916297517,236796,,br_misp_retired.all_branches,41258019,100.00,,
     8.016498173,29547461,,inst_retired.any,41540379,100.00,123.9,IpMispredict
     8.016498173,231990,,br_misp_retired.all_branches,41540379,100.00,,
     8.116700375,29213888,,inst_retired.any,40972240,100.00,122.5,IpMispredict
     8.116700375,231590,,br_misp_retired.all_branches,40972240,100.00,,
     8.216900018,29373109,,inst_retired.any,41487310,100.00,123.1,IpMispredict
     8.216900018,260607,,br_misp_retired.all_branches,41487310,100.00,,
     8.317121827,29166110,,inst_retired.any,41877865,100.00,122.1,IpMispredict
     8.317121827,258861,,br_misp_retired.all_branches,41877865,100.00,,
     8.417328526,29980339,,inst_retired.any,41491659,100.00,125.6,IpMispredict
     8.417328526,227434,,br_misp_retired.all_branches,41491659,100.00,,
     8.517534303,30479541,,inst_retired.any,41969900,100.00,127.6,IpMispredict
     8.517534303,243393,,br_misp_retired.all_branches,41969900,100.00,,
     8.617735417,29139067,,inst_retired.any,40252562,100.00,122.1,IpMispredict
     8.617735417,226680,,br_misp_retired.all_branches,40252562,100.00,,
     8.717936971,29566292,,inst_retired.any,41862623,100.00,123.7,IpMispredict
     8.717936971,264896,,br_misp_retired.all_branches,41862623,100.00,,
     8.818168622,29316596,,inst_retired.any,41559260,100.00,122.7,IpMispredict
     8.818168622,239460,,br_misp_retired.all_branches,41559260,100.00,,
     8.918369435,29733894,,inst_retired.any,42325000,100.00,124.5,IpMispredict
     8.918369435,230484,,br_misp_retired.all_branches,42325000,100.00,,
     9.018571076,29322936,,inst_retired.any,41988267,100.00,122.6,IpMispredict
     9.018571076,257580,,br_misp_retired.all_branches,41988267,100.00,,
     9.118776446,29576388,,inst_retired.any,41827232,100.00,123.7,IpMispredict
     9.118776446,232135,,br_misp_retired.all_branches,41827232,100.00,,
     9.218979089,29211268,,inst_retired.any,41475484,100.00,122.2,IpMispredict
     9.218979089,236833,,br_misp_retired.all_branches,41475484,100.00,,
     9.319181195,29620590,,inst_retired.any,41657541,100.00,123.9,IpMispredict
     9.319181195,238145,,br_misp_retired.all_branches,41657541,100.00,,
     9.419381504,29762495,,inst_retired.any,43192629,100.00,124.4,IpMispredict
     9.419381504,267155,,br_misp_retired.all_branches,43192629,100.00,,
     9.519582576,29515476,,inst_retired.any,42548242,100.00,123.4,IpMispredict
     9.519582576,231158,,br_misp_retired.all_branches,42548242,100.00,,
     9.619783312,29218427,,inst_retired.any,42511919,100.00,122.3,IpMispredict
     9.619783312,218789,,br_misp_retired.all_branches,42511919,100.00,,
     9.719984943,29482781,,inst_retired.any,42104701,100.00,123.3,IpMispredict
     9.719984943,244617,,br_misp_retired.all_branches,42104701,100.00,,
     9.820184185,29604436,,inst_retired.any,42571269,100.00,123.9,IpMispredict
     9.820184185,229896,,br_misp_retired.all_branches,42571269,100.00,,
     9.920384483,29344577,,inst_retired.any,42167893,100.00,122.8,IpMispredict
     9.920384483,235144,,br_misp_retired.all_branches,42167893,100.00,,
    10.020593248,29455606,,inst_retired.any,42310855,100.00,123.2,IpMispredict
    10.020593248,253010,,br_misp_retired.all_branches,42310855,100.00,,
    10.120805854,29388030,,inst_retired.any,42680145,100.00,123.0,IpMispredict
    10.120805854,229243,,br_misp_retired.all_branches,42680145,100.00,,
    10.221006607,29523813,,inst_retired.any,43557482,100.00,123.5,IpMispredict
    10.221006607,247046,,br_misp_retired.all_branches,43557482,100.00,,
    10.321207135,29421501,,inst_retired.any,43122927,100.00,123.1,IpMispredict
    10.321207135,239047,,br_misp_retired.all_branches,43122927,100.00,,
    10.421407885,29761492,,inst_retired.any,44115266,100.00,124.4,IpMispredict
    10.421407885,252165,,br_misp_retired.all_branches,44115266,100.00,,
    10.521608817,29208089,,inst_retired.any,41829582,100.00,122.2,IpMispredict
    10.521608817,229305,,br_misp_retired.all_branches,41829582,100.00,,
    10.621809349,30250153,,inst_retired.any,44211248,100.00,126.5,IpMispredict
    10.621809349,237053,,br_misp_retired.all_branches,44211248,100.00,,
    10.722011304,29456275,,inst_retired.any,42771458,100.00,123.2,IpMispredict
    10.722011304,247832,,br_misp_retired.all_branches,42771458,100.00,,
    10.822212481,29580113,,inst_retired.any,42858818,100.00,123.8,IpMispredict
    10.822212481,218316,,br_misp_retired.all_branches,42858818,100.00,,
    10.922413097,29388254,,inst_retired.any,41641549,100.00,123.0,IpMispredict
    10.922413097,246013,,br_misp_retired.all_branches,41641549,100.00,,
    11.022632900,29463177,,inst_retired.any,42822577,100.00,123.3,IpMispredict
    11.022632900,225930,,br_misp_retired.all_branches,42822577,100.00,,
