# started on Tue May  2 14:59:54 2023

     0.100255928,58639001,,inst_retired.any,51711501,100.00,137.7,IpMispredict
     0.100255928,425839,,br_misp_retired.all_branches,51711501,100.00,,
     0.200501139,59101453,,inst_retired.any,52162644,100.00,138.6,IpMispredict
     0.200501139,426962,,br_misp_retired.all_branches,52162644,100.00,,
     0.300705466,58381746,,inst_retired.any,51406037,100.00,137.5,IpMispredict
     0.300705466,420908,,br_misp_retired.all_branches,51406037,100.00,,
     0.400905222,58889750,,inst_retired.any,51745576,100.00,138.8,IpMispredict
     0.400905222,423775,,br_misp_retired.all_branches,51745576,100.00,,
     0.501105648,59014556,,inst_retired.any,51910150,100.00,139.0,IpMispredict
     0.501105648,425725,,br_misp_retired.all_branches,51910150,100.00,,
     0.601315632,58581015,,inst_retired.any,51573282,100.00,138.0,IpMispredict
     0.601315632,424613,,br_misp_retired.all_branches,51573282,100.00,,
     0.701520166,59162348,,inst_retired.any,52436641,100.00,139.2,IpMispredict
     0.701520166,426910,,br_misp_retired.all_branches,52436641,100.00,,
     0.801723237,58294626,,inst_retired.any,51299537,100.00,137.3,IpMispredict
     0.801723237,422504,,br_misp_retired.all_branches,51299537,100.00,,
     0.901931634,59325324,,inst_retired.any,52177605,100.00,139.6,IpMispredict
     0.901931634,426241,,br_misp_retired.all_branches,52177605,100.00,,
     1.002134769,58455354,,inst_retired.any,51915484,100.00,137.7,IpMispredict
     1.002134769,421442,,br_misp_retired.all_branches,51915484,100.00,,
     1.102335371,59145925,,inst_retired.any,52162517,100.00,139.3,IpMispredict
     1.102335371,426656,,br_misp_retired.all_branches,52162517,100.00,,
     1.202542834,58829320,,inst_retired.any,54512584,100.00,138.0,IpMispredict
     1.202542834,444490,,br_misp_retired.all_branches,54512584,100.00,,
     1.302748649,58360515,,inst_retired.any,48680684,100.00,137.0,IpMispredict
     1.302748649,423328,,br_misp_retired.all_branches,48680684,100.00,,
     1.402948914,58928981,,inst_retired.any,49138294,100.00,138.3,IpMispredict
     1.402948914,427489,,br_misp_retired.all_branches,49138294,100.00,,
     1.503154150,58670073,,inst_retired.any,48999016,100.00,137.7,IpMispredict
     1.503154150,426443,,br_misp_retired.all_branches,48999016,100.00,,
     1.603359169,58741569,,inst_retired.any,49228861,100.00,137.8,IpMispredict
     1.603359169,428129,,br_misp_retired.all_branches,49228861,100.00,,
     1.703558278,59112839,,inst_retired.any,49311540,100.00,138.6,IpMispredict
     1.703558278,427812,,br_misp_retired.all_branches,49311540,100.00,,
     1.803762909,58261648,,inst_retired.any,48645648,100.00,136.7,IpMispredict
     1.803762909,422159,,br_misp_retired.all_branches,48645648,100.00,,
     1.903967707,58662657,,inst_retired.any,49025664,100.00,137.6,IpMispredict
     1.903967707,427122,,br_misp_retired.all_branches,49025664,100.00,,
     2.004174306,58720573,,inst_retired.any,48877743,100.00,137.8,IpMispredict
     2.004174306,424377,,br_misp_retired.all_branches,48877743,100.00,,
     2.104377264,58528447,,inst_retired.any,50113940,100.00,137.2,IpMispredict
     2.104377264,434927,,br_misp_retired.all_branches,50113940,100.00,,
     2.204584782,59148731,,inst_retired.any,55516018,100.00,138.6,IpMispredict
     2.204584782,429445,,br_misp_retired.all_branches,55516018,100.00,,
     2.304787031,59564452,,inst_retired.any,52247007,100.00,139.5,IpMispredict
     2.304787031,430427,,br_misp_retired.all_branches,52247007,100.00,,
     2.404991983,58528016,,inst_retired.any,51532815,100.00,137.2,IpMispredict
     2.404991983,422523,,br_misp_retired.all_branches,51532815,100.00,,
     2.505191088,59062101,,inst_retired.any,52009080,100.00,138.4,IpMispredict
     2.505191088,427955,,br_misp_retired.all_branches,52009080,100.00,,
     2.605394490,58764380,,inst_retired.any,51841675,100.00,137.7,IpMispredict
     2.605394490,425080,,br_misp_retired.all_branches,51841675,100.00,,
     2.705594871,58985982,,inst_retired.any,52001386,100.00,138.2,IpMispredict
     2.705594871,427003,,br_misp_retired.all_branches,52001386,100.00,,
     2.805817241,58359010,,inst_retired.any,51473147,100.00,136.8,IpMispredict
     2.805817241,420738,,br_misp_retired.all_branches,51473147,100.00,,
     2.906019259,59101671,,inst_retired.any,52178905,100.00,138.6,IpMispredict
     2.906019259,425337,,br_misp_retired.all_branches,52178905,100.00,,
     3.006223356,57980022,,inst_retired.any,52030068,100.00,136.0,IpMispredict
     3.006223356,421962,,br_misp_retired.all_branches,52030068,100.00,,
     3.106429767,59599526,,inst_retired.any,55756699,100.00,139.7,IpMispredict
     3.106429767,438138,,br_misp_retired.all_branches,55756699,100.00,,
     3.206633697,58833444,,inst_retired.any,51861914,100.00,137.9,IpMispredict
     3.206633697,426802,,br_misp_retired.all_branches,51861914,100.00,,
     3.306836654,58651207,,inst_retired.any,51980783,100.00,137.5,IpMispredict
     3.306836654,422060,,br_misp_retired.all_branches,51980783,100.00,,
     3.407037191,59065360,,inst_retired.any,52079825,100.00,138.5,IpMispredict
     3.407037191,424281,,br_misp_retired.all_branches,52079825,100.00,,
     3.507267301,58166133,,inst_retired.any,51258278,100.00,136.4,IpMispredict
     3.507267301,420826,,br_misp_retired.all_branches,51258278,100.00,,
     3.607468911,59145526,,inst_retired.any,52261983,100.00,138.7,IpMispredict
     3.607468911,428572,,br_misp_retired.all_branches,52261983,100.00,,
     3.707672654,58556450,,inst_retired.any,51619615,100.00,137.4,IpMispredict
     3.707672654,424120,,br_misp_retired.all_branches,51619615,100.00,,
     3.807873710,58724484,,inst_retired.any,51781850,100.00,137.8,IpMispredict
     3.807873710,423321,,br_misp_retired.all_branches,51781850,100.00,,
     3.908076414,59080525,,inst_retired.any,52139464,100.00,138.6,IpMispredict
     3.908076414,427562,,br_misp_retired.all_branches,52139464,100.00,,
     4.008276027,58146459,,inst_retired.any,51272891,100.00,136.5,IpMispredict
     4.008276027,420416,,br_misp_retired.all_branches,51272891,100.00,,
     4.108480043,59214986,,inst_retired.any,52380468,100.00,138.9,IpMispredict
     4.108480043,429426,,br_misp_retired.all_branches,52380468,100.00,,
     4.208686996,57695245,,inst_retired.any,51955152,100.00,135.3,IpMispredict
     4.208686996,429852,,br_misp_retired.all_branches,51955152,100.00,,
     4.308887806,59510087,,inst_retired.any,54098132,100.00,139.5,IpMispredict
     4.308887806,436495,,br_misp_retired.all_branches,54098132,100.00,,
     4.409090155,58796767,,inst_retired.any,49255166,100.00,137.8,IpMispredict
     4.409090155,430734,,br_misp_retired.all_branches,49255166,100.00,,
     4.509290510,58801428,,inst_retired.any,49186514,100.00,137.8,IpMispredict
     4.509290510,428731,,br_misp_retired.all_branches,49186514,100.00,,
     4.609492421,58780905,,inst_retired.any,49299183,100.00,137.8,IpMispredict
     4.609492421,425720,,br_misp_retired.all_branches,49299183,100.00,,
     4.709691894,58552022,,inst_retired.any,48785800,100.00,137.3,IpMispredict
     4.709691894,421436,,br_misp_retired.all_branches,48785800,100.00,,
     4.809893599,58751614,,inst_retired.any,48960778,100.00,137.8,IpMispredict
     4.809893599,421651,,br_misp_retired.all_branches,48960778,100.00,,
     4.910096750,59000860,,inst_retired.any,49130184,100.00,138.4,IpMispredict
     4.910096750,423356,,br_misp_retired.all_branches,49130184,100.00,,
     5.010301990,58817868,,inst_retired.any,49092595,100.00,138.0,IpMispredict
     5.010301990,423475,,br_misp_retired.all_branches,49092595,100.00,,
     5.110501362,58929103,,inst_retired.any,49295578,100.00,138.2,IpMispredict
     5.110501362,426908,,br_misp_retired.all_branches,49295578,100.00,,
     5.210701760,58596154,,inst_retired.any,48796049,100.00,137.5,IpMispredict
     5.210701760,421418,,br_misp_retired.all_branches,48796049,100.00,,
     5.310902649,58676638,,inst_retired.any,49070455,100.00,137.7,IpMispredict
     5.310902649,426626,,br_misp_retired.all_branches,49070455,100.00,,
     5.411116535,58527731,,inst_retired.any,48879440,100.00,137.3,IpMispredict
     5.411116535,422948,,br_misp_retired.all_branches,48879440,100.00,,
     5.511338703,58872368,,inst_retired.any,49218677,100.00,138.1,IpMispredict
     5.511338703,425970,,br_misp_retired.all_branches,49218677,100.00,,
     5.611543372,59140084,,inst_retired.any,49414012,100.00,138.8,IpMispredict
     5.611543372,429869,,br_misp_retired.all_branches,49414012,100.00,,
     5.711745901,58881833,,inst_retired.any,49017914,100.00,138.2,IpMispredict
     5.711745901,423255,,br_misp_retired.all_branches,49017914,100.00,,
     5.811946493,58401136,,inst_retired.any,48709168,100.00,137.1,IpMispredict
     5.811946493,422946,,br_misp_retired.all_branches,48709168,100.00,,
     5.912145896,58639152,,inst_retired.any,49061162,100.00,137.6,IpMispredict
     5.912145896,425065,,br_misp_retired.all_branches,49061162,100.00,,
     6.012351863,58840476,,inst_retired.any,49057052,100.00,138.1,IpMispredict
     6.012351863,423444,,br_misp_retired.all_branches,49057052,100.00,,
     6.112554664,59095895,,inst_retired.any,49258580,100.00,138.7,IpMispredict
     6.112554664,425161,,br_misp_retired.all_branches,49258580,100.00,,
     6.212758808,58973181,,inst_retired.any,49034717,100.00,138.4,IpMispredict
     6.212758808,424108,,br_misp_retired.all_branches,49034717,100.00,,
     6.312956950,58813120,,inst_retired.any,49168605,100.00,138.1,IpMispredict
     6.312956950,423265,,br_misp_retired.all_branches,49168605,100.00,,
     6.413159897,58687334,,inst_retired.any,49068848,100.00,137.8,IpMispredict
     6.413159897,424763,,br_misp_retired.all_branches,49068848,100.00,,
     6.513363042,58862732,,inst_retired.any,49080980,100.00,138.2,IpMispredict
     6.513363042,424583,,br_misp_retired.all_branches,49080980,100.00,,
     6.613566651,58761682,,inst_retired.any,49100033,100.00,138.0,IpMispredict
     6.613566651,425204,,br_misp_retired.all_branches,49100033,100.00,,
     6.713766277,58569988,,inst_retired.any,48938715,100.00,137.5,IpMispredict
     6.713766277,424674,,br_misp_retired.all_branches,48938715,100.00,,
     6.813967611,58431944,,inst_retired.any,48656649,100.00,137.2,IpMispredict
     6.813967611,421075,,br_misp_retired.all_branches,48656649,100.00,,
     6.914171400,58732081,,inst_retired.any,49079150,100.00,137.9,IpMispredict
     6.914171400,421130,,br_misp_retired.all_branches,49079150,100.00,,
     7.014380137,58767535,,inst_retired.any,49103597,100.00,138.0,IpMispredict
     7.014380137,423676,,br_misp_retired.all_branches,49103597,100.00,,
     7.114583031,58490341,,inst_retired.any,50088778,100.00,137.4,IpMispredict
     7.114583031,423620,,br_misp_retired.all_branches,50088778,100.00,,
     7.214790316,59113270,,inst_retired.any,56241977,100.00,138.8,IpMispredict
     7.214790316,433865,,br_misp_retired.all_branches,56241977,100.00,,
     7.314990098,58848524,,inst_retired.any,54624358,100.00,138.2,IpMispredict
     7.314990098,430845,,br_misp_retired.all_branches,54624358,100.00,,
     7.415194690,59195535,,inst_retired.any,51558909,100.00,139.0,IpMispredict
     7.415194690,430445,,br_misp_retired.all_branches,51558909,100.00,,
     7.515395395,58549412,,inst_retired.any,48779187,100.00,137.5,IpMispredict
     7.515395395,425578,,br_misp_retired.all_branches,48779187,100.00,,
     7.615595455,59088839,,inst_retired.any,49203469,100.00,138.7,IpMispredict
     7.615595455,427499,,br_misp_retired.all_branches,49203469,100.00,,
     7.715799365,59600638,,inst_retired.any,49409934,100.00,139.9,IpMispredict
     7.715799365,430321,,br_misp_retired.all_branches,49409934,100.00,,
     7.816004554,58783259,,inst_retired.any,49107402,100.00,138.0,IpMispredict
     7.816004554,430280,,br_misp_retired.all_branches,49107402,100.00,,
     7.916206135,58730601,,inst_retired.any,49007013,100.00,137.8,IpMispredict
     7.916206135,425653,,br_misp_retired.all_branches,49007013,100.00,,
     8.016414802,58878843,,inst_retired.any,49085353,100.00,138.2,IpMispredict
     8.016414802,429355,,br_misp_retired.all_branches,49085353,100.00,,
     8.116623016,58968546,,inst_retired.any,49286313,100.00,138.4,IpMispredict
     8.116623016,426572,,br_misp_retired.all_branches,49286313,100.00,,
     8.216827042,58776537,,inst_retired.any,49108015,100.00,137.9,IpMispredict
     8.216827042,428800,,br_misp_retired.all_branches,49108015,100.00,,
     8.317055264,58963002,,inst_retired.any,49197588,100.00,138.4,IpMispredict
     8.317055264,427684,,br_misp_retired.all_branches,49197588,100.00,,
     8.417258593,59017685,,inst_retired.any,49013808,100.00,138.5,IpMispredict
     8.417258593,427466,,br_misp_retired.all_branches,49013808,100.00,,
     8.517462529,58589222,,inst_retired.any,48701936,100.00,137.5,IpMispredict
     8.517462529,425264,,br_misp_retired.all_branches,48701936,100.00,,
     8.617663879,58488184,,inst_retired.any,48656287,100.00,137.3,IpMispredict
     8.617663879,423287,,br_misp_retired.all_branches,48656287,100.00,,
     8.717867254,58985229,,inst_retired.any,49048411,100.00,138.4,IpMispredict
     8.717867254,426114,,br_misp_retired.all_branches,49048411,100.00,,
     8.818071685,58984214,,inst_retired.any,49039723,100.00,138.4,IpMispredict
     8.818071685,426955,,br_misp_retired.all_branches,49039723,100.00,,
     8.918271398,58871481,,inst_retired.any,49050566,100.00,138.1,IpMispredict
     8.918271398,426879,,br_misp_retired.all_branches,49050566,100.00,,
     9.018475712,58290913,,inst_retired.any,48424801,100.00,136.8,IpMispredict
     9.018475712,418753,,br_misp_retired.all_branches,48424801,100.00,,
     9.118677449,57652219,,inst_retired.any,51586775,100.00,135.3,IpMispredict
     9.118677449,433442,,br_misp_retired.all_branches,51586775,100.00,,
     9.218876655,60407614,,inst_retired.any,53504892,100.00,141.7,IpMispredict
     9.218876655,434610,,br_misp_retired.all_branches,53504892,100.00,,
     9.319080214,58178193,,inst_retired.any,51396970,100.00,136.5,IpMispredict
     9.319080214,416880,,br_misp_retired.all_branches,51396970,100.00,,
     9.419292653,59033419,,inst_retired.any,52195912,100.00,138.5,IpMispredict
     9.419292653,423139,,br_misp_retired.all_branches,52195912,100.00,,
     9.519491665,58668419,,inst_retired.any,51899590,100.00,137.7,IpMispredict
     9.519491665,421696,,br_misp_retired.all_branches,51899590,100.00,,
     9.619693188,58593997,,inst_retired.any,51823185,100.00,137.5,IpMispredict
     9.619693188,420559,,br_misp_retired.all_branches,51823185,100.00,,
     9.719895297,59124761,,inst_retired.any,52273481,100.00,138.8,IpMispredict
     9.719895297,426732,,br_misp_retired.all_branches,52273481,100.00,,
     9.820100255,58239597,,inst_retired.any,51598724,100.00,136.7,IpMispredict
     9.820100255,421823,,br_misp_retired.all_branches,51598724,100.00,,
     9.920304549,58990552,,inst_retired.any,52283199,100.00,138.5,IpMispredict
     9.920304549,424346,,br_misp_retired.all_branches,52283199,100.00,,
    10.020507570,58897371,,inst_retired.any,52096002,100.00,138.3,IpMispredict
    10.020507570,421994,,br_misp_retired.all_branches,52096002,100.00,,
    10.120710814,58987170,,inst_retired.any,55741325,100.00,138.4,IpMispredict
    10.120710814,441358,,br_misp_retired.all_branches,55741325,100.00,,
    10.220915525,58628664,,inst_retired.any,49113861,100.00,137.6,IpMispredict
    10.220915525,424298,,br_misp_retired.all_branches,49113861,100.00,,
    10.321114844,58653742,,inst_retired.any,49149340,100.00,137.7,IpMispredict
    10.321114844,426646,,br_misp_retired.all_branches,49149340,100.00,,
    10.421319279,58735880,,inst_retired.any,49168815,100.00,137.9,IpMispredict
    10.421319279,425323,,br_misp_retired.all_branches,49168815,100.00,,
    10.521521538,58570309,,inst_retired.any,49059142,100.00,137.5,IpMispredict
    10.521521538,423470,,br_misp_retired.all_branches,49059142,100.00,,
    10.621725089,58844014,,inst_retired.any,49306548,100.00,138.1,IpMispredict
    10.621725089,427883,,br_misp_retired.all_branches,49306548,100.00,,
    10.721926978,58040782,,inst_retired.any,49914969,100.00,136.2,IpMispredict
    10.721926978,432270,,br_misp_retired.all_branches,49914969,100.00,,
    10.822127737,59404863,,inst_retired.any,56605337,100.00,139.4,IpMispredict
    10.822127737,433504,,br_misp_retired.all_branches,56605337,100.00,,
    10.922331399,59067605,,inst_retired.any,52227834,100.00,138.6,IpMispredict
    10.922331399,427359,,br_misp_retired.all_branches,52227834,100.00,,
    11.022560808,58808925,,inst_retired.any,51909536,100.00,138.0,IpMispredict
    11.022560808,425752,,br_misp_retired.all_branches,51909536,100.00,,
