# started on Mon May  1 17:05:28 2023

     0.100148462,30045801,,inst_retired.any,42925135,100.00,126.4,IpMispredict
     0.100148462,237621,,br_misp_retired.all_branches,42925135,100.00,,
     0.200372065,30026488,,inst_retired.any,43542952,100.00,126.4,IpMispredict
     0.200372065,237427,,br_misp_retired.all_branches,43542952,100.00,,
     0.300565335,29799933,,inst_retired.any,43040219,100.00,126.0,IpMispredict
     0.300565335,234227,,br_misp_retired.all_branches,43040219,100.00,,
     0.400762320,30236039,,inst_retired.any,43792268,100.00,128.0,IpMispredict
     0.400762320,235467,,br_misp_retired.all_branches,43792268,100.00,,
     0.500958086,30637722,,inst_retired.any,43274552,100.00,129.5,IpMispredict
     0.500958086,237840,,br_misp_retired.all_branches,43274552,100.00,,
     0.601152168,30176850,,inst_retired.any,44334253,100.00,127.9,IpMispredict
     0.601152168,233486,,br_misp_retired.all_branches,44334253,100.00,,
     0.701344730,29691189,,inst_retired.any,42821004,100.00,125.4,IpMispredict
     0.701344730,241472,,br_misp_retired.all_branches,42821004,100.00,,
     0.801538531,30364462,,inst_retired.any,44202593,100.00,129.0,IpMispredict
     0.801538531,225431,,br_misp_retired.all_branches,44202593,100.00,,
     0.901729245,30246607,,inst_retired.any,44251648,100.00,128.5,IpMispredict
     0.901729245,234739,,br_misp_retired.all_branches,44251648,100.00,,
     1.001920801,29928507,,inst_retired.any,43443647,100.00,126.7,IpMispredict
     1.001920801,244216,,br_misp_retired.all_branches,43443647,100.00,,
     1.102116787,29846982,,inst_retired.any,43348094,100.00,125.7,IpMispredict
     1.102116787,250193,,br_misp_retired.all_branches,43348094,100.00,,
     1.202313589,30314928,,inst_retired.any,43025365,100.00,128.3,IpMispredict
     1.202313589,223647,,br_misp_retired.all_branches,43025365,100.00,,
     1.302504731,29998396,,inst_retired.any,44089090,100.00,126.3,IpMispredict
     1.302504731,251893,,br_misp_retired.all_branches,44089090,100.00,,
     1.402701141,30012708,,inst_retired.any,43059314,100.00,126.3,IpMispredict
     1.402701141,238452,,br_misp_retired.all_branches,43059314,100.00,,
     1.502896917,30214180,,inst_retired.any,44157605,100.00,127.2,IpMispredict
     1.502896917,237285,,br_misp_retired.all_branches,44157605,100.00,,
     1.603093218,30073959,,inst_retired.any,43830832,100.00,125.8,IpMispredict
     1.603093218,260685,,br_misp_retired.all_branches,43830832,100.00,,
     1.703289197,29939519,,inst_retired.any,42876538,100.00,125.5,IpMispredict
     1.703289197,231297,,br_misp_retired.all_branches,42876538,100.00,,
     1.803482647,30216562,,inst_retired.any,43740142,100.00,126.4,IpMispredict
     1.803482647,249071,,br_misp_retired.all_branches,43740142,100.00,,
     1.903674541,29671235,,inst_retired.any,43066630,100.00,124.5,IpMispredict
     1.903674541,223745,,br_misp_retired.all_branches,43066630,100.00,,
     2.003870628,30606168,,inst_retired.any,44264352,100.00,128.5,IpMispredict
     2.003870628,236958,,br_misp_retired.all_branches,44264352,100.00,,
     2.104067079,29942316,,inst_retired.any,42695625,100.00,126.1,IpMispredict
     2.104067079,219478,,br_misp_retired.all_branches,42695625,100.00,,
     2.204258932,30050438,,inst_retired.any,43060427,100.00,126.8,IpMispredict
     2.204258932,230893,,br_misp_retired.all_branches,43060427,100.00,,
     2.304453074,30171721,,inst_retired.any,43650652,100.00,126.9,IpMispredict
     2.304453074,252912,,br_misp_retired.all_branches,43650652,100.00,,
     2.404647587,29876115,,inst_retired.any,43276736,100.00,125.7,IpMispredict
     2.404647587,237058,,br_misp_retired.all_branches,43276736,100.00,,
     2.504838080,30077399,,inst_retired.any,43000220,100.00,126.3,IpMispredict
     2.504838080,246775,,br_misp_retired.all_branches,43000220,100.00,,
     2.605033371,30374434,,inst_retired.any,44094720,100.00,127.6,IpMispredict
     2.605033371,236806,,br_misp_retired.all_branches,44094720,100.00,,
     2.705224199,30167652,,inst_retired.any,43858877,100.00,126.5,IpMispredict
     2.705224199,249041,,br_misp_retired.all_branches,43858877,100.00,,
     2.805435314,29844653,,inst_retired.any,42716162,100.00,125.2,IpMispredict
     2.805435314,239021,,br_misp_retired.all_branches,42716162,100.00,,
     2.905634190,30177712,,inst_retired.any,43625048,100.00,126.6,IpMispredict
     2.905634190,235005,,br_misp_retired.all_branches,43625048,100.00,,
     3.005824938,29964058,,inst_retired.any,42494702,100.00,126.1,IpMispredict
     3.005824938,217514,,br_misp_retired.all_branches,42494702,100.00,,
     3.106029631,29941658,,inst_retired.any,44292961,100.00,125.9,IpMispredict
     3.106029631,244663,,br_misp_retired.all_branches,44292961,100.00,,
     3.206222153,30384224,,inst_retired.any,43753112,100.00,127.9,IpMispredict
     3.206222153,224877,,br_misp_retired.all_branches,43753112,100.00,,
     3.306415396,29675639,,inst_retired.any,42199942,100.00,125.4,IpMispredict
     3.306415396,211566,,br_misp_retired.all_branches,42199942,100.00,,
     3.406609260,30241963,,inst_retired.any,44729187,100.00,127.5,IpMispredict
     3.406609260,255871,,br_misp_retired.all_branches,44729187,100.00,,
     3.506803161,30059427,,inst_retired.any,43399501,100.00,126.8,IpMispredict
     3.506803161,229954,,br_misp_retired.all_branches,43399501,100.00,,
     3.606998683,30085690,,inst_retired.any,43689875,100.00,127.0,IpMispredict
     3.606998683,228875,,br_misp_retired.all_branches,43689875,100.00,,
     3.707202013,30023795,,inst_retired.any,43773173,100.00,127.0,IpMispredict
     3.707202013,219710,,br_misp_retired.all_branches,43773173,100.00,,
     3.807396452,30096646,,inst_retired.any,43617441,100.00,127.3,IpMispredict
     3.807396452,237278,,br_misp_retired.all_branches,43617441,100.00,,
     3.907587326,30192672,,inst_retired.any,43128344,100.00,128.0,IpMispredict
     3.907587326,217605,,br_misp_retired.all_branches,43128344,100.00,,
     4.007779945,30284972,,inst_retired.any,44172327,100.00,128.4,IpMispredict
     4.007779945,237960,,br_misp_retired.all_branches,44172327,100.00,,
     4.107999883,29640967,,inst_retired.any,42153701,100.00,125.6,IpMispredict
     4.107999883,240279,,br_misp_retired.all_branches,42153701,100.00,,
     4.208193107,30001427,,inst_retired.any,42929453,100.00,127.1,IpMispredict
     4.208193107,233472,,br_misp_retired.all_branches,42929453,100.00,,
     4.308388512,30479466,,inst_retired.any,43570998,100.00,129.3,IpMispredict
     4.308388512,223578,,br_misp_retired.all_branches,43570998,100.00,,
     4.408590582,30050478,,inst_retired.any,43108970,100.00,127.3,IpMispredict
     4.408590582,249370,,br_misp_retired.all_branches,43108970,100.00,,
     4.508791807,29863427,,inst_retired.any,43161709,100.00,126.5,IpMispredict
     4.508791807,237758,,br_misp_retired.all_branches,43161709,100.00,,
     4.608985211,30302829,,inst_retired.any,44083082,100.00,128.3,IpMispredict
     4.608985211,244141,,br_misp_retired.all_branches,44083082,100.00,,
     4.709178795,29975194,,inst_retired.any,43746583,100.00,126.9,IpMispredict
     4.709178795,237740,,br_misp_retired.all_branches,43746583,100.00,,
     4.809373234,30149599,,inst_retired.any,43754982,100.00,127.6,IpMispredict
     4.809373234,234740,,br_misp_retired.all_branches,43754982,100.00,,
     4.909572432,29848153,,inst_retired.any,42588983,100.00,126.2,IpMispredict
     4.909572432,251428,,br_misp_retired.all_branches,42588983,100.00,,
     5.009771701,30022080,,inst_retired.any,43587651,100.00,127.0,IpMispredict
     5.009771701,226444,,br_misp_retired.all_branches,43587651,100.00,,
     5.109965787,30402080,,inst_retired.any,43741975,100.00,128.6,IpMispredict
     5.109965787,241747,,br_misp_retired.all_branches,43741975,100.00,,
     5.210157359,29782763,,inst_retired.any,43059632,100.00,126.1,IpMispredict
     5.210157359,218778,,br_misp_retired.all_branches,43059632,100.00,,
     5.310353272,30019403,,inst_retired.any,43240534,100.00,127.2,IpMispredict
     5.310353272,234855,,br_misp_retired.all_branches,43240534,100.00,,
     5.410546572,29996128,,inst_retired.any,42868888,100.00,127.1,IpMispredict
     5.410546572,230780,,br_misp_retired.all_branches,42868888,100.00,,
     5.510762502,30747493,,inst_retired.any,43761925,100.00,130.2,IpMispredict
     5.510762502,243251,,br_misp_retired.all_branches,43761925,100.00,,
     5.610959290,30161244,,inst_retired.any,43612800,100.00,127.9,IpMispredict
     5.610959290,223149,,br_misp_retired.all_branches,43612800,100.00,,
     5.711152142,30010204,,inst_retired.any,43647103,100.00,127.2,IpMispredict
     5.711152142,234993,,br_misp_retired.all_branches,43647103,100.00,,
     5.811346010,30291330,,inst_retired.any,43118537,100.00,128.4,IpMispredict
     5.811346010,242769,,br_misp_retired.all_branches,43118537,100.00,,
     5.911545367,29832231,,inst_retired.any,43048067,100.00,126.5,IpMispredict
     5.911545367,229530,,br_misp_retired.all_branches,43048067,100.00,,
     6.011739225,30370758,,inst_retired.any,44134272,100.00,128.7,IpMispredict
     6.011739225,244444,,br_misp_retired.all_branches,44134272,100.00,,
     6.111949738,29959629,,inst_retired.any,42674816,100.00,127.0,IpMispredict
     6.111949738,232513,,br_misp_retired.all_branches,42674816,100.00,,
     6.212146944,30282208,,inst_retired.any,44186817,100.00,128.1,IpMispredict
     6.212146944,264036,,br_misp_retired.all_branches,44186817,100.00,,
     6.312340350,29882124,,inst_retired.any,43426905,100.00,126.4,IpMispredict
     6.312340350,239600,,br_misp_retired.all_branches,43426905,100.00,,
     6.412535241,29669445,,inst_retired.any,41956717,100.00,125.6,IpMispredict
     6.412535241,223663,,br_misp_retired.all_branches,41956717,100.00,,
     6.512727481,30571087,,inst_retired.any,44391804,100.00,129.4,IpMispredict
     6.512727481,231529,,br_misp_retired.all_branches,44391804,100.00,,
     6.612921720,29884850,,inst_retired.any,43159187,100.00,126.5,IpMispredict
     6.612921720,240043,,br_misp_retired.all_branches,43159187,100.00,,
     6.713112301,29986587,,inst_retired.any,43597677,100.00,127.0,IpMispredict
     6.713112301,226606,,br_misp_retired.all_branches,43597677,100.00,,
     6.813310959,30254398,,inst_retired.any,44575918,100.00,127.9,IpMispredict
     6.813310959,267094,,br_misp_retired.all_branches,44575918,100.00,,
     6.913502642,29877267,,inst_retired.any,43768068,100.00,126.2,IpMispredict
     6.913502642,244663,,br_misp_retired.all_branches,43768068,100.00,,
     7.013692857,30329456,,inst_retired.any,44272775,100.00,128.1,IpMispredict
     7.013692857,245531,,br_misp_retired.all_branches,44272775,100.00,,
     7.113888740,29798515,,inst_retired.any,43858462,100.00,125.8,IpMispredict
     7.113888740,240902,,br_misp_retired.all_branches,43858462,100.00,,
     7.214084606,30202139,,inst_retired.any,43475932,100.00,127.4,IpMispredict
     7.214084606,246662,,br_misp_retired.all_branches,43475932,100.00,,
     7.314278565,29995740,,inst_retired.any,43479317,100.00,126.6,IpMispredict
     7.314278565,225440,,br_misp_retired.all_branches,43479317,100.00,,
     7.414470525,30140316,,inst_retired.any,43929368,100.00,127.3,IpMispredict
     7.414470525,230888,,br_misp_retired.all_branches,43929368,100.00,,
     7.514662341,30058289,,inst_retired.any,41595052,100.00,127.0,IpMispredict
     7.514662341,230332,,br_misp_retired.all_branches,41595052,100.00,,
     7.614855253,30146607,,inst_retired.any,43582158,100.00,127.3,IpMispredict
     7.614855253,247575,,br_misp_retired.all_branches,43582158,100.00,,
     7.715048683,30141034,,inst_retired.any,43437348,100.00,127.2,IpMispredict
     7.715048683,241578,,br_misp_retired.all_branches,43437348,100.00,,
     7.815247941,29893610,,inst_retired.any,42602967,100.00,126.3,IpMispredict
     7.815247941,226399,,br_misp_retired.all_branches,42602967,100.00,,
     7.915440703,30232763,,inst_retired.any,43390676,100.00,127.7,IpMispredict
     7.915440703,238893,,br_misp_retired.all_branches,43390676,100.00,,
     8.015631233,30053494,,inst_retired.any,43213862,100.00,126.9,IpMispredict
     8.015631233,240993,,br_misp_retired.all_branches,43213862,100.00,,
     8.115825862,30044198,,inst_retired.any,44494098,100.00,126.6,IpMispredict
     8.115825862,271912,,br_misp_retired.all_branches,44494098,100.00,,
     8.216021177,29848408,,inst_retired.any,42663984,100.00,125.9,IpMispredict
     8.216021177,218899,,br_misp_retired.all_branches,42663984,100.00,,
     8.316241960,29808053,,inst_retired.any,43271494,100.00,125.8,IpMispredict
     8.316241960,229977,,br_misp_retired.all_branches,43271494,100.00,,
     8.416442200,30434258,,inst_retired.any,42924074,100.00,128.5,IpMispredict
     8.416442200,224433,,br_misp_retired.all_branches,42924074,100.00,,
     8.516644203,30050392,,inst_retired.any,43750498,100.00,127.0,IpMispredict
     8.516644203,218264,,br_misp_retired.all_branches,43750498,100.00,,
     8.616844680,30048118,,inst_retired.any,42958757,100.00,127.0,IpMispredict
     8.616844680,232538,,br_misp_retired.all_branches,42958757,100.00,,
     8.717046008,30194748,,inst_retired.any,43456095,100.00,127.7,IpMispredict
     8.717046008,235922,,br_misp_retired.all_branches,43456095,100.00,,
     8.817240247,29755163,,inst_retired.any,42789784,100.00,125.8,IpMispredict
     8.817240247,237426,,br_misp_retired.all_branches,42789784,100.00,,
     8.917438976,30178177,,inst_retired.any,43641128,100.00,127.6,IpMispredict
     8.917438976,238553,,br_misp_retired.all_branches,43641128,100.00,,
     9.017632406,29827751,,inst_retired.any,42060788,100.00,126.0,IpMispredict
     9.017632406,256214,,br_misp_retired.all_branches,42060788,100.00,,
     9.117826524,30321662,,inst_retired.any,43939713,100.00,128.1,IpMispredict
     9.117826524,237369,,br_misp_retired.all_branches,43939713,100.00,,
     9.218017919,30049080,,inst_retired.any,43959109,100.00,126.9,IpMispredict
     9.218017919,236539,,br_misp_retired.all_branches,43959109,100.00,,
     9.318215737,30068614,,inst_retired.any,44137952,100.00,127.0,IpMispredict
     9.318215737,235002,,br_misp_retired.all_branches,44137952,100.00,,
     9.418408465,30252208,,inst_retired.any,42701411,100.00,127.7,IpMispredict
     9.418408465,243664,,br_misp_retired.all_branches,42701411,100.00,,
     9.518604702,29951544,,inst_retired.any,43506270,100.00,126.4,IpMispredict
     9.518604702,250827,,br_misp_retired.all_branches,43506270,100.00,,
     9.618796893,30389332,,inst_retired.any,44027138,100.00,128.3,IpMispredict
     9.618796893,231384,,br_misp_retired.all_branches,44027138,100.00,,
     9.718989809,30604516,,inst_retired.any,42496079,100.00,129.3,IpMispredict
     9.718989809,220604,,br_misp_retired.all_branches,42496079,100.00,,
     9.819185223,30109672,,inst_retired.any,44093525,100.00,127.3,IpMispredict
     9.819185223,221775,,br_misp_retired.all_branches,44093525,100.00,,
     9.919385334,30158011,,inst_retired.any,42576582,100.00,127.5,IpMispredict
     9.919385334,229199,,br_misp_retired.all_branches,42576582,100.00,,
    10.019584966,29909305,,inst_retired.any,42610609,100.00,126.6,IpMispredict
    10.019584966,213974,,br_misp_retired.all_branches,42610609,100.00,,
    10.119783220,30220440,,inst_retired.any,43214824,100.00,127.9,IpMispredict
    10.119783220,231216,,br_misp_retired.all_branches,43214824,100.00,,
    10.220004946,29901663,,inst_retired.any,42756117,100.00,126.6,IpMispredict
    10.220004946,226683,,br_misp_retired.all_branches,42756117,100.00,,
    10.320198310,30159366,,inst_retired.any,45062808,100.00,127.7,IpMispredict
    10.320198310,231300,,br_misp_retired.all_branches,45062808,100.00,,
    10.420394241,29733637,,inst_retired.any,42104877,100.00,126.0,IpMispredict
    10.420394241,229805,,br_misp_retired.all_branches,42104877,100.00,,
    10.520587646,30905668,,inst_retired.any,43288296,100.00,130.9,IpMispredict
    10.520587646,248574,,br_misp_retired.all_branches,43288296,100.00,,
    10.620781259,30171027,,inst_retired.any,43600651,100.00,127.6,IpMispredict
    10.620781259,256604,,br_misp_retired.all_branches,43600651,100.00,,
    10.720977483,30060880,,inst_retired.any,43468268,100.00,127.2,IpMispredict
    10.720977483,241420,,br_misp_retired.all_branches,43468268,100.00,,
    10.821173703,30097099,,inst_retired.any,43131717,100.00,127.3,IpMispredict
    10.821173703,228044,,br_misp_retired.all_branches,43131717,100.00,,
    10.921374029,30031830,,inst_retired.any,43715416,100.00,127.0,IpMispredict
    10.921374029,251783,,br_misp_retired.all_branches,43715416,100.00,,
    11.021588026,30278448,,inst_retired.any,44351072,100.00,128.0,IpMispredict
    11.021588026,242927,,br_misp_retired.all_branches,44351072,100.00,,
