# started on Mon May  1 17:07:28 2023

     0.100188413,3087722,,offcore_response.all_requests.llc_hit.any_response,43849563,100.00,,
     0.100188413,367,,offcore_response.all_requests.llc_miss.any_response,43865941,100.00,,
     0.200391059,3096654,,offcore_response.all_requests.llc_hit.any_response,43856418,100.00,,
     0.200391059,268,,offcore_response.all_requests.llc_miss.any_response,43840040,100.00,,
     0.300581853,3065113,,offcore_response.all_requests.llc_hit.any_response,43642650,100.00,,
     0.300581853,307,,offcore_response.all_requests.llc_miss.any_response,43662551,100.00,,
     0.400780505,3082329,,offcore_response.all_requests.llc_hit.any_response,43413512,100.00,,
     0.400780505,332,,offcore_response.all_requests.llc_miss.any_response,43400815,100.00,,
     0.500981870,3049773,,offcore_response.all_requests.llc_hit.any_response,44026321,100.00,,
     0.500981870,540,,offcore_response.all_requests.llc_miss.any_response,44041371,100.00,,
     0.601178838,3090002,,offcore_response.all_requests.llc_hit.any_response,43421310,100.00,,
     0.601178838,311,,offcore_response.all_requests.llc_miss.any_response,43422548,100.00,,
     0.701378311,3144137,,offcore_response.all_requests.llc_hit.any_response,44096887,100.00,,
     0.701378311,499,,offcore_response.all_requests.llc_miss.any_response,44073395,100.00,,
     0.801573476,3067194,,offcore_response.all_requests.llc_hit.any_response,43358641,100.00,,
     0.801573476,366,,offcore_response.all_requests.llc_miss.any_response,43358641,100.00,,
     0.901767534,3056897,,offcore_response.all_requests.llc_hit.any_response,43108739,100.00,,
     0.901767534,279,,offcore_response.all_requests.llc_miss.any_response,43132574,100.00,,
     1.001967739,3101287,,offcore_response.all_requests.llc_hit.any_response,43463024,100.00,,
     1.001967739,357,,offcore_response.all_requests.llc_miss.any_response,43460871,100.00,,
     1.102163307,3034765,,offcore_response.all_requests.llc_hit.any_response,43121939,100.00,,
     1.102163307,390,,offcore_response.all_requests.llc_miss.any_response,43100257,100.00,,
     1.202358869,3115998,,offcore_response.all_requests.llc_hit.any_response,44283679,100.00,,
     1.202358869,1163,,offcore_response.all_requests.llc_miss.any_response,44294860,100.00,,
     1.302556590,3062940,,offcore_response.all_requests.llc_hit.any_response,43433004,100.00,,
     1.302556590,293,,offcore_response.all_requests.llc_miss.any_response,43421823,100.00,,
     1.402751420,3063610,,offcore_response.all_requests.llc_hit.any_response,44301414,100.00,,
     1.402751420,381,,offcore_response.all_requests.llc_miss.any_response,44301414,100.00,,
     1.502948419,3066859,,offcore_response.all_requests.llc_hit.any_response,41588933,100.00,,
     1.502948419,262,,offcore_response.all_requests.llc_miss.any_response,41599439,100.00,,
     1.603147945,3092601,,offcore_response.all_requests.llc_hit.any_response,43657886,100.00,,
     1.603147945,223,,offcore_response.all_requests.llc_miss.any_response,43664435,100.00,,
     1.703348786,3080290,,offcore_response.all_requests.llc_hit.any_response,43657789,100.00,,
     1.703348786,309,,offcore_response.all_requests.llc_miss.any_response,43640734,100.00,,
     1.803548941,3062528,,offcore_response.all_requests.llc_hit.any_response,42977804,100.00,,
     1.803548941,316,,offcore_response.all_requests.llc_miss.any_response,42977804,100.00,,
     1.903775972,3030506,,offcore_response.all_requests.llc_hit.any_response,43321472,100.00,,
     1.903775972,388,,offcore_response.all_requests.llc_miss.any_response,43345106,100.00,,
     2.003974718,3093811,,offcore_response.all_requests.llc_hit.any_response,42899114,100.00,,
     2.003974718,333,,offcore_response.all_requests.llc_miss.any_response,42899570,100.00,,
     2.104176123,3107014,,offcore_response.all_requests.llc_hit.any_response,44198955,100.00,,
     2.104176123,317,,offcore_response.all_requests.llc_miss.any_response,44198758,100.00,,
     2.204376048,3072352,,offcore_response.all_requests.llc_hit.any_response,43053986,100.00,,
     2.204376048,425,,offcore_response.all_requests.llc_miss.any_response,43030093,100.00,,
     2.304590600,3105611,,offcore_response.all_requests.llc_hit.any_response,43991525,100.00,,
     2.304590600,275,,offcore_response.all_requests.llc_miss.any_response,43991525,100.00,,
     2.404784347,3057765,,offcore_response.all_requests.llc_hit.any_response,42789360,100.00,,
     2.404784347,298,,offcore_response.all_requests.llc_miss.any_response,42789360,100.00,,
     2.504978498,3081493,,offcore_response.all_requests.llc_hit.any_response,41662442,100.00,,
     2.504978498,355,,offcore_response.all_requests.llc_miss.any_response,41662442,100.00,,
     2.605172285,3052887,,offcore_response.all_requests.llc_hit.any_response,41498658,100.00,,
     2.605172285,324,,offcore_response.all_requests.llc_miss.any_response,41498658,100.00,,
     2.705367653,3104308,,offcore_response.all_requests.llc_hit.any_response,43590368,100.00,,
     2.705367653,268,,offcore_response.all_requests.llc_miss.any_response,43614136,100.00,,
     2.805567968,3108963,,offcore_response.all_requests.llc_hit.any_response,44016835,100.00,,
     2.805567968,302,,offcore_response.all_requests.llc_miss.any_response,43993067,100.00,,
     2.905761502,3045530,,offcore_response.all_requests.llc_hit.any_response,43480559,100.00,,
     2.905761502,382,,offcore_response.all_requests.llc_miss.any_response,43480559,100.00,,
     3.005956879,3082748,,offcore_response.all_requests.llc_hit.any_response,44221907,100.00,,
     3.005956879,320,,offcore_response.all_requests.llc_miss.any_response,44221907,100.00,,
     3.106150195,3063436,,offcore_response.all_requests.llc_hit.any_response,43429513,100.00,,
     3.106150195,370,,offcore_response.all_requests.llc_miss.any_response,43453383,100.00,,
     3.206350732,3095617,,offcore_response.all_requests.llc_hit.any_response,44623862,100.00,,
     3.206350732,290,,offcore_response.all_requests.llc_miss.any_response,44623870,100.00,,
     3.306551571,3098176,,offcore_response.all_requests.llc_hit.any_response,44072503,100.00,,
     3.306551571,380,,offcore_response.all_requests.llc_miss.any_response,44072378,100.00,,
     3.406751519,3067003,,offcore_response.all_requests.llc_hit.any_response,43135079,100.00,,
     3.406751519,277,,offcore_response.all_requests.llc_miss.any_response,43134696,100.00,,
     3.506949844,3078286,,offcore_response.all_requests.llc_hit.any_response,43681626,100.00,,
     3.506949844,297,,offcore_response.all_requests.llc_miss.any_response,43658256,100.00,,
     3.607143711,3047672,,offcore_response.all_requests.llc_hit.any_response,43421004,100.00,,
     3.607143711,287,,offcore_response.all_requests.llc_miss.any_response,43421004,100.00,,
     3.707338594,3090905,,offcore_response.all_requests.llc_hit.any_response,43388813,100.00,,
     3.707338594,348,,offcore_response.all_requests.llc_miss.any_response,43388813,100.00,,
     3.807533491,3050193,,offcore_response.all_requests.llc_hit.any_response,43632705,100.00,,
     3.807533491,308,,offcore_response.all_requests.llc_miss.any_response,43632705,100.00,,
     3.907756466,3087349,,offcore_response.all_requests.llc_hit.any_response,43581888,100.00,,
     3.907756466,267,,offcore_response.all_requests.llc_miss.any_response,43605485,100.00,,
     4.007959640,3003164,,offcore_response.all_requests.llc_hit.any_response,42595018,100.00,,
     4.007959640,307,,offcore_response.all_requests.llc_miss.any_response,42591183,100.00,,
     4.108155947,3099037,,offcore_response.all_requests.llc_hit.any_response,42040639,100.00,,
     4.108155947,400,,offcore_response.all_requests.llc_miss.any_response,42020877,100.00,,
     4.208351825,3052542,,offcore_response.all_requests.llc_hit.any_response,43554089,100.00,,
     4.208351825,328,,offcore_response.all_requests.llc_miss.any_response,43577834,100.00,,
     4.308553184,3121018,,offcore_response.all_requests.llc_hit.any_response,44253281,100.00,,
     4.308553184,346,,offcore_response.all_requests.llc_miss.any_response,44229536,100.00,,
     4.408747836,3039324,,offcore_response.all_requests.llc_hit.any_response,43247132,100.00,,
     4.408747836,337,,offcore_response.all_requests.llc_miss.any_response,43247132,100.00,,
     4.508961266,3024327,,offcore_response.all_requests.llc_hit.any_response,42075735,100.00,,
     4.508961266,259,,offcore_response.all_requests.llc_miss.any_response,42094704,100.00,,
     4.609158985,3063198,,offcore_response.all_requests.llc_hit.any_response,43801357,100.00,,
     4.609158985,431,,offcore_response.all_requests.llc_miss.any_response,43805907,100.00,,
     4.709361024,3094118,,offcore_response.all_requests.llc_hit.any_response,43243747,100.00,,
     4.709361024,232,,offcore_response.all_requests.llc_miss.any_response,43220228,100.00,,
     4.809558317,3046367,,offcore_response.all_requests.llc_hit.any_response,43461431,100.00,,
     4.809558317,407,,offcore_response.all_requests.llc_miss.any_response,43461431,100.00,,
     4.909753895,3059540,,offcore_response.all_requests.llc_hit.any_response,43331870,100.00,,
     4.909753895,262,,offcore_response.all_requests.llc_miss.any_response,43355773,100.00,,
     5.009955079,3032327,,offcore_response.all_requests.llc_hit.any_response,43004125,100.00,,
     5.009955079,343,,offcore_response.all_requests.llc_miss.any_response,43003931,100.00,,
     5.110156360,3093059,,offcore_response.all_requests.llc_hit.any_response,43751909,100.00,,
     5.110156360,453,,offcore_response.all_requests.llc_miss.any_response,43728200,100.00,,
     5.210350361,3141867,,offcore_response.all_requests.llc_hit.any_response,44451701,100.00,,
     5.210350361,378,,offcore_response.all_requests.llc_miss.any_response,44451701,100.00,,
     5.310552501,3090608,,offcore_response.all_requests.llc_hit.any_response,43766689,100.00,,
     5.310552501,424,,offcore_response.all_requests.llc_miss.any_response,43790587,100.00,,
     5.410751430,3075585,,offcore_response.all_requests.llc_hit.any_response,43881633,100.00,,
     5.410751430,282,,offcore_response.all_requests.llc_miss.any_response,43857735,100.00,,
     5.510945398,3081447,,offcore_response.all_requests.llc_hit.any_response,43005188,100.00,,
     5.510945398,242,,offcore_response.all_requests.llc_miss.any_response,43030624,100.00,,
     5.611147964,3027375,,offcore_response.all_requests.llc_hit.any_response,42921821,100.00,,
     5.611147964,394,,offcore_response.all_requests.llc_miss.any_response,42896385,100.00,,
     5.711343165,3025243,,offcore_response.all_requests.llc_hit.any_response,41782476,100.00,,
     5.711343165,304,,offcore_response.all_requests.llc_miss.any_response,41797609,100.00,,
     5.811544503,2998833,,offcore_response.all_requests.llc_hit.any_response,42586326,100.00,,
     5.811544503,464,,offcore_response.all_requests.llc_miss.any_response,42571193,100.00,,
     5.911750034,3040986,,offcore_response.all_requests.llc_hit.any_response,43308658,100.00,,
     5.911750034,349,,offcore_response.all_requests.llc_miss.any_response,43308658,100.00,,
     6.011948689,3067444,,offcore_response.all_requests.llc_hit.any_response,42279915,100.00,,
     6.011948689,263,,offcore_response.all_requests.llc_miss.any_response,42279915,100.00,,
     6.112143926,3099761,,offcore_response.all_requests.llc_hit.any_response,44632283,100.00,,
     6.112143926,369,,offcore_response.all_requests.llc_miss.any_response,44632283,100.00,,
     6.212339978,3096405,,offcore_response.all_requests.llc_hit.any_response,44455267,100.00,,
     6.212339978,505,,offcore_response.all_requests.llc_miss.any_response,44479329,100.00,,
     6.312540140,3084719,,offcore_response.all_requests.llc_hit.any_response,44137694,100.00,,
     6.312540140,371,,offcore_response.all_requests.llc_miss.any_response,44137745,100.00,,
     6.412740927,3050793,,offcore_response.all_requests.llc_hit.any_response,42973419,100.00,,
     6.412740927,301,,offcore_response.all_requests.llc_miss.any_response,42973341,100.00,,
     6.512941382,3041031,,offcore_response.all_requests.llc_hit.any_response,42664806,100.00,,
     6.512941382,307,,offcore_response.all_requests.llc_miss.any_response,42640771,100.00,,
     6.613135323,3061592,,offcore_response.all_requests.llc_hit.any_response,43773237,100.00,,
     6.613135323,374,,offcore_response.all_requests.llc_miss.any_response,43773237,100.00,,
     6.713353216,3041714,,offcore_response.all_requests.llc_hit.any_response,42383937,100.00,,
     6.713353216,256,,offcore_response.all_requests.llc_miss.any_response,42407979,100.00,,
     6.813552319,3080662,,offcore_response.all_requests.llc_hit.any_response,43800262,100.00,,
     6.813552319,423,,offcore_response.all_requests.llc_miss.any_response,43799836,100.00,,
     6.913755354,3076102,,offcore_response.all_requests.llc_hit.any_response,44150994,100.00,,
     6.913755354,282,,offcore_response.all_requests.llc_miss.any_response,44150827,100.00,,
     7.013962499,3060992,,offcore_response.all_requests.llc_hit.any_response,44079483,100.00,,
     7.013962499,376,,offcore_response.all_requests.llc_miss.any_response,44073414,100.00,,
     7.114159447,3086460,,offcore_response.all_requests.llc_hit.any_response,43571493,100.00,,
     7.114159447,377,,offcore_response.all_requests.llc_miss.any_response,43554113,100.00,,
     7.214355245,3035649,,offcore_response.all_requests.llc_hit.any_response,43203280,100.00,,
     7.214355245,286,,offcore_response.all_requests.llc_miss.any_response,43226959,100.00,,
     7.314563933,3091425,,offcore_response.all_requests.llc_hit.any_response,43660556,100.00,,
     7.314563933,275,,offcore_response.all_requests.llc_miss.any_response,43636877,100.00,,
     7.414759826,3105317,,offcore_response.all_requests.llc_hit.any_response,43910732,100.00,,
     7.414759826,311,,offcore_response.all_requests.llc_miss.any_response,43910732,100.00,,
     7.514955310,3030560,,offcore_response.all_requests.llc_hit.any_response,43487801,100.00,,
     7.514955310,194,,offcore_response.all_requests.llc_miss.any_response,43487801,100.00,,
     7.615148622,3007449,,offcore_response.all_requests.llc_hit.any_response,42307650,100.00,,
     7.615148622,234,,offcore_response.all_requests.llc_miss.any_response,42331413,100.00,,
     7.715349285,3092677,,offcore_response.all_requests.llc_hit.any_response,44352377,100.00,,
     7.715349285,352,,offcore_response.all_requests.llc_miss.any_response,44328614,100.00,,
     7.815547285,3081784,,offcore_response.all_requests.llc_hit.any_response,43038856,100.00,,
     7.815547285,322,,offcore_response.all_requests.llc_miss.any_response,43038856,100.00,,
     7.915756250,3102059,,offcore_response.all_requests.llc_hit.any_response,43952723,100.00,,
     7.915756250,331,,offcore_response.all_requests.llc_miss.any_response,43952723,100.00,,
     8.015954447,3028154,,offcore_response.all_requests.llc_hit.any_response,43095087,100.00,,
     8.015954447,433,,offcore_response.all_requests.llc_miss.any_response,43095087,100.00,,
     8.116148369,3083176,,offcore_response.all_requests.llc_hit.any_response,44212821,100.00,,
     8.116148369,260,,offcore_response.all_requests.llc_miss.any_response,44212821,100.00,,
     8.216344184,3072202,,offcore_response.all_requests.llc_hit.any_response,43473720,100.00,,
     8.216344184,318,,offcore_response.all_requests.llc_miss.any_response,43473720,100.00,,
     8.316545405,3026337,,offcore_response.all_requests.llc_hit.any_response,43615092,100.00,,
     8.316545405,371,,offcore_response.all_requests.llc_miss.any_response,43615092,100.00,,
     8.416742159,3095952,,offcore_response.all_requests.llc_hit.any_response,44147992,100.00,,
     8.416742159,340,,offcore_response.all_requests.llc_miss.any_response,44164470,100.00,,
     8.516940242,3084702,,offcore_response.all_requests.llc_hit.any_response,43546284,100.00,,
     8.516940242,357,,offcore_response.all_requests.llc_miss.any_response,43529806,100.00,,
     8.617134557,3055808,,offcore_response.all_requests.llc_hit.any_response,43844066,100.00,,
     8.617134557,314,,offcore_response.all_requests.llc_miss.any_response,43867999,100.00,,
     8.717334157,3050079,,offcore_response.all_requests.llc_hit.any_response,44151619,100.00,,
     8.717334157,278,,offcore_response.all_requests.llc_miss.any_response,44127686,100.00,,
     8.817527744,3041661,,offcore_response.all_requests.llc_hit.any_response,43015377,100.00,,
     8.817527744,275,,offcore_response.all_requests.llc_miss.any_response,43015377,100.00,,
     8.917741374,3051460,,offcore_response.all_requests.llc_hit.any_response,43352298,100.00,,
     8.917741374,304,,offcore_response.all_requests.llc_miss.any_response,43352298,100.00,,
     9.017944879,3076045,,offcore_response.all_requests.llc_hit.any_response,44061258,100.00,,
     9.017944879,335,,offcore_response.all_requests.llc_miss.any_response,44061258,100.00,,
     9.118140771,3051056,,offcore_response.all_requests.llc_hit.any_response,42940095,100.00,,
     9.118140771,209,,offcore_response.all_requests.llc_miss.any_response,42963694,100.00,,
     9.218338762,3114567,,offcore_response.all_requests.llc_hit.any_response,43846163,100.00,,
     9.218338762,481,,offcore_response.all_requests.llc_miss.any_response,43822564,100.00,,
     9.318531797,3038082,,offcore_response.all_requests.llc_hit.any_response,43718335,100.00,,
     9.318531797,310,,offcore_response.all_requests.llc_miss.any_response,43718335,100.00,,
     9.418726402,3056952,,offcore_response.all_requests.llc_hit.any_response,43555572,100.00,,
     9.418726402,357,,offcore_response.all_requests.llc_miss.any_response,43578671,100.00,,
     9.518926403,3081459,,offcore_response.all_requests.llc_hit.any_response,44007695,100.00,,
     9.518926403,315,,offcore_response.all_requests.llc_miss.any_response,44008258,100.00,,
     9.619126439,3042133,,offcore_response.all_requests.llc_hit.any_response,43291779,100.00,,
     9.619126439,395,,offcore_response.all_requests.llc_miss.any_response,43291734,100.00,,
     9.719325741,3070582,,offcore_response.all_requests.llc_hit.any_response,43747372,100.00,,
     9.719325741,375,,offcore_response.all_requests.llc_miss.any_response,43747504,100.00,,
     9.819524984,3054183,,offcore_response.all_requests.llc_hit.any_response,43472718,100.00,,
     9.819524984,332,,offcore_response.all_requests.llc_miss.any_response,43472488,100.00,,
     9.919734485,3091843,,offcore_response.all_requests.llc_hit.any_response,43354511,100.00,,
     9.919734485,316,,offcore_response.all_requests.llc_miss.any_response,43330992,100.00,,
    10.019928980,3030832,,offcore_response.all_requests.llc_hit.any_response,43106994,100.00,,
    10.019928980,336,,offcore_response.all_requests.llc_miss.any_response,43106994,100.00,,
    10.120122993,3046736,,offcore_response.all_requests.llc_hit.any_response,42998704,100.00,,
    10.120122993,467,,offcore_response.all_requests.llc_miss.any_response,42998704,100.00,,
    10.220317198,3055083,,offcore_response.all_requests.llc_hit.any_response,43690974,100.00,,
    10.220317198,292,,offcore_response.all_requests.llc_miss.any_response,43690974,100.00,,
    10.320511970,3104233,,offcore_response.all_requests.llc_hit.any_response,43781148,100.00,,
    10.320511970,278,,offcore_response.all_requests.llc_miss.any_response,43804930,100.00,,
    10.420713075,3055012,,offcore_response.all_requests.llc_hit.any_response,43638846,100.00,,
    10.420713075,472,,offcore_response.all_requests.llc_miss.any_response,43615064,100.00,,
    10.520909452,3037833,,offcore_response.all_requests.llc_hit.any_response,41300447,100.00,,
    10.520909452,326,,offcore_response.all_requests.llc_miss.any_response,41323968,100.00,,
    10.621107418,3055906,,offcore_response.all_requests.llc_hit.any_response,43066994,100.00,,
    10.621107418,325,,offcore_response.all_requests.llc_miss.any_response,43066957,100.00,,
    10.721308833,3113610,,offcore_response.all_requests.llc_hit.any_response,44158362,100.00,,
    10.721308833,263,,offcore_response.all_requests.llc_miss.any_response,44134878,100.00,,
    10.821505577,3056965,,offcore_response.all_requests.llc_hit.any_response,43202073,100.00,,
    10.821505577,246,,offcore_response.all_requests.llc_miss.any_response,43213768,100.00,,
    10.921703817,3089967,,offcore_response.all_requests.llc_hit.any_response,44105430,100.00,,
    10.921703817,447,,offcore_response.all_requests.llc_miss.any_response,44093735,100.00,,
    11.021899929,3106388,,offcore_response.all_requests.llc_hit.any_response,44118144,100.00,,
    11.021899929,247,,offcore_response.all_requests.llc_miss.any_response,44118144,100.00,,
