# started on Mon May  1 17:07:41 2023

     0.100164678,6014450,,offcore_response.all_requests.llc_hit.any_response,54210514,100.00,,
     0.100164678,614,,offcore_response.all_requests.llc_miss.any_response,54210749,100.00,,
     0.200382197,6021235,,offcore_response.all_requests.llc_hit.any_response,54249605,100.00,,
     0.200382197,560,,offcore_response.all_requests.llc_miss.any_response,54252174,100.00,,
     0.300585123,6003419,,offcore_response.all_requests.llc_hit.any_response,54374877,100.00,,
     0.300585123,493,,offcore_response.all_requests.llc_miss.any_response,54374764,100.00,,
     0.400793256,6021056,,offcore_response.all_requests.llc_hit.any_response,54308137,100.00,,
     0.400793256,577,,offcore_response.all_requests.llc_miss.any_response,54308321,100.00,,
     0.500994236,6018443,,offcore_response.all_requests.llc_hit.any_response,54203054,100.00,,
     0.500994236,575,,offcore_response.all_requests.llc_miss.any_response,54202868,100.00,,
     0.601197021,6020355,,offcore_response.all_requests.llc_hit.any_response,54219881,100.00,,
     0.601197021,527,,offcore_response.all_requests.llc_miss.any_response,54218460,100.00,,
     0.701398115,6026078,,offcore_response.all_requests.llc_hit.any_response,54155042,100.00,,
     0.701398115,443,,offcore_response.all_requests.llc_miss.any_response,54143627,100.00,,
     0.801598162,5995788,,offcore_response.all_requests.llc_hit.any_response,54134356,100.00,,
     0.801598162,663,,offcore_response.all_requests.llc_miss.any_response,54124213,100.00,,
     0.901794775,5937175,,offcore_response.all_requests.llc_hit.any_response,53518394,100.00,,
     0.901794775,520,,offcore_response.all_requests.llc_miss.any_response,53523370,100.00,,
     1.001995622,6007019,,offcore_response.all_requests.llc_hit.any_response,54251217,100.00,,
     1.001995622,629,,offcore_response.all_requests.llc_miss.any_response,54260663,100.00,,
     1.102194316,5984024,,offcore_response.all_requests.llc_hit.any_response,54142620,100.00,,
     1.102194316,594,,offcore_response.all_requests.llc_miss.any_response,54151072,100.00,,
     1.202396152,6031060,,offcore_response.all_requests.llc_hit.any_response,54556631,100.00,,
     1.202396152,493,,offcore_response.all_requests.llc_miss.any_response,54556734,100.00,,
     1.302598362,5978348,,offcore_response.all_requests.llc_hit.any_response,54072944,100.00,,
     1.302598362,729,,offcore_response.all_requests.llc_miss.any_response,54049967,100.00,,
     1.402795430,5977150,,offcore_response.all_requests.llc_hit.any_response,54023455,100.00,,
     1.402795430,461,,offcore_response.all_requests.llc_miss.any_response,54040716,100.00,,
     1.502994081,6041488,,offcore_response.all_requests.llc_hit.any_response,54312270,100.00,,
     1.502994081,454,,offcore_response.all_requests.llc_miss.any_response,54317846,100.00,,
     1.603196969,6013771,,offcore_response.all_requests.llc_hit.any_response,54199546,100.00,,
     1.603196969,605,,offcore_response.all_requests.llc_miss.any_response,54176709,100.00,,
     1.703397014,5952884,,offcore_response.all_requests.llc_hit.any_response,53619045,100.00,,
     1.703397014,434,,offcore_response.all_requests.llc_miss.any_response,53642051,100.00,,
     1.803598990,6029130,,offcore_response.all_requests.llc_hit.any_response,54212902,100.00,,
     1.803598990,459,,offcore_response.all_requests.llc_miss.any_response,54214389,100.00,,
     1.903825919,6034857,,offcore_response.all_requests.llc_hit.any_response,54357959,100.00,,
     1.903825919,517,,offcore_response.all_requests.llc_miss.any_response,54354638,100.00,,
     2.004025306,6057222,,offcore_response.all_requests.llc_hit.any_response,54670640,100.00,,
     2.004025306,505,,offcore_response.all_requests.llc_miss.any_response,54672635,100.00,,
     2.104226687,5965681,,offcore_response.all_requests.llc_hit.any_response,53846572,100.00,,
     2.104226687,548,,offcore_response.all_requests.llc_miss.any_response,53823405,100.00,,
     2.204423959,6041389,,offcore_response.all_requests.llc_hit.any_response,54420202,100.00,,
     2.204423959,571,,offcore_response.all_requests.llc_miss.any_response,54420202,100.00,,
     2.304639730,5987157,,offcore_response.all_requests.llc_hit.any_response,53808106,100.00,,
     2.304639730,603,,offcore_response.all_requests.llc_miss.any_response,53808106,100.00,,
     2.404837606,6017502,,offcore_response.all_requests.llc_hit.any_response,54095636,100.00,,
     2.404837606,493,,offcore_response.all_requests.llc_miss.any_response,54118674,100.00,,
     2.505039044,6023742,,offcore_response.all_requests.llc_hit.any_response,54400014,100.00,,
     2.505039044,573,,offcore_response.all_requests.llc_miss.any_response,54399917,100.00,,
     2.605241443,5951997,,offcore_response.all_requests.llc_hit.any_response,53711042,100.00,,
     2.605241443,422,,offcore_response.all_requests.llc_miss.any_response,53711202,100.00,,
     2.705442274,6036025,,offcore_response.all_requests.llc_hit.any_response,54272884,100.00,,
     2.705442274,390,,offcore_response.all_requests.llc_miss.any_response,54271639,100.00,,
     2.805641914,5960558,,offcore_response.all_requests.llc_hit.any_response,53552868,100.00,,
     2.805641914,572,,offcore_response.all_requests.llc_miss.any_response,53531012,100.00,,
     2.905839910,6016656,,offcore_response.all_requests.llc_hit.any_response,54468609,100.00,,
     2.905839910,1056,,offcore_response.all_requests.llc_miss.any_response,54468609,100.00,,
     3.006038548,5993997,,offcore_response.all_requests.llc_hit.any_response,54186511,100.00,,
     3.006038548,465,,offcore_response.all_requests.llc_miss.any_response,54197325,100.00,,
     3.106239602,5993790,,offcore_response.all_requests.llc_hit.any_response,54206576,100.00,,
     3.106239602,589,,offcore_response.all_requests.llc_miss.any_response,54218639,100.00,,
     3.206440723,5987694,,offcore_response.all_requests.llc_hit.any_response,54197489,100.00,,
     3.206440723,503,,offcore_response.all_requests.llc_miss.any_response,54192444,100.00,,
     3.306640536,5947292,,offcore_response.all_requests.llc_hit.any_response,53864684,100.00,,
     3.306640536,559,,offcore_response.all_requests.llc_miss.any_response,53869794,100.00,,
     3.406840878,5958483,,offcore_response.all_requests.llc_hit.any_response,53984380,100.00,,
     3.406840878,694,,offcore_response.all_requests.llc_miss.any_response,53984593,100.00,,
     3.507041424,5980833,,offcore_response.all_requests.llc_hit.any_response,54261699,100.00,,
     3.507041424,446,,offcore_response.all_requests.llc_miss.any_response,54253065,100.00,,
     3.607241682,5929636,,offcore_response.all_requests.llc_hit.any_response,54023661,100.00,,
     3.607241682,524,,offcore_response.all_requests.llc_miss.any_response,54032229,100.00,,
     3.707441844,5974159,,offcore_response.all_requests.llc_hit.any_response,54166446,100.00,,
     3.707441844,735,,offcore_response.all_requests.llc_miss.any_response,54160022,100.00,,
     3.807642012,5998707,,offcore_response.all_requests.llc_hit.any_response,54498999,100.00,,
     3.807642012,594,,offcore_response.all_requests.llc_miss.any_response,54501860,100.00,,
     3.907842587,5941715,,offcore_response.all_requests.llc_hit.any_response,53780038,100.00,,
     3.907842587,405,,offcore_response.all_requests.llc_miss.any_response,53760512,100.00,,
     4.008038717,5956862,,offcore_response.all_requests.llc_hit.any_response,54027953,100.00,,
     4.008038717,447,,offcore_response.all_requests.llc_miss.any_response,54027953,100.00,,
     4.108241026,5979873,,offcore_response.all_requests.llc_hit.any_response,54264547,100.00,,
     4.108241026,478,,offcore_response.all_requests.llc_miss.any_response,54280424,100.00,,
     4.208438886,5938763,,offcore_response.all_requests.llc_hit.any_response,53748705,100.00,,
     4.208438886,461,,offcore_response.all_requests.llc_miss.any_response,53755843,100.00,,
     4.308639658,6003701,,offcore_response.all_requests.llc_hit.any_response,54308287,100.00,,
     4.308639658,383,,offcore_response.all_requests.llc_miss.any_response,54285272,100.00,,
     4.408835935,5926203,,offcore_response.all_requests.llc_hit.any_response,53711084,100.00,,
     4.408835935,530,,offcore_response.all_requests.llc_miss.any_response,53711084,100.00,,
     4.509050847,5908391,,offcore_response.all_requests.llc_hit.any_response,53760746,100.00,,
     4.509050847,464,,offcore_response.all_requests.llc_miss.any_response,53783653,100.00,,
     4.609252772,5998270,,offcore_response.all_requests.llc_hit.any_response,54420250,100.00,,
     4.609252772,534,,offcore_response.all_requests.llc_miss.any_response,54420382,100.00,,
     4.709455126,5937787,,offcore_response.all_requests.llc_hit.any_response,53653634,100.00,,
     4.709455126,548,,offcore_response.all_requests.llc_miss.any_response,53630595,100.00,,
     4.809651886,6003935,,offcore_response.all_requests.llc_hit.any_response,54743473,100.00,,
     4.809651886,442,,offcore_response.all_requests.llc_miss.any_response,54754167,100.00,,
     4.909859979,5980003,,offcore_response.all_requests.llc_hit.any_response,54546937,100.00,,
     4.909859979,439,,offcore_response.all_requests.llc_miss.any_response,54545887,100.00,,
     5.010069562,5959757,,offcore_response.all_requests.llc_hit.any_response,54189591,100.00,,
     5.010069562,511,,offcore_response.all_requests.llc_miss.any_response,54191256,100.00,,
     5.110270399,5973222,,offcore_response.all_requests.llc_hit.any_response,54118016,100.00,,
     5.110270399,674,,offcore_response.all_requests.llc_miss.any_response,54129749,100.00,,
     5.210471275,5960467,,offcore_response.all_requests.llc_hit.any_response,54286571,100.00,,
     5.210471275,587,,offcore_response.all_requests.llc_miss.any_response,54286619,100.00,,
     5.310672148,5947382,,offcore_response.all_requests.llc_hit.any_response,54011942,100.00,,
     5.310672148,527,,offcore_response.all_requests.llc_miss.any_response,53988852,100.00,,
     5.410868531,5937399,,offcore_response.all_requests.llc_hit.any_response,53763494,100.00,,
     5.410868531,606,,offcore_response.all_requests.llc_miss.any_response,53780400,100.00,,
     5.511069247,5949193,,offcore_response.all_requests.llc_hit.any_response,54165731,100.00,,
     5.511069247,524,,offcore_response.all_requests.llc_miss.any_response,54148825,100.00,,
     5.611266799,5937497,,offcore_response.all_requests.llc_hit.any_response,53753999,100.00,,
     5.611266799,557,,offcore_response.all_requests.llc_miss.any_response,53777037,100.00,,
     5.711469764,5961815,,offcore_response.all_requests.llc_hit.any_response,53894705,100.00,,
     5.711469764,723,,offcore_response.all_requests.llc_miss.any_response,53878308,100.00,,
     5.811668408,5950182,,offcore_response.all_requests.llc_hit.any_response,53907398,100.00,,
     5.811668408,479,,offcore_response.all_requests.llc_miss.any_response,53923695,100.00,,
     5.911869148,5977089,,offcore_response.all_requests.llc_hit.any_response,54136742,100.00,,
     5.911869148,524,,offcore_response.all_requests.llc_miss.any_response,54113804,100.00,,
     6.012064980,5977537,,offcore_response.all_requests.llc_hit.any_response,54293279,100.00,,
     6.012064980,504,,offcore_response.all_requests.llc_miss.any_response,54316469,100.00,,
     6.112265488,5973264,,offcore_response.all_requests.llc_hit.any_response,53961315,100.00,,
     6.112265488,573,,offcore_response.all_requests.llc_miss.any_response,53961051,100.00,,
     6.212467266,5932722,,offcore_response.all_requests.llc_hit.any_response,54003915,100.00,,
     6.212467266,628,,offcore_response.all_requests.llc_miss.any_response,54004102,100.00,,
     6.312669389,5958182,,offcore_response.all_requests.llc_hit.any_response,54106627,100.00,,
     6.312669389,446,,offcore_response.all_requests.llc_miss.any_response,54097553,100.00,,
     6.412867933,5954913,,offcore_response.all_requests.llc_hit.any_response,54307200,100.00,,
     6.412867933,519,,offcore_response.all_requests.llc_miss.any_response,54293161,100.00,,
     6.513065742,5919251,,offcore_response.all_requests.llc_hit.any_response,53783020,100.00,,
     6.513065742,601,,offcore_response.all_requests.llc_miss.any_response,53805944,100.00,,
     6.613266385,5963977,,offcore_response.all_requests.llc_hit.any_response,54104232,100.00,,
     6.613266385,547,,offcore_response.all_requests.llc_miss.any_response,54081308,100.00,,
     6.713488918,6014231,,offcore_response.all_requests.llc_hit.any_response,54660312,100.00,,
     6.713488918,592,,offcore_response.all_requests.llc_miss.any_response,54660312,100.00,,
     6.813686594,5908679,,offcore_response.all_requests.llc_hit.any_response,53583000,100.00,,
     6.813686594,591,,offcore_response.all_requests.llc_miss.any_response,53583000,100.00,,
     6.913885432,5929841,,offcore_response.all_requests.llc_hit.any_response,54165604,100.00,,
     6.913885432,518,,offcore_response.all_requests.llc_miss.any_response,54173287,100.00,,
     7.014084037,5971672,,offcore_response.all_requests.llc_hit.any_response,54386316,100.00,,
     7.014084037,640,,offcore_response.all_requests.llc_miss.any_response,54401718,100.00,,
     7.114285615,5975371,,offcore_response.all_requests.llc_hit.any_response,54209590,100.00,,
     7.114285615,590,,offcore_response.all_requests.llc_miss.any_response,54209479,100.00,,
     7.214485696,5955506,,offcore_response.all_requests.llc_hit.any_response,53756751,100.00,,
     7.214485696,633,,offcore_response.all_requests.llc_miss.any_response,53733777,100.00,,
     7.314681741,5998598,,offcore_response.all_requests.llc_hit.any_response,54125848,100.00,,
     7.314681741,535,,offcore_response.all_requests.llc_miss.any_response,54125848,100.00,,
     7.414876938,5956935,,offcore_response.all_requests.llc_hit.any_response,53933811,100.00,,
     7.414876938,595,,offcore_response.all_requests.llc_miss.any_response,53956858,100.00,,
     7.515083250,5977275,,offcore_response.all_requests.llc_hit.any_response,54111828,100.00,,
     7.515083250,525,,offcore_response.all_requests.llc_miss.any_response,54098820,100.00,,
     7.615288059,5981680,,offcore_response.all_requests.llc_hit.any_response,54144773,100.00,,
     7.615288059,620,,offcore_response.all_requests.llc_miss.any_response,54144551,100.00,,
     7.715492303,5996450,,offcore_response.all_requests.llc_hit.any_response,54318699,100.00,,
     7.715492303,558,,offcore_response.all_requests.llc_miss.any_response,54316112,100.00,,
     7.815694940,5961854,,offcore_response.all_requests.llc_hit.any_response,54003868,100.00,,
     7.815694940,665,,offcore_response.all_requests.llc_miss.any_response,53996638,100.00,,
     7.915901860,6003030,,offcore_response.all_requests.llc_hit.any_response,54337928,100.00,,
     7.915901860,585,,offcore_response.all_requests.llc_miss.any_response,54349015,100.00,,
     8.016104381,5990913,,offcore_response.all_requests.llc_hit.any_response,53991436,100.00,,
     8.016104381,558,,offcore_response.all_requests.llc_miss.any_response,54003449,100.00,,
     8.116308194,5955994,,offcore_response.all_requests.llc_hit.any_response,54008469,100.00,,
     8.116308194,521,,offcore_response.all_requests.llc_miss.any_response,53996475,100.00,,
     8.216507551,6023933,,offcore_response.all_requests.llc_hit.any_response,54331476,100.00,,
     8.216507551,579,,offcore_response.all_requests.llc_miss.any_response,54329030,100.00,,
     8.316708146,5917877,,offcore_response.all_requests.llc_hit.any_response,53516508,100.00,,
     8.316708146,501,,offcore_response.all_requests.llc_miss.any_response,53507848,100.00,,
     8.416905026,5958154,,offcore_response.all_requests.llc_hit.any_response,53933184,100.00,,
     8.416905026,531,,offcore_response.all_requests.llc_miss.any_response,53933184,100.00,,
     8.517102462,5956560,,offcore_response.all_requests.llc_hit.any_response,54331593,100.00,,
     8.517102462,601,,offcore_response.all_requests.llc_miss.any_response,54331593,100.00,,
     8.617303047,5966653,,offcore_response.all_requests.llc_hit.any_response,54055388,100.00,,
     8.617303047,582,,offcore_response.all_requests.llc_miss.any_response,54067367,100.00,,
     8.717511811,5975589,,offcore_response.all_requests.llc_hit.any_response,53960437,100.00,,
     8.717511811,507,,offcore_response.all_requests.llc_miss.any_response,53948458,100.00,,
     8.817708331,5943148,,offcore_response.all_requests.llc_hit.any_response,53624688,100.00,,
     8.817708331,569,,offcore_response.all_requests.llc_miss.any_response,53624688,100.00,,
     8.917926196,6005672,,offcore_response.all_requests.llc_hit.any_response,54270602,100.00,,
     8.917926196,596,,offcore_response.all_requests.llc_miss.any_response,54289625,100.00,,
     9.018127009,5989126,,offcore_response.all_requests.llc_hit.any_response,54215241,100.00,,
     9.018127009,567,,offcore_response.all_requests.llc_miss.any_response,54206002,100.00,,
     9.118326449,6002218,,offcore_response.all_requests.llc_hit.any_response,54345404,100.00,,
     9.118326449,521,,offcore_response.all_requests.llc_miss.any_response,54345724,100.00,,
     9.218526878,5938278,,offcore_response.all_requests.llc_hit.any_response,53663441,100.00,,
     9.218526878,569,,offcore_response.all_requests.llc_miss.any_response,53653337,100.00,,
     9.318724827,5986532,,offcore_response.all_requests.llc_hit.any_response,54141405,100.00,,
     9.318724827,628,,offcore_response.all_requests.llc_miss.any_response,54164138,100.00,,
     9.418925075,5978389,,offcore_response.all_requests.llc_hit.any_response,53932701,100.00,,
     9.418925075,511,,offcore_response.all_requests.llc_miss.any_response,53932902,100.00,,
     9.519125395,6020853,,offcore_response.all_requests.llc_hit.any_response,54458435,100.00,,
     9.519125395,543,,offcore_response.all_requests.llc_miss.any_response,54458473,100.00,,
     9.619328017,5963183,,offcore_response.all_requests.llc_hit.any_response,53999753,100.00,,
     9.619328017,661,,offcore_response.all_requests.llc_miss.any_response,53995566,100.00,,
     9.719527617,6004909,,offcore_response.all_requests.llc_hit.any_response,54366466,100.00,,
     9.719527617,574,,offcore_response.all_requests.llc_miss.any_response,54355884,100.00,,
     9.819732714,5942148,,offcore_response.all_requests.llc_hit.any_response,53675564,100.00,,
     9.819732714,639,,offcore_response.all_requests.llc_miss.any_response,53690499,100.00,,
     9.919962587,5999498,,offcore_response.all_requests.llc_hit.any_response,54170359,100.00,,
     9.919962587,700,,offcore_response.all_requests.llc_miss.any_response,54170008,100.00,,
    10.020167677,6014607,,offcore_response.all_requests.llc_hit.any_response,54564961,100.00,,
    10.020167677,759,,offcore_response.all_requests.llc_miss.any_response,54542174,100.00,,
    10.120369074,5968769,,offcore_response.all_requests.llc_hit.any_response,53629286,100.00,,
    10.120369074,643,,offcore_response.all_requests.llc_miss.any_response,53629286,100.00,,
    10.220567308,5973539,,offcore_response.all_requests.llc_hit.any_response,54146165,100.00,,
    10.220567308,602,,offcore_response.all_requests.llc_miss.any_response,54169225,100.00,,
    10.320771418,5985167,,offcore_response.all_requests.llc_hit.any_response,54382234,100.00,,
    10.320771418,586,,offcore_response.all_requests.llc_miss.any_response,54382033,100.00,,
    10.420971572,5968619,,offcore_response.all_requests.llc_hit.any_response,54109424,100.00,,
    10.420971572,677,,offcore_response.all_requests.llc_miss.any_response,54109690,100.00,,
    10.521173488,5953137,,offcore_response.all_requests.llc_hit.any_response,53919971,100.00,,
    10.521173488,616,,offcore_response.all_requests.llc_miss.any_response,53919793,100.00,,
    10.621375637,5964901,,offcore_response.all_requests.llc_hit.any_response,54806274,100.00,,
    10.621375637,671,,offcore_response.all_requests.llc_miss.any_response,54806281,100.00,,
    10.721575201,6039615,,offcore_response.all_requests.llc_hit.any_response,54507792,100.00,,
    10.721575201,600,,offcore_response.all_requests.llc_miss.any_response,54499231,100.00,,
    10.821773975,5921387,,offcore_response.all_requests.llc_hit.any_response,53561870,100.00,,
    10.821773975,735,,offcore_response.all_requests.llc_miss.any_response,53547477,100.00,,
    10.921972299,6030495,,offcore_response.all_requests.llc_hit.any_response,54305277,100.00,,
    10.921972299,535,,offcore_response.all_requests.llc_miss.any_response,54324744,100.00,,
    11.022171455,5943393,,offcore_response.all_requests.llc_hit.any_response,53611213,100.00,,
    11.022171455,500,,offcore_response.all_requests.llc_miss.any_response,53591746,100.00,,
