# started on Mon May  1 17:05:42 2023

     0.100157288,60520645,,inst_retired.any,53933669,100.00,141.1,IpMispredict
     0.100157288,428931,,br_misp_retired.all_branches,53933669,100.00,,
     0.200423717,59902345,,inst_retired.any,53395483,100.00,140.8,IpMispredict
     0.200423717,422188,,br_misp_retired.all_branches,53395483,100.00,,
     0.300629359,59696208,,inst_retired.any,53122022,100.00,141.0,IpMispredict
     0.300629359,418617,,br_misp_retired.all_branches,53122022,100.00,,
     0.400821453,60389063,,inst_retired.any,53706064,100.00,142.7,IpMispredict
     0.400821453,423020,,br_misp_retired.all_branches,53706064,100.00,,
     0.501013473,59902087,,inst_retired.any,53173503,100.00,141.8,IpMispredict
     0.501013473,419311,,br_misp_retired.all_branches,53173503,100.00,,
     0.601205008,59878408,,inst_retired.any,53588584,100.00,142.1,IpMispredict
     0.601205008,416816,,br_misp_retired.all_branches,53588584,100.00,,
     0.701397968,60331857,,inst_retired.any,53557796,100.00,143.1,IpMispredict
     0.701397968,423324,,br_misp_retired.all_branches,53557796,100.00,,
     0.801589318,59707062,,inst_retired.any,53194095,100.00,141.8,IpMispredict
     0.801589318,415463,,br_misp_retired.all_branches,53194095,100.00,,
     0.901778763,60159186,,inst_retired.any,53561790,100.00,142.9,IpMispredict
     0.901778763,420195,,br_misp_retired.all_branches,53561790,100.00,,
     1.001971337,59894754,,inst_retired.any,53546563,100.00,142.4,IpMispredict
     1.001971337,419488,,br_misp_retired.all_branches,53546563,100.00,,
     1.102161824,60554144,,inst_retired.any,53870182,100.00,143.8,IpMispredict
     1.102161824,424254,,br_misp_retired.all_branches,53870182,100.00,,
     1.202354999,60068317,,inst_retired.any,53393643,100.00,142.6,IpMispredict
     1.202354999,423404,,br_misp_retired.all_branches,53393643,100.00,,
     1.302545383,59798996,,inst_retired.any,53205836,100.00,141.9,IpMispredict
     1.302545383,422674,,br_misp_retired.all_branches,53205836,100.00,,
     1.402738642,59978652,,inst_retired.any,53420792,100.00,142.3,IpMispredict
     1.402738642,424487,,br_misp_retired.all_branches,53420792,100.00,,
     1.502930252,60070736,,inst_retired.any,53497863,100.00,142.4,IpMispredict
     1.502930252,424335,,br_misp_retired.all_branches,53497863,100.00,,
     1.603136214,60140907,,inst_retired.any,53505995,100.00,142.6,IpMispredict
     1.603136214,422700,,br_misp_retired.all_branches,53505995,100.00,,
     1.703328845,60183257,,inst_retired.any,53484910,100.00,142.6,IpMispredict
     1.703328845,424314,,br_misp_retired.all_branches,53484910,100.00,,
     1.803523201,60134982,,inst_retired.any,53633549,100.00,142.5,IpMispredict
     1.803523201,424629,,br_misp_retired.all_branches,53633549,100.00,,
     1.903717252,59758341,,inst_retired.any,53145697,100.00,141.6,IpMispredict
     1.903717252,419891,,br_misp_retired.all_branches,53145697,100.00,,
     2.003912652,60561332,,inst_retired.any,53965407,100.00,143.5,IpMispredict
     2.003912652,424893,,br_misp_retired.all_branches,53965407,100.00,,
     2.104107496,60025859,,inst_retired.any,53547458,100.00,142.2,IpMispredict
     2.104107496,421313,,br_misp_retired.all_branches,53547458,100.00,,
     2.204300783,60565904,,inst_retired.any,53582591,100.00,143.4,IpMispredict
     2.204300783,428738,,br_misp_retired.all_branches,53582591,100.00,,
     2.304492578,60084515,,inst_retired.any,53683880,100.00,142.2,IpMispredict
     2.304492578,422385,,br_misp_retired.all_branches,53683880,100.00,,
     2.404685721,59938383,,inst_retired.any,53249253,100.00,141.9,IpMispredict
     2.404685721,421184,,br_misp_retired.all_branches,53249253,100.00,,
     2.504875352,59894170,,inst_retired.any,53155579,100.00,141.8,IpMispredict
     2.504875352,420886,,br_misp_retired.all_branches,53155579,100.00,,
     2.605068886,59897423,,inst_retired.any,53369907,100.00,141.8,IpMispredict
     2.605068886,422410,,br_misp_retired.all_branches,53369907,100.00,,
     2.705262065,60177127,,inst_retired.any,53437060,100.00,142.5,IpMispredict
     2.705262065,423239,,br_misp_retired.all_branches,53437060,100.00,,
     2.805477693,59981044,,inst_retired.any,53506832,100.00,142.0,IpMispredict
     2.805477693,420458,,br_misp_retired.all_branches,53506832,100.00,,
     2.905674605,60244409,,inst_retired.any,53873769,100.00,142.7,IpMispredict
     2.905674605,422919,,br_misp_retired.all_branches,53873769,100.00,,
     3.005868676,59908797,,inst_retired.any,53240393,100.00,142.0,IpMispredict
     3.005868676,414604,,br_misp_retired.all_branches,53240393,100.00,,
     3.106062396,60093733,,inst_retired.any,53328128,100.00,142.4,IpMispredict
     3.106062396,420335,,br_misp_retired.all_branches,53328128,100.00,,
     3.206252652,59939522,,inst_retired.any,53215693,100.00,142.1,IpMispredict
     3.206252652,416810,,br_misp_retired.all_branches,53215693,100.00,,
     3.306444237,59817469,,inst_retired.any,53143499,100.00,141.8,IpMispredict
     3.306444237,421034,,br_misp_retired.all_branches,53143499,100.00,,
     3.406636488,60159507,,inst_retired.any,53495521,100.00,142.6,IpMispredict
     3.406636488,421403,,br_misp_retired.all_branches,53495521,100.00,,
     3.506828358,60456266,,inst_retired.any,53995118,100.00,143.3,IpMispredict
     3.506828358,424404,,br_misp_retired.all_branches,53995118,100.00,,
     3.607021978,59701018,,inst_retired.any,53294152,100.00,141.5,IpMispredict
     3.607021978,418816,,br_misp_retired.all_branches,53294152,100.00,,
     3.707212174,60147352,,inst_retired.any,53631199,100.00,142.6,IpMispredict
     3.707212174,426761,,br_misp_retired.all_branches,53631199,100.00,,
     3.807406007,59881344,,inst_retired.any,53295146,100.00,141.9,IpMispredict
     3.807406007,422690,,br_misp_retired.all_branches,53295146,100.00,,
     3.907595572,60208859,,inst_retired.any,53687062,100.00,142.7,IpMispredict
     3.907595572,423084,,br_misp_retired.all_branches,53687062,100.00,,
     4.007791584,60135182,,inst_retired.any,53559705,100.00,142.5,IpMispredict
     4.007791584,420011,,br_misp_retired.all_branches,53559705,100.00,,
     4.107984236,60210619,,inst_retired.any,53533046,100.00,142.7,IpMispredict
     4.107984236,423049,,br_misp_retired.all_branches,53533046,100.00,,
     4.208181515,59993539,,inst_retired.any,53424324,100.00,142.2,IpMispredict
     4.208181515,422207,,br_misp_retired.all_branches,53424324,100.00,,
     4.308376574,59852578,,inst_retired.any,53203945,100.00,141.9,IpMispredict
     4.308376574,418333,,br_misp_retired.all_branches,53203945,100.00,,
     4.408568405,60237322,,inst_retired.any,53437485,100.00,142.8,IpMispredict
     4.408568405,419186,,br_misp_retired.all_branches,53437485,100.00,,
     4.508758536,60046352,,inst_retired.any,53424812,100.00,142.4,IpMispredict
     4.508758536,422207,,br_misp_retired.all_branches,53424812,100.00,,
     4.608952985,59698757,,inst_retired.any,52984641,100.00,141.6,IpMispredict
     4.608952985,416783,,br_misp_retired.all_branches,52984641,100.00,,
     4.709149712,60131679,,inst_retired.any,53428685,100.00,142.6,IpMispredict
     4.709149712,422439,,br_misp_retired.all_branches,53428685,100.00,,
     4.809340326,60161766,,inst_retired.any,53342901,100.00,142.7,IpMispredict
     4.809340326,421630,,br_misp_retired.all_branches,53342901,100.00,,
     4.909534862,59881953,,inst_retired.any,53238718,100.00,142.0,IpMispredict
     4.909534862,419420,,br_misp_retired.all_branches,53238718,100.00,,
     5.009727891,60110520,,inst_retired.any,53468661,100.00,142.5,IpMispredict
     5.009727891,422654,,br_misp_retired.all_branches,53468661,100.00,,
     5.109920683,60476597,,inst_retired.any,53789755,100.00,143.4,IpMispredict
     5.109920683,424991,,br_misp_retired.all_branches,53789755,100.00,,
     5.210117540,59995128,,inst_retired.any,53293119,100.00,142.3,IpMispredict
     5.210117540,419419,,br_misp_retired.all_branches,53293119,100.00,,
     5.310307121,60055381,,inst_retired.any,53371443,100.00,142.4,IpMispredict
     5.310307121,421894,,br_misp_retired.all_branches,53371443,100.00,,
     5.410498185,60142946,,inst_retired.any,53442527,100.00,142.6,IpMispredict
     5.410498185,420525,,br_misp_retired.all_branches,53442527,100.00,,
     5.510717074,60142339,,inst_retired.any,53402699,100.00,142.6,IpMispredict
     5.510717074,421732,,br_misp_retired.all_branches,53402699,100.00,,
     5.610910737,60117766,,inst_retired.any,53333225,100.00,142.6,IpMispredict
     5.610910737,420579,,br_misp_retired.all_branches,53333225,100.00,,
     5.711132668,59898539,,inst_retired.any,53436155,100.00,142.1,IpMispredict
     5.711132668,418821,,br_misp_retired.all_branches,53436155,100.00,,
     5.811326363,59831378,,inst_retired.any,53408036,100.00,141.9,IpMispredict
     5.811326363,418177,,br_misp_retired.all_branches,53408036,100.00,,
     5.911526095,60080399,,inst_retired.any,53323752,100.00,142.5,IpMispredict
     5.911526095,422162,,br_misp_retired.all_branches,53323752,100.00,,
     6.011715959,60047546,,inst_retired.any,53420934,100.00,142.4,IpMispredict
     6.011715959,420472,,br_misp_retired.all_branches,53420934,100.00,,
     6.111906256,60519333,,inst_retired.any,53731509,100.00,143.6,IpMispredict
     6.111906256,423066,,br_misp_retired.all_branches,53731509,100.00,,
     6.212098132,59474414,,inst_retired.any,53073130,100.00,141.1,IpMispredict
     6.212098132,417511,,br_misp_retired.all_branches,53073130,100.00,,
     6.312308187,60160639,,inst_retired.any,53586046,100.00,142.7,IpMispredict
     6.312308187,423074,,br_misp_retired.all_branches,53586046,100.00,,
     6.412500093,60325759,,inst_retired.any,53598622,100.00,143.1,IpMispredict
     6.412500093,422342,,br_misp_retired.all_branches,53598622,100.00,,
     6.512694238,60037927,,inst_retired.any,53331810,100.00,142.4,IpMispredict
     6.512694238,420209,,br_misp_retired.all_branches,53331810,100.00,,
     6.612888032,59908455,,inst_retired.any,53258481,100.00,142.1,IpMispredict
     6.612888032,417226,,br_misp_retired.all_branches,53258481,100.00,,
     6.713080467,60212369,,inst_retired.any,53626556,100.00,142.9,IpMispredict
     6.713080467,421521,,br_misp_retired.all_branches,53626556,100.00,,
     6.813272819,60041246,,inst_retired.any,53514158,100.00,142.5,IpMispredict
     6.813272819,420309,,br_misp_retired.all_branches,53514158,100.00,,
     6.913467797,59820244,,inst_retired.any,53242043,100.00,142.0,IpMispredict
     6.913467797,418392,,br_misp_retired.all_branches,53242043,100.00,,
     7.013667160,60299348,,inst_retired.any,53581048,100.00,143.1,IpMispredict
     7.013667160,420967,,br_misp_retired.all_branches,53581048,100.00,,
     7.113859090,60011661,,inst_retired.any,53450600,100.00,142.4,IpMispredict
     7.113859090,420049,,br_misp_retired.all_branches,53450600,100.00,,
     7.214054273,60496245,,inst_retired.any,53567228,100.00,143.5,IpMispredict
     7.214054273,425348,,br_misp_retired.all_branches,53567228,100.00,,
     7.314245675,59783988,,inst_retired.any,53266090,100.00,141.9,IpMispredict
     7.314245675,419963,,br_misp_retired.all_branches,53266090,100.00,,
     7.414436315,60301723,,inst_retired.any,53650701,100.00,143.1,IpMispredict
     7.414436315,423249,,br_misp_retired.all_branches,53650701,100.00,,
     7.514629047,59976756,,inst_retired.any,53372511,100.00,142.3,IpMispredict
     7.514629047,418429,,br_misp_retired.all_branches,53372511,100.00,,
     7.614823685,60432276,,inst_retired.any,53944230,100.00,143.4,IpMispredict
     7.614823685,420782,,br_misp_retired.all_branches,53944230,100.00,,
     7.715015521,60014818,,inst_retired.any,53310029,100.00,142.4,IpMispredict
     7.715015521,422046,,br_misp_retired.all_branches,53310029,100.00,,
     7.815209803,59531172,,inst_retired.any,53340566,100.00,141.3,IpMispredict
     7.815209803,417977,,br_misp_retired.all_branches,53340566,100.00,,
     7.915402598,60536083,,inst_retired.any,54247415,100.00,143.7,IpMispredict
     7.915402598,425138,,br_misp_retired.all_branches,54247415,100.00,,
     8.015598474,59736640,,inst_retired.any,53182744,100.00,141.8,IpMispredict
     8.015598474,418731,,br_misp_retired.all_branches,53182744,100.00,,
     8.115789811,60079210,,inst_retired.any,53512920,100.00,142.6,IpMispredict
     8.115789811,422149,,br_misp_retired.all_branches,53512920,100.00,,
     8.215986007,60200940,,inst_retired.any,53654794,100.00,142.9,IpMispredict
     8.215986007,419254,,br_misp_retired.all_branches,53654794,100.00,,
     8.316201833,59641876,,inst_retired.any,53016718,100.00,141.6,IpMispredict
     8.316201833,415242,,br_misp_retired.all_branches,53016718,100.00,,
     8.416395529,60421164,,inst_retired.any,53783574,100.00,143.4,IpMispredict
     8.416395529,420422,,br_misp_retired.all_branches,53783574,100.00,,
     8.516586528,59659416,,inst_retired.any,53127032,100.00,141.6,IpMispredict
     8.516586528,414407,,br_misp_retired.all_branches,53127032,100.00,,
     8.616778319,60458888,,inst_retired.any,53955409,100.00,143.5,IpMispredict
     8.616778319,422375,,br_misp_retired.all_branches,53955409,100.00,,
     8.716970490,59641656,,inst_retired.any,53094376,100.00,141.6,IpMispredict
     8.716970490,417363,,br_misp_retired.all_branches,53094376,100.00,,
     8.817160408,60002272,,inst_retired.any,53599099,100.00,142.5,IpMispredict
     8.817160408,423128,,br_misp_retired.all_branches,53599099,100.00,,
     8.917354242,60581204,,inst_retired.any,54096352,100.00,143.8,IpMispredict
     8.917354242,426609,,br_misp_retired.all_branches,54096352,100.00,,
     9.017548494,59525409,,inst_retired.any,52991361,100.00,141.3,IpMispredict
     9.017548494,415553,,br_misp_retired.all_branches,52991361,100.00,,
     9.117742675,60520472,,inst_retired.any,53848671,100.00,143.7,IpMispredict
     9.117742675,423020,,br_misp_retired.all_branches,53848671,100.00,,
     9.217934033,59718381,,inst_retired.any,53159763,100.00,141.8,IpMispredict
     9.217934033,419161,,br_misp_retired.all_branches,53159763,100.00,,
     9.318130310,60393232,,inst_retired.any,53864876,100.00,143.4,IpMispredict
     9.318130310,424017,,br_misp_retired.all_branches,53864876,100.00,,
     9.418325523,60068543,,inst_retired.any,53420429,100.00,142.6,IpMispredict
     9.418325523,420642,,br_misp_retired.all_branches,53420429,100.00,,
     9.518516224,60054598,,inst_retired.any,53574884,100.00,142.6,IpMispredict
     9.518516224,422677,,br_misp_retired.all_branches,53574884,100.00,,
     9.618708186,59598801,,inst_retired.any,52946269,100.00,141.5,IpMispredict
     9.618708186,420318,,br_misp_retired.all_branches,52946269,100.00,,
     9.718898468,60215044,,inst_retired.any,53604263,100.00,142.9,IpMispredict
     9.718898468,426662,,br_misp_retired.all_branches,53604263,100.00,,
     9.819119195,60128100,,inst_retired.any,53621054,100.00,142.7,IpMispredict
     9.819119195,421764,,br_misp_retired.all_branches,53621054,100.00,,
     9.919307884,60029891,,inst_retired.any,53408166,100.00,142.5,IpMispredict
     9.919307884,422972,,br_misp_retired.all_branches,53408166,100.00,,
    10.019498870,59784280,,inst_retired.any,53246955,100.00,141.9,IpMispredict
    10.019498870,416024,,br_misp_retired.all_branches,53246955,100.00,,
    10.119693594,59895192,,inst_retired.any,53371539,100.00,142.2,IpMispredict
    10.119693594,421843,,br_misp_retired.all_branches,53371539,100.00,,
    10.219886224,60104825,,inst_retired.any,53554069,100.00,142.7,IpMispredict
    10.219886224,424832,,br_misp_retired.all_branches,53554069,100.00,,
    10.320080706,60125098,,inst_retired.any,53565478,100.00,142.7,IpMispredict
    10.320080706,421848,,br_misp_retired.all_branches,53565478,100.00,,
    10.420273926,59970618,,inst_retired.any,53334895,100.00,142.4,IpMispredict
    10.420273926,421771,,br_misp_retired.all_branches,53334895,100.00,,
    10.520464448,60110908,,inst_retired.any,53480999,100.00,142.7,IpMispredict
    10.520464448,421461,,br_misp_retired.all_branches,53480999,100.00,,
    10.620656154,60303952,,inst_retired.any,53945930,100.00,143.1,IpMispredict
    10.620656154,426556,,br_misp_retired.all_branches,53945930,100.00,,
    10.720848235,59639149,,inst_retired.any,53014149,100.00,141.5,IpMispredict
    10.720848235,421705,,br_misp_retired.all_branches,53014149,100.00,,
    10.821043524,60392912,,inst_retired.any,53999299,100.00,143.3,IpMispredict
    10.821043524,425490,,br_misp_retired.all_branches,53999299,100.00,,
    10.921239851,59708912,,inst_retired.any,53370228,100.00,141.7,IpMispredict
    10.921239851,419753,,br_misp_retired.all_branches,53370228,100.00,,
    11.021454256,59968611,,inst_retired.any,53259506,100.00,142.3,IpMispredict
    11.021454256,422424,,br_misp_retired.all_branches,53259506,100.00,,
