# started on Mon May  1 19:40:34 2023

     0.100174795,30409410,,inst_retired.any,42375412,100.00,114.5,IpMispredict
     0.100174795,265497,,br_misp_retired.all_branches,42375412,100.00,,
     0.200419479,30174603,,inst_retired.any,42088723,100.00,113.1,IpMispredict
     0.200419479,268321,,br_misp_retired.all_branches,42088723,100.00,,
     0.300613424,30188705,,inst_retired.any,42269651,100.00,111.8,IpMispredict
     0.300613424,276232,,br_misp_retired.all_branches,42269651,100.00,,
     0.400801593,29874824,,inst_retired.any,41888603,100.00,108.9,IpMispredict
     0.400801593,286985,,br_misp_retired.all_branches,41888603,100.00,,
     0.500994073,30887703,,inst_retired.any,42879495,100.00,109.2,IpMispredict
     0.500994073,317521,,br_misp_retired.all_branches,42879495,100.00,,
     0.601187276,30119080,,inst_retired.any,42140474,100.00,106.1,IpMispredict
     0.601187276,288081,,br_misp_retired.all_branches,42140474,100.00,,
     0.701376585,30211590,,inst_retired.any,43038961,100.00,106.9,IpMispredict
     0.701376585,275022,,br_misp_retired.all_branches,43038961,100.00,,
     0.801570204,30170332,,inst_retired.any,42725426,100.00,105.5,IpMispredict
     0.801570204,310930,,br_misp_retired.all_branches,42725426,100.00,,
     0.901759129,30317367,,inst_retired.any,42957702,100.00,105.1,IpMispredict
     0.901759129,306939,,br_misp_retired.all_branches,42957702,100.00,,
     1.001951209,30120055,,inst_retired.any,41806543,100.00,103.9,IpMispredict
     1.001951209,303484,,br_misp_retired.all_branches,41806543,100.00,,
     1.102147124,30296617,,inst_retired.any,42800254,100.00,103.6,IpMispredict
     1.102147124,317869,,br_misp_retired.all_branches,42800254,100.00,,
     1.202341250,29878808,,inst_retired.any,41622503,100.00,102.2,IpMispredict
     1.202341250,290656,,br_misp_retired.all_branches,41622503,100.00,,
     1.302536069,30186119,,inst_retired.any,41837208,100.00,102.9,IpMispredict
     1.302536069,305414,,br_misp_retired.all_branches,41837208,100.00,,
     1.402725452,29956379,,inst_retired.any,42129745,100.00,102.0,IpMispredict
     1.402725452,298044,,br_misp_retired.all_branches,42129745,100.00,,
     1.502920091,30034193,,inst_retired.any,42535141,100.00,101.8,IpMispredict
     1.502920091,312397,,br_misp_retired.all_branches,42535141,100.00,,
     1.603116664,30111203,,inst_retired.any,42568319,100.00,101.6,IpMispredict
     1.603116664,319117,,br_misp_retired.all_branches,42568319,100.00,,
     1.703304851,30228916,,inst_retired.any,43487126,100.00,101.4,IpMispredict
     1.703304851,323720,,br_misp_retired.all_branches,43487126,100.00,,
     1.803491798,30215690,,inst_retired.any,42456852,100.00,101.9,IpMispredict
     1.803491798,271119,,br_misp_retired.all_branches,42456852,100.00,,
     1.903714999,30094047,,inst_retired.any,42430313,100.00,101.1,IpMispredict
     1.903714999,318638,,br_misp_retired.all_branches,42430313,100.00,,
     2.003908174,30198585,,inst_retired.any,42496960,100.00,101.3,IpMispredict
     2.003908174,304424,,br_misp_retired.all_branches,42496960,100.00,,
     2.104099418,29778628,,inst_retired.any,41611403,100.00,100.3,IpMispredict
     2.104099418,271938,,br_misp_retired.all_branches,41611403,100.00,,
     2.204287026,30668950,,inst_retired.any,43087007,100.00,103.0,IpMispredict
     2.204287026,320666,,br_misp_retired.all_branches,43087007,100.00,,
     2.304479290,29760244,,inst_retired.any,41804383,100.00,99.7,IpMispredict
     2.304479290,311863,,br_misp_retired.all_branches,41804383,100.00,,
     2.404682375,30328326,,inst_retired.any,43345671,100.00,101.6,IpMispredict
     2.404682375,300654,,br_misp_retired.all_branches,43345671,100.00,,
     2.504877681,30183252,,inst_retired.any,41750326,100.00,101.2,IpMispredict
     2.504877681,292767,,br_misp_retired.all_branches,41750326,100.00,,
     2.605069767,29939600,,inst_retired.any,41497078,100.00,100.7,IpMispredict
     2.605069767,269263,,br_misp_retired.all_branches,41497078,100.00,,
     2.705265779,30113946,,inst_retired.any,42362306,100.00,101.2,IpMispredict
     2.705265779,310175,,br_misp_retired.all_branches,42362306,100.00,,
     2.805477877,29861171,,inst_retired.any,41926316,100.00,100.2,IpMispredict
     2.805477877,306151,,br_misp_retired.all_branches,41926316,100.00,,
     2.905665844,30297086,,inst_retired.any,42727407,100.00,101.8,IpMispredict
     2.905665844,283385,,br_misp_retired.all_branches,42727407,100.00,,
     3.005855685,29907385,,inst_retired.any,42842869,100.00,100.2,IpMispredict
     3.005855685,327868,,br_misp_retired.all_branches,42842869,100.00,,
     3.106049274,30067227,,inst_retired.any,42547318,100.00,100.3,IpMispredict
     3.106049274,338486,,br_misp_retired.all_branches,42547318,100.00,,
     3.206238089,29880070,,inst_retired.any,42616350,100.00,99.5,IpMispredict
     3.206238089,318318,,br_misp_retired.all_branches,42616350,100.00,,
     3.306426924,30352350,,inst_retired.any,42418926,100.00,100.9,IpMispredict
     3.306426924,313843,,br_misp_retired.all_branches,42418926,100.00,,
     3.406615291,29865461,,inst_retired.any,41970427,100.00,99.2,IpMispredict
     3.406615291,309873,,br_misp_retired.all_branches,41970427,100.00,,
     3.506803221,30342752,,inst_retired.any,42259686,100.00,100.8,IpMispredict
     3.506803221,300676,,br_misp_retired.all_branches,42259686,100.00,,
     3.606997378,30026753,,inst_retired.any,42071144,100.00,99.7,IpMispredict
     3.606997378,305232,,br_misp_retired.all_branches,42071144,100.00,,
     3.707184686,30025830,,inst_retired.any,42402801,100.00,99.7,IpMispredict
     3.707184686,305637,,br_misp_retired.all_branches,42402801,100.00,,
     3.807373879,30103671,,inst_retired.any,42000261,100.00,99.9,IpMispredict
     3.807373879,300867,,br_misp_retired.all_branches,42000261,100.00,,
     3.907563081,30111228,,inst_retired.any,42095285,100.00,100.2,IpMispredict
     3.907563081,277449,,br_misp_retired.all_branches,42095285,100.00,,
     4.007754258,30045342,,inst_retired.any,42041005,100.00,100.2,IpMispredict
     4.007754258,267727,,br_misp_retired.all_branches,42041005,100.00,,
     4.107943541,30089110,,inst_retired.any,42203073,100.00,100.3,IpMispredict
     4.107943541,301987,,br_misp_retired.all_branches,42203073,100.00,,
     4.208134792,30419405,,inst_retired.any,42317229,100.00,101.4,IpMispredict
     4.208134792,304233,,br_misp_retired.all_branches,42317229,100.00,,
     4.308323870,29962228,,inst_retired.any,42411078,100.00,99.9,IpMispredict
     4.308323870,293109,,br_misp_retired.all_branches,42411078,100.00,,
     4.408516327,30304737,,inst_retired.any,42803762,100.00,101.0,IpMispredict
     4.408516327,314627,,br_misp_retired.all_branches,42803762,100.00,,
     4.508706572,29967732,,inst_retired.any,42202466,100.00,99.9,IpMispredict
     4.508706572,296404,,br_misp_retired.all_branches,42202466,100.00,,
     4.608895166,30276045,,inst_retired.any,42816179,100.00,100.8,IpMispredict
     4.608895166,308111,,br_misp_retired.all_branches,42816179,100.00,,
     4.709083019,30348428,,inst_retired.any,42858177,100.00,101.0,IpMispredict
     4.709083019,307563,,br_misp_retired.all_branches,42858177,100.00,,
     4.809276402,29852050,,inst_retired.any,41886602,100.00,99.5,IpMispredict
     4.809276402,284561,,br_misp_retired.all_branches,41886602,100.00,,
     4.909473201,30097593,,inst_retired.any,42278191,100.00,100.3,IpMispredict
     4.909473201,299336,,br_misp_retired.all_branches,42278191,100.00,,
     5.009668785,30131902,,inst_retired.any,42556382,100.00,100.3,IpMispredict
     5.009668785,311693,,br_misp_retired.all_branches,42556382,100.00,,
     5.109865986,30043318,,inst_retired.any,41835213,100.00,100.1,IpMispredict
     5.109865986,294638,,br_misp_retired.all_branches,41835213,100.00,,
     5.210054243,30088328,,inst_retired.any,42482881,100.00,100.2,IpMispredict
     5.210054243,303747,,br_misp_retired.all_branches,42482881,100.00,,
     5.310242775,29921817,,inst_retired.any,42236439,100.00,99.7,IpMispredict
     5.310242775,285175,,br_misp_retired.all_branches,42236439,100.00,,
     5.410436049,30163067,,inst_retired.any,42292731,100.00,100.5,IpMispredict
     5.410436049,310931,,br_misp_retired.all_branches,42292731,100.00,,
     5.510625844,30766314,,inst_retired.any,42618682,100.00,102.6,IpMispredict
     5.510625844,276202,,br_misp_retired.all_branches,42618682,100.00,,
     5.610837989,30317520,,inst_retired.any,42003801,100.00,101.3,IpMispredict
     5.610837989,266239,,br_misp_retired.all_branches,42003801,100.00,,
     5.711037014,30077129,,inst_retired.any,41833617,100.00,100.6,IpMispredict
     5.711037014,286264,,br_misp_retired.all_branches,41833617,100.00,,
     5.811224283,30085704,,inst_retired.any,42558492,100.00,100.6,IpMispredict
     5.811224283,312627,,br_misp_retired.all_branches,42558492,100.00,,
     5.911412576,30055195,,inst_retired.any,43057847,100.00,100.5,IpMispredict
     5.911412576,299290,,br_misp_retired.all_branches,43057847,100.00,,
     6.011604728,30277840,,inst_retired.any,41788841,100.00,101.3,IpMispredict
     6.011604728,290312,,br_misp_retired.all_branches,41788841,100.00,,
     6.111826313,30101363,,inst_retired.any,42612687,100.00,100.7,IpMispredict
     6.111826313,291070,,br_misp_retired.all_branches,42612687,100.00,,
     6.212013645,30414245,,inst_retired.any,42786262,100.00,101.8,IpMispredict
     6.212013645,289158,,br_misp_retired.all_branches,42786262,100.00,,
     6.312206312,30098373,,inst_retired.any,42290988,100.00,100.8,IpMispredict
     6.312206312,284643,,br_misp_retired.all_branches,42290988,100.00,,
     6.412398047,29941959,,inst_retired.any,41868103,100.00,100.3,IpMispredict
     6.412398047,301325,,br_misp_retired.all_branches,41868103,100.00,,
     6.512590366,30106912,,inst_retired.any,42690581,100.00,100.7,IpMispredict
     6.512590366,319467,,br_misp_retired.all_branches,42690581,100.00,,
     6.612781808,30399247,,inst_retired.any,43119025,100.00,101.9,IpMispredict
     6.612781808,269592,,br_misp_retired.all_branches,43119025,100.00,,
     6.712971719,30191734,,inst_retired.any,41900933,100.00,101.1,IpMispredict
     6.712971719,309163,,br_misp_retired.all_branches,41900933,100.00,,
     6.813160502,29947103,,inst_retired.any,42150103,100.00,100.3,IpMispredict
     6.813160502,292815,,br_misp_retired.all_branches,42150103,100.00,,
     6.913348449,30465933,,inst_retired.any,43363357,100.00,102.1,IpMispredict
     6.913348449,287576,,br_misp_retired.all_branches,43363357,100.00,,
     7.013543048,29722070,,inst_retired.any,41728631,100.00,99.5,IpMispredict
     7.013543048,315203,,br_misp_retired.all_branches,41728631,100.00,,
     7.113737405,30368045,,inst_retired.any,42687044,100.00,101.6,IpMispredict
     7.113737405,316457,,br_misp_retired.all_branches,42687044,100.00,,
     7.213924299,30058396,,inst_retired.any,42346254,100.00,100.6,IpMispredict
     7.213924299,296837,,br_misp_retired.all_branches,42346254,100.00,,
     7.314117043,30112821,,inst_retired.any,42836757,100.00,100.8,IpMispredict
     7.314117043,286072,,br_misp_retired.all_branches,42836757,100.00,,
     7.414316783,30384235,,inst_retired.any,42560753,100.00,101.7,IpMispredict
     7.414316783,306515,,br_misp_retired.all_branches,42560753,100.00,,
     7.514511077,30380946,,inst_retired.any,42690647,100.00,101.8,IpMispredict
     7.514511077,278329,,br_misp_retired.all_branches,42690647,100.00,,
     7.614699602,30059296,,inst_retired.any,42645918,100.00,100.9,IpMispredict
     7.614699602,267495,,br_misp_retired.all_branches,42645918,100.00,,
     7.714888724,30058405,,inst_retired.any,42249564,100.00,100.9,IpMispredict
     7.714888724,275396,,br_misp_retired.all_branches,42249564,100.00,,
     7.815077589,30372663,,inst_retired.any,42871937,100.00,102.1,IpMispredict
     7.815077589,268685,,br_misp_retired.all_branches,42871937,100.00,,
     7.915266881,30144122,,inst_retired.any,41977091,100.00,101.4,IpMispredict
     7.915266881,284198,,br_misp_retired.all_branches,41977091,100.00,,
     8.015454812,30357665,,inst_retired.any,42910344,100.00,102.1,IpMispredict
     8.015454812,302641,,br_misp_retired.all_branches,42910344,100.00,,
     8.115647696,29952191,,inst_retired.any,42403809,100.00,100.7,IpMispredict
     8.115647696,315808,,br_misp_retired.all_branches,42403809,100.00,,
     8.215851743,30060352,,inst_retired.any,42378712,100.00,101.0,IpMispredict
     8.215851743,299838,,br_misp_retired.all_branches,42378712,100.00,,
     8.316065863,30387796,,inst_retired.any,43128188,100.00,102.1,IpMispredict
     8.316065863,306949,,br_misp_retired.all_branches,43128188,100.00,,
     8.416256699,29822129,,inst_retired.any,41874278,100.00,100.1,IpMispredict
     8.416256699,312887,,br_misp_retired.all_branches,41874278,100.00,,
     8.516447095,30075872,,inst_retired.any,41904461,100.00,100.9,IpMispredict
     8.516447095,306374,,br_misp_retired.all_branches,41904461,100.00,,
     8.616644543,30069899,,inst_retired.any,41795910,100.00,100.9,IpMispredict
     8.616644543,297851,,br_misp_retired.all_branches,41795910,100.00,,
     8.716840427,31182340,,inst_retired.any,42929267,100.00,104.6,IpMispredict
     8.716840427,312204,,br_misp_retired.all_branches,42929267,100.00,,
     8.817032153,29926611,,inst_retired.any,42177130,100.00,100.3,IpMispredict
     8.817032153,325534,,br_misp_retired.all_branches,42177130,100.00,,
     8.917221552,30209047,,inst_retired.any,42066188,100.00,101.1,IpMispredict
     8.917221552,323603,,br_misp_retired.all_branches,42066188,100.00,,
     9.017409321,30097380,,inst_retired.any,42504644,100.00,100.9,IpMispredict
     9.017409321,267706,,br_misp_retired.all_branches,42504644,100.00,,
     9.117597545,30141313,,inst_retired.any,42369378,100.00,100.9,IpMispredict
     9.117597545,324395,,br_misp_retired.all_branches,42369378,100.00,,
     9.217784886,30131381,,inst_retired.any,42589555,100.00,100.9,IpMispredict
     9.217784886,293536,,br_misp_retired.all_branches,42589555,100.00,,
     9.317973233,30210628,,inst_retired.any,42445630,100.00,101.2,IpMispredict
     9.317973233,304250,,br_misp_retired.all_branches,42445630,100.00,,
     9.418166950,29958044,,inst_retired.any,42035839,100.00,100.3,IpMispredict
     9.418166950,293101,,br_misp_retired.all_branches,42035839,100.00,,
     9.518355229,30065891,,inst_retired.any,42341844,100.00,100.7,IpMispredict
     9.518355229,293270,,br_misp_retired.all_branches,42341844,100.00,,
     9.618543564,29676429,,inst_retired.any,40592233,100.00,99.4,IpMispredict
     9.618543564,293061,,br_misp_retired.all_branches,40592233,100.00,,
     9.718735920,30326069,,inst_retired.any,42498643,100.00,101.6,IpMispredict
     9.718735920,297140,,br_misp_retired.all_branches,42498643,100.00,,
     9.818925928,29979381,,inst_retired.any,42322823,100.00,100.3,IpMispredict
     9.818925928,334383,,br_misp_retired.all_branches,42322823,100.00,,
     9.919121402,30126494,,inst_retired.any,42190586,100.00,100.8,IpMispredict
     9.919121402,289290,,br_misp_retired.all_branches,42190586,100.00,,
    10.019315752,30246354,,inst_retired.any,42819830,100.00,101.2,IpMispredict
    10.019315752,311611,,br_misp_retired.all_branches,42819830,100.00,,
    10.119514677,30052075,,inst_retired.any,43386738,100.00,100.5,IpMispredict
    10.119514677,330837,,br_misp_retired.all_branches,43386738,100.00,,
    10.219711812,30384473,,inst_retired.any,42955595,100.00,101.5,IpMispredict
    10.219711812,309455,,br_misp_retired.all_branches,42955595,100.00,,
    10.319899798,29945005,,inst_retired.any,42334675,100.00,100.0,IpMispredict
    10.319899798,314777,,br_misp_retired.all_branches,42334675,100.00,,
    10.420086444,30177889,,inst_retired.any,42388122,100.00,100.8,IpMispredict
    10.420086444,307176,,br_misp_retired.all_branches,42388122,100.00,,
    10.520280686,30615999,,inst_retired.any,42606706,100.00,102.2,IpMispredict
    10.520280686,312221,,br_misp_retired.all_branches,42606706,100.00,,
    10.620469964,30297454,,inst_retired.any,42604322,100.00,101.2,IpMispredict
    10.620469964,258634,,br_misp_retired.all_branches,42604322,100.00,,
    10.720658916,29926764,,inst_retired.any,41942379,100.00,100.0,IpMispredict
    10.720658916,292742,,br_misp_retired.all_branches,41942379,100.00,,
    10.820847273,30251934,,inst_retired.any,42685908,100.00,101.1,IpMispredict
    10.820847273,316267,,br_misp_retired.all_branches,42685908,100.00,,
    10.921038872,29842064,,inst_retired.any,42524127,100.00,99.6,IpMispredict
    10.921038872,333065,,br_misp_retired.all_branches,42524127,100.00,,
    11.021248739,30183182,,inst_retired.any,42735461,100.00,100.7,IpMispredict
    11.021248739,322893,,br_misp_retired.all_branches,42735461,100.00,,
