# started on Tue May  2 14:50:32 2023

     0.100402861,96041786,,inst_retired.any,81208285,100.00,139.7,IpMispredict
     0.100402861,687367,,br_misp_retired.all_branches,81208285,100.00,,
     0.200663017,96736422,,inst_retired.any,81297751,100.00,140.1,IpMispredict
     0.200663017,693168,,br_misp_retired.all_branches,81297751,100.00,,
     0.300868810,96269002,,inst_retired.any,81188840,100.00,139.3,IpMispredict
     0.300868810,692420,,br_misp_retired.all_branches,81188840,100.00,,
     0.401070538,96624327,,inst_retired.any,81398716,100.00,139.4,IpMispredict
     0.401070538,698873,,br_misp_retired.all_branches,81398716,100.00,,
     0.501274099,96404659,,inst_retired.any,81257335,100.00,139.0,IpMispredict
     0.501274099,695253,,br_misp_retired.all_branches,81257335,100.00,,
     0.601481054,96017359,,inst_retired.any,81191635,100.00,138.5,IpMispredict
     0.601481054,693657,,br_misp_retired.all_branches,81191635,100.00,,
     0.701683533,96094734,,inst_retired.any,80970743,100.00,138.7,IpMispredict
     0.701683533,688953,,br_misp_retired.all_branches,80970743,100.00,,
     0.801885083,8200357,,inst_retired.any,7037413,100.00,13.4,IpMispredict
     0.801885083,59820,,br_misp_retired.all_branches,7037413,100.00,,
     0.902090699,75194492,,inst_retired.any,68048768,100.00,123.5,IpMispredict
     0.902090699,569876,,br_misp_retired.all_branches,68048768,100.00,,
     1.002297665,99360431,,inst_retired.any,83950243,100.00,160.3,IpMispredict
     1.002297665,719539,,br_misp_retired.all_branches,83950243,100.00,,
     1.102506187,99398182,,inst_retired.any,83933374,100.00,158.1,IpMispredict
     1.102506187,714784,,br_misp_retired.all_branches,83933374,100.00,,
     1.202712703,99646302,,inst_retired.any,83790381,100.00,156.7,IpMispredict
     1.202712703,716134,,br_misp_retired.all_branches,83790381,100.00,,
     1.302918563,99710998,,inst_retired.any,83968267,100.00,155.3,IpMispredict
     1.302918563,717745,,br_misp_retired.all_branches,83968267,100.00,,
     1.403122965,99741757,,inst_retired.any,83807791,100.00,154.0,IpMispredict
     1.403122965,720599,,br_misp_retired.all_branches,83807791,100.00,,
     1.503337335,99664643,,inst_retired.any,83595800,100.00,152.7,IpMispredict
     1.503337335,719268,,br_misp_retired.all_branches,83595800,100.00,,
     1.603541014,99033048,,inst_retired.any,83491527,100.00,150.9,IpMispredict
     1.603541014,712534,,br_misp_retired.all_branches,83491527,100.00,,
     1.703744149,99547735,,inst_retired.any,83912232,100.00,150.9,IpMispredict
     1.703744149,713873,,br_misp_retired.all_branches,83912232,100.00,,
     1.803951907,99683803,,inst_retired.any,83996041,100.00,150.4,IpMispredict
     1.803951907,715323,,br_misp_retired.all_branches,83996041,100.00,,
     1.904158067,512517,,inst_retired.any,580293,100.00,0.8,IpMispredict
     1.904158067,4193,,br_misp_retired.all_branches,580293,100.00,,
     2.004361618,83178674,,inst_retired.any,74703293,100.00,132.4,IpMispredict
     2.004361618,629300,,br_misp_retired.all_branches,74703293,100.00,,
     2.104567167,99671486,,inst_retired.any,83913942,100.00,157.6,IpMispredict
     2.104567167,717183,,br_misp_retired.all_branches,83913942,100.00,,
     2.204768570,97212184,,inst_retired.any,81856679,100.00,152.9,IpMispredict
     2.204768570,703203,,br_misp_retired.all_branches,81856679,100.00,,
     2.304974928,99578995,,inst_retired.any,83447364,100.00,155.8,IpMispredict
     2.304974928,717073,,br_misp_retired.all_branches,83447364,100.00,,
     2.405177359,2645944,,inst_retired.any,2382772,100.00,4.3,IpMispredict
     2.405177359,19828,,br_misp_retired.all_branches,2382772,100.00,,
     2.505380330,82195409,,inst_retired.any,77528835,100.00,133.8,IpMispredict
     2.505380330,632224,,br_misp_retired.all_branches,77528835,100.00,,
     2.605588370,99690239,,inst_retired.any,83631191,100.00,161.3,IpMispredict
     2.605588370,717701,,br_misp_retired.all_branches,83631191,100.00,,
     2.705791961,99857559,,inst_retired.any,83775900,100.00,160.6,IpMispredict
     2.705791961,716650,,br_misp_retired.all_branches,83775900,100.00,,
     2.805996979,99925278,,inst_retired.any,83707973,100.00,159.8,IpMispredict
     2.805996979,717091,,br_misp_retired.all_branches,83707973,100.00,,
     2.906218947,100282339,,inst_retired.any,83938799,100.00,159.6,IpMispredict
     2.906218947,721787,,br_misp_retired.all_branches,83938799,100.00,,
     3.006422077,100002008,,inst_retired.any,84003103,100.00,158.4,IpMispredict
     3.006422077,717387,,br_misp_retired.all_branches,84003103,100.00,,
     3.106622127,2799662,,inst_retired.any,2540485,100.00,4.6,IpMispredict
     3.106622127,21555,,br_misp_retired.all_branches,2540485,100.00,,
     3.206825160,89898751,,inst_retired.any,79002251,100.00,146.5,IpMispredict
     3.206825160,675084,,br_misp_retired.all_branches,79002251,100.00,,
     3.307030903,100203916,,inst_retired.any,83646028,100.00,162.4,IpMispredict
     3.307030903,717069,,br_misp_retired.all_branches,83646028,100.00,,
     3.407233558,100217913,,inst_retired.any,83691614,100.00,161.7,IpMispredict
     3.407233558,717577,,br_misp_retired.all_branches,83691614,100.00,,
     3.507437640,3706382,,inst_retired.any,3237421,100.00,6.1,IpMispredict
     3.507437640,27285,,br_misp_retired.all_branches,3237421,100.00,,
     3.607641946,88747864,,inst_retired.any,79000319,100.00,146.8,IpMispredict
     3.607641946,660037,,br_misp_retired.all_branches,79000319,100.00,,
     3.707848933,99633491,,inst_retired.any,83351673,100.00,164.0,IpMispredict
     3.707848933,716478,,br_misp_retired.all_branches,83351673,100.00,,
     3.808053991,99775892,,inst_retired.any,83874376,100.00,163.4,IpMispredict
     3.808053991,722680,,br_misp_retired.all_branches,83874376,100.00,,
     3.908259195,100026434,,inst_retired.any,83790853,100.00,163.1,IpMispredict
     3.908259195,721489,,br_misp_retired.all_branches,83790853,100.00,,
     4.008463000,100649593,,inst_retired.any,84276873,100.00,163.4,IpMispredict
     4.008463000,720652,,br_misp_retired.all_branches,84276873,100.00,,
     4.108667884,100013471,,inst_retired.any,83954014,100.00,161.7,IpMispredict
     4.108667884,720988,,br_misp_retired.all_branches,83954014,100.00,,
     4.208871907,100170880,,inst_retired.any,83824962,100.00,161.3,IpMispredict
     4.208871907,719651,,br_misp_retired.all_branches,83824962,100.00,,
     4.309072728,3772052,,inst_retired.any,3308543,100.00,6.2,IpMispredict
     4.309072728,27837,,br_misp_retired.all_branches,3308543,100.00,,
     4.409275152,89121871,,inst_retired.any,79227679,100.00,146.4,IpMispredict
     4.409275152,677055,,br_misp_retired.all_branches,79227679,100.00,,
     4.509484878,99601243,,inst_retired.any,83745538,100.00,163.0,IpMispredict
     4.509484878,716948,,br_misp_retired.all_branches,83745538,100.00,,
     4.609687321,3898737,,inst_retired.any,3412207,100.00,6.5,IpMispredict
     4.609687321,28963,,br_misp_retired.all_branches,3412207,100.00,,
     4.709891872,89515452,,inst_retired.any,79449935,100.00,149.2,IpMispredict
     4.709891872,672446,,br_misp_retired.all_branches,79449935,100.00,,
     4.810102416,92725867,,inst_retired.any,83106435,100.00,154.1,IpMispredict
     4.810102416,675098,,br_misp_retired.all_branches,83106435,100.00,,
     4.910308519,99797868,,inst_retired.any,83883725,100.00,165.2,IpMispredict
     4.910308519,716822,,br_misp_retired.all_branches,83883725,100.00,,
     5.010515979,99903918,,inst_retired.any,84035653,100.00,164.8,IpMispredict
     5.010515979,718023,,br_misp_retired.all_branches,84035653,100.00,,
     5.110719998,99469461,,inst_retired.any,83788172,100.00,163.5,IpMispredict
     5.110719998,715141,,br_misp_retired.all_branches,83788172,100.00,,
     5.210923226,99549222,,inst_retired.any,84013716,100.00,163.1,IpMispredict
     5.210923226,716057,,br_misp_retired.all_branches,84013716,100.00,,
     5.311123856,99584376,,inst_retired.any,84031993,100.00,162.6,IpMispredict
     5.311123856,713302,,br_misp_retired.all_branches,84031993,100.00,,
     5.411358739,3789033,,inst_retired.any,3334010,100.00,6.3,IpMispredict
     5.411358739,28040,,br_misp_retired.all_branches,3334010,100.00,,
     5.511562537,89321008,,inst_retired.any,79125959,100.00,148.2,IpMispredict
     5.511562537,668289,,br_misp_retired.all_branches,79125959,100.00,,
     5.611788213,99354124,,inst_retired.any,83958888,100.00,164.3,IpMispredict
     5.611788213,716430,,br_misp_retired.all_branches,83958888,100.00,,
     5.711992074,2488604,,inst_retired.any,2273743,100.00,4.2,IpMispredict
     5.711992074,18854,,br_misp_retired.all_branches,2273743,100.00,,
     5.812198051,88411785,,inst_retired.any,79145644,100.00,148.4,IpMispredict
     5.812198051,662820,,br_misp_retired.all_branches,79145644,100.00,,
     5.912406942,99814310,,inst_retired.any,83919200,100.00,167.0,IpMispredict
     5.912406942,715868,,br_misp_retired.all_branches,83919200,100.00,,
     6.012609066,99595124,,inst_retired.any,83896056,100.00,166.1,IpMispredict
     6.012609066,714834,,br_misp_retired.all_branches,83896056,100.00,,
     6.112813285,99391402,,inst_retired.any,83835863,100.00,165.2,IpMispredict
     6.112813285,714269,,br_misp_retired.all_branches,83835863,100.00,,
     6.213016475,92758712,,inst_retired.any,83266691,100.00,153.8,IpMispredict
     6.213016475,684594,,br_misp_retired.all_branches,83266691,100.00,,
     6.313219461,100227588,,inst_retired.any,83805443,100.00,165.7,IpMispredict
     6.313219461,720375,,br_misp_retired.all_branches,83805443,100.00,,
     6.413423276,100282639,,inst_retired.any,83959984,100.00,165.3,IpMispredict
     6.413423276,723411,,br_misp_retired.all_branches,83959984,100.00,,
     6.513627756,3559104,,inst_retired.any,3113096,100.00,6.0,IpMispredict
     6.513627756,26114,,br_misp_retired.all_branches,3113096,100.00,,
     6.613831671,88496116,,inst_retired.any,78882918,100.00,147.8,IpMispredict
     6.613831671,658117,,br_misp_retired.all_branches,78882918,100.00,,
     6.714039141,100278217,,inst_retired.any,84069049,100.00,167.0,IpMispredict
     6.714039141,719320,,br_misp_retired.all_branches,84069049,100.00,,
     6.814241927,2327946,,inst_retired.any,2094371,100.00,3.9,IpMispredict
     6.814241927,17720,,br_misp_retired.all_branches,2094371,100.00,,
     6.914449081,89733190,,inst_retired.any,79313434,100.00,151.3,IpMispredict
     6.914449081,669314,,br_misp_retired.all_branches,79313434,100.00,,
     7.014661068,100232765,,inst_retired.any,83593065,100.00,168.5,IpMispredict
     7.014661068,721156,,br_misp_retired.all_branches,83593065,100.00,,
     7.114866179,100371958,,inst_retired.any,83835023,100.00,168.2,IpMispredict
     7.114866179,722085,,br_misp_retired.all_branches,83835023,100.00,,
     7.215069914,100345498,,inst_retired.any,83621337,100.00,167.7,IpMispredict
     7.215069914,722145,,br_misp_retired.all_branches,83621337,100.00,,
     7.315269766,100348356,,inst_retired.any,83641078,100.00,167.2,IpMispredict
     7.315269766,723393,,br_misp_retired.all_branches,83641078,100.00,,
     7.415472876,99827954,,inst_retired.any,83467682,100.00,165.9,IpMispredict
     7.415472876,720385,,br_misp_retired.all_branches,83467682,100.00,,
     7.515676013,93003521,,inst_retired.any,83177429,100.00,154.3,IpMispredict
     7.515676013,677481,,br_misp_retired.all_branches,83177429,100.00,,
     7.615880258,98356040,,inst_retired.any,83426684,100.00,162.8,IpMispredict
     7.615880258,716725,,br_misp_retired.all_branches,83426684,100.00,,
     7.716090669,99287927,,inst_retired.any,83826316,100.00,163.9,IpMispredict
     7.716090669,714726,,br_misp_retired.all_branches,83826316,100.00,,
     7.816292713,3680699,,inst_retired.any,3217554,100.00,6.2,IpMispredict
     7.816292713,26911,,br_misp_retired.all_branches,3217554,100.00,,
     7.916494150,<not counted>,,inst_retired.any,0,100.00,,
     7.916494150,<not counted>,,br_misp_retired.all_branches,0,100.00,,
     8.016679754,89252656,,inst_retired.any,79572316,100.00,150.8,IpMispredict
     8.016679754,669222,,br_misp_retired.all_branches,79572316,100.00,,
     8.116889760,99342062,,inst_retired.any,83870350,100.00,167.5,IpMispredict
     8.116889760,713944,,br_misp_retired.all_branches,83870350,100.00,,
     8.217093975,99815577,,inst_retired.any,83864905,100.00,167.9,IpMispredict
     8.217093975,710706,,br_misp_retired.all_branches,83864905,100.00,,
     8.317323684,100016699,,inst_retired.any,83908925,100.00,167.8,IpMispredict
     8.317323684,715562,,br_misp_retired.all_branches,83908925,100.00,,
     8.417523590,99759923,,inst_retired.any,83944303,100.00,167.0,IpMispredict
     8.417523590,710171,,br_misp_retired.all_branches,83944303,100.00,,
     8.517731012,100046987,,inst_retired.any,83961403,100.00,167.1,IpMispredict
     8.517731012,710243,,br_misp_retired.all_branches,83961403,100.00,,
     8.617933819,91135328,,inst_retired.any,83565097,100.00,152.0,IpMispredict
     8.617933819,671752,,br_misp_retired.all_branches,83565097,100.00,,
     8.718144249,90699694,,inst_retired.any,83168002,100.00,151.1,IpMispredict
     8.718144249,662954,,br_misp_retired.all_branches,83168002,100.00,,
     8.818350252,100239780,,inst_retired.any,84016326,100.00,166.6,IpMispredict
     8.818350252,725201,,br_misp_retired.all_branches,84016326,100.00,,
     8.918552754,3481423,,inst_retired.any,3051182,100.00,5.8,IpMispredict
     8.918552754,25866,,br_misp_retired.all_branches,3051182,100.00,,
     9.018754236,<not counted>,,inst_retired.any,0,100.00,,
     9.018754236,<not counted>,,br_misp_retired.all_branches,0,100.00,,
     9.118939424,90959810,,inst_retired.any,80831882,100.00,154.3,IpMispredict
     9.118939424,673123,,br_misp_retired.all_branches,80831882,100.00,,
     9.219145357,99653739,,inst_retired.any,83524832,100.00,168.6,IpMispredict
     9.219145357,721191,,br_misp_retired.all_branches,83524832,100.00,,
     9.319376585,100351053,,inst_retired.any,83724022,100.00,169.4,IpMispredict
     9.319376585,718418,,br_misp_retired.all_branches,83724022,100.00,,
     9.419579302,99995578,,inst_retired.any,83661567,100.00,168.4,IpMispredict
     9.419579302,718084,,br_misp_retired.all_branches,83661567,100.00,,
     9.519782586,100091683,,inst_retired.any,83806843,100.00,168.2,IpMispredict
     9.519782586,721899,,br_misp_retired.all_branches,83806843,100.00,,
     9.619986546,99840054,,inst_retired.any,83857287,100.00,167.4,IpMispredict
     9.619986546,717641,,br_misp_retired.all_branches,83857287,100.00,,
     9.720189169,99771238,,inst_retired.any,83489339,100.00,167.0,IpMispredict
     9.720189169,714081,,br_misp_retired.all_branches,83489339,100.00,,
     9.820392359,99581751,,inst_retired.any,83350371,100.00,166.3,IpMispredict
     9.820392359,720861,,br_misp_retired.all_branches,83350371,100.00,,
     9.920594891,99912324,,inst_retired.any,83790666,100.00,166.5,IpMispredict
     9.920594891,723089,,br_misp_retired.all_branches,83790666,100.00,,
    10.020798956,3153927,,inst_retired.any,2792035,100.00,5.3,IpMispredict
    10.020798956,23442,,br_misp_retired.all_branches,2792035,100.00,,
    10.121002682,<not counted>,,inst_retired.any,0,100.00,,
    10.121002682,<not counted>,,br_misp_retired.all_branches,0,100.00,,
    10.221187525,90048391,,inst_retired.any,79937362,100.00,152.8,IpMispredict
    10.221187525,675620,,br_misp_retired.all_branches,79937362,100.00,,
    10.321393448,93705049,,inst_retired.any,83186560,100.00,158.8,IpMispredict
    10.321393448,680417,,br_misp_retired.all_branches,83186560,100.00,,
    10.421598068,99523291,,inst_retired.any,83880500,100.00,168.3,IpMispredict
    10.421598068,717332,,br_misp_retired.all_branches,83880500,100.00,,
    10.521801722,94767451,,inst_retired.any,82953952,100.00,160.0,IpMispredict
    10.521801722,697393,,br_misp_retired.all_branches,82953952,100.00,,
    10.622004668,93507970,,inst_retired.any,83265900,100.00,157.6,IpMispredict
    10.622004668,681394,,br_misp_retired.all_branches,83265900,100.00,,
    10.722209643,99624322,,inst_retired.any,83774992,100.00,167.6,IpMispredict
    10.722209643,720967,,br_misp_retired.all_branches,83774992,100.00,,
    10.822413400,99784613,,inst_retired.any,83845878,100.00,167.5,IpMispredict
    10.822413400,717672,,br_misp_retired.all_branches,83845878,100.00,,
    10.922619875,99953602,,inst_retired.any,83819169,100.00,167.5,IpMispredict
    10.922619875,715893,,br_misp_retired.all_branches,83819169,100.00,,
    11.022824116,98827478,,inst_retired.any,83439937,100.00,165.3,IpMispredict
    11.022824116,710776,,br_misp_retired.all_branches,83439937,100.00,,
