# started on Mon May  1 16:44:45 2023

     0.100158088,29400064,,inst_retired.any,42579372,100.00,93.6,IpMispredict
     0.100158088,314192,,br_misp_retired.all_branches,42579372,100.00,,
     0.200420066,29129839,,inst_retired.any,42823846,100.00,94.6,IpMispredict
     0.200420066,301755,,br_misp_retired.all_branches,42823846,100.00,,
     0.300606836,29032573,,inst_retired.any,42347697,100.00,97.2,IpMispredict
     0.300606836,280387,,br_misp_retired.all_branches,42347697,100.00,,
     0.400799626,30202948,,inst_retired.any,43388380,100.00,102.0,IpMispredict
     0.400799626,288037,,br_misp_retired.all_branches,43388380,100.00,,
     0.500989565,29460447,,inst_retired.any,43420241,100.00,101.6,IpMispredict
     0.500989565,264978,,br_misp_retired.all_branches,43420241,100.00,,
     0.601180882,29192608,,inst_retired.any,42062141,100.00,100.1,IpMispredict
     0.601180882,299976,,br_misp_retired.all_branches,42062141,100.00,,
     0.701372731,28925231,,inst_retired.any,41833322,100.00,100.1,IpMispredict
     0.701372731,272538,,br_misp_retired.all_branches,41833322,100.00,,
     0.801563513,28991410,,inst_retired.any,42661600,100.00,100.4,IpMispredict
     0.801563513,288396,,br_misp_retired.all_branches,42661600,100.00,,
     0.901757717,29651685,,inst_retired.any,43319067,100.00,102.4,IpMispredict
     0.901757717,296132,,br_misp_retired.all_branches,43319067,100.00,,
     1.001951224,29063086,,inst_retired.any,42543504,100.00,99.5,IpMispredict
     1.001951224,315401,,br_misp_retired.all_branches,42543504,100.00,,
     1.102143393,29037189,,inst_retired.any,42209774,100.00,99.5,IpMispredict
     1.102143393,287514,,br_misp_retired.all_branches,42209774,100.00,,
     1.202338068,29517412,,inst_retired.any,43241819,100.00,101.0,IpMispredict
     1.202338068,297230,,br_misp_retired.all_branches,43241819,100.00,,
     1.302519430,29353243,,inst_retired.any,43021362,100.00,100.9,IpMispredict
     1.302519430,273770,,br_misp_retired.all_branches,43021362,100.00,,
     1.402708177,29087196,,inst_retired.any,41962825,100.00,99.4,IpMispredict
     1.402708177,316635,,br_misp_retired.all_branches,41962825,100.00,,
     1.502892027,29533456,,inst_retired.any,43055195,100.00,101.1,IpMispredict
     1.502892027,286216,,br_misp_retired.all_branches,43055195,100.00,,
     1.603098306,29485274,,inst_retired.any,43098956,100.00,100.8,IpMispredict
     1.603098306,296839,,br_misp_retired.all_branches,43098956,100.00,,
     1.703316546,29246214,,inst_retired.any,43066096,100.00,100.0,IpMispredict
     1.703316546,291358,,br_misp_retired.all_branches,43066096,100.00,,
     1.803507996,29134826,,inst_retired.any,42824758,100.00,99.4,IpMispredict
     1.803507996,302454,,br_misp_retired.all_branches,42824758,100.00,,
     1.903707079,29368593,,inst_retired.any,43265978,100.00,100.0,IpMispredict
     1.903707079,305523,,br_misp_retired.all_branches,43265978,100.00,,
     2.003900855,29692387,,inst_retired.any,43524153,100.00,101.2,IpMispredict
     2.003900855,289850,,br_misp_retired.all_branches,43524153,100.00,,
     2.104094832,29485703,,inst_retired.any,43534294,100.00,101.0,IpMispredict
     2.104094832,262188,,br_misp_retired.all_branches,43534294,100.00,,
     2.204285347,28909740,,inst_retired.any,41707683,100.00,98.9,IpMispredict
     2.204285347,301485,,br_misp_retired.all_branches,41707683,100.00,,
     2.304475776,29218328,,inst_retired.any,43157569,100.00,100.0,IpMispredict
     2.304475776,289760,,br_misp_retired.all_branches,43157569,100.00,,
     2.404669271,29753672,,inst_retired.any,43323391,100.00,102.2,IpMispredict
     2.404669271,265680,,br_misp_retired.all_branches,43323391,100.00,,
     2.504864064,29365793,,inst_retired.any,42343386,100.00,101.0,IpMispredict
     2.504864064,281824,,br_misp_retired.all_branches,42343386,100.00,,
     2.605056177,29120845,,inst_retired.any,42609309,100.00,99.9,IpMispredict
     2.605056177,312510,,br_misp_retired.all_branches,42609309,100.00,,
     2.705247190,29098121,,inst_retired.any,42559664,100.00,99.5,IpMispredict
     2.705247190,313703,,br_misp_retired.all_branches,42559664,100.00,,
     2.805463562,28958273,,inst_retired.any,42168723,100.00,99.1,IpMispredict
     2.805463562,289330,,br_misp_retired.all_branches,42168723,100.00,,
     2.905660779,29560560,,inst_retired.any,43370377,100.00,100.9,IpMispredict
     2.905660779,313284,,br_misp_retired.all_branches,43370377,100.00,,
     3.005855843,29371362,,inst_retired.any,42190752,100.00,100.4,IpMispredict
     3.005855843,277891,,br_misp_retired.all_branches,42190752,100.00,,
     3.106048914,29337858,,inst_retired.any,42901847,100.00,100.2,IpMispredict
     3.106048914,301412,,br_misp_retired.all_branches,42901847,100.00,,
     3.206243225,29154307,,inst_retired.any,43074319,100.00,99.5,IpMispredict
     3.206243225,293667,,br_misp_retired.all_branches,43074319,100.00,,
     3.306438024,29173217,,inst_retired.any,42211911,100.00,99.6,IpMispredict
     3.306438024,290353,,br_misp_retired.all_branches,42211911,100.00,,
     3.406629021,29233313,,inst_retired.any,42616819,100.00,100.0,IpMispredict
     3.406629021,275191,,br_misp_retired.all_branches,42616819,100.00,,
     3.506818997,29624075,,inst_retired.any,43406613,100.00,101.4,IpMispredict
     3.506818997,291702,,br_misp_retired.all_branches,43406613,100.00,,
     3.607013069,28999372,,inst_retired.any,41752014,100.00,99.2,IpMispredict
     3.607013069,295855,,br_misp_retired.all_branches,41752014,100.00,,
     3.707204669,29242733,,inst_retired.any,42647752,100.00,100.0,IpMispredict
     3.707204669,293971,,br_misp_retired.all_branches,42647752,100.00,,
     3.807418051,29150329,,inst_retired.any,42454033,100.00,99.5,IpMispredict
     3.807418051,313398,,br_misp_retired.all_branches,42454033,100.00,,
     3.907617180,29580835,,inst_retired.any,43888729,100.00,101.0,IpMispredict
     3.907617180,294581,,br_misp_retired.all_branches,43888729,100.00,,
     4.007813462,28945135,,inst_retired.any,42164512,100.00,98.9,IpMispredict
     4.007813462,283281,,br_misp_retired.all_branches,42164512,100.00,,
     4.108011408,29420754,,inst_retired.any,43118604,100.00,100.4,IpMispredict
     4.108011408,304076,,br_misp_retired.all_branches,43118604,100.00,,
     4.208205516,29457208,,inst_retired.any,43284926,100.00,100.5,IpMispredict
     4.208205516,294815,,br_misp_retired.all_branches,43284926,100.00,,
     4.308400144,29330742,,inst_retired.any,42613496,100.00,100.2,IpMispredict
     4.308400144,277683,,br_misp_retired.all_branches,42613496,100.00,,
     4.408591494,29439294,,inst_retired.any,43591083,100.00,100.3,IpMispredict
     4.408591494,328141,,br_misp_retired.all_branches,43591083,100.00,,
     4.508783152,29056318,,inst_retired.any,42207387,100.00,98.9,IpMispredict
     4.508783152,307549,,br_misp_retired.all_branches,42207387,100.00,,
     4.608976010,29373181,,inst_retired.any,42944600,100.00,99.8,IpMispredict
     4.608976010,316003,,br_misp_retired.all_branches,42944600,100.00,,
     4.709166783,29646862,,inst_retired.any,43487932,100.00,101.1,IpMispredict
     4.709166783,248060,,br_misp_retired.all_branches,43487932,100.00,,
     4.809357826,29301162,,inst_retired.any,42260522,100.00,100.0,IpMispredict
     4.809357826,285012,,br_misp_retired.all_branches,42260522,100.00,,
     4.909553764,29333132,,inst_retired.any,42554653,100.00,100.2,IpMispredict
     4.909553764,277076,,br_misp_retired.all_branches,42554653,100.00,,
     5.009749288,29521619,,inst_retired.any,43410727,100.00,100.8,IpMispredict
     5.009749288,292693,,br_misp_retired.all_branches,43410727,100.00,,
     5.109944367,29097639,,inst_retired.any,42843301,100.00,99.3,IpMispredict
     5.109944367,307733,,br_misp_retired.all_branches,42843301,100.00,,
     5.210134536,29314644,,inst_retired.any,42220475,100.00,99.9,IpMispredict
     5.210134536,314712,,br_misp_retired.all_branches,42220475,100.00,,
     5.310327279,29167331,,inst_retired.any,42992782,100.00,99.3,IpMispredict
     5.310327279,311514,,br_misp_retired.all_branches,42992782,100.00,,
     5.410518420,29716084,,inst_retired.any,43451012,100.00,100.9,IpMispredict
     5.410518420,325944,,br_misp_retired.all_branches,43451012,100.00,,
     5.510714485,29190183,,inst_retired.any,42856138,100.00,99.0,IpMispredict
     5.510714485,317607,,br_misp_retired.all_branches,42856138,100.00,,
     5.610929039,29216578,,inst_retired.any,43560833,100.00,99.0,IpMispredict
     5.610929039,310017,,br_misp_retired.all_branches,43560833,100.00,,
     5.711123413,29363332,,inst_retired.any,43177275,100.00,99.5,IpMispredict
     5.711123413,294790,,br_misp_retired.all_branches,43177275,100.00,,
     5.811316485,29389755,,inst_retired.any,43399872,100.00,99.7,IpMispredict
     5.811316485,273493,,br_misp_retired.all_branches,43399872,100.00,,
     5.911512189,29513737,,inst_retired.any,43486014,100.00,100.2,IpMispredict
     5.911512189,283429,,br_misp_retired.all_branches,43486014,100.00,,
     6.011712525,28949673,,inst_retired.any,42037407,100.00,98.2,IpMispredict
     6.011712525,303148,,br_misp_retired.all_branches,42037407,100.00,,
     6.111906213,29549424,,inst_retired.any,43526605,100.00,100.1,IpMispredict
     6.111906213,316995,,br_misp_retired.all_branches,43526605,100.00,,
     6.212096616,29325792,,inst_retired.any,42763861,100.00,99.3,IpMispredict
     6.212096616,303936,,br_misp_retired.all_branches,42763861,100.00,,
     6.312287234,29171291,,inst_retired.any,42491211,100.00,98.8,IpMispredict
     6.312287234,289610,,br_misp_retired.all_branches,42491211,100.00,,
     6.412481910,29331244,,inst_retired.any,41768464,100.00,99.5,IpMispredict
     6.412481910,274357,,br_misp_retired.all_branches,41768464,100.00,,
     6.512675038,29427475,,inst_retired.any,43126984,100.00,99.9,IpMispredict
     6.512675038,287727,,br_misp_retired.all_branches,43126984,100.00,,
     6.612873665,29304661,,inst_retired.any,42932317,100.00,99.3,IpMispredict
     6.612873665,316122,,br_misp_retired.all_branches,42932317,100.00,,
     6.713072299,29186394,,inst_retired.any,42619770,100.00,98.8,IpMispredict
     6.713072299,312638,,br_misp_retired.all_branches,42619770,100.00,,
     6.813264044,29133741,,inst_retired.any,42509996,100.00,98.6,IpMispredict
     6.813264044,316870,,br_misp_retired.all_branches,42509996,100.00,,
     6.913460417,29476531,,inst_retired.any,42778569,100.00,99.7,IpMispredict
     6.913460417,302971,,br_misp_retired.all_branches,42778569,100.00,,
     7.013654374,29144125,,inst_retired.any,42343050,100.00,98.5,IpMispredict
     7.013654374,305346,,br_misp_retired.all_branches,42343050,100.00,,
     7.113849456,28995629,,inst_retired.any,42440715,100.00,97.9,IpMispredict
     7.113849456,316609,,br_misp_retired.all_branches,42440715,100.00,,
     7.214040246,29615959,,inst_retired.any,43488853,100.00,100.1,IpMispredict
     7.214040246,281057,,br_misp_retired.all_branches,43488853,100.00,,
     7.314233995,29233316,,inst_retired.any,42671316,100.00,98.7,IpMispredict
     7.314233995,303304,,br_misp_retired.all_branches,42671316,100.00,,
     7.414425072,29447159,,inst_retired.any,43301514,100.00,99.5,IpMispredict
     7.414425072,295217,,br_misp_retired.all_branches,43301514,100.00,,
     7.514618201,29476529,,inst_retired.any,44450228,100.00,99.5,IpMispredict
     7.514618201,302771,,br_misp_retired.all_branches,44450228,100.00,,
     7.614813858,29140299,,inst_retired.any,42423500,100.00,98.3,IpMispredict
     7.614813858,309521,,br_misp_retired.all_branches,42423500,100.00,,
     7.715009221,29521292,,inst_retired.any,42693011,100.00,99.7,IpMispredict
     7.715009221,277618,,br_misp_retired.all_branches,42693011,100.00,,
     7.815204564,29383366,,inst_retired.any,43534138,100.00,99.2,IpMispredict
     7.815204564,295890,,br_misp_retired.all_branches,43534138,100.00,,
     7.915411036,29360887,,inst_retired.any,42703124,100.00,99.2,IpMispredict
     7.915411036,283711,,br_misp_retired.all_branches,42703124,100.00,,
     8.015606778,29472598,,inst_retired.any,42741693,100.00,99.8,IpMispredict
     8.015606778,253467,,br_misp_retired.all_branches,42741693,100.00,,
     8.115801238,29003071,,inst_retired.any,41541362,100.00,98.2,IpMispredict
     8.115801238,305304,,br_misp_retired.all_branches,41541362,100.00,,
     8.215994214,29212471,,inst_retired.any,42606440,100.00,98.8,IpMispredict
     8.215994214,316448,,br_misp_retired.all_branches,42606440,100.00,,
     8.316204715,29340054,,inst_retired.any,43052382,100.00,99.2,IpMispredict
     8.316204715,293333,,br_misp_retired.all_branches,43052382,100.00,,
     8.416394161,29385037,,inst_retired.any,43189884,100.00,99.4,IpMispredict
     8.416394161,278549,,br_misp_retired.all_branches,43189884,100.00,,
     8.516592635,29332952,,inst_retired.any,42395735,100.00,99.3,IpMispredict
     8.516592635,287326,,br_misp_retired.all_branches,42395735,100.00,,
     8.616785098,29108171,,inst_retired.any,42971732,100.00,98.5,IpMispredict
     8.616785098,316133,,br_misp_retired.all_branches,42971732,100.00,,
     8.716982534,29456212,,inst_retired.any,43454505,100.00,99.6,IpMispredict
     8.716982534,305630,,br_misp_retired.all_branches,43454505,100.00,,
     8.817180279,29344238,,inst_retired.any,42930076,100.00,99.3,IpMispredict
     8.817180279,266292,,br_misp_retired.all_branches,42930076,100.00,,
     8.917375746,29666174,,inst_retired.any,44172123,100.00,100.5,IpMispredict
     8.917375746,282007,,br_misp_retired.all_branches,44172123,100.00,,
     9.017571062,29191467,,inst_retired.any,42124267,100.00,98.8,IpMispredict
     9.017571062,302169,,br_misp_retired.all_branches,42124267,100.00,,
     9.117763745,29081970,,inst_retired.any,42356509,100.00,98.5,IpMispredict
     9.117763745,294270,,br_misp_retired.all_branches,42356509,100.00,,
     9.217962634,29440756,,inst_retired.any,42753686,100.00,99.7,IpMispredict
     9.217962634,295713,,br_misp_retired.all_branches,42753686,100.00,,
     9.318157984,29419344,,inst_retired.any,43875876,100.00,99.5,IpMispredict
     9.318157984,323228,,br_misp_retired.all_branches,43875876,100.00,,
     9.418354216,29234375,,inst_retired.any,42945922,100.00,98.8,IpMispredict
     9.418354216,316257,,br_misp_retired.all_branches,42945922,100.00,,
     9.518547838,29481813,,inst_retired.any,43117439,100.00,99.7,IpMispredict
     9.518547838,277829,,br_misp_retired.all_branches,43117439,100.00,,
     9.618746462,29304132,,inst_retired.any,42457106,100.00,99.0,IpMispredict
     9.618746462,312127,,br_misp_retired.all_branches,42457106,100.00,,
     9.718943630,29183546,,inst_retired.any,42425626,100.00,98.6,IpMispredict
     9.718943630,297150,,br_misp_retired.all_branches,42425626,100.00,,
     9.819135047,29517084,,inst_retired.any,42605578,100.00,99.8,IpMispredict
     9.819135047,286426,,br_misp_retired.all_branches,42605578,100.00,,
     9.919329475,29204798,,inst_retired.any,42444310,100.00,98.7,IpMispredict
     9.919329475,296134,,br_misp_retired.all_branches,42444310,100.00,,
    10.019524451,29230410,,inst_retired.any,42736965,100.00,98.8,IpMispredict
    10.019524451,296633,,br_misp_retired.all_branches,42736965,100.00,,
    10.119720388,29226233,,inst_retired.any,42539256,100.00,98.9,IpMispredict
    10.119720388,283058,,br_misp_retired.all_branches,42539256,100.00,,
    10.219916221,29136106,,inst_retired.any,42076510,100.00,98.6,IpMispredict
    10.219916221,276961,,br_misp_retired.all_branches,42076510,100.00,,
    10.320111279,29472784,,inst_retired.any,42654307,100.00,99.8,IpMispredict
    10.320111279,289025,,br_misp_retired.all_branches,42654307,100.00,,
    10.420307906,30124909,,inst_retired.any,43494792,100.00,101.9,IpMispredict
    10.420307906,303503,,br_misp_retired.all_branches,43494792,100.00,,
    10.520502932,29013643,,inst_retired.any,42196408,100.00,98.2,IpMispredict
    10.520502932,283872,,br_misp_retired.all_branches,42196408,100.00,,
    10.620693322,29335767,,inst_retired.any,42657628,100.00,99.3,IpMispredict
    10.620693322,285520,,br_misp_retired.all_branches,42657628,100.00,,
    10.720883986,29184761,,inst_retired.any,42729426,100.00,98.9,IpMispredict
    10.720883986,282149,,br_misp_retired.all_branches,42729426,100.00,,
    10.821074945,29412385,,inst_retired.any,43537129,100.00,99.6,IpMispredict
    10.821074945,304626,,br_misp_retired.all_branches,43537129,100.00,,
    10.921266482,29245204,,inst_retired.any,41609836,100.00,99.1,IpMispredict
    10.921266482,273336,,br_misp_retired.all_branches,41609836,100.00,,
    11.021486541,29363290,,inst_retired.any,43530782,100.00,99.5,IpMispredict
    11.021486541,296722,,br_misp_retired.all_branches,43530782,100.00,,
