# started on Mon May  1 16:44:58 2023

     0.100154155,57643811,,inst_retired.any,55699197,100.00,137.6,IpMispredict
     0.100154155,418995,,br_misp_retired.all_branches,55699197,100.00,,
     0.200432670,58596841,,inst_retired.any,56719130,100.00,138.0,IpMispredict
     0.200432670,430197,,br_misp_retired.all_branches,56719130,100.00,,
     0.300625546,58399998,,inst_retired.any,56736189,100.00,137.7,IpMispredict
     0.300625546,423125,,br_misp_retired.all_branches,56736189,100.00,,
     0.400817564,58062759,,inst_retired.any,55446847,100.00,138.8,IpMispredict
     0.400817564,400529,,br_misp_retired.all_branches,55446847,100.00,,
     0.501021233,58417434,,inst_retired.any,56339305,100.00,138.5,IpMispredict
     0.501021233,436508,,br_misp_retired.all_branches,56339305,100.00,,
     0.601237124,58281690,,inst_retired.any,55902509,100.00,138.1,IpMispredict
     0.601237124,423273,,br_misp_retired.all_branches,55902509,100.00,,
     0.701429406,57638822,,inst_retired.any,54315651,100.00,136.4,IpMispredict
     0.701429406,424825,,br_misp_retired.all_branches,54315651,100.00,,
     0.801633189,58380145,,inst_retired.any,55934901,100.00,138.1,IpMispredict
     0.801633189,424739,,br_misp_retired.all_branches,55934901,100.00,,
     0.901848880,57961776,,inst_retired.any,54701947,100.00,136.7,IpMispredict
     0.901848880,434833,,br_misp_retired.all_branches,54701947,100.00,,
     1.002062205,58480891,,inst_retired.any,55146239,100.00,138.4,IpMispredict
     1.002062205,407084,,br_misp_retired.all_branches,55146239,100.00,,
     1.102269819,58135483,,inst_retired.any,54529334,100.00,137.8,IpMispredict
     1.102269819,417415,,br_misp_retired.all_branches,54529334,100.00,,
     1.202473268,58380755,,inst_retired.any,56384103,100.00,138.3,IpMispredict
     1.202473268,425018,,br_misp_retired.all_branches,56384103,100.00,,
     1.302673663,58750804,,inst_retired.any,58659229,100.00,138.7,IpMispredict
     1.302673663,439405,,br_misp_retired.all_branches,58659229,100.00,,
     1.402872958,58295199,,inst_retired.any,56124009,100.00,137.7,IpMispredict
     1.402872958,419503,,br_misp_retired.all_branches,56124009,100.00,,
     1.503077497,58360743,,inst_retired.any,55605703,100.00,138.2,IpMispredict
     1.503077497,410042,,br_misp_retired.all_branches,55605703,100.00,,
     1.603270896,58672005,,inst_retired.any,56769907,100.00,138.9,IpMispredict
     1.603270896,422562,,br_misp_retired.all_branches,56769907,100.00,,
     1.703485349,58464563,,inst_retired.any,56946617,100.00,138.7,IpMispredict
     1.703485349,409374,,br_misp_retired.all_branches,56946617,100.00,,
     1.803684000,57808724,,inst_retired.any,55579773,100.00,136.9,IpMispredict
     1.803684000,435645,,br_misp_retired.all_branches,55579773,100.00,,
     1.903885542,58357799,,inst_retired.any,55395230,100.00,138.4,IpMispredict
     1.903885542,410430,,br_misp_retired.all_branches,55395230,100.00,,
     2.004075485,58372014,,inst_retired.any,54387172,100.00,138.2,IpMispredict
     2.004075485,434594,,br_misp_retired.all_branches,54387172,100.00,,
     2.104283537,58429614,,inst_retired.any,55706371,100.00,138.4,IpMispredict
     2.104283537,419144,,br_misp_retired.all_branches,55706371,100.00,,
     2.204492412,58457275,,inst_retired.any,54710864,100.00,138.4,IpMispredict
     2.204492412,428135,,br_misp_retired.all_branches,54710864,100.00,,
     2.304686055,58420699,,inst_retired.any,55630665,100.00,138.2,IpMispredict
     2.304686055,428279,,br_misp_retired.all_branches,55630665,100.00,,
     2.404878023,58052763,,inst_retired.any,56024037,100.00,137.5,IpMispredict
     2.404878023,409867,,br_misp_retired.all_branches,56024037,100.00,,
     2.505075327,58252011,,inst_retired.any,55572319,100.00,138.1,IpMispredict
     2.505075327,411079,,br_misp_retired.all_branches,55572319,100.00,,
     2.605269130,59198443,,inst_retired.any,57435560,100.00,140.4,IpMispredict
     2.605269130,415639,,br_misp_retired.all_branches,57435560,100.00,,
     2.705472602,58198208,,inst_retired.any,55248714,100.00,138.1,IpMispredict
     2.705472602,415063,,br_misp_retired.all_branches,55248714,100.00,,
     2.805689031,57795130,,inst_retired.any,55748939,100.00,137.2,IpMispredict
     2.805689031,417402,,br_misp_retired.all_branches,55748939,100.00,,
     2.905889840,58708079,,inst_retired.any,55739878,100.00,139.5,IpMispredict
     2.905889840,415866,,br_misp_retired.all_branches,55739878,100.00,,
     3.006091581,57578084,,inst_retired.any,55328119,100.00,136.9,IpMispredict
     3.006091581,410666,,br_misp_retired.all_branches,55328119,100.00,,
     3.106282317,58724721,,inst_retired.any,56500816,100.00,139.5,IpMispredict
     3.106282317,432087,,br_misp_retired.all_branches,56500816,100.00,,
     3.206478595,58739477,,inst_retired.any,57271485,100.00,139.6,IpMispredict
     3.206478595,416552,,br_misp_retired.all_branches,57271485,100.00,,
     3.306690976,57426413,,inst_retired.any,56215657,100.00,136.4,IpMispredict
     3.306690976,424108,,br_misp_retired.all_branches,56215657,100.00,,
     3.406896095,58674585,,inst_retired.any,55462798,100.00,139.4,IpMispredict
     3.406896095,424010,,br_misp_retired.all_branches,55462798,100.00,,
     3.507095561,57778887,,inst_retired.any,55997682,100.00,137.3,IpMispredict
     3.507095561,416030,,br_misp_retired.all_branches,55997682,100.00,,
     3.607303944,58885778,,inst_retired.any,56810441,100.00,139.9,IpMispredict
     3.607303944,425354,,br_misp_retired.all_branches,56810441,100.00,,
     3.707501750,58082884,,inst_retired.any,54513577,100.00,137.9,IpMispredict
     3.707501750,422235,,br_misp_retired.all_branches,54513577,100.00,,
     3.807693070,58406840,,inst_retired.any,55918012,100.00,138.7,IpMispredict
     3.807693070,425916,,br_misp_retired.all_branches,55918012,100.00,,
     3.907924022,58558072,,inst_retired.any,56733952,100.00,139.0,IpMispredict
     3.907924022,423042,,br_misp_retired.all_branches,56733952,100.00,,
     4.008116890,58537539,,inst_retired.any,56376344,100.00,138.9,IpMispredict
     4.008116890,426678,,br_misp_retired.all_branches,56376344,100.00,,
     4.108308404,57660682,,inst_retired.any,55155956,100.00,136.9,IpMispredict
     4.108308404,407209,,br_misp_retired.all_branches,55155956,100.00,,
     4.208506667,58438893,,inst_retired.any,56117533,100.00,138.7,IpMispredict
     4.208506667,427518,,br_misp_retired.all_branches,56117533,100.00,,
     4.308709163,58659081,,inst_retired.any,55163249,100.00,139.4,IpMispredict
     4.308709163,407212,,br_misp_retired.all_branches,55163249,100.00,,
     4.408914544,58375486,,inst_retired.any,55763737,100.00,138.7,IpMispredict
     4.408914544,422479,,br_misp_retired.all_branches,55763737,100.00,,
     4.509111867,59078059,,inst_retired.any,55760050,100.00,140.4,IpMispredict
     4.509111867,417075,,br_misp_retired.all_branches,55760050,100.00,,
     4.609318029,58491882,,inst_retired.any,56317983,100.00,139.1,IpMispredict
     4.609318029,405870,,br_misp_retired.all_branches,56317983,100.00,,
     4.709513880,58774677,,inst_retired.any,56152179,100.00,139.8,IpMispredict
     4.709513880,410521,,br_misp_retired.all_branches,56152179,100.00,,
     4.809704820,57048723,,inst_retired.any,53669072,100.00,135.9,IpMispredict
     4.809704820,399964,,br_misp_retired.all_branches,53669072,100.00,,
     4.909911369,58723086,,inst_retired.any,55363065,100.00,139.8,IpMispredict
     4.909911369,426528,,br_misp_retired.all_branches,55363065,100.00,,
     5.010111723,57796957,,inst_retired.any,55260198,100.00,137.7,IpMispredict
     5.010111723,410665,,br_misp_retired.all_branches,55260198,100.00,,
     5.110308242,58929567,,inst_retired.any,56433015,100.00,140.3,IpMispredict
     5.110308242,436004,,br_misp_retired.all_branches,56433015,100.00,,
     5.210500766,58241724,,inst_retired.any,57784495,100.00,138.6,IpMispredict
     5.210500766,429447,,br_misp_retired.all_branches,57784495,100.00,,
     5.310692500,58452514,,inst_retired.any,57303313,100.00,139.0,IpMispredict
     5.310692500,433417,,br_misp_retired.all_branches,57303313,100.00,,
     5.410885605,57839691,,inst_retired.any,54759806,100.00,137.5,IpMispredict
     5.410885605,433779,,br_misp_retired.all_branches,54759806,100.00,,
     5.511105795,58268037,,inst_retired.any,56125723,100.00,138.4,IpMispredict
     5.511105795,434012,,br_misp_retired.all_branches,56125723,100.00,,
     5.611301068,58786415,,inst_retired.any,57137405,100.00,139.5,IpMispredict
     5.611301068,441881,,br_misp_retired.all_branches,57137405,100.00,,
     5.711492830,58051874,,inst_retired.any,55387241,100.00,137.8,IpMispredict
     5.711492830,408285,,br_misp_retired.all_branches,55387241,100.00,,
     5.811686091,57956285,,inst_retired.any,54697535,100.00,137.7,IpMispredict
     5.811686091,411703,,br_misp_retired.all_branches,54697535,100.00,,
     5.911889807,58097869,,inst_retired.any,55325532,100.00,138.0,IpMispredict
     5.911889807,414583,,br_misp_retired.all_branches,55325532,100.00,,
     6.012081916,58376834,,inst_retired.any,55598800,100.00,138.7,IpMispredict
     6.012081916,419327,,br_misp_retired.all_branches,55598800,100.00,,
     6.112273378,57890099,,inst_retired.any,54738613,100.00,137.6,IpMispredict
     6.112273378,419800,,br_misp_retired.all_branches,54738613,100.00,,
     6.212477454,59101129,,inst_retired.any,56353507,100.00,140.4,IpMispredict
     6.212477454,425829,,br_misp_retired.all_branches,56353507,100.00,,
     6.312681417,57591172,,inst_retired.any,55193215,100.00,136.9,IpMispredict
     6.312681417,401479,,br_misp_retired.all_branches,55193215,100.00,,
     6.412883719,58651566,,inst_retired.any,56158879,100.00,139.4,IpMispredict
     6.412883719,434506,,br_misp_retired.all_branches,56158879,100.00,,
     6.513083222,58049024,,inst_retired.any,54797576,100.00,137.9,IpMispredict
     6.513083222,430132,,br_misp_retired.all_branches,54797576,100.00,,
     6.613279451,58543641,,inst_retired.any,56285451,100.00,139.0,IpMispredict
     6.613279451,433950,,br_misp_retired.all_branches,56285451,100.00,,
     6.713478676,57773498,,inst_retired.any,54920003,100.00,137.2,IpMispredict
     6.713478676,413526,,br_misp_retired.all_branches,54920003,100.00,,
     6.813685780,59284058,,inst_retired.any,58071919,100.00,140.8,IpMispredict
     6.813685780,426412,,br_misp_retired.all_branches,58071919,100.00,,
     6.913881500,58381460,,inst_retired.any,56672382,100.00,138.5,IpMispredict
     6.913881500,442830,,br_misp_retired.all_branches,56672382,100.00,,
     7.014076028,58636987,,inst_retired.any,55192296,100.00,139.2,IpMispredict
     7.014076028,405624,,br_misp_retired.all_branches,55192296,100.00,,
     7.114276202,58728633,,inst_retired.any,57271940,100.00,139.5,IpMispredict
     7.114276202,413842,,br_misp_retired.all_branches,57271940,100.00,,
     7.214466752,58294875,,inst_retired.any,56308747,100.00,138.5,IpMispredict
     7.214466752,413524,,br_misp_retired.all_branches,56308747,100.00,,
     7.314664253,57995239,,inst_retired.any,55809347,100.00,137.7,IpMispredict
     7.314664253,428060,,br_misp_retired.all_branches,55809347,100.00,,
     7.414866708,58022272,,inst_retired.any,55109943,100.00,137.8,IpMispredict
     7.414866708,418850,,br_misp_retired.all_branches,55109943,100.00,,
     7.515080344,57589675,,inst_retired.any,53891821,100.00,136.8,IpMispredict
     7.515080344,415013,,br_misp_retired.all_branches,53891821,100.00,,
     7.615276333,59437092,,inst_retired.any,56675457,100.00,141.1,IpMispredict
     7.615276333,427816,,br_misp_retired.all_branches,56675457,100.00,,
     7.715470242,58042154,,inst_retired.any,55483298,100.00,137.8,IpMispredict
     7.715470242,420071,,br_misp_retired.all_branches,55483298,100.00,,
     7.815660513,57787610,,inst_retired.any,55200146,100.00,137.3,IpMispredict
     7.815660513,404836,,br_misp_retired.all_branches,55200146,100.00,,
     7.915866657,58522140,,inst_retired.any,55885276,100.00,139.0,IpMispredict
     7.915866657,425318,,br_misp_retired.all_branches,55885276,100.00,,
     8.016058179,57509728,,inst_retired.any,55654270,100.00,136.6,IpMispredict
     8.016058179,422837,,br_misp_retired.all_branches,55654270,100.00,,
     8.116252448,58864738,,inst_retired.any,56175086,100.00,139.8,IpMispredict
     8.116252448,426198,,br_misp_retired.all_branches,56175086,100.00,,
     8.216445858,58467012,,inst_retired.any,56658932,100.00,138.8,IpMispredict
     8.216445858,436762,,br_misp_retired.all_branches,56658932,100.00,,
     8.316661729,58280006,,inst_retired.any,55243748,100.00,138.4,IpMispredict
     8.316661729,410412,,br_misp_retired.all_branches,55243748,100.00,,
     8.416865150,57846682,,inst_retired.any,54587313,100.00,137.3,IpMispredict
     8.416865150,431750,,br_misp_retired.all_branches,54587313,100.00,,
     8.517070439,58155464,,inst_retired.any,55039167,100.00,138.1,IpMispredict
     8.517070439,408579,,br_misp_retired.all_branches,55039167,100.00,,
     8.617260774,58853979,,inst_retired.any,55251790,100.00,139.8,IpMispredict
     8.617260774,425177,,br_misp_retired.all_branches,55251790,100.00,,
     8.717468145,58374185,,inst_retired.any,56142110,100.00,138.7,IpMispredict
     8.717468145,408722,,br_misp_retired.all_branches,56142110,100.00,,
     8.817664668,58499110,,inst_retired.any,56389728,100.00,139.0,IpMispredict
     8.817664668,422091,,br_misp_retired.all_branches,56389728,100.00,,
     8.917857325,57884253,,inst_retired.any,55032315,100.00,137.5,IpMispredict
     8.917857325,418062,,br_misp_retired.all_branches,55032315,100.00,,
     9.018056272,58343751,,inst_retired.any,54534353,100.00,138.6,IpMispredict
     9.018056272,419131,,br_misp_retired.all_branches,54534353,100.00,,
     9.118248749,57742044,,inst_retired.any,55896470,100.00,137.2,IpMispredict
     9.118248749,416966,,br_misp_retired.all_branches,55896470,100.00,,
     9.218442221,58427430,,inst_retired.any,56259365,100.00,138.8,IpMispredict
     9.218442221,416311,,br_misp_retired.all_branches,56259365,100.00,,
     9.318638211,58352475,,inst_retired.any,55415123,100.00,138.6,IpMispredict
     9.318638211,425676,,br_misp_retired.all_branches,55415123,100.00,,
     9.418841283,58135231,,inst_retired.any,55380114,100.00,138.2,IpMispredict
     9.418841283,411477,,br_misp_retired.all_branches,55380114,100.00,,
     9.519045300,58435434,,inst_retired.any,53554212,100.00,138.9,IpMispredict
     9.519045300,426250,,br_misp_retired.all_branches,53554212,100.00,,
     9.619258995,58455789,,inst_retired.any,55026788,100.00,138.8,IpMispredict
     9.619258995,452424,,br_misp_retired.all_branches,55026788,100.00,,
     9.719451588,58070109,,inst_retired.any,55656728,100.00,137.9,IpMispredict
     9.719451588,403909,,br_misp_retired.all_branches,55656728,100.00,,
     9.819648441,57865431,,inst_retired.any,54934111,100.00,137.5,IpMispredict
     9.819648441,408762,,br_misp_retired.all_branches,54934111,100.00,,
     9.919848933,58754015,,inst_retired.any,55106831,100.00,139.6,IpMispredict
     9.919848933,417304,,br_misp_retired.all_branches,55106831,100.00,,
    10.020045794,57675956,,inst_retired.any,54888743,100.00,137.1,IpMispredict
    10.020045794,420530,,br_misp_retired.all_branches,54888743,100.00,,
    10.120236442,57906180,,inst_retired.any,55956894,100.00,137.6,IpMispredict
    10.120236442,414372,,br_misp_retired.all_branches,55956894,100.00,,
    10.220431026,58585101,,inst_retired.any,55289161,100.00,139.2,IpMispredict
    10.220431026,426198,,br_misp_retired.all_branches,55289161,100.00,,
    10.320627713,58260456,,inst_retired.any,55169232,100.00,138.4,IpMispredict
    10.320627713,421615,,br_misp_retired.all_branches,55169232,100.00,,
    10.420829387,57948833,,inst_retired.any,54287972,100.00,137.7,IpMispredict
    10.420829387,416727,,br_misp_retired.all_branches,54287972,100.00,,
    10.521037139,57940892,,inst_retired.any,55775353,100.00,137.7,IpMispredict
    10.521037139,416367,,br_misp_retired.all_branches,55775353,100.00,,
    10.621234573,58541427,,inst_retired.any,56732989,100.00,139.2,IpMispredict
    10.621234573,412735,,br_misp_retired.all_branches,56732989,100.00,,
    10.721428302,58661385,,inst_retired.any,56006788,100.00,139.4,IpMispredict
    10.721428302,420724,,br_misp_retired.all_branches,56006788,100.00,,
    10.821626251,57892441,,inst_retired.any,55678660,100.00,137.6,IpMispredict
    10.821626251,424705,,br_misp_retired.all_branches,55678660,100.00,,
    10.921839413,58536971,,inst_retired.any,54847893,100.00,139.1,IpMispredict
    10.921839413,429659,,br_misp_retired.all_branches,54847893,100.00,,
    11.022052797,58196649,,inst_retired.any,57289806,100.00,138.3,IpMispredict
    11.022052797,411020,,br_misp_retired.all_branches,57289806,100.00,,
