# started on Mon May  1 16:46:58 2023

     0.100145697,4796611,,offcore_response.all_requests.llc_hit.any_response,55825548,100.00,,
     0.100145697,1105,,offcore_response.all_requests.llc_miss.any_response,55825548,100.00,,
     0.200329274,4888673,,offcore_response.all_requests.llc_hit.any_response,55482437,100.00,,
     0.200329274,862,,offcore_response.all_requests.llc_miss.any_response,55507012,100.00,,
     0.300502393,5001096,,offcore_response.all_requests.llc_hit.any_response,56465929,100.00,,
     0.300502393,959,,offcore_response.all_requests.llc_miss.any_response,56460379,100.00,,
     0.400687617,4750570,,offcore_response.all_requests.llc_hit.any_response,54404576,100.00,,
     0.400687617,939,,offcore_response.all_requests.llc_miss.any_response,54404254,100.00,,
     0.500873608,4862863,,offcore_response.all_requests.llc_hit.any_response,57182118,100.00,,
     0.500873608,1021,,offcore_response.all_requests.llc_miss.any_response,57163415,100.00,,
     0.601072972,4845805,,offcore_response.all_requests.llc_hit.any_response,54825288,100.00,,
     0.601072972,1251,,offcore_response.all_requests.llc_miss.any_response,54848582,100.00,,
     0.701281250,4907617,,offcore_response.all_requests.llc_hit.any_response,56488526,100.00,,
     0.701281250,986,,offcore_response.all_requests.llc_miss.any_response,56494225,100.00,,
     0.801484831,4876881,,offcore_response.all_requests.llc_hit.any_response,55390340,100.00,,
     0.801484831,1044,,offcore_response.all_requests.llc_miss.any_response,55361347,100.00,,
     0.901688731,4908890,,offcore_response.all_requests.llc_hit.any_response,56447159,100.00,,
     0.901688731,1122,,offcore_response.all_requests.llc_miss.any_response,56447159,100.00,,
     1.001891817,4944371,,offcore_response.all_requests.llc_hit.any_response,56388144,100.00,,
     1.001891817,1136,,offcore_response.all_requests.llc_miss.any_response,56411205,100.00,,
     1.102101725,4818218,,offcore_response.all_requests.llc_hit.any_response,54988618,100.00,,
     1.102101725,833,,offcore_response.all_requests.llc_miss.any_response,54988654,100.00,,
     1.202310360,4840653,,offcore_response.all_requests.llc_hit.any_response,55721123,100.00,,
     1.202310360,1165,,offcore_response.all_requests.llc_miss.any_response,55721160,100.00,,
     1.302521113,4841566,,offcore_response.all_requests.llc_hit.any_response,55853181,100.00,,
     1.302521113,1129,,offcore_response.all_requests.llc_miss.any_response,55830047,100.00,,
     1.402723304,4971271,,offcore_response.all_requests.llc_hit.any_response,57187588,100.00,,
     1.402723304,1126,,offcore_response.all_requests.llc_miss.any_response,57187588,100.00,,
     1.502920209,4739067,,offcore_response.all_requests.llc_hit.any_response,54175076,100.00,,
     1.502920209,1011,,offcore_response.all_requests.llc_miss.any_response,54175076,100.00,,
     1.603115824,4824897,,offcore_response.all_requests.llc_hit.any_response,54742294,100.00,,
     1.603115824,1101,,offcore_response.all_requests.llc_miss.any_response,54765328,100.00,,
     1.703315051,4818221,,offcore_response.all_requests.llc_hit.any_response,55784800,100.00,,
     1.703315051,940,,offcore_response.all_requests.llc_miss.any_response,55789308,100.00,,
     1.803521831,5004091,,offcore_response.all_requests.llc_hit.any_response,56679889,100.00,,
     1.803521831,998,,offcore_response.all_requests.llc_miss.any_response,56652347,100.00,,
     1.903727984,4854081,,offcore_response.all_requests.llc_hit.any_response,55187564,100.00,,
     1.903727984,877,,offcore_response.all_requests.llc_miss.any_response,55187564,100.00,,
     2.003923733,4893124,,offcore_response.all_requests.llc_hit.any_response,57188988,100.00,,
     2.003923733,1477,,offcore_response.all_requests.llc_miss.any_response,57219584,100.00,,
     2.104139668,4933095,,offcore_response.all_requests.llc_hit.any_response,55870715,100.00,,
     2.104139668,910,,offcore_response.all_requests.llc_miss.any_response,55855532,100.00,,
     2.204349636,4771357,,offcore_response.all_requests.llc_hit.any_response,55450813,100.00,,
     2.204349636,956,,offcore_response.all_requests.llc_miss.any_response,55466620,100.00,,
     2.304581836,4943822,,offcore_response.all_requests.llc_hit.any_response,56684659,100.00,,
     2.304581836,1034,,offcore_response.all_requests.llc_miss.any_response,56653439,100.00,,
     2.404776722,4827704,,offcore_response.all_requests.llc_hit.any_response,55164290,100.00,,
     2.404776722,950,,offcore_response.all_requests.llc_miss.any_response,55164290,100.00,,
     2.504984981,4795436,,offcore_response.all_requests.llc_hit.any_response,54657362,100.00,,
     2.504984981,1266,,offcore_response.all_requests.llc_miss.any_response,54682464,100.00,,
     2.605192467,5079529,,offcore_response.all_requests.llc_hit.any_response,56537295,100.00,,
     2.605192467,1602,,offcore_response.all_requests.llc_miss.any_response,56535139,100.00,,
     2.705391818,4745732,,offcore_response.all_requests.llc_hit.any_response,54537595,100.00,,
     2.705391818,1070,,offcore_response.all_requests.llc_miss.any_response,54519004,100.00,,
     2.805605100,4939208,,offcore_response.all_requests.llc_hit.any_response,57031354,100.00,,
     2.805605100,1064,,offcore_response.all_requests.llc_miss.any_response,57026999,100.00,,
     2.905802940,4961505,,offcore_response.all_requests.llc_hit.any_response,55033072,100.00,,
     2.905802940,1118,,offcore_response.all_requests.llc_miss.any_response,55033072,100.00,,
     3.006012802,4863556,,offcore_response.all_requests.llc_hit.any_response,54785587,100.00,,
     3.006012802,997,,offcore_response.all_requests.llc_miss.any_response,54802563,100.00,,
     3.106221507,4897891,,offcore_response.all_requests.llc_hit.any_response,56000349,100.00,,
     3.106221507,844,,offcore_response.all_requests.llc_miss.any_response,56006663,100.00,,
     3.206434141,4784031,,offcore_response.all_requests.llc_hit.any_response,54242071,100.00,,
     3.206434141,1032,,offcore_response.all_requests.llc_miss.any_response,54218781,100.00,,
     3.306631707,5061171,,offcore_response.all_requests.llc_hit.any_response,57335131,100.00,,
     3.306631707,1260,,offcore_response.all_requests.llc_miss.any_response,57358185,100.00,,
     3.406831391,4911865,,offcore_response.all_requests.llc_hit.any_response,55508067,100.00,,
     3.406831391,1021,,offcore_response.all_requests.llc_miss.any_response,55485013,100.00,,
     3.507031724,4752893,,offcore_response.all_requests.llc_hit.any_response,53064629,100.00,,
     3.507031724,849,,offcore_response.all_requests.llc_miss.any_response,53091818,100.00,,
     3.607235896,5075685,,offcore_response.all_requests.llc_hit.any_response,55691113,100.00,,
     3.607235896,1315,,offcore_response.all_requests.llc_miss.any_response,55682074,100.00,,
     3.707434108,4886967,,offcore_response.all_requests.llc_hit.any_response,55680641,100.00,,
     3.707434108,1212,,offcore_response.all_requests.llc_miss.any_response,55679691,100.00,,
     3.807646632,4799479,,offcore_response.all_requests.llc_hit.any_response,54159189,100.00,,
     3.807646632,1190,,offcore_response.all_requests.llc_miss.any_response,54165226,100.00,,
     3.907853035,4924098,,offcore_response.all_requests.llc_hit.any_response,56752197,100.00,,
     3.907853035,1374,,offcore_response.all_requests.llc_miss.any_response,56728960,100.00,,
     4.008055987,4927293,,offcore_response.all_requests.llc_hit.any_response,57043078,100.00,,
     4.008055987,1121,,offcore_response.all_requests.llc_miss.any_response,57066421,100.00,,
     4.108259257,4880040,,offcore_response.all_requests.llc_hit.any_response,55249059,100.00,,
     4.108259257,969,,offcore_response.all_requests.llc_miss.any_response,55225716,100.00,,
     4.208466812,4930167,,offcore_response.all_requests.llc_hit.any_response,55838089,100.00,,
     4.208466812,1110,,offcore_response.all_requests.llc_miss.any_response,55861220,100.00,,
     4.308672965,4857112,,offcore_response.all_requests.llc_hit.any_response,55120357,100.00,,
     4.308672965,924,,offcore_response.all_requests.llc_miss.any_response,55131039,100.00,,
     4.408886345,4942151,,offcore_response.all_requests.llc_hit.any_response,56398006,100.00,,
     4.408886345,1029,,offcore_response.all_requests.llc_miss.any_response,56387260,100.00,,
     4.509104312,4872272,,offcore_response.all_requests.llc_hit.any_response,55792795,100.00,,
     4.509104312,1010,,offcore_response.all_requests.llc_miss.any_response,55769728,100.00,,
     4.609313979,5003674,,offcore_response.all_requests.llc_hit.any_response,57569197,100.00,,
     4.609313979,974,,offcore_response.all_requests.llc_miss.any_response,57592317,100.00,,
     4.709525461,4945748,,offcore_response.all_requests.llc_hit.any_response,56067262,100.00,,
     4.709525461,824,,offcore_response.all_requests.llc_miss.any_response,56067254,100.00,,
     4.809725121,4819525,,offcore_response.all_requests.llc_hit.any_response,54904525,100.00,,
     4.809725121,1046,,offcore_response.all_requests.llc_miss.any_response,54881413,100.00,,
     4.909922875,4847328,,offcore_response.all_requests.llc_hit.any_response,54429782,100.00,,
     4.909922875,867,,offcore_response.all_requests.llc_miss.any_response,54448878,100.00,,
     5.010134894,5155976,,offcore_response.all_requests.llc_hit.any_response,56722628,100.00,,
     5.010134894,1059,,offcore_response.all_requests.llc_miss.any_response,56726732,100.00,,
     5.110334679,4851569,,offcore_response.all_requests.llc_hit.any_response,55245277,100.00,,
     5.110334679,1187,,offcore_response.all_requests.llc_miss.any_response,55245855,100.00,,
     5.210543127,4941088,,offcore_response.all_requests.llc_hit.any_response,56116346,100.00,,
     5.210543127,1276,,offcore_response.all_requests.llc_miss.any_response,56123202,100.00,,
     5.310750840,5041393,,offcore_response.all_requests.llc_hit.any_response,54581060,100.00,,
     5.310750840,839,,offcore_response.all_requests.llc_miss.any_response,54573478,100.00,,
     5.410958239,4909016,,offcore_response.all_requests.llc_hit.any_response,56454720,100.00,,
     5.410958239,971,,offcore_response.all_requests.llc_miss.any_response,56431668,100.00,,
     5.511155768,4826761,,offcore_response.all_requests.llc_hit.any_response,54391815,100.00,,
     5.511155768,1074,,offcore_response.all_requests.llc_miss.any_response,54414846,100.00,,
     5.611361414,4936601,,offcore_response.all_requests.llc_hit.any_response,55291191,100.00,,
     5.611361414,1206,,offcore_response.all_requests.llc_miss.any_response,55274004,100.00,,
     5.711569328,4902911,,offcore_response.all_requests.llc_hit.any_response,55708613,100.00,,
     5.711569328,1277,,offcore_response.all_requests.llc_miss.any_response,55702769,100.00,,
     5.811789426,4881889,,offcore_response.all_requests.llc_hit.any_response,54566565,100.00,,
     5.811789426,956,,offcore_response.all_requests.llc_miss.any_response,54566565,100.00,,
     5.911985903,4916742,,offcore_response.all_requests.llc_hit.any_response,56557376,100.00,,
     5.911985903,1099,,offcore_response.all_requests.llc_miss.any_response,56574165,100.00,,
     6.012193512,5046389,,offcore_response.all_requests.llc_hit.any_response,55116635,100.00,,
     6.012193512,1132,,offcore_response.all_requests.llc_miss.any_response,55128793,100.00,,
     6.112407126,4844401,,offcore_response.all_requests.llc_hit.any_response,55351998,100.00,,
     6.112407126,972,,offcore_response.all_requests.llc_miss.any_response,55346190,100.00,,
     6.212607715,5005247,,offcore_response.all_requests.llc_hit.any_response,55240117,100.00,,
     6.212607715,852,,offcore_response.all_requests.llc_miss.any_response,55240304,100.00,,
     6.312809258,4870910,,offcore_response.all_requests.llc_hit.any_response,54592714,100.00,,
     6.312809258,975,,offcore_response.all_requests.llc_miss.any_response,54578406,100.00,,
     6.413011669,4948924,,offcore_response.all_requests.llc_hit.any_response,55115827,100.00,,
     6.413011669,1044,,offcore_response.all_requests.llc_miss.any_response,55135149,100.00,,
     6.513218670,4971287,,offcore_response.all_requests.llc_hit.any_response,55945483,100.00,,
     6.513218670,1130,,offcore_response.all_requests.llc_miss.any_response,55917143,100.00,,
     6.613425086,4931060,,offcore_response.all_requests.llc_hit.any_response,56277873,100.00,,
     6.613425086,1074,,offcore_response.all_requests.llc_miss.any_response,56300910,100.00,,
     6.713660583,4842990,,offcore_response.all_requests.llc_hit.any_response,54925845,100.00,,
     6.713660583,1035,,offcore_response.all_requests.llc_miss.any_response,54902808,100.00,,
     6.813859704,4917928,,offcore_response.all_requests.llc_hit.any_response,55074838,100.00,,
     6.813859704,1260,,offcore_response.all_requests.llc_miss.any_response,55074838,100.00,,
     6.914060197,4946803,,offcore_response.all_requests.llc_hit.any_response,56627413,100.00,,
     6.914060197,1145,,offcore_response.all_requests.llc_miss.any_response,56627413,100.00,,
     7.014257676,4829657,,offcore_response.all_requests.llc_hit.any_response,56365489,100.00,,
     7.014257676,1026,,offcore_response.all_requests.llc_miss.any_response,56397197,100.00,,
     7.114468379,4971294,,offcore_response.all_requests.llc_hit.any_response,55192592,100.00,,
     7.114468379,1075,,offcore_response.all_requests.llc_miss.any_response,55186951,100.00,,
     7.214680976,4983341,,offcore_response.all_requests.llc_hit.any_response,57003241,100.00,,
     7.214680976,1365,,offcore_response.all_requests.llc_miss.any_response,56977174,100.00,,
     7.314881096,4852328,,offcore_response.all_requests.llc_hit.any_response,56258050,100.00,,
     7.314881096,1101,,offcore_response.all_requests.llc_miss.any_response,56258050,100.00,,
     7.415079069,4904462,,offcore_response.all_requests.llc_hit.any_response,56541436,100.00,,
     7.415079069,1192,,offcore_response.all_requests.llc_miss.any_response,56569281,100.00,,
     7.515301369,4756730,,offcore_response.all_requests.llc_hit.any_response,54270809,100.00,,
     7.515301369,1005,,offcore_response.all_requests.llc_miss.any_response,54266159,100.00,,
     7.615506784,4943535,,offcore_response.all_requests.llc_hit.any_response,57038477,100.00,,
     7.615506784,1418,,offcore_response.all_requests.llc_miss.any_response,57048101,100.00,,
     7.715717985,4998726,,offcore_response.all_requests.llc_hit.any_response,57283247,100.00,,
     7.715717985,1341,,offcore_response.all_requests.llc_miss.any_response,57273277,100.00,,
     7.815924953,4965835,,offcore_response.all_requests.llc_hit.any_response,56149158,100.00,,
     7.815924953,1096,,offcore_response.all_requests.llc_miss.any_response,56149196,100.00,,
     7.916130280,5083440,,offcore_response.all_requests.llc_hit.any_response,56163847,100.00,,
     7.916130280,1018,,offcore_response.all_requests.llc_miss.any_response,56140960,100.00,,
     8.016328925,4817282,,offcore_response.all_requests.llc_hit.any_response,56070694,100.00,,
     8.016328925,1068,,offcore_response.all_requests.llc_miss.any_response,56070694,100.00,,
     8.116528212,4982531,,offcore_response.all_requests.llc_hit.any_response,55766108,100.00,,
     8.116528212,1030,,offcore_response.all_requests.llc_miss.any_response,55766108,100.00,,
     8.216746684,4991117,,offcore_response.all_requests.llc_hit.any_response,56520865,100.00,,
     8.216746684,1157,,offcore_response.all_requests.llc_miss.any_response,56551093,100.00,,
     8.316960912,4860348,,offcore_response.all_requests.llc_hit.any_response,55448112,100.00,,
     8.316960912,1194,,offcore_response.all_requests.llc_miss.any_response,55440898,100.00,,
     8.417169433,4774872,,offcore_response.all_requests.llc_hit.any_response,55703261,100.00,,
     8.417169433,887,,offcore_response.all_requests.llc_miss.any_response,55680247,100.00,,
     8.517391078,4901380,,offcore_response.all_requests.llc_hit.any_response,55448540,100.00,,
     8.517391078,1066,,offcore_response.all_requests.llc_miss.any_response,55453469,100.00,,
     8.617596917,4878248,,offcore_response.all_requests.llc_hit.any_response,55856661,100.00,,
     8.617596917,955,,offcore_response.all_requests.llc_miss.any_response,55875000,100.00,,
     8.717798269,5078484,,offcore_response.all_requests.llc_hit.any_response,57163428,100.00,,
     8.717798269,996,,offcore_response.all_requests.llc_miss.any_response,57140160,100.00,,
     8.817995263,4838735,,offcore_response.all_requests.llc_hit.any_response,54432863,100.00,,
     8.817995263,1012,,offcore_response.all_requests.llc_miss.any_response,54456028,100.00,,
     8.918212746,4962128,,offcore_response.all_requests.llc_hit.any_response,56002044,100.00,,
     8.918212746,1152,,offcore_response.all_requests.llc_miss.any_response,56002542,100.00,,
     9.018411949,4894701,,offcore_response.all_requests.llc_hit.any_response,55638975,100.00,,
     9.018411949,893,,offcore_response.all_requests.llc_miss.any_response,55615312,100.00,,
     9.118610110,4937122,,offcore_response.all_requests.llc_hit.any_response,56585171,100.00,,
     9.118610110,1094,,offcore_response.all_requests.llc_miss.any_response,56600963,100.00,,
     9.218816707,5018948,,offcore_response.all_requests.llc_hit.any_response,56711875,100.00,,
     9.218816707,862,,offcore_response.all_requests.llc_miss.any_response,56719305,100.00,,
     9.319025373,4913645,,offcore_response.all_requests.llc_hit.any_response,55603850,100.00,,
     9.319025373,958,,offcore_response.all_requests.llc_miss.any_response,55603626,100.00,,
     9.419228320,4989519,,offcore_response.all_requests.llc_hit.any_response,55901474,100.00,,
     9.419228320,1225,,offcore_response.all_requests.llc_miss.any_response,55903890,100.00,,
     9.519434687,4869432,,offcore_response.all_requests.llc_hit.any_response,54935233,100.00,,
     9.519434687,887,,offcore_response.all_requests.llc_miss.any_response,54909819,100.00,,
     9.619632086,5030481,,offcore_response.all_requests.llc_hit.any_response,54740368,100.00,,
     9.619632086,896,,offcore_response.all_requests.llc_miss.any_response,54740368,100.00,,
     9.719846101,4918152,,offcore_response.all_requests.llc_hit.any_response,55867755,100.00,,
     9.719846101,1380,,offcore_response.all_requests.llc_miss.any_response,55890821,100.00,,
     9.820054639,4933697,,offcore_response.all_requests.llc_hit.any_response,56965687,100.00,,
     9.820054639,962,,offcore_response.all_requests.llc_miss.any_response,56965972,100.00,,
     9.920264132,4888490,,offcore_response.all_requests.llc_hit.any_response,55750597,100.00,,
     9.920264132,963,,offcore_response.all_requests.llc_miss.any_response,55727246,100.00,,
    10.020466673,4839375,,offcore_response.all_requests.llc_hit.any_response,55445789,100.00,,
    10.020466673,897,,offcore_response.all_requests.llc_miss.any_response,55445789,100.00,,
    10.120671028,4892568,,offcore_response.all_requests.llc_hit.any_response,55629143,100.00,,
    10.120671028,941,,offcore_response.all_requests.llc_miss.any_response,55652114,100.00,,
    10.220885066,5049544,,offcore_response.all_requests.llc_hit.any_response,56537346,100.00,,
    10.220885066,1021,,offcore_response.all_requests.llc_miss.any_response,56537600,100.00,,
    10.321099508,4856883,,offcore_response.all_requests.llc_hit.any_response,54975895,100.00,,
    10.321099508,1034,,offcore_response.all_requests.llc_miss.any_response,54952670,100.00,,
    10.421304872,4966808,,offcore_response.all_requests.llc_hit.any_response,56625638,100.00,,
    10.421304872,1168,,offcore_response.all_requests.llc_miss.any_response,56648810,100.00,,
    10.521515542,4924667,,offcore_response.all_requests.llc_hit.any_response,55431285,100.00,,
    10.521515542,1006,,offcore_response.all_requests.llc_miss.any_response,55428594,100.00,,
    10.621730856,4948883,,offcore_response.all_requests.llc_hit.any_response,56249064,100.00,,
    10.621730856,1010,,offcore_response.all_requests.llc_miss.any_response,56251759,100.00,,
    10.721944770,4945868,,offcore_response.all_requests.llc_hit.any_response,55724279,100.00,,
    10.721944770,933,,offcore_response.all_requests.llc_miss.any_response,55723918,100.00,,
    10.822153351,4901930,,offcore_response.all_requests.llc_hit.any_response,56152230,100.00,,
    10.822153351,1089,,offcore_response.all_requests.llc_miss.any_response,56129415,100.00,,
    10.922351225,4881962,,offcore_response.all_requests.llc_hit.any_response,55678887,100.00,,
    10.922351225,884,,offcore_response.all_requests.llc_miss.any_response,55678887,100.00,,
    11.022567344,4768316,,offcore_response.all_requests.llc_hit.any_response,55111445,100.00,,
    11.022567344,1177,,offcore_response.all_requests.llc_miss.any_response,55111445,100.00,,
