# started on Mon May  1 19:47:21 2023

     0.100194403,3011324,,offcore_response.all_requests.llc_hit.any_response,42293181,100.00,,
     0.100194403,37707,,offcore_response.all_requests.llc_miss.any_response,42278515,100.00,,
     0.200369706,3005649,,offcore_response.all_requests.llc_hit.any_response,40878858,100.00,,
     0.200369706,37791,,offcore_response.all_requests.llc_miss.any_response,40863850,100.00,,
     0.300533096,3025375,,offcore_response.all_requests.llc_hit.any_response,41986519,100.00,,
     0.300533096,38134,,offcore_response.all_requests.llc_miss.any_response,41986519,100.00,,
     0.400719366,3067305,,offcore_response.all_requests.llc_hit.any_response,42577533,100.00,,
     0.400719366,38275,,offcore_response.all_requests.llc_miss.any_response,42577533,100.00,,
     0.500907714,2962352,,offcore_response.all_requests.llc_hit.any_response,40417177,100.00,,
     0.500907714,37373,,offcore_response.all_requests.llc_miss.any_response,40438567,100.00,,
     0.601104339,2992158,,offcore_response.all_requests.llc_hit.any_response,41556241,100.00,,
     0.601104339,38176,,offcore_response.all_requests.llc_miss.any_response,41534851,100.00,,
     0.701291194,2995504,,offcore_response.all_requests.llc_hit.any_response,40983353,100.00,,
     0.701291194,38021,,offcore_response.all_requests.llc_miss.any_response,40983353,100.00,,
     0.801478297,3025781,,offcore_response.all_requests.llc_hit.any_response,42030190,100.00,,
     0.801478297,38261,,offcore_response.all_requests.llc_miss.any_response,42052485,100.00,,
     0.901674205,3065970,,offcore_response.all_requests.llc_hit.any_response,41410354,100.00,,
     0.901674205,37978,,offcore_response.all_requests.llc_miss.any_response,41388059,100.00,,
     1.001860165,2943871,,offcore_response.all_requests.llc_hit.any_response,40178306,100.00,,
     1.001860165,37438,,offcore_response.all_requests.llc_miss.any_response,40178306,100.00,,
     1.102047983,3044498,,offcore_response.all_requests.llc_hit.any_response,42280065,100.00,,
     1.102047983,38170,,offcore_response.all_requests.llc_miss.any_response,42280065,100.00,,
     1.202233664,3018498,,offcore_response.all_requests.llc_hit.any_response,40879248,100.00,,
     1.202233664,37899,,offcore_response.all_requests.llc_miss.any_response,40879248,100.00,,
     1.302422381,3032155,,offcore_response.all_requests.llc_hit.any_response,41184673,100.00,,
     1.302422381,37760,,offcore_response.all_requests.llc_miss.any_response,41184673,100.00,,
     1.402608230,3047024,,offcore_response.all_requests.llc_hit.any_response,42166408,100.00,,
     1.402608230,37844,,offcore_response.all_requests.llc_miss.any_response,42166408,100.00,,
     1.502797618,3024284,,offcore_response.all_requests.llc_hit.any_response,42523278,100.00,,
     1.502797618,38051,,offcore_response.all_requests.llc_miss.any_response,42523278,100.00,,
     1.602985955,2989929,,offcore_response.all_requests.llc_hit.any_response,41769057,100.00,,
     1.602985955,37692,,offcore_response.all_requests.llc_miss.any_response,41769057,100.00,,
     1.703175413,3048517,,offcore_response.all_requests.llc_hit.any_response,40532737,100.00,,
     1.703175413,37807,,offcore_response.all_requests.llc_miss.any_response,40554036,100.00,,
     1.803373498,3043598,,offcore_response.all_requests.llc_hit.any_response,42407484,100.00,,
     1.803373498,37835,,offcore_response.all_requests.llc_miss.any_response,42408272,100.00,,
     1.903572862,3018681,,offcore_response.all_requests.llc_hit.any_response,42048627,100.00,,
     1.903572862,38275,,offcore_response.all_requests.llc_miss.any_response,42026540,100.00,,
     2.003759998,2999418,,offcore_response.all_requests.llc_hit.any_response,41030578,100.00,,
     2.003759998,37185,,offcore_response.all_requests.llc_miss.any_response,41030578,100.00,,
     2.103949095,3015412,,offcore_response.all_requests.llc_hit.any_response,40625196,100.00,,
     2.103949095,38358,,offcore_response.all_requests.llc_miss.any_response,40625196,100.00,,
     2.204136530,2995448,,offcore_response.all_requests.llc_hit.any_response,40908730,100.00,,
     2.204136530,37331,,offcore_response.all_requests.llc_miss.any_response,40931057,100.00,,
     2.304351848,3020399,,offcore_response.all_requests.llc_hit.any_response,41509391,100.00,,
     2.304351848,38062,,offcore_response.all_requests.llc_miss.any_response,41487064,100.00,,
     2.404537858,3018690,,offcore_response.all_requests.llc_hit.any_response,41346249,100.00,,
     2.404537858,37594,,offcore_response.all_requests.llc_miss.any_response,41358870,100.00,,
     2.504731685,3010416,,offcore_response.all_requests.llc_hit.any_response,41547090,100.00,,
     2.504731685,37746,,offcore_response.all_requests.llc_miss.any_response,41534469,100.00,,
     2.604919116,3040993,,offcore_response.all_requests.llc_hit.any_response,41607271,100.00,,
     2.604919116,38105,,offcore_response.all_requests.llc_miss.any_response,41629174,100.00,,
     2.705113377,3002685,,offcore_response.all_requests.llc_hit.any_response,40363097,100.00,,
     2.705113377,37936,,offcore_response.all_requests.llc_miss.any_response,40362973,100.00,,
     2.805310460,2974775,,offcore_response.all_requests.llc_hit.any_response,40292675,100.00,,
     2.805310460,37518,,offcore_response.all_requests.llc_miss.any_response,40292709,100.00,,
     2.905505470,3041889,,offcore_response.all_requests.llc_hit.any_response,40255372,100.00,,
     2.905505470,37755,,offcore_response.all_requests.llc_miss.any_response,40254849,100.00,,
     3.005699896,3038882,,offcore_response.all_requests.llc_hit.any_response,41599920,100.00,,
     3.005699896,38139,,offcore_response.all_requests.llc_miss.any_response,41595425,100.00,,
     3.105894702,3042653,,offcore_response.all_requests.llc_hit.any_response,40620907,100.00,,
     3.105894702,37951,,offcore_response.all_requests.llc_miss.any_response,40625266,100.00,,
     3.206091735,3008461,,offcore_response.all_requests.llc_hit.any_response,41653335,100.00,,
     3.206091735,37735,,offcore_response.all_requests.llc_miss.any_response,41653976,100.00,,
     3.306285302,3011487,,offcore_response.all_requests.llc_hit.any_response,41907815,100.00,,
     3.306285302,37548,,offcore_response.all_requests.llc_miss.any_response,41907142,100.00,,
     3.406477960,3001963,,offcore_response.all_requests.llc_hit.any_response,41983863,100.00,,
     3.406477960,37784,,offcore_response.all_requests.llc_miss.any_response,41984315,100.00,,
     3.506671580,3022588,,offcore_response.all_requests.llc_hit.any_response,41845311,100.00,,
     3.506671580,38367,,offcore_response.all_requests.llc_miss.any_response,41823737,100.00,,
     3.606858148,3053223,,offcore_response.all_requests.llc_hit.any_response,43129464,100.00,,
     3.606858148,38011,,offcore_response.all_requests.llc_miss.any_response,43151088,100.00,,
     3.707053326,3025359,,offcore_response.all_requests.llc_hit.any_response,41812679,100.00,,
     3.707053326,38056,,offcore_response.all_requests.llc_miss.any_response,41791055,100.00,,
     3.807246739,3011661,,offcore_response.all_requests.llc_hit.any_response,42072926,100.00,,
     3.807246739,37798,,offcore_response.all_requests.llc_miss.any_response,42072926,100.00,,
     3.907433374,3027706,,offcore_response.all_requests.llc_hit.any_response,41335322,100.00,,
     3.907433374,38259,,offcore_response.all_requests.llc_miss.any_response,41357019,100.00,,
     4.007627526,2981935,,offcore_response.all_requests.llc_hit.any_response,42289286,100.00,,
     4.007627526,37432,,offcore_response.all_requests.llc_miss.any_response,42267589,100.00,,
     4.107814675,3039771,,offcore_response.all_requests.llc_hit.any_response,40294129,100.00,,
     4.107814675,38392,,offcore_response.all_requests.llc_miss.any_response,40294129,100.00,,
     4.208005345,2985741,,offcore_response.all_requests.llc_hit.any_response,42429585,100.00,,
     4.208005345,37135,,offcore_response.all_requests.llc_miss.any_response,42442037,100.00,,
     4.308203624,3011012,,offcore_response.all_requests.llc_hit.any_response,41527296,100.00,,
     4.308203624,37924,,offcore_response.all_requests.llc_miss.any_response,41514844,100.00,,
     4.408393438,3049924,,offcore_response.all_requests.llc_hit.any_response,40144974,100.00,,
     4.408393438,38217,,offcore_response.all_requests.llc_miss.any_response,40144974,100.00,,
     4.508599702,3035844,,offcore_response.all_requests.llc_hit.any_response,41235690,100.00,,
     4.508599702,38437,,offcore_response.all_requests.llc_miss.any_response,41246295,100.00,,
     4.608791829,2988658,,offcore_response.all_requests.llc_hit.any_response,41784629,100.00,,
     4.608791829,37690,,offcore_response.all_requests.llc_miss.any_response,41795719,100.00,,
     4.708987457,3066040,,offcore_response.all_requests.llc_hit.any_response,42633695,100.00,,
     4.708987457,38320,,offcore_response.all_requests.llc_miss.any_response,42633622,100.00,,
     4.809180213,2993822,,offcore_response.all_requests.llc_hit.any_response,41560200,100.00,,
     4.809180213,37973,,offcore_response.all_requests.llc_miss.any_response,41560418,100.00,,
     4.909379734,3018923,,offcore_response.all_requests.llc_hit.any_response,42042289,100.00,,
     4.909379734,37696,,offcore_response.all_requests.llc_miss.any_response,42041422,100.00,,
     5.009577067,3003720,,offcore_response.all_requests.llc_hit.any_response,41064881,100.00,,
     5.009577067,37969,,offcore_response.all_requests.llc_miss.any_response,41043908,100.00,,
     5.109764195,2973340,,offcore_response.all_requests.llc_hit.any_response,41433872,100.00,,
     5.109764195,38468,,offcore_response.all_requests.llc_miss.any_response,41440543,100.00,,
     5.209951888,2962330,,offcore_response.all_requests.llc_hit.any_response,39389804,100.00,,
     5.209951888,37508,,offcore_response.all_requests.llc_miss.any_response,39404559,100.00,,
     5.310146723,3012111,,offcore_response.all_requests.llc_hit.any_response,41956992,100.00,,
     5.310146723,38194,,offcore_response.all_requests.llc_miss.any_response,41935566,100.00,,
     5.410333587,3028998,,offcore_response.all_requests.llc_hit.any_response,42109943,100.00,,
     5.410333587,37817,,offcore_response.all_requests.llc_miss.any_response,42109943,100.00,,
     5.510520940,3027805,,offcore_response.all_requests.llc_hit.any_response,41969199,100.00,,
     5.510520940,37930,,offcore_response.all_requests.llc_miss.any_response,41969199,100.00,,
     5.610708761,3038753,,offcore_response.all_requests.llc_hit.any_response,42204815,100.00,,
     5.610708761,38037,,offcore_response.all_requests.llc_miss.any_response,42226208,100.00,,
     5.710903374,3003348,,offcore_response.all_requests.llc_hit.any_response,42054859,100.00,,
     5.710903374,37758,,offcore_response.all_requests.llc_miss.any_response,42033466,100.00,,
     5.811092096,3016496,,offcore_response.all_requests.llc_hit.any_response,41486106,100.00,,
     5.811092096,37826,,offcore_response.all_requests.llc_miss.any_response,41508057,100.00,,
     5.911286987,2997766,,offcore_response.all_requests.llc_hit.any_response,41233955,100.00,,
     5.911286987,37824,,offcore_response.all_requests.llc_miss.any_response,41212004,100.00,,
     6.011490303,3047481,,offcore_response.all_requests.llc_hit.any_response,42280491,100.00,,
     6.011490303,38443,,offcore_response.all_requests.llc_miss.any_response,42280491,100.00,,
     6.111678775,2999104,,offcore_response.all_requests.llc_hit.any_response,41719799,100.00,,
     6.111678775,37239,,offcore_response.all_requests.llc_miss.any_response,41740786,100.00,,
     6.211870862,3001318,,offcore_response.all_requests.llc_hit.any_response,41088119,100.00,,
     6.211870862,37473,,offcore_response.all_requests.llc_miss.any_response,41067132,100.00,,
     6.312060269,3052533,,offcore_response.all_requests.llc_hit.any_response,42309212,100.00,,
     6.312060269,38495,,offcore_response.all_requests.llc_miss.any_response,42309212,100.00,,
     6.412248331,2981234,,offcore_response.all_requests.llc_hit.any_response,40209755,100.00,,
     6.412248331,37600,,offcore_response.all_requests.llc_miss.any_response,40209755,100.00,,
     6.512438129,3033746,,offcore_response.all_requests.llc_hit.any_response,41774148,100.00,,
     6.512438129,38292,,offcore_response.all_requests.llc_miss.any_response,41774148,100.00,,
     6.612650748,3011838,,offcore_response.all_requests.llc_hit.any_response,40993211,100.00,,
     6.612650748,37844,,offcore_response.all_requests.llc_miss.any_response,40993211,100.00,,
     6.712838935,3022922,,offcore_response.all_requests.llc_hit.any_response,41843180,100.00,,
     6.712838935,37826,,offcore_response.all_requests.llc_miss.any_response,41843180,100.00,,
     6.813027965,2989150,,offcore_response.all_requests.llc_hit.any_response,41879401,100.00,,
     6.813027965,37915,,offcore_response.all_requests.llc_miss.any_response,41879401,100.00,,
     6.913218833,3043507,,offcore_response.all_requests.llc_hit.any_response,41899972,100.00,,
     6.913218833,38303,,offcore_response.all_requests.llc_miss.any_response,41899972,100.00,,
     7.013407061,3037989,,offcore_response.all_requests.llc_hit.any_response,42190514,100.00,,
     7.013407061,37835,,offcore_response.all_requests.llc_miss.any_response,42190514,100.00,,
     7.113595282,3026929,,offcore_response.all_requests.llc_hit.any_response,40681525,100.00,,
     7.113595282,38012,,offcore_response.all_requests.llc_miss.any_response,40702596,100.00,,
     7.213787514,2959280,,offcore_response.all_requests.llc_hit.any_response,40962737,100.00,,
     7.213787514,37986,,offcore_response.all_requests.llc_miss.any_response,40941666,100.00,,
     7.313975023,2941156,,offcore_response.all_requests.llc_hit.any_response,40831204,100.00,,
     7.313975023,37524,,offcore_response.all_requests.llc_miss.any_response,40831204,100.00,,
     7.414160745,3055237,,offcore_response.all_requests.llc_hit.any_response,42155628,100.00,,
     7.414160745,38414,,offcore_response.all_requests.llc_miss.any_response,42178687,100.00,,
     7.514356374,2992168,,offcore_response.all_requests.llc_hit.any_response,40992397,100.00,,
     7.514356374,37822,,offcore_response.all_requests.llc_miss.any_response,40969338,100.00,,
     7.614543520,3013663,,offcore_response.all_requests.llc_hit.any_response,41563413,100.00,,
     7.614543520,37722,,offcore_response.all_requests.llc_miss.any_response,41563413,100.00,,
     7.714732148,3039757,,offcore_response.all_requests.llc_hit.any_response,40348702,100.00,,
     7.714732148,37847,,offcore_response.all_requests.llc_miss.any_response,40348702,100.00,,
     7.814920123,3022887,,offcore_response.all_requests.llc_hit.any_response,42602995,100.00,,
     7.814920123,38146,,offcore_response.all_requests.llc_miss.any_response,42624657,100.00,,
     7.915116316,3014515,,offcore_response.all_requests.llc_hit.any_response,40610162,100.00,,
     7.915116316,37545,,offcore_response.all_requests.llc_miss.any_response,40588500,100.00,,
     8.015309846,3032874,,offcore_response.all_requests.llc_hit.any_response,42306485,100.00,,
     8.015309846,37988,,offcore_response.all_requests.llc_miss.any_response,42306485,100.00,,
     8.115524295,3016108,,offcore_response.all_requests.llc_hit.any_response,42790115,100.00,,
     8.115524295,37534,,offcore_response.all_requests.llc_miss.any_response,42790115,100.00,,
     8.215712040,3026325,,offcore_response.all_requests.llc_hit.any_response,41349176,100.00,,
     8.215712040,37893,,offcore_response.all_requests.llc_miss.any_response,41349176,100.00,,
     8.315900801,2973274,,offcore_response.all_requests.llc_hit.any_response,41750949,100.00,,
     8.315900801,37349,,offcore_response.all_requests.llc_miss.any_response,41750949,100.00,,
     8.416087139,3059058,,offcore_response.all_requests.llc_hit.any_response,41743429,100.00,,
     8.416087139,38058,,offcore_response.all_requests.llc_miss.any_response,41765127,100.00,,
     8.516283058,3041309,,offcore_response.all_requests.llc_hit.any_response,41243781,100.00,,
     8.516283058,37748,,offcore_response.all_requests.llc_miss.any_response,41222083,100.00,,
     8.616470434,3025773,,offcore_response.all_requests.llc_hit.any_response,40806402,100.00,,
     8.616470434,38124,,offcore_response.all_requests.llc_miss.any_response,40827820,100.00,,
     8.716664205,2980493,,offcore_response.all_requests.llc_hit.any_response,41374113,100.00,,
     8.716664205,37279,,offcore_response.all_requests.llc_miss.any_response,41352695,100.00,,
     8.816869175,2958958,,offcore_response.all_requests.llc_hit.any_response,40781674,100.00,,
     8.816869175,37680,,offcore_response.all_requests.llc_miss.any_response,40781674,100.00,,
     8.917058546,3026823,,offcore_response.all_requests.llc_hit.any_response,41720005,100.00,,
     8.917058546,38009,,offcore_response.all_requests.llc_miss.any_response,41720005,100.00,,
     9.017246129,3036153,,offcore_response.all_requests.llc_hit.any_response,42356483,100.00,,
     9.017246129,38103,,offcore_response.all_requests.llc_miss.any_response,42356483,100.00,,
     9.117433299,3018360,,offcore_response.all_requests.llc_hit.any_response,42287639,100.00,,
     9.117433299,37819,,offcore_response.all_requests.llc_miss.any_response,42308359,100.00,,
     9.217626231,2966891,,offcore_response.all_requests.llc_hit.any_response,41393551,100.00,,
     9.217626231,37341,,offcore_response.all_requests.llc_miss.any_response,41372831,100.00,,
     9.317813998,3003958,,offcore_response.all_requests.llc_hit.any_response,41507802,100.00,,
     9.317813998,38144,,offcore_response.all_requests.llc_miss.any_response,41519168,100.00,,
     9.418007262,3095235,,offcore_response.all_requests.llc_hit.any_response,42698621,100.00,,
     9.418007262,38220,,offcore_response.all_requests.llc_miss.any_response,42687255,100.00,,
     9.518196925,3019992,,offcore_response.all_requests.llc_hit.any_response,41822329,100.00,,
     9.518196925,37545,,offcore_response.all_requests.llc_miss.any_response,41822329,100.00,,
     9.618384175,3030802,,offcore_response.all_requests.llc_hit.any_response,42236830,100.00,,
     9.618384175,37912,,offcore_response.all_requests.llc_miss.any_response,42236830,100.00,,
     9.718573275,3016718,,offcore_response.all_requests.llc_hit.any_response,42306349,100.00,,
     9.718573275,37546,,offcore_response.all_requests.llc_miss.any_response,42306349,100.00,,
     9.818759893,3018887,,offcore_response.all_requests.llc_hit.any_response,41360025,100.00,,
     9.818759893,37917,,offcore_response.all_requests.llc_miss.any_response,41360025,100.00,,
     9.918948822,3028129,,offcore_response.all_requests.llc_hit.any_response,41338839,100.00,,
     9.918948822,37777,,offcore_response.all_requests.llc_miss.any_response,41338839,100.00,,
    10.019140572,3029782,,offcore_response.all_requests.llc_hit.any_response,42339664,100.00,,
    10.019140572,38024,,offcore_response.all_requests.llc_miss.any_response,42339664,100.00,,
    10.119333140,3013389,,offcore_response.all_requests.llc_hit.any_response,41721413,100.00,,
    10.119333140,37552,,offcore_response.all_requests.llc_miss.any_response,41742327,100.00,,
    10.219543864,3008321,,offcore_response.all_requests.llc_hit.any_response,41651741,100.00,,
    10.219543864,38254,,offcore_response.all_requests.llc_miss.any_response,41652565,100.00,,
    10.319739313,2995450,,offcore_response.all_requests.llc_hit.any_response,40874384,100.00,,
    10.319739313,37438,,offcore_response.all_requests.llc_miss.any_response,40865596,100.00,,
    10.419929154,3024317,,offcore_response.all_requests.llc_hit.any_response,41890465,100.00,,
    10.419929154,38061,,offcore_response.all_requests.llc_miss.any_response,41899207,100.00,,
    10.520125247,2989557,,offcore_response.all_requests.llc_hit.any_response,40939053,100.00,,
    10.520125247,37638,,offcore_response.all_requests.llc_miss.any_response,40917361,100.00,,
    10.620312480,3001040,,offcore_response.all_requests.llc_hit.any_response,41374873,100.00,,
    10.620312480,37817,,offcore_response.all_requests.llc_miss.any_response,41374873,100.00,,
    10.720502171,3008819,,offcore_response.all_requests.llc_hit.any_response,42659703,100.00,,
    10.720502171,38386,,offcore_response.all_requests.llc_miss.any_response,42675765,100.00,,
    10.820693894,3009338,,offcore_response.all_requests.llc_hit.any_response,42011268,100.00,,
    10.820693894,37790,,offcore_response.all_requests.llc_miss.any_response,41995206,100.00,,
    10.920880424,3022418,,offcore_response.all_requests.llc_hit.any_response,41442706,100.00,,
    10.920880424,37977,,offcore_response.all_requests.llc_miss.any_response,41442706,100.00,,
    11.021087403,3005616,,offcore_response.all_requests.llc_hit.any_response,40250971,100.00,,
    11.021087403,37427,,offcore_response.all_requests.llc_miss.any_response,40272724,100.00,,
