# started on Mon May  1 19:45:21 2023

     0.100153765,29287204,,inst_retired.any,41808803,100.00,119.4,IpMispredict
     0.100153765,245273,,br_misp_retired.all_branches,41808803,100.00,,
     0.200413791,29344947,,inst_retired.any,40756072,100.00,125.1,IpMispredict
     0.200413791,223864,,br_misp_retired.all_branches,40756072,100.00,,
     0.300603018,29673282,,inst_retired.any,41685541,100.00,125.1,IpMispredict
     0.300603018,242309,,br_misp_retired.all_branches,41685541,100.00,,
     0.400788153,29292067,,inst_retired.any,40965726,100.00,125.0,IpMispredict
     0.400788153,225877,,br_misp_retired.all_branches,40965726,100.00,,
     0.500979542,29290891,,inst_retired.any,41292692,100.00,125.6,IpMispredict
     0.500979542,229097,,br_misp_retired.all_branches,41292692,100.00,,
     0.601166047,29517835,,inst_retired.any,41240373,100.00,126.8,IpMispredict
     0.601166047,230119,,br_misp_retired.all_branches,41240373,100.00,,
     0.701353664,29720666,,inst_retired.any,42422487,100.00,126.8,IpMispredict
     0.701353664,244480,,br_misp_retired.all_branches,42422487,100.00,,
     0.801539617,29531610,,inst_retired.any,41946789,100.00,125.8,IpMispredict
     0.801539617,236420,,br_misp_retired.all_branches,41946789,100.00,,
     0.901728976,29163945,,inst_retired.any,40648024,100.00,125.0,IpMispredict
     0.901728976,221661,,br_misp_retired.all_branches,40648024,100.00,,
     1.001917886,29559577,,inst_retired.any,41216030,100.00,127.5,IpMispredict
     1.001917886,219000,,br_misp_retired.all_branches,41216030,100.00,,
     1.102109049,29496178,,inst_retired.any,41087897,100.00,127.3,IpMispredict
     1.102109049,230393,,br_misp_retired.all_branches,41087897,100.00,,
     1.202294638,29292564,,inst_retired.any,42156177,100.00,125.2,IpMispredict
     1.202294638,258177,,br_misp_retired.all_branches,42156177,100.00,,
     1.302481453,29320879,,inst_retired.any,41890106,100.00,124.9,IpMispredict
     1.302481453,246252,,br_misp_retired.all_branches,41890106,100.00,,
     1.402670778,29747570,,inst_retired.any,41736946,100.00,126.6,IpMispredict
     1.402670778,237341,,br_misp_retired.all_branches,41736946,100.00,,
     1.502857586,29178088,,inst_retired.any,41040200,100.00,124.6,IpMispredict
     1.502857586,222090,,br_misp_retired.all_branches,41040200,100.00,,
     1.603047887,29447869,,inst_retired.any,41728086,100.00,125.9,IpMispredict
     1.603047887,231107,,br_misp_retired.all_branches,41728086,100.00,,
     1.703239497,29580043,,inst_retired.any,41698122,100.00,126.1,IpMispredict
     1.703239497,245835,,br_misp_retired.all_branches,41698122,100.00,,
     1.803428434,29430330,,inst_retired.any,41522737,100.00,125.3,IpMispredict
     1.803428434,239349,,br_misp_retired.all_branches,41522737,100.00,,
     1.903619428,29433407,,inst_retired.any,40850027,100.00,125.6,IpMispredict
     1.903619428,224005,,br_misp_retired.all_branches,40850027,100.00,,
     2.003808743,29583085,,inst_retired.any,42078762,100.00,126.4,IpMispredict
     2.003808743,230029,,br_misp_retired.all_branches,42078762,100.00,,
     2.103996374,29071519,,inst_retired.any,41521885,100.00,124.1,IpMispredict
     2.103996374,238613,,br_misp_retired.all_branches,41521885,100.00,,
     2.204186528,29748835,,inst_retired.any,42141618,100.00,126.4,IpMispredict
     2.204186528,255590,,br_misp_retired.all_branches,42141618,100.00,,
     2.304374843,29369831,,inst_retired.any,42167177,100.00,124.3,IpMispredict
     2.304374843,255775,,br_misp_retired.all_branches,42167177,100.00,,
     2.404568324,29230568,,inst_retired.any,40942316,100.00,123.7,IpMispredict
     2.404568324,237787,,br_misp_retired.all_branches,40942316,100.00,,
     2.504754882,29536388,,inst_retired.any,41670816,100.00,124.8,IpMispredict
     2.504754882,246981,,br_misp_retired.all_branches,41670816,100.00,,
     2.604939994,29279953,,inst_retired.any,40930276,100.00,123.8,IpMispredict
     2.604939994,231562,,br_misp_retired.all_branches,40930276,100.00,,
     2.705128754,29399521,,inst_retired.any,40385516,100.00,124.2,IpMispredict
     2.705128754,242138,,br_misp_retired.all_branches,40385516,100.00,,
     2.805335111,29395423,,inst_retired.any,41182279,100.00,124.4,IpMispredict
     2.805335111,226325,,br_misp_retired.all_branches,41182279,100.00,,
     2.905520496,29505364,,inst_retired.any,41866678,100.00,124.9,IpMispredict
     2.905520496,235151,,br_misp_retired.all_branches,41866678,100.00,,
     3.005709698,29682743,,inst_retired.any,42652094,100.00,125.7,IpMispredict
     3.005709698,233994,,br_misp_retired.all_branches,42652094,100.00,,
     3.105896994,29434186,,inst_retired.any,41915857,100.00,124.4,IpMispredict
     3.105896994,245961,,br_misp_retired.all_branches,41915857,100.00,,
     3.206081771,30163972,,inst_retired.any,41299089,100.00,127.7,IpMispredict
     3.206081771,225199,,br_misp_retired.all_branches,41299089,100.00,,
     3.306270441,29468744,,inst_retired.any,42208590,100.00,124.6,IpMispredict
     3.306270441,244808,,br_misp_retired.all_branches,42208590,100.00,,
     3.406459017,29216725,,inst_retired.any,41535198,100.00,123.5,IpMispredict
     3.406459017,243796,,br_misp_retired.all_branches,41535198,100.00,,
     3.506645766,29496224,,inst_retired.any,42009152,100.00,124.7,IpMispredict
     3.506645766,233380,,br_misp_retired.all_branches,42009152,100.00,,
     3.606830865,29125956,,inst_retired.any,41732694,100.00,123.1,IpMispredict
     3.606830865,236647,,br_misp_retired.all_branches,41732694,100.00,,
     3.707021238,29681829,,inst_retired.any,41156931,100.00,125.5,IpMispredict
     3.707021238,235647,,br_misp_retired.all_branches,41156931,100.00,,
     3.807211277,29614579,,inst_retired.any,42442538,100.00,125.1,IpMispredict
     3.807211277,243045,,br_misp_retired.all_branches,42442538,100.00,,
     3.907403342,29087637,,inst_retired.any,41100916,100.00,123.0,IpMispredict
     3.907403342,229001,,br_misp_retired.all_branches,41100916,100.00,,
     4.007588370,29303216,,inst_retired.any,41100125,100.00,123.8,IpMispredict
     4.007588370,241683,,br_misp_retired.all_branches,41100125,100.00,,
     4.107778730,29579126,,inst_retired.any,41908541,100.00,124.8,IpMispredict
     4.107778730,252334,,br_misp_retired.all_branches,41908541,100.00,,
     4.207963387,29542938,,inst_retired.any,42610365,100.00,124.5,IpMispredict
     4.207963387,252173,,br_misp_retired.all_branches,42610365,100.00,,
     4.308158034,29227480,,inst_retired.any,41192492,100.00,123.3,IpMispredict
     4.308158034,224952,,br_misp_retired.all_branches,41192492,100.00,,
     4.408348177,29236462,,inst_retired.any,41473683,100.00,123.3,IpMispredict
     4.408348177,233992,,br_misp_retired.all_branches,41473683,100.00,,
     4.508536256,29590032,,inst_retired.any,41446792,100.00,125.0,IpMispredict
     4.508536256,224454,,br_misp_retired.all_branches,41446792,100.00,,
     4.608720789,29018901,,inst_retired.any,41227025,100.00,122.5,IpMispredict
     4.608720789,245131,,br_misp_retired.all_branches,41227025,100.00,,
     4.708907124,29671623,,inst_retired.any,41181659,100.00,125.4,IpMispredict
     4.708907124,220740,,br_misp_retired.all_branches,41181659,100.00,,
     4.809093732,29680172,,inst_retired.any,42245569,100.00,125.4,IpMispredict
     4.809093732,236938,,br_misp_retired.all_branches,42245569,100.00,,
     4.909289264,29333884,,inst_retired.any,41800874,100.00,124.0,IpMispredict
     4.909289264,237301,,br_misp_retired.all_branches,41800874,100.00,,
     5.009484770,29476402,,inst_retired.any,41914842,100.00,124.6,IpMispredict
     5.009484770,234204,,br_misp_retired.all_branches,41914842,100.00,,
     5.109670643,29206911,,inst_retired.any,41944259,100.00,123.6,IpMispredict
     5.109670643,221257,,br_misp_retired.all_branches,41944259,100.00,,
     5.209856677,29417365,,inst_retired.any,41519177,100.00,124.5,IpMispredict
     5.209856677,233296,,br_misp_retired.all_branches,41519177,100.00,,
     5.310046917,29472624,,inst_retired.any,41224219,100.00,124.8,IpMispredict
     5.310046917,237750,,br_misp_retired.all_branches,41224219,100.00,,
     5.410231059,29360643,,inst_retired.any,41454650,100.00,124.2,IpMispredict
     5.410231059,243476,,br_misp_retired.all_branches,41454650,100.00,,
     5.510440828,29532296,,inst_retired.any,41653882,100.00,125.0,IpMispredict
     5.510440828,233437,,br_misp_retired.all_branches,41653882,100.00,,
     5.610626758,29283921,,inst_retired.any,41441715,100.00,123.8,IpMispredict
     5.610626758,243950,,br_misp_retired.all_branches,41441715,100.00,,
     5.710816631,30152581,,inst_retired.any,41863907,100.00,127.2,IpMispredict
     5.710816631,274384,,br_misp_retired.all_branches,41863907,100.00,,
     5.811003078,29253054,,inst_retired.any,41650658,100.00,123.5,IpMispredict
     5.811003078,227439,,br_misp_retired.all_branches,41650658,100.00,,
     5.911188751,29632645,,inst_retired.any,42916571,100.00,124.7,IpMispredict
     5.911188751,276138,,br_misp_retired.all_branches,42916571,100.00,,
     6.011381052,29263513,,inst_retired.any,41685771,100.00,123.1,IpMispredict
     6.011381052,244298,,br_misp_retired.all_branches,41685771,100.00,,
     6.111566792,29571795,,inst_retired.any,42130224,100.00,124.2,IpMispredict
     6.111566792,255437,,br_misp_retired.all_branches,42130224,100.00,,
     6.211756565,29548890,,inst_retired.any,42469647,100.00,124.1,IpMispredict
     6.211756565,240058,,br_misp_retired.all_branches,42469647,100.00,,
     6.311941773,28919182,,inst_retired.any,40637271,100.00,121.6,IpMispredict
     6.311941773,220424,,br_misp_retired.all_branches,40637271,100.00,,
     6.412128479,29684411,,inst_retired.any,42844728,100.00,124.8,IpMispredict
     6.412128479,240531,,br_misp_retired.all_branches,42844728,100.00,,
     6.512313890,29397328,,inst_retired.any,41559330,100.00,123.7,IpMispredict
     6.512313890,226015,,br_misp_retired.all_branches,41559330,100.00,,
     6.612499469,29184791,,inst_retired.any,41122638,100.00,122.8,IpMispredict
     6.612499469,240114,,br_misp_retired.all_branches,41122638,100.00,,
     6.712684912,29286941,,inst_retired.any,41120164,100.00,123.3,IpMispredict
     6.712684912,231487,,br_misp_retired.all_branches,41120164,100.00,,
     6.812874805,29605034,,inst_retired.any,42202613,100.00,124.6,IpMispredict
     6.812874805,241991,,br_misp_retired.all_branches,42202613,100.00,,
     6.913071473,29739728,,inst_retired.any,42684463,100.00,125.0,IpMispredict
     6.913071473,252464,,br_misp_retired.all_branches,42684463,100.00,,
     7.013256270,28969122,,inst_retired.any,40394384,100.00,121.8,IpMispredict
     7.013256270,237149,,br_misp_retired.all_branches,40394384,100.00,,
     7.113441262,29608374,,inst_retired.any,41366954,100.00,124.5,IpMispredict
     7.113441262,233791,,br_misp_retired.all_branches,41366954,100.00,,
     7.213625441,29529121,,inst_retired.any,42293862,100.00,124.1,IpMispredict
     7.213625441,253743,,br_misp_retired.all_branches,42293862,100.00,,
     7.313815333,29368639,,inst_retired.any,41368287,100.00,123.2,IpMispredict
     7.313815333,267058,,br_misp_retired.all_branches,41368287,100.00,,
     7.414004157,29279973,,inst_retired.any,42168813,100.00,122.8,IpMispredict
     7.414004157,245026,,br_misp_retired.all_branches,42168813,100.00,,
     7.514191313,29648142,,inst_retired.any,41523155,100.00,124.3,IpMispredict
     7.514191313,246856,,br_misp_retired.all_branches,41523155,100.00,,
     7.614377708,29161734,,inst_retired.any,41145147,100.00,122.4,IpMispredict
     7.614377708,216509,,br_misp_retired.all_branches,41145147,100.00,,
     7.714576604,29581606,,inst_retired.any,41500891,100.00,124.2,IpMispredict
     7.714576604,229238,,br_misp_retired.all_branches,41500891,100.00,,
     7.814765811,29207808,,inst_retired.any,40368822,100.00,122.8,IpMispredict
     7.814765811,217826,,br_misp_retired.all_branches,40368822,100.00,,
     7.914955344,29456965,,inst_retired.any,41729328,100.00,123.8,IpMispredict
     7.914955344,236594,,br_misp_retired.all_branches,41729328,100.00,,
     8.015141798,29209198,,inst_retired.any,40404413,100.00,122.8,IpMispredict
     8.015141798,227058,,br_misp_retired.all_branches,40404413,100.00,,
     8.115329008,29508634,,inst_retired.any,41094714,100.00,124.2,IpMispredict
     8.115329008,229314,,br_misp_retired.all_branches,41094714,100.00,,
     8.215541540,29440255,,inst_retired.any,41752590,100.00,123.9,IpMispredict
     8.215541540,233196,,br_misp_retired.all_branches,41752590,100.00,,
     8.315745154,29026111,,inst_retired.any,40983678,100.00,122.2,IpMispredict
     8.315745154,232867,,br_misp_retired.all_branches,40983678,100.00,,
     8.415929718,29548074,,inst_retired.any,41697519,100.00,124.4,IpMispredict
     8.415929718,232157,,br_misp_retired.all_branches,41697519,100.00,,
     8.516114806,29814400,,inst_retired.any,42705116,100.00,125.5,IpMispredict
     8.516114806,249001,,br_misp_retired.all_branches,42705116,100.00,,
     8.616304310,29238366,,inst_retired.any,41118313,100.00,123.1,IpMispredict
     8.616304310,224257,,br_misp_retired.all_branches,41118313,100.00,,
     8.716490037,29316860,,inst_retired.any,41608583,100.00,123.5,IpMispredict
     8.716490037,236427,,br_misp_retired.all_branches,41608583,100.00,,
     8.816675506,29192907,,inst_retired.any,41861617,100.00,122.9,IpMispredict
     8.816675506,246162,,br_misp_retired.all_branches,41861617,100.00,,
     8.916866528,29661990,,inst_retired.any,41968947,100.00,124.9,IpMispredict
     8.916866528,231140,,br_misp_retired.all_branches,41968947,100.00,,
     9.017052411,29137985,,inst_retired.any,40766954,100.00,122.7,IpMispredict
     9.017052411,234089,,br_misp_retired.all_branches,40766954,100.00,,
     9.117244475,29720512,,inst_retired.any,42336193,100.00,125.2,IpMispredict
     9.117244475,232158,,br_misp_retired.all_branches,42336193,100.00,,
     9.217430916,29226787,,inst_retired.any,41353231,100.00,123.1,IpMispredict
     9.217430916,246475,,br_misp_retired.all_branches,41353231,100.00,,
     9.317616465,29511112,,inst_retired.any,42254015,100.00,124.1,IpMispredict
     9.317616465,263913,,br_misp_retired.all_branches,42254015,100.00,,
     9.417801714,29245150,,inst_retired.any,41117110,100.00,123.0,IpMispredict
     9.417801714,233008,,br_misp_retired.all_branches,41117110,100.00,,
     9.517988580,29533895,,inst_retired.any,42009421,100.00,124.2,IpMispredict
     9.517988580,239782,,br_misp_retired.all_branches,42009421,100.00,,
     9.618172839,29465419,,inst_retired.any,41374296,100.00,124.0,IpMispredict
     9.618172839,230068,,br_misp_retired.all_branches,41374296,100.00,,
     9.718361488,29405686,,inst_retired.any,41824752,100.00,123.8,IpMispredict
     9.718361488,232205,,br_misp_retired.all_branches,41824752,100.00,,
     9.818552731,29290796,,inst_retired.any,40885467,100.00,123.3,IpMispredict
     9.818552731,231138,,br_misp_retired.all_branches,40885467,100.00,,
     9.918743492,29086242,,inst_retired.any,41798764,100.00,122.5,IpMispredict
     9.918743492,233912,,br_misp_retired.all_branches,41798764,100.00,,
    10.018938199,29854823,,inst_retired.any,42482374,100.00,125.7,IpMispredict
    10.018938199,240879,,br_misp_retired.all_branches,42482374,100.00,,
    10.119135833,29520258,,inst_retired.any,41990681,100.00,124.3,IpMispredict
    10.119135833,239404,,br_misp_retired.all_branches,41990681,100.00,,
    10.219325866,29254780,,inst_retired.any,41304302,100.00,123.1,IpMispredict
    10.219325866,237288,,br_misp_retired.all_branches,41304302,100.00,,
    10.319554117,29596201,,inst_retired.any,41867346,100.00,124.6,IpMispredict
    10.319554117,233720,,br_misp_retired.all_branches,41867346,100.00,,
    10.419739641,29198642,,inst_retired.any,41517936,100.00,122.9,IpMispredict
    10.419739641,233354,,br_misp_retired.all_branches,41517936,100.00,,
    10.519925587,29379196,,inst_retired.any,41537610,100.00,123.7,IpMispredict
    10.519925587,230100,,br_misp_retired.all_branches,41537610,100.00,,
    10.620114190,29660192,,inst_retired.any,42155303,100.00,125.0,IpMispredict
    10.620114190,222859,,br_misp_retired.all_branches,42155303,100.00,,
    10.720299171,29618494,,inst_retired.any,41792270,100.00,124.8,IpMispredict
    10.720299171,246269,,br_misp_retired.all_branches,41792270,100.00,,
    10.820487140,29835557,,inst_retired.any,43399268,100.00,125.7,IpMispredict
    10.820487140,240460,,br_misp_retired.all_branches,43399268,100.00,,
    10.920673992,29179378,,inst_retired.any,40521588,100.00,123.0,IpMispredict
    10.920673992,219189,,br_misp_retired.all_branches,40521588,100.00,,
    11.020888749,29681178,,inst_retired.any,42039229,100.00,125.1,IpMispredict
    11.020888749,250015,,br_misp_retired.all_branches,42039229,100.00,,
