# started on Mon May  1 19:47:34 2023

     0.100178406,5868227,,offcore_response.all_requests.llc_hit.any_response,49931249,100.00,,
     0.100178406,72804,,offcore_response.all_requests.llc_miss.any_response,49926181,100.00,,
     0.200396519,5871377,,offcore_response.all_requests.llc_hit.any_response,49956205,100.00,,
     0.200396519,73513,,offcore_response.all_requests.llc_miss.any_response,49957795,100.00,,
     0.300587864,5911302,,offcore_response.all_requests.llc_hit.any_response,50453389,100.00,,
     0.300587864,74033,,offcore_response.all_requests.llc_miss.any_response,50432361,100.00,,
     0.400777371,5893394,,offcore_response.all_requests.llc_hit.any_response,50172921,100.00,,
     0.400777371,74147,,offcore_response.all_requests.llc_miss.any_response,50189589,100.00,,
     0.500969435,5856764,,offcore_response.all_requests.llc_hit.any_response,49872263,100.00,,
     0.500969435,73336,,offcore_response.all_requests.llc_miss.any_response,49877569,100.00,,
     0.601164499,5888674,,offcore_response.all_requests.llc_hit.any_response,50342771,100.00,,
     0.601164499,74372,,offcore_response.all_requests.llc_miss.any_response,50320797,100.00,,
     0.701349253,5874726,,offcore_response.all_requests.llc_hit.any_response,50128143,100.00,,
     0.701349253,73607,,offcore_response.all_requests.llc_miss.any_response,50149655,100.00,,
     0.801543895,5898882,,offcore_response.all_requests.llc_hit.any_response,50338368,100.00,,
     0.801543895,74679,,offcore_response.all_requests.llc_miss.any_response,50316856,100.00,,
     0.901744859,5897423,,offcore_response.all_requests.llc_hit.any_response,50295456,100.00,,
     0.901744859,74063,,offcore_response.all_requests.llc_miss.any_response,50295456,100.00,,
     1.001932781,5859630,,offcore_response.all_requests.llc_hit.any_response,50010995,100.00,,
     1.001932781,72711,,offcore_response.all_requests.llc_miss.any_response,50020069,100.00,,
     1.102123260,5868166,,offcore_response.all_requests.llc_hit.any_response,50016386,100.00,,
     1.102123260,73580,,offcore_response.all_requests.llc_miss.any_response,50007312,100.00,,
     1.202313282,5933047,,offcore_response.all_requests.llc_hit.any_response,50504986,100.00,,
     1.202313282,72919,,offcore_response.all_requests.llc_miss.any_response,50504986,100.00,,
     1.302499670,5884505,,offcore_response.all_requests.llc_hit.any_response,50218007,100.00,,
     1.302499670,72137,,offcore_response.all_requests.llc_miss.any_response,50222474,100.00,,
     1.402698763,5857711,,offcore_response.all_requests.llc_hit.any_response,49974430,100.00,,
     1.402698763,73709,,offcore_response.all_requests.llc_miss.any_response,49969963,100.00,,
     1.502889370,5917500,,offcore_response.all_requests.llc_hit.any_response,50476565,100.00,,
     1.502889370,74078,,offcore_response.all_requests.llc_miss.any_response,50492537,100.00,,
     1.603084969,5858350,,offcore_response.all_requests.llc_hit.any_response,49952192,100.00,,
     1.603084969,73575,,offcore_response.all_requests.llc_miss.any_response,49951189,100.00,,
     1.703278078,5884196,,offcore_response.all_requests.llc_hit.any_response,50680628,100.00,,
     1.703278078,73664,,offcore_response.all_requests.llc_miss.any_response,50665659,100.00,,
     1.803466460,5915800,,offcore_response.all_requests.llc_hit.any_response,50455934,100.00,,
     1.803466460,73073,,offcore_response.all_requests.llc_miss.any_response,50475138,100.00,,
     1.903686845,5862352,,offcore_response.all_requests.llc_hit.any_response,49990834,100.00,,
     1.903686845,71428,,offcore_response.all_requests.llc_miss.any_response,49992969,100.00,,
     2.003886514,5954230,,offcore_response.all_requests.llc_hit.any_response,50806728,100.00,,
     2.003886514,73596,,offcore_response.all_requests.llc_miss.any_response,50785389,100.00,,
     2.104072984,5854284,,offcore_response.all_requests.llc_hit.any_response,49926034,100.00,,
     2.104072984,72718,,offcore_response.all_requests.llc_miss.any_response,49930641,100.00,,
     2.204268854,5913637,,offcore_response.all_requests.llc_hit.any_response,50497362,100.00,,
     2.204268854,73582,,offcore_response.all_requests.llc_miss.any_response,50492755,100.00,,
     2.304478609,5904009,,offcore_response.all_requests.llc_hit.any_response,50365618,100.00,,
     2.304478609,73416,,offcore_response.all_requests.llc_miss.any_response,50379077,100.00,,
     2.404669950,5910341,,offcore_response.all_requests.llc_hit.any_response,50318450,100.00,,
     2.404669950,73179,,offcore_response.all_requests.llc_miss.any_response,50304991,100.00,,
     2.504859889,5888442,,offcore_response.all_requests.llc_hit.any_response,50412653,100.00,,
     2.504859889,73158,,offcore_response.all_requests.llc_miss.any_response,50434544,100.00,,
     2.605055257,5923422,,offcore_response.all_requests.llc_hit.any_response,50485897,100.00,,
     2.605055257,73618,,offcore_response.all_requests.llc_miss.any_response,50464006,100.00,,
     2.705229122,5890846,,offcore_response.all_requests.llc_hit.any_response,50257163,100.00,,
     2.705229122,73306,,offcore_response.all_requests.llc_miss.any_response,50266138,100.00,,
     2.805421790,5864356,,offcore_response.all_requests.llc_hit.any_response,49947944,100.00,,
     2.805421790,73122,,offcore_response.all_requests.llc_miss.any_response,49943543,100.00,,
     2.905612965,5954063,,offcore_response.all_requests.llc_hit.any_response,50796930,100.00,,
     2.905612965,73720,,offcore_response.all_requests.llc_miss.any_response,50805760,100.00,,
     3.005805739,5850458,,offcore_response.all_requests.llc_hit.any_response,49860483,100.00,,
     3.005805739,71926,,offcore_response.all_requests.llc_miss.any_response,49847079,100.00,,
     3.105994124,5928918,,offcore_response.all_requests.llc_hit.any_response,50497998,100.00,,
     3.105994124,73251,,offcore_response.all_requests.llc_miss.any_response,50519691,100.00,,
     3.206190624,5959918,,offcore_response.all_requests.llc_hit.any_response,50810801,100.00,,
     3.206190624,73727,,offcore_response.all_requests.llc_miss.any_response,50810136,100.00,,
     3.306371724,5921173,,offcore_response.all_requests.llc_hit.any_response,50397149,100.00,,
     3.306371724,73073,,offcore_response.all_requests.llc_miss.any_response,50397490,100.00,,
     3.406566259,5865340,,offcore_response.all_requests.llc_hit.any_response,49882156,100.00,,
     3.406566259,72117,,offcore_response.all_requests.llc_miss.any_response,49881677,100.00,,
     3.506760067,5979782,,offcore_response.all_requests.llc_hit.any_response,50856197,100.00,,
     3.506760067,74022,,offcore_response.all_requests.llc_miss.any_response,50857274,100.00,,
     3.606957365,5873167,,offcore_response.all_requests.llc_hit.any_response,50065195,100.00,,
     3.606957365,73315,,offcore_response.all_requests.llc_miss.any_response,50064175,100.00,,
     3.707150442,5896178,,offcore_response.all_requests.llc_hit.any_response,50099271,100.00,,
     3.707150442,73193,,offcore_response.all_requests.llc_miss.any_response,50078324,100.00,,
     3.807338749,5973747,,offcore_response.all_requests.llc_hit.any_response,50799277,100.00,,
     3.807338749,74160,,offcore_response.all_requests.llc_miss.any_response,50820106,100.00,,
     3.907530998,5867081,,offcore_response.all_requests.llc_hit.any_response,50129545,100.00,,
     3.907530998,73145,,offcore_response.all_requests.llc_miss.any_response,50108716,100.00,,
     4.007719216,5920594,,offcore_response.all_requests.llc_hit.any_response,50490376,100.00,,
     4.007719216,73766,,offcore_response.all_requests.llc_miss.any_response,50502531,100.00,,
     4.107914830,5856055,,offcore_response.all_requests.llc_hit.any_response,49968457,100.00,,
     4.107914830,72984,,offcore_response.all_requests.llc_miss.any_response,49977698,100.00,,
     4.208110208,5904781,,offcore_response.all_requests.llc_hit.any_response,50274206,100.00,,
     4.208110208,73584,,offcore_response.all_requests.llc_miss.any_response,50252810,100.00,,
     4.308298954,5935876,,offcore_response.all_requests.llc_hit.any_response,50521676,100.00,,
     4.308298954,73707,,offcore_response.all_requests.llc_miss.any_response,50534330,100.00,,
     4.408492021,5877179,,offcore_response.all_requests.llc_hit.any_response,49934824,100.00,,
     4.408492021,72847,,offcore_response.all_requests.llc_miss.any_response,49943089,100.00,,
     4.508704264,5910143,,offcore_response.all_requests.llc_hit.any_response,50158622,100.00,,
     4.508704264,71189,,offcore_response.all_requests.llc_miss.any_response,50137703,100.00,,
     4.608894036,5988164,,offcore_response.all_requests.llc_hit.any_response,50746855,100.00,,
     4.608894036,71793,,offcore_response.all_requests.llc_miss.any_response,50757062,100.00,,
     4.709085632,5922091,,offcore_response.all_requests.llc_hit.any_response,50249163,100.00,,
     4.709085632,71661,,offcore_response.all_requests.llc_miss.any_response,50238956,100.00,,
     4.809275253,5913905,,offcore_response.all_requests.llc_hit.any_response,50434557,100.00,,
     4.809275253,72928,,offcore_response.all_requests.llc_miss.any_response,50455337,100.00,,
     4.909468089,5961224,,offcore_response.all_requests.llc_hit.any_response,50682255,100.00,,
     4.909468089,73344,,offcore_response.all_requests.llc_miss.any_response,50661475,100.00,,
     5.009657416,5876100,,offcore_response.all_requests.llc_hit.any_response,50012296,100.00,,
     5.009657416,72693,,offcore_response.all_requests.llc_miss.any_response,50032129,100.00,,
     5.109855253,5944233,,offcore_response.all_requests.llc_hit.any_response,50579183,100.00,,
     5.109855253,73498,,offcore_response.all_requests.llc_miss.any_response,50559350,100.00,,
     5.210044941,5918625,,offcore_response.all_requests.llc_hit.any_response,50277197,100.00,,
     5.210044941,73095,,offcore_response.all_requests.llc_miss.any_response,50298243,100.00,,
     5.310237981,5901449,,offcore_response.all_requests.llc_hit.any_response,50136981,100.00,,
     5.310237981,73144,,offcore_response.all_requests.llc_miss.any_response,50115935,100.00,,
     5.410427381,5913776,,offcore_response.all_requests.llc_hit.any_response,50337526,100.00,,
     5.410427381,73685,,offcore_response.all_requests.llc_miss.any_response,50337526,100.00,,
     5.510613642,5877236,,offcore_response.all_requests.llc_hit.any_response,50104845,100.00,,
     5.510613642,72756,,offcore_response.all_requests.llc_miss.any_response,50114847,100.00,,
     5.610805865,5958786,,offcore_response.all_requests.llc_hit.any_response,50845264,100.00,,
     5.610805865,73940,,offcore_response.all_requests.llc_miss.any_response,50852894,100.00,,
     5.710997465,5865046,,offcore_response.all_requests.llc_hit.any_response,49855811,100.00,,
     5.710997465,72871,,offcore_response.all_requests.llc_miss.any_response,49859811,100.00,,
     5.811193878,5961979,,offcore_response.all_requests.llc_hit.any_response,50836404,100.00,,
     5.811193878,73901,,offcore_response.all_requests.llc_miss.any_response,50835616,100.00,,
     5.911388237,5874695,,offcore_response.all_requests.llc_hit.any_response,49944417,100.00,,
     5.911388237,72824,,offcore_response.all_requests.llc_miss.any_response,49923573,100.00,,
     6.011577131,5912561,,offcore_response.all_requests.llc_hit.any_response,50473692,100.00,,
     6.011577131,73835,,offcore_response.all_requests.llc_miss.any_response,50494580,100.00,,
     6.111797432,5874476,,offcore_response.all_requests.llc_hit.any_response,50090180,100.00,,
     6.111797432,73031,,offcore_response.all_requests.llc_miss.any_response,50069292,100.00,,
     6.211986676,5954124,,offcore_response.all_requests.llc_hit.any_response,50662306,100.00,,
     6.211986676,73765,,offcore_response.all_requests.llc_miss.any_response,50683134,100.00,,
     6.312180688,5872446,,offcore_response.all_requests.llc_hit.any_response,49830331,100.00,,
     6.312180688,71754,,offcore_response.all_requests.llc_miss.any_response,49809503,100.00,,
     6.412369538,5930121,,offcore_response.all_requests.llc_hit.any_response,50473066,100.00,,
     6.412369538,73450,,offcore_response.all_requests.llc_miss.any_response,50473066,100.00,,
     6.512564461,5887803,,offcore_response.all_requests.llc_hit.any_response,50213728,100.00,,
     6.512564461,71924,,offcore_response.all_requests.llc_miss.any_response,50235615,100.00,,
     6.612785773,5897867,,offcore_response.all_requests.llc_hit.any_response,50414493,100.00,,
     6.612785773,72803,,offcore_response.all_requests.llc_miss.any_response,50392606,100.00,,
     6.712977395,5902999,,offcore_response.all_requests.llc_hit.any_response,50402016,100.00,,
     6.712977395,73185,,offcore_response.all_requests.llc_miss.any_response,50409896,100.00,,
     6.813160121,5909935,,offcore_response.all_requests.llc_hit.any_response,50530879,100.00,,
     6.813160121,73321,,offcore_response.all_requests.llc_miss.any_response,50522999,100.00,,
     6.913367533,5883443,,offcore_response.all_requests.llc_hit.any_response,50320963,100.00,,
     6.913367533,73386,,offcore_response.all_requests.llc_miss.any_response,50342429,100.00,,
     7.013568912,5895508,,offcore_response.all_requests.llc_hit.any_response,50522292,100.00,,
     7.013568912,72935,,offcore_response.all_requests.llc_miss.any_response,50508609,100.00,,
     7.113765222,5848328,,offcore_response.all_requests.llc_hit.any_response,50013077,100.00,,
     7.113765222,72952,,offcore_response.all_requests.llc_miss.any_response,50014406,100.00,,
     7.213957803,5951429,,offcore_response.all_requests.llc_hit.any_response,50866960,100.00,,
     7.213957803,73772,,offcore_response.all_requests.llc_miss.any_response,50878768,100.00,,
     7.314151648,5868522,,offcore_response.all_requests.llc_hit.any_response,50113305,100.00,,
     7.314151648,72810,,offcore_response.all_requests.llc_miss.any_response,50092385,100.00,,
     7.414341233,5908519,,offcore_response.all_requests.llc_hit.any_response,50716805,100.00,,
     7.414341233,72906,,offcore_response.all_requests.llc_miss.any_response,50737634,100.00,,
     7.514535214,5848726,,offcore_response.all_requests.llc_hit.any_response,50078856,100.00,,
     7.514535214,71877,,offcore_response.all_requests.llc_miss.any_response,50080235,100.00,,
     7.614730558,5927986,,offcore_response.all_requests.llc_hit.any_response,50689484,100.00,,
     7.614730558,73603,,offcore_response.all_requests.llc_miss.any_response,50667276,100.00,,
     7.714917316,5850157,,offcore_response.all_requests.llc_hit.any_response,50066766,100.00,,
     7.714917316,72566,,offcore_response.all_requests.llc_miss.any_response,50071806,100.00,,
     7.815109531,5864774,,offcore_response.all_requests.llc_hit.any_response,50004923,100.00,,
     7.815109531,72485,,offcore_response.all_requests.llc_miss.any_response,50020949,100.00,,
     7.915302777,5924828,,offcore_response.all_requests.llc_hit.any_response,50520706,100.00,,
     7.915302777,73652,,offcore_response.all_requests.llc_miss.any_response,50499640,100.00,,
     8.015490730,5874795,,offcore_response.all_requests.llc_hit.any_response,50196381,100.00,,
     8.015490730,73329,,offcore_response.all_requests.llc_miss.any_response,50217516,100.00,,
     8.115684602,5887478,,offcore_response.all_requests.llc_hit.any_response,50173611,100.00,,
     8.115684602,72481,,offcore_response.all_requests.llc_miss.any_response,50152476,100.00,,
     8.215874731,5911466,,offcore_response.all_requests.llc_hit.any_response,50620820,100.00,,
     8.215874731,73106,,offcore_response.all_requests.llc_miss.any_response,50641845,100.00,,
     8.316070677,5895605,,offcore_response.all_requests.llc_hit.any_response,50385256,100.00,,
     8.316070677,72715,,offcore_response.all_requests.llc_miss.any_response,50364231,100.00,,
     8.416261274,5915283,,offcore_response.all_requests.llc_hit.any_response,50455265,100.00,,
     8.416261274,72613,,offcore_response.all_requests.llc_miss.any_response,50469088,100.00,,
     8.516451306,5847829,,offcore_response.all_requests.llc_hit.any_response,49952859,100.00,,
     8.516451306,72290,,offcore_response.all_requests.llc_miss.any_response,49960484,100.00,,
     8.616645221,5969159,,offcore_response.all_requests.llc_hit.any_response,50872273,100.00,,
     8.616645221,72739,,offcore_response.all_requests.llc_miss.any_response,50866939,100.00,,
     8.716837281,5883985,,offcore_response.all_requests.llc_hit.any_response,50008179,100.00,,
     8.716837281,72111,,offcore_response.all_requests.llc_miss.any_response,50013472,100.00,,
     8.817051774,5966429,,offcore_response.all_requests.llc_hit.any_response,50766431,100.00,,
     8.817051774,73386,,offcore_response.all_requests.llc_miss.any_response,50745024,100.00,,
     8.917241612,5856828,,offcore_response.all_requests.llc_hit.any_response,49836369,100.00,,
     8.917241612,71894,,offcore_response.all_requests.llc_miss.any_response,49846004,100.00,,
     9.017434341,5916600,,offcore_response.all_requests.llc_hit.any_response,50582549,100.00,,
     9.017434341,73261,,offcore_response.all_requests.llc_miss.any_response,50572914,100.00,,
     9.117621546,5888833,,offcore_response.all_requests.llc_hit.any_response,50462774,100.00,,
     9.117621546,72537,,offcore_response.all_requests.llc_miss.any_response,50462774,100.00,,
     9.217810142,5905186,,offcore_response.all_requests.llc_hit.any_response,50288277,100.00,,
     9.217810142,72518,,offcore_response.all_requests.llc_miss.any_response,50294428,100.00,,
     9.318007300,5894811,,offcore_response.all_requests.llc_hit.any_response,50358189,100.00,,
     9.318007300,72272,,offcore_response.all_requests.llc_miss.any_response,50352038,100.00,,
     9.418199130,5889466,,offcore_response.all_requests.llc_hit.any_response,50329188,100.00,,
     9.418199130,72871,,offcore_response.all_requests.llc_miss.any_response,50350505,100.00,,
     9.518394174,5866237,,offcore_response.all_requests.llc_hit.any_response,50026420,100.00,,
     9.518394174,71775,,offcore_response.all_requests.llc_miss.any_response,50010368,100.00,,
     9.618587073,5966464,,offcore_response.all_requests.llc_hit.any_response,50905187,100.00,,
     9.618587073,73501,,offcore_response.all_requests.llc_miss.any_response,50920800,100.00,,
     9.718781061,5875508,,offcore_response.all_requests.llc_hit.any_response,50045425,100.00,,
     9.718781061,72004,,offcore_response.all_requests.llc_miss.any_response,50041604,100.00,,
     9.818976436,5899180,,offcore_response.all_requests.llc_hit.any_response,50349544,100.00,,
     9.818976436,72882,,offcore_response.all_requests.llc_miss.any_response,50353449,100.00,,
     9.919171072,5934834,,offcore_response.all_requests.llc_hit.any_response,50512313,100.00,,
     9.919171072,72704,,offcore_response.all_requests.llc_miss.any_response,50491351,100.00,,
    10.019360898,5866486,,offcore_response.all_requests.llc_hit.any_response,50117563,100.00,,
    10.019360898,73661,,offcore_response.all_requests.llc_miss.any_response,50117563,100.00,,
    10.119547431,5935609,,offcore_response.all_requests.llc_hit.any_response,50674396,100.00,,
    10.119547431,73956,,offcore_response.all_requests.llc_miss.any_response,50683018,100.00,,
    10.219742041,5908546,,offcore_response.all_requests.llc_hit.any_response,50316444,100.00,,
    10.219742041,73010,,offcore_response.all_requests.llc_miss.any_response,50307822,100.00,,
    10.319931078,5893828,,offcore_response.all_requests.llc_hit.any_response,50228844,100.00,,
    10.319931078,72296,,offcore_response.all_requests.llc_miss.any_response,50250507,100.00,,
    10.420125774,5931859,,offcore_response.all_requests.llc_hit.any_response,50740592,100.00,,
    10.420125774,73416,,offcore_response.all_requests.llc_miss.any_response,50740169,100.00,,
    10.520319498,5886957,,offcore_response.all_requests.llc_hit.any_response,50296219,100.00,,
    10.520319498,72740,,offcore_response.all_requests.llc_miss.any_response,50274979,100.00,,
    10.620509540,5880765,,offcore_response.all_requests.llc_hit.any_response,50448195,100.00,,
    10.620509540,75161,,offcore_response.all_requests.llc_miss.any_response,50469221,100.00,,
    10.720704089,5906604,,offcore_response.all_requests.llc_hit.any_response,50830019,100.00,,
    10.720704089,75827,,offcore_response.all_requests.llc_miss.any_response,50808993,100.00,,
    10.820895689,5809718,,offcore_response.all_requests.llc_hit.any_response,50060796,100.00,,
    10.820895689,74667,,offcore_response.all_requests.llc_miss.any_response,50082111,100.00,,
    10.921075954,5904194,,offcore_response.all_requests.llc_hit.any_response,50713653,100.00,,
    10.921075954,73842,,offcore_response.all_requests.llc_miss.any_response,50713583,100.00,,
    11.021290233,5839521,,offcore_response.all_requests.llc_hit.any_response,49848493,100.00,,
    11.021290233,72551,,offcore_response.all_requests.llc_miss.any_response,49848171,100.00,,
