# started on Mon May  1 19:47:47 2023

     0.100200821,8806738,,offcore_response.all_requests.llc_hit.any_response,75024300,100.00,,
     0.100200821,109939,,offcore_response.all_requests.llc_miss.any_response,75012134,100.00,,
     0.200430852,8919143,,offcore_response.all_requests.llc_hit.any_response,75938665,100.00,,
     0.200430852,111131,,offcore_response.all_requests.llc_miss.any_response,75933160,100.00,,
     0.300625432,8900828,,offcore_response.all_requests.llc_hit.any_response,75702533,100.00,,
     0.300625432,110611,,offcore_response.all_requests.llc_miss.any_response,75692983,100.00,,
     0.400830112,8788352,,offcore_response.all_requests.llc_hit.any_response,74875102,100.00,,
     0.400830112,108786,,offcore_response.all_requests.llc_miss.any_response,74869560,100.00,,
     0.501019405,8927555,,offcore_response.all_requests.llc_hit.any_response,75817502,100.00,,
     0.501019405,110508,,offcore_response.all_requests.llc_miss.any_response,75825002,100.00,,
     0.601211906,8800628,,offcore_response.all_requests.llc_hit.any_response,74953107,100.00,,
     0.601211906,109097,,offcore_response.all_requests.llc_miss.any_response,74954447,100.00,,
     0.701412339,8831284,,offcore_response.all_requests.llc_hit.any_response,75382934,100.00,,
     0.701412339,109776,,offcore_response.all_requests.llc_miss.any_response,75374094,100.00,,
     0.801600337,8859414,,offcore_response.all_requests.llc_hit.any_response,75407200,100.00,,
     0.801600337,109687,,offcore_response.all_requests.llc_miss.any_response,75427736,100.00,,
     0.901797475,8811019,,offcore_response.all_requests.llc_hit.any_response,75033977,100.00,,
     0.901797475,109040,,offcore_response.all_requests.llc_miss.any_response,75033963,100.00,,
     1.001993819,6376106,,offcore_response.all_requests.llc_hit.any_response,54400309,100.00,,
     1.001993819,79059,,offcore_response.all_requests.llc_miss.any_response,54379787,100.00,,
     1.102185762,2086946,,offcore_response.all_requests.llc_hit.any_response,21772840,100.00,,
     1.102185762,25513,,offcore_response.all_requests.llc_miss.any_response,21796176,100.00,,
     1.202384932,9520376,,offcore_response.all_requests.llc_hit.any_response,80798403,100.00,,
     1.202384932,117711,,offcore_response.all_requests.llc_miss.any_response,80796720,100.00,,
     1.302582325,9559181,,offcore_response.all_requests.llc_hit.any_response,81049448,100.00,,
     1.302582325,117807,,offcore_response.all_requests.llc_miss.any_response,81033367,100.00,,
     1.402772731,9465121,,offcore_response.all_requests.llc_hit.any_response,80658255,100.00,,
     1.402772731,116943,,offcore_response.all_requests.llc_miss.any_response,80658718,100.00,,
     1.502969763,9518630,,offcore_response.all_requests.llc_hit.any_response,81018372,100.00,,
     1.502969763,117196,,offcore_response.all_requests.llc_miss.any_response,81033151,100.00,,
     1.603163427,9519024,,offcore_response.all_requests.llc_hit.any_response,81052737,100.00,,
     1.603163427,117408,,offcore_response.all_requests.llc_miss.any_response,81053268,100.00,,
     1.703358263,9539786,,offcore_response.all_requests.llc_hit.any_response,81098152,100.00,,
     1.703358263,117544,,offcore_response.all_requests.llc_miss.any_response,81097442,100.00,,
     1.803555536,9519258,,offcore_response.all_requests.llc_hit.any_response,81054607,100.00,,
     1.803555536,117594,,offcore_response.all_requests.llc_miss.any_response,81055321,100.00,,
     1.903761693,9511840,,offcore_response.all_requests.llc_hit.any_response,81121336,100.00,,
     1.903761693,117374,,offcore_response.all_requests.llc_miss.any_response,81105025,100.00,,
     2.003952210,9474826,,offcore_response.all_requests.llc_hit.any_response,80968376,100.00,,
     2.003952210,117441,,offcore_response.all_requests.llc_miss.any_response,80984518,100.00,,
     2.104148613,6125742,,offcore_response.all_requests.llc_hit.any_response,52326485,100.00,,
     2.104148613,75755,,offcore_response.all_requests.llc_miss.any_response,52305305,100.00,,
     2.204340472,2091735,,offcore_response.all_requests.llc_hit.any_response,22378564,100.00,,
     2.204340472,24120,,offcore_response.all_requests.llc_miss.any_response,22401389,100.00,,
     2.304559974,9339162,,offcore_response.all_requests.llc_hit.any_response,81387944,100.00,,
     2.304559974,111660,,offcore_response.all_requests.llc_miss.any_response,81385627,100.00,,
     2.404752571,9344958,,offcore_response.all_requests.llc_hit.any_response,81399477,100.00,,
     2.404752571,112185,,offcore_response.all_requests.llc_miss.any_response,81400191,100.00,,
     2.504946760,9380071,,offcore_response.all_requests.llc_hit.any_response,81305753,100.00,,
     2.504946760,111907,,offcore_response.all_requests.llc_miss.any_response,81292430,100.00,,
     2.605137674,9375112,,offcore_response.all_requests.llc_hit.any_response,81524035,100.00,,
     2.605137674,111755,,offcore_response.all_requests.llc_miss.any_response,81537185,100.00,,
     2.705337760,9365559,,offcore_response.all_requests.llc_hit.any_response,81498225,100.00,,
     2.705337760,111720,,offcore_response.all_requests.llc_miss.any_response,81489348,100.00,,
     2.805530695,9344272,,offcore_response.all_requests.llc_hit.any_response,81502029,100.00,,
     2.805530695,112132,,offcore_response.all_requests.llc_miss.any_response,81511064,100.00,,
     2.905726431,9329811,,offcore_response.all_requests.llc_hit.any_response,81452377,100.00,,
     2.905726431,111895,,offcore_response.all_requests.llc_miss.any_response,81440232,100.00,,
     3.005919647,9350306,,offcore_response.all_requests.llc_hit.any_response,81575490,100.00,,
     3.005919647,112035,,offcore_response.all_requests.llc_miss.any_response,81587553,100.00,,
     3.106113932,9346465,,offcore_response.all_requests.llc_hit.any_response,81569102,100.00,,
     3.106113932,112056,,offcore_response.all_requests.llc_miss.any_response,81568069,100.00,,
     3.206306781,5985243,,offcore_response.all_requests.llc_hit.any_response,52383616,100.00,,
     3.206306781,71893,,offcore_response.all_requests.llc_miss.any_response,52363524,100.00,,
     3.306498490,2024105,,offcore_response.all_requests.llc_hit.any_response,22181245,100.00,,
     3.306498490,24719,,offcore_response.all_requests.llc_miss.any_response,22204136,100.00,,
     3.406698418,9558211,,offcore_response.all_requests.llc_hit.any_response,81291147,100.00,,
     3.406698418,117972,,offcore_response.all_requests.llc_miss.any_response,81273866,100.00,,
     3.506887923,9527475,,offcore_response.all_requests.llc_hit.any_response,81279234,100.00,,
     3.506887923,117732,,offcore_response.all_requests.llc_miss.any_response,81294691,100.00,,
     3.607081219,9554457,,offcore_response.all_requests.llc_hit.any_response,81388838,100.00,,
     3.607081219,117632,,offcore_response.all_requests.llc_miss.any_response,81388160,100.00,,
     3.707259591,9525829,,offcore_response.all_requests.llc_hit.any_response,81222864,100.00,,
     3.707259591,117265,,offcore_response.all_requests.llc_miss.any_response,81223841,100.00,,
     3.807454103,9492417,,offcore_response.all_requests.llc_hit.any_response,81017152,100.00,,
     3.807454103,117166,,offcore_response.all_requests.llc_miss.any_response,81015203,100.00,,
     3.907663373,9553897,,offcore_response.all_requests.llc_hit.any_response,81271348,100.00,,
     3.907663373,117247,,offcore_response.all_requests.llc_miss.any_response,81262219,100.00,,
     4.007855183,9528941,,offcore_response.all_requests.llc_hit.any_response,81309176,100.00,,
     4.007855183,117504,,offcore_response.all_requests.llc_miss.any_response,81319380,100.00,,
     4.108049272,9526340,,offcore_response.all_requests.llc_hit.any_response,81267522,100.00,,
     4.108049272,117378,,offcore_response.all_requests.llc_miss.any_response,81262855,100.00,,
     4.208240650,9488518,,offcore_response.all_requests.llc_hit.any_response,81184824,100.00,,
     4.208240650,117057,,offcore_response.all_requests.llc_miss.any_response,81189498,100.00,,
     4.308437071,6079033,,offcore_response.all_requests.llc_hit.any_response,51999655,100.00,,
     4.308437071,75414,,offcore_response.all_requests.llc_miss.any_response,51979156,100.00,,
     4.408647740,2345916,,offcore_response.all_requests.llc_hit.any_response,23171950,100.00,,
     4.408647740,27871,,offcore_response.all_requests.llc_miss.any_response,23194926,100.00,,
     4.508847843,9552807,,offcore_response.all_requests.llc_hit.any_response,81221544,100.00,,
     4.508847843,115791,,offcore_response.all_requests.llc_miss.any_response,81219478,100.00,,
     4.609041503,9610246,,offcore_response.all_requests.llc_hit.any_response,81126660,100.00,,
     4.609041503,117528,,offcore_response.all_requests.llc_miss.any_response,81125648,100.00,,
     4.709234723,9589272,,offcore_response.all_requests.llc_hit.any_response,81195450,100.00,,
     4.709234723,117540,,offcore_response.all_requests.llc_miss.any_response,81185894,100.00,,
     4.809428347,9566953,,offcore_response.all_requests.llc_hit.any_response,81153800,100.00,,
     4.809428347,117687,,offcore_response.all_requests.llc_miss.any_response,81164704,100.00,,
     4.909628172,9541749,,offcore_response.all_requests.llc_hit.any_response,81205286,100.00,,
     4.909628172,117197,,offcore_response.all_requests.llc_miss.any_response,81204870,100.00,,
     5.009828297,9523799,,offcore_response.all_requests.llc_hit.any_response,81080240,100.00,,
     5.009828297,117446,,offcore_response.all_requests.llc_miss.any_response,81080839,100.00,,
     5.110022890,9512129,,offcore_response.all_requests.llc_hit.any_response,80928247,100.00,,
     5.110022890,117477,,offcore_response.all_requests.llc_miss.any_response,80921842,100.00,,
     5.210215649,9514543,,offcore_response.all_requests.llc_hit.any_response,81110981,100.00,,
     5.210215649,117592,,offcore_response.all_requests.llc_miss.any_response,81117270,100.00,,
     5.310411511,9535330,,offcore_response.all_requests.llc_hit.any_response,81068246,100.00,,
     5.310411511,117440,,offcore_response.all_requests.llc_miss.any_response,81067688,100.00,,
     5.410607741,6080871,,offcore_response.all_requests.llc_hit.any_response,51784993,100.00,,
     5.410607741,74878,,offcore_response.all_requests.llc_miss.any_response,51764238,100.00,,
     5.510803203,2092459,,offcore_response.all_requests.llc_hit.any_response,22576616,100.00,,
     5.510803203,24690,,offcore_response.all_requests.llc_miss.any_response,22587688,100.00,,
     5.611000088,9538639,,offcore_response.all_requests.llc_hit.any_response,81217711,100.00,,
     5.611000088,117374,,offcore_response.all_requests.llc_miss.any_response,81227295,100.00,,
     5.711195398,9545399,,offcore_response.all_requests.llc_hit.any_response,81139550,100.00,,
     5.711195398,117285,,offcore_response.all_requests.llc_miss.any_response,81140284,100.00,,
     5.811390757,9557529,,offcore_response.all_requests.llc_hit.any_response,81093457,100.00,,
     5.811390757,117461,,offcore_response.all_requests.llc_miss.any_response,81081640,100.00,,
     5.911581951,9518234,,offcore_response.all_requests.llc_hit.any_response,81147757,100.00,,
     5.911581951,117425,,offcore_response.all_requests.llc_miss.any_response,81159251,100.00,,
     6.011776166,9533326,,offcore_response.all_requests.llc_hit.any_response,81201687,100.00,,
     6.011776166,117607,,offcore_response.all_requests.llc_miss.any_response,81191490,100.00,,
     6.111967348,9508292,,offcore_response.all_requests.llc_hit.any_response,81176116,100.00,,
     6.111967348,117430,,offcore_response.all_requests.llc_miss.any_response,81186360,100.00,,
     6.212165512,9526951,,offcore_response.all_requests.llc_hit.any_response,81238972,100.00,,
     6.212165512,117623,,offcore_response.all_requests.llc_miss.any_response,81238225,100.00,,
     6.312359524,9514598,,offcore_response.all_requests.llc_hit.any_response,81221138,100.00,,
     6.312359524,117802,,offcore_response.all_requests.llc_miss.any_response,81222193,100.00,,
     6.412554381,9515864,,offcore_response.all_requests.llc_hit.any_response,81170892,100.00,,
     6.412554381,117406,,offcore_response.all_requests.llc_miss.any_response,81170041,100.00,,
     6.512748489,6044627,,offcore_response.all_requests.llc_hit.any_response,51584762,100.00,,
     6.512748489,74500,,offcore_response.all_requests.llc_miss.any_response,51564191,100.00,,
     6.612966415,2092223,,offcore_response.all_requests.llc_hit.any_response,23006744,100.00,,
     6.612966415,24194,,offcore_response.all_requests.llc_miss.any_response,23017043,100.00,,
     6.713151359,9358309,,offcore_response.all_requests.llc_hit.any_response,81301632,100.00,,
     6.713151359,113060,,offcore_response.all_requests.llc_miss.any_response,81295854,100.00,,
     6.813344041,9329302,,offcore_response.all_requests.llc_hit.any_response,81127652,100.00,,
     6.813344041,113477,,offcore_response.all_requests.llc_miss.any_response,81140332,100.00,,
     6.913533555,9317755,,offcore_response.all_requests.llc_hit.any_response,81069863,100.00,,
     6.913533555,113455,,offcore_response.all_requests.llc_miss.any_response,81063367,100.00,,
     7.013726864,9363948,,offcore_response.all_requests.llc_hit.any_response,81266160,100.00,,
     7.013726864,112942,,offcore_response.all_requests.llc_miss.any_response,81276743,100.00,,
     7.113923132,9340887,,offcore_response.all_requests.llc_hit.any_response,81180245,100.00,,
     7.113923132,112784,,offcore_response.all_requests.llc_miss.any_response,81178548,100.00,,
     7.214115485,9364593,,offcore_response.all_requests.llc_hit.any_response,81225790,100.00,,
     7.214115485,113200,,offcore_response.all_requests.llc_miss.any_response,81227159,100.00,,
     7.314311361,9359999,,offcore_response.all_requests.llc_hit.any_response,81170224,100.00,,
     7.314311361,113185,,offcore_response.all_requests.llc_miss.any_response,81169497,100.00,,
     7.414505580,9315765,,offcore_response.all_requests.llc_hit.any_response,81142450,100.00,,
     7.414505580,112948,,offcore_response.all_requests.llc_miss.any_response,81143430,100.00,,
     7.514672471,9338395,,offcore_response.all_requests.llc_hit.any_response,81232821,100.00,,
     7.514672471,113451,,offcore_response.all_requests.llc_miss.any_response,81232665,100.00,,
     7.614870944,6028048,,offcore_response.all_requests.llc_hit.any_response,52410450,100.00,,
     7.614870944,73176,,offcore_response.all_requests.llc_miss.any_response,52389393,100.00,,
     7.715063626,2229609,,offcore_response.all_requests.llc_hit.any_response,23201382,100.00,,
     7.715063626,25954,,offcore_response.all_requests.llc_miss.any_response,23224346,100.00,,
     7.815263467,9306861,,offcore_response.all_requests.llc_hit.any_response,81164943,100.00,,
     7.815263467,113523,,offcore_response.all_requests.llc_miss.any_response,81162874,100.00,,
     7.915458303,9304120,,offcore_response.all_requests.llc_hit.any_response,81287650,100.00,,
     7.915458303,113253,,offcore_response.all_requests.llc_miss.any_response,81287975,100.00,,
     8.015669582,9349160,,offcore_response.all_requests.llc_hit.any_response,81360912,100.00,,
     8.015669582,113199,,offcore_response.all_requests.llc_miss.any_response,81360316,100.00,,
     8.115865818,9347974,,offcore_response.all_requests.llc_hit.any_response,81282933,100.00,,
     8.115865818,112987,,offcore_response.all_requests.llc_miss.any_response,81283386,100.00,,
     8.216061523,9348754,,offcore_response.all_requests.llc_hit.any_response,81415250,100.00,,
     8.216061523,113609,,offcore_response.all_requests.llc_miss.any_response,81414471,100.00,,
     8.316262284,9348664,,offcore_response.all_requests.llc_hit.any_response,81471616,100.00,,
     8.316262284,113718,,offcore_response.all_requests.llc_miss.any_response,81472512,100.00,,
     8.416460686,9353344,,offcore_response.all_requests.llc_hit.any_response,81393033,100.00,,
     8.416460686,113512,,offcore_response.all_requests.llc_miss.any_response,81392219,100.00,,
     8.516652952,9326752,,offcore_response.all_requests.llc_hit.any_response,81375782,100.00,,
     8.516652952,113361,,offcore_response.all_requests.llc_miss.any_response,81376607,100.00,,
     8.616845939,9308115,,offcore_response.all_requests.llc_hit.any_response,81439376,100.00,,
     8.616845939,113215,,offcore_response.all_requests.llc_miss.any_response,81438516,100.00,,
     8.717038540,5756564,,offcore_response.all_requests.llc_hit.any_response,50285764,100.00,,
     8.717038540,69978,,offcore_response.all_requests.llc_miss.any_response,50265419,100.00,,
     8.817249580,2194036,,offcore_response.all_requests.llc_hit.any_response,23727415,100.00,,
     8.817249580,25620,,offcore_response.all_requests.llc_miss.any_response,23737569,100.00,,
     8.917462085,9346510,,offcore_response.all_requests.llc_hit.any_response,81288725,100.00,,
     8.917462085,113386,,offcore_response.all_requests.llc_miss.any_response,81299068,100.00,,
     9.017660313,9355887,,offcore_response.all_requests.llc_hit.any_response,81302166,100.00,,
     9.017660313,113268,,offcore_response.all_requests.llc_miss.any_response,81302657,100.00,,
     9.117854896,9360251,,offcore_response.all_requests.llc_hit.any_response,81247351,100.00,,
     9.117854896,113433,,offcore_response.all_requests.llc_miss.any_response,81245752,100.00,,
     9.218045555,9318789,,offcore_response.all_requests.llc_hit.any_response,81222503,100.00,,
     9.218045555,113241,,offcore_response.all_requests.llc_miss.any_response,81223972,100.00,,
     9.318239504,9316448,,offcore_response.all_requests.llc_hit.any_response,81225882,100.00,,
     9.318239504,113619,,offcore_response.all_requests.llc_miss.any_response,81225447,100.00,,
     9.418432943,9341430,,offcore_response.all_requests.llc_hit.any_response,81141922,100.00,,
     9.418432943,113654,,offcore_response.all_requests.llc_miss.any_response,81130510,100.00,,
     9.518625057,9366545,,offcore_response.all_requests.llc_hit.any_response,81225870,100.00,,
     9.518625057,113643,,offcore_response.all_requests.llc_miss.any_response,81237311,100.00,,
     9.618819229,9340401,,offcore_response.all_requests.llc_hit.any_response,81288346,100.00,,
     9.618819229,113944,,offcore_response.all_requests.llc_miss.any_response,81288925,100.00,,
     9.719014136,9355804,,offcore_response.all_requests.llc_hit.any_response,81254254,100.00,,
     9.719014136,113513,,offcore_response.all_requests.llc_miss.any_response,81251980,100.00,,
     9.819206202,5793749,,offcore_response.all_requests.llc_hit.any_response,50457035,100.00,,
     9.819206202,70284,,offcore_response.all_requests.llc_miss.any_response,50438278,100.00,,
     9.919400344,2239424,,offcore_response.all_requests.llc_hit.any_response,23589354,100.00,,
     9.919400344,26015,,offcore_response.all_requests.llc_miss.any_response,23600600,100.00,,
    10.019600724,9535550,,offcore_response.all_requests.llc_hit.any_response,81201987,100.00,,
    10.019600724,116802,,offcore_response.all_requests.llc_miss.any_response,81211271,100.00,,
    10.119799716,9542729,,offcore_response.all_requests.llc_hit.any_response,81193049,100.00,,
    10.119799716,117475,,offcore_response.all_requests.llc_miss.any_response,81193678,100.00,,
    10.219993898,9534525,,offcore_response.all_requests.llc_hit.any_response,81250006,100.00,,
    10.219993898,117626,,offcore_response.all_requests.llc_miss.any_response,81249437,100.00,,
    10.320186637,9528385,,offcore_response.all_requests.llc_hit.any_response,81291995,100.00,,
    10.320186637,117382,,offcore_response.all_requests.llc_miss.any_response,81291328,100.00,,
    10.420383495,9540355,,offcore_response.all_requests.llc_hit.any_response,81209452,100.00,,
    10.420383495,117120,,offcore_response.all_requests.llc_miss.any_response,81194652,100.00,,
    10.520575368,9514943,,offcore_response.all_requests.llc_hit.any_response,81116574,100.00,,
    10.520575368,117494,,offcore_response.all_requests.llc_miss.any_response,81132580,100.00,,
    10.620772316,9558602,,offcore_response.all_requests.llc_hit.any_response,81318254,100.00,,
    10.620772316,117497,,offcore_response.all_requests.llc_miss.any_response,81302896,100.00,,
    10.720954530,9555322,,offcore_response.all_requests.llc_hit.any_response,81263582,100.00,,
    10.720954530,117513,,offcore_response.all_requests.llc_miss.any_response,81264727,100.00,,
    10.821150085,9484916,,offcore_response.all_requests.llc_hit.any_response,81062843,100.00,,
    10.821150085,117101,,offcore_response.all_requests.llc_miss.any_response,81076515,100.00,,
    10.921367731,5841752,,offcore_response.all_requests.llc_hit.any_response,49884502,100.00,,
    10.921367731,72228,,offcore_response.all_requests.llc_miss.any_response,49863914,100.00,,
    11.021569293,2269034,,offcore_response.all_requests.llc_hit.any_response,23960031,100.00,,
    11.021569293,26991,,offcore_response.all_requests.llc_miss.any_response,23982921,100.00,,
