# started on Mon May  1 16:12:05 2023

     0.100177802,2942908,,offcore_response.all_requests.llc_hit.any_response,41148999,100.00,,
     0.100177802,39633,,offcore_response.all_requests.llc_miss.any_response,41148999,100.00,,
     0.200410054,2990700,,offcore_response.all_requests.llc_hit.any_response,40996912,100.00,,
     0.200410054,39159,,offcore_response.all_requests.llc_miss.any_response,41018429,100.00,,
     0.300604780,2954010,,offcore_response.all_requests.llc_hit.any_response,41586841,100.00,,
     0.300604780,39422,,offcore_response.all_requests.llc_miss.any_response,41587799,100.00,,
     0.400803450,2963684,,offcore_response.all_requests.llc_hit.any_response,41470878,100.00,,
     0.400803450,39208,,offcore_response.all_requests.llc_miss.any_response,41448403,100.00,,
     0.500990694,2940586,,offcore_response.all_requests.llc_hit.any_response,39334618,100.00,,
     0.500990694,39607,,offcore_response.all_requests.llc_miss.any_response,39356772,100.00,,
     0.601190908,2925279,,offcore_response.all_requests.llc_hit.any_response,40179021,100.00,,
     0.601190908,39301,,offcore_response.all_requests.llc_miss.any_response,40178021,100.00,,
     0.701387137,2963781,,offcore_response.all_requests.llc_hit.any_response,40946070,100.00,,
     0.701387137,39192,,offcore_response.all_requests.llc_miss.any_response,40947218,100.00,,
     0.801584805,2973113,,offcore_response.all_requests.llc_hit.any_response,41873211,100.00,,
     0.801584805,39439,,offcore_response.all_requests.llc_miss.any_response,41872188,100.00,,
     0.901785407,2944818,,offcore_response.all_requests.llc_hit.any_response,41739564,100.00,,
     0.901785407,39397,,offcore_response.all_requests.llc_miss.any_response,41740336,100.00,,
     1.001985029,2943984,,offcore_response.all_requests.llc_hit.any_response,38935893,100.00,,
     1.001985029,39271,,offcore_response.all_requests.llc_miss.any_response,38925612,100.00,,
     1.102177797,3023586,,offcore_response.all_requests.llc_hit.any_response,42628504,100.00,,
     1.102177797,39289,,offcore_response.all_requests.llc_miss.any_response,42616734,100.00,,
     1.202372310,2992270,,offcore_response.all_requests.llc_hit.any_response,42236499,100.00,,
     1.202372310,39303,,offcore_response.all_requests.llc_miss.any_response,42236499,100.00,,
     1.302567816,2968106,,offcore_response.all_requests.llc_hit.any_response,42160948,100.00,,
     1.302567816,38912,,offcore_response.all_requests.llc_miss.any_response,42160948,100.00,,
     1.402758903,2971303,,offcore_response.all_requests.llc_hit.any_response,41162001,100.00,,
     1.402758903,38786,,offcore_response.all_requests.llc_miss.any_response,41162001,100.00,,
     1.502947069,2935583,,offcore_response.all_requests.llc_hit.any_response,41116541,100.00,,
     1.502947069,39704,,offcore_response.all_requests.llc_miss.any_response,41116541,100.00,,
     1.603137942,2945628,,offcore_response.all_requests.llc_hit.any_response,41167472,100.00,,
     1.603137942,39149,,offcore_response.all_requests.llc_miss.any_response,41167472,100.00,,
     1.703327257,3043717,,offcore_response.all_requests.llc_hit.any_response,41957170,100.00,,
     1.703327257,39509,,offcore_response.all_requests.llc_miss.any_response,41957170,100.00,,
     1.803517865,2928958,,offcore_response.all_requests.llc_hit.any_response,41179025,100.00,,
     1.803517865,39207,,offcore_response.all_requests.llc_miss.any_response,41200460,100.00,,
     1.903714037,2994070,,offcore_response.all_requests.llc_hit.any_response,42030884,100.00,,
     1.903714037,39333,,offcore_response.all_requests.llc_miss.any_response,42009449,100.00,,
     2.003932954,2985743,,offcore_response.all_requests.llc_hit.any_response,41684662,100.00,,
     2.003932954,38745,,offcore_response.all_requests.llc_miss.any_response,41684662,100.00,,
     2.104120980,3007586,,offcore_response.all_requests.llc_hit.any_response,42391378,100.00,,
     2.104120980,39443,,offcore_response.all_requests.llc_miss.any_response,42391378,100.00,,
     2.204309901,2912318,,offcore_response.all_requests.llc_hit.any_response,40239922,100.00,,
     2.204309901,38908,,offcore_response.all_requests.llc_miss.any_response,40239922,100.00,,
     2.304519169,2939784,,offcore_response.all_requests.llc_hit.any_response,41227835,100.00,,
     2.304519169,40154,,offcore_response.all_requests.llc_miss.any_response,41243344,100.00,,
     2.404713179,2939854,,offcore_response.all_requests.llc_hit.any_response,41095190,100.00,,
     2.404713179,39303,,offcore_response.all_requests.llc_miss.any_response,41079681,100.00,,
     2.504896049,2958269,,offcore_response.all_requests.llc_hit.any_response,41119118,100.00,,
     2.504896049,39088,,offcore_response.all_requests.llc_miss.any_response,41144484,100.00,,
     2.605117322,2968351,,offcore_response.all_requests.llc_hit.any_response,41397185,100.00,,
     2.605117322,39447,,offcore_response.all_requests.llc_miss.any_response,41382544,100.00,,
     2.705315829,2968990,,offcore_response.all_requests.llc_hit.any_response,40881974,100.00,,
     2.705315829,39066,,offcore_response.all_requests.llc_miss.any_response,40871249,100.00,,
     2.805511478,2992513,,offcore_response.all_requests.llc_hit.any_response,41397857,100.00,,
     2.805511478,39088,,offcore_response.all_requests.llc_miss.any_response,41419026,100.00,,
     2.905709844,2973245,,offcore_response.all_requests.llc_hit.any_response,41328194,100.00,,
     2.905709844,39378,,offcore_response.all_requests.llc_miss.any_response,41307025,100.00,,
     3.005902324,3023068,,offcore_response.all_requests.llc_hit.any_response,41807761,100.00,,
     3.005902324,39613,,offcore_response.all_requests.llc_miss.any_response,41807761,100.00,,
     3.106090169,2998059,,offcore_response.all_requests.llc_hit.any_response,41632156,100.00,,
     3.106090169,38618,,offcore_response.all_requests.llc_miss.any_response,41641945,100.00,,
     3.206284533,2985040,,offcore_response.all_requests.llc_hit.any_response,41823151,100.00,,
     3.206284533,39444,,offcore_response.all_requests.llc_miss.any_response,41813362,100.00,,
     3.306473360,2947416,,offcore_response.all_requests.llc_hit.any_response,40808901,100.00,,
     3.306473360,38720,,offcore_response.all_requests.llc_miss.any_response,40831022,100.00,,
     3.406671970,3016605,,offcore_response.all_requests.llc_hit.any_response,41796625,100.00,,
     3.406671970,39746,,offcore_response.all_requests.llc_miss.any_response,41795648,100.00,,
     3.506868411,2959998,,offcore_response.all_requests.llc_hit.any_response,41138432,100.00,,
     3.506868411,39144,,offcore_response.all_requests.llc_miss.any_response,41139247,100.00,,
     3.607065886,2976194,,offcore_response.all_requests.llc_hit.any_response,41200235,100.00,,
     3.607065886,39243,,offcore_response.all_requests.llc_miss.any_response,41199222,100.00,,
     3.707261321,2975591,,offcore_response.all_requests.llc_hit.any_response,42189375,100.00,,
     3.707261321,39268,,offcore_response.all_requests.llc_miss.any_response,42168429,100.00,,
     3.807450620,2968290,,offcore_response.all_requests.llc_hit.any_response,40649169,100.00,,
     3.807450620,39722,,offcore_response.all_requests.llc_miss.any_response,40649169,100.00,,
     3.907638251,2947501,,offcore_response.all_requests.llc_hit.any_response,40689533,100.00,,
     3.907638251,39409,,offcore_response.all_requests.llc_miss.any_response,40689533,100.00,,
     4.007833060,2947913,,offcore_response.all_requests.llc_hit.any_response,41616212,100.00,,
     4.007833060,39116,,offcore_response.all_requests.llc_miss.any_response,41616212,100.00,,
     4.108021008,2990719,,offcore_response.all_requests.llc_hit.any_response,41593378,100.00,,
     4.108021008,39280,,offcore_response.all_requests.llc_miss.any_response,41593378,100.00,,
     4.208210279,2959215,,offcore_response.all_requests.llc_hit.any_response,41225078,100.00,,
     4.208210279,39476,,offcore_response.all_requests.llc_miss.any_response,41250367,100.00,,
     4.308412204,2902554,,offcore_response.all_requests.llc_hit.any_response,40441698,100.00,,
     4.308412204,38726,,offcore_response.all_requests.llc_miss.any_response,40430061,100.00,,
     4.408605454,2954097,,offcore_response.all_requests.llc_hit.any_response,41183874,100.00,,
     4.408605454,39527,,offcore_response.all_requests.llc_miss.any_response,41191411,100.00,,
     4.508819688,3028632,,offcore_response.all_requests.llc_hit.any_response,43185356,100.00,,
     4.508819688,39136,,offcore_response.all_requests.llc_miss.any_response,43164167,100.00,,
     4.609009457,2938663,,offcore_response.all_requests.llc_hit.any_response,41201831,100.00,,
     4.609009457,38787,,offcore_response.all_requests.llc_miss.any_response,41223391,100.00,,
     4.709206771,2994962,,offcore_response.all_requests.llc_hit.any_response,41908351,100.00,,
     4.709206771,39816,,offcore_response.all_requests.llc_miss.any_response,41886791,100.00,,
     4.809395924,2955311,,offcore_response.all_requests.llc_hit.any_response,41416253,100.00,,
     4.809395924,38670,,offcore_response.all_requests.llc_miss.any_response,41437795,100.00,,
     4.909591143,2960290,,offcore_response.all_requests.llc_hit.any_response,41222230,100.00,,
     4.909591143,39576,,offcore_response.all_requests.llc_miss.any_response,41200688,100.00,,
     5.009781885,2975037,,offcore_response.all_requests.llc_hit.any_response,41200011,100.00,,
     5.009781885,38577,,offcore_response.all_requests.llc_miss.any_response,41221433,100.00,,
     5.109976616,2998194,,offcore_response.all_requests.llc_hit.any_response,42276956,100.00,,
     5.109976616,39515,,offcore_response.all_requests.llc_miss.any_response,42277385,100.00,,
     5.210175036,2987790,,offcore_response.all_requests.llc_hit.any_response,41382739,100.00,,
     5.210175036,39436,,offcore_response.all_requests.llc_miss.any_response,41373527,100.00,,
     5.310370748,3000596,,offcore_response.all_requests.llc_hit.any_response,41683535,100.00,,
     5.310370748,39374,,offcore_response.all_requests.llc_miss.any_response,41692867,100.00,,
     5.410569091,2991287,,offcore_response.all_requests.llc_hit.any_response,41323704,100.00,,
     5.410569091,38832,,offcore_response.all_requests.llc_miss.any_response,41322955,100.00,,
     5.510766334,3009646,,offcore_response.all_requests.llc_hit.any_response,42066656,100.00,,
     5.510766334,39113,,offcore_response.all_requests.llc_miss.any_response,42045434,100.00,,
     5.610958252,2991295,,offcore_response.all_requests.llc_hit.any_response,40947193,100.00,,
     5.610958252,39214,,offcore_response.all_requests.llc_miss.any_response,40960275,100.00,,
     5.711152892,2964676,,offcore_response.all_requests.llc_hit.any_response,40555754,100.00,,
     5.711152892,39155,,offcore_response.all_requests.llc_miss.any_response,40542672,100.00,,
     5.811343002,3033459,,offcore_response.all_requests.llc_hit.any_response,42458649,100.00,,
     5.811343002,39617,,offcore_response.all_requests.llc_miss.any_response,42458649,100.00,,
     5.911532451,2945948,,offcore_response.all_requests.llc_hit.any_response,40662956,100.00,,
     5.911532451,39442,,offcore_response.all_requests.llc_miss.any_response,40662956,100.00,,
     6.011723653,2974938,,offcore_response.all_requests.llc_hit.any_response,41314104,100.00,,
     6.011723653,39084,,offcore_response.all_requests.llc_miss.any_response,41329306,100.00,,
     6.111948498,2995925,,offcore_response.all_requests.llc_hit.any_response,42130150,100.00,,
     6.111948498,38991,,offcore_response.all_requests.llc_miss.any_response,42114948,100.00,,
     6.212139576,2930724,,offcore_response.all_requests.llc_hit.any_response,40806010,100.00,,
     6.212139576,39733,,offcore_response.all_requests.llc_miss.any_response,40827301,100.00,,
     6.312338857,2974321,,offcore_response.all_requests.llc_hit.any_response,41599133,100.00,,
     6.312338857,39564,,offcore_response.all_requests.llc_miss.any_response,41577842,100.00,,
     6.412533114,2949209,,offcore_response.all_requests.llc_hit.any_response,40641585,100.00,,
     6.412533114,38774,,offcore_response.all_requests.llc_miss.any_response,40662644,100.00,,
     6.512725539,2990906,,offcore_response.all_requests.llc_hit.any_response,42126016,100.00,,
     6.512725539,38976,,offcore_response.all_requests.llc_miss.any_response,42104957,100.00,,
     6.612935853,2995026,,offcore_response.all_requests.llc_hit.any_response,41892486,100.00,,
     6.612935853,39494,,offcore_response.all_requests.llc_miss.any_response,41892486,100.00,,
     6.713123891,2973774,,offcore_response.all_requests.llc_hit.any_response,41605355,100.00,,
     6.713123891,38524,,offcore_response.all_requests.llc_miss.any_response,41605355,100.00,,
     6.813313870,2961618,,offcore_response.all_requests.llc_hit.any_response,40143080,100.00,,
     6.813313870,39590,,offcore_response.all_requests.llc_miss.any_response,40143080,100.00,,
     6.913503479,3005591,,offcore_response.all_requests.llc_hit.any_response,41542902,100.00,,
     6.913503479,39607,,offcore_response.all_requests.llc_miss.any_response,41565030,100.00,,
     7.013703234,2942834,,offcore_response.all_requests.llc_hit.any_response,41216605,100.00,,
     7.013703234,38722,,offcore_response.all_requests.llc_miss.any_response,41215741,100.00,,
     7.113898300,2989613,,offcore_response.all_requests.llc_hit.any_response,41766736,100.00,,
     7.113898300,39206,,offcore_response.all_requests.llc_miss.any_response,41767138,100.00,,
     7.214095586,3022182,,offcore_response.all_requests.llc_hit.any_response,41796493,100.00,,
     7.214095586,39488,,offcore_response.all_requests.llc_miss.any_response,41774827,100.00,,
     7.314284085,2889205,,offcore_response.all_requests.llc_hit.any_response,40869887,100.00,,
     7.314284085,38882,,offcore_response.all_requests.llc_miss.any_response,40869887,100.00,,
     7.414474518,2943051,,offcore_response.all_requests.llc_hit.any_response,41563752,100.00,,
     7.414474518,39608,,offcore_response.all_requests.llc_miss.any_response,41585026,100.00,,
     7.514669905,2947585,,offcore_response.all_requests.llc_hit.any_response,41788645,100.00,,
     7.514669905,39038,,offcore_response.all_requests.llc_miss.any_response,41797660,100.00,,
     7.614887401,2929935,,offcore_response.all_requests.llc_hit.any_response,41256498,100.00,,
     7.614887401,39036,,offcore_response.all_requests.llc_miss.any_response,41226209,100.00,,
     7.715075930,2945880,,offcore_response.all_requests.llc_hit.any_response,40875997,100.00,,
     7.715075930,38940,,offcore_response.all_requests.llc_miss.any_response,40898352,100.00,,
     7.815272298,3020462,,offcore_response.all_requests.llc_hit.any_response,42129004,100.00,,
     7.815272298,39840,,offcore_response.all_requests.llc_miss.any_response,42106649,100.00,,
     7.915459802,2974055,,offcore_response.all_requests.llc_hit.any_response,42046973,100.00,,
     7.915459802,38874,,offcore_response.all_requests.llc_miss.any_response,42046973,100.00,,
     8.015650780,2981401,,offcore_response.all_requests.llc_hit.any_response,41860191,100.00,,
     8.015650780,39147,,offcore_response.all_requests.llc_miss.any_response,41860191,100.00,,
     8.115841751,2996179,,offcore_response.all_requests.llc_hit.any_response,42358140,100.00,,
     8.115841751,38980,,offcore_response.all_requests.llc_miss.any_response,42367018,100.00,,
     8.216037765,2984158,,offcore_response.all_requests.llc_hit.any_response,40811421,100.00,,
     8.216037765,39231,,offcore_response.all_requests.llc_miss.any_response,40802543,100.00,,
     8.316229254,2930491,,offcore_response.all_requests.llc_hit.any_response,40134141,100.00,,
     8.316229254,38721,,offcore_response.all_requests.llc_miss.any_response,40147592,100.00,,
     8.416422602,2970590,,offcore_response.all_requests.llc_hit.any_response,41752420,100.00,,
     8.416422602,39167,,offcore_response.all_requests.llc_miss.any_response,41738969,100.00,,
     8.516611030,3005388,,offcore_response.all_requests.llc_hit.any_response,42998674,100.00,,
     8.516611030,39181,,offcore_response.all_requests.llc_miss.any_response,43021276,100.00,,
     8.616808246,3008436,,offcore_response.all_requests.llc_hit.any_response,42073297,100.00,,
     8.616808246,39497,,offcore_response.all_requests.llc_miss.any_response,42071864,100.00,,
     8.717004895,3000320,,offcore_response.all_requests.llc_hit.any_response,41126130,100.00,,
     8.717004895,39622,,offcore_response.all_requests.llc_miss.any_response,41104961,100.00,,
     8.817214142,2951249,,offcore_response.all_requests.llc_hit.any_response,39123604,100.00,,
     8.817214142,39311,,offcore_response.all_requests.llc_miss.any_response,39123604,100.00,,
     8.917403661,3005263,,offcore_response.all_requests.llc_hit.any_response,41376457,100.00,,
     8.917403661,39479,,offcore_response.all_requests.llc_miss.any_response,41376457,100.00,,
     9.017591763,2913659,,offcore_response.all_requests.llc_hit.any_response,40814755,100.00,,
     9.017591763,38652,,offcore_response.all_requests.llc_miss.any_response,40814755,100.00,,
     9.117783075,2997322,,offcore_response.all_requests.llc_hit.any_response,42546796,100.00,,
     9.117783075,39509,,offcore_response.all_requests.llc_miss.any_response,42546796,100.00,,
     9.217973247,2983265,,offcore_response.all_requests.llc_hit.any_response,40645976,100.00,,
     9.217973247,38977,,offcore_response.all_requests.llc_miss.any_response,40666946,100.00,,
     9.318167189,2958373,,offcore_response.all_requests.llc_hit.any_response,41087361,100.00,,
     9.318167189,39097,,offcore_response.all_requests.llc_miss.any_response,41066391,100.00,,
     9.418357218,2967320,,offcore_response.all_requests.llc_hit.any_response,41372162,100.00,,
     9.418357218,39290,,offcore_response.all_requests.llc_miss.any_response,41372162,100.00,,
     9.518544251,2922108,,offcore_response.all_requests.llc_hit.any_response,41328765,100.00,,
     9.518544251,39579,,offcore_response.all_requests.llc_miss.any_response,41328765,100.00,,
     9.618735803,2952087,,offcore_response.all_requests.llc_hit.any_response,41651832,100.00,,
     9.618735803,39499,,offcore_response.all_requests.llc_miss.any_response,41673001,100.00,,
     9.718931884,2957174,,offcore_response.all_requests.llc_hit.any_response,41267090,100.00,,
     9.718931884,39527,,offcore_response.all_requests.llc_miss.any_response,41245921,100.00,,
     9.819120192,2942885,,offcore_response.all_requests.llc_hit.any_response,40657451,100.00,,
     9.819120192,39053,,offcore_response.all_requests.llc_miss.any_response,40657451,100.00,,
     9.919307990,2945094,,offcore_response.all_requests.llc_hit.any_response,41431805,100.00,,
     9.919307990,39114,,offcore_response.all_requests.llc_miss.any_response,41431805,100.00,,
    10.019496338,2944683,,offcore_response.all_requests.llc_hit.any_response,40793480,100.00,,
    10.019496338,39564,,offcore_response.all_requests.llc_miss.any_response,40793480,100.00,,
    10.119685546,2942432,,offcore_response.all_requests.llc_hit.any_response,40860401,100.00,,
    10.119685546,39241,,offcore_response.all_requests.llc_miss.any_response,40860401,100.00,,
    10.219874716,3010526,,offcore_response.all_requests.llc_hit.any_response,41419037,100.00,,
    10.219874716,39380,,offcore_response.all_requests.llc_miss.any_response,41440129,100.00,,
    10.320070228,2922383,,offcore_response.all_requests.llc_hit.any_response,41209458,100.00,,
    10.320070228,38955,,offcore_response.all_requests.llc_miss.any_response,41210390,100.00,,
    10.420268984,2999065,,offcore_response.all_requests.llc_hit.any_response,41076689,100.00,,
    10.420268984,38978,,offcore_response.all_requests.llc_miss.any_response,41054665,100.00,,
    10.520456347,2970476,,offcore_response.all_requests.llc_hit.any_response,41359872,100.00,,
    10.520456347,39269,,offcore_response.all_requests.llc_miss.any_response,41359872,100.00,,
    10.620648718,2962085,,offcore_response.all_requests.llc_hit.any_response,41637835,100.00,,
    10.620648718,39454,,offcore_response.all_requests.llc_miss.any_response,41637835,100.00,,
    10.720837197,2992134,,offcore_response.all_requests.llc_hit.any_response,41682672,100.00,,
    10.720837197,39094,,offcore_response.all_requests.llc_miss.any_response,41704738,100.00,,
    10.821033528,3000890,,offcore_response.all_requests.llc_hit.any_response,40906802,100.00,,
    10.821033528,39923,,offcore_response.all_requests.llc_miss.any_response,40884736,100.00,,
    10.921228970,2926537,,offcore_response.all_requests.llc_hit.any_response,39933128,100.00,,
    10.921228970,38646,,offcore_response.all_requests.llc_miss.any_response,39955546,100.00,,
    11.021444574,2953186,,offcore_response.all_requests.llc_hit.any_response,41068375,100.00,,
    11.021444574,39714,,offcore_response.all_requests.llc_miss.any_response,41045957,100.00,,
