# started on Mon May  1 16:10:19 2023

     0.100143834,58531040,,inst_retired.any,49097294,100.00,134.9,IpMispredict
     0.100143834,433866,,br_misp_retired.all_branches,49097294,100.00,,
     0.200396803,58641392,,inst_retired.any,48747100,100.00,137.5,IpMispredict
     0.200396803,419115,,br_misp_retired.all_branches,48747100,100.00,,
     0.300588102,59261071,,inst_retired.any,49299654,100.00,139.2,IpMispredict
     0.300588102,424024,,br_misp_retired.all_branches,49299654,100.00,,
     0.400777186,58714454,,inst_retired.any,48910600,100.00,138.2,IpMispredict
     0.400777186,422100,,br_misp_retired.all_branches,48910600,100.00,,
     0.500966534,58518496,,inst_retired.any,48682109,100.00,138.1,IpMispredict
     0.500966534,419153,,br_misp_retired.all_branches,48682109,100.00,,
     0.601157269,59049105,,inst_retired.any,48947442,100.00,139.4,IpMispredict
     0.601157269,423005,,br_misp_retired.all_branches,48947442,100.00,,
     0.701344416,59042419,,inst_retired.any,49094611,100.00,139.5,IpMispredict
     0.701344416,422020,,br_misp_retired.all_branches,49094611,100.00,,
     0.801532103,58721777,,inst_retired.any,48880648,100.00,138.9,IpMispredict
     0.801532103,419465,,br_misp_retired.all_branches,48880648,100.00,,
     0.901683844,58900458,,inst_retired.any,49243408,100.00,139.3,IpMispredict
     0.901683844,421382,,br_misp_retired.all_branches,49243408,100.00,,
     1.001873279,58285702,,inst_retired.any,48690766,100.00,138.2,IpMispredict
     1.001873279,414151,,br_misp_retired.all_branches,48690766,100.00,,
     1.102061297,59060015,,inst_retired.any,49132230,100.00,140.0,IpMispredict
     1.102061297,421614,,br_misp_retired.all_branches,49132230,100.00,,
     1.202248176,59004633,,inst_retired.any,49087425,100.00,139.8,IpMispredict
     1.202248176,423110,,br_misp_retired.all_branches,49087425,100.00,,
     1.302442867,58614539,,inst_retired.any,48760123,100.00,139.0,IpMispredict
     1.302442867,418965,,br_misp_retired.all_branches,48760123,100.00,,
     1.402634741,58711073,,inst_retired.any,48756039,100.00,139.3,IpMispredict
     1.402634741,417862,,br_misp_retired.all_branches,48756039,100.00,,
     1.502826328,58678563,,inst_retired.any,48761312,100.00,139.4,IpMispredict
     1.502826328,416396,,br_misp_retired.all_branches,48761312,100.00,,
     1.603023764,58945621,,inst_retired.any,48976621,100.00,140.0,IpMispredict
     1.603023764,421320,,br_misp_retired.all_branches,48976621,100.00,,
     1.703215367,59175453,,inst_retired.any,49164223,100.00,140.5,IpMispredict
     1.703215367,422491,,br_misp_retired.all_branches,49164223,100.00,,
     1.803405513,58733705,,inst_retired.any,48856551,100.00,139.6,IpMispredict
     1.803405513,413840,,br_misp_retired.all_branches,48856551,100.00,,
     1.903596812,58906239,,inst_retired.any,48766016,100.00,140.1,IpMispredict
     1.903596812,417277,,br_misp_retired.all_branches,48766016,100.00,,
     2.003788116,58694012,,inst_retired.any,48853345,100.00,139.6,IpMispredict
     2.003788116,417116,,br_misp_retired.all_branches,48853345,100.00,,
     2.103978478,58825636,,inst_retired.any,48821468,100.00,140.0,IpMispredict
     2.103978478,417313,,br_misp_retired.all_branches,48821468,100.00,,
     2.204169737,58553802,,inst_retired.any,48709751,100.00,139.4,IpMispredict
     2.204169737,417913,,br_misp_retired.all_branches,48709751,100.00,,
     2.304359740,59852929,,inst_retired.any,49607609,100.00,142.4,IpMispredict
     2.304359740,425710,,br_misp_retired.all_branches,49607609,100.00,,
     2.404552756,58701292,,inst_retired.any,48737821,100.00,139.7,IpMispredict
     2.404552756,418947,,br_misp_retired.all_branches,48737821,100.00,,
     2.504751138,58528570,,inst_retired.any,48521570,100.00,139.3,IpMispredict
     2.504751138,416986,,br_misp_retired.all_branches,48521570,100.00,,
     2.604939223,58977404,,inst_retired.any,48947199,100.00,140.4,IpMispredict
     2.604939223,419863,,br_misp_retired.all_branches,48947199,100.00,,
     2.705128461,59050418,,inst_retired.any,49116073,100.00,140.5,IpMispredict
     2.705128461,421110,,br_misp_retired.all_branches,49116073,100.00,,
     2.805335467,58752440,,inst_retired.any,48866175,100.00,139.8,IpMispredict
     2.805335467,420737,,br_misp_retired.all_branches,48866175,100.00,,
     2.905525185,58611710,,inst_retired.any,48762717,100.00,139.5,IpMispredict
     2.905525185,417892,,br_misp_retired.all_branches,48762717,100.00,,
     3.005715920,58696548,,inst_retired.any,48659269,100.00,139.7,IpMispredict
     3.005715920,418468,,br_misp_retired.all_branches,48659269,100.00,,
     3.105906009,59011331,,inst_retired.any,48893309,100.00,140.5,IpMispredict
     3.105906009,418744,,br_misp_retired.all_branches,48893309,100.00,,
     3.206093092,59184944,,inst_retired.any,49002746,100.00,140.9,IpMispredict
     3.206093092,419789,,br_misp_retired.all_branches,49002746,100.00,,
     3.306246118,58649635,,inst_retired.any,48869270,100.00,139.7,IpMispredict
     3.306246118,416623,,br_misp_retired.all_branches,48869270,100.00,,
     3.406387160,58605559,,inst_retired.any,48543071,100.00,139.6,IpMispredict
     3.406387160,416278,,br_misp_retired.all_branches,48543071,100.00,,
     3.506556702,58662724,,inst_retired.any,48670926,100.00,139.8,IpMispredict
     3.506556702,415832,,br_misp_retired.all_branches,48670926,100.00,,
     3.606752281,58910225,,inst_retired.any,48720767,100.00,140.4,IpMispredict
     3.606752281,418256,,br_misp_retired.all_branches,48720767,100.00,,
     3.706945087,58843344,,inst_retired.any,48864983,100.00,140.2,IpMispredict
     3.706945087,419153,,br_misp_retired.all_branches,48864983,100.00,,
     3.807132577,59051358,,inst_retired.any,48947714,100.00,140.7,IpMispredict
     3.807132577,420233,,br_misp_retired.all_branches,48947714,100.00,,
     3.907320418,58638310,,inst_retired.any,48391019,100.00,139.7,IpMispredict
     3.907320418,418448,,br_misp_retired.all_branches,48391019,100.00,,
     4.007508873,58607844,,inst_retired.any,48617569,100.00,139.7,IpMispredict
     4.007508873,417933,,br_misp_retired.all_branches,48617569,100.00,,
     4.107702086,59147234,,inst_retired.any,48930389,100.00,141.0,IpMispredict
     4.107702086,418940,,br_misp_retired.all_branches,48930389,100.00,,
     4.207905123,58774865,,inst_retired.any,48718938,100.00,140.1,IpMispredict
     4.207905123,416921,,br_misp_retired.all_branches,48718938,100.00,,
     4.308095720,58539699,,inst_retired.any,48660273,100.00,139.6,IpMispredict
     4.308095720,416163,,br_misp_retired.all_branches,48660273,100.00,,
     4.408283924,58993868,,inst_retired.any,49355342,100.00,140.6,IpMispredict
     4.408283924,421724,,br_misp_retired.all_branches,49355342,100.00,,
     4.508472603,58433085,,inst_retired.any,48526625,100.00,139.3,IpMispredict
     4.508472603,414560,,br_misp_retired.all_branches,48526625,100.00,,
     4.608638052,58893401,,inst_retired.any,49060311,100.00,140.4,IpMispredict
     4.608638052,420151,,br_misp_retired.all_branches,49060311,100.00,,
     4.708824783,58815413,,inst_retired.any,48842412,100.00,140.2,IpMispredict
     4.708824783,419419,,br_misp_retired.all_branches,48842412,100.00,,
     4.809016691,58873480,,inst_retired.any,49021084,100.00,140.4,IpMispredict
     4.809016691,421866,,br_misp_retired.all_branches,49021084,100.00,,
     4.909207812,58968102,,inst_retired.any,48979324,100.00,140.6,IpMispredict
     4.909207812,422792,,br_misp_retired.all_branches,48979324,100.00,,
     5.009397982,58924887,,inst_retired.any,48980324,100.00,140.4,IpMispredict
     5.009397982,422317,,br_misp_retired.all_branches,48980324,100.00,,
     5.109588228,58876537,,inst_retired.any,48880943,100.00,140.3,IpMispredict
     5.109588228,419474,,br_misp_retired.all_branches,48880943,100.00,,
     5.209775119,58599127,,inst_retired.any,48502314,100.00,139.7,IpMispredict
     5.209775119,416967,,br_misp_retired.all_branches,48502314,100.00,,
     5.309963895,58599810,,inst_retired.any,48681274,100.00,139.7,IpMispredict
     5.309963895,419516,,br_misp_retired.all_branches,48681274,100.00,,
     5.410152928,58801351,,inst_retired.any,48769788,100.00,140.2,IpMispredict
     5.410152928,416582,,br_misp_retired.all_branches,48769788,100.00,,
     5.510367989,58917265,,inst_retired.any,48808580,100.00,140.5,IpMispredict
     5.510367989,419310,,br_misp_retired.all_branches,48808580,100.00,,
     5.610558733,58957685,,inst_retired.any,49230633,100.00,140.6,IpMispredict
     5.610558733,419547,,br_misp_retired.all_branches,49230633,100.00,,
     5.710747659,58752011,,inst_retired.any,48851605,100.00,140.1,IpMispredict
     5.710747659,415750,,br_misp_retired.all_branches,48851605,100.00,,
     5.810937307,59154457,,inst_retired.any,49353819,100.00,141.0,IpMispredict
     5.810937307,419140,,br_misp_retired.all_branches,49353819,100.00,,
     5.911127527,58537339,,inst_retired.any,48661946,100.00,139.6,IpMispredict
     5.911127527,415955,,br_misp_retired.all_branches,48661946,100.00,,
     6.011315982,58708088,,inst_retired.any,48789623,100.00,140.0,IpMispredict
     6.011315982,416532,,br_misp_retired.all_branches,48789623,100.00,,
     6.111505426,58790911,,inst_retired.any,48818306,100.00,140.2,IpMispredict
     6.111505426,420724,,br_misp_retired.all_branches,48818306,100.00,,
     6.211696895,59085154,,inst_retired.any,48973767,100.00,140.9,IpMispredict
     6.211696895,420932,,br_misp_retired.all_branches,48973767,100.00,,
     6.311906263,59014401,,inst_retired.any,49018268,100.00,140.7,IpMispredict
     6.311906263,419497,,br_misp_retired.all_branches,49018268,100.00,,
     6.412100447,58984757,,inst_retired.any,49001963,100.00,140.7,IpMispredict
     6.412100447,418103,,br_misp_retired.all_branches,49001963,100.00,,
     6.512289102,58949738,,inst_retired.any,49039499,100.00,140.6,IpMispredict
     6.512289102,418687,,br_misp_retired.all_branches,49039499,100.00,,
     6.612478550,58669254,,inst_retired.any,48766287,100.00,139.9,IpMispredict
     6.612478550,416077,,br_misp_retired.all_branches,48766287,100.00,,
     6.712668669,58827931,,inst_retired.any,49004680,100.00,140.3,IpMispredict
     6.712668669,421095,,br_misp_retired.all_branches,49004680,100.00,,
     6.812857071,58800345,,inst_retired.any,48915854,100.00,140.2,IpMispredict
     6.812857071,419237,,br_misp_retired.all_branches,48915854,100.00,,
     6.913046562,58535444,,inst_retired.any,48645412,100.00,139.6,IpMispredict
     6.913046562,420482,,br_misp_retired.all_branches,48645412,100.00,,
     7.013232835,58928842,,inst_retired.any,49065727,100.00,140.5,IpMispredict
     7.013232835,422284,,br_misp_retired.all_branches,49065727,100.00,,
     7.113420712,58744165,,inst_retired.any,48801157,100.00,140.1,IpMispredict
     7.113420712,415680,,br_misp_retired.all_branches,48801157,100.00,,
     7.213611472,58781509,,inst_retired.any,48969337,100.00,140.2,IpMispredict
     7.213611472,417123,,br_misp_retired.all_branches,48969337,100.00,,
     7.313797919,59367356,,inst_retired.any,49188337,100.00,141.6,IpMispredict
     7.313797919,425254,,br_misp_retired.all_branches,49188337,100.00,,
     7.413985429,59239455,,inst_retired.any,49458002,100.00,141.2,IpMispredict
     7.413985429,429403,,br_misp_retired.all_branches,49458002,100.00,,
     7.514174679,58753464,,inst_retired.any,48905943,100.00,140.0,IpMispredict
     7.514174679,425257,,br_misp_retired.all_branches,48905943,100.00,,
     7.614369175,58525864,,inst_retired.any,48529406,100.00,139.5,IpMispredict
     7.614369175,420068,,br_misp_retired.all_branches,48529406,100.00,,
     7.714556584,58848575,,inst_retired.any,48927895,100.00,140.2,IpMispredict
     7.714556584,425397,,br_misp_retired.all_branches,48927895,100.00,,
     7.814744100,58913458,,inst_retired.any,49053309,100.00,140.4,IpMispredict
     7.814744100,425001,,br_misp_retired.all_branches,49053309,100.00,,
     7.914932090,58882751,,inst_retired.any,48929825,100.00,140.3,IpMispredict
     7.914932090,423887,,br_misp_retired.all_branches,48929825,100.00,,
     8.015124815,59120059,,inst_retired.any,49047593,100.00,140.8,IpMispredict
     8.015124815,421629,,br_misp_retired.all_branches,49047593,100.00,,
     8.115316280,58874633,,inst_retired.any,48931048,100.00,140.2,IpMispredict
     8.115316280,420430,,br_misp_retired.all_branches,48931048,100.00,,
     8.215501183,58700127,,inst_retired.any,48922915,100.00,139.8,IpMispredict
     8.215501183,418922,,br_misp_retired.all_branches,48922915,100.00,,
     8.315709405,58632856,,inst_retired.any,48708767,100.00,139.7,IpMispredict
     8.315709405,418584,,br_misp_retired.all_branches,48708767,100.00,,
     8.415930682,58716383,,inst_retired.any,48943398,100.00,139.9,IpMispredict
     8.415930682,422332,,br_misp_retired.all_branches,48943398,100.00,,
     8.516118004,59144105,,inst_retired.any,49403875,100.00,140.9,IpMispredict
     8.516118004,420921,,br_misp_retired.all_branches,49403875,100.00,,
     8.616307230,58824619,,inst_retired.any,48899013,100.00,140.1,IpMispredict
     8.616307230,421956,,br_misp_retired.all_branches,48899013,100.00,,
     8.716498122,58518570,,inst_retired.any,48680795,100.00,139.4,IpMispredict
     8.716498122,418863,,br_misp_retired.all_branches,48680795,100.00,,
     8.816687461,59228903,,inst_retired.any,49514644,100.00,141.1,IpMispredict
     8.816687461,425198,,br_misp_retired.all_branches,49514644,100.00,,
     8.916876638,58688950,,inst_retired.any,48895252,100.00,139.8,IpMispredict
     8.916876638,422572,,br_misp_retired.all_branches,48895252,100.00,,
     9.017065206,58746971,,inst_retired.any,48985521,100.00,139.9,IpMispredict
     9.017065206,424766,,br_misp_retired.all_branches,48985521,100.00,,
     9.117254620,58721884,,inst_retired.any,48741336,100.00,139.8,IpMispredict
     9.117254620,420614,,br_misp_retired.all_branches,48741336,100.00,,
     9.217442196,58802260,,inst_retired.any,48817017,100.00,140.0,IpMispredict
     9.217442196,419462,,br_misp_retired.all_branches,48817017,100.00,,
     9.317634563,59190595,,inst_retired.any,49503333,100.00,140.9,IpMispredict
     9.317634563,422743,,br_misp_retired.all_branches,49503333,100.00,,
     9.417823763,59042302,,inst_retired.any,49317081,100.00,140.5,IpMispredict
     9.417823763,428012,,br_misp_retired.all_branches,49317081,100.00,,
     9.518013781,58833683,,inst_retired.any,48982760,100.00,140.0,IpMispredict
     9.518013781,420413,,br_misp_retired.all_branches,48982760,100.00,,
     9.618201002,58810220,,inst_retired.any,49075701,100.00,140.0,IpMispredict
     9.618201002,420202,,br_misp_retired.all_branches,49075701,100.00,,
     9.718392892,58840050,,inst_retired.any,48992903,100.00,140.0,IpMispredict
     9.718392892,423954,,br_misp_retired.all_branches,48992903,100.00,,
     9.818584083,58806447,,inst_retired.any,49212870,100.00,140.0,IpMispredict
     9.818584083,422038,,br_misp_retired.all_branches,49212870,100.00,,
     9.918778665,58661696,,inst_retired.any,48939527,100.00,139.6,IpMispredict
     9.918778665,421049,,br_misp_retired.all_branches,48939527,100.00,,
    10.018971143,58732633,,inst_retired.any,48956790,100.00,139.8,IpMispredict
    10.018971143,417800,,br_misp_retired.all_branches,48956790,100.00,,
    10.119160005,58823329,,inst_retired.any,49056555,100.00,140.0,IpMispredict
    10.119160005,421288,,br_misp_retired.all_branches,49056555,100.00,,
    10.219349956,58730129,,inst_retired.any,48965965,100.00,139.8,IpMispredict
    10.219349956,422236,,br_misp_retired.all_branches,48965965,100.00,,
    10.319541708,58755915,,inst_retired.any,48852313,100.00,139.8,IpMispredict
    10.319541708,421160,,br_misp_retired.all_branches,48852313,100.00,,
    10.419748305,58965483,,inst_retired.any,49136743,100.00,140.3,IpMispredict
    10.419748305,424243,,br_misp_retired.all_branches,49136743,100.00,,
    10.519938303,58969580,,inst_retired.any,49053602,100.00,140.3,IpMispredict
    10.519938303,421299,,br_misp_retired.all_branches,49053602,100.00,,
    10.620127917,58844957,,inst_retired.any,48941298,100.00,140.0,IpMispredict
    10.620127917,421711,,br_misp_retired.all_branches,48941298,100.00,,
    10.720317805,58675194,,inst_retired.any,48730039,100.00,139.6,IpMispredict
    10.720317805,418271,,br_misp_retired.all_branches,48730039,100.00,,
    10.820506279,59271875,,inst_retired.any,49230896,100.00,141.0,IpMispredict
    10.820506279,422279,,br_misp_retired.all_branches,49230896,100.00,,
    10.920695144,58833997,,inst_retired.any,48875766,100.00,140.0,IpMispredict
    10.920695144,416899,,br_misp_retired.all_branches,48875766,100.00,,
    11.020905046,58573392,,inst_retired.any,48405710,100.00,139.4,IpMispredict
    11.020905046,416244,,br_misp_retired.all_branches,48405710,100.00,,
