# started on Tue May  2 14:02:51 2023

     0.100190754,9347862,,offcore_response.all_requests.llc_hit.any_response,80181437,100.00,,
     0.100190754,399,,offcore_response.all_requests.llc_miss.any_response,80177162,100.00,,
     0.200427599,9336749,,offcore_response.all_requests.llc_hit.any_response,79663253,100.00,,
     0.200427599,606,,offcore_response.all_requests.llc_miss.any_response,79663419,100.00,,
     0.300627731,9438769,,offcore_response.all_requests.llc_hit.any_response,80766283,100.00,,
     0.300627731,580,,offcore_response.all_requests.llc_miss.any_response,80753275,100.00,,
     0.400821796,9429912,,offcore_response.all_requests.llc_hit.any_response,80591230,100.00,,
     0.400821796,598,,offcore_response.all_requests.llc_miss.any_response,80604229,100.00,,
     0.501020559,9345752,,offcore_response.all_requests.llc_hit.any_response,79772917,100.00,,
     0.501020559,616,,offcore_response.all_requests.llc_miss.any_response,79759784,100.00,,
     0.601213120,9449963,,offcore_response.all_requests.llc_hit.any_response,80660361,100.00,,
     0.601213120,590,,offcore_response.all_requests.llc_miss.any_response,80673835,100.00,,
     0.701412775,9335642,,offcore_response.all_requests.llc_hit.any_response,80030785,100.00,,
     0.701412775,703,,offcore_response.all_requests.llc_miss.any_response,80015661,100.00,,
     0.801606094,1117312,,offcore_response.all_requests.llc_hit.any_response,9576208,100.00,,
     0.801606094,218,,offcore_response.all_requests.llc_miss.any_response,9567897,100.00,,
     0.901800554,7461349,,offcore_response.all_requests.llc_hit.any_response,68636091,100.00,,
     0.901800554,7096,,offcore_response.all_requests.llc_miss.any_response,68646505,100.00,,
     1.002001866,9736448,,offcore_response.all_requests.llc_hit.any_response,83452975,100.00,,
     1.002001866,934,,offcore_response.all_requests.llc_miss.any_response,83465511,100.00,,
     1.102196131,9774645,,offcore_response.all_requests.llc_hit.any_response,83500228,100.00,,
     1.102196131,632,,offcore_response.all_requests.llc_miss.any_response,83499971,100.00,,
     1.202394389,9798256,,offcore_response.all_requests.llc_hit.any_response,83419172,100.00,,
     1.202394389,633,,offcore_response.all_requests.llc_miss.any_response,83419451,100.00,,
     1.302597078,9779632,,offcore_response.all_requests.llc_hit.any_response,83258861,100.00,,
     1.302597078,566,,offcore_response.all_requests.llc_miss.any_response,83258743,100.00,,
     1.402795727,9801787,,offcore_response.all_requests.llc_hit.any_response,83491624,100.00,,
     1.402795727,616,,offcore_response.all_requests.llc_miss.any_response,83491734,100.00,,
     1.502995646,9790698,,offcore_response.all_requests.llc_hit.any_response,83271534,100.00,,
     1.502995646,698,,offcore_response.all_requests.llc_miss.any_response,83271946,100.00,,
     1.603192117,9764159,,offcore_response.all_requests.llc_hit.any_response,83166348,100.00,,
     1.603192117,807,,offcore_response.all_requests.llc_miss.any_response,83166154,100.00,,
     1.703391230,9808959,,offcore_response.all_requests.llc_hit.any_response,83496880,100.00,,
     1.703391230,1049,,offcore_response.all_requests.llc_miss.any_response,83492540,100.00,,
     1.803601256,1210444,,offcore_response.all_requests.llc_hit.any_response,10391073,100.00,,
     1.803601256,197,,offcore_response.all_requests.llc_miss.any_response,10372231,100.00,,
     1.903793437,<not counted>,,offcore_response.all_requests.llc_hit.any_response,0,100.00,,
     1.903793437,<not counted>,,offcore_response.all_requests.llc_miss.any_response,0,100.00,,
     2.003982988,7725555,,offcore_response.all_requests.llc_hit.any_response,70441257,100.00,,
     2.003982988,1468,,offcore_response.all_requests.llc_miss.any_response,70467734,100.00,,
     2.104187460,9772569,,offcore_response.all_requests.llc_hit.any_response,83409061,100.00,,
     2.104187460,550,,offcore_response.all_requests.llc_miss.any_response,83403262,100.00,,
     2.204387205,9778089,,offcore_response.all_requests.llc_hit.any_response,83447715,100.00,,
     2.204387205,586,,offcore_response.all_requests.llc_miss.any_response,83450099,100.00,,
     2.304605179,9783022,,offcore_response.all_requests.llc_hit.any_response,83443544,100.00,,
     2.304605179,559,,offcore_response.all_requests.llc_miss.any_response,83443322,100.00,,
     2.404807981,9792494,,offcore_response.all_requests.llc_hit.any_response,83522968,100.00,,
     2.404807981,545,,offcore_response.all_requests.llc_miss.any_response,83523102,100.00,,
     2.505009761,9741220,,offcore_response.all_requests.llc_hit.any_response,83339833,100.00,,
     2.505009761,622,,offcore_response.all_requests.llc_miss.any_response,83339642,100.00,,
     2.605205760,9773789,,offcore_response.all_requests.llc_hit.any_response,83669582,100.00,,
     2.605205760,584,,offcore_response.all_requests.llc_miss.any_response,83669973,100.00,,
     2.705405067,9736643,,offcore_response.all_requests.llc_hit.any_response,83617806,100.00,,
     2.705405067,407,,offcore_response.all_requests.llc_miss.any_response,83617891,100.00,,
     2.805605103,9739382,,offcore_response.all_requests.llc_hit.any_response,83494059,100.00,,
     2.805605103,469,,offcore_response.all_requests.llc_miss.any_response,83481268,100.00,,
     2.905800895,1274778,,offcore_response.all_requests.llc_hit.any_response,10982406,100.00,,
     2.905800895,141,,offcore_response.all_requests.llc_miss.any_response,10971938,100.00,,
     3.005996900,<not counted>,,offcore_response.all_requests.llc_hit.any_response,0,100.00,,
     3.005996900,<not counted>,,offcore_response.all_requests.llc_miss.any_response,0,100.00,,
     3.106185558,7809211,,offcore_response.all_requests.llc_hit.any_response,71369630,100.00,,
     3.106185558,796,,offcore_response.all_requests.llc_miss.any_response,71385068,100.00,,
     3.206385584,9735933,,offcore_response.all_requests.llc_hit.any_response,83701439,100.00,,
     3.206385584,528,,offcore_response.all_requests.llc_miss.any_response,83697347,100.00,,
     3.306584129,9771145,,offcore_response.all_requests.llc_hit.any_response,83347477,100.00,,
     3.306584129,587,,offcore_response.all_requests.llc_miss.any_response,83359254,100.00,,
     3.406784862,9754410,,offcore_response.all_requests.llc_hit.any_response,83591185,100.00,,
     3.406784862,525,,offcore_response.all_requests.llc_miss.any_response,83590994,100.00,,
     3.506983255,9744002,,offcore_response.all_requests.llc_hit.any_response,83335779,100.00,,
     3.506983255,681,,offcore_response.all_requests.llc_miss.any_response,83330762,100.00,,
     3.607181870,9719437,,offcore_response.all_requests.llc_hit.any_response,83516485,100.00,,
     3.607181870,580,,offcore_response.all_requests.llc_miss.any_response,83521435,100.00,,
     3.707380031,9723133,,offcore_response.all_requests.llc_hit.any_response,83482398,100.00,,
     3.707380031,526,,offcore_response.all_requests.llc_miss.any_response,83477092,100.00,,
     3.807607580,9755835,,offcore_response.all_requests.llc_hit.any_response,83322601,100.00,,
     3.807607580,442,,offcore_response.all_requests.llc_miss.any_response,83315999,100.00,,
     3.907801385,9664118,,offcore_response.all_requests.llc_hit.any_response,83001843,100.00,,
     3.907801385,511,,offcore_response.all_requests.llc_miss.any_response,83014122,100.00,,
     4.008003322,1261075,,offcore_response.all_requests.llc_hit.any_response,10877697,100.00,,
     4.008003322,226,,offcore_response.all_requests.llc_miss.any_response,10854461,100.00,,
     4.108198012,<not counted>,,offcore_response.all_requests.llc_hit.any_response,0,100.00,,
     4.108198012,<not counted>,,offcore_response.all_requests.llc_miss.any_response,0,100.00,,
     4.208386275,7838101,,offcore_response.all_requests.llc_hit.any_response,70842993,100.00,,
     4.208386275,1208,,offcore_response.all_requests.llc_miss.any_response,70852167,100.00,,
     4.308587229,9789659,,offcore_response.all_requests.llc_hit.any_response,83557702,100.00,,
     4.308587229,588,,offcore_response.all_requests.llc_miss.any_response,83560706,100.00,,
     4.408784909,9801624,,offcore_response.all_requests.llc_hit.any_response,83452092,100.00,,
     4.408784909,591,,offcore_response.all_requests.llc_miss.any_response,83455823,100.00,,
     4.509002421,9831387,,offcore_response.all_requests.llc_hit.any_response,83538081,100.00,,
     4.509002421,586,,offcore_response.all_requests.llc_miss.any_response,83533338,100.00,,
     4.609194865,9751675,,offcore_response.all_requests.llc_hit.any_response,83148362,100.00,,
     4.609194865,612,,offcore_response.all_requests.llc_miss.any_response,83161311,100.00,,
     4.709397083,9802169,,offcore_response.all_requests.llc_hit.any_response,83898406,100.00,,
     4.709397083,1238,,offcore_response.all_requests.llc_miss.any_response,83897443,100.00,,
     4.809596911,9793915,,offcore_response.all_requests.llc_hit.any_response,83265706,100.00,,
     4.809596911,534,,offcore_response.all_requests.llc_miss.any_response,83253538,100.00,,
     4.909799689,9733404,,offcore_response.all_requests.llc_hit.any_response,83259404,100.00,,
     4.909799689,651,,offcore_response.all_requests.llc_miss.any_response,83271362,100.00,,
     5.010004097,9815097,,offcore_response.all_requests.llc_hit.any_response,83713961,100.00,,
     5.010004097,526,,offcore_response.all_requests.llc_miss.any_response,83714094,100.00,,
     5.110201719,1243569,,offcore_response.all_requests.llc_hit.any_response,10726739,100.00,,
     5.110201719,189,,offcore_response.all_requests.llc_miss.any_response,10703664,100.00,,
     5.210397603,<not counted>,,offcore_response.all_requests.llc_hit.any_response,0,100.00,,
     5.210397603,<not counted>,,offcore_response.all_requests.llc_miss.any_response,0,100.00,,
     5.310589749,7847158,,offcore_response.all_requests.llc_hit.any_response,70855883,100.00,,
     5.310589749,1376,,offcore_response.all_requests.llc_miss.any_response,70881940,100.00,,
     5.410751088,9752295,,offcore_response.all_requests.llc_hit.any_response,83207059,100.00,,
     5.410751088,732,,offcore_response.all_requests.llc_miss.any_response,83181002,100.00,,
     5.510955190,9724215,,offcore_response.all_requests.llc_hit.any_response,82956558,100.00,,
     5.510955190,762,,offcore_response.all_requests.llc_miss.any_response,82980141,100.00,,
     5.611156287,9766195,,offcore_response.all_requests.llc_hit.any_response,83269699,100.00,,
     5.611156287,762,,offcore_response.all_requests.llc_miss.any_response,83269705,100.00,,
     5.711358501,9775427,,offcore_response.all_requests.llc_hit.any_response,83333630,100.00,,
     5.711358501,873,,offcore_response.all_requests.llc_miss.any_response,83333856,100.00,,
     5.811558861,9817776,,offcore_response.all_requests.llc_hit.any_response,83616923,100.00,,
     5.811558861,895,,offcore_response.all_requests.llc_miss.any_response,83616341,100.00,,
     5.911764187,9824419,,offcore_response.all_requests.llc_hit.any_response,83658388,100.00,,
     5.911764187,616,,offcore_response.all_requests.llc_miss.any_response,83658419,100.00,,
     6.011963237,9818817,,offcore_response.all_requests.llc_hit.any_response,83636995,100.00,,
     6.011963237,693,,offcore_response.all_requests.llc_miss.any_response,83636928,100.00,,
     6.112162480,9822363,,offcore_response.all_requests.llc_hit.any_response,83695523,100.00,,
     6.112162480,678,,offcore_response.all_requests.llc_miss.any_response,83695710,100.00,,
     6.212360833,1099482,,offcore_response.all_requests.llc_hit.any_response,9448804,100.00,,
     6.212360833,289,,offcore_response.all_requests.llc_miss.any_response,9425420,100.00,,
     6.312555706,<not counted>,,offcore_response.all_requests.llc_hit.any_response,0,100.00,,
     6.312555706,<not counted>,,offcore_response.all_requests.llc_miss.any_response,0,100.00,,
     6.412746314,7707030,,offcore_response.all_requests.llc_hit.any_response,71694851,100.00,,
     6.412746314,922,,offcore_response.all_requests.llc_miss.any_response,71719162,100.00,,
     6.512947365,9561445,,offcore_response.all_requests.llc_hit.any_response,83572918,100.00,,
     6.512947365,589,,offcore_response.all_requests.llc_miss.any_response,83571855,100.00,,
     6.613145723,9572109,,offcore_response.all_requests.llc_hit.any_response,83474597,100.00,,
     6.613145723,697,,offcore_response.all_requests.llc_miss.any_response,83474688,100.00,,
     6.713370071,9582324,,offcore_response.all_requests.llc_hit.any_response,83631298,100.00,,
     6.713370071,599,,offcore_response.all_requests.llc_miss.any_response,83631983,100.00,,
     6.813573504,9577414,,offcore_response.all_requests.llc_hit.any_response,83412338,100.00,,
     6.813573504,556,,offcore_response.all_requests.llc_miss.any_response,83397702,100.00,,
     6.913772069,9614189,,offcore_response.all_requests.llc_hit.any_response,83778505,100.00,,
     6.913772069,697,,offcore_response.all_requests.llc_miss.any_response,83781836,100.00,,
     7.013969114,9629268,,offcore_response.all_requests.llc_hit.any_response,83759264,100.00,,
     7.013969114,708,,offcore_response.all_requests.llc_miss.any_response,83769601,100.00,,
     7.114168297,9632739,,offcore_response.all_requests.llc_hit.any_response,83780119,100.00,,
     7.114168297,707,,offcore_response.all_requests.llc_miss.any_response,83780270,100.00,,
     7.214368937,9607698,,offcore_response.all_requests.llc_hit.any_response,83887726,100.00,,
     7.214368937,664,,offcore_response.all_requests.llc_miss.any_response,83874766,100.00,,
     7.314568579,1050541,,offcore_response.all_requests.llc_hit.any_response,9264889,100.00,,
     7.314568579,186,,offcore_response.all_requests.llc_miss.any_response,9254642,100.00,,
     7.414765041,<not counted>,,offcore_response.all_requests.llc_hit.any_response,0,100.00,,
     7.414765041,<not counted>,,offcore_response.all_requests.llc_miss.any_response,0,100.00,,
     7.514953990,6939486,,offcore_response.all_requests.llc_hit.any_response,69276827,100.00,,
     7.514953990,85787,,offcore_response.all_requests.llc_miss.any_response,69302147,100.00,,
     7.615155448,8642675,,offcore_response.all_requests.llc_hit.any_response,80617220,100.00,,
     7.615155448,107514,,offcore_response.all_requests.llc_miss.any_response,80613884,100.00,,
     7.715356476,8625858,,offcore_response.all_requests.llc_hit.any_response,80684831,100.00,,
     7.715356476,107442,,offcore_response.all_requests.llc_miss.any_response,80681868,100.00,,
     7.815553564,8717591,,offcore_response.all_requests.llc_hit.any_response,81375201,100.00,,
     7.815553564,108820,,offcore_response.all_requests.llc_miss.any_response,81380397,100.00,,
     7.915754237,8681987,,offcore_response.all_requests.llc_hit.any_response,81071419,100.00,,
     7.915754237,108340,,offcore_response.all_requests.llc_miss.any_response,81071031,100.00,,
     8.015952863,8618942,,offcore_response.all_requests.llc_hit.any_response,80588397,100.00,,
     8.015952863,107600,,offcore_response.all_requests.llc_miss.any_response,80588686,100.00,,
     8.116151270,8740221,,offcore_response.all_requests.llc_hit.any_response,81561815,100.00,,
     8.116151270,108148,,offcore_response.all_requests.llc_miss.any_response,81563192,100.00,,
     8.216354476,8711290,,offcore_response.all_requests.llc_hit.any_response,81190323,100.00,,
     8.216354476,108331,,offcore_response.all_requests.llc_miss.any_response,81172326,100.00,,
     8.316552840,8686510,,offcore_response.all_requests.llc_hit.any_response,81119812,100.00,,
     8.316552840,108227,,offcore_response.all_requests.llc_miss.any_response,81136261,100.00,,
     8.416754242,8674330,,offcore_response.all_requests.llc_hit.any_response,81118386,100.00,,
     8.416754242,107850,,offcore_response.all_requests.llc_miss.any_response,81119369,100.00,,
     8.516959146,611688,,offcore_response.all_requests.llc_hit.any_response,5808768,100.00,,
     8.516959146,7767,,offcore_response.all_requests.llc_miss.any_response,5783838,100.00,,
     8.617150055,7035847,,offcore_response.all_requests.llc_hit.any_response,70128398,100.00,,
     8.617150055,86378,,offcore_response.all_requests.llc_miss.any_response,70133896,100.00,,
     8.717347531,8729043,,offcore_response.all_requests.llc_hit.any_response,81426401,100.00,,
     8.717347531,109184,,offcore_response.all_requests.llc_miss.any_response,81430147,100.00,,
     8.817543386,8702676,,offcore_response.all_requests.llc_hit.any_response,81221093,100.00,,
     8.817543386,108896,,offcore_response.all_requests.llc_miss.any_response,81235851,100.00,,
     8.917762304,8716143,,offcore_response.all_requests.llc_hit.any_response,81412027,100.00,,
     8.917762304,109102,,offcore_response.all_requests.llc_miss.any_response,81411985,100.00,,
     9.017962771,8705093,,offcore_response.all_requests.llc_hit.any_response,81253179,100.00,,
     9.017962771,108711,,offcore_response.all_requests.llc_miss.any_response,81253182,100.00,,
     9.118161996,8691207,,offcore_response.all_requests.llc_hit.any_response,81314822,100.00,,
     9.118161996,108568,,offcore_response.all_requests.llc_miss.any_response,81314877,100.00,,
     9.218321481,8687174,,offcore_response.all_requests.llc_hit.any_response,81374611,100.00,,
     9.218321481,108166,,offcore_response.all_requests.llc_miss.any_response,81350593,100.00,,
     9.318515592,8682810,,offcore_response.all_requests.llc_hit.any_response,81294995,100.00,,
     9.318515592,108352,,offcore_response.all_requests.llc_miss.any_response,81318961,100.00,,
     9.418716054,8688650,,offcore_response.all_requests.llc_hit.any_response,81273979,100.00,,
     9.418716054,109082,,offcore_response.all_requests.llc_miss.any_response,81273798,100.00,,
     9.518915077,8573338,,offcore_response.all_requests.llc_hit.any_response,80324230,100.00,,
     9.518915077,107673,,offcore_response.all_requests.llc_miss.any_response,80311567,100.00,,
     9.619111671,469474,,offcore_response.all_requests.llc_hit.any_response,4506876,100.00,,
     9.619111671,5894,,offcore_response.all_requests.llc_miss.any_response,4495754,100.00,,
     9.719303129,6946842,,offcore_response.all_requests.llc_hit.any_response,69767154,100.00,,
     9.719303129,85870,,offcore_response.all_requests.llc_miss.any_response,69791232,100.00,,
     9.819502095,8619381,,offcore_response.all_requests.llc_hit.any_response,80472788,100.00,,
     9.819502095,106962,,offcore_response.all_requests.llc_miss.any_response,80473666,100.00,,
     9.919705046,8698794,,offcore_response.all_requests.llc_hit.any_response,81355559,100.00,,
     9.919705046,108570,,offcore_response.all_requests.llc_miss.any_response,81354417,100.00,,
    10.019908179,8653825,,offcore_response.all_requests.llc_hit.any_response,81083255,100.00,,
    10.019908179,107725,,offcore_response.all_requests.llc_miss.any_response,81083437,100.00,,
    10.120111220,8693607,,offcore_response.all_requests.llc_hit.any_response,81239973,100.00,,
    10.120111220,107936,,offcore_response.all_requests.llc_miss.any_response,81240014,100.00,,
    10.220311695,8700373,,offcore_response.all_requests.llc_hit.any_response,81252950,100.00,,
    10.220311695,108550,,offcore_response.all_requests.llc_miss.any_response,81240709,100.00,,
    10.320508744,8696268,,offcore_response.all_requests.llc_hit.any_response,81172516,100.00,,
    10.320508744,108041,,offcore_response.all_requests.llc_miss.any_response,81175821,100.00,,
    10.420702541,8679009,,offcore_response.all_requests.llc_hit.any_response,81090637,100.00,,
    10.420702541,107668,,offcore_response.all_requests.llc_miss.any_response,81099529,100.00,,
    10.520903070,8734598,,offcore_response.all_requests.llc_hit.any_response,81432075,100.00,,
    10.520903070,108172,,offcore_response.all_requests.llc_miss.any_response,81432151,100.00,,
    10.621101905,8669508,,offcore_response.all_requests.llc_hit.any_response,80926007,100.00,,
    10.621101905,108006,,offcore_response.all_requests.llc_miss.any_response,80925740,100.00,,
    10.721302336,342642,,offcore_response.all_requests.llc_hit.any_response,3284863,100.00,,
    10.721302336,4351,,offcore_response.all_requests.llc_miss.any_response,3261061,100.00,,
    10.821497451,7147201,,offcore_response.all_requests.llc_hit.any_response,71713483,100.00,,
    10.821497451,24976,,offcore_response.all_requests.llc_miss.any_response,71736810,100.00,,
    10.921697622,9870774,,offcore_response.all_requests.llc_hit.any_response,83697400,100.00,,
    10.921697622,614,,offcore_response.all_requests.llc_miss.any_response,83697006,100.00,,
    11.021918790,9814494,,offcore_response.all_requests.llc_hit.any_response,83449125,100.00,,
    11.021918790,614,,offcore_response.all_requests.llc_miss.any_response,83449251,100.00,,
