# started on Mon May  1 19:18:34 2023

     0.100179210,2987148,,offcore_response.all_requests.llc_hit.any_response,41753985,100.00,,
     0.100179210,38906,,offcore_response.all_requests.llc_miss.any_response,41775257,100.00,,
     0.200396852,2964717,,offcore_response.all_requests.llc_hit.any_response,39584755,100.00,,
     0.200396852,38633,,offcore_response.all_requests.llc_miss.any_response,39582848,100.00,,
     0.300585410,2988841,,offcore_response.all_requests.llc_hit.any_response,42193498,100.00,,
     0.300585410,37946,,offcore_response.all_requests.llc_miss.any_response,42174133,100.00,,
     0.400771773,3018397,,offcore_response.all_requests.llc_hit.any_response,40645834,100.00,,
     0.400771773,38836,,offcore_response.all_requests.llc_miss.any_response,40645834,100.00,,
     0.500962478,2974734,,offcore_response.all_requests.llc_hit.any_response,41816218,100.00,,
     0.500962478,37942,,offcore_response.all_requests.llc_miss.any_response,41837177,100.00,,
     0.601131708,3006870,,offcore_response.all_requests.llc_hit.any_response,40510363,100.00,,
     0.601131708,38968,,offcore_response.all_requests.llc_miss.any_response,40511016,100.00,,
     0.701338394,3010416,,offcore_response.all_requests.llc_hit.any_response,42880833,100.00,,
     0.701338394,38185,,offcore_response.all_requests.llc_miss.any_response,42859221,100.00,,
     0.801527484,2951001,,offcore_response.all_requests.llc_hit.any_response,41647186,100.00,,
     0.801527484,38251,,offcore_response.all_requests.llc_miss.any_response,41668957,100.00,,
     0.901722966,2961229,,offcore_response.all_requests.llc_hit.any_response,41771366,100.00,,
     0.901722966,38766,,offcore_response.all_requests.llc_miss.any_response,41749595,100.00,,
     1.001915055,2967000,,offcore_response.all_requests.llc_hit.any_response,41807267,100.00,,
     1.001915055,38087,,offcore_response.all_requests.llc_miss.any_response,41815246,100.00,,
     1.102112511,2984853,,offcore_response.all_requests.llc_hit.any_response,41868935,100.00,,
     1.102112511,38573,,offcore_response.all_requests.llc_miss.any_response,41860956,100.00,,
     1.202300055,2975682,,offcore_response.all_requests.llc_hit.any_response,41992171,100.00,,
     1.202300055,38475,,offcore_response.all_requests.llc_miss.any_response,42000768,100.00,,
     1.302503121,3069055,,offcore_response.all_requests.llc_hit.any_response,43539097,100.00,,
     1.302503121,38761,,offcore_response.all_requests.llc_miss.any_response,43543977,100.00,,
     1.402695062,2987252,,offcore_response.all_requests.llc_hit.any_response,42675193,100.00,,
     1.402695062,37888,,offcore_response.all_requests.llc_miss.any_response,42670359,100.00,,
     1.502891583,3028149,,offcore_response.all_requests.llc_hit.any_response,40874342,100.00,,
     1.502891583,38413,,offcore_response.all_requests.llc_miss.any_response,40865699,100.00,,
     1.603080877,2966184,,offcore_response.all_requests.llc_hit.any_response,41763259,100.00,,
     1.603080877,38551,,offcore_response.all_requests.llc_miss.any_response,41763259,100.00,,
     1.703240463,3005426,,offcore_response.all_requests.llc_hit.any_response,42866802,100.00,,
     1.703240463,38352,,offcore_response.all_requests.llc_miss.any_response,42866802,100.00,,
     1.803428869,2973459,,offcore_response.all_requests.llc_hit.any_response,41369077,100.00,,
     1.803428869,38192,,offcore_response.all_requests.llc_miss.any_response,41391125,100.00,,
     1.903632296,3063047,,offcore_response.all_requests.llc_hit.any_response,42908310,100.00,,
     1.903632296,38636,,offcore_response.all_requests.llc_miss.any_response,42886262,100.00,,
     2.003833799,2941124,,offcore_response.all_requests.llc_hit.any_response,41523838,100.00,,
     2.003833799,38122,,offcore_response.all_requests.llc_miss.any_response,41523838,100.00,,
     2.104023938,3027986,,offcore_response.all_requests.llc_hit.any_response,42771687,100.00,,
     2.104023938,38795,,offcore_response.all_requests.llc_miss.any_response,42771687,100.00,,
     2.204226785,2975898,,offcore_response.all_requests.llc_hit.any_response,41849840,100.00,,
     2.204226785,38361,,offcore_response.all_requests.llc_miss.any_response,41871924,100.00,,
     2.304445327,2960499,,offcore_response.all_requests.llc_hit.any_response,42295331,100.00,,
     2.304445327,38204,,offcore_response.all_requests.llc_miss.any_response,42273247,100.00,,
     2.404635357,2998011,,offcore_response.all_requests.llc_hit.any_response,41704971,100.00,,
     2.404635357,38655,,offcore_response.all_requests.llc_miss.any_response,41704971,100.00,,
     2.504825098,2978131,,offcore_response.all_requests.llc_hit.any_response,42356914,100.00,,
     2.504825098,38246,,offcore_response.all_requests.llc_miss.any_response,42356914,100.00,,
     2.605013494,2945024,,offcore_response.all_requests.llc_hit.any_response,40848184,100.00,,
     2.605013494,38735,,offcore_response.all_requests.llc_miss.any_response,40848184,100.00,,
     2.705202424,2994253,,offcore_response.all_requests.llc_hit.any_response,41854209,100.00,,
     2.705202424,38600,,offcore_response.all_requests.llc_miss.any_response,41875067,100.00,,
     2.805397008,3017090,,offcore_response.all_requests.llc_hit.any_response,42570369,100.00,,
     2.805397008,38768,,offcore_response.all_requests.llc_miss.any_response,42549511,100.00,,
     2.905587916,2995276,,offcore_response.all_requests.llc_hit.any_response,41392493,100.00,,
     2.905587916,38043,,offcore_response.all_requests.llc_miss.any_response,41403563,100.00,,
     3.005782139,3007142,,offcore_response.all_requests.llc_hit.any_response,42733935,100.00,,
     3.005782139,38497,,offcore_response.all_requests.llc_miss.any_response,42722865,100.00,,
     3.105972229,3011728,,offcore_response.all_requests.llc_hit.any_response,42573618,100.00,,
     3.105972229,38414,,offcore_response.all_requests.llc_miss.any_response,42573618,100.00,,
     3.206161783,2979070,,offcore_response.all_requests.llc_hit.any_response,42254833,100.00,,
     3.206161783,38384,,offcore_response.all_requests.llc_miss.any_response,42276493,100.00,,
     3.306357840,2946035,,offcore_response.all_requests.llc_hit.any_response,41383483,100.00,,
     3.306357840,37791,,offcore_response.all_requests.llc_miss.any_response,41383049,100.00,,
     3.406559871,3049682,,offcore_response.all_requests.llc_hit.any_response,43752916,100.00,,
     3.406559871,38991,,offcore_response.all_requests.llc_miss.any_response,43754595,100.00,,
     3.506756843,3040102,,offcore_response.all_requests.llc_hit.any_response,42379969,100.00,,
     3.506756843,38330,,offcore_response.all_requests.llc_miss.any_response,42357064,100.00,,
     3.606943488,3019201,,offcore_response.all_requests.llc_hit.any_response,42548753,100.00,,
     3.606943488,38092,,offcore_response.all_requests.llc_miss.any_response,42548753,100.00,,
     3.707142315,2967812,,offcore_response.all_requests.llc_hit.any_response,41977734,100.00,,
     3.707142315,38159,,offcore_response.all_requests.llc_miss.any_response,41999103,100.00,,
     3.807341508,2973128,,offcore_response.all_requests.llc_hit.any_response,41260021,100.00,,
     3.807341508,38142,,offcore_response.all_requests.llc_miss.any_response,41238652,100.00,,
     3.907534876,3022917,,offcore_response.all_requests.llc_hit.any_response,42676623,100.00,,
     3.907534876,38457,,offcore_response.all_requests.llc_miss.any_response,42676623,100.00,,
     4.007734831,2989866,,offcore_response.all_requests.llc_hit.any_response,42851127,100.00,,
     4.007734831,38509,,offcore_response.all_requests.llc_miss.any_response,42872885,100.00,,
     4.107934450,2992014,,offcore_response.all_requests.llc_hit.any_response,42043867,100.00,,
     4.107934450,38580,,offcore_response.all_requests.llc_miss.any_response,42043280,100.00,,
     4.208129133,3002764,,offcore_response.all_requests.llc_hit.any_response,41187494,100.00,,
     4.208129133,38939,,offcore_response.all_requests.llc_miss.any_response,41187848,100.00,,
     4.308310343,2969968,,offcore_response.all_requests.llc_hit.any_response,41199865,100.00,,
     4.308310343,37820,,offcore_response.all_requests.llc_miss.any_response,41178340,100.00,,
     4.408505498,3042776,,offcore_response.all_requests.llc_hit.any_response,42964475,100.00,,
     4.408505498,38652,,offcore_response.all_requests.llc_miss.any_response,42986944,100.00,,
     4.508721804,2942550,,offcore_response.all_requests.llc_hit.any_response,41420849,100.00,,
     4.508721804,38637,,offcore_response.all_requests.llc_miss.any_response,41398380,100.00,,
     4.608909956,2981825,,offcore_response.all_requests.llc_hit.any_response,42593186,100.00,,
     4.608909956,38461,,offcore_response.all_requests.llc_miss.any_response,42614618,100.00,,
     4.709105195,2914510,,offcore_response.all_requests.llc_hit.any_response,41299371,100.00,,
     4.709105195,37795,,offcore_response.all_requests.llc_miss.any_response,41299141,100.00,,
     4.809299677,2964972,,offcore_response.all_requests.llc_hit.any_response,41601339,100.00,,
     4.809299677,38862,,offcore_response.all_requests.llc_miss.any_response,41601904,100.00,,
     4.909496480,2982519,,offcore_response.all_requests.llc_hit.any_response,42149410,100.00,,
     4.909496480,38836,,offcore_response.all_requests.llc_miss.any_response,42148657,100.00,,
     5.009690972,2913050,,offcore_response.all_requests.llc_hit.any_response,41017597,100.00,,
     5.009690972,37970,,offcore_response.all_requests.llc_miss.any_response,41010086,100.00,,
     5.109885305,3025228,,offcore_response.all_requests.llc_hit.any_response,42309023,100.00,,
     5.109885305,38717,,offcore_response.all_requests.llc_miss.any_response,42295520,100.00,,
     5.210073046,3012832,,offcore_response.all_requests.llc_hit.any_response,42012071,100.00,,
     5.210073046,38467,,offcore_response.all_requests.llc_miss.any_response,42012071,100.00,,
     5.310260958,2973144,,offcore_response.all_requests.llc_hit.any_response,41937464,100.00,,
     5.310260958,38374,,offcore_response.all_requests.llc_miss.any_response,41937464,100.00,,
     5.410448093,3040991,,offcore_response.all_requests.llc_hit.any_response,42725861,100.00,,
     5.410448093,38626,,offcore_response.all_requests.llc_miss.any_response,42741083,100.00,,
     5.510644962,2980205,,offcore_response.all_requests.llc_hit.any_response,41650267,100.00,,
     5.510644962,38298,,offcore_response.all_requests.llc_miss.any_response,41635045,100.00,,
     5.610835005,3016026,,offcore_response.all_requests.llc_hit.any_response,42336847,100.00,,
     5.610835005,38967,,offcore_response.all_requests.llc_miss.any_response,42336847,100.00,,
     5.711029345,2933443,,offcore_response.all_requests.llc_hit.any_response,41372928,100.00,,
     5.711029345,38226,,offcore_response.all_requests.llc_miss.any_response,41385707,100.00,,
     5.811227777,2991143,,offcore_response.all_requests.llc_hit.any_response,41694826,100.00,,
     5.811227777,38254,,offcore_response.all_requests.llc_miss.any_response,41703731,100.00,,
     5.911423620,2973227,,offcore_response.all_requests.llc_hit.any_response,42464527,100.00,,
     5.911423620,38532,,offcore_response.all_requests.llc_miss.any_response,42460923,100.00,,
     6.011617187,3013141,,offcore_response.all_requests.llc_hit.any_response,41507414,100.00,,
     6.011617187,38261,,offcore_response.all_requests.llc_miss.any_response,41489334,100.00,,
     6.111817170,3037712,,offcore_response.all_requests.llc_hit.any_response,42770035,100.00,,
     6.111817170,38726,,offcore_response.all_requests.llc_miss.any_response,42791308,100.00,,
     6.212013521,2965700,,offcore_response.all_requests.llc_hit.any_response,41599125,100.00,,
     6.212013521,38903,,offcore_response.all_requests.llc_miss.any_response,41599416,100.00,,
     6.312211222,2969422,,offcore_response.all_requests.llc_hit.any_response,41690536,100.00,,
     6.312211222,38241,,offcore_response.all_requests.llc_miss.any_response,41690580,100.00,,
     6.412405614,2945080,,offcore_response.all_requests.llc_hit.any_response,39986228,100.00,,
     6.412405614,38601,,offcore_response.all_requests.llc_miss.any_response,39964620,100.00,,
     6.512597762,2963850,,offcore_response.all_requests.llc_hit.any_response,41716767,100.00,,
     6.512597762,38470,,offcore_response.all_requests.llc_miss.any_response,41737968,100.00,,
     6.612817223,3048475,,offcore_response.all_requests.llc_hit.any_response,41755197,100.00,,
     6.612817223,39049,,offcore_response.all_requests.llc_miss.any_response,41733996,100.00,,
     6.713011823,3000236,,offcore_response.all_requests.llc_hit.any_response,42169991,100.00,,
     6.713011823,37900,,offcore_response.all_requests.llc_miss.any_response,42191072,100.00,,
     6.813220824,3038437,,offcore_response.all_requests.llc_hit.any_response,42835808,100.00,,
     6.813220824,38932,,offcore_response.all_requests.llc_miss.any_response,42836417,100.00,,
     6.913420205,2983338,,offcore_response.all_requests.llc_hit.any_response,41709830,100.00,,
     6.913420205,37836,,offcore_response.all_requests.llc_miss.any_response,41688140,100.00,,
     7.013609940,3003456,,offcore_response.all_requests.llc_hit.any_response,42498485,100.00,,
     7.013609940,38527,,offcore_response.all_requests.llc_miss.any_response,42498485,100.00,,
     7.113800254,2995316,,offcore_response.all_requests.llc_hit.any_response,41827314,100.00,,
     7.113800254,38726,,offcore_response.all_requests.llc_miss.any_response,41827314,100.00,,
     7.213992151,2967146,,offcore_response.all_requests.llc_hit.any_response,42259911,100.00,,
     7.213992151,38577,,offcore_response.all_requests.llc_miss.any_response,42259911,100.00,,
     7.314182200,2927782,,offcore_response.all_requests.llc_hit.any_response,41088940,100.00,,
     7.314182200,37673,,offcore_response.all_requests.llc_miss.any_response,41088940,100.00,,
     7.414371260,3027676,,offcore_response.all_requests.llc_hit.any_response,41994656,100.00,,
     7.414371260,38627,,offcore_response.all_requests.llc_miss.any_response,41994656,100.00,,
     7.514548951,2982919,,offcore_response.all_requests.llc_hit.any_response,42002694,100.00,,
     7.514548951,38795,,offcore_response.all_requests.llc_miss.any_response,42012211,100.00,,
     7.614743511,3030897,,offcore_response.all_requests.llc_hit.any_response,42655207,100.00,,
     7.614743511,38484,,offcore_response.all_requests.llc_miss.any_response,42667342,100.00,,
     7.714939344,2975310,,offcore_response.all_requests.llc_hit.any_response,41677279,100.00,,
     7.714939344,38430,,offcore_response.all_requests.llc_miss.any_response,41655627,100.00,,
     7.815128098,2976887,,offcore_response.all_requests.llc_hit.any_response,41660183,100.00,,
     7.815128098,38643,,offcore_response.all_requests.llc_miss.any_response,41660183,100.00,,
     7.915317147,2969128,,offcore_response.all_requests.llc_hit.any_response,41781643,100.00,,
     7.915317147,38221,,offcore_response.all_requests.llc_miss.any_response,41802824,100.00,,
     8.015512510,2953056,,offcore_response.all_requests.llc_hit.any_response,41831373,100.00,,
     8.015512510,38134,,offcore_response.all_requests.llc_miss.any_response,41810192,100.00,,
     8.115703962,2995373,,offcore_response.all_requests.llc_hit.any_response,39818367,100.00,,
     8.115703962,38368,,offcore_response.all_requests.llc_miss.any_response,39818367,100.00,,
     8.215892352,2958604,,offcore_response.all_requests.llc_hit.any_response,41372391,100.00,,
     8.215892352,37992,,offcore_response.all_requests.llc_miss.any_response,41372391,100.00,,
     8.316082284,2975643,,offcore_response.all_requests.llc_hit.any_response,42318012,100.00,,
     8.316082284,38490,,offcore_response.all_requests.llc_miss.any_response,42318012,100.00,,
     8.416240450,2987122,,offcore_response.all_requests.llc_hit.any_response,41614308,100.00,,
     8.416240450,38806,,offcore_response.all_requests.llc_miss.any_response,41614308,100.00,,
     8.516436142,2992009,,offcore_response.all_requests.llc_hit.any_response,40892164,100.00,,
     8.516436142,38286,,offcore_response.all_requests.llc_miss.any_response,40892164,100.00,,
     8.616623944,3009975,,offcore_response.all_requests.llc_hit.any_response,41875031,100.00,,
     8.616623944,38528,,offcore_response.all_requests.llc_miss.any_response,41889173,100.00,,
     8.716817932,3002294,,offcore_response.all_requests.llc_hit.any_response,42350545,100.00,,
     8.716817932,37817,,offcore_response.all_requests.llc_miss.any_response,42357441,100.00,,
     8.817034118,3038010,,offcore_response.all_requests.llc_hit.any_response,41859631,100.00,,
     8.817034118,38968,,offcore_response.all_requests.llc_miss.any_response,41857346,100.00,,
     8.917234592,2954649,,offcore_response.all_requests.llc_hit.any_response,39482878,100.00,,
     8.917234592,37781,,offcore_response.all_requests.llc_miss.any_response,39484827,100.00,,
     9.017430128,2972545,,offcore_response.all_requests.llc_hit.any_response,42008032,100.00,,
     9.017430128,38700,,offcore_response.all_requests.llc_miss.any_response,42009052,100.00,,
     9.117616168,2997690,,offcore_response.all_requests.llc_hit.any_response,42582175,100.00,,
     9.117616168,38525,,offcore_response.all_requests.llc_miss.any_response,42581443,100.00,,
     9.217813771,2962894,,offcore_response.all_requests.llc_hit.any_response,41421604,100.00,,
     9.217813771,38056,,offcore_response.all_requests.llc_miss.any_response,41422408,100.00,,
     9.318014015,2972138,,offcore_response.all_requests.llc_hit.any_response,42087950,100.00,,
     9.318014015,38803,,offcore_response.all_requests.llc_miss.any_response,42066156,100.00,,
     9.418203015,2992937,,offcore_response.all_requests.llc_hit.any_response,41662468,100.00,,
     9.418203015,38146,,offcore_response.all_requests.llc_miss.any_response,41662468,100.00,,
     9.518392547,2981177,,offcore_response.all_requests.llc_hit.any_response,41639787,100.00,,
     9.518392547,38135,,offcore_response.all_requests.llc_miss.any_response,41661116,100.00,,
     9.618589118,2974126,,offcore_response.all_requests.llc_hit.any_response,41988393,100.00,,
     9.618589118,38575,,offcore_response.all_requests.llc_miss.any_response,41988917,100.00,,
     9.718786358,2972878,,offcore_response.all_requests.llc_hit.any_response,42445583,100.00,,
     9.718786358,38045,,offcore_response.all_requests.llc_miss.any_response,42423730,100.00,,
     9.818974088,2978345,,offcore_response.all_requests.llc_hit.any_response,41624054,100.00,,
     9.818974088,39001,,offcore_response.all_requests.llc_miss.any_response,41624054,100.00,,
     9.919164482,2902921,,offcore_response.all_requests.llc_hit.any_response,41830058,100.00,,
     9.919164482,38145,,offcore_response.all_requests.llc_miss.any_response,41850846,100.00,,
    10.019357862,2996969,,offcore_response.all_requests.llc_hit.any_response,40579942,100.00,,
    10.019357862,38458,,offcore_response.all_requests.llc_miss.any_response,40580909,100.00,,
    10.119555193,2976445,,offcore_response.all_requests.llc_hit.any_response,42399299,100.00,,
    10.119555193,38562,,offcore_response.all_requests.llc_miss.any_response,42377544,100.00,,
    10.219745238,3035074,,offcore_response.all_requests.llc_hit.any_response,42753961,100.00,,
    10.219745238,38527,,offcore_response.all_requests.llc_miss.any_response,42753961,100.00,,
    10.319935411,3001540,,offcore_response.all_requests.llc_hit.any_response,41689149,100.00,,
    10.319935411,38538,,offcore_response.all_requests.llc_miss.any_response,41689149,100.00,,
    10.420124439,2960218,,offcore_response.all_requests.llc_hit.any_response,41549882,100.00,,
    10.420124439,38212,,offcore_response.all_requests.llc_miss.any_response,41549882,100.00,,
    10.520316583,2990341,,offcore_response.all_requests.llc_hit.any_response,41678696,100.00,,
    10.520316583,38768,,offcore_response.all_requests.llc_miss.any_response,41678696,100.00,,
    10.620507130,3035742,,offcore_response.all_requests.llc_hit.any_response,42813270,100.00,,
    10.620507130,38897,,offcore_response.all_requests.llc_miss.any_response,42822990,100.00,,
    10.720710009,2974329,,offcore_response.all_requests.llc_hit.any_response,41757590,100.00,,
    10.720710009,38047,,offcore_response.all_requests.llc_miss.any_response,41768806,100.00,,
    10.820908087,3009542,,offcore_response.all_requests.llc_hit.any_response,42586313,100.00,,
    10.820908087,38062,,offcore_response.all_requests.llc_miss.any_response,42565377,100.00,,
    10.921103977,3034584,,offcore_response.all_requests.llc_hit.any_response,42839351,100.00,,
    10.921103977,38791,,offcore_response.all_requests.llc_miss.any_response,42839351,100.00,,
    11.021312289,2987134,,offcore_response.all_requests.llc_hit.any_response,40257442,100.00,,
    11.021312289,38584,,offcore_response.all_requests.llc_miss.any_response,40273678,100.00,,
