# started on Mon May  1 19:19:01 2023

     0.100182750,8492830,,offcore_response.all_requests.llc_hit.any_response,75780327,100.00,,
     0.100182750,105009,,offcore_response.all_requests.llc_miss.any_response,75777296,100.00,,
     0.200383934,8462528,,offcore_response.all_requests.llc_hit.any_response,75533341,100.00,,
     0.200383934,102846,,offcore_response.all_requests.llc_miss.any_response,75538135,100.00,,
     0.300578003,8571952,,offcore_response.all_requests.llc_hit.any_response,76359869,100.00,,
     0.300578003,102593,,offcore_response.all_requests.llc_miss.any_response,76359248,100.00,,
     0.400770982,8479118,,offcore_response.all_requests.llc_hit.any_response,75513314,100.00,,
     0.400770982,101458,,offcore_response.all_requests.llc_miss.any_response,75513900,100.00,,
     0.500964171,8454792,,offcore_response.all_requests.llc_hit.any_response,75447390,100.00,,
     0.500964171,101518,,offcore_response.all_requests.llc_miss.any_response,75446004,100.00,,
     0.601155611,8451366,,offcore_response.all_requests.llc_hit.any_response,75331458,100.00,,
     0.601155611,101468,,offcore_response.all_requests.llc_miss.any_response,75332891,100.00,,
     0.701350211,8473144,,offcore_response.all_requests.llc_hit.any_response,75477163,100.00,,
     0.701350211,101397,,offcore_response.all_requests.llc_miss.any_response,75465844,100.00,,
     0.801541576,8452757,,offcore_response.all_requests.llc_hit.any_response,75380494,100.00,,
     0.801541576,101192,,offcore_response.all_requests.llc_miss.any_response,75381163,100.00,,
     0.901737015,8444123,,offcore_response.all_requests.llc_hit.any_response,75626929,100.00,,
     0.901737015,101288,,offcore_response.all_requests.llc_miss.any_response,75624419,100.00,,
     1.001926647,8475618,,offcore_response.all_requests.llc_hit.any_response,75611915,100.00,,
     1.001926647,101365,,offcore_response.all_requests.llc_miss.any_response,75608005,100.00,,
     1.102125095,8257546,,offcore_response.all_requests.llc_hit.any_response,73707417,100.00,,
     1.102125095,98220,,offcore_response.all_requests.llc_miss.any_response,73703309,100.00,,
     1.202317089,65500,,offcore_response.all_requests.llc_hit.any_response,1194377,100.00,,
     1.202317089,723,,offcore_response.all_requests.llc_miss.any_response,1217834,100.00,,
     1.302515933,8828004,,offcore_response.all_requests.llc_hit.any_response,80558130,100.00,,
     1.302515933,105914,,offcore_response.all_requests.llc_miss.any_response,80555324,100.00,,
     1.402708784,9300561,,offcore_response.all_requests.llc_hit.any_response,80731803,100.00,,
     1.402708784,112977,,offcore_response.all_requests.llc_miss.any_response,80732464,100.00,,
     1.502903187,9250728,,offcore_response.all_requests.llc_hit.any_response,80522055,100.00,,
     1.502903187,111790,,offcore_response.all_requests.llc_miss.any_response,80522293,100.00,,
     1.603098422,9304027,,offcore_response.all_requests.llc_hit.any_response,80840294,100.00,,
     1.603098422,112787,,offcore_response.all_requests.llc_miss.any_response,80839424,100.00,,
     1.703277984,9289634,,offcore_response.all_requests.llc_hit.any_response,80731002,100.00,,
     1.703277984,111825,,offcore_response.all_requests.llc_miss.any_response,80731569,100.00,,
     1.803473897,9280173,,offcore_response.all_requests.llc_hit.any_response,80700911,100.00,,
     1.803473897,112032,,offcore_response.all_requests.llc_miss.any_response,80690808,100.00,,
     1.903666766,9265274,,offcore_response.all_requests.llc_hit.any_response,80698711,100.00,,
     1.903666766,112021,,offcore_response.all_requests.llc_miss.any_response,80687567,100.00,,
     2.003855793,9256486,,offcore_response.all_requests.llc_hit.any_response,80724747,100.00,,
     2.003855793,111640,,offcore_response.all_requests.llc_miss.any_response,80724747,100.00,,
     2.104042848,9271932,,offcore_response.all_requests.llc_hit.any_response,80683024,100.00,,
     2.104042848,111971,,offcore_response.all_requests.llc_miss.any_response,80704385,100.00,,
     2.204238601,8508961,,offcore_response.all_requests.llc_hit.any_response,74153423,100.00,,
     2.204238601,102492,,offcore_response.all_requests.llc_miss.any_response,74132062,100.00,,
     2.304452007,75954,,offcore_response.all_requests.llc_hit.any_response,1420341,100.00,,
     2.304452007,902,,offcore_response.all_requests.llc_miss.any_response,1443755,100.00,,
     2.404654482,8874155,,offcore_response.all_requests.llc_hit.any_response,80379890,100.00,,
     2.404654482,107111,,offcore_response.all_requests.llc_miss.any_response,80377322,100.00,,
     2.504852190,9248548,,offcore_response.all_requests.llc_hit.any_response,80650885,100.00,,
     2.504852190,112508,,offcore_response.all_requests.llc_miss.any_response,80651338,100.00,,
     2.605048263,9276725,,offcore_response.all_requests.llc_hit.any_response,80833127,100.00,,
     2.605048263,112301,,offcore_response.all_requests.llc_miss.any_response,80833147,100.00,,
     2.705242766,9273996,,offcore_response.all_requests.llc_hit.any_response,80674306,100.00,,
     2.705242766,112081,,offcore_response.all_requests.llc_miss.any_response,80673582,100.00,,
     2.805407012,9267654,,offcore_response.all_requests.llc_hit.any_response,80628689,100.00,,
     2.805407012,112271,,offcore_response.all_requests.llc_miss.any_response,80630203,100.00,,
     2.905607633,9281317,,offcore_response.all_requests.llc_hit.any_response,80765959,100.00,,
     2.905607633,112436,,offcore_response.all_requests.llc_miss.any_response,80751185,100.00,,
     3.005798063,9235890,,offcore_response.all_requests.llc_hit.any_response,80694909,100.00,,
     3.005798063,112223,,offcore_response.all_requests.llc_miss.any_response,80696219,100.00,,
     3.105991860,9299065,,offcore_response.all_requests.llc_hit.any_response,80955202,100.00,,
     3.105991860,112462,,offcore_response.all_requests.llc_miss.any_response,80962337,100.00,,
     3.206181703,9239856,,offcore_response.all_requests.llc_hit.any_response,80727790,100.00,,
     3.206181703,112352,,offcore_response.all_requests.llc_miss.any_response,80729252,100.00,,
     3.306375107,8491081,,offcore_response.all_requests.llc_hit.any_response,73870028,100.00,,
     3.306375107,103010,,offcore_response.all_requests.llc_miss.any_response,73852786,100.00,,
     3.406567461,86731,,offcore_response.all_requests.llc_hit.any_response,1546504,100.00,,
     3.406567461,864,,offcore_response.all_requests.llc_miss.any_response,1570362,100.00,,
     3.506763552,8799910,,offcore_response.all_requests.llc_hit.any_response,80120858,100.00,,
     3.506763552,105202,,offcore_response.all_requests.llc_miss.any_response,80117545,100.00,,
     3.606957109,9240581,,offcore_response.all_requests.llc_hit.any_response,80620260,100.00,,
     3.606957109,112278,,offcore_response.all_requests.llc_miss.any_response,80612202,100.00,,
     3.707148261,9272953,,offcore_response.all_requests.llc_hit.any_response,80682958,100.00,,
     3.707148261,112278,,offcore_response.all_requests.llc_miss.any_response,80690999,100.00,,
     3.807341173,9266127,,offcore_response.all_requests.llc_hit.any_response,80822337,100.00,,
     3.807341173,112090,,offcore_response.all_requests.llc_miss.any_response,80823377,100.00,,
     3.907536489,9240185,,offcore_response.all_requests.llc_hit.any_response,80688076,100.00,,
     3.907536489,112250,,offcore_response.all_requests.llc_miss.any_response,80687198,100.00,,
     4.007750847,9252372,,offcore_response.all_requests.llc_hit.any_response,80872350,100.00,,
     4.007750847,112180,,offcore_response.all_requests.llc_miss.any_response,80864763,100.00,,
     4.107944615,9247463,,offcore_response.all_requests.llc_hit.any_response,80723581,100.00,,
     4.107944615,111860,,offcore_response.all_requests.llc_miss.any_response,80731048,100.00,,
     4.208141754,9273002,,offcore_response.all_requests.llc_hit.any_response,80871182,100.00,,
     4.208141754,112488,,offcore_response.all_requests.llc_miss.any_response,80857076,100.00,,
     4.308339087,9267763,,offcore_response.all_requests.llc_hit.any_response,80759310,100.00,,
     4.308339087,112196,,offcore_response.all_requests.llc_miss.any_response,80771868,100.00,,
     4.408528936,8439938,,offcore_response.all_requests.llc_hit.any_response,73736157,100.00,,
     4.408528936,102440,,offcore_response.all_requests.llc_miss.any_response,73717135,100.00,,
     4.508758165,96858,,offcore_response.all_requests.llc_hit.any_response,1822947,100.00,,
     4.508758165,1201,,offcore_response.all_requests.llc_miss.any_response,1832977,100.00,,
     4.608931640,8821151,,offcore_response.all_requests.llc_hit.any_response,80397648,100.00,,
     4.608931640,106162,,offcore_response.all_requests.llc_miss.any_response,80404380,100.00,,
     4.709123333,9275857,,offcore_response.all_requests.llc_hit.any_response,80745732,100.00,,
     4.709123333,112351,,offcore_response.all_requests.llc_miss.any_response,80737440,100.00,,
     4.809315882,9243512,,offcore_response.all_requests.llc_hit.any_response,80570384,100.00,,
     4.809315882,111792,,offcore_response.all_requests.llc_miss.any_response,80583338,100.00,,
     4.909517933,9263264,,offcore_response.all_requests.llc_hit.any_response,80766590,100.00,,
     4.909517933,112511,,offcore_response.all_requests.llc_miss.any_response,80755657,100.00,,
     5.009716469,9284611,,offcore_response.all_requests.llc_hit.any_response,80837654,100.00,,
     5.009716469,112338,,offcore_response.all_requests.llc_miss.any_response,80832619,100.00,,
     5.109911763,9289691,,offcore_response.all_requests.llc_hit.any_response,80816935,100.00,,
     5.109911763,112298,,offcore_response.all_requests.llc_miss.any_response,80832143,100.00,,
     5.210108468,9279385,,offcore_response.all_requests.llc_hit.any_response,80818564,100.00,,
     5.210108468,112254,,offcore_response.all_requests.llc_miss.any_response,80819262,100.00,,
     5.310303281,9285626,,offcore_response.all_requests.llc_hit.any_response,80792789,100.00,,
     5.310303281,112068,,offcore_response.all_requests.llc_miss.any_response,80792195,100.00,,
     5.410498156,9316140,,offcore_response.all_requests.llc_hit.any_response,80851509,100.00,,
     5.410498156,112236,,offcore_response.all_requests.llc_miss.any_response,80852143,100.00,,
     5.510692198,8434656,,offcore_response.all_requests.llc_hit.any_response,73244051,100.00,,
     5.510692198,102209,,offcore_response.all_requests.llc_miss.any_response,73222649,100.00,,
     5.610887095,111655,,offcore_response.all_requests.llc_hit.any_response,1987210,100.00,,
     5.610887095,1098,,offcore_response.all_requests.llc_miss.any_response,2011576,100.00,,
     5.711087153,8864282,,offcore_response.all_requests.llc_hit.any_response,80245132,100.00,,
     5.711087153,105403,,offcore_response.all_requests.llc_miss.any_response,80241447,100.00,,
     5.811281446,9262287,,offcore_response.all_requests.llc_hit.any_response,80763901,100.00,,
     5.811281446,112352,,offcore_response.all_requests.llc_miss.any_response,80751419,100.00,,
     5.911473982,9238738,,offcore_response.all_requests.llc_hit.any_response,80564785,100.00,,
     5.911473982,112176,,offcore_response.all_requests.llc_miss.any_response,80561025,100.00,,
     6.011666372,9250866,,offcore_response.all_requests.llc_hit.any_response,80687582,100.00,,
     6.011666372,112442,,offcore_response.all_requests.llc_miss.any_response,80692304,100.00,,
     6.111858416,9253338,,offcore_response.all_requests.llc_hit.any_response,80776236,100.00,,
     6.111858416,112126,,offcore_response.all_requests.llc_miss.any_response,80788437,100.00,,
     6.212052726,9251936,,offcore_response.all_requests.llc_hit.any_response,80777652,100.00,,
     6.212052726,112446,,offcore_response.all_requests.llc_miss.any_response,80767685,100.00,,
     6.312244516,9218185,,offcore_response.all_requests.llc_hit.any_response,80690360,100.00,,
     6.312244516,112451,,offcore_response.all_requests.llc_miss.any_response,80700348,100.00,,
     6.412440298,9249656,,offcore_response.all_requests.llc_hit.any_response,80736416,100.00,,
     6.412440298,112024,,offcore_response.all_requests.llc_miss.any_response,80735762,100.00,,
     6.512633274,9253263,,offcore_response.all_requests.llc_hit.any_response,80757448,100.00,,
     6.512633274,112549,,offcore_response.all_requests.llc_miss.any_response,80752451,100.00,,
     6.612851072,8371995,,offcore_response.all_requests.llc_hit.any_response,73149278,100.00,,
     6.612851072,102114,,offcore_response.all_requests.llc_miss.any_response,73133546,100.00,,
     6.713043304,118947,,offcore_response.all_requests.llc_hit.any_response,2196214,100.00,,
     6.713043304,1389,,offcore_response.all_requests.llc_miss.any_response,2219888,100.00,,
     6.813229356,8876607,,offcore_response.all_requests.llc_hit.any_response,80323206,100.00,,
     6.813229356,104856,,offcore_response.all_requests.llc_miss.any_response,80306510,100.00,,
     6.913422376,9263626,,offcore_response.all_requests.llc_hit.any_response,80736420,100.00,,
     6.913422376,112716,,offcore_response.all_requests.llc_miss.any_response,80750588,100.00,,
     7.013616451,9265283,,offcore_response.all_requests.llc_hit.any_response,80780597,100.00,,
     7.013616451,112374,,offcore_response.all_requests.llc_miss.any_response,80780843,100.00,,
     7.113810356,9264954,,offcore_response.all_requests.llc_hit.any_response,80697932,100.00,,
     7.113810356,112346,,offcore_response.all_requests.llc_miss.any_response,80697136,100.00,,
     7.214004277,9263219,,offcore_response.all_requests.llc_hit.any_response,80863880,100.00,,
     7.214004277,112860,,offcore_response.all_requests.llc_miss.any_response,80864712,100.00,,
     7.314201308,9267416,,offcore_response.all_requests.llc_hit.any_response,80729645,100.00,,
     7.314201308,112821,,offcore_response.all_requests.llc_miss.any_response,80729204,100.00,,
     7.414396488,9213550,,offcore_response.all_requests.llc_hit.any_response,80605419,100.00,,
     7.414396488,112423,,offcore_response.all_requests.llc_miss.any_response,80605942,100.00,,
     7.514589424,9230548,,offcore_response.all_requests.llc_hit.any_response,80679130,100.00,,
     7.514589424,112663,,offcore_response.all_requests.llc_miss.any_response,80678427,100.00,,
     7.614786706,9234037,,offcore_response.all_requests.llc_hit.any_response,80647436,100.00,,
     7.614786706,112021,,offcore_response.all_requests.llc_miss.any_response,80647942,100.00,,
     7.714984594,8237379,,offcore_response.all_requests.llc_hit.any_response,71957871,100.00,,
     7.714984594,100351,,offcore_response.all_requests.llc_miss.any_response,71936558,100.00,,
     7.815182075,148957,,offcore_response.all_requests.llc_hit.any_response,2398941,100.00,,
     7.815182075,1533,,offcore_response.all_requests.llc_miss.any_response,2422401,100.00,,
     7.915382484,8687835,,offcore_response.all_requests.llc_hit.any_response,80618068,100.00,,
     7.915382484,103484,,offcore_response.all_requests.llc_miss.any_response,80599630,100.00,,
     8.015575130,9101844,,offcore_response.all_requests.llc_hit.any_response,81001435,100.00,,
     8.015575130,108866,,offcore_response.all_requests.llc_miss.any_response,81017977,100.00,,
     8.115767799,9096477,,offcore_response.all_requests.llc_hit.any_response,81035953,100.00,,
     8.115767799,108570,,offcore_response.all_requests.llc_miss.any_response,81035555,100.00,,
     8.215964606,9057739,,offcore_response.all_requests.llc_hit.any_response,80825130,100.00,,
     8.215964606,108339,,offcore_response.all_requests.llc_miss.any_response,80824469,100.00,,
     8.316159660,9078896,,offcore_response.all_requests.llc_hit.any_response,80854117,100.00,,
     8.316159660,108085,,offcore_response.all_requests.llc_miss.any_response,80841205,100.00,,
     8.416352410,9090365,,offcore_response.all_requests.llc_hit.any_response,81075645,100.00,,
     8.416352410,108567,,offcore_response.all_requests.llc_miss.any_response,81072786,100.00,,
     8.516543826,9067360,,offcore_response.all_requests.llc_hit.any_response,81044090,100.00,,
     8.516543826,108018,,offcore_response.all_requests.llc_miss.any_response,81060617,100.00,,
     8.616738683,9049124,,offcore_response.all_requests.llc_hit.any_response,80867247,100.00,,
     8.616738683,108519,,offcore_response.all_requests.llc_miss.any_response,80864557,100.00,,
     8.716928351,9043095,,offcore_response.all_requests.llc_hit.any_response,80943882,100.00,,
     8.716928351,108132,,offcore_response.all_requests.llc_miss.any_response,80931173,100.00,,
     8.817143058,8065524,,offcore_response.all_requests.llc_hit.any_response,71845895,100.00,,
     8.817143058,96797,,offcore_response.all_requests.llc_miss.any_response,71840033,100.00,,
     8.917335485,145308,,offcore_response.all_requests.llc_hit.any_response,2694498,100.00,,
     8.917335485,1589,,offcore_response.all_requests.llc_miss.any_response,2718319,100.00,,
     9.017535019,8935962,,offcore_response.all_requests.llc_hit.any_response,80476622,100.00,,
     9.017535019,103846,,offcore_response.all_requests.llc_miss.any_response,80473288,100.00,,
     9.117728941,9228711,,offcore_response.all_requests.llc_hit.any_response,80605712,100.00,,
     9.117728941,112344,,offcore_response.all_requests.llc_miss.any_response,80589577,100.00,,
     9.217927712,9260558,,offcore_response.all_requests.llc_hit.any_response,80712269,100.00,,
     9.217927712,112409,,offcore_response.all_requests.llc_miss.any_response,80728689,100.00,,
     9.318122768,9278155,,offcore_response.all_requests.llc_hit.any_response,80795840,100.00,,
     9.318122768,112465,,offcore_response.all_requests.llc_miss.any_response,80796515,100.00,,
     9.418327616,9273864,,offcore_response.all_requests.llc_hit.any_response,80790878,100.00,,
     9.418327616,112506,,offcore_response.all_requests.llc_miss.any_response,80790054,100.00,,
     9.518534590,9250064,,offcore_response.all_requests.llc_hit.any_response,80783760,100.00,,
     9.518534590,112562,,offcore_response.all_requests.llc_miss.any_response,80775436,100.00,,
     9.618741008,9231030,,offcore_response.all_requests.llc_hit.any_response,80669520,100.00,,
     9.618741008,112352,,offcore_response.all_requests.llc_miss.any_response,80677928,100.00,,
     9.718937168,9234813,,offcore_response.all_requests.llc_hit.any_response,80703077,100.00,,
     9.718937168,112202,,offcore_response.all_requests.llc_miss.any_response,80703788,100.00,,
     9.819131988,9211182,,offcore_response.all_requests.llc_hit.any_response,80271342,100.00,,
     9.819131988,111532,,offcore_response.all_requests.llc_miss.any_response,80259968,100.00,,
     9.919323768,8209294,,offcore_response.all_requests.llc_hit.any_response,71453042,100.00,,
     9.919323768,99242,,offcore_response.all_requests.llc_miss.any_response,71442998,100.00,,
    10.019520185,154959,,offcore_response.all_requests.llc_hit.any_response,2965468,100.00,,
    10.019520185,1635,,offcore_response.all_requests.llc_miss.any_response,2989509,100.00,,
    10.119743724,8929461,,offcore_response.all_requests.llc_hit.any_response,80629898,100.00,,
    10.119743724,105905,,offcore_response.all_requests.llc_miss.any_response,80615726,100.00,,
    10.219935850,9262868,,offcore_response.all_requests.llc_hit.any_response,80694963,100.00,,
    10.219935850,112289,,offcore_response.all_requests.llc_miss.any_response,80706315,100.00,,
    10.320129993,9280715,,offcore_response.all_requests.llc_hit.any_response,80844541,100.00,,
    10.320129993,111948,,offcore_response.all_requests.llc_miss.any_response,80843997,100.00,,
    10.420328028,9270079,,offcore_response.all_requests.llc_hit.any_response,80830657,100.00,,
    10.420328028,111943,,offcore_response.all_requests.llc_miss.any_response,80827211,100.00,,
    10.520519995,9256609,,offcore_response.all_requests.llc_hit.any_response,80737879,100.00,,
    10.520519995,111864,,offcore_response.all_requests.llc_miss.any_response,80741015,100.00,,
    10.620714420,9269842,,offcore_response.all_requests.llc_hit.any_response,80776623,100.00,,
    10.620714420,112184,,offcore_response.all_requests.llc_miss.any_response,80777530,100.00,,
    10.720908028,9264675,,offcore_response.all_requests.llc_hit.any_response,80638078,100.00,,
    10.720908028,111781,,offcore_response.all_requests.llc_miss.any_response,80634276,100.00,,
    10.821100313,9240879,,offcore_response.all_requests.llc_hit.any_response,80738736,100.00,,
    10.821100313,112257,,offcore_response.all_requests.llc_miss.any_response,80742502,100.00,,
    10.921317619,9275409,,offcore_response.all_requests.llc_hit.any_response,80879326,100.00,,
    10.921317619,112347,,offcore_response.all_requests.llc_miss.any_response,80878756,100.00,,
    11.021497147,8178705,,offcore_response.all_requests.llc_hit.any_response,71237092,100.00,,
    11.021497147,99172,,offcore_response.all_requests.llc_miss.any_response,71216424,100.00,,
