# started on Tue May  2 14:12:00 2023

     0.100259673,2944713,,offcore_response.all_requests.llc_hit.any_response,43270403,100.00,,
     0.100259673,37898,,offcore_response.all_requests.llc_miss.any_response,43282391,100.00,,
     0.200501951,3003899,,offcore_response.all_requests.llc_hit.any_response,42885838,100.00,,
     0.200501951,38619,,offcore_response.all_requests.llc_miss.any_response,42859507,100.00,,
     0.300696651,2947301,,offcore_response.all_requests.llc_hit.any_response,42615325,100.00,,
     0.300696651,37554,,offcore_response.all_requests.llc_miss.any_response,42615325,100.00,,
     0.400892253,2997589,,offcore_response.all_requests.llc_hit.any_response,43722227,100.00,,
     0.400892253,38074,,offcore_response.all_requests.llc_miss.any_response,43747038,100.00,,
     0.501093315,2981517,,offcore_response.all_requests.llc_hit.any_response,43966184,100.00,,
     0.501093315,37849,,offcore_response.all_requests.llc_miss.any_response,43967308,100.00,,
     0.601296673,3005251,,offcore_response.all_requests.llc_hit.any_response,43263376,100.00,,
     0.601296673,38106,,offcore_response.all_requests.llc_miss.any_response,43262795,100.00,,
     0.701498281,3005197,,offcore_response.all_requests.llc_hit.any_response,43293319,100.00,,
     0.701498281,37933,,offcore_response.all_requests.llc_miss.any_response,43290385,100.00,,
     0.801700978,2995500,,offcore_response.all_requests.llc_hit.any_response,43210169,100.00,,
     0.801700978,37395,,offcore_response.all_requests.llc_miss.any_response,43187749,100.00,,
     0.901895530,2987431,,offcore_response.all_requests.llc_hit.any_response,43319940,100.00,,
     0.901895530,38471,,offcore_response.all_requests.llc_miss.any_response,43345439,100.00,,
     1.002096597,2967323,,offcore_response.all_requests.llc_hit.any_response,43234732,100.00,,
     1.002096597,38009,,offcore_response.all_requests.llc_miss.any_response,43234160,100.00,,
     1.102297618,2990667,,offcore_response.all_requests.llc_hit.any_response,44231597,100.00,,
     1.102297618,37877,,offcore_response.all_requests.llc_miss.any_response,44206670,100.00,,
     1.202492140,2932602,,offcore_response.all_requests.llc_hit.any_response,42797946,100.00,,
     1.202492140,37512,,offcore_response.all_requests.llc_miss.any_response,42822841,100.00,,
     1.302693418,3012573,,offcore_response.all_requests.llc_hit.any_response,43825557,100.00,,
     1.302693418,38302,,offcore_response.all_requests.llc_miss.any_response,43800662,100.00,,
     1.402894785,2960377,,offcore_response.all_requests.llc_hit.any_response,43470589,100.00,,
     1.402894785,37616,,offcore_response.all_requests.llc_miss.any_response,43495524,100.00,,
     1.503095778,3013316,,offcore_response.all_requests.llc_hit.any_response,43718270,100.00,,
     1.503095778,38365,,offcore_response.all_requests.llc_miss.any_response,43693335,100.00,,
     1.603319909,2931195,,offcore_response.all_requests.llc_hit.any_response,43768853,100.00,,
     1.603319909,38035,,offcore_response.all_requests.llc_miss.any_response,43768853,100.00,,
     1.703513325,2952296,,offcore_response.all_requests.llc_hit.any_response,42278098,100.00,,
     1.703513325,37587,,offcore_response.all_requests.llc_miss.any_response,42278098,100.00,,
     1.803720950,3051934,,offcore_response.all_requests.llc_hit.any_response,43979328,100.00,,
     1.803720950,38035,,offcore_response.all_requests.llc_miss.any_response,44004311,100.00,,
     1.903926151,3003677,,offcore_response.all_requests.llc_hit.any_response,43947283,100.00,,
     1.903926151,37793,,offcore_response.all_requests.llc_miss.any_response,43922300,100.00,,
     2.004121019,2990193,,offcore_response.all_requests.llc_hit.any_response,42654223,100.00,,
     2.004121019,37718,,offcore_response.all_requests.llc_miss.any_response,42654223,100.00,,
     2.104314960,3036835,,offcore_response.all_requests.llc_hit.any_response,44042544,100.00,,
     2.104314960,38039,,offcore_response.all_requests.llc_miss.any_response,44068414,100.00,,
     2.204517146,2988276,,offcore_response.all_requests.llc_hit.any_response,43050468,100.00,,
     2.204517146,37793,,offcore_response.all_requests.llc_miss.any_response,43024598,100.00,,
     2.304732647,3043243,,offcore_response.all_requests.llc_hit.any_response,44300971,100.00,,
     2.304732647,37920,,offcore_response.all_requests.llc_miss.any_response,44300971,100.00,,
     2.404928081,3014511,,offcore_response.all_requests.llc_hit.any_response,44058371,100.00,,
     2.404928081,38115,,offcore_response.all_requests.llc_miss.any_response,44058371,100.00,,
     2.505127504,3014031,,offcore_response.all_requests.llc_hit.any_response,44063641,100.00,,
     2.505127504,37839,,offcore_response.all_requests.llc_miss.any_response,44089440,100.00,,
     2.605332764,3015261,,offcore_response.all_requests.llc_hit.any_response,44232927,100.00,,
     2.605332764,38151,,offcore_response.all_requests.llc_miss.any_response,44207128,100.00,,
     2.705525776,2949150,,offcore_response.all_requests.llc_hit.any_response,43945930,100.00,,
     2.705525776,37608,,offcore_response.all_requests.llc_miss.any_response,43945930,100.00,,
     2.805721484,2964998,,offcore_response.all_requests.llc_hit.any_response,42797471,100.00,,
     2.805721484,38265,,offcore_response.all_requests.llc_miss.any_response,42797471,100.00,,
     2.905916667,2973181,,offcore_response.all_requests.llc_hit.any_response,42864700,100.00,,
     2.905916667,37882,,offcore_response.all_requests.llc_miss.any_response,42890349,100.00,,
     3.006119888,2950583,,offcore_response.all_requests.llc_hit.any_response,42369143,100.00,,
     3.006119888,37931,,offcore_response.all_requests.llc_miss.any_response,42368369,100.00,,
     3.106323006,3006685,,offcore_response.all_requests.llc_hit.any_response,43888322,100.00,,
     3.106323006,38234,,offcore_response.all_requests.llc_miss.any_response,43863447,100.00,,
     3.206523896,2979666,,offcore_response.all_requests.llc_hit.any_response,43488371,100.00,,
     3.206523896,37860,,offcore_response.all_requests.llc_miss.any_response,43513073,100.00,,
     3.306723963,3002488,,offcore_response.all_requests.llc_hit.any_response,43977859,100.00,,
     3.306723963,38039,,offcore_response.all_requests.llc_miss.any_response,43953157,100.00,,
     3.406918369,3038042,,offcore_response.all_requests.llc_hit.any_response,43396273,100.00,,
     3.406918369,37824,,offcore_response.all_requests.llc_miss.any_response,43396273,100.00,,
     3.507113628,2972033,,offcore_response.all_requests.llc_hit.any_response,43234825,100.00,,
     3.507113628,37805,,offcore_response.all_requests.llc_miss.any_response,43234825,100.00,,
     3.607323816,3005497,,offcore_response.all_requests.llc_hit.any_response,44132336,100.00,,
     3.607323816,37984,,offcore_response.all_requests.llc_miss.any_response,44157346,100.00,,
     3.707525612,2984863,,offcore_response.all_requests.llc_hit.any_response,43584589,100.00,,
     3.707525612,37579,,offcore_response.all_requests.llc_miss.any_response,43584938,100.00,,
     3.807725816,2973926,,offcore_response.all_requests.llc_hit.any_response,44207704,100.00,,
     3.807725816,37830,,offcore_response.all_requests.llc_miss.any_response,44182345,100.00,,
     3.907917952,2971917,,offcore_response.all_requests.llc_hit.any_response,42648479,100.00,,
     3.907917952,38231,,offcore_response.all_requests.llc_miss.any_response,42673942,100.00,,
     4.008119072,3020314,,offcore_response.all_requests.llc_hit.any_response,44112599,100.00,,
     4.008119072,38001,,offcore_response.all_requests.llc_miss.any_response,44087136,100.00,,
     4.108311816,3014169,,offcore_response.all_requests.llc_hit.any_response,42971355,100.00,,
     4.108311816,38060,,offcore_response.all_requests.llc_miss.any_response,42995928,100.00,,
     4.208516254,2931828,,offcore_response.all_requests.llc_hit.any_response,42789202,100.00,,
     4.208516254,37870,,offcore_response.all_requests.llc_miss.any_response,42789424,100.00,,
     4.308717791,3005065,,offcore_response.all_requests.llc_hit.any_response,44107973,100.00,,
     4.308717791,37757,,offcore_response.all_requests.llc_miss.any_response,44109178,100.00,,
     4.408922761,3056621,,offcore_response.all_requests.llc_hit.any_response,44866142,100.00,,
     4.408922761,38348,,offcore_response.all_requests.llc_miss.any_response,44865180,100.00,,
     4.509142457,2995848,,offcore_response.all_requests.llc_hit.any_response,43933926,100.00,,
     4.509142457,38111,,offcore_response.all_requests.llc_miss.any_response,43908888,100.00,,
     4.609337865,2937682,,offcore_response.all_requests.llc_hit.any_response,43080316,100.00,,
     4.609337865,37714,,offcore_response.all_requests.llc_miss.any_response,43080316,100.00,,
     4.709532776,2980217,,offcore_response.all_requests.llc_hit.any_response,43043481,100.00,,
     4.709532776,38080,,offcore_response.all_requests.llc_miss.any_response,43043481,100.00,,
     4.809729155,2984141,,offcore_response.all_requests.llc_hit.any_response,44081099,100.00,,
     4.809729155,37951,,offcore_response.all_requests.llc_miss.any_response,44081099,100.00,,
     4.909922340,2953966,,offcore_response.all_requests.llc_hit.any_response,43233047,100.00,,
     4.909922340,37830,,offcore_response.all_requests.llc_miss.any_response,43258332,100.00,,
     5.010123467,2962387,,offcore_response.all_requests.llc_hit.any_response,43411947,100.00,,
     5.010123467,38067,,offcore_response.all_requests.llc_miss.any_response,43386662,100.00,,
     5.110317894,2961778,,offcore_response.all_requests.llc_hit.any_response,42436659,100.00,,
     5.110317894,37508,,offcore_response.all_requests.llc_miss.any_response,42462168,100.00,,
     5.210520153,3018727,,offcore_response.all_requests.llc_hit.any_response,44495826,100.00,,
     5.210520153,38524,,offcore_response.all_requests.llc_miss.any_response,44477100,100.00,,
     5.310719496,3023007,,offcore_response.all_requests.llc_hit.any_response,43916288,100.00,,
     5.310719496,38074,,offcore_response.all_requests.llc_miss.any_response,43909505,100.00,,
     5.410915828,2952581,,offcore_response.all_requests.llc_hit.any_response,43282899,100.00,,
     5.410915828,37629,,offcore_response.all_requests.llc_miss.any_response,43308217,100.00,,
     5.511116441,2968224,,offcore_response.all_requests.llc_hit.any_response,43688902,100.00,,
     5.511116441,37935,,offcore_response.all_requests.llc_miss.any_response,43663584,100.00,,
     5.611349455,3002633,,offcore_response.all_requests.llc_hit.any_response,43268190,100.00,,
     5.611349455,38157,,offcore_response.all_requests.llc_miss.any_response,43281436,100.00,,
     5.711546922,2947476,,offcore_response.all_requests.llc_hit.any_response,43618686,100.00,,
     5.711546922,37933,,offcore_response.all_requests.llc_miss.any_response,43605440,100.00,,
     5.811741808,2990715,,offcore_response.all_requests.llc_hit.any_response,41875798,100.00,,
     5.811741808,37641,,offcore_response.all_requests.llc_miss.any_response,41895670,100.00,,
     5.911951417,2977463,,offcore_response.all_requests.llc_hit.any_response,43373552,100.00,,
     5.911951417,38025,,offcore_response.all_requests.llc_miss.any_response,43368460,100.00,,
     6.012154825,3068486,,offcore_response.all_requests.llc_hit.any_response,44957887,100.00,,
     6.012154825,38264,,offcore_response.all_requests.llc_miss.any_response,44943107,100.00,,
     6.112349711,2991551,,offcore_response.all_requests.llc_hit.any_response,42803165,100.00,,
     6.112349711,37968,,offcore_response.all_requests.llc_miss.any_response,42828618,100.00,,
     6.212552076,2995034,,offcore_response.all_requests.llc_hit.any_response,43264114,100.00,,
     6.212552076,37840,,offcore_response.all_requests.llc_miss.any_response,43238661,100.00,,
     6.312746071,2978921,,offcore_response.all_requests.llc_hit.any_response,43975905,100.00,,
     6.312746071,37920,,offcore_response.all_requests.llc_miss.any_response,43984401,100.00,,
     6.412945576,2982424,,offcore_response.all_requests.llc_hit.any_response,43294167,100.00,,
     6.412945576,37983,,offcore_response.all_requests.llc_miss.any_response,43285671,100.00,,
     6.513138851,3007565,,offcore_response.all_requests.llc_hit.any_response,43612671,100.00,,
     6.513138851,38220,,offcore_response.all_requests.llc_miss.any_response,43612671,100.00,,
     6.613356820,2973932,,offcore_response.all_requests.llc_hit.any_response,42232896,100.00,,
     6.613356820,38188,,offcore_response.all_requests.llc_miss.any_response,42240424,100.00,,
     6.713553649,3021176,,offcore_response.all_requests.llc_hit.any_response,43800181,100.00,,
     6.713553649,38119,,offcore_response.all_requests.llc_miss.any_response,43806698,100.00,,
     6.813752584,2966411,,offcore_response.all_requests.llc_hit.any_response,42761559,100.00,,
     6.813752584,37941,,offcore_response.all_requests.llc_miss.any_response,42747514,100.00,,
     6.913950229,2960478,,offcore_response.all_requests.llc_hit.any_response,43341794,100.00,,
     6.913950229,37580,,offcore_response.all_requests.llc_miss.any_response,43341794,100.00,,
     7.014147376,2969480,,offcore_response.all_requests.llc_hit.any_response,43186824,100.00,,
     7.014147376,37690,,offcore_response.all_requests.llc_miss.any_response,43198278,100.00,,
     7.114343320,2967492,,offcore_response.all_requests.llc_hit.any_response,42791611,100.00,,
     7.114343320,38183,,offcore_response.all_requests.llc_miss.any_response,42805628,100.00,,
     7.214545485,3007102,,offcore_response.all_requests.llc_hit.any_response,43717063,100.00,,
     7.214545485,38308,,offcore_response.all_requests.llc_miss.any_response,43691592,100.00,,
     7.314744277,2954759,,offcore_response.all_requests.llc_hit.any_response,43209183,100.00,,
     7.314744277,38258,,offcore_response.all_requests.llc_miss.any_response,43235095,100.00,,
     7.414946919,2966829,,offcore_response.all_requests.llc_hit.any_response,43490848,100.00,,
     7.414946919,37999,,offcore_response.all_requests.llc_miss.any_response,43464936,100.00,,
     7.515148433,2986306,,offcore_response.all_requests.llc_hit.any_response,44078087,100.00,,
     7.515148433,38327,,offcore_response.all_requests.llc_miss.any_response,44113860,100.00,,
     7.615360673,2995570,,offcore_response.all_requests.llc_hit.any_response,42841578,100.00,,
     7.615360673,37698,,offcore_response.all_requests.llc_miss.any_response,42805805,100.00,,
     7.715553092,2987159,,offcore_response.all_requests.llc_hit.any_response,43214711,100.00,,
     7.715553092,37714,,offcore_response.all_requests.llc_miss.any_response,43222902,100.00,,
     7.815752180,2952413,,offcore_response.all_requests.llc_hit.any_response,42823283,100.00,,
     7.815752180,38295,,offcore_response.all_requests.llc_miss.any_response,42823584,100.00,,
     7.915956660,3008732,,offcore_response.all_requests.llc_hit.any_response,44086255,100.00,,
     7.915956660,38130,,offcore_response.all_requests.llc_miss.any_response,44093999,100.00,,
     8.016155140,2990589,,offcore_response.all_requests.llc_hit.any_response,43858284,100.00,,
     8.016155140,38230,,offcore_response.all_requests.llc_miss.any_response,43867018,100.00,,
     8.116354692,3016668,,offcore_response.all_requests.llc_hit.any_response,44668621,100.00,,
     8.116354692,37847,,offcore_response.all_requests.llc_miss.any_response,44643651,100.00,,
     8.216550610,2996268,,offcore_response.all_requests.llc_hit.any_response,42970048,100.00,,
     8.216550610,37848,,offcore_response.all_requests.llc_miss.any_response,42970048,100.00,,
     8.316745548,2924602,,offcore_response.all_requests.llc_hit.any_response,42352274,100.00,,
     8.316745548,37466,,offcore_response.all_requests.llc_miss.any_response,42352274,100.00,,
     8.416940276,3065327,,offcore_response.all_requests.llc_hit.any_response,44632276,100.00,,
     8.416940276,38328,,offcore_response.all_requests.llc_miss.any_response,44652814,100.00,,
     8.517138726,3021535,,offcore_response.all_requests.llc_hit.any_response,43659533,100.00,,
     8.517138726,38275,,offcore_response.all_requests.llc_miss.any_response,43664677,100.00,,
     8.617340861,2951806,,offcore_response.all_requests.llc_hit.any_response,42591641,100.00,,
     8.617340861,37825,,offcore_response.all_requests.llc_miss.any_response,42590951,100.00,,
     8.717540738,3009332,,offcore_response.all_requests.llc_hit.any_response,43519062,100.00,,
     8.717540738,38240,,offcore_response.all_requests.llc_miss.any_response,43519425,100.00,,
     8.817767042,3011579,,offcore_response.all_requests.llc_hit.any_response,43687200,100.00,,
     8.817767042,37596,,offcore_response.all_requests.llc_miss.any_response,43661845,100.00,,
     8.917961723,2981727,,offcore_response.all_requests.llc_hit.any_response,42949332,100.00,,
     8.917961723,37959,,offcore_response.all_requests.llc_miss.any_response,42949332,100.00,,
     9.018159384,3010301,,offcore_response.all_requests.llc_hit.any_response,43330878,100.00,,
     9.018159384,37975,,offcore_response.all_requests.llc_miss.any_response,43355645,100.00,,
     9.118361112,2974279,,offcore_response.all_requests.llc_hit.any_response,43827255,100.00,,
     9.118361112,37723,,offcore_response.all_requests.llc_miss.any_response,43827678,100.00,,
     9.218563745,3021714,,offcore_response.all_requests.llc_hit.any_response,43203807,100.00,,
     9.218563745,38334,,offcore_response.all_requests.llc_miss.any_response,43178617,100.00,,
     9.318757444,2959424,,offcore_response.all_requests.llc_hit.any_response,43423968,100.00,,
     9.318757444,37430,,offcore_response.all_requests.llc_miss.any_response,43423968,100.00,,
     9.418953238,2977693,,offcore_response.all_requests.llc_hit.any_response,42899213,100.00,,
     9.418953238,37764,,offcore_response.all_requests.llc_miss.any_response,42924479,100.00,,
     9.519155031,3038181,,offcore_response.all_requests.llc_hit.any_response,43764414,100.00,,
     9.519155031,38284,,offcore_response.all_requests.llc_miss.any_response,43765264,100.00,,
     9.619387003,2953893,,offcore_response.all_requests.llc_hit.any_response,41655426,100.00,,
     9.619387003,37311,,offcore_response.all_requests.llc_miss.any_response,41629310,100.00,,
     9.719581218,3029619,,offcore_response.all_requests.llc_hit.any_response,43294172,100.00,,
     9.719581218,38155,,offcore_response.all_requests.llc_miss.any_response,43294172,100.00,,
     9.819777373,2930940,,offcore_response.all_requests.llc_hit.any_response,42555702,100.00,,
     9.819777373,37951,,offcore_response.all_requests.llc_miss.any_response,42555702,100.00,,
     9.919970991,2960437,,offcore_response.all_requests.llc_hit.any_response,43180462,100.00,,
     9.919970991,38485,,offcore_response.all_requests.llc_miss.any_response,43205743,100.00,,
    10.020177206,2953874,,offcore_response.all_requests.llc_hit.any_response,43711656,100.00,,
    10.020177206,38187,,offcore_response.all_requests.llc_miss.any_response,43686375,100.00,,
    10.120370693,3024073,,offcore_response.all_requests.llc_hit.any_response,43097863,100.00,,
    10.120370693,38158,,offcore_response.all_requests.llc_miss.any_response,43123627,100.00,,
    10.220576443,2972514,,offcore_response.all_requests.llc_hit.any_response,43092938,100.00,,
    10.220576443,38140,,offcore_response.all_requests.llc_miss.any_response,43067174,100.00,,
    10.320772117,2960957,,offcore_response.all_requests.llc_hit.any_response,44002990,100.00,,
    10.320772117,37789,,offcore_response.all_requests.llc_miss.any_response,44028760,100.00,,
    10.420974399,2993980,,offcore_response.all_requests.llc_hit.any_response,42824801,100.00,,
    10.420974399,37853,,offcore_response.all_requests.llc_miss.any_response,42799031,100.00,,
    10.521169002,2995394,,offcore_response.all_requests.llc_hit.any_response,43524026,100.00,,
    10.521169002,37762,,offcore_response.all_requests.llc_miss.any_response,43524026,100.00,,
    10.621371244,2961727,,offcore_response.all_requests.llc_hit.any_response,43292180,100.00,,
    10.621371244,37947,,offcore_response.all_requests.llc_miss.any_response,43317208,100.00,,
    10.721571328,2993488,,offcore_response.all_requests.llc_hit.any_response,41472529,100.00,,
    10.721571328,37824,,offcore_response.all_requests.llc_miss.any_response,41447501,100.00,,
    10.821768117,3000714,,offcore_response.all_requests.llc_hit.any_response,43498595,100.00,,
    10.821768117,38199,,offcore_response.all_requests.llc_miss.any_response,43522929,100.00,,
    10.921972837,2954471,,offcore_response.all_requests.llc_hit.any_response,42574871,100.00,,
    10.921972837,37716,,offcore_response.all_requests.llc_miss.any_response,42576211,100.00,,
    11.022197006,2974104,,offcore_response.all_requests.llc_hit.any_response,42864668,100.00,,
    11.022197006,37785,,offcore_response.all_requests.llc_miss.any_response,42864045,100.00,,
