# started on Tue May  2 15:21:42 2023

     0.100157987,3085554,,offcore_response.all_requests.llc_hit.any_response,41275724,100.00,,
     0.100157987,212,,offcore_response.all_requests.llc_miss.any_response,41275724,100.00,,
     0.200381887,3043874,,offcore_response.all_requests.llc_hit.any_response,40723728,100.00,,
     0.200381887,304,,offcore_response.all_requests.llc_miss.any_response,40743651,100.00,,
     0.300573064,3131703,,offcore_response.all_requests.llc_hit.any_response,41407259,100.00,,
     0.300573064,449,,offcore_response.all_requests.llc_miss.any_response,41387336,100.00,,
     0.400757381,3082694,,offcore_response.all_requests.llc_hit.any_response,42261470,100.00,,
     0.400757381,577,,offcore_response.all_requests.llc_miss.any_response,42261470,100.00,,
     0.500946477,3090093,,offcore_response.all_requests.llc_hit.any_response,41341860,100.00,,
     0.500946477,368,,offcore_response.all_requests.llc_miss.any_response,41341860,100.00,,
     0.601132568,3099832,,offcore_response.all_requests.llc_hit.any_response,42014985,100.00,,
     0.601132568,340,,offcore_response.all_requests.llc_miss.any_response,42014985,100.00,,
     0.701316111,3138046,,offcore_response.all_requests.llc_hit.any_response,41850873,100.00,,
     0.701316111,379,,offcore_response.all_requests.llc_miss.any_response,41850873,100.00,,
     0.801499545,3087839,,offcore_response.all_requests.llc_hit.any_response,40607503,100.00,,
     0.801499545,305,,offcore_response.all_requests.llc_miss.any_response,40607503,100.00,,
     0.901683249,3133232,,offcore_response.all_requests.llc_hit.any_response,42939428,100.00,,
     0.901683249,401,,offcore_response.all_requests.llc_miss.any_response,42939428,100.00,,
     1.001867806,3071956,,offcore_response.all_requests.llc_hit.any_response,41309598,100.00,,
     1.001867806,322,,offcore_response.all_requests.llc_miss.any_response,41309598,100.00,,
     1.102053715,3108067,,offcore_response.all_requests.llc_hit.any_response,41993263,100.00,,
     1.102053715,451,,offcore_response.all_requests.llc_miss.any_response,42012554,100.00,,
     1.202241860,3122409,,offcore_response.all_requests.llc_hit.any_response,41403272,100.00,,
     1.202241860,247,,offcore_response.all_requests.llc_miss.any_response,41403689,100.00,,
     1.302431814,3057338,,offcore_response.all_requests.llc_hit.any_response,40572316,100.00,,
     1.302431814,307,,offcore_response.all_requests.llc_miss.any_response,40552608,100.00,,
     1.402623319,3121412,,offcore_response.all_requests.llc_hit.any_response,41755181,100.00,,
     1.402623319,332,,offcore_response.all_requests.llc_miss.any_response,41755181,100.00,,
     1.502809230,3128653,,offcore_response.all_requests.llc_hit.any_response,41610908,100.00,,
     1.502809230,216,,offcore_response.all_requests.llc_miss.any_response,41610908,100.00,,
     1.602995936,3133805,,offcore_response.all_requests.llc_hit.any_response,42685552,100.00,,
     1.602995936,400,,offcore_response.all_requests.llc_miss.any_response,42705224,100.00,,
     1.703194303,3075367,,offcore_response.all_requests.llc_hit.any_response,41359086,100.00,,
     1.703194303,307,,offcore_response.all_requests.llc_miss.any_response,41339414,100.00,,
     1.803379909,3099233,,offcore_response.all_requests.llc_hit.any_response,41501406,100.00,,
     1.803379909,220,,offcore_response.all_requests.llc_miss.any_response,41501406,100.00,,
     1.903566122,3048940,,offcore_response.all_requests.llc_hit.any_response,41088683,100.00,,
     1.903566122,307,,offcore_response.all_requests.llc_miss.any_response,41108098,100.00,,
     2.003753583,3068463,,offcore_response.all_requests.llc_hit.any_response,41364303,100.00,,
     2.003753583,344,,offcore_response.all_requests.llc_miss.any_response,41358873,100.00,,
     2.103941599,3095048,,offcore_response.all_requests.llc_hit.any_response,40876513,100.00,,
     2.103941599,206,,offcore_response.all_requests.llc_miss.any_response,40862528,100.00,,
     2.204133074,3084165,,offcore_response.all_requests.llc_hit.any_response,41433261,100.00,,
     2.204133074,380,,offcore_response.all_requests.llc_miss.any_response,41452857,100.00,,
     2.304340357,3107792,,offcore_response.all_requests.llc_hit.any_response,41381829,100.00,,
     2.304340357,282,,offcore_response.all_requests.llc_miss.any_response,41377832,100.00,,
     2.404535907,3180248,,offcore_response.all_requests.llc_hit.any_response,43377302,100.00,,
     2.404535907,383,,offcore_response.all_requests.llc_miss.any_response,43361703,100.00,,
     2.504725848,3084891,,offcore_response.all_requests.llc_hit.any_response,41027149,100.00,,
     2.504725848,190,,offcore_response.all_requests.llc_miss.any_response,41033576,100.00,,
     2.604918324,3132165,,offcore_response.all_requests.llc_hit.any_response,41643076,100.00,,
     2.604918324,804,,offcore_response.all_requests.llc_miss.any_response,41636649,100.00,,
     2.705109956,3087787,,offcore_response.all_requests.llc_hit.any_response,41580547,100.00,,
     2.705109956,398,,offcore_response.all_requests.llc_miss.any_response,41580547,100.00,,
     2.805294854,3073091,,offcore_response.all_requests.llc_hit.any_response,42028801,100.00,,
     2.805294854,398,,offcore_response.all_requests.llc_miss.any_response,42028801,100.00,,
     2.905477685,3140073,,offcore_response.all_requests.llc_hit.any_response,42070794,100.00,,
     2.905477685,316,,offcore_response.all_requests.llc_miss.any_response,42076572,100.00,,
     3.005665640,3120333,,offcore_response.all_requests.llc_hit.any_response,42594082,100.00,,
     3.005665640,344,,offcore_response.all_requests.llc_miss.any_response,42607611,100.00,,
     3.105853165,3099547,,offcore_response.all_requests.llc_hit.any_response,41588027,100.00,,
     3.105853165,276,,offcore_response.all_requests.llc_miss.any_response,41568720,100.00,,
     3.206036794,3128023,,offcore_response.all_requests.llc_hit.any_response,41854875,100.00,,
     3.206036794,319,,offcore_response.all_requests.llc_miss.any_response,41874689,100.00,,
     3.306226858,3151534,,offcore_response.all_requests.llc_hit.any_response,42467243,100.00,,
     3.306226858,290,,offcore_response.all_requests.llc_miss.any_response,42447429,100.00,,
     3.406409779,3059375,,offcore_response.all_requests.llc_hit.any_response,40862544,100.00,,
     3.406409779,201,,offcore_response.all_requests.llc_miss.any_response,40862544,100.00,,
     3.506593482,3101063,,offcore_response.all_requests.llc_hit.any_response,41636654,100.00,,
     3.506593482,430,,offcore_response.all_requests.llc_miss.any_response,41653117,100.00,,
     3.606781502,3133068,,offcore_response.all_requests.llc_hit.any_response,42420714,100.00,,
     3.606781502,388,,offcore_response.all_requests.llc_miss.any_response,42423898,100.00,,
     3.706971388,3090263,,offcore_response.all_requests.llc_hit.any_response,40651934,100.00,,
     3.706971388,221,,offcore_response.all_requests.llc_miss.any_response,40632287,100.00,,
     3.807157392,3138572,,offcore_response.all_requests.llc_hit.any_response,42054041,100.00,,
     3.807157392,456,,offcore_response.all_requests.llc_miss.any_response,42054041,100.00,,
     3.907341102,3093941,,offcore_response.all_requests.llc_hit.any_response,41460871,100.00,,
     3.907341102,288,,offcore_response.all_requests.llc_miss.any_response,41460871,100.00,,
     4.007532111,3124848,,offcore_response.all_requests.llc_hit.any_response,42299807,100.00,,
     4.007532111,358,,offcore_response.all_requests.llc_miss.any_response,42299807,100.00,,
     4.107741588,3148845,,offcore_response.all_requests.llc_hit.any_response,42518816,100.00,,
     4.107741588,383,,offcore_response.all_requests.llc_miss.any_response,42518816,100.00,,
     4.207927949,3062758,,offcore_response.all_requests.llc_hit.any_response,40989027,100.00,,
     4.207927949,355,,offcore_response.all_requests.llc_miss.any_response,41008813,100.00,,
     4.308123596,3146030,,offcore_response.all_requests.llc_hit.any_response,42296640,100.00,,
     4.308123596,340,,offcore_response.all_requests.llc_miss.any_response,42276854,100.00,,
     4.408306196,3105881,,offcore_response.all_requests.llc_hit.any_response,41928274,100.00,,
     4.408306196,287,,offcore_response.all_requests.llc_miss.any_response,41928274,100.00,,
     4.508519531,3052690,,offcore_response.all_requests.llc_hit.any_response,41159353,100.00,,
     4.508519531,253,,offcore_response.all_requests.llc_miss.any_response,41159353,100.00,,
     4.608703525,3162111,,offcore_response.all_requests.llc_hit.any_response,42512579,100.00,,
     4.608703525,362,,offcore_response.all_requests.llc_miss.any_response,42512579,100.00,,
     4.708887113,3056000,,offcore_response.all_requests.llc_hit.any_response,41063682,100.00,,
     4.708887113,428,,offcore_response.all_requests.llc_miss.any_response,41063682,100.00,,
     4.809070001,3116622,,offcore_response.all_requests.llc_hit.any_response,41473146,100.00,,
     4.809070001,243,,offcore_response.all_requests.llc_miss.any_response,41483037,100.00,,
     4.909260118,3097326,,offcore_response.all_requests.llc_hit.any_response,41001134,100.00,,
     4.909260118,288,,offcore_response.all_requests.llc_miss.any_response,41006794,100.00,,
     5.009455725,3118408,,offcore_response.all_requests.llc_hit.any_response,42836572,100.00,,
     5.009455725,483,,offcore_response.all_requests.llc_miss.any_response,42841037,100.00,,
     5.109646471,3053909,,offcore_response.all_requests.llc_hit.any_response,40685746,100.00,,
     5.109646471,295,,offcore_response.all_requests.llc_miss.any_response,40685145,100.00,,
     5.209834600,3111145,,offcore_response.all_requests.llc_hit.any_response,41948875,100.00,,
     5.209834600,478,,offcore_response.all_requests.llc_miss.any_response,41936960,100.00,,
     5.310027660,3120432,,offcore_response.all_requests.llc_hit.any_response,41880544,100.00,,
     5.310027660,326,,offcore_response.all_requests.llc_miss.any_response,41873044,100.00,,
     5.410219766,3136433,,offcore_response.all_requests.llc_hit.any_response,39438305,100.00,,
     5.410219766,358,,offcore_response.all_requests.llc_miss.any_response,39438305,100.00,,
     5.510405661,3105594,,offcore_response.all_requests.llc_hit.any_response,41421179,100.00,,
     5.510405661,220,,offcore_response.all_requests.llc_miss.any_response,41440609,100.00,,
     5.610593988,3133350,,offcore_response.all_requests.llc_hit.any_response,41873275,100.00,,
     5.610593988,336,,offcore_response.all_requests.llc_miss.any_response,41873338,100.00,,
     5.710781786,3095794,,offcore_response.all_requests.llc_hit.any_response,41590235,100.00,,
     5.710781786,311,,offcore_response.all_requests.llc_miss.any_response,41590154,100.00,,
     5.810971034,3098204,,offcore_response.all_requests.llc_hit.any_response,41728660,100.00,,
     5.810971034,366,,offcore_response.all_requests.llc_miss.any_response,41709248,100.00,,
     5.911154122,3149895,,offcore_response.all_requests.llc_hit.any_response,42281399,100.00,,
     5.911154122,338,,offcore_response.all_requests.llc_miss.any_response,42281399,100.00,,
     6.011337762,3099417,,offcore_response.all_requests.llc_hit.any_response,39392744,100.00,,
     6.011337762,274,,offcore_response.all_requests.llc_miss.any_response,39392744,100.00,,
     6.111521297,3133891,,offcore_response.all_requests.llc_hit.any_response,41316159,100.00,,
     6.111521297,278,,offcore_response.all_requests.llc_miss.any_response,41316159,100.00,,
     6.211670263,3118410,,offcore_response.all_requests.llc_hit.any_response,42223653,100.00,,
     6.211670263,381,,offcore_response.all_requests.llc_miss.any_response,42223653,100.00,,
     6.311869511,3056711,,offcore_response.all_requests.llc_hit.any_response,40957775,100.00,,
     6.311869511,302,,offcore_response.all_requests.llc_miss.any_response,40957775,100.00,,
     6.412053969,3119089,,offcore_response.all_requests.llc_hit.any_response,41777266,100.00,,
     6.412053969,242,,offcore_response.all_requests.llc_miss.any_response,41777266,100.00,,
     6.512248022,3134143,,offcore_response.all_requests.llc_hit.any_response,42413696,100.00,,
     6.512248022,263,,offcore_response.all_requests.llc_miss.any_response,42413696,100.00,,
     6.612432924,3094005,,offcore_response.all_requests.llc_hit.any_response,41394104,100.00,,
     6.612432924,353,,offcore_response.all_requests.llc_miss.any_response,41413677,100.00,,
     6.712650071,3107177,,offcore_response.all_requests.llc_hit.any_response,41364299,100.00,,
     6.712650071,176,,offcore_response.all_requests.llc_miss.any_response,41344726,100.00,,
     6.812833112,3072170,,offcore_response.all_requests.llc_hit.any_response,41424400,100.00,,
     6.812833112,186,,offcore_response.all_requests.llc_miss.any_response,41424400,100.00,,
     6.913016393,3116511,,offcore_response.all_requests.llc_hit.any_response,42292732,100.00,,
     6.913016393,263,,offcore_response.all_requests.llc_miss.any_response,42292732,100.00,,
     7.013200851,3075938,,offcore_response.all_requests.llc_hit.any_response,41275229,100.00,,
     7.013200851,394,,offcore_response.all_requests.llc_miss.any_response,41275229,100.00,,
     7.113385249,3143963,,offcore_response.all_requests.llc_hit.any_response,42170733,100.00,,
     7.113385249,326,,offcore_response.all_requests.llc_miss.any_response,42170733,100.00,,
     7.213568316,3099228,,offcore_response.all_requests.llc_hit.any_response,41874128,100.00,,
     7.213568316,404,,offcore_response.all_requests.llc_miss.any_response,41874128,100.00,,
     7.313753575,3108551,,offcore_response.all_requests.llc_hit.any_response,41710898,100.00,,
     7.313753575,208,,offcore_response.all_requests.llc_miss.any_response,41730365,100.00,,
     7.413942243,3114952,,offcore_response.all_requests.llc_hit.any_response,42362412,100.00,,
     7.413942243,429,,offcore_response.all_requests.llc_miss.any_response,42342945,100.00,,
     7.514125955,3061906,,offcore_response.all_requests.llc_hit.any_response,41753984,100.00,,
     7.514125955,250,,offcore_response.all_requests.llc_miss.any_response,41753984,100.00,,
     7.614311438,3058826,,offcore_response.all_requests.llc_hit.any_response,40335466,100.00,,
     7.614311438,301,,offcore_response.all_requests.llc_miss.any_response,40342953,100.00,,
     7.714502699,3152082,,offcore_response.all_requests.llc_hit.any_response,42020041,100.00,,
     7.714502699,259,,offcore_response.all_requests.llc_miss.any_response,42012554,100.00,,
     7.814686915,3118497,,offcore_response.all_requests.llc_hit.any_response,41563539,100.00,,
     7.814686915,462,,offcore_response.all_requests.llc_miss.any_response,41582932,100.00,,
     7.914876345,3088831,,offcore_response.all_requests.llc_hit.any_response,41806834,100.00,,
     7.914876345,221,,offcore_response.all_requests.llc_miss.any_response,41787441,100.00,,
     8.015060949,3113431,,offcore_response.all_requests.llc_hit.any_response,42131916,100.00,,
     8.015060949,257,,offcore_response.all_requests.llc_miss.any_response,42131916,100.00,,
     8.115249557,3091339,,offcore_response.all_requests.llc_hit.any_response,40582167,100.00,,
     8.115249557,162,,offcore_response.all_requests.llc_miss.any_response,40582167,100.00,,
     8.215434035,3153104,,offcore_response.all_requests.llc_hit.any_response,42032731,100.00,,
     8.215434035,162,,offcore_response.all_requests.llc_miss.any_response,42052206,100.00,,
     8.315622568,3094480,,offcore_response.all_requests.llc_hit.any_response,41807015,100.00,,
     8.315622568,432,,offcore_response.all_requests.llc_miss.any_response,41787540,100.00,,
     8.415806986,3155855,,offcore_response.all_requests.llc_hit.any_response,41941561,100.00,,
     8.415806986,177,,offcore_response.all_requests.llc_miss.any_response,41941561,100.00,,
     8.515992034,3046691,,offcore_response.all_requests.llc_hit.any_response,41570621,100.00,,
     8.515992034,231,,offcore_response.all_requests.llc_miss.any_response,41590294,100.00,,
     8.616188803,3101323,,offcore_response.all_requests.llc_hit.any_response,41370579,100.00,,
     8.616188803,439,,offcore_response.all_requests.llc_miss.any_response,41362814,100.00,,
     8.716378293,3114770,,offcore_response.all_requests.llc_hit.any_response,41403585,100.00,,
     8.716378293,381,,offcore_response.all_requests.llc_miss.any_response,41391677,100.00,,
     8.816564866,3094464,,offcore_response.all_requests.llc_hit.any_response,41531686,100.00,,
     8.816564866,402,,offcore_response.all_requests.llc_miss.any_response,41531686,100.00,,
     8.916770722,3110464,,offcore_response.all_requests.llc_hit.any_response,41785097,100.00,,
     8.916770722,355,,offcore_response.all_requests.llc_miss.any_response,41785097,100.00,,
     9.016956155,3129620,,offcore_response.all_requests.llc_hit.any_response,42183707,100.00,,
     9.016956155,384,,offcore_response.all_requests.llc_miss.any_response,42183707,100.00,,
     9.117139935,3066062,,offcore_response.all_requests.llc_hit.any_response,41120143,100.00,,
     9.117139935,320,,offcore_response.all_requests.llc_miss.any_response,41120143,100.00,,
     9.217324370,3110436,,offcore_response.all_requests.llc_hit.any_response,41554594,100.00,,
     9.217324370,357,,offcore_response.all_requests.llc_miss.any_response,41554594,100.00,,
     9.317507380,3069027,,offcore_response.all_requests.llc_hit.any_response,41391042,100.00,,
     9.317507380,295,,offcore_response.all_requests.llc_miss.any_response,41410507,100.00,,
     9.417696332,3051488,,offcore_response.all_requests.llc_hit.any_response,39902443,100.00,,
     9.417696332,268,,offcore_response.all_requests.llc_miss.any_response,39882978,100.00,,
     9.517882259,3124638,,offcore_response.all_requests.llc_hit.any_response,42293689,100.00,,
     9.517882259,369,,offcore_response.all_requests.llc_miss.any_response,42293689,100.00,,
     9.618067104,3105786,,offcore_response.all_requests.llc_hit.any_response,41331834,100.00,,
     9.618067104,265,,offcore_response.all_requests.llc_miss.any_response,41331834,100.00,,
     9.718252250,3035907,,offcore_response.all_requests.llc_hit.any_response,40712398,100.00,,
     9.718252250,315,,offcore_response.all_requests.llc_miss.any_response,40712398,100.00,,
     9.818436568,3146517,,offcore_response.all_requests.llc_hit.any_response,42586426,100.00,,
     9.818436568,497,,offcore_response.all_requests.llc_miss.any_response,42605867,100.00,,
     9.918625910,3112247,,offcore_response.all_requests.llc_hit.any_response,42878683,100.00,,
     9.918625910,476,,offcore_response.all_requests.llc_miss.any_response,42878751,100.00,,
    10.018830403,3113878,,offcore_response.all_requests.llc_hit.any_response,41721266,100.00,,
    10.018830403,465,,offcore_response.all_requests.llc_miss.any_response,41717475,100.00,,
    10.119021880,3087784,,offcore_response.all_requests.llc_hit.any_response,41834430,100.00,,
    10.119021880,540,,offcore_response.all_requests.llc_miss.any_response,41828452,100.00,,
    10.219207167,3109257,,offcore_response.all_requests.llc_hit.any_response,42022958,100.00,,
    10.219207167,362,,offcore_response.all_requests.llc_miss.any_response,42032689,100.00,,
    10.319395313,3119532,,offcore_response.all_requests.llc_hit.any_response,41768593,100.00,,
    10.319395313,298,,offcore_response.all_requests.llc_miss.any_response,41768710,100.00,,
    10.419583365,3105146,,offcore_response.all_requests.llc_hit.any_response,41524697,100.00,,
    10.419583365,654,,offcore_response.all_requests.llc_miss.any_response,41525077,100.00,,
    10.519773733,3079305,,offcore_response.all_requests.llc_hit.any_response,41233850,100.00,,
    10.519773733,154,,offcore_response.all_requests.llc_miss.any_response,41228055,100.00,,
    10.619960513,3115147,,offcore_response.all_requests.llc_hit.any_response,41552598,100.00,,
    10.619960513,441,,offcore_response.all_requests.llc_miss.any_response,41538425,100.00,,
    10.720144288,3080366,,offcore_response.all_requests.llc_hit.any_response,41459686,100.00,,
    10.720144288,400,,offcore_response.all_requests.llc_miss.any_response,41459686,100.00,,
    10.820306361,3107377,,offcore_response.all_requests.llc_hit.any_response,41919393,100.00,,
    10.820306361,435,,offcore_response.all_requests.llc_miss.any_response,41919393,100.00,,
    10.920492462,3098220,,offcore_response.all_requests.llc_hit.any_response,40836430,100.00,,
    10.920492462,334,,offcore_response.all_requests.llc_miss.any_response,40836430,100.00,,
    11.020677862,3109742,,offcore_response.all_requests.llc_hit.any_response,41485269,100.00,,
    11.020677862,521,,offcore_response.all_requests.llc_miss.any_response,41504852,100.00,,
