# started on Tue May  2 15:21:55 2023

     0.100168268,5946811,,offcore_response.all_requests.llc_hit.any_response,50021859,100.00,,
     0.100168268,757,,offcore_response.all_requests.llc_miss.any_response,50008786,100.00,,
     0.200397540,6025767,,offcore_response.all_requests.llc_hit.any_response,50325743,100.00,,
     0.200397540,1058,,offcore_response.all_requests.llc_miss.any_response,50333975,100.00,,
     0.300589408,6027947,,offcore_response.all_requests.llc_hit.any_response,49975141,100.00,,
     0.300589408,762,,offcore_response.all_requests.llc_miss.any_response,49972574,100.00,,
     0.400778039,6032050,,offcore_response.all_requests.llc_hit.any_response,49962006,100.00,,
     0.400778039,676,,offcore_response.all_requests.llc_miss.any_response,49962088,100.00,,
     0.500966920,6016236,,offcore_response.all_requests.llc_hit.any_response,49838939,100.00,,
     0.500966920,671,,offcore_response.all_requests.llc_miss.any_response,49822096,100.00,,
     0.601156529,6077565,,offcore_response.all_requests.llc_hit.any_response,50459828,100.00,,
     0.601156529,646,,offcore_response.all_requests.llc_miss.any_response,50459828,100.00,,
     0.701347476,6038767,,offcore_response.all_requests.llc_hit.any_response,50055200,100.00,,
     0.701347476,751,,offcore_response.all_requests.llc_miss.any_response,50074166,100.00,,
     0.801538669,6011616,,offcore_response.all_requests.llc_hit.any_response,49952818,100.00,,
     0.801538669,682,,offcore_response.all_requests.llc_miss.any_response,49938051,100.00,,
     0.901728816,432421,,offcore_response.all_requests.llc_hit.any_response,3602578,100.00,,
     0.901728816,176,,offcore_response.all_requests.llc_miss.any_response,3598379,100.00,,
     1.001916804,8209076,,offcore_response.all_requests.llc_hit.any_response,74325342,100.00,,
     1.001916804,625,,offcore_response.all_requests.llc_miss.any_response,74344673,100.00,,
     1.102108331,9413960,,offcore_response.all_requests.llc_hit.any_response,79706789,100.00,,
     1.102108331,872,,offcore_response.all_requests.llc_miss.any_response,79687458,100.00,,
     1.202295187,5896035,,offcore_response.all_requests.llc_hit.any_response,49908197,100.00,,
     1.202295187,465,,offcore_response.all_requests.llc_miss.any_response,49908197,100.00,,
     1.302479595,159019,,offcore_response.all_requests.llc_hit.any_response,1369443,100.00,,
     1.302479595,36,,offcore_response.all_requests.llc_miss.any_response,1369443,100.00,,
     1.402667429,8340069,,offcore_response.all_requests.llc_hit.any_response,74363311,100.00,,
     1.402667429,786,,offcore_response.all_requests.llc_miss.any_response,74383097,100.00,,
     1.502860160,9794749,,offcore_response.all_requests.llc_hit.any_response,81113963,100.00,,
     1.502860160,1098,,offcore_response.all_requests.llc_miss.any_response,81113209,100.00,,
     1.603051593,6102860,,offcore_response.all_requests.llc_hit.any_response,50539903,100.00,,
     1.603051593,758,,offcore_response.all_requests.llc_miss.any_response,50520871,100.00,,
     1.703237857,<not counted>,,offcore_response.all_requests.llc_hit.any_response,0,100.00,,
     1.703237857,<not counted>,,offcore_response.all_requests.llc_miss.any_response,0,100.00,,
     1.803443778,8406560,,offcore_response.all_requests.llc_hit.any_response,76062605,100.00,,
     1.803443778,904,,offcore_response.all_requests.llc_miss.any_response,76081991,100.00,,
     1.903636716,9173860,,offcore_response.all_requests.llc_hit.any_response,78007941,100.00,,
     1.903636716,942,,offcore_response.all_requests.llc_miss.any_response,77988555,100.00,,
     2.003824279,<not counted>,,offcore_response.all_requests.llc_hit.any_response,0,100.00,,
     2.003824279,<not counted>,,offcore_response.all_requests.llc_miss.any_response,0,100.00,,
     2.104007191,8510240,,offcore_response.all_requests.llc_hit.any_response,75529366,100.00,,
     2.104007191,921,,offcore_response.all_requests.llc_miss.any_response,75539985,100.00,,
     2.204198510,9971571,,offcore_response.all_requests.llc_hit.any_response,82986005,100.00,,
     2.204198510,1088,,offcore_response.all_requests.llc_miss.any_response,82994498,100.00,,
     2.304408734,137571,,offcore_response.all_requests.llc_hit.any_response,1190860,100.00,,
     2.304408734,21,,offcore_response.all_requests.llc_miss.any_response,1171748,100.00,,
     2.404596442,8505652,,offcore_response.all_requests.llc_hit.any_response,75199989,100.00,,
     2.404596442,849,,offcore_response.all_requests.llc_miss.any_response,75219023,100.00,,
     2.504788079,9888229,,offcore_response.all_requests.llc_hit.any_response,81955962,100.00,,
     2.504788079,812,,offcore_response.all_requests.llc_miss.any_response,81955956,100.00,,
     2.604975765,4965282,,offcore_response.all_requests.llc_hit.any_response,41156862,100.00,,
     2.604975765,522,,offcore_response.all_requests.llc_miss.any_response,41137834,100.00,,
     2.705168671,207276,,offcore_response.all_requests.llc_hit.any_response,3581869,100.00,,
     2.705168671,20,,offcore_response.all_requests.llc_miss.any_response,3602300,100.00,,
     2.805362507,9594902,,offcore_response.all_requests.llc_hit.any_response,82431217,100.00,,
     2.805362507,978,,offcore_response.all_requests.llc_miss.any_response,82427353,100.00,,
     2.905552126,7557374,,offcore_response.all_requests.llc_hit.any_response,62659894,100.00,,
     2.905552126,681,,offcore_response.all_requests.llc_miss.any_response,62643327,100.00,,
     3.005741816,699976,,offcore_response.all_requests.llc_hit.any_response,10386464,100.00,,
     3.005741816,88,,offcore_response.all_requests.llc_miss.any_response,10406087,100.00,,
     3.105937061,9915613,,offcore_response.all_requests.llc_hit.any_response,82760530,100.00,,
     3.105937061,926,,offcore_response.all_requests.llc_miss.any_response,82748502,100.00,,
     3.206127680,9751165,,offcore_response.all_requests.llc_hit.any_response,81117383,100.00,,
     3.206127680,1053,,offcore_response.all_requests.llc_miss.any_response,81126154,100.00,,
     3.306316671,2754917,,offcore_response.all_requests.llc_hit.any_response,22876038,100.00,,
     3.306316671,307,,offcore_response.all_requests.llc_miss.any_response,22859672,100.00,,
     3.406503058,2425098,,offcore_response.all_requests.llc_hit.any_response,25583671,100.00,,
     3.406503058,210,,offcore_response.all_requests.llc_miss.any_response,25603067,100.00,,
     3.506694447,10033040,,offcore_response.all_requests.llc_hit.any_response,82860273,100.00,,
     3.506694447,972,,offcore_response.all_requests.llc_miss.any_response,82859746,100.00,,
     3.606884261,9054366,,offcore_response.all_requests.llc_hit.any_response,74920773,100.00,,
     3.606884261,738,,offcore_response.all_requests.llc_miss.any_response,74920902,100.00,,
     3.707073005,1850845,,offcore_response.all_requests.llc_hit.any_response,15428794,100.00,,
     3.707073005,205,,offcore_response.all_requests.llc_miss.any_response,15409796,100.00,,
     3.807259823,3915148,,offcore_response.all_requests.llc_hit.any_response,37895804,100.00,,
     3.807259823,382,,offcore_response.all_requests.llc_miss.any_response,37915228,100.00,,
     3.907450319,9811137,,offcore_response.all_requests.llc_hit.any_response,82892743,100.00,,
     3.907450319,868,,offcore_response.all_requests.llc_miss.any_response,82881085,100.00,,
     4.007638022,2682394,,offcore_response.all_requests.llc_hit.any_response,22669900,100.00,,
     4.007638022,131,,offcore_response.all_requests.llc_miss.any_response,22662134,100.00,,
     4.107823166,4625133,,offcore_response.all_requests.llc_hit.any_response,43442652,100.00,,
     4.107823166,402,,offcore_response.all_requests.llc_miss.any_response,43462007,100.00,,
     4.208016130,9938461,,offcore_response.all_requests.llc_hit.any_response,82762897,100.00,,
     4.208016130,931,,offcore_response.all_requests.llc_miss.any_response,82762554,100.00,,
     4.308207636,9340222,,offcore_response.all_requests.llc_hit.any_response,77512751,100.00,,
     4.308207636,2147,,offcore_response.all_requests.llc_miss.any_response,77512854,100.00,,
     4.408400830,664071,,offcore_response.all_requests.llc_hit.any_response,5536846,100.00,,
     4.408400830,24,,offcore_response.all_requests.llc_miss.any_response,5517731,100.00,,
     4.508605570,5833680,,offcore_response.all_requests.llc_hit.any_response,54011361,100.00,,
     4.508605570,496,,offcore_response.all_requests.llc_miss.any_response,54030912,100.00,,
     4.608797222,9947817,,offcore_response.all_requests.llc_hit.any_response,82790868,100.00,,
     4.608797222,1108,,offcore_response.all_requests.llc_miss.any_response,82779215,100.00,,
     4.708986033,1664012,,offcore_response.all_requests.llc_hit.any_response,13945004,100.00,,
     4.708986033,181,,offcore_response.all_requests.llc_miss.any_response,13937106,100.00,,
     4.809173921,6469645,,offcore_response.all_requests.llc_hit.any_response,58192799,100.00,,
     4.809173921,631,,offcore_response.all_requests.llc_miss.any_response,58198881,100.00,,
     4.909364927,9913450,,offcore_response.all_requests.llc_hit.any_response,82719485,100.00,,
     4.909364927,1029,,offcore_response.all_requests.llc_miss.any_response,82732295,100.00,,
     5.009552330,191517,,offcore_response.all_requests.llc_hit.any_response,1641441,100.00,,
     5.009552330,3,,offcore_response.all_requests.llc_miss.any_response,1622549,100.00,,
     5.109736443,<not counted>,,offcore_response.all_requests.llc_hit.any_response,0,100.00,,
     5.109736443,<not counted>,,offcore_response.all_requests.llc_miss.any_response,0,100.00,,
     5.209919250,7731422,,offcore_response.all_requests.llc_hit.any_response,68974887,100.00,,
     5.209919250,674,,offcore_response.all_requests.llc_miss.any_response,68994499,100.00,,
     5.310112898,9990980,,offcore_response.all_requests.llc_hit.any_response,82827973,100.00,,
     5.310112898,957,,offcore_response.all_requests.llc_miss.any_response,82827148,100.00,,
     5.410305772,9988514,,offcore_response.all_requests.llc_hit.any_response,82644306,100.00,,
     5.410305772,1103,,offcore_response.all_requests.llc_miss.any_response,82625519,100.00,,
     5.510494267,<not counted>,,offcore_response.all_requests.llc_hit.any_response,0,100.00,,
     5.510494267,<not counted>,,offcore_response.all_requests.llc_miss.any_response,0,100.00,,
     5.610678051,7738852,,offcore_response.all_requests.llc_hit.any_response,69176221,100.00,,
     5.610678051,731,,offcore_response.all_requests.llc_miss.any_response,69185300,100.00,,
     5.710867709,10017147,,offcore_response.all_requests.llc_hit.any_response,82822584,100.00,,
     5.710867709,970,,offcore_response.all_requests.llc_miss.any_response,82832535,100.00,,
     5.811056431,98352,,offcore_response.all_requests.llc_hit.any_response,871108,100.00,,
     5.811056431,18,,offcore_response.all_requests.llc_miss.any_response,852078,100.00,,
     5.911244159,7661497,,offcore_response.all_requests.llc_hit.any_response,69126258,100.00,,
     5.911244159,536,,offcore_response.all_requests.llc_miss.any_response,69139136,100.00,,
     6.011433665,9816944,,offcore_response.all_requests.llc_hit.any_response,82941702,100.00,,
     6.011433665,1017,,offcore_response.all_requests.llc_miss.any_response,82947712,100.00,,
     6.111622999,365002,,offcore_response.all_requests.llc_hit.any_response,3120545,100.00,,
     6.111622999,7,,offcore_response.all_requests.llc_miss.any_response,3101657,100.00,,
     6.211807133,<not counted>,,offcore_response.all_requests.llc_hit.any_response,0,100.00,,
     6.211807133,<not counted>,,offcore_response.all_requests.llc_miss.any_response,0,100.00,,
     6.311989302,7490341,,offcore_response.all_requests.llc_hit.any_response,68966758,100.00,,
     6.311989302,661,,offcore_response.all_requests.llc_miss.any_response,68981451,100.00,,
     6.412180962,9745338,,offcore_response.all_requests.llc_hit.any_response,82879917,100.00,,
     6.412180962,898,,offcore_response.all_requests.llc_miss.any_response,82884189,100.00,,
     6.512372059,9764340,,offcore_response.all_requests.llc_hit.any_response,82847074,100.00,,
     6.512372059,753,,offcore_response.all_requests.llc_miss.any_response,82839200,100.00,,
     6.612560846,144832,,offcore_response.all_requests.llc_hit.any_response,1276355,100.00,,
     6.612560846,5,,offcore_response.all_requests.llc_miss.any_response,1265264,100.00,,
     6.712770017,7791681,,offcore_response.all_requests.llc_hit.any_response,68986994,100.00,,
     6.712770017,673,,offcore_response.all_requests.llc_miss.any_response,69006428,100.00,,
     6.812961584,9944945,,offcore_response.all_requests.llc_hit.any_response,82434777,100.00,,
     6.812961584,898,,offcore_response.all_requests.llc_miss.any_response,82415343,100.00,,
     6.913147601,<not counted>,,offcore_response.all_requests.llc_hit.any_response,0,100.00,,
     6.913147601,<not counted>,,offcore_response.all_requests.llc_miss.any_response,0,100.00,,
     7.013333138,7602368,,offcore_response.all_requests.llc_hit.any_response,69974956,100.00,,
     7.013333138,632,,offcore_response.all_requests.llc_miss.any_response,69992001,100.00,,
     7.113526332,9734404,,offcore_response.all_requests.llc_hit.any_response,82912688,100.00,,
     7.113526332,866,,offcore_response.all_requests.llc_miss.any_response,82914565,100.00,,
     7.213714443,24186,,offcore_response.all_requests.llc_hit.any_response,252136,100.00,,
     7.213714443,2,,offcore_response.all_requests.llc_miss.any_response,233214,100.00,,
     7.313897157,<not counted>,,offcore_response.all_requests.llc_hit.any_response,0,100.00,,
     7.313897157,<not counted>,,offcore_response.all_requests.llc_miss.any_response,0,100.00,,
     7.414080334,7765180,,offcore_response.all_requests.llc_hit.any_response,69553496,100.00,,
     7.414080334,653,,offcore_response.all_requests.llc_miss.any_response,69572904,100.00,,
     7.514272763,10024516,,offcore_response.all_requests.llc_hit.any_response,83003907,100.00,,
     7.514272763,7072,,offcore_response.all_requests.llc_miss.any_response,83003462,100.00,,
     7.614462720,9961301,,offcore_response.all_requests.llc_hit.any_response,82440254,100.00,,
     7.614462720,903,,offcore_response.all_requests.llc_miss.any_response,82421291,100.00,,
     7.714651019,<not counted>,,offcore_response.all_requests.llc_hit.any_response,0,100.00,,
     7.714651019,<not counted>,,offcore_response.all_requests.llc_miss.any_response,0,100.00,,
     7.814840669,7896010,,offcore_response.all_requests.llc_hit.any_response,69807197,100.00,,
     7.814840669,732,,offcore_response.all_requests.llc_miss.any_response,69815227,100.00,,
     7.915031674,9955374,,offcore_response.all_requests.llc_hit.any_response,82288514,100.00,,
     7.915031674,877,,offcore_response.all_requests.llc_miss.any_response,82280484,100.00,,
     8.015216910,<not counted>,,offcore_response.all_requests.llc_hit.any_response,0,100.00,,
     8.015216910,<not counted>,,offcore_response.all_requests.llc_miss.any_response,0,100.00,,
     8.115399420,7912540,,offcore_response.all_requests.llc_hit.any_response,69875736,100.00,,
     8.115399420,721,,offcore_response.all_requests.llc_miss.any_response,69893961,100.00,,
     8.215615650,9992373,,offcore_response.all_requests.llc_hit.any_response,82874808,100.00,,
     8.215615650,1066,,offcore_response.all_requests.llc_miss.any_response,82875407,100.00,,
     8.315804492,26095,,offcore_response.all_requests.llc_hit.any_response,271307,100.00,,
     8.315804492,2,,offcore_response.all_requests.llc_miss.any_response,252483,100.00,,
     8.415988888,<not counted>,,offcore_response.all_requests.llc_hit.any_response,0,100.00,,
     8.415988888,<not counted>,,offcore_response.all_requests.llc_miss.any_response,0,100.00,,
     8.516170273,7594509,,offcore_response.all_requests.llc_hit.any_response,70141413,100.00,,
     8.516170273,672,,offcore_response.all_requests.llc_miss.any_response,70155898,100.00,,
     8.616360998,9764636,,offcore_response.all_requests.llc_hit.any_response,82727435,100.00,,
     8.616360998,949,,offcore_response.all_requests.llc_miss.any_response,82731819,100.00,,
     8.716551563,9723569,,offcore_response.all_requests.llc_hit.any_response,82837879,100.00,,
     8.716551563,844,,offcore_response.all_requests.llc_miss.any_response,82838115,100.00,,
     8.816740635,109352,,offcore_response.all_requests.llc_hit.any_response,971996,100.00,,
     8.816740635,10,,offcore_response.all_requests.llc_miss.any_response,952891,100.00,,
     8.916952117,7761486,,offcore_response.all_requests.llc_hit.any_response,70161849,100.00,,
     8.916952117,616,,offcore_response.all_requests.llc_miss.any_response,70181298,100.00,,
     9.017144813,9772044,,offcore_response.all_requests.llc_hit.any_response,82715015,100.00,,
     9.017144813,1047,,offcore_response.all_requests.llc_miss.any_response,82695566,100.00,,
     9.117332520,<not counted>,,offcore_response.all_requests.llc_hit.any_response,0,100.00,,
     9.117332520,<not counted>,,offcore_response.all_requests.llc_miss.any_response,0,100.00,,
     9.217515372,7677445,,offcore_response.all_requests.llc_hit.any_response,70157822,100.00,,
     9.217515372,665,,offcore_response.all_requests.llc_miss.any_response,70177257,100.00,,
     9.317708690,9796473,,offcore_response.all_requests.llc_hit.any_response,82934396,100.00,,
     9.317708690,1034,,offcore_response.all_requests.llc_miss.any_response,82933847,100.00,,
     9.417898095,81905,,offcore_response.all_requests.llc_hit.any_response,740389,100.00,,
     9.417898095,2,,offcore_response.all_requests.llc_miss.any_response,721503,100.00,,
     9.518082042,<not counted>,,offcore_response.all_requests.llc_hit.any_response,0,100.00,,
     9.518082042,<not counted>,,offcore_response.all_requests.llc_miss.any_response,0,100.00,,
     9.618264428,7846288,,offcore_response.all_requests.llc_hit.any_response,69351113,100.00,,
     9.618264428,778,,offcore_response.all_requests.llc_miss.any_response,69370531,100.00,,
     9.718455784,9970722,,offcore_response.all_requests.llc_hit.any_response,82821138,100.00,,
     9.718455784,870,,offcore_response.all_requests.llc_miss.any_response,82820620,100.00,,
     9.818647996,9780176,,offcore_response.all_requests.llc_hit.any_response,80960999,100.00,,
     9.818647996,986,,offcore_response.all_requests.llc_miss.any_response,80942099,100.00,,
     9.918836736,<not counted>,,offcore_response.all_requests.llc_hit.any_response,0,100.00,,
     9.918836736,<not counted>,,offcore_response.all_requests.llc_miss.any_response,0,100.00,,
    10.019019232,7878264,,offcore_response.all_requests.llc_hit.any_response,69712417,100.00,,
    10.019019232,608,,offcore_response.all_requests.llc_miss.any_response,69731941,100.00,,
    10.119213388,10041724,,offcore_response.all_requests.llc_hit.any_response,82810919,100.00,,
    10.119213388,659,,offcore_response.all_requests.llc_miss.any_response,82802549,100.00,,
    10.219402848,187918,,offcore_response.all_requests.llc_hit.any_response,1589562,100.00,,
    10.219402848,13,,offcore_response.all_requests.llc_miss.any_response,1578408,100.00,,
    10.319601661,7744748,,offcore_response.all_requests.llc_hit.any_response,70081393,100.00,,
    10.319601661,751,,offcore_response.all_requests.llc_miss.any_response,70100910,100.00,,
    10.419793957,9853289,,offcore_response.all_requests.llc_hit.any_response,82956260,100.00,,
    10.419793957,891,,offcore_response.all_requests.llc_miss.any_response,82955546,100.00,,
    10.519983332,147724,,offcore_response.all_requests.llc_hit.any_response,1296193,100.00,,
    10.519983332,3,,offcore_response.all_requests.llc_miss.any_response,1277390,100.00,,
    10.620166187,<not counted>,,offcore_response.all_requests.llc_hit.any_response,0,100.00,,
    10.620166187,<not counted>,,offcore_response.all_requests.llc_miss.any_response,0,100.00,,
    10.720347836,7759000,,offcore_response.all_requests.llc_hit.any_response,69157619,100.00,,
    10.720347836,557,,offcore_response.all_requests.llc_miss.any_response,69176976,100.00,,
    10.820538615,9977813,,offcore_response.all_requests.llc_hit.any_response,82763840,100.00,,
    10.820538615,879,,offcore_response.all_requests.llc_miss.any_response,82760798,100.00,,
    10.920728925,9784718,,offcore_response.all_requests.llc_hit.any_response,82355840,100.00,,
    10.920728925,861,,offcore_response.all_requests.llc_miss.any_response,82339525,100.00,,
    11.020914624,<not counted>,,offcore_response.all_requests.llc_hit.any_response,0,100.00,,
    11.020914624,<not counted>,,offcore_response.all_requests.llc_miss.any_response,0,100.00,,
