# started on Tue May  2 15:19:29 2023

     0.100144429,1863109,,mem_load_uops_retired.l1_miss,74852324,100.00,20.6,L1MPKI
     0.100144429,90490537,,inst_retired.any,74852324,100.00,,
     0.200407901,1866388,,mem_load_uops_retired.l1_miss,74958654,100.00,20.6,L1MPKI
     0.200407901,90464984,,inst_retired.any,74958654,100.00,,
     0.300600902,1863355,,mem_load_uops_retired.l1_miss,74899274,100.00,20.6,L1MPKI
     0.300600902,90188342,,inst_retired.any,74899274,100.00,,
     0.400794599,1851698,,mem_load_uops_retired.l1_miss,74285776,100.00,20.5,L1MPKI
     0.400794599,89750797,,inst_retired.any,74285776,100.00,,
     0.500983337,1858524,,mem_load_uops_retired.l1_miss,74303084,100.00,20.6,L1MPKI
     0.500983337,89866020,,inst_retired.any,74303084,100.00,,
     0.601174232,490882,,mem_load_uops_retired.l1_miss,19693730,100.00,6.2,L1MPKI
     0.601174232,23834550,,inst_retired.any,19693730,100.00,,
     0.701361081,<not counted>,,mem_load_uops_retired.l1_miss,0,100.00,,
     0.701361081,<not counted>,,inst_retired.any,0,100.00,,
     0.801530782,<not counted>,,mem_load_uops_retired.l1_miss,0,100.00,,
     0.801530782,<not counted>,,inst_retired.any,0,100.00,,
     0.901702876,1144418,,mem_load_uops_retired.l1_miss,49232949,100.00,19.5,L1MPKI
     0.901702876,54807520,,inst_retired.any,49232949,100.00,,
     1.001895667,2074195,,mem_load_uops_retired.l1_miss,83415982,100.00,32.9,L1MPKI
     1.001895667,100547637,,inst_retired.any,83415982,100.00,,
     1.102086822,407558,,mem_load_uops_retired.l1_miss,16369316,100.00,6.9,L1MPKI
     1.102086822,19802636,,inst_retired.any,16369316,100.00,,
     1.202274934,1332743,,mem_load_uops_retired.l1_miss,57594868,100.00,22.4,L1MPKI
     1.202274934,64053015,,inst_retired.any,57594868,100.00,,
     1.302466923,2073391,,mem_load_uops_retired.l1_miss,83271548,100.00,33.1,L1MPKI
     1.302466923,100560567,,inst_retired.any,83271548,100.00,,
     1.402658817,2076941,,mem_load_uops_retired.l1_miss,83400349,100.00,31.8,L1MPKI
     1.402658817,100603312,,inst_retired.any,83400349,100.00,,
     1.502848617,2073673,,mem_load_uops_retired.l1_miss,83214658,100.00,30.6,L1MPKI
     1.502848617,100521055,,inst_retired.any,83214658,100.00,,
     1.603040055,2078457,,mem_load_uops_retired.l1_miss,83278055,100.00,29.8,L1MPKI
     1.603040055,100583384,,inst_retired.any,83278055,100.00,,
     1.703228614,279357,,mem_load_uops_retired.l1_miss,11232969,100.00,4.2,L1MPKI
     1.703228614,13596619,,inst_retired.any,11232969,100.00,,
     1.803414794,<not counted>,,mem_load_uops_retired.l1_miss,0,100.00,,
     1.803414794,<not counted>,,inst_retired.any,0,100.00,,
     1.903588671,<not counted>,,mem_load_uops_retired.l1_miss,0,100.00,,
     1.903588671,<not counted>,,inst_retired.any,0,100.00,,
     2.003764419,1329471,,mem_load_uops_retired.l1_miss,57562417,100.00,22.3,L1MPKI
     2.003764419,64033438,,inst_retired.any,57562417,100.00,,
     2.103957474,2079948,,mem_load_uops_retired.l1_miss,83571653,100.00,33.7,L1MPKI
     2.103957474,100829032,,inst_retired.any,83571653,100.00,,
     2.204150098,227354,,mem_load_uops_retired.l1_miss,9114075,100.00,3.8,L1MPKI
     2.204150098,11029703,,inst_retired.any,9114075,100.00,,
     2.304340377,1396534,,mem_load_uops_retired.l1_miss,59094950,100.00,23.4,L1MPKI
     2.304340377,67006157,,inst_retired.any,59094950,100.00,,
     2.404533710,2079685,,mem_load_uops_retired.l1_miss,83468354,100.00,33.9,L1MPKI
     2.404533710,100794939,,inst_retired.any,83468354,100.00,,
     2.504723908,2081249,,mem_load_uops_retired.l1_miss,83506449,100.00,33.1,L1MPKI
     2.504723908,100756089,,inst_retired.any,83506449,100.00,,
     2.604915313,2081832,,mem_load_uops_retired.l1_miss,83550957,100.00,32.3,L1MPKI
     2.604915313,101073893,,inst_retired.any,83550957,100.00,,
     2.705105408,2078186,,mem_load_uops_retired.l1_miss,83423945,100.00,31.6,L1MPKI
     2.705105408,100730053,,inst_retired.any,83423945,100.00,,
     2.805293756,171896,,mem_load_uops_retired.l1_miss,6969659,100.00,2.7,L1MPKI
     2.805293756,8370913,,inst_retired.any,6969659,100.00,,
     2.905480158,<not counted>,,mem_load_uops_retired.l1_miss,0,100.00,,
     2.905480158,<not counted>,,inst_retired.any,0,100.00,,
     3.005670332,<not counted>,,mem_load_uops_retired.l1_miss,0,100.00,,
     3.005670332,<not counted>,,inst_retired.any,0,100.00,,
     3.105844742,1437158,,mem_load_uops_retired.l1_miss,62243599,100.00,24.0,L1MPKI
     3.105844742,69695563,,inst_retired.any,62243599,100.00,,
     3.206035575,2070356,,mem_load_uops_retired.l1_miss,83558521,100.00,33.9,L1MPKI
     3.206035575,100862045,,inst_retired.any,83558521,100.00,,
     3.306225430,92699,,mem_load_uops_retired.l1_miss,3768941,100.00,1.6,L1MPKI
     3.306225430,4557266,,inst_retired.any,3768941,100.00,,
     3.406413914,1493717,,mem_load_uops_retired.l1_miss,64703326,100.00,25.0,L1MPKI
     3.406413914,72620483,,inst_retired.any,64703326,100.00,,
     3.506604025,2075407,,mem_load_uops_retired.l1_miss,83677158,100.00,34.1,L1MPKI
     3.506604025,100952808,,inst_retired.any,83677158,100.00,,
     3.606794735,2076564,,mem_load_uops_retired.l1_miss,83617207,100.00,33.5,L1MPKI
     3.606794735,100877280,,inst_retired.any,83617207,100.00,,
     3.706984279,2064389,,mem_load_uops_retired.l1_miss,83094339,100.00,32.7,L1MPKI
     3.706984279,101003604,,inst_retired.any,83094339,100.00,,
     3.807180815,1919670,,mem_load_uops_retired.l1_miss,77322980,100.00,30.0,L1MPKI
     3.807180815,93362887,,inst_retired.any,77322980,100.00,,
     3.907395340,<not counted>,,mem_load_uops_retired.l1_miss,0,100.00,,
     3.907395340,<not counted>,,inst_retired.any,0,100.00,,
     4.007563546,<not counted>,,mem_load_uops_retired.l1_miss,0,100.00,,
     4.007563546,<not counted>,,inst_retired.any,0,100.00,,
     4.107734037,<not counted>,,mem_load_uops_retired.l1_miss,0,100.00,,
     4.107734037,<not counted>,,inst_retired.any,0,100.00,,
     4.207904909,1723234,,mem_load_uops_retired.l1_miss,74268291,100.00,28.8,L1MPKI
     4.207904909,84164197,,inst_retired.any,74268291,100.00,,
     4.308092284,1884939,,mem_load_uops_retired.l1_miss,75898928,100.00,31.1,L1MPKI
     4.308092284,91981908,,inst_retired.any,75898928,100.00,,
     4.408283386,<not counted>,,mem_load_uops_retired.l1_miss,0,100.00,,
     4.408283386,<not counted>,,inst_retired.any,0,100.00,,
     4.508455575,1783053,,mem_load_uops_retired.l1_miss,76151792,100.00,29.8,L1MPKI
     4.508455575,86518382,,inst_retired.any,76151792,100.00,,
     4.608649645,2075365,,mem_load_uops_retired.l1_miss,83474196,100.00,34.2,L1MPKI
     4.608649645,101044843,,inst_retired.any,83474196,100.00,,
     4.708840880,2077333,,mem_load_uops_retired.l1_miss,83449900,100.00,33.7,L1MPKI
     4.708840880,101017228,,inst_retired.any,83449900,100.00,,
     4.809031866,2078965,,mem_load_uops_retired.l1_miss,83529583,100.00,33.3,L1MPKI
     4.809031866,101000700,,inst_retired.any,83529583,100.00,,
     4.909218426,1801054,,mem_load_uops_retired.l1_miss,72314609,100.00,28.6,L1MPKI
     4.909218426,87368084,,inst_retired.any,72314609,100.00,,
     5.009405436,<not counted>,,mem_load_uops_retired.l1_miss,0,100.00,,
     5.009405436,<not counted>,,inst_retired.any,0,100.00,,
     5.109575284,<not counted>,,mem_load_uops_retired.l1_miss,0,100.00,,
     5.109575284,<not counted>,,inst_retired.any,0,100.00,,
     5.209744106,<not counted>,,mem_load_uops_retired.l1_miss,0,100.00,,
     5.209744106,<not counted>,,inst_retired.any,0,100.00,,
     5.309914518,1896605,,mem_load_uops_retired.l1_miss,80447033,100.00,31.7,L1MPKI
     5.309914518,91488185,,inst_retired.any,80447033,100.00,,
     5.410104704,1757296,,mem_load_uops_retired.l1_miss,70503373,100.00,29.1,L1MPKI
     5.410104704,85316746,,inst_retired.any,70503373,100.00,,
     5.510290662,<not counted>,,mem_load_uops_retired.l1_miss,0,100.00,,
     5.510290662,<not counted>,,inst_retired.any,0,100.00,,
     5.610461619,1924403,,mem_load_uops_retired.l1_miss,81057746,100.00,32.2,L1MPKI
     5.610461619,93241464,,inst_retired.any,81057746,100.00,,
     5.710659309,2071489,,mem_load_uops_retired.l1_miss,83576249,100.00,34.2,L1MPKI
     5.710659309,100780581,,inst_retired.any,83576249,100.00,,
     5.810851468,2078960,,mem_load_uops_retired.l1_miss,83503504,100.00,33.9,L1MPKI
     5.810851468,101088221,,inst_retired.any,83503504,100.00,,
     5.911062572,2077379,,mem_load_uops_retired.l1_miss,83581610,100.00,33.5,L1MPKI
     5.911062572,101007107,,inst_retired.any,83581610,100.00,,
     6.011261768,1607584,,mem_load_uops_retired.l1_miss,64721576,100.00,25.8,L1MPKI
     6.011261768,78216596,,inst_retired.any,64721576,100.00,,
     6.111429931,<not counted>,,mem_load_uops_retired.l1_miss,0,100.00,,
     6.111429931,<not counted>,,inst_retired.any,0,100.00,,
     6.211598501,<not counted>,,mem_load_uops_retired.l1_miss,0,100.00,,
     6.211598501,<not counted>,,inst_retired.any,0,100.00,,
     6.311769758,33499,,mem_load_uops_retired.l1_miss,3293400,100.00,0.6,L1MPKI
     6.311769758,1627023,,inst_retired.any,3293400,100.00,,
     6.411961546,1992060,,mem_load_uops_retired.l1_miss,82466576,100.00,33.3,L1MPKI
     6.411961546,96477594,,inst_retired.any,82466576,100.00,,
     6.512152025,1603019,,mem_load_uops_retired.l1_miss,64165963,100.00,26.7,L1MPKI
     6.512152025,77738922,,inst_retired.any,64165963,100.00,,
     6.612343440,41839,,mem_load_uops_retired.l1_miss,3974843,100.00,0.7,L1MPKI
     6.612343440,1998665,,inst_retired.any,3974843,100.00,,
     6.712539643,2021093,,mem_load_uops_retired.l1_miss,83053573,100.00,33.8,L1MPKI
     6.712539643,98037750,,inst_retired.any,83053573,100.00,,
     6.812732102,2079813,,mem_load_uops_retired.l1_miss,83420246,100.00,34.4,L1MPKI
     6.812732102,101372282,,inst_retired.any,83420246,100.00,,
     6.912923503,2084155,,mem_load_uops_retired.l1_miss,83482704,100.00,34.1,L1MPKI
     6.912923503,101390420,,inst_retired.any,83482704,100.00,,
     7.013126395,2077265,,mem_load_uops_retired.l1_miss,83324865,100.00,33.7,L1MPKI
     7.013126395,100943705,,inst_retired.any,83324865,100.00,,
     7.113321695,1505408,,mem_load_uops_retired.l1_miss,60082864,100.00,24.4,L1MPKI
     7.113321695,73123744,,inst_retired.any,60082864,100.00,,
     7.213507767,<not counted>,,mem_load_uops_retired.l1_miss,0,100.00,,
     7.213507767,<not counted>,,inst_retired.any,0,100.00,,
     7.313676787,<not counted>,,mem_load_uops_retired.l1_miss,0,100.00,,
     7.313676787,<not counted>,,inst_retired.any,0,100.00,,
     7.413845435,79738,,mem_load_uops_retired.l1_miss,7177012,100.00,1.3,L1MPKI
     7.413845435,3799291,,inst_retired.any,7177012,100.00,,
     7.514038226,2070076,,mem_load_uops_retired.l1_miss,83119759,100.00,34.6,L1MPKI
     7.514038226,100218684,,inst_retired.any,83119759,100.00,,
     7.614227412,1431112,,mem_load_uops_retired.l1_miss,57190391,100.00,23.9,L1MPKI
     7.614227412,69369035,,inst_retired.any,57190391,100.00,,
     7.714416848,141681,,mem_load_uops_retired.l1_miss,10552967,100.00,2.4,L1MPKI
     7.714416848,6751955,,inst_retired.any,10552967,100.00,,
     7.814608165,2096016,,mem_load_uops_retired.l1_miss,83328578,100.00,35.0,L1MPKI
     7.814608165,101575764,,inst_retired.any,83328578,100.00,,
     7.914796670,2064197,,mem_load_uops_retired.l1_miss,83407585,100.00,34.2,L1MPKI
     7.914796670,100579552,,inst_retired.any,83407585,100.00,,
     8.014988923,2079566,,mem_load_uops_retired.l1_miss,83484362,100.00,34.2,L1MPKI
     8.014988923,101274525,,inst_retired.any,83484362,100.00,,
     8.115181524,2073688,,mem_load_uops_retired.l1_miss,83409552,100.00,33.8,L1MPKI
     8.115181524,100902277,,inst_retired.any,83409552,100.00,,
     8.215400993,1306222,,mem_load_uops_retired.l1_miss,52326744,100.00,21.3,L1MPKI
     8.215400993,63563306,,inst_retired.any,52326744,100.00,,
     8.315590000,<not counted>,,mem_load_uops_retired.l1_miss,0,100.00,,
     8.315590000,<not counted>,,inst_retired.any,0,100.00,,
     8.415761231,<not counted>,,mem_load_uops_retired.l1_miss,0,100.00,,
     8.415761231,<not counted>,,inst_retired.any,0,100.00,,
     8.515933250,287850,,mem_load_uops_retired.l1_miss,16643424,100.00,4.8,L1MPKI
     8.515933250,13804267,,inst_retired.any,16643424,100.00,,
     8.616124073,2071804,,mem_load_uops_retired.l1_miss,83558654,100.00,34.6,L1MPKI
     8.616124073,100935945,,inst_retired.any,83558654,100.00,,
     8.716333112,1249838,,mem_load_uops_retired.l1_miss,50203065,100.00,20.9,L1MPKI
     8.716333112,60820143,,inst_retired.any,50203065,100.00,,
     8.816526393,332346,,mem_load_uops_retired.l1_miss,17616750,100.00,5.6,L1MPKI
     8.816526393,15814284,,inst_retired.any,17616750,100.00,,
     8.916722472,2087648,,mem_load_uops_retired.l1_miss,83454778,100.00,34.9,L1MPKI
     8.916722472,101089722,,inst_retired.any,83454778,100.00,,
     9.016915457,2078663,,mem_load_uops_retired.l1_miss,83604161,100.00,34.5,L1MPKI
     9.016915457,100892475,,inst_retired.any,83604161,100.00,,
     9.117114431,2073411,,mem_load_uops_retired.l1_miss,83598477,100.00,34.1,L1MPKI
     9.117114431,100794127,,inst_retired.any,83598477,100.00,,
     9.217306975,2079464,,mem_load_uops_retired.l1_miss,83536329,100.00,34.0,L1MPKI
     9.217306975,101226228,,inst_retired.any,83536329,100.00,,
     9.317497554,1160388,,mem_load_uops_retired.l1_miss,46622256,100.00,19.0,L1MPKI
     9.317497554,56327556,,inst_retired.any,46622256,100.00,,
     9.417685297,<not counted>,,mem_load_uops_retired.l1_miss,0,100.00,,
     9.417685297,<not counted>,,inst_retired.any,0,100.00,,
     9.517854872,<not counted>,,mem_load_uops_retired.l1_miss,0,100.00,,
     9.517854872,<not counted>,,inst_retired.any,0,100.00,,
     9.618026229,409863,,mem_load_uops_retired.l1_miss,20976814,100.00,6.9,L1MPKI
     9.618026229,19676055,,inst_retired.any,20976814,100.00,,
     9.718217527,2094385,,mem_load_uops_retired.l1_miss,83183809,100.00,35.0,L1MPKI
     9.718217527,101244258,,inst_retired.any,83183809,100.00,,
     9.818403930,1135428,,mem_load_uops_retired.l1_miss,45700357,100.00,19.0,L1MPKI
     9.818403930,55205543,,inst_retired.any,45700357,100.00,,
     9.918594179,417049,,mem_load_uops_retired.l1_miss,21219007,100.00,7.0,L1MPKI
     9.918594179,19911238,,inst_retired.any,21219007,100.00,,
    10.018786642,2080983,,mem_load_uops_retired.l1_miss,83299136,100.00,34.8,L1MPKI
    10.018786642,100983483,,inst_retired.any,83299136,100.00,,
    10.118976128,2079635,,mem_load_uops_retired.l1_miss,83303256,100.00,34.5,L1MPKI
    10.118976128,100692393,,inst_retired.any,83303256,100.00,,
    10.219167202,2076421,,mem_load_uops_retired.l1_miss,83390493,100.00,34.3,L1MPKI
    10.219167202,100696338,,inst_retired.any,83390493,100.00,,
    10.319377567,2076884,,mem_load_uops_retired.l1_miss,83516130,100.00,34.0,L1MPKI
    10.319377567,100898398,,inst_retired.any,83516130,100.00,,
    10.419569399,1012894,,mem_load_uops_retired.l1_miss,40571053,100.00,16.6,L1MPKI
    10.419569399,49206421,,inst_retired.any,40571053,100.00,,
    10.519756882,<not counted>,,mem_load_uops_retired.l1_miss,0,100.00,,
    10.519756882,<not counted>,,inst_retired.any,0,100.00,,
    10.619928039,<not counted>,,mem_load_uops_retired.l1_miss,0,100.00,,
    10.619928039,<not counted>,,inst_retired.any,0,100.00,,
    10.720099238,615245,,mem_load_uops_retired.l1_miss,27749709,100.00,10.3,L1MPKI
    10.720099238,29562524,,inst_retired.any,27749709,100.00,,
    10.820287352,2066370,,mem_load_uops_retired.l1_miss,83252293,100.00,34.5,L1MPKI
    10.820287352,100498422,,inst_retired.any,83252293,100.00,,
    10.920477925,1002367,,mem_load_uops_retired.l1_miss,40370691,100.00,16.8,L1MPKI
    10.920477925,48733624,,inst_retired.any,40370691,100.00,,
    11.020667186,603521,,mem_load_uops_retired.l1_miss,28303262,100.00,10.1,L1MPKI
    11.020667186,28978784,,inst_retired.any,28303262,100.00,,
