# started on Tue May  2 15:20:09 2023

     0.100145536,90572315,,inst_retired.any,74712543,100.00,142.2,IpMispredict
     0.100145536,636739,,br_misp_retired.all_branches,74712543,100.00,,
     0.200406081,89543722,,inst_retired.any,74043482,100.00,141.6,IpMispredict
     0.200406081,628113,,br_misp_retired.all_branches,74043482,100.00,,
     0.300593916,89900260,,inst_retired.any,74341001,100.00,142.3,IpMispredict
     0.300593916,629871,,br_misp_retired.all_branches,74341001,100.00,,
     0.400783695,90254122,,inst_retired.any,74600255,100.00,142.6,IpMispredict
     0.400783695,636279,,br_misp_retired.all_branches,74600255,100.00,,
     0.500965741,64072458,,inst_retired.any,52820042,100.00,107.4,IpMispredict
     0.500965741,452538,,br_misp_retired.all_branches,52820042,100.00,,
     0.601151391,<not counted>,,inst_retired.any,0,100.00,,
     0.601151391,<not counted>,,br_misp_retired.all_branches,0,100.00,,
     0.701321367,<not counted>,,inst_retired.any,0,100.00,,
     0.701321367,<not counted>,,br_misp_retired.all_branches,0,100.00,,
     0.801492700,<not counted>,,inst_retired.any,0,100.00,,
     0.801492700,<not counted>,,br_misp_retired.all_branches,0,100.00,,
     0.901663881,18405730,,inst_retired.any,20044600,100.00,52.9,IpMispredict
     0.901663881,150463,,br_misp_retired.all_branches,20044600,100.00,,
     1.001852895,99458712,,inst_retired.any,82902388,100.00,259.2,IpMispredict
     1.001852895,703229,,br_misp_retired.all_branches,82902388,100.00,,
     1.102043466,100315078,,inst_retired.any,83186071,100.00,242.8,IpMispredict
     1.102043466,707501,,br_misp_retired.all_branches,83186071,100.00,,
     1.202232508,100393036,,inst_retired.any,83057318,100.00,229.5,IpMispredict
     1.202232508,705164,,br_misp_retired.all_branches,83057318,100.00,,
     1.302422661,100553893,,inst_retired.any,83169260,100.00,219.4,IpMispredict
     1.302422661,708200,,br_misp_retired.all_branches,83169260,100.00,,
     1.402614937,100221665,,inst_retired.any,82881688,100.00,210.6,IpMispredict
     1.402614937,703125,,br_misp_retired.all_branches,82881688,100.00,,
     1.502803914,100250307,,inst_retired.any,83092799,100.00,204.2,IpMispredict
     1.502803914,702276,,br_misp_retired.all_branches,83092799,100.00,,
     1.602993793,58881525,,inst_retired.any,48525943,100.00,121.2,IpMispredict
     1.602993793,412379,,br_misp_retired.all_branches,48525943,100.00,,
     1.703182318,<not counted>,,inst_retired.any,0,100.00,,
     1.703182318,<not counted>,,br_misp_retired.all_branches,0,100.00,,
     1.803354381,<not counted>,,inst_retired.any,0,100.00,,
     1.803354381,<not counted>,,br_misp_retired.all_branches,0,100.00,,
     1.903523787,<not counted>,,inst_retired.any,0,100.00,,
     1.903523787,<not counted>,,br_misp_retired.all_branches,0,100.00,,
     2.003717526,19170071,,inst_retired.any,20807093,100.00,48.3,IpMispredict
     2.003717526,160049,,br_misp_retired.all_branches,20807093,100.00,,
     2.103910019,100399962,,inst_retired.any,83071680,100.00,243.7,IpMispredict
     2.103910019,717162,,br_misp_retired.all_branches,83071680,100.00,,
     2.204100673,100271283,,inst_retired.any,83177097,100.00,235.4,IpMispredict
     2.204100673,716457,,br_misp_retired.all_branches,83177097,100.00,,
     2.304291254,100587437,,inst_retired.any,83200515,100.00,229.4,IpMispredict
     2.304291254,714053,,br_misp_retired.all_branches,83200515,100.00,,
     2.404480382,100437480,,inst_retired.any,83130039,100.00,223.3,IpMispredict
     2.404480382,713431,,br_misp_retired.all_branches,83130039,100.00,,
     2.504668465,100182583,,inst_retired.any,83126297,100.00,217.6,IpMispredict
     2.504668465,713001,,br_misp_retired.all_branches,83126297,100.00,,
     2.604857964,100430038,,inst_retired.any,83278370,100.00,213.7,IpMispredict
     2.604857964,710037,,br_misp_retired.all_branches,83278370,100.00,,
     2.705044620,34757129,,inst_retired.any,28763476,100.00,75.3,IpMispredict
     2.705044620,248146,,br_misp_retired.all_branches,28763476,100.00,,
     2.805229771,<not counted>,,inst_retired.any,0,100.00,,
     2.805229771,<not counted>,,br_misp_retired.all_branches,0,100.00,,
     2.905420246,<not counted>,,inst_retired.any,0,100.00,,
     2.905420246,<not counted>,,br_misp_retired.all_branches,0,100.00,,
     3.005590274,<not counted>,,inst_retired.any,0,100.00,,
     3.005590274,<not counted>,,br_misp_retired.all_branches,0,100.00,,
     3.105762863,40511717,,inst_retired.any,38023290,100.00,98.2,IpMispredict
     3.105762863,315764,,br_misp_retired.all_branches,38023290,100.00,,
     3.205953705,101178017,,inst_retired.any,83109761,100.00,239.7,IpMispredict
     3.205953705,725404,,br_misp_retired.all_branches,83109761,100.00,,
     3.306139840,100737163,,inst_retired.any,83029901,100.00,233.7,IpMispredict
     3.306139840,714491,,br_misp_retired.all_branches,83029901,100.00,,
     3.406327284,100827287,,inst_retired.any,83043267,100.00,229.5,IpMispredict
     3.406327284,710930,,br_misp_retired.all_branches,83043267,100.00,,
     3.506514982,100716193,,inst_retired.any,83109619,100.00,225.3,IpMispredict
     3.506514982,713780,,br_misp_retired.all_branches,83109619,100.00,,
     3.606705613,100759815,,inst_retired.any,83252295,100.00,221.7,IpMispredict
     3.606705613,716086,,br_misp_retired.all_branches,83252295,100.00,,
     3.706897758,100688554,,inst_retired.any,83243482,100.00,218.1,IpMispredict
     3.706897758,716705,,br_misp_retired.all_branches,83243482,100.00,,
     3.807087976,15365416,,inst_retired.any,12685416,100.00,34.0,IpMispredict
     3.807087976,108972,,br_misp_retired.all_branches,12685416,100.00,,
     3.907276596,<not counted>,,inst_retired.any,0,100.00,,
     3.907276596,<not counted>,,br_misp_retired.all_branches,0,100.00,,
     4.007446720,<not counted>,,inst_retired.any,0,100.00,,
     4.007446720,<not counted>,,br_misp_retired.all_branches,0,100.00,,
     4.107617389,<not counted>,,inst_retired.any,0,100.00,,
     4.107617389,<not counted>,,br_misp_retired.all_branches,0,100.00,,
     4.207794736,59366151,,inst_retired.any,53595231,100.00,141.4,IpMispredict
     4.207794736,446065,,br_misp_retired.all_branches,53595231,100.00,,
     4.307984864,100326881,,inst_retired.any,82952861,100.00,235.0,IpMispredict
     4.307984864,719120,,br_misp_retired.all_branches,82952861,100.00,,
     4.408173627,100556288,,inst_retired.any,82995440,100.00,232.0,IpMispredict
     4.408173627,717467,,br_misp_retired.all_branches,82995440,100.00,,
     4.508362070,100407094,,inst_retired.any,83019156,100.00,228.3,IpMispredict
     4.508362070,718563,,br_misp_retired.all_branches,83019156,100.00,,
     4.608553547,100180542,,inst_retired.any,83013361,100.00,224.7,IpMispredict
     4.608553547,717032,,br_misp_retired.all_branches,83013361,100.00,,
     4.708743377,100770552,,inst_retired.any,83184735,100.00,223.2,IpMispredict
     4.708743377,710789,,br_misp_retired.all_branches,83184735,100.00,,
     4.808933069,93472324,,inst_retired.any,77161887,100.00,205.1,IpMispredict
     4.808933069,660893,,br_misp_retired.all_branches,77161887,100.00,,
     4.909119044,<not counted>,,inst_retired.any,0,100.00,,
     4.909119044,<not counted>,,br_misp_retired.all_branches,0,100.00,,
     5.009287292,<not counted>,,inst_retired.any,0,100.00,,
     5.009287292,<not counted>,,br_misp_retired.all_branches,0,100.00,,
     5.109458839,<not counted>,,inst_retired.any,0,100.00,,
     5.109458839,<not counted>,,br_misp_retired.all_branches,0,100.00,,
     5.209629213,<not counted>,,inst_retired.any,0,100.00,,
     5.209629213,<not counted>,,br_misp_retired.all_branches,0,100.00,,
     5.309800671,83995043,,inst_retired.any,73827112,100.00,197.8,IpMispredict
     5.309800671,621027,,br_misp_retired.all_branches,73827112,100.00,,
     5.409990674,100655180,,inst_retired.any,82871904,100.00,234.2,IpMispredict
     5.409990674,710171,,br_misp_retired.all_branches,82871904,100.00,,
     5.510181062,99967377,,inst_retired.any,83003579,100.00,229.9,IpMispredict
     5.510181062,704992,,br_misp_retired.all_branches,83003579,100.00,,
     5.610375642,100754535,,inst_retired.any,83058757,100.00,229.2,IpMispredict
     5.610375642,705181,,br_misp_retired.all_branches,83058757,100.00,,
     5.710598468,100490213,,inst_retired.any,83126009,100.00,226.1,IpMispredict
     5.710598468,707608,,br_misp_retired.all_branches,83126009,100.00,,
     5.810790961,100519548,,inst_retired.any,83049091,100.00,223.9,IpMispredict
     5.810790961,706185,,br_misp_retired.all_branches,83049091,100.00,,
     5.910979691,76009912,,inst_retired.any,62550982,100.00,168.8,IpMispredict
     5.910979691,537012,,br_misp_retired.all_branches,62550982,100.00,,
     6.011164793,<not counted>,,inst_retired.any,0,100.00,,
     6.011164793,<not counted>,,br_misp_retired.all_branches,0,100.00,,
     6.111334783,<not counted>,,inst_retired.any,0,100.00,,
     6.111334783,<not counted>,,br_misp_retired.all_branches,0,100.00,,
     6.211503817,<not counted>,,inst_retired.any,0,100.00,,
     6.211503817,<not counted>,,br_misp_retired.all_branches,0,100.00,,
     6.311674659,2770551,,inst_retired.any,5260150,100.00,6.6,IpMispredict
     6.311674659,39534,,br_misp_retired.all_branches,5260150,100.00,,
     6.411894269,98132663,,inst_retired.any,82835933,100.00,230.0,IpMispredict
     6.411894269,698466,,br_misp_retired.all_branches,82835933,100.00,,
     6.512082621,100346718,,inst_retired.any,83079957,100.00,232.8,IpMispredict
     6.512082621,707987,,br_misp_retired.all_branches,83079957,100.00,,
     6.612274886,100753895,,inst_retired.any,83157224,100.00,231.4,IpMispredict
     6.612274886,713808,,br_misp_retired.all_branches,83157224,100.00,,
     6.712466308,100618792,,inst_retired.any,83362281,100.00,228.9,IpMispredict
     6.712466308,713263,,br_misp_retired.all_branches,83362281,100.00,,
     6.812656821,100492508,,inst_retired.any,83144558,100.00,226.6,IpMispredict
     6.812656821,713629,,br_misp_retired.all_branches,83144558,100.00,,
     6.912847459,100692732,,inst_retired.any,83321983,100.00,225.1,IpMispredict
     6.912847459,708380,,br_misp_retired.all_branches,83321983,100.00,,
     7.013035644,50524021,,inst_retired.any,41663049,100.00,113.3,IpMispredict
     7.013035644,355252,,br_misp_retired.all_branches,41663049,100.00,,
     7.113218652,<not counted>,,inst_retired.any,0,100.00,,
     7.113218652,<not counted>,,br_misp_retired.all_branches,0,100.00,,
     7.213387705,<not counted>,,inst_retired.any,0,100.00,,
     7.213387705,<not counted>,,br_misp_retired.all_branches,0,100.00,,
     7.313556250,<not counted>,,inst_retired.any,0,100.00,,
     7.313556250,<not counted>,,br_misp_retired.all_branches,0,100.00,,
     7.413729593,25404471,,inst_retired.any,25818812,100.00,59.8,IpMispredict
     7.413729593,198558,,br_misp_retired.all_branches,25818812,100.00,,
     7.513918587,100421257,,inst_retired.any,83060235,100.00,234.4,IpMispredict
     7.513918587,705475,,br_misp_retired.all_branches,83060235,100.00,,
     7.614108170,100313318,,inst_retired.any,82884472,100.00,232.2,IpMispredict
     7.614108170,704885,,br_misp_retired.all_branches,82884472,100.00,,
     7.714298714,99861425,,inst_retired.any,82991291,100.00,229.3,IpMispredict
     7.714298714,707814,,br_misp_retired.all_branches,82991291,100.00,,
     7.814486887,99854088,,inst_retired.any,82843096,100.00,227.4,IpMispredict
     7.814486887,705640,,br_misp_retired.all_branches,82843096,100.00,,
     7.914677437,100158046,,inst_retired.any,83095854,100.00,226.4,IpMispredict
     7.914677437,710051,,br_misp_retired.all_branches,83095854,100.00,,
     8.014869917,100419044,,inst_retired.any,83222601,100.00,225.3,IpMispredict
     8.014869917,706389,,br_misp_retired.all_branches,83222601,100.00,,
     8.115059399,29701014,,inst_retired.any,24586483,100.00,67.1,IpMispredict
     8.115059399,208987,,br_misp_retired.all_branches,24586483,100.00,,
     8.215246786,<not counted>,,inst_retired.any,0,100.00,,
     8.215246786,<not counted>,,br_misp_retired.all_branches,0,100.00,,
     8.315416697,<not counted>,,inst_retired.any,0,100.00,,
     8.315416697,<not counted>,,br_misp_retired.all_branches,0,100.00,,
     8.415585369,<not counted>,,inst_retired.any,0,100.00,,
     8.415585369,<not counted>,,br_misp_retired.all_branches,0,100.00,,
     8.515755873,44178252,,inst_retired.any,41386074,100.00,103.7,IpMispredict
     8.515755873,337121,,br_misp_retired.all_branches,41386074,100.00,,
     8.615969983,100415630,,inst_retired.any,82824156,100.00,233.9,IpMispredict
     8.615969983,709451,,br_misp_retired.all_branches,82824156,100.00,,
     8.716159247,100827012,,inst_retired.any,83095992,100.00,233.1,IpMispredict
     8.716159247,713165,,br_misp_retired.all_branches,83095992,100.00,,
     8.816347967,100787248,,inst_retired.any,83016314,100.00,231.3,IpMispredict
     8.816347967,708433,,br_misp_retired.all_branches,83016314,100.00,,
     8.916537963,100466160,,inst_retired.any,83238872,100.00,229.0,IpMispredict
     8.916537963,707808,,br_misp_retired.all_branches,83238872,100.00,,
     9.016726270,100698352,,inst_retired.any,83144695,100.00,228.0,IpMispredict
     9.016726270,709851,,br_misp_retired.all_branches,83144695,100.00,,
     9.116923716,100564787,,inst_retired.any,83069857,100.00,226.2,IpMispredict
     9.116923716,708164,,br_misp_retired.all_branches,83069857,100.00,,
     9.217114823,11623095,,inst_retired.any,9696701,100.00,26.4,IpMispredict
     9.217114823,81734,,br_misp_retired.all_branches,9696701,100.00,,
     9.317303631,<not counted>,,inst_retired.any,0,100.00,,
     9.317303631,<not counted>,,br_misp_retired.all_branches,0,100.00,,
     9.417474226,<not counted>,,inst_retired.any,0,100.00,,
     9.417474226,<not counted>,,br_misp_retired.all_branches,0,100.00,,
     9.517644068,<not counted>,,inst_retired.any,0,100.00,,
     9.517644068,<not counted>,,br_misp_retired.all_branches,0,100.00,,
     9.617817686,63603354,,inst_retired.any,56582733,100.00,148.8,IpMispredict
     9.617817686,482821,,br_misp_retired.all_branches,56582733,100.00,,
     9.718007408,100674259,,inst_retired.any,82974338,100.00,233.9,IpMispredict
     9.718007408,715749,,br_misp_retired.all_branches,82974338,100.00,,
     9.818196807,99616654,,inst_retired.any,82279803,100.00,230.0,IpMispredict
     9.818196807,704921,,br_misp_retired.all_branches,82279803,100.00,,
     9.918365009,100516579,,inst_retired.any,83079296,100.00,230.6,IpMispredict
     9.918365009,709779,,br_misp_retired.all_branches,83079296,100.00,,
    10.018558066,100300744,,inst_retired.any,83100625,100.00,228.6,IpMispredict
    10.018558066,710602,,br_misp_retired.all_branches,83100625,100.00,,
    10.118749075,100548909,,inst_retired.any,83024624,100.00,227.8,IpMispredict
    10.118749075,713553,,br_misp_retired.all_branches,83024624,100.00,,
    10.218941420,93899584,,inst_retired.any,77468956,100.00,211.7,IpMispredict
    10.218941420,668133,,br_misp_retired.all_branches,77468956,100.00,,
    10.319125730,<not counted>,,inst_retired.any,0,100.00,,
    10.319125730,<not counted>,,br_misp_retired.all_branches,0,100.00,,
    10.419295967,<not counted>,,inst_retired.any,0,100.00,,
    10.419295967,<not counted>,,br_misp_retired.all_branches,0,100.00,,
    10.519466542,<not counted>,,inst_retired.any,0,100.00,,
    10.519466542,<not counted>,,br_misp_retired.all_branches,0,100.00,,
    10.619637374,<not counted>,,inst_retired.any,0,100.00,,
    10.619637374,<not counted>,,br_misp_retired.all_branches,0,100.00,,
    10.719843810,80889595,,inst_retired.any,71228596,100.00,188.8,IpMispredict
    10.719843810,594698,,br_misp_retired.all_branches,71228596,100.00,,
    10.820033383,100443788,,inst_retired.any,82840399,100.00,233.0,IpMispredict
    10.820033383,706158,,br_misp_retired.all_branches,82840399,100.00,,
    10.920222395,100452234,,inst_retired.any,82889304,100.00,231.7,IpMispredict
    10.920222395,709648,,br_misp_retired.all_branches,82889304,100.00,,
    11.020412156,100068469,,inst_retired.any,82888372,100.00,229.5,IpMispredict
    11.020412156,702318,,br_misp_retired.all_branches,82888372,100.00,,
