# started on Mon May  1 18:01:45 2023

     0.100195876,29016301,,inst_retired.any,40973848,100.00,132.7,IpMispredict
     0.100195876,218682,,br_misp_retired.all_branches,40973848,100.00,,
     0.200461593,29326297,,inst_retired.any,41322905,100.00,130.1,IpMispredict
     0.200461593,232176,,br_misp_retired.all_branches,41322905,100.00,,
     0.300665912,29063994,,inst_retired.any,41204135,100.00,126.3,IpMispredict
     0.300665912,239497,,br_misp_retired.all_branches,41204135,100.00,,
     0.400867136,29305576,,inst_retired.any,42263274,100.00,127.6,IpMispredict
     0.400867136,228136,,br_misp_retired.all_branches,42263274,100.00,,
     0.501067144,29290939,,inst_retired.any,41361539,100.00,127.9,IpMispredict
     0.501067144,226219,,br_misp_retired.all_branches,41361539,100.00,,
     0.601270493,29769904,,inst_retired.any,42834947,100.00,127.4,IpMispredict
     0.601270493,256891,,br_misp_retired.all_branches,42834947,100.00,,
     0.701474216,29159362,,inst_retired.any,42007740,100.00,124.8,IpMispredict
     0.701474216,234369,,br_misp_retired.all_branches,42007740,100.00,,
     0.801679075,29339675,,inst_retired.any,40769359,100.00,125.0,IpMispredict
     0.801679075,242316,,br_misp_retired.all_branches,40769359,100.00,,
     0.901879270,29140872,,inst_retired.any,41706867,100.00,123.4,IpMispredict
     0.901879270,246450,,br_misp_retired.all_branches,41706867,100.00,,
     1.002083541,29384257,,inst_retired.any,42047480,100.00,124.3,IpMispredict
     1.002083541,239112,,br_misp_retired.all_branches,42047480,100.00,,
     1.102290395,29081635,,inst_retired.any,41584804,100.00,123.3,IpMispredict
     1.102290395,230905,,br_misp_retired.all_branches,41584804,100.00,,
     1.202490092,29293350,,inst_retired.any,42471794,100.00,124.6,IpMispredict
     1.202490092,226279,,br_misp_retired.all_branches,42471794,100.00,,
     1.302692004,29205064,,inst_retired.any,41950666,100.00,124.2,IpMispredict
     1.302692004,235924,,br_misp_retired.all_branches,41950666,100.00,,
     1.402898801,29095547,,inst_retired.any,41037227,100.00,123.5,IpMispredict
     1.402898801,240638,,br_misp_retired.all_branches,41037227,100.00,,
     1.503097228,29309586,,inst_retired.any,42817220,100.00,124.1,IpMispredict
     1.503097228,245382,,br_misp_retired.all_branches,42817220,100.00,,
     1.603301056,29430608,,inst_retired.any,42590560,100.00,124.6,IpMispredict
     1.603301056,235627,,br_misp_retired.all_branches,42590560,100.00,,
     1.703502994,29181706,,inst_retired.any,41567550,100.00,123.4,IpMispredict
     1.703502994,242079,,br_misp_retired.all_branches,41567550,100.00,,
     1.803704963,29030934,,inst_retired.any,41079884,100.00,123.2,IpMispredict
     1.803704963,222183,,br_misp_retired.all_branches,41079884,100.00,,
     1.903907430,29273443,,inst_retired.any,41158394,100.00,124.8,IpMispredict
     1.903907430,213591,,br_misp_retired.all_branches,41158394,100.00,,
     2.004109413,29284954,,inst_retired.any,41902442,100.00,124.8,IpMispredict
     2.004109413,237455,,br_misp_retired.all_branches,41902442,100.00,,
     2.104310553,29305866,,inst_retired.any,41386101,100.00,125.2,IpMispredict
     2.104310553,220598,,br_misp_retired.all_branches,41386101,100.00,,
     2.204511333,29244555,,inst_retired.any,41492665,100.00,125.0,IpMispredict
     2.204511333,231474,,br_misp_retired.all_branches,41492665,100.00,,
     2.304712377,29194944,,inst_retired.any,41982922,100.00,124.7,IpMispredict
     2.304712377,236986,,br_misp_retired.all_branches,41982922,100.00,,
     2.404916226,28949361,,inst_retired.any,40771429,100.00,123.8,IpMispredict
     2.404916226,229403,,br_misp_retired.all_branches,40771429,100.00,,
     2.505116989,29450172,,inst_retired.any,42786133,100.00,126.1,IpMispredict
     2.505116989,226118,,br_misp_retired.all_branches,42786133,100.00,,
     2.605321453,29293253,,inst_retired.any,40806383,100.00,125.6,IpMispredict
     2.605321453,226399,,br_misp_retired.all_branches,40806383,100.00,,
     2.705525110,29232564,,inst_retired.any,41326490,100.00,125.3,IpMispredict
     2.705525110,234437,,br_misp_retired.all_branches,41326490,100.00,,
     2.805744543,28953282,,inst_retired.any,40497178,100.00,124.4,IpMispredict
     2.805744543,217862,,br_misp_retired.all_branches,40497178,100.00,,
     2.905945500,29593438,,inst_retired.any,42575951,100.00,126.8,IpMispredict
     2.905945500,250077,,br_misp_retired.all_branches,42575951,100.00,,
     3.006151328,29198375,,inst_retired.any,41547878,100.00,125.2,IpMispredict
     3.006151328,229837,,br_misp_retired.all_branches,41547878,100.00,,
     3.106355554,29156322,,inst_retired.any,41694151,100.00,124.9,IpMispredict
     3.106355554,241349,,br_misp_retired.all_branches,41694151,100.00,,
     3.206562159,29497147,,inst_retired.any,41755506,100.00,126.4,IpMispredict
     3.206562159,231227,,br_misp_retired.all_branches,41755506,100.00,,
     3.306766877,29042270,,inst_retired.any,41443996,100.00,124.3,IpMispredict
     3.306766877,242035,,br_misp_retired.all_branches,41443996,100.00,,
     3.406969745,29473329,,inst_retired.any,42646778,100.00,126.1,IpMispredict
     3.406969745,236587,,br_misp_retired.all_branches,42646778,100.00,,
     3.507171384,28917521,,inst_retired.any,41327174,100.00,123.9,IpMispredict
     3.507171384,222794,,br_misp_retired.all_branches,41327174,100.00,,
     3.607380181,29596280,,inst_retired.any,40528004,100.00,126.6,IpMispredict
     3.607380181,244725,,br_misp_retired.all_branches,40528004,100.00,,
     3.707596267,28743197,,inst_retired.any,40215877,100.00,123.2,IpMispredict
     3.707596267,218734,,br_misp_retired.all_branches,40215877,100.00,,
     3.807797153,29679291,,inst_retired.any,41293477,100.00,127.3,IpMispredict
     3.807797153,222470,,br_misp_retired.all_branches,41293477,100.00,,
     3.907996974,28980351,,inst_retired.any,40775912,100.00,124.2,IpMispredict
     3.907996974,240040,,br_misp_retired.all_branches,40775912,100.00,,
     4.008196972,29209106,,inst_retired.any,41906486,100.00,125.3,IpMispredict
     4.008196972,228567,,br_misp_retired.all_branches,41906486,100.00,,
     4.108398714,29140644,,inst_retired.any,39523444,100.00,125.2,IpMispredict
     4.108398714,220059,,br_misp_retired.all_branches,39523444,100.00,,
     4.208600044,29133425,,inst_retired.any,40886313,100.00,125.4,IpMispredict
     4.208600044,211493,,br_misp_retired.all_branches,40886313,100.00,,
     4.308804282,29315205,,inst_retired.any,41944311,100.00,126.2,IpMispredict
     4.308804282,228104,,br_misp_retired.all_branches,41944311,100.00,,
     4.409010311,29566635,,inst_retired.any,42714640,100.00,127.4,IpMispredict
     4.409010311,229619,,br_misp_retired.all_branches,42714640,100.00,,
     4.509215203,28872617,,inst_retired.any,37504896,100.00,124.5,IpMispredict
     4.509215203,223676,,br_misp_retired.all_branches,37504896,100.00,,
     4.609416942,29657572,,inst_retired.any,40829491,100.00,127.9,IpMispredict
     4.609416942,226967,,br_misp_retired.all_branches,40829491,100.00,,
     4.709626385,28857326,,inst_retired.any,41608880,100.00,124.5,IpMispredict
     4.709626385,227796,,br_misp_retired.all_branches,41608880,100.00,,
     4.809831859,29329671,,inst_retired.any,41520749,100.00,126.4,IpMispredict
     4.809831859,240996,,br_misp_retired.all_branches,41520749,100.00,,
     4.910036160,28988390,,inst_retired.any,40952615,100.00,125.1,IpMispredict
     4.910036160,222205,,br_misp_retired.all_branches,40952615,100.00,,
     5.010241850,29180144,,inst_retired.any,41529213,100.00,126.0,IpMispredict
     5.010241850,219180,,br_misp_retired.all_branches,41529213,100.00,,
     5.110443252,29702657,,inst_retired.any,42216044,100.00,128.2,IpMispredict
     5.110443252,244746,,br_misp_retired.all_branches,42216044,100.00,,
     5.210644071,29249556,,inst_retired.any,42073189,100.00,126.1,IpMispredict
     5.210644071,237316,,br_misp_retired.all_branches,42073189,100.00,,
     5.310849044,29199797,,inst_retired.any,41741854,100.00,125.9,IpMispredict
     5.310849044,238581,,br_misp_retired.all_branches,41741854,100.00,,
     5.411056175,29001868,,inst_retired.any,40394379,100.00,124.9,IpMispredict
     5.411056175,239176,,br_misp_retired.all_branches,40394379,100.00,,
     5.511282685,29461052,,inst_retired.any,42231254,100.00,126.8,IpMispredict
     5.511282685,241506,,br_misp_retired.all_branches,42231254,100.00,,
     5.611489287,29715114,,inst_retired.any,42171498,100.00,127.9,IpMispredict
     5.611489287,236127,,br_misp_retired.all_branches,42171498,100.00,,
     5.711701560,29189534,,inst_retired.any,41517812,100.00,125.8,IpMispredict
     5.711701560,216393,,br_misp_retired.all_branches,41517812,100.00,,
     5.811901531,29058974,,inst_retired.any,41551706,100.00,125.1,IpMispredict
     5.811901531,241485,,br_misp_retired.all_branches,41551706,100.00,,
     5.912106717,29606675,,inst_retired.any,40184321,100.00,127.6,IpMispredict
     5.912106717,220288,,br_misp_retired.all_branches,40184321,100.00,,
     6.012307942,28987218,,inst_retired.any,41109752,100.00,125.0,IpMispredict
     6.012307942,223690,,br_misp_retired.all_branches,41109752,100.00,,
     6.112513823,29606455,,inst_retired.any,42821703,100.00,127.6,IpMispredict
     6.112513823,236985,,br_misp_retired.all_branches,42821703,100.00,,
     6.212717452,28903516,,inst_retired.any,40696609,100.00,124.5,IpMispredict
     6.212717452,245109,,br_misp_retired.all_branches,40696609,100.00,,
     6.312918582,29443284,,inst_retired.any,41564634,100.00,126.9,IpMispredict
     6.312918582,222477,,br_misp_retired.all_branches,41564634,100.00,,
     6.413124451,29049513,,inst_retired.any,41601559,100.00,125.0,IpMispredict
     6.413124451,254777,,br_misp_retired.all_branches,41601559,100.00,,
     6.513329383,29095490,,inst_retired.any,42117138,100.00,125.1,IpMispredict
     6.513329383,245258,,br_misp_retired.all_branches,42117138,100.00,,
     6.613530427,29569726,,inst_retired.any,41157279,100.00,127.2,IpMispredict
     6.613530427,229082,,br_misp_retired.all_branches,41157279,100.00,,
     6.713732506,29062315,,inst_retired.any,41489211,100.00,125.1,IpMispredict
     6.713732506,218586,,br_misp_retired.all_branches,41489211,100.00,,
     6.813933308,29311788,,inst_retired.any,41113556,100.00,126.2,IpMispredict
     6.813933308,224148,,br_misp_retired.all_branches,41113556,100.00,,
     6.914139687,29051291,,inst_retired.any,41846263,100.00,125.1,IpMispredict
     6.914139687,232495,,br_misp_retired.all_branches,41846263,100.00,,
     7.014341637,29231291,,inst_retired.any,41516203,100.00,125.9,IpMispredict
     7.014341637,233598,,br_misp_retired.all_branches,41516203,100.00,,
     7.114546041,29575951,,inst_retired.any,41939685,100.00,127.3,IpMispredict
     7.114546041,241988,,br_misp_retired.all_branches,41939685,100.00,,
     7.214750946,29151969,,inst_retired.any,41182824,100.00,125.5,IpMispredict
     7.214750946,230780,,br_misp_retired.all_branches,41182824,100.00,,
     7.314951189,29116568,,inst_retired.any,41652355,100.00,125.3,IpMispredict
     7.314951189,231597,,br_misp_retired.all_branches,41652355,100.00,,
     7.415151564,29441875,,inst_retired.any,41126300,100.00,126.7,IpMispredict
     7.415151564,229312,,br_misp_retired.all_branches,41126300,100.00,,
     7.515355487,29078158,,inst_retired.any,41803535,100.00,125.1,IpMispredict
     7.515355487,242638,,br_misp_retired.all_branches,41803535,100.00,,
     7.615556521,29222415,,inst_retired.any,41710213,100.00,125.8,IpMispredict
     7.615556521,225507,,br_misp_retired.all_branches,41710213,100.00,,
     7.715753317,28915676,,inst_retired.any,41672615,100.00,124.3,IpMispredict
     7.715753317,255224,,br_misp_retired.all_branches,41672615,100.00,,
     7.815956580,29502410,,inst_retired.any,41988340,100.00,126.9,IpMispredict
     7.815956580,226326,,br_misp_retired.all_branches,41988340,100.00,,
     7.916163731,29263836,,inst_retired.any,43045273,100.00,125.6,IpMispredict
     7.916163731,259487,,br_misp_retired.all_branches,43045273,100.00,,
     8.016363217,29175800,,inst_retired.any,41669433,100.00,125.4,IpMispredict
     8.016363217,218740,,br_misp_retired.all_branches,41669433,100.00,,
     8.116567554,29451828,,inst_retired.any,42206575,100.00,126.6,IpMispredict
     8.116567554,227248,,br_misp_retired.all_branches,42206575,100.00,,
     8.216768431,29069645,,inst_retired.any,41467695,100.00,125.0,IpMispredict
     8.216768431,224609,,br_misp_retired.all_branches,41467695,100.00,,
     8.316995375,28799814,,inst_retired.any,40553453,100.00,123.9,IpMispredict
     8.316995375,216566,,br_misp_retired.all_branches,40553453,100.00,,
     8.417195610,29388750,,inst_retired.any,41140164,100.00,126.4,IpMispredict
     8.417195610,239078,,br_misp_retired.all_branches,41140164,100.00,,
     8.517400903,29152707,,inst_retired.any,41421939,100.00,125.4,IpMispredict
     8.517400903,230876,,br_misp_retired.all_branches,41421939,100.00,,
     8.617605595,29248936,,inst_retired.any,40265602,100.00,125.9,IpMispredict
     8.617605595,224256,,br_misp_retired.all_branches,40265602,100.00,,
     8.717812374,29546800,,inst_retired.any,41695302,100.00,127.1,IpMispredict
     8.717812374,236268,,br_misp_retired.all_branches,41695302,100.00,,
     8.818013241,29267572,,inst_retired.any,41889109,100.00,125.9,IpMispredict
     8.818013241,231658,,br_misp_retired.all_branches,41889109,100.00,,
     8.918214591,28789107,,inst_retired.any,41708997,100.00,123.7,IpMispredict
     8.918214591,260758,,br_misp_retired.all_branches,41708997,100.00,,
     9.018415521,29389741,,inst_retired.any,39741058,100.00,126.3,IpMispredict
     9.018415521,231615,,br_misp_retired.all_branches,39741058,100.00,,
     9.118615616,29333014,,inst_retired.any,40489393,100.00,126.1,IpMispredict
     9.118615616,225096,,br_misp_retired.all_branches,40489393,100.00,,
     9.218817742,29177411,,inst_retired.any,41635234,100.00,125.5,IpMispredict
     9.218817742,223897,,br_misp_retired.all_branches,41635234,100.00,,
     9.319016393,29435727,,inst_retired.any,41529414,100.00,126.5,IpMispredict
     9.319016393,244677,,br_misp_retired.all_branches,41529414,100.00,,
     9.419221452,29098674,,inst_retired.any,41210298,100.00,125.0,IpMispredict
     9.419221452,239168,,br_misp_retired.all_branches,41210298,100.00,,
     9.519426886,29266322,,inst_retired.any,42133585,100.00,125.7,IpMispredict
     9.519426886,239228,,br_misp_retired.all_branches,42133585,100.00,,
     9.619641380,29075973,,inst_retired.any,41069400,100.00,125.0,IpMispredict
     9.619641380,225025,,br_misp_retired.all_branches,41069400,100.00,,
     9.719846603,29523256,,inst_retired.any,42463150,100.00,126.8,IpMispredict
     9.719846603,243889,,br_misp_retired.all_branches,42463150,100.00,,
     9.820052649,29164264,,inst_retired.any,40433497,100.00,125.2,IpMispredict
     9.820052649,236099,,br_misp_retired.all_branches,40433497,100.00,,
     9.920258062,29193872,,inst_retired.any,41909162,100.00,125.4,IpMispredict
     9.920258062,230899,,br_misp_retired.all_branches,41909162,100.00,,
    10.020464271,29434055,,inst_retired.any,41859233,100.00,126.4,IpMispredict
    10.020464271,231121,,br_misp_retired.all_branches,41859233,100.00,,
    10.120669978,28930222,,inst_retired.any,41676219,100.00,124.3,IpMispredict
    10.120669978,235134,,br_misp_retired.all_branches,41676219,100.00,,
    10.220876695,29658996,,inst_retired.any,41375401,100.00,127.4,IpMispredict
    10.220876695,226921,,br_misp_retired.all_branches,41375401,100.00,,
    10.321078834,28726271,,inst_retired.any,41788826,100.00,123.4,IpMispredict
    10.321078834,242337,,br_misp_retired.all_branches,41788826,100.00,,
    10.421282129,29176625,,inst_retired.any,41697114,100.00,125.3,IpMispredict
    10.421282129,223129,,br_misp_retired.all_branches,41697114,100.00,,
    10.521483400,30303587,,inst_retired.any,44232923,100.00,130.2,IpMispredict
    10.521483400,232386,,br_misp_retired.all_branches,44232923,100.00,,
    10.621695335,29161605,,inst_retired.any,40514372,100.00,125.2,IpMispredict
    10.621695335,239219,,br_misp_retired.all_branches,40514372,100.00,,
    10.721896486,29272332,,inst_retired.any,41327720,100.00,125.7,IpMispredict
    10.721896486,244892,,br_misp_retired.all_branches,41327720,100.00,,
    10.822103249,29155197,,inst_retired.any,41685125,100.00,125.1,IpMispredict
    10.822103249,241907,,br_misp_retired.all_branches,41685125,100.00,,
    10.922304927,29401973,,inst_retired.any,42305297,100.00,126.1,IpMispredict
    10.922304927,245802,,br_misp_retired.all_branches,42305297,100.00,,
    11.022530547,29031489,,inst_retired.any,41558869,100.00,124.5,IpMispredict
    11.022530547,238065,,br_misp_retired.all_branches,41558869,100.00,,
