# started on Mon May  1 18:03:57 2023

     0.100525816,5913077,,offcore_response.all_requests.llc_hit.any_response,50941790,100.00,,
     0.100525816,74342,,offcore_response.all_requests.llc_miss.any_response,50783495,100.00,,
     0.200781308,5883535,,offcore_response.all_requests.llc_hit.any_response,50807369,100.00,,
     0.200781308,74330,,offcore_response.all_requests.llc_miss.any_response,50820966,100.00,,
     0.301002299,5830502,,offcore_response.all_requests.llc_hit.any_response,50373882,100.00,,
     0.301002299,73515,,offcore_response.all_requests.llc_miss.any_response,50386103,100.00,,
     0.401216826,5927788,,offcore_response.all_requests.llc_hit.any_response,51173956,100.00,,
     0.401216826,74634,,offcore_response.all_requests.llc_miss.any_response,51148138,100.00,,
     0.501430138,5892997,,offcore_response.all_requests.llc_hit.any_response,50829198,100.00,,
     0.501430138,74328,,offcore_response.all_requests.llc_miss.any_response,50861642,100.00,,
     0.601648178,5861981,,offcore_response.all_requests.llc_hit.any_response,50586849,100.00,,
     0.601648178,73815,,offcore_response.all_requests.llc_miss.any_response,50554405,100.00,,
     0.701858409,5934799,,offcore_response.all_requests.llc_hit.any_response,51223056,100.00,,
     0.701858409,74763,,offcore_response.all_requests.llc_miss.any_response,51223056,100.00,,
     0.802075863,5854341,,offcore_response.all_requests.llc_hit.any_response,50453246,100.00,,
     0.802075863,73945,,offcore_response.all_requests.llc_miss.any_response,50469242,100.00,,
     0.902293429,5858927,,offcore_response.all_requests.llc_hit.any_response,50549838,100.00,,
     0.902293429,73760,,offcore_response.all_requests.llc_miss.any_response,50547905,100.00,,
     1.002512768,5854840,,offcore_response.all_requests.llc_hit.any_response,50458007,100.00,,
     1.002512768,74004,,offcore_response.all_requests.llc_miss.any_response,50476458,100.00,,
     1.102734619,5906552,,offcore_response.all_requests.llc_hit.any_response,51232053,100.00,,
     1.102734619,74799,,offcore_response.all_requests.llc_miss.any_response,51231540,100.00,,
     1.202951038,5835094,,offcore_response.all_requests.llc_hit.any_response,50583051,100.00,,
     1.202951038,73732,,offcore_response.all_requests.llc_miss.any_response,50583362,100.00,,
     1.303168580,5862970,,offcore_response.all_requests.llc_hit.any_response,50817716,100.00,,
     1.303168580,74007,,offcore_response.all_requests.llc_miss.any_response,50785404,100.00,,
     1.403398583,5916926,,offcore_response.all_requests.llc_hit.any_response,50999119,100.00,,
     1.403398583,74645,,offcore_response.all_requests.llc_miss.any_response,50999119,100.00,,
     1.503609807,5846560,,offcore_response.all_requests.llc_hit.any_response,50521198,100.00,,
     1.503609807,73776,,offcore_response.all_requests.llc_miss.any_response,50553170,100.00,,
     1.603825508,5854911,,offcore_response.all_requests.llc_hit.any_response,50534068,100.00,,
     1.603825508,73810,,offcore_response.all_requests.llc_miss.any_response,50533711,100.00,,
     1.704044272,5857647,,offcore_response.all_requests.llc_hit.any_response,50671448,100.00,,
     1.704044272,73786,,offcore_response.all_requests.llc_miss.any_response,50653261,100.00,,
     1.804261506,5907429,,offcore_response.all_requests.llc_hit.any_response,51076467,100.00,,
     1.804261506,75598,,offcore_response.all_requests.llc_miss.any_response,51077164,100.00,,
     1.904479854,5855767,,offcore_response.all_requests.llc_hit.any_response,50406619,100.00,,
     1.904479854,74136,,offcore_response.all_requests.llc_miss.any_response,50406285,100.00,,
     2.004698715,5863354,,offcore_response.all_requests.llc_hit.any_response,50551867,100.00,,
     2.004698715,73960,,offcore_response.all_requests.llc_miss.any_response,50555258,100.00,,
     2.104911843,5860840,,offcore_response.all_requests.llc_hit.any_response,50611530,100.00,,
     2.104911843,73851,,offcore_response.all_requests.llc_miss.any_response,50626306,100.00,,
     2.205133637,5875899,,offcore_response.all_requests.llc_hit.any_response,50718115,100.00,,
     2.205133637,73994,,offcore_response.all_requests.llc_miss.any_response,50686157,100.00,,
     2.305363411,5888568,,offcore_response.all_requests.llc_hit.any_response,50957363,100.00,,
     2.305363411,74543,,offcore_response.all_requests.llc_miss.any_response,50957363,100.00,,
     2.405575208,5846237,,offcore_response.all_requests.llc_hit.any_response,50573721,100.00,,
     2.405575208,74019,,offcore_response.all_requests.llc_miss.any_response,50605976,100.00,,
     2.505794184,5859265,,offcore_response.all_requests.llc_hit.any_response,50570061,100.00,,
     2.505794184,74042,,offcore_response.all_requests.llc_miss.any_response,50559844,100.00,,
     2.606008525,5832936,,offcore_response.all_requests.llc_hit.any_response,50353715,100.00,,
     2.606008525,73513,,offcore_response.all_requests.llc_miss.any_response,50363948,100.00,,
     2.706227349,5864110,,offcore_response.all_requests.llc_hit.any_response,50632323,100.00,,
     2.706227349,74282,,offcore_response.all_requests.llc_miss.any_response,50632263,100.00,,
     2.806449157,5842599,,offcore_response.all_requests.llc_hit.any_response,50342154,100.00,,
     2.806449157,73716,,offcore_response.all_requests.llc_miss.any_response,50342264,100.00,,
     2.906661050,5879227,,offcore_response.all_requests.llc_hit.any_response,50656011,100.00,,
     2.906661050,73726,,offcore_response.all_requests.llc_miss.any_response,50623690,100.00,,
     3.006872005,5879514,,offcore_response.all_requests.llc_hit.any_response,50624242,100.00,,
     3.006872005,74033,,offcore_response.all_requests.llc_miss.any_response,50624242,100.00,,
     3.107081906,5913083,,offcore_response.all_requests.llc_hit.any_response,51256842,100.00,,
     3.107081906,74373,,offcore_response.all_requests.llc_miss.any_response,51256842,100.00,,
     3.207295106,5895373,,offcore_response.all_requests.llc_hit.any_response,50889337,100.00,,
     3.207295106,74302,,offcore_response.all_requests.llc_miss.any_response,50889337,100.00,,
     3.307505823,5853798,,offcore_response.all_requests.llc_hit.any_response,50651505,100.00,,
     3.307505823,74189,,offcore_response.all_requests.llc_miss.any_response,50683703,100.00,,
     3.407722412,5814007,,offcore_response.all_requests.llc_hit.any_response,50143586,100.00,,
     3.407722412,73204,,offcore_response.all_requests.llc_miss.any_response,50111388,100.00,,
     3.507933552,5873708,,offcore_response.all_requests.llc_hit.any_response,50395417,100.00,,
     3.507933552,74267,,offcore_response.all_requests.llc_miss.any_response,50411112,100.00,,
     3.608153833,5858159,,offcore_response.all_requests.llc_hit.any_response,50339813,100.00,,
     3.608153833,73894,,offcore_response.all_requests.llc_miss.any_response,50343909,100.00,,
     3.708365475,5872303,,offcore_response.all_requests.llc_hit.any_response,50528072,100.00,,
     3.708365475,74040,,offcore_response.all_requests.llc_miss.any_response,50540488,100.00,,
     3.808581720,5945257,,offcore_response.all_requests.llc_hit.any_response,55475571,100.00,,
     3.808581720,76481,,offcore_response.all_requests.llc_miss.any_response,55457694,100.00,,
     3.908800628,5884609,,offcore_response.all_requests.llc_hit.any_response,50393519,100.00,,
     3.908800628,77788,,offcore_response.all_requests.llc_miss.any_response,50411446,100.00,,
     4.009017024,5837111,,offcore_response.all_requests.llc_hit.any_response,49881810,100.00,,
     4.009017024,74100,,offcore_response.all_requests.llc_miss.any_response,49878427,100.00,,
     4.109229132,5907277,,offcore_response.all_requests.llc_hit.any_response,50399019,100.00,,
     4.109229132,74255,,offcore_response.all_requests.llc_miss.any_response,50402248,100.00,,
     4.209445849,5903780,,offcore_response.all_requests.llc_hit.any_response,50495283,100.00,,
     4.209445849,74063,,offcore_response.all_requests.llc_miss.any_response,50495473,100.00,,
     4.309660396,5901004,,offcore_response.all_requests.llc_hit.any_response,50451178,100.00,,
     4.309660396,74007,,offcore_response.all_requests.llc_miss.any_response,50451194,100.00,,
     4.409877634,5881394,,offcore_response.all_requests.llc_hit.any_response,50286586,100.00,,
     4.409877634,76426,,offcore_response.all_requests.llc_miss.any_response,50286565,100.00,,
     4.510115259,5940393,,offcore_response.all_requests.llc_hit.any_response,55194738,100.00,,
     4.510115259,77041,,offcore_response.all_requests.llc_miss.any_response,55186692,100.00,,
     4.610328266,5890965,,offcore_response.all_requests.llc_hit.any_response,50485447,100.00,,
     4.610328266,75211,,offcore_response.all_requests.llc_miss.any_response,50493611,100.00,,
     4.710543299,5892950,,offcore_response.all_requests.llc_hit.any_response,50734463,100.00,,
     4.710543299,75059,,offcore_response.all_requests.llc_miss.any_response,50734200,100.00,,
     4.810758451,5939320,,offcore_response.all_requests.llc_hit.any_response,50905859,100.00,,
     4.810758451,75463,,offcore_response.all_requests.llc_miss.any_response,50873716,100.00,,
     4.910967310,5886522,,offcore_response.all_requests.llc_hit.any_response,50566235,100.00,,
     4.910967310,74977,,offcore_response.all_requests.llc_miss.any_response,50566235,100.00,,
     5.011179409,5865209,,offcore_response.all_requests.llc_hit.any_response,50357821,100.00,,
     5.011179409,74709,,offcore_response.all_requests.llc_miss.any_response,50357821,100.00,,
     5.111416805,5851511,,offcore_response.all_requests.llc_hit.any_response,50412049,100.00,,
     5.111416805,74763,,offcore_response.all_requests.llc_miss.any_response,50412049,100.00,,
     5.211628655,5855177,,offcore_response.all_requests.llc_hit.any_response,50480064,100.00,,
     5.211628655,74945,,offcore_response.all_requests.llc_miss.any_response,50480064,100.00,,
     5.311840188,5872504,,offcore_response.all_requests.llc_hit.any_response,50551708,100.00,,
     5.311840188,75519,,offcore_response.all_requests.llc_miss.any_response,50551708,100.00,,
     5.412050189,5857337,,offcore_response.all_requests.llc_hit.any_response,50393101,100.00,,
     5.412050189,74721,,offcore_response.all_requests.llc_miss.any_response,50393101,100.00,,
     5.512261613,5838824,,offcore_response.all_requests.llc_hit.any_response,50263574,100.00,,
     5.512261613,74777,,offcore_response.all_requests.llc_miss.any_response,50263574,100.00,,
     5.612471273,5857890,,offcore_response.all_requests.llc_hit.any_response,50397777,100.00,,
     5.612471273,74808,,offcore_response.all_requests.llc_miss.any_response,50397777,100.00,,
     5.712679416,5829513,,offcore_response.all_requests.llc_hit.any_response,50331890,100.00,,
     5.712679416,74868,,offcore_response.all_requests.llc_miss.any_response,50364168,100.00,,
     5.812895905,5837852,,offcore_response.all_requests.llc_hit.any_response,50382238,100.00,,
     5.812895905,74831,,offcore_response.all_requests.llc_miss.any_response,50349960,100.00,,
     5.913107720,5851409,,offcore_response.all_requests.llc_hit.any_response,50354347,100.00,,
     5.913107720,75142,,offcore_response.all_requests.llc_miss.any_response,50386594,100.00,,
     6.013325194,5869639,,offcore_response.all_requests.llc_hit.any_response,50477782,100.00,,
     6.013325194,75316,,offcore_response.all_requests.llc_miss.any_response,50477696,100.00,,
     6.113541684,5875398,,offcore_response.all_requests.llc_hit.any_response,50632889,100.00,,
     6.113541684,75491,,offcore_response.all_requests.llc_miss.any_response,50632756,100.00,,
     6.213757210,5846693,,offcore_response.all_requests.llc_hit.any_response,50412714,100.00,,
     6.213757210,75236,,offcore_response.all_requests.llc_miss.any_response,50380686,100.00,,
     6.313966168,5786930,,offcore_response.all_requests.llc_hit.any_response,49983062,100.00,,
     6.313966168,74688,,offcore_response.all_requests.llc_miss.any_response,49983062,100.00,,
     6.414178507,5823132,,offcore_response.all_requests.llc_hit.any_response,50271573,100.00,,
     6.414178507,75225,,offcore_response.all_requests.llc_miss.any_response,50304010,100.00,,
     6.514396420,5848252,,offcore_response.all_requests.llc_hit.any_response,50533509,100.00,,
     6.514396420,75533,,offcore_response.all_requests.llc_miss.any_response,50533696,100.00,,
     6.614638348,5843783,,offcore_response.all_requests.llc_hit.any_response,50489523,100.00,,
     6.614638348,75232,,offcore_response.all_requests.llc_miss.any_response,50487314,100.00,,
     6.714852525,5804234,,offcore_response.all_requests.llc_hit.any_response,54692172,100.00,,
     6.714852525,68956,,offcore_response.all_requests.llc_miss.any_response,54679440,100.00,,
     6.815069375,5718905,,offcore_response.all_requests.llc_hit.any_response,50424007,100.00,,
     6.815069375,65845,,offcore_response.all_requests.llc_miss.any_response,50425734,100.00,,
     6.915285212,5761750,,offcore_response.all_requests.llc_hit.any_response,50691387,100.00,,
     6.915285212,66081,,offcore_response.all_requests.llc_miss.any_response,50682770,100.00,,
     7.015500615,5752268,,offcore_response.all_requests.llc_hit.any_response,50582577,100.00,,
     7.015500615,66195,,offcore_response.all_requests.llc_miss.any_response,50584739,100.00,,
     7.115718989,5745178,,offcore_response.all_requests.llc_hit.any_response,50684034,100.00,,
     7.115718989,66194,,offcore_response.all_requests.llc_miss.any_response,50684401,100.00,,
     7.215936066,5733623,,offcore_response.all_requests.llc_hit.any_response,50562877,100.00,,
     7.215936066,65798,,offcore_response.all_requests.llc_miss.any_response,50549555,100.00,,
     7.316148184,5746513,,offcore_response.all_requests.llc_hit.any_response,50658062,100.00,,
     7.316148184,66006,,offcore_response.all_requests.llc_miss.any_response,50658062,100.00,,
     7.416358503,5762307,,offcore_response.all_requests.llc_hit.any_response,50566330,100.00,,
     7.416358503,66062,,offcore_response.all_requests.llc_miss.any_response,50566330,100.00,,
     7.516568319,5734079,,offcore_response.all_requests.llc_hit.any_response,50440880,100.00,,
     7.516568319,65751,,offcore_response.all_requests.llc_miss.any_response,50456441,100.00,,
     7.616787431,5733672,,offcore_response.all_requests.llc_hit.any_response,54510150,100.00,,
     7.616787431,65766,,offcore_response.all_requests.llc_miss.any_response,54494589,100.00,,
     7.716997529,5739126,,offcore_response.all_requests.llc_hit.any_response,50250057,100.00,,
     7.716997529,66170,,offcore_response.all_requests.llc_miss.any_response,50278532,100.00,,
     7.817215615,5754521,,offcore_response.all_requests.llc_hit.any_response,50420658,100.00,,
     7.817215615,66180,,offcore_response.all_requests.llc_miss.any_response,50424748,100.00,,
     7.917440235,5768851,,offcore_response.all_requests.llc_hit.any_response,50529124,100.00,,
     7.917440235,66377,,offcore_response.all_requests.llc_miss.any_response,50525984,100.00,,
     8.017657246,5757130,,offcore_response.all_requests.llc_hit.any_response,50355908,100.00,,
     8.017657246,66169,,offcore_response.all_requests.llc_miss.any_response,50358680,100.00,,
     8.117873361,5733029,,offcore_response.all_requests.llc_hit.any_response,50217722,100.00,,
     8.117873361,65683,,offcore_response.all_requests.llc_miss.any_response,50185525,100.00,,
     8.218082914,5877531,,offcore_response.all_requests.llc_hit.any_response,55492076,100.00,,
     8.218082914,71502,,offcore_response.all_requests.llc_miss.any_response,55492076,100.00,,
     8.318292867,5839905,,offcore_response.all_requests.llc_hit.any_response,50198118,100.00,,
     8.318292867,73609,,offcore_response.all_requests.llc_miss.any_response,50198118,100.00,,
     8.418503897,5883284,,offcore_response.all_requests.llc_hit.any_response,50549952,100.00,,
     8.418503897,74009,,offcore_response.all_requests.llc_miss.any_response,50549952,100.00,,
     8.518713647,5893928,,offcore_response.all_requests.llc_hit.any_response,50656022,100.00,,
     8.518713647,74052,,offcore_response.all_requests.llc_miss.any_response,50656022,100.00,,
     8.618923645,5899971,,offcore_response.all_requests.llc_hit.any_response,50661014,100.00,,
     8.618923645,73899,,offcore_response.all_requests.llc_miss.any_response,50674918,100.00,,
     8.719140568,5878460,,offcore_response.all_requests.llc_hit.any_response,50668032,100.00,,
     8.719140568,73738,,offcore_response.all_requests.llc_miss.any_response,50667460,100.00,,
     8.819409458,5904495,,offcore_response.all_requests.llc_hit.any_response,50703315,100.00,,
     8.819409458,73792,,offcore_response.all_requests.llc_miss.any_response,50689983,100.00,,
     8.919619987,5892321,,offcore_response.all_requests.llc_hit.any_response,50674257,100.00,,
     8.919619987,73929,,offcore_response.all_requests.llc_miss.any_response,50706633,100.00,,
     9.019837344,5840061,,offcore_response.all_requests.llc_hit.any_response,50395078,100.00,,
     9.019837344,72922,,offcore_response.all_requests.llc_miss.any_response,50375948,100.00,,
     9.120051819,5898245,,offcore_response.all_requests.llc_hit.any_response,50780118,100.00,,
     9.120051819,73759,,offcore_response.all_requests.llc_miss.any_response,50766872,100.00,,
     9.220263118,5870711,,offcore_response.all_requests.llc_hit.any_response,50557259,100.00,,
     9.220263118,73796,,offcore_response.all_requests.llc_miss.any_response,50557259,100.00,,
     9.320472394,5900032,,offcore_response.all_requests.llc_hit.any_response,50885770,100.00,,
     9.320472394,74038,,offcore_response.all_requests.llc_miss.any_response,50916657,100.00,,
     9.420687945,5863116,,offcore_response.all_requests.llc_hit.any_response,50553838,100.00,,
     9.420687945,73834,,offcore_response.all_requests.llc_miss.any_response,50554996,100.00,,
     9.520904486,5859115,,offcore_response.all_requests.llc_hit.any_response,50579847,100.00,,
     9.520904486,74184,,offcore_response.all_requests.llc_miss.any_response,50547802,100.00,,
     9.621114246,5840996,,offcore_response.all_requests.llc_hit.any_response,50360529,100.00,,
     9.621114246,73509,,offcore_response.all_requests.llc_miss.any_response,50373676,100.00,,
     9.721327221,5845062,,offcore_response.all_requests.llc_hit.any_response,50536649,100.00,,
     9.721327221,73449,,offcore_response.all_requests.llc_miss.any_response,50538239,100.00,,
     9.821540763,5840194,,offcore_response.all_requests.llc_hit.any_response,50309185,100.00,,
     9.821540763,73568,,offcore_response.all_requests.llc_miss.any_response,50294448,100.00,,
     9.921750422,5890912,,offcore_response.all_requests.llc_hit.any_response,50653011,100.00,,
     9.921750422,73776,,offcore_response.all_requests.llc_miss.any_response,50685326,100.00,,
    10.021966501,5864627,,offcore_response.all_requests.llc_hit.any_response,50411137,100.00,,
    10.021966501,73595,,offcore_response.all_requests.llc_miss.any_response,50392320,100.00,,
    10.122183400,5859328,,offcore_response.all_requests.llc_hit.any_response,50502859,100.00,,
    10.122183400,73609,,offcore_response.all_requests.llc_miss.any_response,50521643,100.00,,
    10.222399592,5894705,,offcore_response.all_requests.llc_hit.any_response,55071545,100.00,,
    10.222399592,76155,,offcore_response.all_requests.llc_miss.any_response,55071431,100.00,,
    10.322615362,5875820,,offcore_response.all_requests.llc_hit.any_response,50222948,100.00,,
    10.322615362,75729,,offcore_response.all_requests.llc_miss.any_response,50222972,100.00,,
    10.422832146,5858053,,offcore_response.all_requests.llc_hit.any_response,50083182,100.00,,
    10.422832146,75280,,offcore_response.all_requests.llc_miss.any_response,50050990,100.00,,
    10.523041231,5831651,,offcore_response.all_requests.llc_hit.any_response,49842485,100.00,,
    10.523041231,74899,,offcore_response.all_requests.llc_miss.any_response,49842485,100.00,,
    10.623276550,5928537,,offcore_response.all_requests.llc_hit.any_response,50710442,100.00,,
    10.623276550,75959,,offcore_response.all_requests.llc_miss.any_response,50742781,100.00,,
    10.723497486,5829290,,offcore_response.all_requests.llc_hit.any_response,55244381,100.00,,
    10.723497486,73243,,offcore_response.all_requests.llc_miss.any_response,55230977,100.00,,
    10.823709661,5684563,,offcore_response.all_requests.llc_hit.any_response,50160232,100.00,,
    10.823709661,70666,,offcore_response.all_requests.llc_miss.any_response,50141297,100.00,,
    10.923920550,5717140,,offcore_response.all_requests.llc_hit.any_response,50402212,100.00,,
    10.923920550,69083,,offcore_response.all_requests.llc_miss.any_response,50420188,100.00,,
    11.024151867,5760646,,offcore_response.all_requests.llc_hit.any_response,50629328,100.00,,
    11.024151867,67622,,offcore_response.all_requests.llc_miss.any_response,50643837,100.00,,
