# started on Mon May  1 16:14:15 2023

     0.100159231,28643694,,inst_retired.any,41817309,100.00,109.9,IpMispredict
     0.100159231,260617,,br_misp_retired.all_branches,41817309,100.00,,
     0.200371072,28625890,,inst_retired.any,41402798,100.00,102.0,IpMispredict
     0.200371072,300938,,br_misp_retired.all_branches,41402798,100.00,,
     0.300562950,28895767,,inst_retired.any,42414707,100.00,102.0,IpMispredict
     0.300562950,288133,,br_misp_retired.all_branches,42414707,100.00,,
     0.400751330,28569957,,inst_retired.any,40354088,100.00,101.5,IpMispredict
     0.400751330,276034,,br_misp_retired.all_branches,40354088,100.00,,
     0.500940110,29629970,,inst_retired.any,43079247,100.00,104.3,IpMispredict
     0.500940110,294974,,br_misp_retired.all_branches,43079247,100.00,,
     0.601128663,28610420,,inst_retired.any,41389499,100.00,98.5,IpMispredict
     0.601128663,321559,,br_misp_retired.all_branches,41389499,100.00,,
     0.701321069,28381633,,inst_retired.any,40672993,100.00,97.2,IpMispredict
     0.701321069,301385,,br_misp_retired.all_branches,40672993,100.00,,
     0.801511543,29052377,,inst_retired.any,42438038,100.00,100.1,IpMispredict
     0.801511543,278006,,br_misp_retired.all_branches,42438038,100.00,,
     0.901700491,28199424,,inst_retired.any,40259291,100.00,96.9,IpMispredict
     0.901700491,297433,,br_misp_retired.all_branches,40259291,100.00,,
     1.001891276,28762297,,inst_retired.any,42284992,100.00,98.7,IpMispredict
     1.001891276,296453,,br_misp_retired.all_branches,42284992,100.00,,
     1.102079378,28795690,,inst_retired.any,41124742,100.00,99.3,IpMispredict
     1.102079378,273267,,br_misp_retired.all_branches,41124742,100.00,,
     1.202268950,28553308,,inst_retired.any,41472796,100.00,98.5,IpMispredict
     1.202268950,288583,,br_misp_retired.all_branches,41472796,100.00,,
     1.302455512,28632756,,inst_retired.any,42005664,100.00,98.9,IpMispredict
     1.302455512,285127,,br_misp_retired.all_branches,42005664,100.00,,
     1.402646169,28745420,,inst_retired.any,41001813,100.00,98.9,IpMispredict
     1.402646169,305282,,br_misp_retired.all_branches,41001813,100.00,,
     1.502837449,28569835,,inst_retired.any,41721122,100.00,98.0,IpMispredict
     1.502837449,306016,,br_misp_retired.all_branches,41721122,100.00,,
     1.603030543,28997176,,inst_retired.any,41757701,100.00,99.9,IpMispredict
     1.603030543,270110,,br_misp_retired.all_branches,41757701,100.00,,
     1.703221288,28761285,,inst_retired.any,42170175,100.00,99.5,IpMispredict
     1.703221288,270219,,br_misp_retired.all_branches,42170175,100.00,,
     1.803410940,28431249,,inst_retired.any,40471778,100.00,98.3,IpMispredict
     1.803410940,292832,,br_misp_retired.all_branches,40471778,100.00,,
     1.903597972,28696273,,inst_retired.any,41263948,100.00,99.1,IpMispredict
     1.903597972,292949,,br_misp_retired.all_branches,41263948,100.00,,
     2.003786286,28559885,,inst_retired.any,40928112,100.00,98.7,IpMispredict
     2.003786286,285250,,br_misp_retired.all_branches,40928112,100.00,,
     2.103974284,28806703,,inst_retired.any,41849777,100.00,99.9,IpMispredict
     2.103974284,270390,,br_misp_retired.all_branches,41849777,100.00,,
     2.204167177,28520596,,inst_retired.any,41849560,100.00,98.3,IpMispredict
     2.204167177,327923,,br_misp_retired.all_branches,41849560,100.00,,
     2.304358369,28972171,,inst_retired.any,41547862,100.00,100.1,IpMispredict
     2.304358369,274106,,br_misp_retired.all_branches,41547862,100.00,,
     2.404546180,28526722,,inst_retired.any,41378015,100.00,98.5,IpMispredict
     2.404546180,294300,,br_misp_retired.all_branches,41378015,100.00,,
     2.504736284,28800847,,inst_retired.any,40869601,100.00,99.5,IpMispredict
     2.504736284,286170,,br_misp_retired.all_branches,40869601,100.00,,
     2.604929768,28518142,,inst_retired.any,40776186,100.00,98.1,IpMispredict
     2.604929768,321847,,br_misp_retired.all_branches,40776186,100.00,,
     2.705116771,28491029,,inst_retired.any,40548042,100.00,98.2,IpMispredict
     2.705116771,274212,,br_misp_retired.all_branches,40548042,100.00,,
     2.805305684,28719406,,inst_retired.any,41428620,100.00,98.9,IpMispredict
     2.805305684,293218,,br_misp_retired.all_branches,41428620,100.00,,
     2.905513569,28757972,,inst_retired.any,41862620,100.00,99.0,IpMispredict
     2.905513569,295359,,br_misp_retired.all_branches,41862620,100.00,,
     3.005701147,28509289,,inst_retired.any,40407006,100.00,98.0,IpMispredict
     3.005701147,300689,,br_misp_retired.all_branches,40407006,100.00,,
     3.105888944,28540821,,inst_retired.any,41530329,100.00,97.7,IpMispredict
     3.105888944,336054,,br_misp_retired.all_branches,41530329,100.00,,
     3.206077491,28551751,,inst_retired.any,41153770,100.00,97.9,IpMispredict
     3.206077491,275326,,br_misp_retired.all_branches,41153770,100.00,,
     3.306264901,28436972,,inst_retired.any,39943412,100.00,97.4,IpMispredict
     3.306264901,302281,,br_misp_retired.all_branches,39943412,100.00,,
     3.406458699,28676562,,inst_retired.any,41616018,100.00,98.2,IpMispredict
     3.406458699,296399,,br_misp_retired.all_branches,41616018,100.00,,
     3.506652290,28528815,,inst_retired.any,40790804,100.00,97.5,IpMispredict
     3.506652290,312094,,br_misp_retired.all_branches,40790804,100.00,,
     3.606848909,28342778,,inst_retired.any,40756675,100.00,96.7,IpMispredict
     3.606848909,301271,,br_misp_retired.all_branches,40756675,100.00,,
     3.707041431,28813406,,inst_retired.any,41422554,100.00,98.3,IpMispredict
     3.707041431,294757,,br_misp_retired.all_branches,41422554,100.00,,
     3.807227591,28579832,,inst_retired.any,40788781,100.00,97.6,IpMispredict
     3.807227591,282601,,br_misp_retired.all_branches,40788781,100.00,,
     3.907414931,28653690,,inst_retired.any,39961274,100.00,98.0,IpMispredict
     3.907414931,275283,,br_misp_retired.all_branches,39961274,100.00,,
     4.007609304,28394621,,inst_retired.any,41159352,100.00,97.1,IpMispredict
     4.007609304,295199,,br_misp_retired.all_branches,41159352,100.00,,
     4.107795295,28936172,,inst_retired.any,41840580,100.00,98.8,IpMispredict
     4.107795295,310057,,br_misp_retired.all_branches,41840580,100.00,,
     4.207983741,28679776,,inst_retired.any,42586621,100.00,97.8,IpMispredict
     4.207983741,314374,,br_misp_retired.all_branches,42586621,100.00,,
     4.308174525,28622707,,inst_retired.any,40666676,100.00,97.7,IpMispredict
     4.308174525,280877,,br_misp_retired.all_branches,40666676,100.00,,
     4.408366593,28800156,,inst_retired.any,41517778,100.00,98.3,IpMispredict
     4.408366593,284860,,br_misp_retired.all_branches,41517778,100.00,,
     4.508558851,29662474,,inst_retired.any,41706976,100.00,101.4,IpMispredict
     4.508558851,273698,,br_misp_retired.all_branches,41706976,100.00,,
     4.608752806,28392988,,inst_retired.any,40492552,100.00,97.0,IpMispredict
     4.608752806,303089,,br_misp_retired.all_branches,40492552,100.00,,
     4.708943978,28803298,,inst_retired.any,41354818,100.00,98.6,IpMispredict
     4.708943978,271424,,br_misp_retired.all_branches,41354818,100.00,,
     4.809131562,28292128,,inst_retired.any,41327384,100.00,96.6,IpMispredict
     4.809131562,321780,,br_misp_retired.all_branches,41327384,100.00,,
     4.909322079,28424742,,inst_retired.any,40138524,100.00,97.3,IpMispredict
     4.909322079,264641,,br_misp_retired.all_branches,40138524,100.00,,
     5.009520194,28717525,,inst_retired.any,40865809,100.00,98.1,IpMispredict
     5.009520194,313471,,br_misp_retired.all_branches,40865809,100.00,,
     5.109712241,28447728,,inst_retired.any,40552880,100.00,97.3,IpMispredict
     5.109712241,282364,,br_misp_retired.all_branches,40552880,100.00,,
     5.209900387,28470885,,inst_retired.any,40380516,100.00,97.2,IpMispredict
     5.209900387,318743,,br_misp_retired.all_branches,40380516,100.00,,
     5.310088445,28324466,,inst_retired.any,40799026,100.00,96.7,IpMispredict
     5.310088445,291808,,br_misp_retired.all_branches,40799026,100.00,,
     5.410275781,28403693,,inst_retired.any,40473296,100.00,96.9,IpMispredict
     5.410275781,306384,,br_misp_retired.all_branches,40473296,100.00,,
     5.510466777,29328555,,inst_retired.any,41972866,100.00,99.9,IpMispredict
     5.510466777,307567,,br_misp_retired.all_branches,41972866,100.00,,
     5.610674596,28525940,,inst_retired.any,41280889,100.00,97.2,IpMispredict
     5.610674596,294054,,br_misp_retired.all_branches,41280889,100.00,,
     5.710864840,28868833,,inst_retired.any,42571260,100.00,98.3,IpMispredict
     5.710864840,313764,,br_misp_retired.all_branches,42571260,100.00,,
     5.811059162,28501277,,inst_retired.any,41323456,100.00,97.0,IpMispredict
     5.811059162,289357,,br_misp_retired.all_branches,41323456,100.00,,
     5.911248350,28534441,,inst_retired.any,40771245,100.00,97.2,IpMispredict
     5.911248350,285079,,br_misp_retired.all_branches,40771245,100.00,,
     6.011469034,28543429,,inst_retired.any,41730760,100.00,97.3,IpMispredict
     6.011469034,286895,,br_misp_retired.all_branches,41730760,100.00,,
     6.111662525,28818187,,inst_retired.any,41765594,100.00,98.4,IpMispredict
     6.111662525,264049,,br_misp_retired.all_branches,41765594,100.00,,
     6.211854732,28777865,,inst_retired.any,41534292,100.00,98.2,IpMispredict
     6.211854732,301274,,br_misp_retired.all_branches,41534292,100.00,,
     6.312046797,28714928,,inst_retired.any,41679859,100.00,97.8,IpMispredict
     6.312046797,328848,,br_misp_retired.all_branches,41679859,100.00,,
     6.412240290,28519658,,inst_retired.any,41619901,100.00,97.0,IpMispredict
     6.412240290,321665,,br_misp_retired.all_branches,41619901,100.00,,
     6.512429150,28516742,,inst_retired.any,41199078,100.00,96.9,IpMispredict
     6.512429150,296685,,br_misp_retired.all_branches,41199078,100.00,,
     6.612621715,28699737,,inst_retired.any,41161785,100.00,97.5,IpMispredict
     6.612621715,310760,,br_misp_retired.all_branches,41161785,100.00,,
     6.712808346,28458929,,inst_retired.any,40773256,100.00,96.7,IpMispredict
     6.712808346,290868,,br_misp_retired.all_branches,40773256,100.00,,
     6.813002412,28622031,,inst_retired.any,41315525,100.00,97.2,IpMispredict
     6.813002412,295061,,br_misp_retired.all_branches,41315525,100.00,,
     6.913194325,28487525,,inst_retired.any,41356358,100.00,96.8,IpMispredict
     6.913194325,293936,,br_misp_retired.all_branches,41356358,100.00,,
     7.013385838,28877665,,inst_retired.any,42185686,100.00,98.3,IpMispredict
     7.013385838,258056,,br_misp_retired.all_branches,42185686,100.00,,
     7.113549225,29007250,,inst_retired.any,42889281,100.00,98.7,IpMispredict
     7.113549225,288225,,br_misp_retired.all_branches,42889281,100.00,,
     7.213688360,29016377,,inst_retired.any,41596696,100.00,98.9,IpMispredict
     7.213688360,263451,,br_misp_retired.all_branches,41596696,100.00,,
     7.313838909,28591728,,inst_retired.any,40623216,100.00,97.5,IpMispredict
     7.313838909,284879,,br_misp_retired.all_branches,40623216,100.00,,
     7.414002595,28504057,,inst_retired.any,41323239,100.00,97.3,IpMispredict
     7.414002595,282377,,br_misp_retired.all_branches,41323239,100.00,,
     7.514189938,28619707,,inst_retired.any,40790679,100.00,97.7,IpMispredict
     7.514189938,273989,,br_misp_retired.all_branches,40790679,100.00,,
     7.614376312,28998858,,inst_retired.any,42222700,100.00,99.1,IpMispredict
     7.614376312,269338,,br_misp_retired.all_branches,42222700,100.00,,
     7.714567674,28681601,,inst_retired.any,41834968,100.00,98.1,IpMispredict
     7.714567674,278747,,br_misp_retired.all_branches,41834968,100.00,,
     7.814760670,28610620,,inst_retired.any,41683089,100.00,97.9,IpMispredict
     7.814760670,294965,,br_misp_retired.all_branches,41683089,100.00,,
     7.914955294,28858398,,inst_retired.any,41987522,100.00,98.7,IpMispredict
     7.914955294,286841,,br_misp_retired.all_branches,41987522,100.00,,
     8.015152332,28825574,,inst_retired.any,42032606,100.00,98.6,IpMispredict
     8.015152332,296989,,br_misp_retired.all_branches,42032606,100.00,,
     8.115341580,28130103,,inst_retired.any,40246832,100.00,96.2,IpMispredict
     8.115341580,305135,,br_misp_retired.all_branches,40246832,100.00,,
     8.215527282,28481214,,inst_retired.any,40785428,100.00,97.3,IpMispredict
     8.215527282,304828,,br_misp_retired.all_branches,40785428,100.00,,
     8.315734300,28392227,,inst_retired.any,40873676,100.00,97.0,IpMispredict
     8.315734300,296618,,br_misp_retired.all_branches,40873676,100.00,,
     8.415910715,28665121,,inst_retired.any,41074527,100.00,97.9,IpMispredict
     8.415910715,288487,,br_misp_retired.all_branches,41074527,100.00,,
     8.516103536,28681102,,inst_retired.any,41449292,100.00,98.0,IpMispredict
     8.516103536,290356,,br_misp_retired.all_branches,41449292,100.00,,
     8.616296663,28719677,,inst_retired.any,41099390,100.00,98.2,IpMispredict
     8.616296663,280569,,br_misp_retired.all_branches,41099390,100.00,,
     8.716491095,28415565,,inst_retired.any,40911209,100.00,97.0,IpMispredict
     8.716491095,322025,,br_misp_retired.all_branches,40911209,100.00,,
     8.816683416,28650843,,inst_retired.any,41347827,100.00,97.8,IpMispredict
     8.816683416,310030,,br_misp_retired.all_branches,41347827,100.00,,
     8.916875617,28781299,,inst_retired.any,41511164,100.00,98.2,IpMispredict
     8.916875617,304149,,br_misp_retired.all_branches,41511164,100.00,,
     9.017068352,28847949,,inst_retired.any,41627824,100.00,98.4,IpMispredict
     9.017068352,289751,,br_misp_retired.all_branches,41627824,100.00,,
     9.117257539,28858439,,inst_retired.any,41123456,100.00,98.6,IpMispredict
     9.117257539,250551,,br_misp_retired.all_branches,41123456,100.00,,
     9.217448968,28835642,,inst_retired.any,42463611,100.00,98.4,IpMispredict
     9.217448968,314130,,br_misp_retired.all_branches,42463611,100.00,,
     9.317640901,28324487,,inst_retired.any,40695263,100.00,96.7,IpMispredict
     9.317640901,287835,,br_misp_retired.all_branches,40695263,100.00,,
     9.417832370,28301492,,inst_retired.any,40344223,100.00,96.6,IpMispredict
     9.417832370,303967,,br_misp_retired.all_branches,40344223,100.00,,
     9.518021557,28856245,,inst_retired.any,41581153,100.00,98.5,IpMispredict
     9.518021557,294193,,br_misp_retired.all_branches,41581153,100.00,,
     9.618209655,28480540,,inst_retired.any,41203229,100.00,97.2,IpMispredict
     9.618209655,300441,,br_misp_retired.all_branches,41203229,100.00,,
     9.718396330,28632357,,inst_retired.any,41939432,100.00,97.7,IpMispredict
     9.718396330,282918,,br_misp_retired.all_branches,41939432,100.00,,
     9.818587761,28666107,,inst_retired.any,41291218,100.00,97.9,IpMispredict
     9.818587761,286844,,br_misp_retired.all_branches,41291218,100.00,,
     9.918776410,28568597,,inst_retired.any,41054267,100.00,97.6,IpMispredict
     9.918776410,274741,,br_misp_retired.all_branches,41054267,100.00,,
    10.018973638,28597301,,inst_retired.any,41926743,100.00,97.8,IpMispredict
    10.018973638,274192,,br_misp_retired.all_branches,41926743,100.00,,
    10.119170283,28467275,,inst_retired.any,40851882,100.00,97.2,IpMispredict
    10.119170283,315889,,br_misp_retired.all_branches,40851882,100.00,,
    10.219360335,28645225,,inst_retired.any,41528811,100.00,97.7,IpMispredict
    10.219360335,333572,,br_misp_retired.all_branches,41528811,100.00,,
    10.319549954,28210149,,inst_retired.any,40285239,100.00,96.2,IpMispredict
    10.319549954,292983,,br_misp_retired.all_branches,40285239,100.00,,
    10.419745030,28902642,,inst_retired.any,41859448,100.00,98.5,IpMispredict
    10.419745030,308741,,br_misp_retired.all_branches,41859448,100.00,,
    10.519939272,28943673,,inst_retired.any,41536351,100.00,98.7,IpMispredict
    10.519939272,290144,,br_misp_retired.all_branches,41536351,100.00,,
    10.620134714,28899344,,inst_retired.any,41067955,100.00,98.5,IpMispredict
    10.620134714,297789,,br_misp_retired.all_branches,41067955,100.00,,
    10.720329132,28619761,,inst_retired.any,41729208,100.00,97.6,IpMispredict
    10.720329132,274726,,br_misp_retired.all_branches,41729208,100.00,,
    10.820523698,28661472,,inst_retired.any,41179790,100.00,97.7,IpMispredict
    10.820523698,305504,,br_misp_retired.all_branches,41179790,100.00,,
    10.920717455,28450794,,inst_retired.any,40906449,100.00,97.0,IpMispredict
    10.920717455,289171,,br_misp_retired.all_branches,40906449,100.00,,
    11.020934440,28642616,,inst_retired.any,41547887,100.00,97.7,IpMispredict
    11.020934440,304088,,br_misp_retired.all_branches,41547887,100.00,,
