# started on Mon May  1 16:14:28 2023

     0.100145459,56550259,,inst_retired.any,47062290,100.00,125.5,IpMispredict
     0.100145459,450441,,br_misp_retired.all_branches,47062290,100.00,,
     0.200395748,57714031,,inst_retired.any,49139556,100.00,127.7,IpMispredict
     0.200395748,453442,,br_misp_retired.all_branches,49139556,100.00,,
     0.300588596,56702508,,inst_retired.any,47571142,100.00,127.2,IpMispredict
     0.300588596,432988,,br_misp_retired.all_branches,47571142,100.00,,
     0.400776152,57030770,,inst_retired.any,47893893,100.00,128.6,IpMispredict
     0.400776152,437235,,br_misp_retired.all_branches,47893893,100.00,,
     0.500964958,57666040,,inst_retired.any,48380491,100.00,129.1,IpMispredict
     0.500964958,458667,,br_misp_retired.all_branches,48380491,100.00,,
     0.601153396,57013530,,inst_retired.any,48309105,100.00,128.1,IpMispredict
     0.601153396,437566,,br_misp_retired.all_branches,48309105,100.00,,
     0.701345709,57383716,,inst_retired.any,48123281,100.00,129.8,IpMispredict
     0.701345709,424844,,br_misp_retired.all_branches,48123281,100.00,,
     0.801531414,56813950,,inst_retired.any,46497259,100.00,127.7,IpMispredict
     0.801531414,464755,,br_misp_retired.all_branches,46497259,100.00,,
     0.901729896,57185025,,inst_retired.any,49574460,100.00,128.8,IpMispredict
     0.901729896,436552,,br_misp_retired.all_branches,49574460,100.00,,
     1.001917518,57060783,,inst_retired.any,47506474,100.00,128.6,IpMispredict
     1.001917518,440069,,br_misp_retired.all_branches,47506474,100.00,,
     1.102105388,57124027,,inst_retired.any,48645202,100.00,128.6,IpMispredict
     1.102105388,449145,,br_misp_retired.all_branches,48645202,100.00,,
     1.202289823,57530585,,inst_retired.any,48921004,100.00,129.2,IpMispredict
     1.202289823,457902,,br_misp_retired.all_branches,48921004,100.00,,
     1.302477075,56456556,,inst_retired.any,48140771,100.00,127.0,IpMispredict
     1.302477075,433629,,br_misp_retired.all_branches,48140771,100.00,,
     1.402664173,57074967,,inst_retired.any,48818431,100.00,128.7,IpMispredict
     1.402664173,431453,,br_misp_retired.all_branches,48818431,100.00,,
     1.502848535,57449698,,inst_retired.any,50457732,100.00,129.8,IpMispredict
     1.502848535,428436,,br_misp_retired.all_branches,50457732,100.00,,
     1.603032703,56844810,,inst_retired.any,47876187,100.00,128.4,IpMispredict
     1.603032703,443961,,br_misp_retired.all_branches,47876187,100.00,,
     1.703222594,56928590,,inst_retired.any,46588119,100.00,128.3,IpMispredict
     1.703222594,459998,,br_misp_retired.all_branches,46588119,100.00,,
     1.803413013,57339202,,inst_retired.any,48538750,100.00,129.6,IpMispredict
     1.803413013,423353,,br_misp_retired.all_branches,48538750,100.00,,
     1.903599754,57757165,,inst_retired.any,49210674,100.00,130.7,IpMispredict
     1.903599754,433722,,br_misp_retired.all_branches,49210674,100.00,,
     2.003797225,57370015,,inst_retired.any,49130591,100.00,129.8,IpMispredict
     2.003797225,444775,,br_misp_retired.all_branches,49130591,100.00,,
     2.103986279,56845926,,inst_retired.any,46496154,100.00,128.8,IpMispredict
     2.103986279,427917,,br_misp_retired.all_branches,46496154,100.00,,
     2.204170921,57731621,,inst_retired.any,47924442,100.00,130.6,IpMispredict
     2.204170921,452120,,br_misp_retired.all_branches,47924442,100.00,,
     2.304360701,57076785,,inst_retired.any,48495230,100.00,129.3,IpMispredict
     2.304360701,433623,,br_misp_retired.all_branches,48495230,100.00,,
     2.404546340,58380597,,inst_retired.any,49441334,100.00,132.4,IpMispredict
     2.404546340,423078,,br_misp_retired.all_branches,49441334,100.00,,
     2.504732632,56947022,,inst_retired.any,47836251,100.00,129.4,IpMispredict
     2.504732632,421072,,br_misp_retired.all_branches,47836251,100.00,,
     2.604921892,56627781,,inst_retired.any,47787256,100.00,128.5,IpMispredict
     2.604921892,453909,,br_misp_retired.all_branches,47787256,100.00,,
     2.705108465,57597720,,inst_retired.any,49126769,100.00,130.7,IpMispredict
     2.705108465,447062,,br_misp_retired.all_branches,49126769,100.00,,
     2.805317166,57585827,,inst_retired.any,49122308,100.00,130.7,IpMispredict
     2.805317166,439478,,br_misp_retired.all_branches,49122308,100.00,,
     2.905508073,56998897,,inst_retired.any,47812599,100.00,129.3,IpMispredict
     2.905508073,443644,,br_misp_retired.all_branches,47812599,100.00,,
     3.005696464,56834946,,inst_retired.any,47457477,100.00,129.1,IpMispredict
     3.005696464,421586,,br_misp_retired.all_branches,47457477,100.00,,
     3.105882082,57632597,,inst_retired.any,48687173,100.00,131.0,IpMispredict
     3.105882082,434771,,br_misp_retired.all_branches,48687173,100.00,,
     3.206072230,57061971,,inst_retired.any,48137283,100.00,129.6,IpMispredict
     3.206072230,450900,,br_misp_retired.all_branches,48137283,100.00,,
     3.306261800,56909855,,inst_retired.any,48261378,100.00,129.1,IpMispredict
     3.306261800,458385,,br_misp_retired.all_branches,48261378,100.00,,
     3.406451244,56800854,,inst_retired.any,47082780,100.00,128.8,IpMispredict
     3.406451244,441761,,br_misp_retired.all_branches,47082780,100.00,,
     3.506637082,57966347,,inst_retired.any,50199966,100.00,131.6,IpMispredict
     3.506637082,427472,,br_misp_retired.all_branches,50199966,100.00,,
     3.606820482,57652394,,inst_retired.any,50902345,100.00,130.6,IpMispredict
     3.606820482,472685,,br_misp_retired.all_branches,50902345,100.00,,
     3.707005397,57163075,,inst_retired.any,46932818,100.00,129.6,IpMispredict
     3.707005397,423930,,br_misp_retired.all_branches,46932818,100.00,,
     3.807189582,57411763,,inst_retired.any,47902444,100.00,130.2,IpMispredict
     3.807189582,434252,,br_misp_retired.all_branches,47902444,100.00,,
     3.907375691,56544020,,inst_retired.any,47685401,100.00,128.3,IpMispredict
     3.907375691,443033,,br_misp_retired.all_branches,47685401,100.00,,
     4.007564339,57178882,,inst_retired.any,47442371,100.00,129.7,IpMispredict
     4.007564339,438359,,br_misp_retired.all_branches,47442371,100.00,,
     4.107751243,56816734,,inst_retired.any,47340168,100.00,129.0,IpMispredict
     4.107751243,428947,,br_misp_retired.all_branches,47340168,100.00,,
     4.207940886,57145578,,inst_retired.any,48134766,100.00,129.7,IpMispredict
     4.207940886,446100,,br_misp_retired.all_branches,48134766,100.00,,
     4.308126056,57436292,,inst_retired.any,48141443,100.00,130.3,IpMispredict
     4.308126056,452166,,br_misp_retired.all_branches,48141443,100.00,,
     4.408313582,56696946,,inst_retired.any,47299265,100.00,128.5,IpMispredict
     4.408313582,449093,,br_misp_retired.all_branches,47299265,100.00,,
     4.508499604,57381461,,inst_retired.any,48475779,100.00,130.2,IpMispredict
     4.508499604,430500,,br_misp_retired.all_branches,48475779,100.00,,
     4.608685485,57015126,,inst_retired.any,47058700,100.00,129.4,IpMispredict
     4.608685485,434820,,br_misp_retired.all_branches,47058700,100.00,,
     4.708872105,56374554,,inst_retired.any,46949875,100.00,127.7,IpMispredict
     4.708872105,468685,,br_misp_retired.all_branches,46949875,100.00,,
     4.809055838,57590007,,inst_retired.any,47998786,100.00,130.5,IpMispredict
     4.809055838,438242,,br_misp_retired.all_branches,47998786,100.00,,
     4.909242415,57420269,,inst_retired.any,48380022,100.00,130.1,IpMispredict
     4.909242415,444843,,br_misp_retired.all_branches,48380022,100.00,,
     5.009430502,57543662,,inst_retired.any,48249348,100.00,130.4,IpMispredict
     5.009430502,434262,,br_misp_retired.all_branches,48249348,100.00,,
     5.109624271,57194454,,inst_retired.any,48864787,100.00,129.6,IpMispredict
     5.109624271,453470,,br_misp_retired.all_branches,48864787,100.00,,
     5.209812812,57497059,,inst_retired.any,48274699,100.00,130.1,IpMispredict
     5.209812812,461818,,br_misp_retired.all_branches,48274699,100.00,,
     5.310001617,56543312,,inst_retired.any,49092928,100.00,128.0,IpMispredict
     5.310001617,443692,,br_misp_retired.all_branches,49092928,100.00,,
     5.410190512,57434335,,inst_retired.any,48092563,100.00,130.0,IpMispredict
     5.410190512,435148,,br_misp_retired.all_branches,48092563,100.00,,
     5.510398364,57559017,,inst_retired.any,49026695,100.00,130.3,IpMispredict
     5.510398364,438307,,br_misp_retired.all_branches,49026695,100.00,,
     5.610581958,56941875,,inst_retired.any,46649573,100.00,129.0,IpMispredict
     5.610581958,433293,,br_misp_retired.all_branches,46649573,100.00,,
     5.710773101,57194815,,inst_retired.any,47585903,100.00,129.6,IpMispredict
     5.710773101,434718,,br_misp_retired.all_branches,47585903,100.00,,
     5.810962955,57467932,,inst_retired.any,49022129,100.00,130.2,IpMispredict
     5.810962955,442908,,br_misp_retired.all_branches,49022129,100.00,,
     5.911149013,56848072,,inst_retired.any,46620913,100.00,128.8,IpMispredict
     5.911149013,432328,,br_misp_retired.all_branches,46620913,100.00,,
     6.011335263,57927668,,inst_retired.any,48684089,100.00,131.4,IpMispredict
     6.011335263,423798,,br_misp_retired.all_branches,48684089,100.00,,
     6.111544502,57211236,,inst_retired.any,49649579,100.00,129.8,IpMispredict
     6.111544502,435023,,br_misp_retired.all_branches,49649579,100.00,,
     6.211729644,57099286,,inst_retired.any,47485942,100.00,129.4,IpMispredict
     6.211729644,473236,,br_misp_retired.all_branches,47485942,100.00,,
     6.311923674,56167947,,inst_retired.any,47589920,100.00,127.3,IpMispredict
     6.311923674,428677,,br_misp_retired.all_branches,47589920,100.00,,
     6.412110625,57619292,,inst_retired.any,50170658,100.00,130.6,IpMispredict
     6.412110625,440545,,br_misp_retired.all_branches,50170658,100.00,,
     6.512301551,57748592,,inst_retired.any,49049092,100.00,130.9,IpMispredict
     6.512301551,436717,,br_misp_retired.all_branches,49049092,100.00,,
     6.612482231,56903786,,inst_retired.any,49171240,100.00,129.0,IpMispredict
     6.612482231,446063,,br_misp_retired.all_branches,49171240,100.00,,
     6.712672840,56812652,,inst_retired.any,46869886,100.00,128.7,IpMispredict
     6.712672840,447512,,br_misp_retired.all_branches,46869886,100.00,,
     6.812860375,57096306,,inst_retired.any,47947745,100.00,129.4,IpMispredict
     6.812860375,434121,,br_misp_retired.all_branches,47947745,100.00,,
     6.913039393,57220014,,inst_retired.any,49186311,100.00,129.7,IpMispredict
     6.913039393,439007,,br_misp_retired.all_branches,49186311,100.00,,
     7.013225642,57482646,,inst_retired.any,47275298,100.00,130.2,IpMispredict
     7.013225642,453743,,br_misp_retired.all_branches,47275298,100.00,,
     7.113426455,56651183,,inst_retired.any,48154774,100.00,128.4,IpMispredict
     7.113426455,443129,,br_misp_retired.all_branches,48154774,100.00,,
     7.213620501,57947505,,inst_retired.any,48080958,100.00,131.2,IpMispredict
     7.213620501,464546,,br_misp_retired.all_branches,48080958,100.00,,
     7.313818270,56826355,,inst_retired.any,46548451,100.00,128.6,IpMispredict
     7.313818270,444495,,br_misp_retired.all_branches,46548451,100.00,,
     7.414002397,57196131,,inst_retired.any,48322410,100.00,129.5,IpMispredict
     7.414002397,427796,,br_misp_retired.all_branches,48322410,100.00,,
     7.514188448,57947784,,inst_retired.any,48457979,100.00,131.3,IpMispredict
     7.514188448,429677,,br_misp_retired.all_branches,48457979,100.00,,
     7.614379589,57185205,,inst_retired.any,50633751,100.00,129.5,IpMispredict
     7.614379589,447844,,br_misp_retired.all_branches,50633751,100.00,,
     7.714569767,57323321,,inst_retired.any,48193895,100.00,129.9,IpMispredict
     7.714569767,427047,,br_misp_retired.all_branches,48193895,100.00,,
     7.814758541,57235043,,inst_retired.any,47027818,100.00,129.7,IpMispredict
     7.814758541,435867,,br_misp_retired.all_branches,47027818,100.00,,
     7.914944817,57182040,,inst_retired.any,48681081,100.00,129.6,IpMispredict
     7.914944817,445053,,br_misp_retired.all_branches,48681081,100.00,,
     8.015131403,57226661,,inst_retired.any,48576315,100.00,129.7,IpMispredict
     8.015131403,425746,,br_misp_retired.all_branches,48576315,100.00,,
     8.115318855,57213120,,inst_retired.any,48269140,100.00,129.7,IpMispredict
     8.115318855,445119,,br_misp_retired.all_branches,48269140,100.00,,
     8.215528764,57979886,,inst_retired.any,52193764,100.00,131.4,IpMispredict
     8.215528764,449138,,br_misp_retired.all_branches,52193764,100.00,,
     8.315740282,56910510,,inst_retired.any,47510723,100.00,128.9,IpMispredict
     8.315740282,457160,,br_misp_retired.all_branches,47510723,100.00,,
     8.415925338,56789573,,inst_retired.any,48651492,100.00,128.6,IpMispredict
     8.415925338,458215,,br_misp_retired.all_branches,48651492,100.00,,
     8.516113147,57206545,,inst_retired.any,48527117,100.00,129.5,IpMispredict
     8.516113147,443038,,br_misp_retired.all_branches,48527117,100.00,,
     8.616300287,56767044,,inst_retired.any,46841892,100.00,128.5,IpMispredict
     8.616300287,446322,,br_misp_retired.all_branches,46841892,100.00,,
     8.716491738,56671184,,inst_retired.any,48951422,100.00,128.3,IpMispredict
     8.716491738,447372,,br_misp_retired.all_branches,48951422,100.00,,
     8.816679553,57638235,,inst_retired.any,50164027,100.00,130.4,IpMispredict
     8.816679553,455758,,br_misp_retired.all_branches,50164027,100.00,,
     8.916869707,57507686,,inst_retired.any,49104497,100.00,130.1,IpMispredict
     8.916869707,441128,,br_misp_retired.all_branches,49104497,100.00,,
     9.017058876,56250796,,inst_retired.any,46203913,100.00,127.3,IpMispredict
     9.017058876,438724,,br_misp_retired.all_branches,46203913,100.00,,
     9.117246545,57662854,,inst_retired.any,48248678,100.00,130.5,IpMispredict
     9.117246545,444660,,br_misp_retired.all_branches,48248678,100.00,,
     9.217442616,56365541,,inst_retired.any,46346227,100.00,127.6,IpMispredict
     9.217442616,433826,,br_misp_retired.all_branches,46346227,100.00,,
     9.317629055,57103986,,inst_retired.any,47369692,100.00,129.2,IpMispredict
     9.317629055,452971,,br_misp_retired.all_branches,47369692,100.00,,
     9.417818083,57514412,,inst_retired.any,49699185,100.00,130.2,IpMispredict
     9.417818083,421290,,br_misp_retired.all_branches,49699185,100.00,,
     9.518004352,57428126,,inst_retired.any,48490872,100.00,130.0,IpMispredict
     9.518004352,446518,,br_misp_retired.all_branches,48490872,100.00,,
     9.618197403,57434571,,inst_retired.any,48690436,100.00,130.1,IpMispredict
     9.618197403,423671,,br_misp_retired.all_branches,48690436,100.00,,
     9.718385940,56858084,,inst_retired.any,46827148,100.00,128.8,IpMispredict
     9.718385940,434424,,br_misp_retired.all_branches,46827148,100.00,,
     9.818573602,57127055,,inst_retired.any,47555509,100.00,129.4,IpMispredict
     9.818573602,456927,,br_misp_retired.all_branches,47555509,100.00,,
     9.918758927,57178635,,inst_retired.any,47467814,100.00,129.5,IpMispredict
     9.918758927,445827,,br_misp_retired.all_branches,47467814,100.00,,
    10.018944351,57245481,,inst_retired.any,48895909,100.00,129.6,IpMispredict
    10.018944351,446082,,br_misp_retired.all_branches,48895909,100.00,,
    10.119130649,57365247,,inst_retired.any,50576158,100.00,129.9,IpMispredict
    10.119130649,432501,,br_misp_retired.all_branches,50576158,100.00,,
    10.219321198,57369573,,inst_retired.any,47972023,100.00,129.9,IpMispredict
    10.219321198,445389,,br_misp_retired.all_branches,47972023,100.00,,
    10.319537743,56109426,,inst_retired.any,47693277,100.00,127.0,IpMispredict
    10.319537743,439105,,br_misp_retired.all_branches,47693277,100.00,,
    10.419726818,57893590,,inst_retired.any,49296656,100.00,131.1,IpMispredict
    10.419726818,439945,,br_misp_retired.all_branches,49296656,100.00,,
    10.519916979,56544425,,inst_retired.any,48229984,100.00,128.1,IpMispredict
    10.519916979,421859,,br_misp_retired.all_branches,48229984,100.00,,
    10.620101777,57339925,,inst_retired.any,46596297,100.00,129.9,IpMispredict
    10.620101777,440530,,br_misp_retired.all_branches,46596297,100.00,,
    10.720292041,57276283,,inst_retired.any,48937745,100.00,129.8,IpMispredict
    10.720292041,422347,,br_misp_retired.all_branches,48937745,100.00,,
    10.820480819,56641017,,inst_retired.any,48390952,100.00,128.4,IpMispredict
    10.820480819,427178,,br_misp_retired.all_branches,48390952,100.00,,
    10.920665276,57981861,,inst_retired.any,50354561,100.00,131.5,IpMispredict
    10.920665276,432061,,br_misp_retired.all_branches,50354561,100.00,,
    11.020872510,57267875,,inst_retired.any,49707123,100.00,129.8,IpMispredict
    11.020872510,439465,,br_misp_retired.all_branches,49707123,100.00,,
