# started on Mon May  1 16:16:40 2023

     0.100152132,7164511,,offcore_response.all_requests.llc_hit.any_response,66736805,100.00,,
     0.100152132,115659,,offcore_response.all_requests.llc_miss.any_response,66728231,100.00,,
     0.200330771,7112441,,offcore_response.all_requests.llc_hit.any_response,65743056,100.00,,
     0.200330771,113824,,offcore_response.all_requests.llc_miss.any_response,65734845,100.00,,
     0.300502586,7195921,,offcore_response.all_requests.llc_hit.any_response,65927118,100.00,,
     0.300502586,116037,,offcore_response.all_requests.llc_miss.any_response,65941423,100.00,,
     0.400701999,7213727,,offcore_response.all_requests.llc_hit.any_response,66600061,100.00,,
     0.400701999,115401,,offcore_response.all_requests.llc_miss.any_response,66594279,100.00,,
     0.500893808,7028184,,offcore_response.all_requests.llc_hit.any_response,65516098,100.00,,
     0.500893808,114849,,offcore_response.all_requests.llc_miss.any_response,65515204,100.00,,
     0.601084492,7190945,,offcore_response.all_requests.llc_hit.any_response,65656710,100.00,,
     0.601084492,114262,,offcore_response.all_requests.llc_miss.any_response,65663848,100.00,,
     0.701280316,7321241,,offcore_response.all_requests.llc_hit.any_response,67094451,100.00,,
     0.701280316,115601,,offcore_response.all_requests.llc_miss.any_response,67094278,100.00,,
     0.801473432,7370285,,offcore_response.all_requests.llc_hit.any_response,66822607,100.00,,
     0.801473432,114741,,offcore_response.all_requests.llc_miss.any_response,66823100,100.00,,
     0.901668221,7238476,,offcore_response.all_requests.llc_hit.any_response,67096782,100.00,,
     0.901668221,115384,,offcore_response.all_requests.llc_miss.any_response,67096634,100.00,,
     1.001864005,7357226,,offcore_response.all_requests.llc_hit.any_response,67335433,100.00,,
     1.001864005,115408,,offcore_response.all_requests.llc_miss.any_response,67314126,100.00,,
     1.102054917,7300410,,offcore_response.all_requests.llc_hit.any_response,66343803,100.00,,
     1.102054917,115645,,offcore_response.all_requests.llc_miss.any_response,66364577,100.00,,
     1.202248577,7404040,,offcore_response.all_requests.llc_hit.any_response,67503463,100.00,,
     1.202248577,116656,,offcore_response.all_requests.llc_miss.any_response,67482689,100.00,,
     1.302436630,7194583,,offcore_response.all_requests.llc_hit.any_response,66260102,100.00,,
     1.302436630,113374,,offcore_response.all_requests.llc_miss.any_response,66280960,100.00,,
     1.402631473,7315573,,offcore_response.all_requests.llc_hit.any_response,67741758,100.00,,
     1.402631473,116579,,offcore_response.all_requests.llc_miss.any_response,67726944,100.00,,
     1.502823171,7264472,,offcore_response.all_requests.llc_hit.any_response,66583194,100.00,,
     1.502823171,115761,,offcore_response.all_requests.llc_miss.any_response,66577150,100.00,,
     1.603013002,7123188,,offcore_response.all_requests.llc_hit.any_response,66451821,100.00,,
     1.603013002,115151,,offcore_response.all_requests.llc_miss.any_response,66473087,100.00,,
     1.703208995,7137210,,offcore_response.all_requests.llc_hit.any_response,64821234,100.00,,
     1.703208995,113700,,offcore_response.all_requests.llc_miss.any_response,64821005,100.00,,
     1.803406544,7194335,,offcore_response.all_requests.llc_hit.any_response,67167598,100.00,,
     1.803406544,116276,,offcore_response.all_requests.llc_miss.any_response,67146561,100.00,,
     1.903625810,7066320,,offcore_response.all_requests.llc_hit.any_response,65773113,100.00,,
     1.903625810,115764,,offcore_response.all_requests.llc_miss.any_response,65773113,100.00,,
     2.003816497,7183008,,offcore_response.all_requests.llc_hit.any_response,66177008,100.00,,
     2.003816497,114203,,offcore_response.all_requests.llc_miss.any_response,66198240,100.00,,
     2.104012986,7329129,,offcore_response.all_requests.llc_hit.any_response,67834421,100.00,,
     2.104012986,117361,,offcore_response.all_requests.llc_miss.any_response,67833897,100.00,,
     2.204207899,7389015,,offcore_response.all_requests.llc_hit.any_response,67526039,100.00,,
     2.204207899,116391,,offcore_response.all_requests.llc_miss.any_response,67505331,100.00,,
     2.304415321,7208349,,offcore_response.all_requests.llc_hit.any_response,66762519,100.00,,
     2.304415321,114681,,offcore_response.all_requests.llc_miss.any_response,66762519,100.00,,
     2.404602173,7004096,,offcore_response.all_requests.llc_hit.any_response,66731258,100.00,,
     2.404602173,114939,,offcore_response.all_requests.llc_miss.any_response,66752610,100.00,,
     2.504796727,7135453,,offcore_response.all_requests.llc_hit.any_response,65268139,100.00,,
     2.504796727,114480,,offcore_response.all_requests.llc_miss.any_response,65246787,100.00,,
     2.604985526,7293899,,offcore_response.all_requests.llc_hit.any_response,67338195,100.00,,
     2.604985526,114683,,offcore_response.all_requests.llc_miss.any_response,67359500,100.00,,
     2.705179570,7360485,,offcore_response.all_requests.llc_hit.any_response,67315917,100.00,,
     2.705179570,116992,,offcore_response.all_requests.llc_miss.any_response,67294612,100.00,,
     2.805367236,7227798,,offcore_response.all_requests.llc_hit.any_response,66170507,100.00,,
     2.805367236,113815,,offcore_response.all_requests.llc_miss.any_response,66170507,100.00,,
     2.905555463,7352128,,offcore_response.all_requests.llc_hit.any_response,68167779,100.00,,
     2.905555463,116021,,offcore_response.all_requests.llc_miss.any_response,68167779,100.00,,
     3.005744429,7267960,,offcore_response.all_requests.llc_hit.any_response,66567566,100.00,,
     3.005744429,115612,,offcore_response.all_requests.llc_miss.any_response,66567566,100.00,,
     3.105933240,7220572,,offcore_response.all_requests.llc_hit.any_response,65831142,100.00,,
     3.105933240,116108,,offcore_response.all_requests.llc_miss.any_response,65851770,100.00,,
     3.206126727,7114332,,offcore_response.all_requests.llc_hit.any_response,65491546,100.00,,
     3.206126727,113353,,offcore_response.all_requests.llc_miss.any_response,65492955,100.00,,
     3.306322790,7246119,,offcore_response.all_requests.llc_hit.any_response,67700367,100.00,,
     3.306322790,116778,,offcore_response.all_requests.llc_miss.any_response,67678330,100.00,,
     3.406517873,7181017,,offcore_response.all_requests.llc_hit.any_response,66245482,100.00,,
     3.406517873,115906,,offcore_response.all_requests.llc_miss.any_response,66261230,100.00,,
     3.506711546,7151137,,offcore_response.all_requests.llc_hit.any_response,65792488,100.00,,
     3.506711546,115405,,offcore_response.all_requests.llc_miss.any_response,65797524,100.00,,
     3.606905540,7184199,,offcore_response.all_requests.llc_hit.any_response,65015652,100.00,,
     3.606905540,113662,,offcore_response.all_requests.llc_miss.any_response,64994868,100.00,,
     3.707095231,7253802,,offcore_response.all_requests.llc_hit.any_response,66286558,100.00,,
     3.707095231,116331,,offcore_response.all_requests.llc_miss.any_response,66286558,100.00,,
     3.807283678,7302233,,offcore_response.all_requests.llc_hit.any_response,66611255,100.00,,
     3.807283678,115612,,offcore_response.all_requests.llc_miss.any_response,66632591,100.00,,
     3.907503824,7100086,,offcore_response.all_requests.llc_hit.any_response,67167519,100.00,,
     3.907503824,113964,,offcore_response.all_requests.llc_miss.any_response,67167539,100.00,,
     4.007696825,7470889,,offcore_response.all_requests.llc_hit.any_response,67647319,100.00,,
     4.007696825,116466,,offcore_response.all_requests.llc_miss.any_response,67625963,100.00,,
     4.107894842,7192264,,offcore_response.all_requests.llc_hit.any_response,67177063,100.00,,
     4.107894842,116732,,offcore_response.all_requests.llc_miss.any_response,67177063,100.00,,
     4.208082247,7390943,,offcore_response.all_requests.llc_hit.any_response,66225318,100.00,,
     4.208082247,113994,,offcore_response.all_requests.llc_miss.any_response,66225318,100.00,,
     4.308271380,7297046,,offcore_response.all_requests.llc_hit.any_response,66168008,100.00,,
     4.308271380,116261,,offcore_response.all_requests.llc_miss.any_response,66188514,100.00,,
     4.408486075,7245864,,offcore_response.all_requests.llc_hit.any_response,66981510,100.00,,
     4.408486075,115503,,offcore_response.all_requests.llc_miss.any_response,66982408,100.00,,
     4.508684252,7283368,,offcore_response.all_requests.llc_hit.any_response,66041213,100.00,,
     4.508684252,115449,,offcore_response.all_requests.llc_miss.any_response,66019809,100.00,,
     4.608876408,7263040,,offcore_response.all_requests.llc_hit.any_response,66105684,100.00,,
     4.608876408,114654,,offcore_response.all_requests.llc_miss.any_response,66121633,100.00,,
     4.709069767,7397994,,offcore_response.all_requests.llc_hit.any_response,66979141,100.00,,
     4.709069767,116168,,offcore_response.all_requests.llc_miss.any_response,66984205,100.00,,
     4.809266544,7250909,,offcore_response.all_requests.llc_hit.any_response,66302382,100.00,,
     4.809266544,116539,,offcore_response.all_requests.llc_miss.any_response,66302615,100.00,,
     4.909463398,7302601,,offcore_response.all_requests.llc_hit.any_response,68102102,100.00,,
     4.909463398,116913,,offcore_response.all_requests.llc_miss.any_response,68101566,100.00,,
     5.009661576,7144851,,offcore_response.all_requests.llc_hit.any_response,66268430,100.00,,
     5.009661576,113352,,offcore_response.all_requests.llc_miss.any_response,66269051,100.00,,
     5.109857762,7188111,,offcore_response.all_requests.llc_hit.any_response,66006798,100.00,,
     5.109857762,114525,,offcore_response.all_requests.llc_miss.any_response,66006683,100.00,,
     5.210053209,7237920,,offcore_response.all_requests.llc_hit.any_response,68119182,100.00,,
     5.210053209,116224,,offcore_response.all_requests.llc_miss.any_response,68103771,100.00,,
     5.310247242,7251571,,offcore_response.all_requests.llc_hit.any_response,66267882,100.00,,
     5.310247242,115182,,offcore_response.all_requests.llc_miss.any_response,66262077,100.00,,
     5.410435229,7103373,,offcore_response.all_requests.llc_hit.any_response,66701237,100.00,,
     5.410435229,115227,,offcore_response.all_requests.llc_miss.any_response,66701237,100.00,,
     5.510624312,7128449,,offcore_response.all_requests.llc_hit.any_response,66120391,100.00,,
     5.510624312,114354,,offcore_response.all_requests.llc_miss.any_response,66137050,100.00,,
     5.610815973,7187469,,offcore_response.all_requests.llc_hit.any_response,66712314,100.00,,
     5.610815973,114864,,offcore_response.all_requests.llc_miss.any_response,66705483,100.00,,
     5.711008715,7163307,,offcore_response.all_requests.llc_hit.any_response,66883236,100.00,,
     5.711008715,115695,,offcore_response.all_requests.llc_miss.any_response,66894289,100.00,,
     5.811203173,7137210,,offcore_response.all_requests.llc_hit.any_response,66103148,100.00,,
     5.811203173,114309,,offcore_response.all_requests.llc_miss.any_response,66103530,100.00,,
     5.911397444,7330764,,offcore_response.all_requests.llc_hit.any_response,66640351,100.00,,
     5.911397444,115466,,offcore_response.all_requests.llc_miss.any_response,66639791,100.00,,
     6.011620717,7095859,,offcore_response.all_requests.llc_hit.any_response,66546782,100.00,,
     6.011620717,114099,,offcore_response.all_requests.llc_miss.any_response,66548424,100.00,,
     6.111818362,7228756,,offcore_response.all_requests.llc_hit.any_response,66586464,100.00,,
     6.111818362,115243,,offcore_response.all_requests.llc_miss.any_response,66584695,100.00,,
     6.212011645,7126688,,offcore_response.all_requests.llc_hit.any_response,65266602,100.00,,
     6.212011645,115262,,offcore_response.all_requests.llc_miss.any_response,65264151,100.00,,
     6.312207275,7288638,,offcore_response.all_requests.llc_hit.any_response,66833140,100.00,,
     6.312207275,116624,,offcore_response.all_requests.llc_miss.any_response,66831883,100.00,,
     6.412402829,6997711,,offcore_response.all_requests.llc_hit.any_response,65971917,100.00,,
     6.412402829,114128,,offcore_response.all_requests.llc_miss.any_response,65976133,100.00,,
     6.512598949,7397628,,offcore_response.all_requests.llc_hit.any_response,68028154,100.00,,
     6.512598949,116809,,offcore_response.all_requests.llc_miss.any_response,68027573,100.00,,
     6.612824195,7085442,,offcore_response.all_requests.llc_hit.any_response,65498434,100.00,,
     6.612824195,113925,,offcore_response.all_requests.llc_miss.any_response,65477931,100.00,,
     6.713015058,7246321,,offcore_response.all_requests.llc_hit.any_response,67427315,100.00,,
     6.713015058,115678,,offcore_response.all_requests.llc_miss.any_response,67448260,100.00,,
     6.813211778,7112235,,offcore_response.all_requests.llc_hit.any_response,66459036,100.00,,
     6.813211778,114555,,offcore_response.all_requests.llc_miss.any_response,66459128,100.00,,
     6.913406501,7256929,,offcore_response.all_requests.llc_hit.any_response,66653014,100.00,,
     6.913406501,116416,,offcore_response.all_requests.llc_miss.any_response,66652780,100.00,,
     7.013601464,7134218,,offcore_response.all_requests.llc_hit.any_response,66211712,100.00,,
     7.013601464,115535,,offcore_response.all_requests.llc_miss.any_response,66212153,100.00,,
     7.113797315,7385435,,offcore_response.all_requests.llc_hit.any_response,67764580,100.00,,
     7.113797315,115721,,offcore_response.all_requests.llc_miss.any_response,67763886,100.00,,
     7.213992392,7228117,,offcore_response.all_requests.llc_hit.any_response,66705314,100.00,,
     7.213992392,114289,,offcore_response.all_requests.llc_miss.any_response,66706091,100.00,,
     7.314190436,7345518,,offcore_response.all_requests.llc_hit.any_response,67336870,100.00,,
     7.314190436,115708,,offcore_response.all_requests.llc_miss.any_response,67320623,100.00,,
     7.414383043,7271359,,offcore_response.all_requests.llc_hit.any_response,66281738,100.00,,
     7.414383043,116290,,offcore_response.all_requests.llc_miss.any_response,66289962,100.00,,
     7.514578272,7057102,,offcore_response.all_requests.llc_hit.any_response,66590602,100.00,,
     7.514578272,115718,,offcore_response.all_requests.llc_miss.any_response,66598025,100.00,,
     7.614773910,7109672,,offcore_response.all_requests.llc_hit.any_response,65556476,100.00,,
     7.614773910,114643,,offcore_response.all_requests.llc_miss.any_response,65556996,100.00,,
     7.714971482,7396013,,offcore_response.all_requests.llc_hit.any_response,67096265,100.00,,
     7.714971482,115376,,offcore_response.all_requests.llc_miss.any_response,67096147,100.00,,
     7.815165192,7283803,,offcore_response.all_requests.llc_hit.any_response,66725657,100.00,,
     7.815165192,114658,,offcore_response.all_requests.llc_miss.any_response,66722604,100.00,,
     7.915356944,7303693,,offcore_response.all_requests.llc_hit.any_response,67082496,100.00,,
     7.915356944,116583,,offcore_response.all_requests.llc_miss.any_response,67064420,100.00,,
     8.015545558,7146033,,offcore_response.all_requests.llc_hit.any_response,65845958,100.00,,
     8.015545558,115074,,offcore_response.all_requests.llc_miss.any_response,65867214,100.00,,
     8.115739726,7174533,,offcore_response.all_requests.llc_hit.any_response,66278220,100.00,,
     8.115739726,115654,,offcore_response.all_requests.llc_miss.any_response,66278205,100.00,,
     8.215935625,7242358,,offcore_response.all_requests.llc_hit.any_response,66996089,100.00,,
     8.215935625,113407,,offcore_response.all_requests.llc_miss.any_response,66993463,100.00,,
     8.316131389,7035519,,offcore_response.all_requests.llc_hit.any_response,65223223,100.00,,
     8.316131389,114774,,offcore_response.all_requests.llc_miss.any_response,65217537,100.00,,
     8.416323669,7127784,,offcore_response.all_requests.llc_hit.any_response,66858693,100.00,,
     8.416323669,116250,,offcore_response.all_requests.llc_miss.any_response,66858455,100.00,,
     8.516517993,7123513,,offcore_response.all_requests.llc_hit.any_response,65724376,100.00,,
     8.516517993,114793,,offcore_response.all_requests.llc_miss.any_response,65732240,100.00,,
     8.616712315,7486822,,offcore_response.all_requests.llc_hit.any_response,67499408,100.00,,
     8.616712315,114370,,offcore_response.all_requests.llc_miss.any_response,67500409,100.00,,
     8.716908975,7134876,,offcore_response.all_requests.llc_hit.any_response,65902905,100.00,,
     8.716908975,116606,,offcore_response.all_requests.llc_miss.any_response,65902547,100.00,,
     8.817121679,7218794,,offcore_response.all_requests.llc_hit.any_response,66291917,100.00,,
     8.817121679,116077,,offcore_response.all_requests.llc_miss.any_response,66291941,100.00,,
     8.917317924,6960568,,offcore_response.all_requests.llc_hit.any_response,65072368,100.00,,
     8.917317924,113600,,offcore_response.all_requests.llc_miss.any_response,65051146,100.00,,
     9.017505577,7287700,,offcore_response.all_requests.llc_hit.any_response,67251631,100.00,,
     9.017505577,116865,,offcore_response.all_requests.llc_miss.any_response,67251631,100.00,,
     9.117696858,7337039,,offcore_response.all_requests.llc_hit.any_response,67737865,100.00,,
     9.117696858,115897,,offcore_response.all_requests.llc_miss.any_response,67758522,100.00,,
     9.217890293,7337497,,offcore_response.all_requests.llc_hit.any_response,67268665,100.00,,
     9.217890293,116781,,offcore_response.all_requests.llc_miss.any_response,67248008,100.00,,
     9.318080284,6954750,,offcore_response.all_requests.llc_hit.any_response,66069020,100.00,,
     9.318080284,115034,,offcore_response.all_requests.llc_miss.any_response,66083891,100.00,,
     9.418272317,7364505,,offcore_response.all_requests.llc_hit.any_response,66451232,100.00,,
     9.418272317,113745,,offcore_response.all_requests.llc_miss.any_response,66457673,100.00,,
     9.518468854,7125662,,offcore_response.all_requests.llc_hit.any_response,68360167,100.00,,
     9.518468854,116099,,offcore_response.all_requests.llc_miss.any_response,68359464,100.00,,
     9.618662179,7145226,,offcore_response.all_requests.llc_hit.any_response,66578269,100.00,,
     9.618662179,115952,,offcore_response.all_requests.llc_miss.any_response,66557660,100.00,,
     9.718851833,7106422,,offcore_response.all_requests.llc_hit.any_response,66689316,100.00,,
     9.718851833,113970,,offcore_response.all_requests.llc_miss.any_response,66689316,100.00,,
     9.819040684,7276070,,offcore_response.all_requests.llc_hit.any_response,66539099,100.00,,
     9.819040684,115150,,offcore_response.all_requests.llc_miss.any_response,66539099,100.00,,
     9.919229297,7199127,,offcore_response.all_requests.llc_hit.any_response,66722162,100.00,,
     9.919229297,115360,,offcore_response.all_requests.llc_miss.any_response,66722162,100.00,,
    10.019422946,7042881,,offcore_response.all_requests.llc_hit.any_response,65317107,100.00,,
    10.019422946,114864,,offcore_response.all_requests.llc_miss.any_response,65317107,100.00,,
    10.119650748,7162400,,offcore_response.all_requests.llc_hit.any_response,65854807,100.00,,
    10.119650748,114385,,offcore_response.all_requests.llc_miss.any_response,65862185,100.00,,
    10.219842887,7244535,,offcore_response.all_requests.llc_hit.any_response,66611934,100.00,,
    10.219842887,116560,,offcore_response.all_requests.llc_miss.any_response,66625720,100.00,,
    10.320042110,7216297,,offcore_response.all_requests.llc_hit.any_response,65454610,100.00,,
    10.320042110,113644,,offcore_response.all_requests.llc_miss.any_response,65454115,100.00,,
    10.420236802,7152238,,offcore_response.all_requests.llc_hit.any_response,66391390,100.00,,
    10.420236802,115386,,offcore_response.all_requests.llc_miss.any_response,66377341,100.00,,
    10.520428457,7208704,,offcore_response.all_requests.llc_hit.any_response,66716481,100.00,,
    10.520428457,116280,,offcore_response.all_requests.llc_miss.any_response,66730399,100.00,,
    10.620623208,7100511,,offcore_response.all_requests.llc_hit.any_response,65633408,100.00,,
    10.620623208,113948,,offcore_response.all_requests.llc_miss.any_response,65612870,100.00,,
    10.720812696,7394610,,offcore_response.all_requests.llc_hit.any_response,67595408,100.00,,
    10.720812696,116506,,offcore_response.all_requests.llc_miss.any_response,67616763,100.00,,
    10.821009319,7222548,,offcore_response.all_requests.llc_hit.any_response,65924929,100.00,,
    10.821009319,115593,,offcore_response.all_requests.llc_miss.any_response,65924972,100.00,,
    10.921226139,7251569,,offcore_response.all_requests.llc_hit.any_response,66422862,100.00,,
    10.921226139,114663,,offcore_response.all_requests.llc_miss.any_response,66422013,100.00,,
    11.021418552,7324828,,offcore_response.all_requests.llc_hit.any_response,67846031,100.00,,
    11.021418552,114383,,offcore_response.all_requests.llc_miss.any_response,67847027,100.00,,
