# started on Mon May  1 15:49:36 2023

     0.100160011,29785131,,inst_retired.any,41663636,100.00,121.7,IpMispredict
     0.100160011,244757,,br_misp_retired.all_branches,41663636,100.00,,
     0.200407898,30483825,,inst_retired.any,42422501,100.00,127.7,IpMispredict
     0.200407898,232541,,br_misp_retired.all_branches,42422501,100.00,,
     0.300605813,30358540,,inst_retired.any,42589914,100.00,125.3,IpMispredict
     0.300605813,249368,,br_misp_retired.all_branches,42589914,100.00,,
     0.400798256,29894813,,inst_retired.any,41164680,100.00,123.0,IpMispredict
     0.400798256,245678,,br_misp_retired.all_branches,41164680,100.00,,
     0.500984110,29939640,,inst_retired.any,40986242,100.00,123.7,IpMispredict
     0.500984110,237819,,br_misp_retired.all_branches,40986242,100.00,,
     0.601174348,31006685,,inst_retired.any,43840191,100.00,127.0,IpMispredict
     0.601174348,255139,,br_misp_retired.all_branches,43840191,100.00,,
     0.701361441,30305044,,inst_retired.any,43055206,100.00,123.8,IpMispredict
     0.701361441,248565,,br_misp_retired.all_branches,43055206,100.00,,
     0.801547836,30167282,,inst_retired.any,41553020,100.00,123.5,IpMispredict
     0.801547836,241029,,br_misp_retired.all_branches,41553020,100.00,,
     0.901733036,30045074,,inst_retired.any,41739033,100.00,123.8,IpMispredict
     0.901733036,230149,,br_misp_retired.all_branches,41739033,100.00,,
     1.001924807,29963945,,inst_retired.any,41337984,100.00,124.0,IpMispredict
     1.001924807,232036,,br_misp_retired.all_branches,41337984,100.00,,
     1.102115837,30022818,,inst_retired.any,41174414,100.00,123.8,IpMispredict
     1.102115837,249659,,br_misp_retired.all_branches,41174414,100.00,,
     1.202302175,30590349,,inst_retired.any,42517588,100.00,126.4,IpMispredict
     1.202302175,236274,,br_misp_retired.all_branches,42517588,100.00,,
     1.302492479,30259872,,inst_retired.any,42490112,100.00,125.0,IpMispredict
     1.302492479,243373,,br_misp_retired.all_branches,42490112,100.00,,
     1.402683819,29851973,,inst_retired.any,40736768,100.00,124.4,IpMispredict
     1.402683819,213601,,br_misp_retired.all_branches,40736768,100.00,,
     1.502873606,30229497,,inst_retired.any,41238541,100.00,126.4,IpMispredict
     1.502873606,227202,,br_misp_retired.all_branches,41238541,100.00,,
     1.603064561,30156524,,inst_retired.any,41284658,100.00,126.1,IpMispredict
     1.603064561,239931,,br_misp_retired.all_branches,41284658,100.00,,
     1.703254394,30121014,,inst_retired.any,42213029,100.00,125.8,IpMispredict
     1.703254394,244070,,br_misp_retired.all_branches,42213029,100.00,,
     1.803442052,30216561,,inst_retired.any,41360997,100.00,125.9,IpMispredict
     1.803442052,247475,,br_misp_retired.all_branches,41360997,100.00,,
     1.903630943,30029563,,inst_retired.any,42202793,100.00,125.0,IpMispredict
     1.903630943,246589,,br_misp_retired.all_branches,42202793,100.00,,
     2.003831366,30322463,,inst_retired.any,42121316,100.00,126.1,IpMispredict
     2.003831366,243967,,br_misp_retired.all_branches,42121316,100.00,,
     2.104019482,29982205,,inst_retired.any,42556388,100.00,124.5,IpMispredict
     2.104019482,248744,,br_misp_retired.all_branches,42556388,100.00,,
     2.204210896,30104603,,inst_retired.any,41584250,100.00,125.1,IpMispredict
     2.204210896,234478,,br_misp_retired.all_branches,41584250,100.00,,
     2.304397621,30443998,,inst_retired.any,42759524,100.00,126.4,IpMispredict
     2.304397621,246575,,br_misp_retired.all_branches,42759524,100.00,,
     2.404588056,29927430,,inst_retired.any,41611408,100.00,124.4,IpMispredict
     2.404588056,233585,,br_misp_retired.all_branches,41611408,100.00,,
     2.504773318,29955714,,inst_retired.any,41226828,100.00,124.7,IpMispredict
     2.504773318,230663,,br_misp_retired.all_branches,41226828,100.00,,
     2.604958683,30214904,,inst_retired.any,42859662,100.00,125.2,IpMispredict
     2.604958683,272292,,br_misp_retired.all_branches,42859662,100.00,,
     2.705144640,30148583,,inst_retired.any,40580850,100.00,125.2,IpMispredict
     2.705144640,228725,,br_misp_retired.all_branches,40580850,100.00,,
     2.805353577,29991290,,inst_retired.any,41302243,100.00,124.5,IpMispredict
     2.805353577,240476,,br_misp_retired.all_branches,41302243,100.00,,
     2.905542642,30322016,,inst_retired.any,41897978,100.00,126.2,IpMispredict
     2.905542642,223346,,br_misp_retired.all_branches,41897978,100.00,,
     3.005729060,30081965,,inst_retired.any,42609807,100.00,124.8,IpMispredict
     3.005729060,263154,,br_misp_retired.all_branches,42609807,100.00,,
     3.105915177,30544024,,inst_retired.any,42496768,100.00,126.7,IpMispredict
     3.105915177,243102,,br_misp_retired.all_branches,42496768,100.00,,
     3.206105327,29807158,,inst_retired.any,40505698,100.00,124.0,IpMispredict
     3.206105327,216171,,br_misp_retired.all_branches,40505698,100.00,,
     3.306294220,30349261,,inst_retired.any,42772347,100.00,126.1,IpMispredict
     3.306294220,253974,,br_misp_retired.all_branches,42772347,100.00,,
     3.406485356,29917329,,inst_retired.any,42142883,100.00,124.2,IpMispredict
     3.406485356,247537,,br_misp_retired.all_branches,42142883,100.00,,
     3.506676596,30132439,,inst_retired.any,41775032,100.00,125.1,IpMispredict
     3.506676596,240535,,br_misp_retired.all_branches,41775032,100.00,,
     3.606862184,30336673,,inst_retired.any,41318831,100.00,126.1,IpMispredict
     3.606862184,226962,,br_misp_retired.all_branches,41318831,100.00,,
     3.707047972,30068296,,inst_retired.any,40997689,100.00,125.1,IpMispredict
     3.707047972,236908,,br_misp_retired.all_branches,40997689,100.00,,
     3.807235261,29900121,,inst_retired.any,40843538,100.00,124.4,IpMispredict
     3.807235261,237730,,br_misp_retired.all_branches,40843538,100.00,,
     3.907424779,30330283,,inst_retired.any,41594995,100.00,126.0,IpMispredict
     3.907424779,252851,,br_misp_retired.all_branches,41594995,100.00,,
     4.007615234,30139782,,inst_retired.any,41198345,100.00,125.3,IpMispredict
     4.007615234,231707,,br_misp_retired.all_branches,41198345,100.00,,
     4.107815657,30258261,,inst_retired.any,42131119,100.00,125.7,IpMispredict
     4.107815657,247919,,br_misp_retired.all_branches,42131119,100.00,,
     4.208005894,30193031,,inst_retired.any,42083217,100.00,125.4,IpMispredict
     4.208005894,248967,,br_misp_retired.all_branches,42083217,100.00,,
     4.308192077,29940328,,inst_retired.any,42155698,100.00,124.4,IpMispredict
     4.308192077,233925,,br_misp_retired.all_branches,42155698,100.00,,
     4.408382795,30300809,,inst_retired.any,41976091,100.00,125.7,IpMispredict
     4.408382795,255589,,br_misp_retired.all_branches,41976091,100.00,,
     4.508573970,30162032,,inst_retired.any,41876520,100.00,125.4,IpMispredict
     4.508573970,219263,,br_misp_retired.all_branches,41876520,100.00,,
     4.608761404,29695214,,inst_retired.any,38456488,100.00,123.5,IpMispredict
     4.608761404,232343,,br_misp_retired.all_branches,38456488,100.00,,
     4.708950852,30090557,,inst_retired.any,41887180,100.00,125.3,IpMispredict
     4.708950852,232115,,br_misp_retired.all_branches,41887180,100.00,,
     4.809135506,30357910,,inst_retired.any,41953163,100.00,126.4,IpMispredict
     4.809135506,237464,,br_misp_retired.all_branches,41953163,100.00,,
     4.909322732,30409297,,inst_retired.any,42554033,100.00,126.4,IpMispredict
     4.909322732,263751,,br_misp_retired.all_branches,42554033,100.00,,
     5.009519122,30228974,,inst_retired.any,40112094,100.00,125.6,IpMispredict
     5.009519122,245931,,br_misp_retired.all_branches,40112094,100.00,,
     5.109703699,29912599,,inst_retired.any,40504492,100.00,124.4,IpMispredict
     5.109703699,227702,,br_misp_retired.all_branches,40504492,100.00,,
     5.209888402,30153347,,inst_retired.any,42068625,100.00,125.4,IpMispredict
     5.209888402,243552,,br_misp_retired.all_branches,42068625,100.00,,
     5.310078698,30323688,,inst_retired.any,41915147,100.00,126.0,IpMispredict
     5.310078698,248964,,br_misp_retired.all_branches,41915147,100.00,,
     5.410270649,30039848,,inst_retired.any,42596787,100.00,124.7,IpMispredict
     5.410270649,255574,,br_misp_retired.all_branches,42596787,100.00,,
     5.510477310,29973590,,inst_retired.any,41931298,100.00,124.4,IpMispredict
     5.510477310,244679,,br_misp_retired.all_branches,41931298,100.00,,
     5.610667399,30829355,,inst_retired.any,41964306,100.00,128.0,IpMispredict
     5.610667399,231031,,br_misp_retired.all_branches,41964306,100.00,,
     5.710856363,29971716,,inst_retired.any,42534268,100.00,124.3,IpMispredict
     5.710856363,254062,,br_misp_retired.all_branches,42534268,100.00,,
     5.811045409,29961289,,inst_retired.any,41887488,100.00,124.3,IpMispredict
     5.811045409,240285,,br_misp_retired.all_branches,41887488,100.00,,
     5.911234940,30585637,,inst_retired.any,42117626,100.00,126.9,IpMispredict
     5.911234940,241552,,br_misp_retired.all_branches,42117626,100.00,,
     6.011420987,29929537,,inst_retired.any,41002221,100.00,124.3,IpMispredict
     6.011420987,229342,,br_misp_retired.all_branches,41002221,100.00,,
     6.111607882,30314618,,inst_retired.any,41733503,100.00,126.0,IpMispredict
     6.111607882,219938,,br_misp_retired.all_branches,41733503,100.00,,
     6.211821078,30238095,,inst_retired.any,42254927,100.00,125.8,IpMispredict
     6.211821078,224738,,br_misp_retired.all_branches,42254927,100.00,,
     6.312007766,29890516,,inst_retired.any,40087921,100.00,124.3,IpMispredict
     6.312007766,249542,,br_misp_retired.all_branches,40087921,100.00,,
     6.412195219,30135311,,inst_retired.any,42908716,100.00,125.1,IpMispredict
     6.412195219,264301,,br_misp_retired.all_branches,42908716,100.00,,
     6.512386427,30265251,,inst_retired.any,42137383,100.00,125.6,IpMispredict
     6.512386427,245841,,br_misp_retired.all_branches,42137383,100.00,,
     6.612573706,29908681,,inst_retired.any,40603999,100.00,124.2,IpMispredict
     6.612573706,230120,,br_misp_retired.all_branches,40603999,100.00,,
     6.712760159,30274905,,inst_retired.any,41625097,100.00,125.8,IpMispredict
     6.712760159,233109,,br_misp_retired.all_branches,41625097,100.00,,
     6.812954005,29980826,,inst_retired.any,42287033,100.00,124.7,IpMispredict
     6.812954005,232708,,br_misp_retired.all_branches,42287033,100.00,,
     6.913141039,30092946,,inst_retired.any,41635460,100.00,125.0,IpMispredict
     6.913141039,262267,,br_misp_retired.all_branches,41635460,100.00,,
     7.013331273,30259500,,inst_retired.any,41934749,100.00,125.7,IpMispredict
     7.013331273,232057,,br_misp_retired.all_branches,41934749,100.00,,
     7.113515376,30284091,,inst_retired.any,41076600,100.00,125.8,IpMispredict
     7.113515376,240658,,br_misp_retired.all_branches,41076600,100.00,,
     7.213704847,30208120,,inst_retired.any,41080336,100.00,125.6,IpMispredict
     7.213704847,227972,,br_misp_retired.all_branches,41080336,100.00,,
     7.313890209,29919884,,inst_retired.any,41842194,100.00,124.3,IpMispredict
     7.313890209,254807,,br_misp_retired.all_branches,41842194,100.00,,
     7.414077207,30298453,,inst_retired.any,41844989,100.00,125.9,IpMispredict
     7.414077207,230609,,br_misp_retired.all_branches,41844989,100.00,,
     7.514265956,30149706,,inst_retired.any,40713868,100.00,125.3,IpMispredict
     7.514265956,244236,,br_misp_retired.all_branches,40713868,100.00,,
     7.614452586,29919633,,inst_retired.any,41197499,100.00,124.3,IpMispredict
     7.614452586,241130,,br_misp_retired.all_branches,41197499,100.00,,
     7.714643765,30185155,,inst_retired.any,40843731,100.00,125.6,IpMispredict
     7.714643765,225650,,br_misp_retired.all_branches,40843731,100.00,,
     7.814834047,30385803,,inst_retired.any,43028240,100.00,126.4,IpMispredict
     7.814834047,237522,,br_misp_retired.all_branches,43028240,100.00,,
     7.915018843,30070689,,inst_retired.any,40905504,100.00,125.1,IpMispredict
     7.915018843,233945,,br_misp_retired.all_branches,40905504,100.00,,
     8.015215064,30156780,,inst_retired.any,41443789,100.00,125.6,IpMispredict
     8.015215064,228784,,br_misp_retired.all_branches,41443789,100.00,,
     8.115401049,30105830,,inst_retired.any,42034544,100.00,125.3,IpMispredict
     8.115401049,251248,,br_misp_retired.all_branches,42034544,100.00,,
     8.215589397,30144082,,inst_retired.any,41986005,100.00,125.3,IpMispredict
     8.215589397,258281,,br_misp_retired.all_branches,41986005,100.00,,
     8.315810944,30139861,,inst_retired.any,40761999,100.00,125.4,IpMispredict
     8.315810944,230924,,br_misp_retired.all_branches,40761999,100.00,,
     8.415997628,30144845,,inst_retired.any,40641875,100.00,125.4,IpMispredict
     8.415997628,232529,,br_misp_retired.all_branches,40641875,100.00,,
     8.516187019,30319871,,inst_retired.any,41687127,100.00,126.2,IpMispredict
     8.516187019,243163,,br_misp_retired.all_branches,41687127,100.00,,
     8.616377037,30115099,,inst_retired.any,42301835,100.00,125.2,IpMispredict
     8.616377037,256548,,br_misp_retired.all_branches,42301835,100.00,,
     8.716562615,29953453,,inst_retired.any,41665954,100.00,124.5,IpMispredict
     8.716562615,247577,,br_misp_retired.all_branches,41665954,100.00,,
     8.816751294,30325427,,inst_retired.any,41194476,100.00,126.1,IpMispredict
     8.816751294,235753,,br_misp_retired.all_branches,41194476,100.00,,
     8.916938612,29685292,,inst_retired.any,42003056,100.00,123.4,IpMispredict
     8.916938612,249088,,br_misp_retired.all_branches,42003056,100.00,,
     9.017128654,30515571,,inst_retired.any,42878506,100.00,126.7,IpMispredict
     9.017128654,255478,,br_misp_retired.all_branches,42878506,100.00,,
     9.117314618,30320219,,inst_retired.any,42769428,100.00,125.8,IpMispredict
     9.117314618,259467,,br_misp_retired.all_branches,42769428,100.00,,
     9.217505419,29711395,,inst_retired.any,39678774,100.00,123.4,IpMispredict
     9.217505419,215683,,br_misp_retired.all_branches,39678774,100.00,,
     9.317690867,30005179,,inst_retired.any,41305809,100.00,124.6,IpMispredict
     9.317690867,242239,,br_misp_retired.all_branches,41305809,100.00,,
     9.417883414,30543011,,inst_retired.any,43191225,100.00,126.8,IpMispredict
     9.417883414,255464,,br_misp_retired.all_branches,43191225,100.00,,
     9.518070564,30082421,,inst_retired.any,42138934,100.00,124.9,IpMispredict
     9.518070564,235312,,br_misp_retired.all_branches,42138934,100.00,,
     9.618263991,29847916,,inst_retired.any,40647504,100.00,124.0,IpMispredict
     9.618263991,234812,,br_misp_retired.all_branches,40647504,100.00,,
     9.718453278,30163353,,inst_retired.any,40573407,100.00,125.3,IpMispredict
     9.718453278,228782,,br_misp_retired.all_branches,40573407,100.00,,
     9.818642810,30377139,,inst_retired.any,42034031,100.00,126.2,IpMispredict
     9.818642810,248459,,br_misp_retired.all_branches,42034031,100.00,,
     9.918826615,30089732,,inst_retired.any,41996571,100.00,125.0,IpMispredict
     9.918826615,245132,,br_misp_retired.all_branches,41996571,100.00,,
    10.019021738,30101643,,inst_retired.any,42037565,100.00,124.9,IpMispredict
    10.019021738,267488,,br_misp_retired.all_branches,42037565,100.00,,
    10.119210586,30249070,,inst_retired.any,42340095,100.00,125.4,IpMispredict
    10.119210586,251641,,br_misp_retired.all_branches,42340095,100.00,,
    10.219401947,30170647,,inst_retired.any,42540626,100.00,125.0,IpMispredict
    10.219401947,253458,,br_misp_retired.all_branches,42540626,100.00,,
    10.319588807,30202768,,inst_retired.any,42574289,100.00,125.2,IpMispredict
    10.319588807,238763,,br_misp_retired.all_branches,42574289,100.00,,
    10.419807117,29866919,,inst_retired.any,38214411,100.00,123.9,IpMispredict
    10.419807117,229694,,br_misp_retired.all_branches,38214411,100.00,,
    10.520012818,30804258,,inst_retired.any,43015178,100.00,127.6,IpMispredict
    10.520012818,260621,,br_misp_retired.all_branches,43015178,100.00,,
    10.620197842,30138375,,inst_retired.any,41125164,100.00,125.0,IpMispredict
    10.620197842,223778,,br_misp_retired.all_branches,41125164,100.00,,
    10.720385063,30336833,,inst_retired.any,42664368,100.00,125.7,IpMispredict
    10.720385063,262764,,br_misp_retired.all_branches,42664368,100.00,,
    10.820572069,29907901,,inst_retired.any,41372996,100.00,123.9,IpMispredict
    10.820572069,233913,,br_misp_retired.all_branches,41372996,100.00,,
    10.920765379,29879362,,inst_retired.any,41086111,100.00,123.8,IpMispredict
    10.920765379,240315,,br_misp_retired.all_branches,41086111,100.00,,
    11.020971003,30412965,,inst_retired.any,42289070,100.00,126.0,IpMispredict
    11.020971003,243171,,br_misp_retired.all_branches,42289070,100.00,,
