# started on Mon May  1 15:51:49 2023

     0.100149010,5809858,,offcore_response.all_requests.llc_hit.any_response,50303621,100.00,,
     0.100149010,79842,,offcore_response.all_requests.llc_miss.any_response,50296509,100.00,,
     0.200346380,5801721,,offcore_response.all_requests.llc_hit.any_response,50377776,100.00,,
     0.200346380,79558,,offcore_response.all_requests.llc_miss.any_response,50381042,100.00,,
     0.300543651,5810595,,offcore_response.all_requests.llc_hit.any_response,50283034,100.00,,
     0.300543651,78277,,offcore_response.all_requests.llc_miss.any_response,50285568,100.00,,
     0.400739459,5798547,,offcore_response.all_requests.llc_hit.any_response,50411294,100.00,,
     0.400739459,77037,,offcore_response.all_requests.llc_miss.any_response,50412026,100.00,,
     0.500937843,5807451,,offcore_response.all_requests.llc_hit.any_response,50407798,100.00,,
     0.500937843,77300,,offcore_response.all_requests.llc_miss.any_response,50407104,100.00,,
     0.601133009,5804453,,offcore_response.all_requests.llc_hit.any_response,50277458,100.00,,
     0.601133009,76665,,offcore_response.all_requests.llc_miss.any_response,50256850,100.00,,
     0.701323431,5792958,,offcore_response.all_requests.llc_hit.any_response,50362854,100.00,,
     0.701323431,76772,,offcore_response.all_requests.llc_miss.any_response,50383347,100.00,,
     0.801517237,5766709,,offcore_response.all_requests.llc_hit.any_response,50024466,100.00,,
     0.801517237,76648,,offcore_response.all_requests.llc_miss.any_response,50003973,100.00,,
     0.901706082,5763279,,offcore_response.all_requests.llc_hit.any_response,50062468,100.00,,
     0.901706082,76627,,offcore_response.all_requests.llc_miss.any_response,50062468,100.00,,
     1.001893670,5770797,,offcore_response.all_requests.llc_hit.any_response,50171571,100.00,,
     1.001893670,76740,,offcore_response.all_requests.llc_miss.any_response,50192795,100.00,,
     1.102089064,5806888,,offcore_response.all_requests.llc_hit.any_response,50361316,100.00,,
     1.102089064,76979,,offcore_response.all_requests.llc_miss.any_response,50361175,100.00,,
     1.202285519,5781778,,offcore_response.all_requests.llc_hit.any_response,50146607,100.00,,
     1.202285519,76477,,offcore_response.all_requests.llc_miss.any_response,50125524,100.00,,
     1.302475035,5755674,,offcore_response.all_requests.llc_hit.any_response,49902528,100.00,,
     1.302475035,76311,,offcore_response.all_requests.llc_miss.any_response,49902528,100.00,,
     1.402664638,5771505,,offcore_response.all_requests.llc_hit.any_response,50321953,100.00,,
     1.402664638,76186,,offcore_response.all_requests.llc_miss.any_response,50321953,100.00,,
     1.502853670,5786685,,offcore_response.all_requests.llc_hit.any_response,50212522,100.00,,
     1.502853670,76908,,offcore_response.all_requests.llc_miss.any_response,50228296,100.00,,
     1.603044239,5803143,,offcore_response.all_requests.llc_hit.any_response,50402471,100.00,,
     1.603044239,76975,,offcore_response.all_requests.llc_miss.any_response,50407795,100.00,,
     1.703239592,5770800,,offcore_response.all_requests.llc_hit.any_response,49982441,100.00,,
     1.703239592,76170,,offcore_response.all_requests.llc_miss.any_response,49961343,100.00,,
     1.803427040,5791535,,offcore_response.all_requests.llc_hit.any_response,50060719,100.00,,
     1.803427040,75957,,offcore_response.all_requests.llc_miss.any_response,50060719,100.00,,
     1.903620194,5799367,,offcore_response.all_requests.llc_hit.any_response,50299637,100.00,,
     1.903620194,76315,,offcore_response.all_requests.llc_miss.any_response,50318379,100.00,,
     2.003843759,5838805,,offcore_response.all_requests.llc_hit.any_response,50484416,100.00,,
     2.003843759,76919,,offcore_response.all_requests.llc_miss.any_response,50487071,100.00,,
     2.104038594,5807607,,offcore_response.all_requests.llc_hit.any_response,50318752,100.00,,
     2.104038594,76900,,offcore_response.all_requests.llc_miss.any_response,50307371,100.00,,
     2.204230375,5792798,,offcore_response.all_requests.llc_hit.any_response,50224463,100.00,,
     2.204230375,76471,,offcore_response.all_requests.llc_miss.any_response,50214447,100.00,,
     2.304442080,5782393,,offcore_response.all_requests.llc_hit.any_response,50163070,100.00,,
     2.304442080,76739,,offcore_response.all_requests.llc_miss.any_response,50172521,100.00,,
     2.404634526,5785016,,offcore_response.all_requests.llc_hit.any_response,50285501,100.00,,
     2.404634526,77101,,offcore_response.all_requests.llc_miss.any_response,50282063,100.00,,
     2.504827206,5810138,,offcore_response.all_requests.llc_hit.any_response,50473544,100.00,,
     2.504827206,77383,,offcore_response.all_requests.llc_miss.any_response,50483881,100.00,,
     2.605018883,5724005,,offcore_response.all_requests.llc_hit.any_response,49789831,100.00,,
     2.605018883,75944,,offcore_response.all_requests.llc_miss.any_response,49773481,100.00,,
     2.705210066,5803916,,offcore_response.all_requests.llc_hit.any_response,50346198,100.00,,
     2.705210066,76769,,offcore_response.all_requests.llc_miss.any_response,50361279,100.00,,
     2.805404852,5809381,,offcore_response.all_requests.llc_hit.any_response,50327457,100.00,,
     2.805404852,77159,,offcore_response.all_requests.llc_miss.any_response,50333777,100.00,,
     2.905604691,5806304,,offcore_response.all_requests.llc_hit.any_response,50515138,100.00,,
     2.905604691,77018,,offcore_response.all_requests.llc_miss.any_response,50514285,100.00,,
     3.005802456,5789631,,offcore_response.all_requests.llc_hit.any_response,50456070,100.00,,
     3.005802456,77332,,offcore_response.all_requests.llc_miss.any_response,50448270,100.00,,
     3.105995220,5789540,,offcore_response.all_requests.llc_hit.any_response,50412942,100.00,,
     3.105995220,76708,,offcore_response.all_requests.llc_miss.any_response,50420986,100.00,,
     3.206189149,5809923,,offcore_response.all_requests.llc_hit.any_response,50506209,100.00,,
     3.206189149,76810,,offcore_response.all_requests.llc_miss.any_response,50493103,100.00,,
     3.306380626,5768183,,offcore_response.all_requests.llc_hit.any_response,50028996,100.00,,
     3.306380626,76372,,offcore_response.all_requests.llc_miss.any_response,50021310,100.00,,
     3.406569182,5784526,,offcore_response.all_requests.llc_hit.any_response,50353158,100.00,,
     3.406569182,77073,,offcore_response.all_requests.llc_miss.any_response,50353158,100.00,,
     3.506758709,5771565,,offcore_response.all_requests.llc_hit.any_response,50053540,100.00,,
     3.506758709,76539,,offcore_response.all_requests.llc_miss.any_response,50053540,100.00,,
     3.606946840,5776356,,offcore_response.all_requests.llc_hit.any_response,50102428,100.00,,
     3.606946840,76691,,offcore_response.all_requests.llc_miss.any_response,50123680,100.00,,
     3.707137145,5823706,,offcore_response.all_requests.llc_hit.any_response,50834007,100.00,,
     3.707137145,76692,,offcore_response.all_requests.llc_miss.any_response,50833159,100.00,,
     3.807331555,5836379,,offcore_response.all_requests.llc_hit.any_response,50500677,100.00,,
     3.807331555,77002,,offcore_response.all_requests.llc_miss.any_response,50501768,100.00,,
     3.907527970,5744841,,offcore_response.all_requests.llc_hit.any_response,49951076,100.00,,
     3.907527970,75861,,offcore_response.all_requests.llc_miss.any_response,49929581,100.00,,
     4.007716039,5798191,,offcore_response.all_requests.llc_hit.any_response,50299141,100.00,,
     4.007716039,76643,,offcore_response.all_requests.llc_miss.any_response,50320455,100.00,,
     4.107910810,5794958,,offcore_response.all_requests.llc_hit.any_response,50463083,100.00,,
     4.107910810,77184,,offcore_response.all_requests.llc_miss.any_response,50463395,100.00,,
     4.208105587,5771227,,offcore_response.all_requests.llc_hit.any_response,50151180,100.00,,
     4.208105587,76626,,offcore_response.all_requests.llc_miss.any_response,50129554,100.00,,
     4.308296630,5732891,,offcore_response.all_requests.llc_hit.any_response,49848627,100.00,,
     4.308296630,76272,,offcore_response.all_requests.llc_miss.any_response,49869265,100.00,,
     4.408490645,5810792,,offcore_response.all_requests.llc_hit.any_response,50513970,100.00,,
     4.408490645,76923,,offcore_response.all_requests.llc_miss.any_response,50514843,100.00,,
     4.508709299,5801295,,offcore_response.all_requests.llc_hit.any_response,50392388,100.00,,
     4.508709299,77081,,offcore_response.all_requests.llc_miss.any_response,50370877,100.00,,
     4.608898196,5730479,,offcore_response.all_requests.llc_hit.any_response,49816773,100.00,,
     4.608898196,75952,,offcore_response.all_requests.llc_miss.any_response,49821776,100.00,,
     4.709092353,5835534,,offcore_response.all_requests.llc_hit.any_response,50658475,100.00,,
     4.709092353,77015,,offcore_response.all_requests.llc_miss.any_response,50658448,100.00,,
     4.809288861,5798915,,offcore_response.all_requests.llc_hit.any_response,50381212,100.00,,
     4.809288861,76677,,offcore_response.all_requests.llc_miss.any_response,50376236,100.00,,
     4.909478352,5735597,,offcore_response.all_requests.llc_hit.any_response,49961472,100.00,,
     4.909478352,76102,,offcore_response.all_requests.llc_miss.any_response,49982053,100.00,,
     5.009674152,5816427,,offcore_response.all_requests.llc_hit.any_response,50639313,100.00,,
     5.009674152,76974,,offcore_response.all_requests.llc_miss.any_response,50640246,100.00,,
     5.109870467,5700113,,offcore_response.all_requests.llc_hit.any_response,49819047,100.00,,
     5.109870467,76111,,offcore_response.all_requests.llc_miss.any_response,49797533,100.00,,
     5.210061175,5788468,,offcore_response.all_requests.llc_hit.any_response,50392729,100.00,,
     5.210061175,76575,,offcore_response.all_requests.llc_miss.any_response,50410134,100.00,,
     5.310254663,5819906,,offcore_response.all_requests.llc_hit.any_response,50519543,100.00,,
     5.310254663,76953,,offcore_response.all_requests.llc_miss.any_response,50502138,100.00,,
     5.410446628,5720652,,offcore_response.all_requests.llc_hit.any_response,49850156,100.00,,
     5.410446628,76078,,offcore_response.all_requests.llc_miss.any_response,49850156,100.00,,
     5.510636667,5822234,,offcore_response.all_requests.llc_hit.any_response,50624390,100.00,,
     5.510636667,77296,,offcore_response.all_requests.llc_miss.any_response,50633675,100.00,,
     5.610829109,5759693,,offcore_response.all_requests.llc_hit.any_response,49993953,100.00,,
     5.610829109,76282,,offcore_response.all_requests.llc_miss.any_response,49984668,100.00,,
     5.711022220,5789361,,offcore_response.all_requests.llc_hit.any_response,50299754,100.00,,
     5.711022220,76358,,offcore_response.all_requests.llc_miss.any_response,50320337,100.00,,
     5.811215620,5808267,,offcore_response.all_requests.llc_hit.any_response,50522595,100.00,,
     5.811215620,76642,,offcore_response.all_requests.llc_miss.any_response,50511034,100.00,,
     5.911409040,5774046,,offcore_response.all_requests.llc_hit.any_response,50248114,100.00,,
     5.911409040,76704,,offcore_response.all_requests.llc_miss.any_response,50239092,100.00,,
     6.011598840,5738033,,offcore_response.all_requests.llc_hit.any_response,49961947,100.00,,
     6.011598840,76181,,offcore_response.all_requests.llc_miss.any_response,49983246,100.00,,
     6.111794352,5798012,,offcore_response.all_requests.llc_hit.any_response,50518563,100.00,,
     6.111794352,77215,,offcore_response.all_requests.llc_miss.any_response,50518214,100.00,,
     6.211989964,5785515,,offcore_response.all_requests.llc_hit.any_response,50212004,100.00,,
     6.211989964,76249,,offcore_response.all_requests.llc_miss.any_response,50191054,100.00,,
     6.312181187,5775642,,offcore_response.all_requests.llc_hit.any_response,50157500,100.00,,
     6.312181187,76398,,offcore_response.all_requests.llc_miss.any_response,50163866,100.00,,
     6.412373923,5811298,,offcore_response.all_requests.llc_hit.any_response,50688720,100.00,,
     6.412373923,76911,,offcore_response.all_requests.llc_miss.any_response,50703720,100.00,,
     6.512568783,5732055,,offcore_response.all_requests.llc_hit.any_response,49939448,100.00,,
     6.512568783,76156,,offcore_response.all_requests.llc_miss.any_response,49918082,100.00,,
     6.612776243,5797172,,offcore_response.all_requests.llc_hit.any_response,50325747,100.00,,
     6.612776243,76721,,offcore_response.all_requests.llc_miss.any_response,50341607,100.00,,
     6.712968953,5824534,,offcore_response.all_requests.llc_hit.any_response,50606056,100.00,,
     6.712968953,76854,,offcore_response.all_requests.llc_miss.any_response,50608762,100.00,,
     6.813163573,5803776,,offcore_response.all_requests.llc_hit.any_response,50467384,100.00,,
     6.813163573,76914,,offcore_response.all_requests.llc_miss.any_response,50448818,100.00,,
     6.913353485,5759542,,offcore_response.all_requests.llc_hit.any_response,50145262,100.00,,
     6.913353485,76129,,offcore_response.all_requests.llc_miss.any_response,50145262,100.00,,
     7.013545670,5772927,,offcore_response.all_requests.llc_hit.any_response,50260977,100.00,,
     7.013545670,76627,,offcore_response.all_requests.llc_miss.any_response,50266936,100.00,,
     7.113744923,5785277,,offcore_response.all_requests.llc_hit.any_response,50483106,100.00,,
     7.113744923,77007,,offcore_response.all_requests.llc_miss.any_response,50498196,100.00,,
     7.213941117,5756393,,offcore_response.all_requests.llc_hit.any_response,50199943,100.00,,
     7.213941117,76246,,offcore_response.all_requests.llc_miss.any_response,50178894,100.00,,
     7.314131625,5753038,,offcore_response.all_requests.llc_hit.any_response,49897099,100.00,,
     7.314131625,76049,,offcore_response.all_requests.llc_miss.any_response,49917511,100.00,,
     7.414326095,5796423,,offcore_response.all_requests.llc_hit.any_response,50467743,100.00,,
     7.414326095,76894,,offcore_response.all_requests.llc_miss.any_response,50468295,100.00,,
     7.514524881,5811693,,offcore_response.all_requests.llc_hit.any_response,50548419,100.00,,
     7.514524881,77088,,offcore_response.all_requests.llc_miss.any_response,50547903,100.00,,
     7.614719561,5753341,,offcore_response.all_requests.llc_hit.any_response,50053491,100.00,,
     7.614719561,76517,,offcore_response.all_requests.llc_miss.any_response,50033043,100.00,,
     7.714907167,5782923,,offcore_response.all_requests.llc_hit.any_response,50213374,100.00,,
     7.714907167,76448,,offcore_response.all_requests.llc_miss.any_response,50233915,100.00,,
     7.815102422,5810620,,offcore_response.all_requests.llc_hit.any_response,50520835,100.00,,
     7.815102422,76979,,offcore_response.all_requests.llc_miss.any_response,50503700,100.00,,
     7.915295746,5783908,,offcore_response.all_requests.llc_hit.any_response,50285862,100.00,,
     7.915295746,76526,,offcore_response.all_requests.llc_miss.any_response,50299466,100.00,,
     8.015489476,5793842,,offcore_response.all_requests.llc_hit.any_response,50418850,100.00,,
     8.015489476,76628,,offcore_response.all_requests.llc_miss.any_response,50423270,100.00,,
     8.115701300,5787117,,offcore_response.all_requests.llc_hit.any_response,50515639,100.00,,
     8.115701300,76735,,offcore_response.all_requests.llc_miss.any_response,50512204,100.00,,
     8.215897824,5743129,,offcore_response.all_requests.llc_hit.any_response,49978246,100.00,,
     8.215897824,76019,,offcore_response.all_requests.llc_miss.any_response,49960251,100.00,,
     8.316089383,5764493,,offcore_response.all_requests.llc_hit.any_response,50123128,100.00,,
     8.316089383,76354,,offcore_response.all_requests.llc_miss.any_response,50140580,100.00,,
     8.416282316,5815711,,offcore_response.all_requests.llc_hit.any_response,50475100,100.00,,
     8.416282316,76954,,offcore_response.all_requests.llc_miss.any_response,50478917,100.00,,
     8.516477597,5752232,,offcore_response.all_requests.llc_hit.any_response,49934070,100.00,,
     8.516477597,75886,,offcore_response.all_requests.llc_miss.any_response,49912801,100.00,,
     8.616666938,5792591,,offcore_response.all_requests.llc_hit.any_response,50343477,100.00,,
     8.616666938,76773,,offcore_response.all_requests.llc_miss.any_response,50364827,100.00,,
     8.716863616,5759381,,offcore_response.all_requests.llc_hit.any_response,50079360,100.00,,
     8.716863616,76071,,offcore_response.all_requests.llc_miss.any_response,50058010,100.00,,
     8.817072008,5803906,,offcore_response.all_requests.llc_hit.any_response,50231425,100.00,,
     8.817072008,76419,,offcore_response.all_requests.llc_miss.any_response,50252689,100.00,,
     8.917267776,5831203,,offcore_response.all_requests.llc_hit.any_response,50588715,100.00,,
     8.917267776,76717,,offcore_response.all_requests.llc_miss.any_response,50583125,100.00,,
     9.017458881,5763196,,offcore_response.all_requests.llc_hit.any_response,49959271,100.00,,
     9.017458881,75986,,offcore_response.all_requests.llc_miss.any_response,49943597,100.00,,
     9.117649086,5772550,,offcore_response.all_requests.llc_hit.any_response,50294007,100.00,,
     9.117649086,76382,,offcore_response.all_requests.llc_miss.any_response,50298437,100.00,,
     9.217840599,5812312,,offcore_response.all_requests.llc_hit.any_response,50570792,100.00,,
     9.217840599,76885,,offcore_response.all_requests.llc_miss.any_response,50574787,100.00,,
     9.318033862,5795086,,offcore_response.all_requests.llc_hit.any_response,50447827,100.00,,
     9.318033862,76806,,offcore_response.all_requests.llc_miss.any_response,50445737,100.00,,
     9.418224623,5731650,,offcore_response.all_requests.llc_hit.any_response,49888029,100.00,,
     9.418224623,75916,,offcore_response.all_requests.llc_miss.any_response,49881694,100.00,,
     9.518414508,5786609,,offcore_response.all_requests.llc_hit.any_response,50183254,100.00,,
     9.518414508,76442,,offcore_response.all_requests.llc_miss.any_response,50203866,100.00,,
     9.618607911,5830475,,offcore_response.all_requests.llc_hit.any_response,50514284,100.00,,
     9.618607911,77162,,offcore_response.all_requests.llc_miss.any_response,50493672,100.00,,
     9.718797188,5728924,,offcore_response.all_requests.llc_hit.any_response,49795351,100.00,,
     9.718797188,75813,,offcore_response.all_requests.llc_miss.any_response,49816014,100.00,,
     9.818991497,5848079,,offcore_response.all_requests.llc_hit.any_response,50874676,100.00,,
     9.818991497,77604,,offcore_response.all_requests.llc_miss.any_response,50875498,100.00,,
     9.919187564,5787075,,offcore_response.all_requests.llc_hit.any_response,50442574,100.00,,
     9.919187564,76826,,offcore_response.all_requests.llc_miss.any_response,50421089,100.00,,
    10.019377304,5744789,,offcore_response.all_requests.llc_hit.any_response,49976526,100.00,,
    10.019377304,76130,,offcore_response.all_requests.llc_miss.any_response,49976526,100.00,,
    10.119566849,5778176,,offcore_response.all_requests.llc_hit.any_response,50224350,100.00,,
    10.119566849,76727,,offcore_response.all_requests.llc_miss.any_response,50245264,100.00,,
    10.219764686,5818584,,offcore_response.all_requests.llc_hit.any_response,50620047,100.00,,
    10.219764686,76894,,offcore_response.all_requests.llc_miss.any_response,50620578,100.00,,
    10.319959616,5794029,,offcore_response.all_requests.llc_hit.any_response,50602382,100.00,,
    10.319959616,76718,,offcore_response.all_requests.llc_miss.any_response,50585228,100.00,,
    10.420160061,5767736,,offcore_response.all_requests.llc_hit.any_response,50319069,100.00,,
    10.420160061,76423,,offcore_response.all_requests.llc_miss.any_response,50314778,100.00,,
    10.520350334,5777606,,offcore_response.all_requests.llc_hit.any_response,50207134,100.00,,
    10.520350334,76248,,offcore_response.all_requests.llc_miss.any_response,50207134,100.00,,
    10.620537961,5790836,,offcore_response.all_requests.llc_hit.any_response,50335723,100.00,,
    10.620537961,76389,,offcore_response.all_requests.llc_miss.any_response,50356964,100.00,,
    10.720735092,5838407,,offcore_response.all_requests.llc_hit.any_response,50613883,100.00,,
    10.720735092,76842,,offcore_response.all_requests.llc_miss.any_response,50613510,100.00,,
    10.820929678,5826416,,offcore_response.all_requests.llc_hit.any_response,50651489,100.00,,
    10.820929678,76869,,offcore_response.all_requests.llc_miss.any_response,50651906,100.00,,
    10.921128106,5825894,,offcore_response.all_requests.llc_hit.any_response,50517234,100.00,,
    10.921128106,76864,,offcore_response.all_requests.llc_miss.any_response,50495949,100.00,,
    11.021337055,5799801,,offcore_response.all_requests.llc_hit.any_response,50273770,100.00,,
    11.021337055,76791,,offcore_response.all_requests.llc_miss.any_response,50273770,100.00,,
