# started on Mon May  1 19:26:11 2023

     0.100159248,29333864,,inst_retired.any,42156744,100.00,115.4,IpMispredict
     0.100159248,254221,,br_misp_retired.all_branches,42156744,100.00,,
     0.200423062,29423359,,inst_retired.any,40570854,100.00,120.8,IpMispredict
     0.200423062,233103,,br_misp_retired.all_branches,40570854,100.00,,
     0.300609978,29530973,,inst_retired.any,41028796,100.00,123.6,IpMispredict
     0.300609978,229621,,br_misp_retired.all_branches,41028796,100.00,,
     0.400801738,29274388,,inst_retired.any,41058766,100.00,121.6,IpMispredict
     0.400801738,245665,,br_misp_retired.all_branches,41058766,100.00,,
     0.500989244,29247747,,inst_retired.any,40872909,100.00,122.7,IpMispredict
     0.500989244,229306,,br_misp_retired.all_branches,40872909,100.00,,
     0.601175542,30050673,,inst_retired.any,41548263,100.00,126.9,IpMispredict
     0.601175542,228637,,br_misp_retired.all_branches,41548263,100.00,,
     0.701364927,29468588,,inst_retired.any,41958308,100.00,123.7,IpMispredict
     0.701364927,246786,,br_misp_retired.all_branches,41958308,100.00,,
     0.801553834,29464603,,inst_retired.any,41996718,100.00,123.3,IpMispredict
     0.801553834,243652,,br_misp_retired.all_branches,41996718,100.00,,
     0.901744281,29364605,,inst_retired.any,41387916,100.00,123.0,IpMispredict
     0.901744281,238197,,br_misp_retired.all_branches,41387916,100.00,,
     1.001931955,29310209,,inst_retired.any,40791878,100.00,122.8,IpMispredict
     1.001931955,237908,,br_misp_retired.all_branches,40791878,100.00,,
     1.102124387,29665727,,inst_retired.any,42642558,100.00,122.8,IpMispredict
     1.102124387,271233,,br_misp_retired.all_branches,42642558,100.00,,
     1.202318213,29251042,,inst_retired.any,40557695,100.00,121.3,IpMispredict
     1.202318213,236372,,br_misp_retired.all_branches,40557695,100.00,,
     1.302511499,29350068,,inst_retired.any,39381772,100.00,122.4,IpMispredict
     1.302511499,223623,,br_misp_retired.all_branches,39381772,100.00,,
     1.402702545,29730461,,inst_retired.any,42471002,100.00,124.0,IpMispredict
     1.402702545,237002,,br_misp_retired.all_branches,42471002,100.00,,
     1.502890694,29456070,,inst_retired.any,40560454,100.00,123.5,IpMispredict
     1.502890694,222549,,br_misp_retired.all_branches,40560454,100.00,,
     1.603085721,29384794,,inst_retired.any,41391689,100.00,123.3,IpMispredict
     1.603085721,236241,,br_misp_retired.all_branches,41391689,100.00,,
     1.703273512,29515030,,inst_retired.any,41210232,100.00,123.5,IpMispredict
     1.703273512,247359,,br_misp_retired.all_branches,41210232,100.00,,
     1.803462666,29001918,,inst_retired.any,41246547,100.00,121.4,IpMispredict
     1.803462666,237560,,br_misp_retired.all_branches,41246547,100.00,,
     1.903655159,29490232,,inst_retired.any,39811142,100.00,123.6,IpMispredict
     1.903655159,233437,,br_misp_retired.all_branches,39811142,100.00,,
     2.003843501,29667909,,inst_retired.any,42056041,100.00,124.0,IpMispredict
     2.003843501,252904,,br_misp_retired.all_branches,42056041,100.00,,
     2.104031509,29457015,,inst_retired.any,41606510,100.00,123.2,IpMispredict
     2.104031509,236622,,br_misp_retired.all_branches,41606510,100.00,,
     2.204224315,29357704,,inst_retired.any,41183188,100.00,122.8,IpMispredict
     2.204224315,235750,,br_misp_retired.all_branches,41183188,100.00,,
     2.304417552,29688425,,inst_retired.any,42532819,100.00,124.2,IpMispredict
     2.304417552,241250,,br_misp_retired.all_branches,42532819,100.00,,
     2.404610227,29298708,,inst_retired.any,41692732,100.00,122.2,IpMispredict
     2.404610227,254951,,br_misp_retired.all_branches,41692732,100.00,,
     2.504799218,29247429,,inst_retired.any,41771694,100.00,121.8,IpMispredict
     2.504799218,247047,,br_misp_retired.all_branches,41771694,100.00,,
     2.604992455,29466018,,inst_retired.any,41776549,100.00,122.9,IpMispredict
     2.604992455,232887,,br_misp_retired.all_branches,41776549,100.00,,
     2.705189247,29252520,,inst_retired.any,40919389,100.00,121.8,IpMispredict
     2.705189247,249108,,br_misp_retired.all_branches,40919389,100.00,,
     2.805401750,29866505,,inst_retired.any,41548298,100.00,124.4,IpMispredict
     2.805401750,238549,,br_misp_retired.all_branches,41548298,100.00,,
     2.905589707,29401050,,inst_retired.any,41517277,100.00,122.6,IpMispredict
     2.905589707,235424,,br_misp_retired.all_branches,41517277,100.00,,
     3.005786028,29382919,,inst_retired.any,42377433,100.00,122.4,IpMispredict
     3.005786028,246770,,br_misp_retired.all_branches,42377433,100.00,,
     3.105980418,29102228,,inst_retired.any,39897828,100.00,121.5,IpMispredict
     3.105980418,220598,,br_misp_retired.all_branches,39897828,100.00,,
     3.206172001,29668361,,inst_retired.any,41671423,100.00,123.7,IpMispredict
     3.206172001,252325,,br_misp_retired.all_branches,41671423,100.00,,
     3.306364355,29090836,,inst_retired.any,41338793,100.00,121.3,IpMispredict
     3.306364355,237863,,br_misp_retired.all_branches,41338793,100.00,,
     3.406552547,29820387,,inst_retired.any,42650173,100.00,123.9,IpMispredict
     3.406552547,267874,,br_misp_retired.all_branches,42650173,100.00,,
     3.506743166,29228487,,inst_retired.any,41880221,100.00,121.2,IpMispredict
     3.506743166,259126,,br_misp_retired.all_branches,41880221,100.00,,
     3.606935474,29358192,,inst_retired.any,41332621,100.00,121.8,IpMispredict
     3.606935474,233354,,br_misp_retired.all_branches,41332621,100.00,,
     3.707129643,29631950,,inst_retired.any,41165389,100.00,123.1,IpMispredict
     3.707129643,231890,,br_misp_retired.all_branches,41165389,100.00,,
     3.807319202,29063889,,inst_retired.any,40890602,100.00,121.0,IpMispredict
     3.807319202,224411,,br_misp_retired.all_branches,40890602,100.00,,
     3.907509980,29806072,,inst_retired.any,41273724,100.00,124.1,IpMispredict
     3.907509980,233411,,br_misp_retired.all_branches,41273724,100.00,,
     4.007705735,29181769,,inst_retired.any,40583788,100.00,121.6,IpMispredict
     4.007705735,231471,,br_misp_retired.all_branches,40583788,100.00,,
     4.107898341,29259005,,inst_retired.any,39704803,100.00,121.7,IpMispredict
     4.107898341,257601,,br_misp_retired.all_branches,39704803,100.00,,
     4.208089717,29786537,,inst_retired.any,41045709,100.00,123.8,IpMispredict
     4.208089717,252714,,br_misp_retired.all_branches,41045709,100.00,,
     4.308284061,28980253,,inst_retired.any,40586426,100.00,120.6,IpMispredict
     4.308284061,230336,,br_misp_retired.all_branches,40586426,100.00,,
     4.408472934,29540758,,inst_retired.any,41397868,100.00,122.7,IpMispredict
     4.408472934,257973,,br_misp_retired.all_branches,41397868,100.00,,
     4.508667511,29702114,,inst_retired.any,42352848,100.00,123.5,IpMispredict
     4.508667511,231818,,br_misp_retired.all_branches,42352848,100.00,,
     4.608856201,29041007,,inst_retired.any,40840675,100.00,120.7,IpMispredict
     4.608856201,237909,,br_misp_retired.all_branches,40840675,100.00,,
     4.709048492,29711495,,inst_retired.any,40289712,100.00,123.4,IpMispredict
     4.709048492,253133,,br_misp_retired.all_branches,40289712,100.00,,
     4.809237740,29546959,,inst_retired.any,42087571,100.00,122.4,IpMispredict
     4.809237740,271934,,br_misp_retired.all_branches,42087571,100.00,,
     4.909432901,29183318,,inst_retired.any,41336979,100.00,120.8,IpMispredict
     4.909432901,248648,,br_misp_retired.all_branches,41336979,100.00,,
     5.009626068,29342928,,inst_retired.any,41481321,100.00,121.5,IpMispredict
     5.009626068,241216,,br_misp_retired.all_branches,41481321,100.00,,
     5.109814216,29611372,,inst_retired.any,41500814,100.00,122.6,IpMispredict
     5.109814216,242912,,br_misp_retired.all_branches,41500814,100.00,,
     5.210002433,29324584,,inst_retired.any,41182888,100.00,121.2,IpMispredict
     5.210002433,257480,,br_misp_retired.all_branches,41182888,100.00,,
     5.310191868,29592328,,inst_retired.any,41447477,100.00,122.2,IpMispredict
     5.310191868,250114,,br_misp_retired.all_branches,41447477,100.00,,
     5.410384175,29428335,,inst_retired.any,40669790,100.00,121.6,IpMispredict
     5.410384175,240289,,br_misp_retired.all_branches,40669790,100.00,,
     5.510602133,29588038,,inst_retired.any,41435617,100.00,122.3,IpMispredict
     5.510602133,239144,,br_misp_retired.all_branches,41435617,100.00,,
     5.610795617,29977422,,inst_retired.any,42445802,100.00,123.8,IpMispredict
     5.610795617,248552,,br_misp_retired.all_branches,42445802,100.00,,
     5.710984343,29533160,,inst_retired.any,41717403,100.00,122.0,IpMispredict
     5.710984343,237742,,br_misp_retired.all_branches,41717403,100.00,,
     5.811172502,29367603,,inst_retired.any,40924112,100.00,121.3,IpMispredict
     5.811172502,242654,,br_misp_retired.all_branches,40924112,100.00,,
     5.911365983,29261392,,inst_retired.any,40995684,100.00,121.1,IpMispredict
     5.911365983,220892,,br_misp_retired.all_branches,40995684,100.00,,
     6.011559197,29449044,,inst_retired.any,40926516,100.00,121.9,IpMispredict
     6.011559197,235102,,br_misp_retired.all_branches,40926516,100.00,,
     6.111778816,29675290,,inst_retired.any,41944237,100.00,122.8,IpMispredict
     6.111778816,241682,,br_misp_retired.all_branches,41944237,100.00,,
     6.211971779,29059925,,inst_retired.any,41488157,100.00,120.2,IpMispredict
     6.211971779,247791,,br_misp_retired.all_branches,41488157,100.00,,
     6.312166182,29631242,,inst_retired.any,40729199,100.00,122.6,IpMispredict
     6.312166182,243507,,br_misp_retired.all_branches,40729199,100.00,,
     6.412355409,29421109,,inst_retired.any,41502733,100.00,121.6,IpMispredict
     6.412355409,251511,,br_misp_retired.all_branches,41502733,100.00,,
     6.512548152,29221143,,inst_retired.any,41195084,100.00,120.9,IpMispredict
     6.512548152,233845,,br_misp_retired.all_branches,41195084,100.00,,
     6.612737877,29653395,,inst_retired.any,41271383,100.00,122.7,IpMispredict
     6.612737877,237225,,br_misp_retired.all_branches,41271383,100.00,,
     6.712934762,29703657,,inst_retired.any,40611249,100.00,123.0,IpMispredict
     6.712934762,229031,,br_misp_retired.all_branches,40611249,100.00,,
     6.813126549,28987850,,inst_retired.any,40974508,100.00,120.1,IpMispredict
     6.813126549,236658,,br_misp_retired.all_branches,40974508,100.00,,
     6.913317374,29369991,,inst_retired.any,42465278,100.00,121.6,IpMispredict
     6.913317374,244839,,br_misp_retired.all_branches,42465278,100.00,,
     7.013507434,29561818,,inst_retired.any,41273823,100.00,122.5,IpMispredict
     7.013507434,234862,,br_misp_retired.all_branches,41273823,100.00,,
     7.113697508,29246800,,inst_retired.any,39847232,100.00,121.3,IpMispredict
     7.113697508,227756,,br_misp_retired.all_branches,39847232,100.00,,
     7.213885980,29755265,,inst_retired.any,41446686,100.00,123.5,IpMispredict
     7.213885980,219600,,br_misp_retired.all_branches,41446686,100.00,,
     7.314073764,29305985,,inst_retired.any,40689203,100.00,121.7,IpMispredict
     7.314073764,235661,,br_misp_retired.all_branches,40689203,100.00,,
     7.414260864,29882589,,inst_retired.any,42514465,100.00,124.0,IpMispredict
     7.414260864,248293,,br_misp_retired.all_branches,42514465,100.00,,
     7.514450442,29360301,,inst_retired.any,41212704,100.00,121.8,IpMispredict
     7.514450442,251621,,br_misp_retired.all_branches,41212704,100.00,,
     7.614637839,29143531,,inst_retired.any,41393293,100.00,120.8,IpMispredict
     7.614637839,250521,,br_misp_retired.all_branches,41393293,100.00,,
     7.714832639,30378966,,inst_retired.any,41468675,100.00,126.0,IpMispredict
     7.714832639,233642,,br_misp_retired.all_branches,41468675,100.00,,
     7.815024677,29464387,,inst_retired.any,40879584,100.00,122.2,IpMispredict
     7.815024677,240036,,br_misp_retired.all_branches,40879584,100.00,,
     7.915221355,29408513,,inst_retired.any,40020247,100.00,122.1,IpMispredict
     7.915221355,217880,,br_misp_retired.all_branches,40020247,100.00,,
     8.015411167,29134252,,inst_retired.any,41262956,100.00,121.1,IpMispredict
     8.015411167,225391,,br_misp_retired.all_branches,41262956,100.00,,
     8.115600776,29542104,,inst_retired.any,41309814,100.00,122.9,IpMispredict
     8.115600776,230644,,br_misp_retired.all_branches,41309814,100.00,,
     8.215808698,29622506,,inst_retired.any,41912872,100.00,123.2,IpMispredict
     8.215808698,245151,,br_misp_retired.all_branches,41912872,100.00,,
     8.316018771,29522634,,inst_retired.any,41657781,100.00,122.7,IpMispredict
     8.316018771,240991,,br_misp_retired.all_branches,41657781,100.00,,
     8.416210307,29161710,,inst_retired.any,40751781,100.00,121.3,IpMispredict
     8.416210307,240316,,br_misp_retired.all_branches,40751781,100.00,,
     8.516399274,29428706,,inst_retired.any,39996769,100.00,122.5,IpMispredict
     8.516399274,219722,,br_misp_retired.all_branches,39996769,100.00,,
     8.616591285,29382618,,inst_retired.any,41861131,100.00,122.2,IpMispredict
     8.616591285,250049,,br_misp_retired.all_branches,41861131,100.00,,
     8.716780800,29275185,,inst_retired.any,41831681,100.00,121.7,IpMispredict
     8.716780800,250026,,br_misp_retired.all_branches,41831681,100.00,,
     8.816969583,29314864,,inst_retired.any,41143011,100.00,121.9,IpMispredict
     8.816969583,235259,,br_misp_retired.all_branches,41143011,100.00,,
     8.917175248,29754066,,inst_retired.any,40976201,100.00,123.8,IpMispredict
     8.917175248,234879,,br_misp_retired.all_branches,40976201,100.00,,
     9.017364807,29174736,,inst_retired.any,40643009,100.00,121.4,IpMispredict
     9.017364807,235484,,br_misp_retired.all_branches,40643009,100.00,,
     9.117552301,29791293,,inst_retired.any,42160347,100.00,124.0,IpMispredict
     9.117552301,238074,,br_misp_retired.all_branches,42160347,100.00,,
     9.217743449,29589493,,inst_retired.any,41771652,100.00,123.2,IpMispredict
     9.217743449,237664,,br_misp_retired.all_branches,41771652,100.00,,
     9.317939302,29001612,,inst_retired.any,40479010,100.00,120.8,IpMispredict
     9.317939302,232036,,br_misp_retired.all_branches,40479010,100.00,,
     9.418133178,29625121,,inst_retired.any,40626413,100.00,123.4,IpMispredict
     9.418133178,235157,,br_misp_retired.all_branches,40626413,100.00,,
     9.518322823,29435347,,inst_retired.any,41038873,100.00,122.6,IpMispredict
     9.518322823,239868,,br_misp_retired.all_branches,41038873,100.00,,
     9.618521246,29441326,,inst_retired.any,39848581,100.00,122.7,IpMispredict
     9.618521246,233097,,br_misp_retired.all_branches,39848581,100.00,,
     9.718710410,29491649,,inst_retired.any,41663646,100.00,122.8,IpMispredict
     9.718710410,252246,,br_misp_retired.all_branches,41663646,100.00,,
     9.818899150,29217823,,inst_retired.any,40946044,100.00,121.7,IpMispredict
     9.818899150,229622,,br_misp_retired.all_branches,40946044,100.00,,
     9.919088207,29475133,,inst_retired.any,41301634,100.00,122.8,IpMispredict
     9.919088207,231952,,br_misp_retired.all_branches,41301634,100.00,,
    10.019282159,29468002,,inst_retired.any,41630587,100.00,122.8,IpMispredict
    10.019282159,241338,,br_misp_retired.all_branches,41630587,100.00,,
    10.119476983,29490266,,inst_retired.any,41711836,100.00,122.8,IpMispredict
    10.119476983,255509,,br_misp_retired.all_branches,41711836,100.00,,
    10.219631664,29282127,,inst_retired.any,41310581,100.00,122.0,IpMispredict
    10.219631664,232923,,br_misp_retired.all_branches,41310581,100.00,,
    10.319778810,29511572,,inst_retired.any,41342760,100.00,123.0,IpMispredict
    10.319778810,225974,,br_misp_retired.all_branches,41342760,100.00,,
    10.419925068,29457414,,inst_retired.any,41817858,100.00,122.8,IpMispredict
    10.419925068,240430,,br_misp_retired.all_branches,41817858,100.00,,
    10.520118757,29236091,,inst_retired.any,40178361,100.00,121.9,IpMispredict
    10.520118757,234930,,br_misp_retired.all_branches,40178361,100.00,,
    10.620307032,30364981,,inst_retired.any,41990556,100.00,126.5,IpMispredict
    10.620307032,250223,,br_misp_retired.all_branches,41990556,100.00,,
    10.720495903,29486134,,inst_retired.any,42160135,100.00,122.8,IpMispredict
    10.720495903,248560,,br_misp_retired.all_branches,42160135,100.00,,
    10.820684489,29315722,,inst_retired.any,41232251,100.00,122.2,IpMispredict
    10.820684489,227535,,br_misp_retired.all_branches,41232251,100.00,,
    10.920877419,29311357,,inst_retired.any,41805766,100.00,122.2,IpMispredict
    10.920877419,229225,,br_misp_retired.all_branches,41805766,100.00,,
    11.021086235,29714885,,inst_retired.any,42174205,100.00,123.9,IpMispredict
    11.021086235,230208,,br_misp_retired.all_branches,42174205,100.00,,
