# started on Mon May  1 19:21:23 2023

     0.100148452,28520610,,inst_retired.any,41002336,100.00,96.4,IpMispredict
     0.100148452,295708,,br_misp_retired.all_branches,41002336,100.00,,
     0.200398029,28787900,,inst_retired.any,41468129,100.00,97.1,IpMispredict
     0.200398029,297525,,br_misp_retired.all_branches,41468129,100.00,,
     0.300596727,28471615,,inst_retired.any,41191870,100.00,99.6,IpMispredict
     0.300596727,264754,,br_misp_retired.all_branches,41191870,100.00,,
     0.400788659,28823379,,inst_retired.any,40796941,100.00,103.5,IpMispredict
     0.400788659,256423,,br_misp_retired.all_branches,40796941,100.00,,
     0.500978251,29328130,,inst_retired.any,42095406,100.00,105.5,IpMispredict
     0.500978251,276072,,br_misp_retired.all_branches,42095406,100.00,,
     0.601173915,28486434,,inst_retired.any,39901864,100.00,102.7,IpMispredict
     0.601173915,274239,,br_misp_retired.all_branches,39901864,100.00,,
     0.701362791,28431808,,inst_retired.any,40579998,100.00,101.5,IpMispredict
     0.701362791,295925,,br_misp_retired.all_branches,40579998,100.00,,
     0.801556170,28790254,,inst_retired.any,42029835,100.00,102.5,IpMispredict
     0.801556170,285505,,br_misp_retired.all_branches,42029835,100.00,,
     0.901749731,29001207,,inst_retired.any,41885558,100.00,103.4,IpMispredict
     0.901749731,278660,,br_misp_retired.all_branches,41885558,100.00,,
     1.001946424,28715557,,inst_retired.any,41647343,100.00,101.9,IpMispredict
     1.001946424,292799,,br_misp_retired.all_branches,41647343,100.00,,
     1.102137287,28699816,,inst_retired.any,41591378,100.00,101.9,IpMispredict
     1.102137287,280762,,br_misp_retired.all_branches,41591378,100.00,,
     1.202328628,28541464,,inst_retired.any,40478399,100.00,101.0,IpMispredict
     1.202328628,294234,,br_misp_retired.all_branches,40478399,100.00,,
     1.302523576,28993045,,inst_retired.any,42680252,100.00,101.9,IpMispredict
     1.302523576,306440,,br_misp_retired.all_branches,42680252,100.00,,
     1.402712171,28504123,,inst_retired.any,41181683,100.00,99.5,IpMispredict
     1.402712171,310481,,br_misp_retired.all_branches,41181683,100.00,,
     1.502904249,28599852,,inst_retired.any,40867411,100.00,99.7,IpMispredict
     1.502904249,295003,,br_misp_retired.all_branches,40867411,100.00,,
     1.603092804,28716839,,inst_retired.any,41446475,100.00,99.6,IpMispredict
     1.603092804,308695,,br_misp_retired.all_branches,41446475,100.00,,
     1.703282341,28622284,,inst_retired.any,41375013,100.00,99.0,IpMispredict
     1.703282341,301557,,br_misp_retired.all_branches,41375013,100.00,,
     1.803474549,28908164,,inst_retired.any,41407050,100.00,100.3,IpMispredict
     1.803474549,272007,,br_misp_retired.all_branches,41407050,100.00,,
     1.903667918,28973443,,inst_retired.any,42202555,100.00,100.6,IpMispredict
     1.903667918,283314,,br_misp_retired.all_branches,42202555,100.00,,
     2.003856640,28797795,,inst_retired.any,41574931,100.00,100.4,IpMispredict
     2.003856640,266832,,br_misp_retired.all_branches,41574931,100.00,,
     2.104050773,28725020,,inst_retired.any,41611933,100.00,100.2,IpMispredict
     2.104050773,284454,,br_misp_retired.all_branches,41611933,100.00,,
     2.204244100,28871293,,inst_retired.any,41436957,100.00,100.9,IpMispredict
     2.204244100,271352,,br_misp_retired.all_branches,41436957,100.00,,
     2.304439788,28646732,,inst_retired.any,41342232,100.00,100.0,IpMispredict
     2.304439788,297402,,br_misp_retired.all_branches,41342232,100.00,,
     2.404637704,28655001,,inst_retired.any,41119170,100.00,99.9,IpMispredict
     2.404637704,294153,,br_misp_retired.all_branches,41119170,100.00,,
     2.504826139,28735991,,inst_retired.any,41108646,100.00,100.1,IpMispredict
     2.504826139,290547,,br_misp_retired.all_branches,41108646,100.00,,
     2.605017407,28486932,,inst_retired.any,40821848,100.00,99.5,IpMispredict
     2.605017407,271821,,br_misp_retired.all_branches,40821848,100.00,,
     2.705206981,28791712,,inst_retired.any,41292833,100.00,100.3,IpMispredict
     2.705206981,302296,,br_misp_retired.all_branches,41292833,100.00,,
     2.805413280,28743060,,inst_retired.any,41648304,100.00,100.1,IpMispredict
     2.805413280,289774,,br_misp_retired.all_branches,41648304,100.00,,
     2.905607218,28600255,,inst_retired.any,40719412,100.00,99.5,IpMispredict
     2.905607218,295452,,br_misp_retired.all_branches,40719412,100.00,,
     3.005799003,28569053,,inst_retired.any,42132870,100.00,99.1,IpMispredict
     3.005799003,315763,,br_misp_retired.all_branches,42132870,100.00,,
     3.105991544,28636718,,inst_retired.any,42021562,100.00,99.3,IpMispredict
     3.105991544,286643,,br_misp_retired.all_branches,42021562,100.00,,
     3.206179307,28561177,,inst_retired.any,40760182,100.00,99.1,IpMispredict
     3.206179307,284732,,br_misp_retired.all_branches,40760182,100.00,,
     3.306368734,28936361,,inst_retired.any,41402191,100.00,100.2,IpMispredict
     3.306368734,310405,,br_misp_retired.all_branches,41402191,100.00,,
     3.406562326,28280265,,inst_retired.any,40480404,100.00,98.0,IpMispredict
     3.406562326,278433,,br_misp_retired.all_branches,40480404,100.00,,
     3.506757530,28535405,,inst_retired.any,40415430,100.00,98.9,IpMispredict
     3.506757530,287419,,br_misp_retired.all_branches,40415430,100.00,,
     3.606953276,28900343,,inst_retired.any,40599195,100.00,100.4,IpMispredict
     3.606953276,267990,,br_misp_retired.all_branches,40599195,100.00,,
     3.707143627,28586531,,inst_retired.any,40910134,100.00,99.4,IpMispredict
     3.707143627,276037,,br_misp_retired.all_branches,40910134,100.00,,
     3.807341704,28699642,,inst_retired.any,40665101,100.00,99.7,IpMispredict
     3.807341704,293055,,br_misp_retired.all_branches,40665101,100.00,,
     3.907534783,28362268,,inst_retired.any,40908456,100.00,98.4,IpMispredict
     3.907534783,302693,,br_misp_retired.all_branches,40908456,100.00,,
     4.007753995,29080436,,inst_retired.any,41388183,100.00,100.8,IpMispredict
     4.007753995,305695,,br_misp_retired.all_branches,41388183,100.00,,
     4.107947840,28490265,,inst_retired.any,41272089,100.00,98.8,IpMispredict
     4.107947840,279327,,br_misp_retired.all_branches,41272089,100.00,,
     4.208140808,28940808,,inst_retired.any,41981611,100.00,100.7,IpMispredict
     4.208140808,251277,,br_misp_retired.all_branches,41981611,100.00,,
     4.308328901,28874142,,inst_retired.any,41489704,100.00,100.2,IpMispredict
     4.308328901,321182,,br_misp_retired.all_branches,41489704,100.00,,
     4.408524242,28616436,,inst_retired.any,40949036,100.00,99.3,IpMispredict
     4.408524242,279300,,br_misp_retired.all_branches,40949036,100.00,,
     4.508717753,28597277,,inst_retired.any,40983509,100.00,99.4,IpMispredict
     4.508717753,276150,,br_misp_retired.all_branches,40983509,100.00,,
     4.608906614,28547572,,inst_retired.any,41436698,100.00,99.1,IpMispredict
     4.608906614,302570,,br_misp_retired.all_branches,41436698,100.00,,
     4.709099262,29050238,,inst_retired.any,41756041,100.00,100.8,IpMispredict
     4.709099262,287741,,br_misp_retired.all_branches,41756041,100.00,,
     4.809288354,28606394,,inst_retired.any,40737267,100.00,99.2,IpMispredict
     4.809288354,302456,,br_misp_retired.all_branches,40737267,100.00,,
     4.909485977,28490568,,inst_retired.any,41033624,100.00,98.7,IpMispredict
     4.909485977,308133,,br_misp_retired.all_branches,41033624,100.00,,
     5.009681776,28906823,,inst_retired.any,42389793,100.00,100.2,IpMispredict
     5.009681776,278598,,br_misp_retired.all_branches,42389793,100.00,,
     5.109869014,28593400,,inst_retired.any,41145903,100.00,99.0,IpMispredict
     5.109869014,300964,,br_misp_retired.all_branches,41145903,100.00,,
     5.210055741,28878700,,inst_retired.any,41694699,100.00,100.0,IpMispredict
     5.210055741,290498,,br_misp_retired.all_branches,41694699,100.00,,
     5.310242555,28646512,,inst_retired.any,41212030,100.00,99.2,IpMispredict
     5.310242555,280603,,br_misp_retired.all_branches,41212030,100.00,,
     5.410429683,28516643,,inst_retired.any,41142035,100.00,98.7,IpMispredict
     5.410429683,303487,,br_misp_retired.all_branches,41142035,100.00,,
     5.510618476,29010392,,inst_retired.any,41326919,100.00,100.4,IpMispredict
     5.510618476,289687,,br_misp_retired.all_branches,41326919,100.00,,
     5.610838730,28845415,,inst_retired.any,40915801,100.00,99.9,IpMispredict
     5.610838730,271967,,br_misp_retired.all_branches,40915801,100.00,,
     5.711027285,28482208,,inst_retired.any,42081255,100.00,98.5,IpMispredict
     5.711027285,313811,,br_misp_retired.all_branches,42081255,100.00,,
     5.811213541,29155159,,inst_retired.any,42804560,100.00,100.9,IpMispredict
     5.811213541,281439,,br_misp_retired.all_branches,42804560,100.00,,
     5.911406670,28388648,,inst_retired.any,39627671,100.00,98.4,IpMispredict
     5.911406670,262855,,br_misp_retired.all_branches,39627671,100.00,,
     6.011595009,28870516,,inst_retired.any,42206814,100.00,100.0,IpMispredict
     6.011595009,298510,,br_misp_retired.all_branches,42206814,100.00,,
     6.111788374,28924207,,inst_retired.any,42298761,100.00,100.3,IpMispredict
     6.111788374,267559,,br_misp_retired.all_branches,42298761,100.00,,
     6.211986872,28750564,,inst_retired.any,41934409,100.00,99.6,IpMispredict
     6.211986872,314658,,br_misp_retired.all_branches,41934409,100.00,,
     6.312182633,28801349,,inst_retired.any,40553110,100.00,99.8,IpMispredict
     6.312182633,274840,,br_misp_retired.all_branches,40553110,100.00,,
     6.412378177,28629740,,inst_retired.any,42310766,100.00,99.0,IpMispredict
     6.412378177,329394,,br_misp_retired.all_branches,42310766,100.00,,
     6.512570230,28528057,,inst_retired.any,40553067,100.00,98.7,IpMispredict
     6.512570230,280700,,br_misp_retired.all_branches,40553067,100.00,,
     6.612763159,28537731,,inst_retired.any,40953156,100.00,98.6,IpMispredict
     6.612763159,315178,,br_misp_retired.all_branches,40953156,100.00,,
     6.712954243,28719099,,inst_retired.any,40841849,100.00,99.1,IpMispredict
     6.712954243,308642,,br_misp_retired.all_branches,40841849,100.00,,
     6.813147128,28453842,,inst_retired.any,40793396,100.00,98.3,IpMispredict
     6.813147128,278581,,br_misp_retired.all_branches,40793396,100.00,,
     6.913336718,28772980,,inst_retired.any,41297468,100.00,99.4,IpMispredict
     6.913336718,289293,,br_misp_retired.all_branches,41297468,100.00,,
     7.013529753,28515498,,inst_retired.any,41400999,100.00,98.4,IpMispredict
     7.013529753,297074,,br_misp_retired.all_branches,41400999,100.00,,
     7.113722969,28821162,,inst_retired.any,41688884,100.00,99.5,IpMispredict
     7.113722969,285738,,br_misp_retired.all_branches,41688884,100.00,,
     7.213911734,28733333,,inst_retired.any,41710773,100.00,99.2,IpMispredict
     7.213911734,292646,,br_misp_retired.all_branches,41710773,100.00,,
     7.314100029,28699795,,inst_retired.any,40903452,100.00,99.0,IpMispredict
     7.314100029,302429,,br_misp_retired.all_branches,40903452,100.00,,
     7.414291901,28470300,,inst_retired.any,40612469,100.00,98.3,IpMispredict
     7.414291901,262362,,br_misp_retired.all_branches,40612469,100.00,,
     7.514485627,28943701,,inst_retired.any,41488263,100.00,100.0,IpMispredict
     7.514485627,282287,,br_misp_retired.all_branches,41488263,100.00,,
     7.614673585,28667191,,inst_retired.any,41695060,100.00,99.0,IpMispredict
     7.614673585,292762,,br_misp_retired.all_branches,41695060,100.00,,
     7.714866590,28712819,,inst_retired.any,41463945,100.00,99.3,IpMispredict
     7.714866590,266160,,br_misp_retired.all_branches,41463945,100.00,,
     7.815056391,28945180,,inst_retired.any,42695013,100.00,100.0,IpMispredict
     7.815056391,310178,,br_misp_retired.all_branches,42695013,100.00,,
     7.915250725,28573388,,inst_retired.any,41587662,100.00,98.8,IpMispredict
     7.915250725,279105,,br_misp_retired.all_branches,41587662,100.00,,
     8.015438562,28816080,,inst_retired.any,42258746,100.00,99.6,IpMispredict
     8.015438562,296988,,br_misp_retired.all_branches,42258746,100.00,,
     8.115627140,28823312,,inst_retired.any,41707213,100.00,99.7,IpMispredict
     8.115627140,268727,,br_misp_retired.all_branches,41707213,100.00,,
     8.215818833,28976562,,inst_retired.any,41854200,100.00,100.2,IpMispredict
     8.215818833,295300,,br_misp_retired.all_branches,41854200,100.00,,
     8.316029592,28671605,,inst_retired.any,41915364,100.00,99.1,IpMispredict
     8.316029592,302265,,br_misp_retired.all_branches,41915364,100.00,,
     8.416217625,28580260,,inst_retired.any,40981993,100.00,98.8,IpMispredict
     8.416217625,272932,,br_misp_retired.all_branches,40981993,100.00,,
     8.516413210,28810519,,inst_retired.any,41730534,100.00,99.5,IpMispredict
     8.516413210,313918,,br_misp_retired.all_branches,41730534,100.00,,
     8.616607745,28720479,,inst_retired.any,41172009,100.00,99.3,IpMispredict
     8.616607745,271080,,br_misp_retired.all_branches,41172009,100.00,,
     8.716803073,28837016,,inst_retired.any,42782349,100.00,99.6,IpMispredict
     8.716803073,315285,,br_misp_retired.all_branches,42782349,100.00,,
     8.816994304,29074290,,inst_retired.any,42059783,100.00,100.5,IpMispredict
     8.816994304,267908,,br_misp_retired.all_branches,42059783,100.00,,
     8.917186510,28467665,,inst_retired.any,40906996,100.00,98.4,IpMispredict
     8.917186510,297848,,br_misp_retired.all_branches,40906996,100.00,,
     9.017375262,28705769,,inst_retired.any,41053417,100.00,99.2,IpMispredict
     9.017375262,288395,,br_misp_retired.all_branches,41053417,100.00,,
     9.117571788,28592015,,inst_retired.any,40621224,100.00,98.8,IpMispredict
     9.117571788,282048,,br_misp_retired.all_branches,40621224,100.00,,
     9.217770954,28698029,,inst_retired.any,41432247,100.00,99.2,IpMispredict
     9.217770954,289176,,br_misp_retired.all_branches,41432247,100.00,,
     9.317960605,28768386,,inst_retired.any,41011125,100.00,99.5,IpMispredict
     9.317960605,268859,,br_misp_retired.all_branches,41011125,100.00,,
     9.418156725,28801728,,inst_retired.any,41574600,100.00,99.7,IpMispredict
     9.418156725,261673,,br_misp_retired.all_branches,41574600,100.00,,
     9.518350589,28369062,,inst_retired.any,40455385,100.00,98.2,IpMispredict
     9.518350589,296411,,br_misp_retired.all_branches,40455385,100.00,,
     9.618539828,28875260,,inst_retired.any,41025820,100.00,100.0,IpMispredict
     9.618539828,283542,,br_misp_retired.all_branches,41025820,100.00,,
     9.718729966,28311094,,inst_retired.any,40541850,100.00,98.0,IpMispredict
     9.718729966,302826,,br_misp_retired.all_branches,40541850,100.00,,
     9.818918233,28945847,,inst_retired.any,42163875,100.00,100.2,IpMispredict
     9.818918233,295358,,br_misp_retired.all_branches,42163875,100.00,,
     9.919110010,28610540,,inst_retired.any,41794897,100.00,98.9,IpMispredict
     9.919110010,307996,,br_misp_retired.all_branches,41794897,100.00,,
    10.019307328,28523356,,inst_retired.any,40830233,100.00,98.7,IpMispredict
    10.019307328,253785,,br_misp_retired.all_branches,40830233,100.00,,
    10.119501308,28795345,,inst_retired.any,41006288,100.00,99.6,IpMispredict
    10.119501308,300272,,br_misp_retired.all_branches,41006288,100.00,,
    10.219702232,28623898,,inst_retired.any,41851143,100.00,99.0,IpMispredict
    10.219702232,292023,,br_misp_retired.all_branches,41851143,100.00,,
    10.319895925,28893152,,inst_retired.any,41037340,100.00,100.0,IpMispredict
    10.319895925,273445,,br_misp_retired.all_branches,41037340,100.00,,
    10.420097036,28295471,,inst_retired.any,41044082,100.00,97.9,IpMispredict
    10.420097036,301046,,br_misp_retired.all_branches,41044082,100.00,,
    10.520290022,29242934,,inst_retired.any,41390070,100.00,101.1,IpMispredict
    10.520290022,321649,,br_misp_retired.all_branches,41390070,100.00,,
    10.620482646,28583901,,inst_retired.any,40893269,100.00,98.8,IpMispredict
    10.620482646,288569,,br_misp_retired.all_branches,40893269,100.00,,
    10.720677648,29041100,,inst_retired.any,41481575,100.00,100.3,IpMispredict
    10.720677648,306094,,br_misp_retired.all_branches,41481575,100.00,,
    10.820868318,28621474,,inst_retired.any,40888951,100.00,98.9,IpMispredict
    10.820868318,285121,,br_misp_retired.all_branches,40888951,100.00,,
    10.921056595,28574218,,inst_retired.any,40374218,100.00,98.8,IpMispredict
    10.921056595,263344,,br_misp_retired.all_branches,40374218,100.00,,
    11.021270980,28570135,,inst_retired.any,41569229,100.00,98.8,IpMispredict
    11.021270980,302174,,br_misp_retired.all_branches,41569229,100.00,,
