# started on Mon May  1 19:21:36 2023

     0.100128189,58132950,,inst_retired.any,49660420,100.00,139.2,IpMispredict
     0.100128189,417589,,br_misp_retired.all_branches,49660420,100.00,,
     0.200323624,57490846,,inst_retired.any,48331051,100.00,133.9,IpMispredict
     0.200323624,441333,,br_misp_retired.all_branches,48331051,100.00,,
     0.300491198,57034832,,inst_retired.any,47063601,100.00,134.8,IpMispredict
     0.300491198,410212,,br_misp_retired.all_branches,47063601,100.00,,
     0.400679870,57110530,,inst_retired.any,48120217,100.00,134.7,IpMispredict
     0.400679870,426263,,br_misp_retired.all_branches,48120217,100.00,,
     0.500872701,57000522,,inst_retired.any,48100372,100.00,133.4,IpMispredict
     0.500872701,441578,,br_misp_retired.all_branches,48100372,100.00,,
     0.601064800,56865867,,inst_retired.any,47758079,100.00,133.2,IpMispredict
     0.601064800,424894,,br_misp_retired.all_branches,47758079,100.00,,
     0.701256466,58258015,,inst_retired.any,48613576,100.00,136.5,IpMispredict
     0.701256466,424856,,br_misp_retired.all_branches,48613576,100.00,,
     0.801448189,56979908,,inst_retired.any,49980275,100.00,133.6,IpMispredict
     0.801448189,425561,,br_misp_retired.all_branches,49980275,100.00,,
     0.901637739,57644841,,inst_retired.any,47898226,100.00,134.4,IpMispredict
     0.901637739,449293,,br_misp_retired.all_branches,47898226,100.00,,
     1.001826664,57037656,,inst_retired.any,48484818,100.00,131.4,IpMispredict
     1.001826664,478723,,br_misp_retired.all_branches,48484818,100.00,,
     1.102016485,56606509,,inst_retired.any,48793865,100.00,130.1,IpMispredict
     1.102016485,447386,,br_misp_retired.all_branches,48793865,100.00,,
     1.202207940,57617379,,inst_retired.any,48342842,100.00,132.4,IpMispredict
     1.202207940,434975,,br_misp_retired.all_branches,48342842,100.00,,
     1.302398563,57451634,,inst_retired.any,47879380,100.00,132.2,IpMispredict
     1.302398563,426410,,br_misp_retired.all_branches,47879380,100.00,,
     1.402598023,57199877,,inst_retired.any,48050587,100.00,131.8,IpMispredict
     1.402598023,428767,,br_misp_retired.all_branches,48050587,100.00,,
     1.502792826,57428563,,inst_retired.any,48607860,100.00,132.2,IpMispredict
     1.502792826,437380,,br_misp_retired.all_branches,48607860,100.00,,
     1.602983352,56977685,,inst_retired.any,47624717,100.00,131.2,IpMispredict
     1.602983352,434336,,br_misp_retired.all_branches,47624717,100.00,,
     1.703177981,58128694,,inst_retired.any,49946095,100.00,134.0,IpMispredict
     1.703177981,425912,,br_misp_retired.all_branches,49946095,100.00,,
     1.803370006,56377444,,inst_retired.any,48776763,100.00,130.0,IpMispredict
     1.803370006,428793,,br_misp_retired.all_branches,48776763,100.00,,
     1.903562587,57662441,,inst_retired.any,49138839,100.00,133.0,IpMispredict
     1.903562587,430167,,br_misp_retired.all_branches,49138839,100.00,,
     2.003761770,56741607,,inst_retired.any,47304304,100.00,130.8,IpMispredict
     2.003761770,444709,,br_misp_retired.all_branches,47304304,100.00,,
     2.103960375,57901879,,inst_retired.any,49611212,100.00,133.5,IpMispredict
     2.103960375,427757,,br_misp_retired.all_branches,49611212,100.00,,
     2.204147804,57559525,,inst_retired.any,47191130,100.00,132.6,IpMispredict
     2.204147804,441664,,br_misp_retired.all_branches,47191130,100.00,,
     2.304336061,57200882,,inst_retired.any,49108826,100.00,131.6,IpMispredict
     2.304336061,445039,,br_misp_retired.all_branches,49108826,100.00,,
     2.404528265,56974056,,inst_retired.any,49830648,100.00,131.0,IpMispredict
     2.404528265,440954,,br_misp_retired.all_branches,49830648,100.00,,
     2.504731363,57491208,,inst_retired.any,49621306,100.00,132.3,IpMispredict
     2.504731363,429878,,br_misp_retired.all_branches,49621306,100.00,,
     2.604923930,57902597,,inst_retired.any,48348913,100.00,133.5,IpMispredict
     2.604923930,415801,,br_misp_retired.all_branches,48348913,100.00,,
     2.705114002,57211680,,inst_retired.any,47994309,100.00,131.7,IpMispredict
     2.705114002,444938,,br_misp_retired.all_branches,47994309,100.00,,
     2.805325215,56510700,,inst_retired.any,47787492,100.00,129.9,IpMispredict
     2.805325215,453435,,br_misp_retired.all_branches,47787492,100.00,,
     2.905513193,58097859,,inst_retired.any,50039095,100.00,133.6,IpMispredict
     2.905513193,428489,,br_misp_retired.all_branches,50039095,100.00,,
     3.005709034,56793080,,inst_retired.any,48888903,100.00,130.7,IpMispredict
     3.005709034,430925,,br_misp_retired.all_branches,48888903,100.00,,
     3.105898384,57722534,,inst_retired.any,48866394,100.00,132.8,IpMispredict
     3.105898384,435636,,br_misp_retired.all_branches,48866394,100.00,,
     3.206085035,57104085,,inst_retired.any,48318132,100.00,131.3,IpMispredict
     3.206085035,446743,,br_misp_retired.all_branches,48318132,100.00,,
     3.306273005,57597917,,inst_retired.any,48039500,100.00,132.6,IpMispredict
     3.306273005,418537,,br_misp_retired.all_branches,48039500,100.00,,
     3.406459992,57404804,,inst_retired.any,48894316,100.00,132.1,IpMispredict
     3.406459992,439469,,br_misp_retired.all_branches,48894316,100.00,,
     3.506649653,57401388,,inst_retired.any,48477030,100.00,132.0,IpMispredict
     3.506649653,446074,,br_misp_retired.all_branches,48477030,100.00,,
     3.606837466,56963940,,inst_retired.any,47674218,100.00,130.9,IpMispredict
     3.606837466,445641,,br_misp_retired.all_branches,47674218,100.00,,
     3.707026863,57456466,,inst_retired.any,47050579,100.00,132.1,IpMispredict
     3.707026863,424226,,br_misp_retired.all_branches,47050579,100.00,,
     3.807216683,57145484,,inst_retired.any,50825892,100.00,131.3,IpMispredict
     3.807216683,438668,,br_misp_retired.all_branches,50825892,100.00,,
     3.907405572,57738718,,inst_retired.any,48535727,100.00,132.7,IpMispredict
     3.907405572,431860,,br_misp_retired.all_branches,48535727,100.00,,
     4.007595778,56731451,,inst_retired.any,47937395,100.00,130.4,IpMispredict
     4.007595778,435781,,br_misp_retired.all_branches,47937395,100.00,,
     4.107793043,57124795,,inst_retired.any,48018458,100.00,131.2,IpMispredict
     4.107793043,452967,,br_misp_retired.all_branches,48018458,100.00,,
     4.207984153,56937157,,inst_retired.any,47124386,100.00,130.7,IpMispredict
     4.207984153,442075,,br_misp_retired.all_branches,47124386,100.00,,
     4.308181291,56866793,,inst_retired.any,48538806,100.00,130.6,IpMispredict
     4.308181291,432471,,br_misp_retired.all_branches,48538806,100.00,,
     4.408380250,57645888,,inst_retired.any,47990966,100.00,132.4,IpMispredict
     4.408380250,424856,,br_misp_retired.all_branches,47990966,100.00,,
     4.508573265,57469454,,inst_retired.any,48875388,100.00,132.0,IpMispredict
     4.508573265,443697,,br_misp_retired.all_branches,48875388,100.00,,
     4.608765642,57691792,,inst_retired.any,47988407,100.00,132.3,IpMispredict
     4.608765642,458047,,br_misp_retired.all_branches,47988407,100.00,,
     4.708958049,57397003,,inst_retired.any,49188995,100.00,131.8,IpMispredict
     4.708958049,419922,,br_misp_retired.all_branches,49188995,100.00,,
     4.809148034,56718789,,inst_retired.any,48270141,100.00,130.2,IpMispredict
     4.809148034,432800,,br_misp_retired.all_branches,48270141,100.00,,
     4.909339953,57360126,,inst_retired.any,47976666,100.00,131.7,IpMispredict
     4.909339953,433796,,br_misp_retired.all_branches,47976666,100.00,,
     5.009527906,57447654,,inst_retired.any,50749370,100.00,131.8,IpMispredict
     5.009527906,448232,,br_misp_retired.all_branches,50749370,100.00,,
     5.109716676,57132490,,inst_retired.any,47785666,100.00,131.0,IpMispredict
     5.109716676,446567,,br_misp_retired.all_branches,47785666,100.00,,
     5.209904515,57492850,,inst_retired.any,48486217,100.00,131.8,IpMispredict
     5.209904515,438407,,br_misp_retired.all_branches,48486217,100.00,,
     5.310094372,57814380,,inst_retired.any,49136899,100.00,132.7,IpMispredict
     5.310094372,421971,,br_misp_retired.all_branches,49136899,100.00,,
     5.410284708,56802891,,inst_retired.any,47677256,100.00,130.4,IpMispredict
     5.410284708,429091,,br_misp_retired.all_branches,47677256,100.00,,
     5.510492858,58229627,,inst_retired.any,48448193,100.00,133.7,IpMispredict
     5.510492858,435289,,br_misp_retired.all_branches,48448193,100.00,,
     5.610682592,56187004,,inst_retired.any,47398416,100.00,129.0,IpMispredict
     5.610682592,437574,,br_misp_retired.all_branches,47398416,100.00,,
     5.710875243,57803756,,inst_retired.any,50016288,100.00,132.7,IpMispredict
     5.710875243,437234,,br_misp_retired.all_branches,50016288,100.00,,
     5.811061977,57338959,,inst_retired.any,48445790,100.00,131.7,IpMispredict
     5.811061977,410791,,br_misp_retired.all_branches,48445790,100.00,,
     5.911254627,57324789,,inst_retired.any,48851081,100.00,131.6,IpMispredict
     5.911254627,445484,,br_misp_retired.all_branches,48851081,100.00,,
     6.011471395,57259484,,inst_retired.any,48043157,100.00,131.4,IpMispredict
     6.011471395,451711,,br_misp_retired.all_branches,48043157,100.00,,
     6.111664951,57468507,,inst_retired.any,48380094,100.00,131.8,IpMispredict
     6.111664951,457531,,br_misp_retired.all_branches,48380094,100.00,,
     6.211852905,57339095,,inst_retired.any,47415929,100.00,131.5,IpMispredict
     6.211852905,435973,,br_misp_retired.all_branches,47415929,100.00,,
     6.312045519,56725746,,inst_retired.any,47664626,100.00,130.2,IpMispredict
     6.312045519,419836,,br_misp_retired.all_branches,47664626,100.00,,
     6.412235750,57492845,,inst_retired.any,48198175,100.00,131.9,IpMispredict
     6.412235750,429731,,br_misp_retired.all_branches,48198175,100.00,,
     6.512431712,57250838,,inst_retired.any,47980960,100.00,131.4,IpMispredict
     6.512431712,439935,,br_misp_retired.all_branches,47980960,100.00,,
     6.612620778,56570973,,inst_retired.any,48484812,100.00,129.8,IpMispredict
     6.612620778,442822,,br_misp_retired.all_branches,48484812,100.00,,
     6.712813566,57524818,,inst_retired.any,48370576,100.00,132.0,IpMispredict
     6.712813566,426664,,br_misp_retired.all_branches,48370576,100.00,,
     6.813002204,58343613,,inst_retired.any,49214988,100.00,134.0,IpMispredict
     6.813002204,416343,,br_misp_retired.all_branches,49214988,100.00,,
     6.913197517,56742399,,inst_retired.any,47491696,100.00,130.3,IpMispredict
     6.913197517,433233,,br_misp_retired.all_branches,47491696,100.00,,
     7.013393955,57298016,,inst_retired.any,47666622,100.00,131.6,IpMispredict
     7.013393955,436954,,br_misp_retired.all_branches,47666622,100.00,,
     7.113588103,57472530,,inst_retired.any,48482600,100.00,131.9,IpMispredict
     7.113588103,458033,,br_misp_retired.all_branches,48482600,100.00,,
     7.213776397,57262956,,inst_retired.any,47619706,100.00,131.4,IpMispredict
     7.213776397,445821,,br_misp_retired.all_branches,47619706,100.00,,
     7.313967223,57351425,,inst_retired.any,48740910,100.00,131.5,IpMispredict
     7.313967223,456481,,br_misp_retired.all_branches,48740910,100.00,,
     7.414156416,57130154,,inst_retired.any,51007479,100.00,130.8,IpMispredict
     7.414156416,473217,,br_misp_retired.all_branches,51007479,100.00,,
     7.514345849,57478817,,inst_retired.any,48548521,100.00,131.6,IpMispredict
     7.514345849,430862,,br_misp_retired.all_branches,48548521,100.00,,
     7.614535683,56517190,,inst_retired.any,46878057,100.00,129.5,IpMispredict
     7.614535683,433440,,br_misp_retired.all_branches,46878057,100.00,,
     7.714723269,57500590,,inst_retired.any,48330393,100.00,131.8,IpMispredict
     7.714723269,424130,,br_misp_retired.all_branches,48330393,100.00,,
     7.814922412,57696076,,inst_retired.any,49766001,100.00,132.2,IpMispredict
     7.814922412,431749,,br_misp_retired.all_branches,49766001,100.00,,
     7.915109894,56789708,,inst_retired.any,46481773,100.00,130.1,IpMispredict
     7.915109894,453572,,br_misp_retired.all_branches,46481773,100.00,,
     8.015299273,57954765,,inst_retired.any,50083240,100.00,132.8,IpMispredict
     8.015299273,434572,,br_misp_retired.all_branches,50083240,100.00,,
     8.115500377,57222134,,inst_retired.any,48105672,100.00,131.0,IpMispredict
     8.115500377,456174,,br_misp_retired.all_branches,48105672,100.00,,
     8.215690009,57643123,,inst_retired.any,49007178,100.00,131.9,IpMispredict
     8.215690009,453201,,br_misp_retired.all_branches,49007178,100.00,,
     8.315909271,56951999,,inst_retired.any,49603630,100.00,130.3,IpMispredict
     8.315909271,437332,,br_misp_retired.all_branches,49603630,100.00,,
     8.416101564,57438981,,inst_retired.any,49112004,100.00,131.4,IpMispredict
     8.416101564,440710,,br_misp_retired.all_branches,49112004,100.00,,
     8.516290189,57558642,,inst_retired.any,49416106,100.00,131.7,IpMispredict
     8.516290189,436997,,br_misp_retired.all_branches,49416106,100.00,,
     8.616479870,56770292,,inst_retired.any,48360661,100.00,129.9,IpMispredict
     8.616479870,443910,,br_misp_retired.all_branches,48360661,100.00,,
     8.716666376,57549376,,inst_retired.any,48165250,100.00,131.7,IpMispredict
     8.716666376,409597,,br_misp_retired.all_branches,48165250,100.00,,
     8.816854710,58057594,,inst_retired.any,48151243,100.00,132.9,IpMispredict
     8.816854710,432559,,br_misp_retired.all_branches,48151243,100.00,,
     8.917046707,56785975,,inst_retired.any,47932688,100.00,130.0,IpMispredict
     8.917046707,435312,,br_misp_retired.all_branches,47932688,100.00,,
     9.017240176,57223953,,inst_retired.any,47904233,100.00,131.0,IpMispredict
     9.017240176,443728,,br_misp_retired.all_branches,47904233,100.00,,
     9.117429435,57482650,,inst_retired.any,48630904,100.00,131.6,IpMispredict
     9.117429435,442792,,br_misp_retired.all_branches,48630904,100.00,,
     9.217621863,57890162,,inst_retired.any,50505670,100.00,132.5,IpMispredict
     9.217621863,424648,,br_misp_retired.all_branches,50505670,100.00,,
     9.317809468,56781459,,inst_retired.any,47214495,100.00,130.0,IpMispredict
     9.317809468,447991,,br_misp_retired.all_branches,47214495,100.00,,
     9.418003272,56769488,,inst_retired.any,48004196,100.00,129.9,IpMispredict
     9.418003272,445348,,br_misp_retired.all_branches,48004196,100.00,,
     9.518195396,57676594,,inst_retired.any,48106040,100.00,132.0,IpMispredict
     9.518195396,422037,,br_misp_retired.all_branches,48106040,100.00,,
     9.618389466,57691303,,inst_retired.any,48855670,100.00,132.1,IpMispredict
     9.618389466,423237,,br_misp_retired.all_branches,48855670,100.00,,
     9.718576545,57276794,,inst_retired.any,50277478,100.00,131.2,IpMispredict
     9.718576545,417975,,br_misp_retired.all_branches,50277478,100.00,,
     9.818764591,57339368,,inst_retired.any,49373739,100.00,131.4,IpMispredict
     9.818764591,427148,,br_misp_retired.all_branches,49373739,100.00,,
     9.918954579,57557416,,inst_retired.any,48825252,100.00,131.9,IpMispredict
     9.918954579,450757,,br_misp_retired.all_branches,48825252,100.00,,
    10.019145810,56777840,,inst_retired.any,48338470,100.00,130.1,IpMispredict
    10.019145810,423569,,br_misp_retired.all_branches,48338470,100.00,,
    10.119361986,58327229,,inst_retired.any,49776539,100.00,133.7,IpMispredict
    10.119361986,435189,,br_misp_retired.all_branches,49776539,100.00,,
    10.219554051,56593400,,inst_retired.any,49581782,100.00,129.7,IpMispredict
    10.219554051,431638,,br_misp_retired.all_branches,49581782,100.00,,
    10.319752218,57249788,,inst_retired.any,48344022,100.00,131.2,IpMispredict
    10.319752218,444344,,br_misp_retired.all_branches,48344022,100.00,,
    10.419941284,58013905,,inst_retired.any,48774224,100.00,132.9,IpMispredict
    10.419941284,438694,,br_misp_retired.all_branches,48774224,100.00,,
    10.520128679,56742930,,inst_retired.any,47796068,100.00,130.0,IpMispredict
    10.520128679,424766,,br_misp_retired.all_branches,47796068,100.00,,
    10.620320070,56819311,,inst_retired.any,48443897,100.00,130.3,IpMispredict
    10.620320070,425014,,br_misp_retired.all_branches,48443897,100.00,,
    10.720512441,57809516,,inst_retired.any,46872043,100.00,132.5,IpMispredict
    10.720512441,445168,,br_misp_retired.all_branches,46872043,100.00,,
    10.820701316,56910246,,inst_retired.any,51125331,100.00,130.5,IpMispredict
    10.820701316,407705,,br_misp_retired.all_branches,51125331,100.00,,
    10.920889680,56738259,,inst_retired.any,49472598,100.00,130.2,IpMispredict
    10.920889680,411634,,br_misp_retired.all_branches,49472598,100.00,,
    11.021069575,58068121,,inst_retired.any,50628948,100.00,133.3,IpMispredict
    11.021069575,420091,,br_misp_retired.all_branches,50628948,100.00,,
