# started on Mon May  1 19:23:49 2023

     0.100183781,7244979,,offcore_response.all_requests.llc_hit.any_response,67741194,100.00,,
     0.100183781,117179,,offcore_response.all_requests.llc_miss.any_response,67716686,100.00,,
     0.200379782,7402922,,offcore_response.all_requests.llc_hit.any_response,66966671,100.00,,
     0.200379782,116913,,offcore_response.all_requests.llc_miss.any_response,66966671,100.00,,
     0.300539840,7266466,,offcore_response.all_requests.llc_hit.any_response,67011620,100.00,,
     0.300539840,118044,,offcore_response.all_requests.llc_miss.any_response,67029080,100.00,,
     0.400715299,7110464,,offcore_response.all_requests.llc_hit.any_response,65887625,100.00,,
     0.400715299,116554,,offcore_response.all_requests.llc_miss.any_response,65890723,100.00,,
     0.500916345,7310903,,offcore_response.all_requests.llc_hit.any_response,66578499,100.00,,
     0.500916345,117042,,offcore_response.all_requests.llc_miss.any_response,66578595,100.00,,
     0.601111177,7277103,,offcore_response.all_requests.llc_hit.any_response,65907606,100.00,,
     0.601111177,117061,,offcore_response.all_requests.llc_miss.any_response,65908083,100.00,,
     0.701310213,7225487,,offcore_response.all_requests.llc_hit.any_response,65400699,100.00,,
     0.701310213,115305,,offcore_response.all_requests.llc_miss.any_response,65400665,100.00,,
     0.801506274,7295442,,offcore_response.all_requests.llc_hit.any_response,66312576,100.00,,
     0.801506274,117768,,offcore_response.all_requests.llc_miss.any_response,66312964,100.00,,
     0.901700958,7333161,,offcore_response.all_requests.llc_hit.any_response,66581588,100.00,,
     0.901700958,117699,,offcore_response.all_requests.llc_miss.any_response,66580764,100.00,,
     1.001893801,7324986,,offcore_response.all_requests.llc_hit.any_response,65967285,100.00,,
     1.001893801,116906,,offcore_response.all_requests.llc_miss.any_response,65946624,100.00,,
     1.102083892,7192769,,offcore_response.all_requests.llc_hit.any_response,65705072,100.00,,
     1.102083892,116005,,offcore_response.all_requests.llc_miss.any_response,65705072,100.00,,
     1.202270324,7035263,,offcore_response.all_requests.llc_hit.any_response,64966580,100.00,,
     1.202270324,117483,,offcore_response.all_requests.llc_miss.any_response,64966580,100.00,,
     1.302460171,7191310,,offcore_response.all_requests.llc_hit.any_response,65930394,100.00,,
     1.302460171,116114,,offcore_response.all_requests.llc_miss.any_response,65951052,100.00,,
     1.402655341,7314117,,offcore_response.all_requests.llc_hit.any_response,66936052,100.00,,
     1.402655341,117369,,offcore_response.all_requests.llc_miss.any_response,66915394,100.00,,
     1.502844583,7481053,,offcore_response.all_requests.llc_hit.any_response,66743279,100.00,,
     1.502844583,117599,,offcore_response.all_requests.llc_miss.any_response,66747385,100.00,,
     1.603040123,7136049,,offcore_response.all_requests.llc_hit.any_response,65602743,100.00,,
     1.603040123,115711,,offcore_response.all_requests.llc_miss.any_response,65620995,100.00,,
     1.703237307,7194020,,offcore_response.all_requests.llc_hit.any_response,66590270,100.00,,
     1.703237307,117077,,offcore_response.all_requests.llc_miss.any_response,66584072,100.00,,
     1.803430046,7349924,,offcore_response.all_requests.llc_hit.any_response,66266217,100.00,,
     1.803430046,116904,,offcore_response.all_requests.llc_miss.any_response,66271381,100.00,,
     1.903629549,7292509,,offcore_response.all_requests.llc_hit.any_response,67118578,100.00,,
     1.903629549,117707,,offcore_response.all_requests.llc_miss.any_response,67097254,100.00,,
     2.003824240,7277306,,offcore_response.all_requests.llc_hit.any_response,65308990,100.00,,
     2.003824240,116624,,offcore_response.all_requests.llc_miss.any_response,65308990,100.00,,
     2.104012283,7254330,,offcore_response.all_requests.llc_hit.any_response,67123944,100.00,,
     2.104012283,116403,,offcore_response.all_requests.llc_miss.any_response,67123944,100.00,,
     2.204200078,7433291,,offcore_response.all_requests.llc_hit.any_response,67374297,100.00,,
     2.204200078,118236,,offcore_response.all_requests.llc_miss.any_response,67396203,100.00,,
     2.304419935,7200066,,offcore_response.all_requests.llc_hit.any_response,66154902,100.00,,
     2.304419935,115473,,offcore_response.all_requests.llc_miss.any_response,66132996,100.00,,
     2.404611462,7483101,,offcore_response.all_requests.llc_hit.any_response,67162414,100.00,,
     2.404611462,119092,,offcore_response.all_requests.llc_miss.any_response,67180915,100.00,,
     2.504805940,7161942,,offcore_response.all_requests.llc_hit.any_response,65815102,100.00,,
     2.504805940,116545,,offcore_response.all_requests.llc_miss.any_response,65796601,100.00,,
     2.604993378,7381085,,offcore_response.all_requests.llc_hit.any_response,67149280,100.00,,
     2.604993378,118274,,offcore_response.all_requests.llc_miss.any_response,67170655,100.00,,
     2.705188951,7165744,,offcore_response.all_requests.llc_hit.any_response,65242970,100.00,,
     2.705188951,116037,,offcore_response.all_requests.llc_miss.any_response,65242922,100.00,,
     2.805384722,7316425,,offcore_response.all_requests.llc_hit.any_response,66520731,100.00,,
     2.805384722,117074,,offcore_response.all_requests.llc_miss.any_response,66520679,100.00,,
     2.905581625,7322034,,offcore_response.all_requests.llc_hit.any_response,67164978,100.00,,
     2.905581625,116072,,offcore_response.all_requests.llc_miss.any_response,67164569,100.00,,
     3.005785558,7370400,,offcore_response.all_requests.llc_hit.any_response,66551332,100.00,,
     3.005785558,119006,,offcore_response.all_requests.llc_miss.any_response,66551850,100.00,,
     3.105981302,7171459,,offcore_response.all_requests.llc_hit.any_response,66973911,100.00,,
     3.105981302,116689,,offcore_response.all_requests.llc_miss.any_response,66973464,100.00,,
     3.206176210,7175271,,offcore_response.all_requests.llc_hit.any_response,65886353,100.00,,
     3.206176210,117511,,offcore_response.all_requests.llc_miss.any_response,65886906,100.00,,
     3.306372061,7454910,,offcore_response.all_requests.llc_hit.any_response,66794624,100.00,,
     3.306372061,117096,,offcore_response.all_requests.llc_miss.any_response,66773134,100.00,,
     3.406558453,7259974,,offcore_response.all_requests.llc_hit.any_response,65139594,100.00,,
     3.406558453,116885,,offcore_response.all_requests.llc_miss.any_response,65139594,100.00,,
     3.506746636,7481860,,offcore_response.all_requests.llc_hit.any_response,67741854,100.00,,
     3.506746636,117510,,offcore_response.all_requests.llc_miss.any_response,67762661,100.00,,
     3.606939437,7437669,,offcore_response.all_requests.llc_hit.any_response,66466570,100.00,,
     3.606939437,117430,,offcore_response.all_requests.llc_miss.any_response,66445763,100.00,,
     3.707128946,7158352,,offcore_response.all_requests.llc_hit.any_response,65958929,100.00,,
     3.707128946,116163,,offcore_response.all_requests.llc_miss.any_response,65958929,100.00,,
     3.807317452,7280518,,offcore_response.all_requests.llc_hit.any_response,66726776,100.00,,
     3.807317452,118142,,offcore_response.all_requests.llc_miss.any_response,66746116,100.00,,
     3.907513012,7236742,,offcore_response.all_requests.llc_hit.any_response,65233267,100.00,,
     3.907513012,115826,,offcore_response.all_requests.llc_miss.any_response,65252431,100.00,,
     4.007731940,7401873,,offcore_response.all_requests.llc_hit.any_response,66862536,100.00,,
     4.007731940,118450,,offcore_response.all_requests.llc_miss.any_response,66845550,100.00,,
     4.107928255,7486359,,offcore_response.all_requests.llc_hit.any_response,67521231,100.00,,
     4.107928255,117614,,offcore_response.all_requests.llc_miss.any_response,67499713,100.00,,
     4.208116923,7193242,,offcore_response.all_requests.llc_hit.any_response,66288050,100.00,,
     4.208116923,116241,,offcore_response.all_requests.llc_miss.any_response,66288050,100.00,,
     4.308308528,7283331,,offcore_response.all_requests.llc_hit.any_response,66025808,100.00,,
     4.308308528,116094,,offcore_response.all_requests.llc_miss.any_response,66025808,100.00,,
     4.408514525,7344091,,offcore_response.all_requests.llc_hit.any_response,66744424,100.00,,
     4.408514525,118028,,offcore_response.all_requests.llc_miss.any_response,66760820,100.00,,
     4.508708955,7164779,,offcore_response.all_requests.llc_hit.any_response,66215141,100.00,,
     4.508708955,116818,,offcore_response.all_requests.llc_miss.any_response,66198745,100.00,,
     4.608896012,7208500,,offcore_response.all_requests.llc_hit.any_response,66946268,100.00,,
     4.608896012,117577,,offcore_response.all_requests.llc_miss.any_response,66952514,100.00,,
     4.709092485,7134515,,offcore_response.all_requests.llc_hit.any_response,66534762,100.00,,
     4.709092485,115521,,offcore_response.all_requests.llc_miss.any_response,66549561,100.00,,
     4.809286498,7170447,,offcore_response.all_requests.llc_hit.any_response,65842197,100.00,,
     4.809286498,117961,,offcore_response.all_requests.llc_miss.any_response,65827279,100.00,,
     4.909482365,7221346,,offcore_response.all_requests.llc_hit.any_response,66047084,100.00,,
     4.909482365,115088,,offcore_response.all_requests.llc_miss.any_response,66061632,100.00,,
     5.009674912,7453735,,offcore_response.all_requests.llc_hit.any_response,67309932,100.00,,
     5.009674912,118884,,offcore_response.all_requests.llc_miss.any_response,67289257,100.00,,
     5.109863737,7093805,,offcore_response.all_requests.llc_hit.any_response,65298097,100.00,,
     5.109863737,117357,,offcore_response.all_requests.llc_miss.any_response,65310076,100.00,,
     5.210056877,7140259,,offcore_response.all_requests.llc_hit.any_response,67055730,100.00,,
     5.210056877,115328,,offcore_response.all_requests.llc_miss.any_response,67065281,100.00,,
     5.310251910,7069082,,offcore_response.all_requests.llc_hit.any_response,66059796,100.00,,
     5.310251910,116586,,offcore_response.all_requests.llc_miss.any_response,66038266,100.00,,
     5.410439842,7317749,,offcore_response.all_requests.llc_hit.any_response,66791668,100.00,,
     5.410439842,116266,,offcore_response.all_requests.llc_miss.any_response,66797736,100.00,,
     5.510632966,7340189,,offcore_response.all_requests.llc_hit.any_response,66404777,100.00,,
     5.510632966,117107,,offcore_response.all_requests.llc_miss.any_response,66419202,100.00,,
     5.610825599,7262000,,offcore_response.all_requests.llc_hit.any_response,65530658,100.00,,
     5.610825599,115511,,offcore_response.all_requests.llc_miss.any_response,65531635,100.00,,
     5.711021613,7255558,,offcore_response.all_requests.llc_hit.any_response,65911179,100.00,,
     5.711021613,117099,,offcore_response.all_requests.llc_miss.any_response,65910771,100.00,,
     5.811217375,7306239,,offcore_response.all_requests.llc_hit.any_response,66159527,100.00,,
     5.811217375,117563,,offcore_response.all_requests.llc_miss.any_response,66159654,100.00,,
     5.911414305,7392480,,offcore_response.all_requests.llc_hit.any_response,67069027,100.00,,
     5.911414305,116996,,offcore_response.all_requests.llc_miss.any_response,67047838,100.00,,
     6.011602634,7348491,,offcore_response.all_requests.llc_hit.any_response,66983517,100.00,,
     6.011602634,115678,,offcore_response.all_requests.llc_miss.any_response,66995215,100.00,,
     6.111794502,7108707,,offcore_response.all_requests.llc_hit.any_response,66839332,100.00,,
     6.111794502,117490,,offcore_response.all_requests.llc_miss.any_response,66827634,100.00,,
     6.211983139,7126420,,offcore_response.all_requests.llc_hit.any_response,66344713,100.00,,
     6.211983139,116585,,offcore_response.all_requests.llc_miss.any_response,66360599,100.00,,
     6.312179004,7302526,,offcore_response.all_requests.llc_hit.any_response,65450719,100.00,,
     6.312179004,116851,,offcore_response.all_requests.llc_miss.any_response,65434833,100.00,,
     6.412368069,7343212,,offcore_response.all_requests.llc_hit.any_response,66431564,100.00,,
     6.412368069,117014,,offcore_response.all_requests.llc_miss.any_response,66453296,100.00,,
     6.512562797,7274404,,offcore_response.all_requests.llc_hit.any_response,66278257,100.00,,
     6.512562797,115738,,offcore_response.all_requests.llc_miss.any_response,66269630,100.00,,
     6.612777384,7562277,,offcore_response.all_requests.llc_hit.any_response,66703717,100.00,,
     6.612777384,117244,,offcore_response.all_requests.llc_miss.any_response,66690612,100.00,,
     6.712965621,7314793,,offcore_response.all_requests.llc_hit.any_response,66282754,100.00,,
     6.712965621,116636,,offcore_response.all_requests.llc_miss.any_response,66282754,100.00,,
     6.813154579,7300530,,offcore_response.all_requests.llc_hit.any_response,66273022,100.00,,
     6.813154579,117343,,offcore_response.all_requests.llc_miss.any_response,66294601,100.00,,
     6.913349033,7350131,,offcore_response.all_requests.llc_hit.any_response,66894467,100.00,,
     6.913349033,118317,,offcore_response.all_requests.llc_miss.any_response,66893787,100.00,,
     7.013548659,7146917,,offcore_response.all_requests.llc_hit.any_response,66203366,100.00,,
     7.013548659,117184,,offcore_response.all_requests.llc_miss.any_response,66191325,100.00,,
     7.113746581,7176209,,offcore_response.all_requests.llc_hit.any_response,65732358,100.00,,
     7.113746581,115444,,offcore_response.all_requests.llc_miss.any_response,65723500,100.00,,
     7.213933474,7230071,,offcore_response.all_requests.llc_hit.any_response,65636267,100.00,,
     7.213933474,116112,,offcore_response.all_requests.llc_miss.any_response,65636267,100.00,,
     7.314123605,7271478,,offcore_response.all_requests.llc_hit.any_response,66623766,100.00,,
     7.314123605,117529,,offcore_response.all_requests.llc_miss.any_response,66623766,100.00,,
     7.414311627,7350186,,offcore_response.all_requests.llc_hit.any_response,66319188,100.00,,
     7.414311627,118364,,offcore_response.all_requests.llc_miss.any_response,66329111,100.00,,
     7.514504027,7149985,,offcore_response.all_requests.llc_hit.any_response,66423449,100.00,,
     7.514504027,116828,,offcore_response.all_requests.llc_miss.any_response,66434296,100.00,,
     7.614699725,7213025,,offcore_response.all_requests.llc_hit.any_response,65922155,100.00,,
     7.614699725,117101,,offcore_response.all_requests.llc_miss.any_response,65922674,100.00,,
     7.714897145,7431670,,offcore_response.all_requests.llc_hit.any_response,67271698,100.00,,
     7.714897145,117194,,offcore_response.all_requests.llc_miss.any_response,67255861,100.00,,
     7.815091442,7327896,,offcore_response.all_requests.llc_hit.any_response,65729821,100.00,,
     7.815091442,116366,,offcore_response.all_requests.llc_miss.any_response,65724369,100.00,,
     7.915284383,7208967,,offcore_response.all_requests.llc_hit.any_response,65474883,100.00,,
     7.915284383,117598,,offcore_response.all_requests.llc_miss.any_response,65495615,100.00,,
     8.015478292,7141141,,offcore_response.all_requests.llc_hit.any_response,65072943,100.00,,
     8.015478292,115140,,offcore_response.all_requests.llc_miss.any_response,65073698,100.00,,
     8.115703007,7157855,,offcore_response.all_requests.llc_hit.any_response,66413612,100.00,,
     8.115703007,117718,,offcore_response.all_requests.llc_miss.any_response,66392125,100.00,,
     8.215891203,7243908,,offcore_response.all_requests.llc_hit.any_response,65761395,100.00,,
     8.215891203,116541,,offcore_response.all_requests.llc_miss.any_response,65783189,100.00,,
     8.316086041,7373899,,offcore_response.all_requests.llc_hit.any_response,66569584,100.00,,
     8.316086041,116821,,offcore_response.all_requests.llc_miss.any_response,66568383,100.00,,
     8.416280919,7356472,,offcore_response.all_requests.llc_hit.any_response,67104305,100.00,,
     8.416280919,116711,,offcore_response.all_requests.llc_miss.any_response,67083712,100.00,,
     8.516469738,7175778,,offcore_response.all_requests.llc_hit.any_response,64394805,100.00,,
     8.516469738,115479,,offcore_response.all_requests.llc_miss.any_response,64416944,100.00,,
     8.616664663,7496897,,offcore_response.all_requests.llc_hit.any_response,67451394,100.00,,
     8.616664663,118590,,offcore_response.all_requests.llc_miss.any_response,67450676,100.00,,
     8.716859241,7369753,,offcore_response.all_requests.llc_hit.any_response,66678936,100.00,,
     8.716859241,116903,,offcore_response.all_requests.llc_miss.any_response,66678665,100.00,,
     8.817078449,7189974,,offcore_response.all_requests.llc_hit.any_response,66226844,100.00,,
     8.817078449,117266,,offcore_response.all_requests.llc_miss.any_response,66227305,100.00,,
     8.917273548,7223555,,offcore_response.all_requests.llc_hit.any_response,66156945,100.00,,
     8.917273548,115501,,offcore_response.all_requests.llc_miss.any_response,66156032,100.00,,
     9.017466051,7355234,,offcore_response.all_requests.llc_hit.any_response,67409843,100.00,,
     9.017466051,118263,,offcore_response.all_requests.llc_miss.any_response,67389145,100.00,,
     9.117656048,7073592,,offcore_response.all_requests.llc_hit.any_response,66297311,100.00,,
     9.117656048,115523,,offcore_response.all_requests.llc_miss.any_response,66317957,100.00,,
     9.217850498,7100764,,offcore_response.all_requests.llc_hit.any_response,65908287,100.00,,
     9.217850498,115922,,offcore_response.all_requests.llc_miss.any_response,65909173,100.00,,
     9.318046166,7324248,,offcore_response.all_requests.llc_hit.any_response,67351015,100.00,,
     9.318046166,117839,,offcore_response.all_requests.llc_miss.any_response,67350245,100.00,,
     9.418239373,7291843,,offcore_response.all_requests.llc_hit.any_response,65950328,100.00,,
     9.418239373,116939,,offcore_response.all_requests.llc_miss.any_response,65942237,100.00,,
     9.518432300,7341173,,offcore_response.all_requests.llc_hit.any_response,65849818,100.00,,
     9.518432300,117626,,offcore_response.all_requests.llc_miss.any_response,65857717,100.00,,
     9.618626792,7290825,,offcore_response.all_requests.llc_hit.any_response,65090668,100.00,,
     9.618626792,116279,,offcore_response.all_requests.llc_miss.any_response,65091588,100.00,,
     9.718821757,7403703,,offcore_response.all_requests.llc_hit.any_response,66812108,100.00,,
     9.718821757,117432,,offcore_response.all_requests.llc_miss.any_response,66811548,100.00,,
     9.819016011,7048463,,offcore_response.all_requests.llc_hit.any_response,65126343,100.00,,
     9.819016011,115060,,offcore_response.all_requests.llc_miss.any_response,65126865,100.00,,
     9.919212837,7371698,,offcore_response.all_requests.llc_hit.any_response,67017939,100.00,,
     9.919212837,118611,,offcore_response.all_requests.llc_miss.any_response,67017364,100.00,,
    10.019406376,7292406,,offcore_response.all_requests.llc_hit.any_response,66520161,100.00,,
    10.019406376,117619,,offcore_response.all_requests.llc_miss.any_response,66520766,100.00,,
    10.119601806,7168421,,offcore_response.all_requests.llc_hit.any_response,65000035,100.00,,
    10.119601806,115823,,offcore_response.all_requests.llc_miss.any_response,65005430,100.00,,
    10.219803399,7049502,,offcore_response.all_requests.llc_hit.any_response,65964963,100.00,,
    10.219803399,116625,,offcore_response.all_requests.llc_miss.any_response,65938086,100.00,,
    10.319993607,7435644,,offcore_response.all_requests.llc_hit.any_response,67044915,100.00,,
    10.319993607,116732,,offcore_response.all_requests.llc_miss.any_response,67064606,100.00,,
    10.420190673,7325151,,offcore_response.all_requests.llc_hit.any_response,66153802,100.00,,
    10.420190673,117684,,offcore_response.all_requests.llc_miss.any_response,66152151,100.00,,
    10.520390573,7117082,,offcore_response.all_requests.llc_hit.any_response,66029912,100.00,,
    10.520390573,116420,,offcore_response.all_requests.llc_miss.any_response,66032609,100.00,,
    10.620584189,7405914,,offcore_response.all_requests.llc_hit.any_response,66218923,100.00,,
    10.620584189,116786,,offcore_response.all_requests.llc_miss.any_response,66217966,100.00,,
    10.720782849,7151464,,offcore_response.all_requests.llc_hit.any_response,65890108,100.00,,
    10.720782849,116682,,offcore_response.all_requests.llc_miss.any_response,65891291,100.00,,
    10.820977254,7248933,,offcore_response.all_requests.llc_hit.any_response,65623424,100.00,,
    10.820977254,115562,,offcore_response.all_requests.llc_miss.any_response,65624105,100.00,,
    10.921190719,7299007,,offcore_response.all_requests.llc_hit.any_response,67586976,100.00,,
    10.921190719,117596,,offcore_response.all_requests.llc_miss.any_response,67586180,100.00,,
    11.021385083,7155253,,offcore_response.all_requests.llc_hit.any_response,65301544,100.00,,
    11.021385083,115470,,offcore_response.all_requests.llc_miss.any_response,65302218,100.00,,
