# started on Mon May  1 17:42:25 2023

     0.100238805,5828021,,offcore_response.all_requests.llc_hit.any_response,52688045,100.00,,
     0.100238805,1042,,offcore_response.all_requests.llc_miss.any_response,52662217,100.00,,
     0.200494377,5856016,,offcore_response.all_requests.llc_hit.any_response,53138503,100.00,,
     0.200494377,792,,offcore_response.all_requests.llc_miss.any_response,53138362,100.00,,
     0.300705909,5827205,,offcore_response.all_requests.llc_hit.any_response,52954713,100.00,,
     0.300705909,495,,offcore_response.all_requests.llc_miss.any_response,52956595,100.00,,
     0.400922588,5842805,,offcore_response.all_requests.llc_hit.any_response,53141334,100.00,,
     0.400922588,643,,offcore_response.all_requests.llc_miss.any_response,53128139,100.00,,
     0.501134249,5781868,,offcore_response.all_requests.llc_hit.any_response,52438539,100.00,,
     0.501134249,618,,offcore_response.all_requests.llc_miss.any_response,52421715,100.00,,
     0.601343531,5826481,,offcore_response.all_requests.llc_hit.any_response,53071953,100.00,,
     0.601343531,493,,offcore_response.all_requests.llc_miss.any_response,53071953,100.00,,
     0.701552971,5756277,,offcore_response.all_requests.llc_hit.any_response,52454972,100.00,,
     0.701552971,710,,offcore_response.all_requests.llc_miss.any_response,52485015,100.00,,
     0.801764398,5797065,,offcore_response.all_requests.llc_hit.any_response,52822596,100.00,,
     0.801764398,672,,offcore_response.all_requests.llc_miss.any_response,52810554,100.00,,
     0.901977769,5841151,,offcore_response.all_requests.llc_hit.any_response,53078907,100.00,,
     0.901977769,821,,offcore_response.all_requests.llc_miss.any_response,53091000,100.00,,
     1.002189731,5819034,,offcore_response.all_requests.llc_hit.any_response,52822113,100.00,,
     1.002189731,732,,offcore_response.all_requests.llc_miss.any_response,52813897,100.00,,
     1.102399978,5769375,,offcore_response.all_requests.llc_hit.any_response,52433896,100.00,,
     1.102399978,795,,offcore_response.all_requests.llc_miss.any_response,52442095,100.00,,
     1.202627931,5796903,,offcore_response.all_requests.llc_hit.any_response,52831704,100.00,,
     1.202627931,580,,offcore_response.all_requests.llc_miss.any_response,52801627,100.00,,
     1.302837263,5759768,,offcore_response.all_requests.llc_hit.any_response,52393493,100.00,,
     1.302837263,593,,offcore_response.all_requests.llc_miss.any_response,52406476,100.00,,
     1.403050163,5801876,,offcore_response.all_requests.llc_hit.any_response,53244423,100.00,,
     1.403050163,558,,offcore_response.all_requests.llc_miss.any_response,53231440,100.00,,
     1.503260785,5818591,,offcore_response.all_requests.llc_hit.any_response,53159176,100.00,,
     1.503260785,550,,offcore_response.all_requests.llc_miss.any_response,53190880,100.00,,
     1.603474598,5784565,,offcore_response.all_requests.llc_hit.any_response,52690306,100.00,,
     1.603474598,617,,offcore_response.all_requests.llc_miss.any_response,52688490,100.00,,
     1.703697643,5785438,,offcore_response.all_requests.llc_hit.any_response,52635444,100.00,,
     1.703697643,481,,offcore_response.all_requests.llc_miss.any_response,52635735,100.00,,
     1.803910336,5782995,,offcore_response.all_requests.llc_hit.any_response,52734851,100.00,,
     1.803910336,707,,offcore_response.all_requests.llc_miss.any_response,52734508,100.00,,
     1.904124720,5829793,,offcore_response.all_requests.llc_hit.any_response,53337322,100.00,,
     1.904124720,1246,,offcore_response.all_requests.llc_miss.any_response,53331412,100.00,,
     2.004338224,5771302,,offcore_response.all_requests.llc_hit.any_response,52676150,100.00,,
     2.004338224,754,,offcore_response.all_requests.llc_miss.any_response,52667071,100.00,,
     2.104550427,5755884,,offcore_response.all_requests.llc_hit.any_response,52512526,100.00,,
     2.104550427,526,,offcore_response.all_requests.llc_miss.any_response,52497679,100.00,,
     2.204760805,5809957,,offcore_response.all_requests.llc_hit.any_response,52860340,100.00,,
     2.204760805,518,,offcore_response.all_requests.llc_miss.any_response,52872696,100.00,,
     2.304991898,5767869,,offcore_response.all_requests.llc_hit.any_response,52496536,100.00,,
     2.304991898,573,,offcore_response.all_requests.llc_miss.any_response,52500109,100.00,,
     2.405208260,5800443,,offcore_response.all_requests.llc_hit.any_response,52766798,100.00,,
     2.405208260,592,,offcore_response.all_requests.llc_miss.any_response,52750869,100.00,,
     2.505422006,5858517,,offcore_response.all_requests.llc_hit.any_response,53063638,100.00,,
     2.505422006,718,,offcore_response.all_requests.llc_miss.any_response,53063638,100.00,,
     2.605631909,5800041,,offcore_response.all_requests.llc_hit.any_response,52805625,100.00,,
     2.605631909,603,,offcore_response.all_requests.llc_miss.any_response,52836024,100.00,,
     2.705869894,5804660,,offcore_response.all_requests.llc_hit.any_response,52682780,100.00,,
     2.705869894,640,,offcore_response.all_requests.llc_miss.any_response,52682690,100.00,,
     2.806093514,5882406,,offcore_response.all_requests.llc_hit.any_response,53165935,100.00,,
     2.806093514,674,,offcore_response.all_requests.llc_miss.any_response,53165624,100.00,,
     2.906306608,5826759,,offcore_response.all_requests.llc_hit.any_response,53446391,100.00,,
     2.906306608,1376,,offcore_response.all_requests.llc_miss.any_response,53446506,100.00,,
     3.006520357,5778556,,offcore_response.all_requests.llc_hit.any_response,52699898,100.00,,
     3.006520357,659,,offcore_response.all_requests.llc_miss.any_response,52699741,100.00,,
     3.106734774,5818168,,offcore_response.all_requests.llc_hit.any_response,52899541,100.00,,
     3.106734774,647,,offcore_response.all_requests.llc_miss.any_response,52899625,100.00,,
     3.206948827,5813423,,offcore_response.all_requests.llc_hit.any_response,53098516,100.00,,
     3.206948827,593,,offcore_response.all_requests.llc_miss.any_response,53082514,100.00,,
     3.307160849,5754528,,offcore_response.all_requests.llc_hit.any_response,54717703,100.00,,
     3.307160849,582,,offcore_response.all_requests.llc_miss.any_response,54716767,100.00,,
     3.407372266,5856500,,offcore_response.all_requests.llc_hit.any_response,53500485,100.00,,
     3.407372266,663,,offcore_response.all_requests.llc_miss.any_response,53487383,100.00,,
     3.507586644,5781819,,offcore_response.all_requests.llc_hit.any_response,53235284,100.00,,
     3.507586644,502,,offcore_response.all_requests.llc_miss.any_response,53235284,100.00,,
     3.607801251,5833599,,offcore_response.all_requests.llc_hit.any_response,54032712,100.00,,
     3.607801251,668,,offcore_response.all_requests.llc_miss.any_response,54032712,100.00,,
     3.708011943,5788804,,offcore_response.all_requests.llc_hit.any_response,52546076,100.00,,
     3.708011943,523,,offcore_response.all_requests.llc_miss.any_response,52576102,100.00,,
     3.808225950,5819509,,offcore_response.all_requests.llc_hit.any_response,53019224,100.00,,
     3.808225950,784,,offcore_response.all_requests.llc_miss.any_response,52989198,100.00,,
     3.908436405,5822799,,offcore_response.all_requests.llc_hit.any_response,53230093,100.00,,
     3.908436405,768,,offcore_response.all_requests.llc_miss.any_response,53260225,100.00,,
     4.008651570,5777313,,offcore_response.all_requests.llc_hit.any_response,52545474,100.00,,
     4.008651570,630,,offcore_response.all_requests.llc_miss.any_response,52545308,100.00,,
     4.108868272,5792955,,offcore_response.all_requests.llc_hit.any_response,52913642,100.00,,
     4.108868272,543,,offcore_response.all_requests.llc_miss.any_response,52913713,100.00,,
     4.209082881,5854322,,offcore_response.all_requests.llc_hit.any_response,53322729,100.00,,
     4.209082881,784,,offcore_response.all_requests.llc_miss.any_response,53305349,100.00,,
     4.309296466,5781618,,offcore_response.all_requests.llc_hit.any_response,52839120,100.00,,
     4.309296466,648,,offcore_response.all_requests.llc_miss.any_response,52856283,100.00,,
     4.409511221,5769352,,offcore_response.all_requests.llc_hit.any_response,52695370,100.00,,
     4.409511221,887,,offcore_response.all_requests.llc_miss.any_response,52665550,100.00,,
     4.509738775,5885626,,offcore_response.all_requests.llc_hit.any_response,56582184,100.00,,
     4.509738775,987,,offcore_response.all_requests.llc_miss.any_response,56612056,100.00,,
     4.609953029,5962887,,offcore_response.all_requests.llc_hit.any_response,50841302,100.00,,
     4.609953029,1024,,offcore_response.all_requests.llc_miss.any_response,50811430,100.00,,
     4.710164714,5903744,,offcore_response.all_requests.llc_hit.any_response,50347000,100.00,,
     4.710164714,537,,offcore_response.all_requests.llc_miss.any_response,50364223,100.00,,
     4.810379334,5916744,,offcore_response.all_requests.llc_hit.any_response,50780958,100.00,,
     4.810379334,500,,offcore_response.all_requests.llc_miss.any_response,50793649,100.00,,
     4.910597524,5870535,,offcore_response.all_requests.llc_hit.any_response,50304652,100.00,,
     4.910597524,646,,offcore_response.all_requests.llc_miss.any_response,50274738,100.00,,
     5.010817377,5904903,,offcore_response.all_requests.llc_hit.any_response,50385140,100.00,,
     5.010817377,581,,offcore_response.all_requests.llc_miss.any_response,50385140,100.00,,
     5.111026579,5947858,,offcore_response.all_requests.llc_hit.any_response,51344394,100.00,,
     5.111026579,703,,offcore_response.all_requests.llc_miss.any_response,51374282,100.00,,
     5.211241057,5881554,,offcore_response.all_requests.llc_hit.any_response,50515555,100.00,,
     5.211241057,1003,,offcore_response.all_requests.llc_miss.any_response,50485667,100.00,,
     5.311452283,5912856,,offcore_response.all_requests.llc_hit.any_response,50464883,100.00,,
     5.311452283,574,,offcore_response.all_requests.llc_miss.any_response,50494764,100.00,,
     5.411702377,5919945,,offcore_response.all_requests.llc_hit.any_response,50595727,100.00,,
     5.411702377,774,,offcore_response.all_requests.llc_miss.any_response,50565846,100.00,,
     5.511912326,5904622,,offcore_response.all_requests.llc_hit.any_response,50180488,100.00,,
     5.511912326,634,,offcore_response.all_requests.llc_miss.any_response,50210429,100.00,,
     5.612125695,5860025,,offcore_response.all_requests.llc_hit.any_response,50293386,100.00,,
     5.612125695,547,,offcore_response.all_requests.llc_miss.any_response,50263445,100.00,,
     5.712336260,5903210,,offcore_response.all_requests.llc_hit.any_response,50504725,100.00,,
     5.712336260,610,,offcore_response.all_requests.llc_miss.any_response,50534630,100.00,,
     5.812552288,5885060,,offcore_response.all_requests.llc_hit.any_response,50452434,100.00,,
     5.812552288,524,,offcore_response.all_requests.llc_miss.any_response,50422529,100.00,,
     5.912764423,5857425,,offcore_response.all_requests.llc_hit.any_response,50415471,100.00,,
     5.912764423,965,,offcore_response.all_requests.llc_miss.any_response,50445382,100.00,,
     6.012980915,5915071,,offcore_response.all_requests.llc_hit.any_response,50714975,100.00,,
     6.012980915,490,,offcore_response.all_requests.llc_miss.any_response,50685064,100.00,,
     6.113190528,5877692,,offcore_response.all_requests.llc_hit.any_response,50241175,100.00,,
     6.113190528,542,,offcore_response.all_requests.llc_miss.any_response,50241175,100.00,,
     6.213399840,5842445,,offcore_response.all_requests.llc_hit.any_response,49938108,100.00,,
     6.213399840,471,,offcore_response.all_requests.llc_miss.any_response,49950907,100.00,,
     6.313612082,5845444,,offcore_response.all_requests.llc_hit.any_response,49847498,100.00,,
     6.313612082,563,,offcore_response.all_requests.llc_miss.any_response,49834699,100.00,,
     6.413820971,5897284,,offcore_response.all_requests.llc_hit.any_response,50537987,100.00,,
     6.413820971,603,,offcore_response.all_requests.llc_miss.any_response,50554902,100.00,,
     6.514032116,5852477,,offcore_response.all_requests.llc_hit.any_response,50015043,100.00,,
     6.514032116,508,,offcore_response.all_requests.llc_miss.any_response,49998128,100.00,,
     6.614247145,5875002,,offcore_response.all_requests.llc_hit.any_response,50224135,100.00,,
     6.614247145,534,,offcore_response.all_requests.llc_miss.any_response,50224135,100.00,,
     6.714481820,5930450,,offcore_response.all_requests.llc_hit.any_response,50695031,100.00,,
     6.714481820,557,,offcore_response.all_requests.llc_miss.any_response,50695031,100.00,,
     6.814692612,5860426,,offcore_response.all_requests.llc_hit.any_response,50072248,100.00,,
     6.814692612,617,,offcore_response.all_requests.llc_miss.any_response,50096922,100.00,,
     6.914906043,5927032,,offcore_response.all_requests.llc_hit.any_response,50857469,100.00,,
     6.914906043,635,,offcore_response.all_requests.llc_miss.any_response,50832795,100.00,,
     7.015115192,5944362,,offcore_response.all_requests.llc_hit.any_response,50906063,100.00,,
     7.015115192,657,,offcore_response.all_requests.llc_miss.any_response,50919202,100.00,,
     7.115332821,5869165,,offcore_response.all_requests.llc_hit.any_response,57399161,100.00,,
     7.115332821,630,,offcore_response.all_requests.llc_miss.any_response,57415964,100.00,,
     7.215562790,5802203,,offcore_response.all_requests.llc_hit.any_response,52572901,100.00,,
     7.215562790,429,,offcore_response.all_requests.llc_miss.any_response,52573135,100.00,,
     7.315780802,5862028,,offcore_response.all_requests.llc_hit.any_response,53047714,100.00,,
     7.315780802,664,,offcore_response.all_requests.llc_miss.any_response,53047472,100.00,,
     7.415995300,5803984,,offcore_response.all_requests.llc_hit.any_response,52839403,100.00,,
     7.415995300,803,,offcore_response.all_requests.llc_miss.any_response,52838782,100.00,,
     7.516208802,5802113,,offcore_response.all_requests.llc_hit.any_response,52904811,100.00,,
     7.516208802,671,,offcore_response.all_requests.llc_miss.any_response,52875498,100.00,,
     7.616419587,5800224,,offcore_response.all_requests.llc_hit.any_response,52847785,100.00,,
     7.616419587,526,,offcore_response.all_requests.llc_miss.any_response,52847785,100.00,,
     7.716628849,5792598,,offcore_response.all_requests.llc_hit.any_response,52551282,100.00,,
     7.716628849,826,,offcore_response.all_requests.llc_miss.any_response,52551282,100.00,,
     7.816838926,5765061,,offcore_response.all_requests.llc_hit.any_response,52664778,100.00,,
     7.816838926,645,,offcore_response.all_requests.llc_miss.any_response,52694777,100.00,,
     7.917052602,5825500,,offcore_response.all_requests.llc_hit.any_response,53377316,100.00,,
     7.917052602,995,,offcore_response.all_requests.llc_miss.any_response,53360428,100.00,,
     8.017264202,5807953,,offcore_response.all_requests.llc_hit.any_response,52866325,100.00,,
     8.017264202,820,,offcore_response.all_requests.llc_miss.any_response,52858915,100.00,,
     8.117477261,5793818,,offcore_response.all_requests.llc_hit.any_response,52798473,100.00,,
     8.117477261,833,,offcore_response.all_requests.llc_miss.any_response,52822552,100.00,,
     8.217691627,5831237,,offcore_response.all_requests.llc_hit.any_response,53399300,100.00,,
     8.217691627,795,,offcore_response.all_requests.llc_miss.any_response,53383917,100.00,,
     8.317909562,5781586,,offcore_response.all_requests.llc_hit.any_response,52756146,100.00,,
     8.317909562,763,,offcore_response.all_requests.llc_miss.any_response,52741749,100.00,,
     8.418120713,5773880,,offcore_response.all_requests.llc_hit.any_response,52887838,100.00,,
     8.418120713,844,,offcore_response.all_requests.llc_miss.any_response,52887838,100.00,,
     8.518332082,5797144,,offcore_response.all_requests.llc_hit.any_response,52827955,100.00,,
     8.518332082,729,,offcore_response.all_requests.llc_miss.any_response,52840966,100.00,,
     8.618548250,5827760,,offcore_response.all_requests.llc_hit.any_response,53342540,100.00,,
     8.618548250,546,,offcore_response.all_requests.llc_miss.any_response,53344003,100.00,,
     8.718765799,5739123,,offcore_response.all_requests.llc_hit.any_response,52409584,100.00,,
     8.718765799,641,,offcore_response.all_requests.llc_miss.any_response,52424883,100.00,,
     8.818978790,5786363,,offcore_response.all_requests.llc_hit.any_response,52707903,100.00,,
     8.818978790,504,,offcore_response.all_requests.llc_miss.any_response,52708281,100.00,,
     8.919211024,5855662,,offcore_response.all_requests.llc_hit.any_response,53397479,100.00,,
     8.919211024,829,,offcore_response.all_requests.llc_miss.any_response,53397213,100.00,,
     9.019424399,5785001,,offcore_response.all_requests.llc_hit.any_response,52835109,100.00,,
     9.019424399,819,,offcore_response.all_requests.llc_miss.any_response,52835243,100.00,,
     9.119639542,5791749,,offcore_response.all_requests.llc_hit.any_response,52778298,100.00,,
     9.119639542,648,,offcore_response.all_requests.llc_miss.any_response,52778188,100.00,,
     9.219854092,5833942,,offcore_response.all_requests.llc_hit.any_response,53210486,100.00,,
     9.219854092,645,,offcore_response.all_requests.llc_miss.any_response,53180577,100.00,,
     9.320065338,5776359,,offcore_response.all_requests.llc_hit.any_response,52488362,100.00,,
     9.320065338,627,,offcore_response.all_requests.llc_miss.any_response,52518392,100.00,,
     9.420280113,5751779,,offcore_response.all_requests.llc_hit.any_response,52815577,100.00,,
     9.420280113,842,,offcore_response.all_requests.llc_miss.any_response,52796100,100.00,,
     9.520493401,5795025,,offcore_response.all_requests.llc_hit.any_response,52977975,100.00,,
     9.520493401,571,,offcore_response.all_requests.llc_miss.any_response,52967422,100.00,,
     9.620703362,5798688,,offcore_response.all_requests.llc_hit.any_response,53018184,100.00,,
     9.620703362,554,,offcore_response.all_requests.llc_miss.any_response,53048178,100.00,,
     9.720918200,5772180,,offcore_response.all_requests.llc_hit.any_response,53090866,100.00,,
     9.720918200,660,,offcore_response.all_requests.llc_miss.any_response,53060872,100.00,,
     9.821127926,5790264,,offcore_response.all_requests.llc_hit.any_response,52796842,100.00,,
     9.821127926,519,,offcore_response.all_requests.llc_miss.any_response,52809631,100.00,,
     9.921343703,5795052,,offcore_response.all_requests.llc_hit.any_response,53095597,100.00,,
     9.921343703,531,,offcore_response.all_requests.llc_miss.any_response,53082808,100.00,,
    10.021558685,5785545,,offcore_response.all_requests.llc_hit.any_response,52953027,100.00,,
    10.021558685,722,,offcore_response.all_requests.llc_miss.any_response,52953027,100.00,,
    10.121773329,5795108,,offcore_response.all_requests.llc_hit.any_response,53047855,100.00,,
    10.121773329,595,,offcore_response.all_requests.llc_miss.any_response,53073144,100.00,,
    10.221985301,5739823,,offcore_response.all_requests.llc_hit.any_response,52519311,100.00,,
    10.221985301,776,,offcore_response.all_requests.llc_miss.any_response,52521608,100.00,,
    10.322197436,5785184,,offcore_response.all_requests.llc_hit.any_response,52734485,100.00,,
    10.322197436,816,,offcore_response.all_requests.llc_miss.any_response,52706899,100.00,,
    10.422408058,5809184,,offcore_response.all_requests.llc_hit.any_response,53050001,100.00,,
    10.422408058,961,,offcore_response.all_requests.llc_miss.any_response,53082226,100.00,,
    10.522625987,5825527,,offcore_response.all_requests.llc_hit.any_response,53147778,100.00,,
    10.522625987,736,,offcore_response.all_requests.llc_miss.any_response,53145532,100.00,,
    10.622840490,5767612,,offcore_response.all_requests.llc_hit.any_response,52586161,100.00,,
    10.622840490,617,,offcore_response.all_requests.llc_miss.any_response,52575275,100.00,,
    10.723053705,5831719,,offcore_response.all_requests.llc_hit.any_response,53061476,100.00,,
    10.723053705,551,,offcore_response.all_requests.llc_miss.any_response,53042383,100.00,,
    10.823263522,5805193,,offcore_response.all_requests.llc_hit.any_response,52777544,100.00,,
    10.823263522,742,,offcore_response.all_requests.llc_miss.any_response,52807498,100.00,,
    10.923479452,5794128,,offcore_response.all_requests.llc_hit.any_response,52739536,100.00,,
    10.923479452,702,,offcore_response.all_requests.llc_miss.any_response,52735445,100.00,,
    11.023726436,5809806,,offcore_response.all_requests.llc_hit.any_response,52908814,100.00,,
    11.023726436,662,,offcore_response.all_requests.llc_miss.any_response,52895624,100.00,,
