# started on Mon May  1 17:40:39 2023

     0.100164676,90023655,,inst_retired.any,78472900,100.00,140.9,IpMispredict
     0.100164676,639037,,br_misp_retired.all_branches,78472900,100.00,,
     0.200387852,90034330,,inst_retired.any,78506817,100.00,140.8,IpMispredict
     0.200387852,639637,,br_misp_retired.all_branches,78506817,100.00,,
     0.300596936,89939696,,inst_retired.any,81658314,100.00,139.7,IpMispredict
     0.300596936,652727,,br_misp_retired.all_branches,81658314,100.00,,
     0.400806611,90142498,,inst_retired.any,75857231,100.00,139.8,IpMispredict
     0.400806611,647449,,br_misp_retired.all_branches,75857231,100.00,,
     0.501012508,90367416,,inst_retired.any,75827659,100.00,140.2,IpMispredict
     0.501012508,644641,,br_misp_retired.all_branches,75827659,100.00,,
     0.601220382,89453268,,inst_retired.any,74956779,100.00,139.2,IpMispredict
     0.601220382,633417,,br_misp_retired.all_branches,74956779,100.00,,
     0.701426807,90349958,,inst_retired.any,75408810,100.00,140.6,IpMispredict
     0.701426807,641684,,br_misp_retired.all_branches,75408810,100.00,,
     0.801634671,89793242,,inst_retired.any,75069086,100.00,140.0,IpMispredict
     0.801634671,634160,,br_misp_retired.all_branches,75069086,100.00,,
     0.901838018,90839748,,inst_retired.any,76081656,100.00,141.4,IpMispredict
     0.901838018,647770,,br_misp_retired.all_branches,76081656,100.00,,
     1.002044512,89100403,,inst_retired.any,74687635,100.00,138.9,IpMispredict
     1.002044512,635298,,br_misp_retired.all_branches,74687635,100.00,,
     1.102251281,90278689,,inst_retired.any,75396037,100.00,140.8,IpMispredict
     1.102251281,639699,,br_misp_retired.all_branches,75396037,100.00,,
     1.202457719,90554264,,inst_retired.any,76658557,100.00,141.2,IpMispredict
     1.202457719,642808,,br_misp_retired.all_branches,76658557,100.00,,
     1.302661881,90035774,,inst_retired.any,75360716,100.00,140.4,IpMispredict
     1.302661881,636746,,br_misp_retired.all_branches,75360716,100.00,,
     1.402866138,89667270,,inst_retired.any,75123346,100.00,139.9,IpMispredict
     1.402866138,635347,,br_misp_retired.all_branches,75123346,100.00,,
     1.503072381,87503968,,inst_retired.any,80581089,100.00,136.8,IpMispredict
     1.503072381,625413,,br_misp_retired.all_branches,80581089,100.00,,
     1.603277229,93026274,,inst_retired.any,82221303,100.00,145.2,IpMispredict
     1.603277229,651870,,br_misp_retired.all_branches,82221303,100.00,,
     1.703498367,89763560,,inst_retired.any,78369565,100.00,140.3,IpMispredict
     1.703498367,630276,,br_misp_retired.all_branches,78369565,100.00,,
     1.803703569,86553241,,inst_retired.any,82418278,100.00,135.4,IpMispredict
     1.803703569,629979,,br_misp_retired.all_branches,82418278,100.00,,
     1.903910117,93726580,,inst_retired.any,78557903,100.00,146.2,IpMispredict
     1.903910117,669102,,br_misp_retired.all_branches,78557903,100.00,,
     2.004117751,90322946,,inst_retired.any,75577449,100.00,141.0,IpMispredict
     2.004117751,638116,,br_misp_retired.all_branches,75577449,100.00,,
     2.104324894,90074786,,inst_retired.any,75503835,100.00,140.6,IpMispredict
     2.104324894,637866,,br_misp_retired.all_branches,75503835,100.00,,
     2.204530566,90233979,,inst_retired.any,75362913,100.00,140.8,IpMispredict
     2.204530566,641733,,br_misp_retired.all_branches,75362913,100.00,,
     2.304736927,89693290,,inst_retired.any,74953765,100.00,140.0,IpMispredict
     2.304736927,635490,,br_misp_retired.all_branches,74953765,100.00,,
     2.404941594,90703812,,inst_retired.any,76304583,100.00,141.6,IpMispredict
     2.404941594,643130,,br_misp_retired.all_branches,76304583,100.00,,
     2.505146295,89392522,,inst_retired.any,74667005,100.00,139.6,IpMispredict
     2.505146295,637082,,br_misp_retired.all_branches,74667005,100.00,,
     2.605350541,90624480,,inst_retired.any,75441809,100.00,141.5,IpMispredict
     2.605350541,641552,,br_misp_retired.all_branches,75441809,100.00,,
     2.705553851,89751621,,inst_retired.any,74913170,100.00,140.1,IpMispredict
     2.705553851,640166,,br_misp_retired.all_branches,74913170,100.00,,
     2.805778277,90094267,,inst_retired.any,75388462,100.00,140.7,IpMispredict
     2.805778277,642097,,br_misp_retired.all_branches,75388462,100.00,,
     2.905983896,90602269,,inst_retired.any,75558655,100.00,141.4,IpMispredict
     2.905983896,642807,,br_misp_retired.all_branches,75558655,100.00,,
     3.006189883,89668790,,inst_retired.any,74826775,100.00,140.0,IpMispredict
     3.006189883,636133,,br_misp_retired.all_branches,74826775,100.00,,
     3.106395799,90597854,,inst_retired.any,75614276,100.00,141.4,IpMispredict
     3.106395799,644846,,br_misp_retired.all_branches,75614276,100.00,,
     3.206601950,89616941,,inst_retired.any,74653801,100.00,139.9,IpMispredict
     3.206601950,636969,,br_misp_retired.all_branches,74653801,100.00,,
     3.306808021,89816356,,inst_retired.any,74775874,100.00,140.2,IpMispredict
     3.306808021,638955,,br_misp_retired.all_branches,74775874,100.00,,
     3.407013757,91075252,,inst_retired.any,75955369,100.00,142.1,IpMispredict
     3.407013757,649781,,br_misp_retired.all_branches,75955369,100.00,,
     3.507217995,89536478,,inst_retired.any,74568604,100.00,139.8,IpMispredict
     3.507217995,635103,,br_misp_retired.all_branches,74568604,100.00,,
     3.607424503,90327391,,inst_retired.any,75392372,100.00,141.0,IpMispredict
     3.607424503,641433,,br_misp_retired.all_branches,75392372,100.00,,
     3.707630133,90095234,,inst_retired.any,74923582,100.00,140.7,IpMispredict
     3.707630133,639842,,br_misp_retired.all_branches,74923582,100.00,,
     3.807836202,90611291,,inst_retired.any,75226054,100.00,141.5,IpMispredict
     3.807836202,639384,,br_misp_retired.all_branches,75226054,100.00,,
     3.908041748,90571045,,inst_retired.any,75681397,100.00,141.4,IpMispredict
     3.908041748,641243,,br_misp_retired.all_branches,75681397,100.00,,
     4.008247992,89986118,,inst_retired.any,74824269,100.00,140.5,IpMispredict
     4.008247992,638892,,br_misp_retired.all_branches,74824269,100.00,,
     4.108463912,89345958,,inst_retired.any,74377294,100.00,139.5,IpMispredict
     4.108463912,633408,,br_misp_retired.all_branches,74377294,100.00,,
     4.208672641,90943798,,inst_retired.any,75603443,100.00,142.0,IpMispredict
     4.208672641,642517,,br_misp_retired.all_branches,75603443,100.00,,
     4.308880409,89725294,,inst_retired.any,74589994,100.00,140.1,IpMispredict
     4.308880409,637051,,br_misp_retired.all_branches,74589994,100.00,,
     4.409090228,89764366,,inst_retired.any,74946650,100.00,140.2,IpMispredict
     4.409090228,637822,,br_misp_retired.all_branches,74946650,100.00,,
     4.509299669,90737759,,inst_retired.any,75615296,100.00,141.7,IpMispredict
     4.509299669,642768,,br_misp_retired.all_branches,75615296,100.00,,
     4.609505332,87091762,,inst_retired.any,79165050,100.00,136.1,IpMispredict
     4.609505332,624548,,br_misp_retired.all_branches,79165050,100.00,,
     4.709710637,92720587,,inst_retired.any,81138384,100.00,144.8,IpMispredict
     4.709710637,653234,,br_misp_retired.all_branches,81138384,100.00,,
     4.809917692,89994929,,inst_retired.any,78740432,100.00,140.6,IpMispredict
     4.809917692,636689,,br_misp_retired.all_branches,78740432,100.00,,
     4.910124404,90848692,,inst_retired.any,81337256,100.00,141.8,IpMispredict
     4.910124404,663703,,br_misp_retired.all_branches,81337256,100.00,,
     5.010331737,84754358,,inst_retired.any,75636783,100.00,132.4,IpMispredict
     5.010331737,609785,,br_misp_retired.all_branches,75636783,100.00,,
     5.110540132,94217333,,inst_retired.any,82682726,100.00,147.1,IpMispredict
     5.110540132,672566,,br_misp_retired.all_branches,82682726,100.00,,
     5.210743410,90725046,,inst_retired.any,79474904,100.00,141.6,IpMispredict
     5.210743410,643346,,br_misp_retired.all_branches,79474904,100.00,,
     5.310948585,90692115,,inst_retired.any,79416163,100.00,141.5,IpMispredict
     5.310948585,644856,,br_misp_retired.all_branches,79416163,100.00,,
     5.411154411,89934353,,inst_retired.any,78551186,100.00,140.4,IpMispredict
     5.411154411,639025,,br_misp_retired.all_branches,78551186,100.00,,
     5.511382316,89819066,,inst_retired.any,78386777,100.00,140.2,IpMispredict
     5.511382316,633692,,br_misp_retired.all_branches,78386777,100.00,,
     5.611587092,87080501,,inst_retired.any,79855956,100.00,135.9,IpMispredict
     5.611587092,635284,,br_misp_retired.all_branches,79855956,100.00,,
     5.711799454,91316710,,inst_retired.any,78030762,100.00,142.5,IpMispredict
     5.711799454,652379,,br_misp_retired.all_branches,78030762,100.00,,
     5.812007177,91048058,,inst_retired.any,82602795,100.00,142.1,IpMispredict
     5.812007177,650033,,br_misp_retired.all_branches,82602795,100.00,,
     5.912209419,90364813,,inst_retired.any,79522660,100.00,141.0,IpMispredict
     5.912209419,642049,,br_misp_retired.all_branches,79522660,100.00,,
     6.012416418,87819637,,inst_retired.any,80744635,100.00,137.1,IpMispredict
     6.012416418,632119,,br_misp_retired.all_branches,80744635,100.00,,
     6.112622531,88833591,,inst_retired.any,81982353,100.00,138.6,IpMispredict
     6.112622531,654839,,br_misp_retired.all_branches,81982353,100.00,,
     6.212829885,93736940,,inst_retired.any,82170280,100.00,146.2,IpMispredict
     6.212829885,661151,,br_misp_retired.all_branches,82170280,100.00,,
     6.313042777,88910508,,inst_retired.any,78655708,100.00,138.6,IpMispredict
     6.313042777,639120,,br_misp_retired.all_branches,78655708,100.00,,
     6.413246144,91528949,,inst_retired.any,80982607,100.00,142.7,IpMispredict
     6.413246144,660459,,br_misp_retired.all_branches,80982607,100.00,,
     6.513452017,89840823,,inst_retired.any,74718421,100.00,140.0,IpMispredict
     6.513452017,636443,,br_misp_retired.all_branches,74718421,100.00,,
     6.613658989,90321402,,inst_retired.any,75740197,100.00,140.8,IpMispredict
     6.613658989,639793,,br_misp_retired.all_branches,75740197,100.00,,
     6.713866008,89672918,,inst_retired.any,74878524,100.00,139.8,IpMispredict
     6.713866008,636993,,br_misp_retired.all_branches,74878524,100.00,,
     6.814077312,88070837,,inst_retired.any,81100095,100.00,137.3,IpMispredict
     6.814077312,634377,,br_misp_retired.all_branches,81100095,100.00,,
     6.914283021,91802220,,inst_retired.any,80532849,100.00,143.1,IpMispredict
     6.914283021,652375,,br_misp_retired.all_branches,80532849,100.00,,
     7.014489130,90127211,,inst_retired.any,78758921,100.00,140.5,IpMispredict
     7.014489130,635244,,br_misp_retired.all_branches,78758921,100.00,,
     7.114696314,90463662,,inst_retired.any,79048798,100.00,141.1,IpMispredict
     7.114696314,634802,,br_misp_retired.all_branches,79048798,100.00,,
     7.214899640,89881932,,inst_retired.any,78556847,100.00,140.2,IpMispredict
     7.214899640,633380,,br_misp_retired.all_branches,78556847,100.00,,
     7.315112540,90410658,,inst_retired.any,78928960,100.00,141.0,IpMispredict
     7.315112540,637092,,br_misp_retired.all_branches,78928960,100.00,,
     7.415317421,89460407,,inst_retired.any,78123419,100.00,139.6,IpMispredict
     7.415317421,630769,,br_misp_retired.all_branches,78123419,100.00,,
     7.515534125,90269735,,inst_retired.any,78913012,100.00,140.8,IpMispredict
     7.515534125,635476,,br_misp_retired.all_branches,78913012,100.00,,
     7.615739654,90094850,,inst_retired.any,78582495,100.00,140.6,IpMispredict
     7.615739654,631773,,br_misp_retired.all_branches,78582495,100.00,,
     7.715945587,90188668,,inst_retired.any,78705693,100.00,140.8,IpMispredict
     7.715945587,635966,,br_misp_retired.all_branches,78705693,100.00,,
     7.816151296,90157942,,inst_retired.any,78808337,100.00,140.7,IpMispredict
     7.816151296,632698,,br_misp_retired.all_branches,78808337,100.00,,
     7.916358272,90252251,,inst_retired.any,78807445,100.00,140.9,IpMispredict
     7.916358272,638051,,br_misp_retired.all_branches,78807445,100.00,,
     8.016561111,90734330,,inst_retired.any,79082034,100.00,141.6,IpMispredict
     8.016561111,645087,,br_misp_retired.all_branches,79082034,100.00,,
     8.116770596,89599346,,inst_retired.any,78040581,100.00,139.9,IpMispredict
     8.116770596,629317,,br_misp_retired.all_branches,78040581,100.00,,
     8.216979265,90353143,,inst_retired.any,78905155,100.00,141.1,IpMispredict
     8.216979265,636366,,br_misp_retired.all_branches,78905155,100.00,,
     8.317209388,89586673,,inst_retired.any,77918179,100.00,139.9,IpMispredict
     8.317209388,627386,,br_misp_retired.all_branches,77918179,100.00,,
     8.417417796,90664927,,inst_retired.any,78886959,100.00,141.6,IpMispredict
     8.417417796,640568,,br_misp_retired.all_branches,78886959,100.00,,
     8.517624047,90363340,,inst_retired.any,78736330,100.00,141.1,IpMispredict
     8.517624047,637275,,br_misp_retired.all_branches,78736330,100.00,,
     8.617832182,90146908,,inst_retired.any,78547874,100.00,140.8,IpMispredict
     8.617832182,634871,,br_misp_retired.all_branches,78547874,100.00,,
     8.718037931,89471808,,inst_retired.any,77960483,100.00,139.8,IpMispredict
     8.718037931,631620,,br_misp_retired.all_branches,77960483,100.00,,
     8.818243440,91467626,,inst_retired.any,81667857,100.00,142.9,IpMispredict
     8.818243440,655395,,br_misp_retired.all_branches,81667857,100.00,,
     8.918449182,89688451,,inst_retired.any,74858936,100.00,140.1,IpMispredict
     8.918449182,635248,,br_misp_retired.all_branches,74858936,100.00,,
     9.018653502,90033388,,inst_retired.any,75153459,100.00,140.6,IpMispredict
     9.018653502,635542,,br_misp_retired.all_branches,75153459,100.00,,
     9.118858680,90566024,,inst_retired.any,75452030,100.00,141.5,IpMispredict
     9.118858680,640590,,br_misp_retired.all_branches,75452030,100.00,,
     9.219063828,89441903,,inst_retired.any,74936774,100.00,139.7,IpMispredict
     9.219063828,631867,,br_misp_retired.all_branches,74936774,100.00,,
     9.319269234,90325948,,inst_retired.any,75733453,100.00,141.1,IpMispredict
     9.319269234,640377,,br_misp_retired.all_branches,75733453,100.00,,
     9.419491213,90490795,,inst_retired.any,75879344,100.00,141.4,IpMispredict
     9.419491213,643860,,br_misp_retired.all_branches,75879344,100.00,,
     9.519696288,89409762,,inst_retired.any,74699153,100.00,139.7,IpMispredict
     9.519696288,635108,,br_misp_retired.all_branches,74699153,100.00,,
     9.619901703,90894044,,inst_retired.any,76264949,100.00,142.0,IpMispredict
     9.619901703,644289,,br_misp_retired.all_branches,76264949,100.00,,
     9.720107920,89765712,,inst_retired.any,75011152,100.00,140.2,IpMispredict
     9.720107920,635583,,br_misp_retired.all_branches,75011152,100.00,,
     9.820313513,87302216,,inst_retired.any,81448270,100.00,136.4,IpMispredict
     9.820313513,625388,,br_misp_retired.all_branches,81448270,100.00,,
     9.920520131,92989972,,inst_retired.any,81724728,100.00,145.3,IpMispredict
     9.920520131,656006,,br_misp_retired.all_branches,81724728,100.00,,
    10.020726418,90269441,,inst_retired.any,79328985,100.00,141.0,IpMispredict
    10.020726418,639058,,br_misp_retired.all_branches,79328985,100.00,,
    10.120936601,89965464,,inst_retired.any,78625787,100.00,140.6,IpMispredict
    10.120936601,636069,,br_misp_retired.all_branches,78625787,100.00,,
    10.221142390,89959951,,inst_retired.any,78865411,100.00,140.6,IpMispredict
    10.221142390,634352,,br_misp_retired.all_branches,78865411,100.00,,
    10.321347388,90782020,,inst_retired.any,79660318,100.00,141.9,IpMispredict
    10.321347388,637900,,br_misp_retired.all_branches,79660318,100.00,,
    10.421549612,89971815,,inst_retired.any,78945215,100.00,140.6,IpMispredict
    10.421549612,630694,,br_misp_retired.all_branches,78945215,100.00,,
    10.521756043,89793989,,inst_retired.any,78820603,100.00,140.3,IpMispredict
    10.521756043,632989,,br_misp_retired.all_branches,78820603,100.00,,
    10.621961104,90190314,,inst_retired.any,78775972,100.00,141.0,IpMispredict
    10.621961104,632358,,br_misp_retired.all_branches,78775972,100.00,,
    10.722166947,89636882,,inst_retired.any,81469035,100.00,140.1,IpMispredict
    10.722166947,641779,,br_misp_retired.all_branches,81469035,100.00,,
    10.822373678,91359589,,inst_retired.any,76570302,100.00,142.8,IpMispredict
    10.822373678,649879,,br_misp_retired.all_branches,76570302,100.00,,
    10.922577071,89870893,,inst_retired.any,75398629,100.00,140.5,IpMispredict
    10.922577071,639759,,br_misp_retired.all_branches,75398629,100.00,,
    11.022804592,85903104,,inst_retired.any,78530313,100.00,134.3,IpMispredict
    11.022804592,615191,,br_misp_retired.all_branches,78530313,100.00,,
