# started on Mon May  1 17:42:38 2023

     0.100196853,8885647,,offcore_response.all_requests.llc_hit.any_response,75995489,100.00,,
     0.100196853,1370,,offcore_response.all_requests.llc_miss.any_response,75973630,100.00,,
     0.200411968,8919984,,offcore_response.all_requests.llc_hit.any_response,75780795,100.00,,
     0.200411968,1074,,offcore_response.all_requests.llc_miss.any_response,75789598,100.00,,
     0.300637990,8910524,,offcore_response.all_requests.llc_hit.any_response,76181715,100.00,,
     0.300637990,1256,,offcore_response.all_requests.llc_miss.any_response,76166791,100.00,,
     0.400853340,8889007,,offcore_response.all_requests.llc_hit.any_response,75969541,100.00,,
     0.400853340,942,,offcore_response.all_requests.llc_miss.any_response,75984545,100.00,,
     0.501070872,8810327,,offcore_response.all_requests.llc_hit.any_response,75159948,100.00,,
     0.501070872,863,,offcore_response.all_requests.llc_miss.any_response,75163025,100.00,,
     0.601289355,8885668,,offcore_response.all_requests.llc_hit.any_response,76114600,100.00,,
     0.601289355,1271,,offcore_response.all_requests.llc_miss.any_response,76097404,100.00,,
     0.701502964,8890050,,offcore_response.all_requests.llc_hit.any_response,75695290,100.00,,
     0.701502964,1026,,offcore_response.all_requests.llc_miss.any_response,75709406,100.00,,
     0.801720365,8902658,,offcore_response.all_requests.llc_hit.any_response,75963602,100.00,,
     0.801720365,855,,offcore_response.all_requests.llc_miss.any_response,75953716,100.00,,
     0.901933502,8908123,,offcore_response.all_requests.llc_hit.any_response,75934533,100.00,,
     0.901933502,805,,offcore_response.all_requests.llc_miss.any_response,75940581,100.00,,
     1.002147321,8868090,,offcore_response.all_requests.llc_hit.any_response,75571688,100.00,,
     1.002147321,934,,offcore_response.all_requests.llc_miss.any_response,75560365,100.00,,
     1.102366502,8886151,,offcore_response.all_requests.llc_hit.any_response,75673827,100.00,,
     1.102366502,1046,,offcore_response.all_requests.llc_miss.any_response,75678014,100.00,,
     1.202579727,8847970,,offcore_response.all_requests.llc_hit.any_response,75081136,100.00,,
     1.202579727,798,,offcore_response.all_requests.llc_miss.any_response,75062022,100.00,,
     1.302790967,8864679,,offcore_response.all_requests.llc_hit.any_response,75392873,100.00,,
     1.302790967,968,,offcore_response.all_requests.llc_miss.any_response,75423031,100.00,,
     1.403005133,8952116,,offcore_response.all_requests.llc_hit.any_response,75844703,100.00,,
     1.403005133,776,,offcore_response.all_requests.llc_miss.any_response,75836429,100.00,,
     1.503218688,8870138,,offcore_response.all_requests.llc_hit.any_response,75600087,100.00,,
     1.503218688,829,,offcore_response.all_requests.llc_miss.any_response,75592192,100.00,,
     1.603434585,8894963,,offcore_response.all_requests.llc_hit.any_response,76006805,100.00,,
     1.603434585,697,,offcore_response.all_requests.llc_miss.any_response,76015213,100.00,,
     1.703648658,8839417,,offcore_response.all_requests.llc_hit.any_response,75212265,100.00,,
     1.703648658,957,,offcore_response.all_requests.llc_miss.any_response,75205685,100.00,,
     1.803866039,8876065,,offcore_response.all_requests.llc_hit.any_response,75842883,100.00,,
     1.803866039,999,,offcore_response.all_requests.llc_miss.any_response,75857132,100.00,,
     1.904087519,8674875,,offcore_response.all_requests.llc_hit.any_response,76314536,100.00,,
     1.904087519,1013,,offcore_response.all_requests.llc_miss.any_response,76301432,100.00,,
     2.004308070,8921895,,offcore_response.all_requests.llc_hit.any_response,83036482,100.00,,
     2.004308070,684,,offcore_response.all_requests.llc_miss.any_response,83033851,100.00,,
     2.104523182,8907968,,offcore_response.all_requests.llc_hit.any_response,80530740,100.00,,
     2.104523182,1163,,offcore_response.all_requests.llc_miss.any_response,80546519,100.00,,
     2.204738203,8407509,,offcore_response.all_requests.llc_hit.any_response,80191462,100.00,,
     2.204738203,972,,offcore_response.all_requests.llc_miss.any_response,80176029,100.00,,
     2.304974516,9333041,,offcore_response.all_requests.llc_hit.any_response,79393137,100.00,,
     2.304974516,1184,,offcore_response.all_requests.llc_miss.any_response,79408586,100.00,,
     2.405190326,8975759,,offcore_response.all_requests.llc_hit.any_response,76240465,100.00,,
     2.405190326,956,,offcore_response.all_requests.llc_miss.any_response,76210339,100.00,,
     2.505403755,8902056,,offcore_response.all_requests.llc_hit.any_response,76049411,100.00,,
     2.505403755,1077,,offcore_response.all_requests.llc_miss.any_response,76079396,100.00,,
     2.605620737,8914508,,offcore_response.all_requests.llc_hit.any_response,76253016,100.00,,
     2.605620737,841,,offcore_response.all_requests.llc_miss.any_response,76223031,100.00,,
     2.705833721,8400772,,offcore_response.all_requests.llc_hit.any_response,77676787,100.00,,
     2.705833721,804,,offcore_response.all_requests.llc_miss.any_response,77692919,100.00,,
     2.806048783,9122035,,offcore_response.all_requests.llc_hit.any_response,82898896,100.00,,
     2.806048783,1204,,offcore_response.all_requests.llc_miss.any_response,82912880,100.00,,
     2.906265707,8881155,,offcore_response.all_requests.llc_hit.any_response,82033974,100.00,,
     2.906265707,885,,offcore_response.all_requests.llc_miss.any_response,82034187,100.00,,
     3.006483226,8446390,,offcore_response.all_requests.llc_hit.any_response,82504377,100.00,,
     3.006483226,739,,offcore_response.all_requests.llc_miss.any_response,82504082,100.00,,
     3.106698252,8902123,,offcore_response.all_requests.llc_hit.any_response,82988433,100.00,,
     3.106698252,728,,offcore_response.all_requests.llc_miss.any_response,82981056,100.00,,
     3.206911998,9015210,,offcore_response.all_requests.llc_hit.any_response,76794373,100.00,,
     3.206911998,1163,,offcore_response.all_requests.llc_miss.any_response,76801844,100.00,,
     3.307150644,8376137,,offcore_response.all_requests.llc_hit.any_response,77619177,100.00,,
     3.307150644,964,,offcore_response.all_requests.llc_miss.any_response,77606195,100.00,,
     3.407366231,9168178,,offcore_response.all_requests.llc_hit.any_response,82905709,100.00,,
     3.407366231,994,,offcore_response.all_requests.llc_miss.any_response,82918498,100.00,,
     3.507586638,8759864,,offcore_response.all_requests.llc_hit.any_response,79655293,100.00,,
     3.507586638,1062,,offcore_response.all_requests.llc_miss.any_response,79655507,100.00,,
     3.607803034,8697362,,offcore_response.all_requests.llc_hit.any_response,78927437,100.00,,
     3.607803034,1113,,offcore_response.all_requests.llc_miss.any_response,78911808,100.00,,
     3.708021817,8732807,,offcore_response.all_requests.llc_hit.any_response,78992532,100.00,,
     3.708021817,990,,offcore_response.all_requests.llc_miss.any_response,79007984,100.00,,
     3.808235580,8754859,,offcore_response.all_requests.llc_hit.any_response,79491154,100.00,,
     3.808235580,886,,offcore_response.all_requests.llc_miss.any_response,79491035,100.00,,
     3.908449459,8711247,,offcore_response.all_requests.llc_hit.any_response,81433925,100.00,,
     3.908449459,887,,offcore_response.all_requests.llc_miss.any_response,81429806,100.00,,
     4.008663632,8700795,,offcore_response.all_requests.llc_hit.any_response,81330425,100.00,,
     4.008663632,828,,offcore_response.all_requests.llc_miss.any_response,81334780,100.00,,
     4.108878941,9193012,,offcore_response.all_requests.llc_hit.any_response,81820817,100.00,,
     4.108878941,1159,,offcore_response.all_requests.llc_miss.any_response,81820970,100.00,,
     4.209094932,8915048,,offcore_response.all_requests.llc_hit.any_response,75927582,100.00,,
     4.209094932,823,,offcore_response.all_requests.llc_miss.any_response,75927438,100.00,,
     4.309309893,8947376,,offcore_response.all_requests.llc_hit.any_response,75805264,100.00,,
     4.309309893,906,,offcore_response.all_requests.llc_miss.any_response,75792958,100.00,,
     4.409522921,8921789,,offcore_response.all_requests.llc_hit.any_response,75833017,100.00,,
     4.409522921,931,,offcore_response.all_requests.llc_miss.any_response,75845199,100.00,,
     4.509759316,8968441,,offcore_response.all_requests.llc_hit.any_response,76115114,100.00,,
     4.509759316,897,,offcore_response.all_requests.llc_miss.any_response,76110790,100.00,,
     4.609973255,8865614,,offcore_response.all_requests.llc_hit.any_response,75603995,100.00,,
     4.609973255,1638,,offcore_response.all_requests.llc_miss.any_response,75608185,100.00,,
     4.710188710,8895281,,offcore_response.all_requests.llc_hit.any_response,75755281,100.00,,
     4.710188710,869,,offcore_response.all_requests.llc_miss.any_response,75755479,100.00,,
     4.810404574,8900011,,offcore_response.all_requests.llc_hit.any_response,75503836,100.00,,
     4.810404574,923,,offcore_response.all_requests.llc_miss.any_response,75493291,100.00,,
     4.910616987,8525132,,offcore_response.all_requests.llc_hit.any_response,80673449,100.00,,
     4.910616987,896,,offcore_response.all_requests.llc_miss.any_response,80684158,100.00,,
     5.010830836,9194272,,offcore_response.all_requests.llc_hit.any_response,82728108,100.00,,
     5.010830836,780,,offcore_response.all_requests.llc_miss.any_response,82720628,100.00,,
     5.111044381,8928791,,offcore_response.all_requests.llc_hit.any_response,76109969,100.00,,
     5.111044381,1112,,offcore_response.all_requests.llc_miss.any_response,76104647,100.00,,
     5.211270889,8941067,,offcore_response.all_requests.llc_hit.any_response,75890085,100.00,,
     5.211270889,939,,offcore_response.all_requests.llc_miss.any_response,75902797,100.00,,
     5.311487218,8511264,,offcore_response.all_requests.llc_hit.any_response,81156505,100.00,,
     5.311487218,888,,offcore_response.all_requests.llc_miss.any_response,81141644,100.00,,
     5.411702656,8924068,,offcore_response.all_requests.llc_hit.any_response,82539586,100.00,,
     5.411702656,1013,,offcore_response.all_requests.llc_miss.any_response,82545814,100.00,,
     5.511916857,8691953,,offcore_response.all_requests.llc_hit.any_response,75802985,100.00,,
     5.511916857,858,,offcore_response.all_requests.llc_miss.any_response,75807207,100.00,,
     5.612130826,8725635,,offcore_response.all_requests.llc_hit.any_response,75967584,100.00,,
     5.612130826,915,,offcore_response.all_requests.llc_miss.any_response,75970435,100.00,,
     5.712345050,8667410,,offcore_response.all_requests.llc_hit.any_response,75496457,100.00,,
     5.712345050,907,,offcore_response.all_requests.llc_miss.any_response,75467905,100.00,,
     5.812555771,8669506,,offcore_response.all_requests.llc_hit.any_response,75480758,100.00,,
     5.812555771,888,,offcore_response.all_requests.llc_miss.any_response,75510615,100.00,,
     5.912769758,8628169,,offcore_response.all_requests.llc_hit.any_response,75157240,100.00,,
     5.912769758,930,,offcore_response.all_requests.llc_miss.any_response,75157568,100.00,,
     6.012985795,8633327,,offcore_response.all_requests.llc_hit.any_response,75203295,100.00,,
     6.012985795,914,,offcore_response.all_requests.llc_miss.any_response,75193687,100.00,,
     6.113199176,8705638,,offcore_response.all_requests.llc_hit.any_response,76128081,100.00,,
     6.113199176,888,,offcore_response.all_requests.llc_miss.any_response,76133152,100.00,,
     6.213411722,8599159,,offcore_response.all_requests.llc_hit.any_response,74888698,100.00,,
     6.213411722,695,,offcore_response.all_requests.llc_miss.any_response,74893203,100.00,,
     6.313627322,8589697,,offcore_response.all_requests.llc_hit.any_response,75084938,100.00,,
     6.313627322,735,,offcore_response.all_requests.llc_miss.any_response,75054785,100.00,,
     6.413837579,8611191,,offcore_response.all_requests.llc_hit.any_response,75102908,100.00,,
     6.413837579,852,,offcore_response.all_requests.llc_miss.any_response,75102908,100.00,,
     6.514047710,8686053,,offcore_response.all_requests.llc_hit.any_response,75893640,100.00,,
     6.514047710,1048,,offcore_response.all_requests.llc_miss.any_response,75911333,100.00,,
     6.614259320,8591482,,offcore_response.all_requests.llc_hit.any_response,75327158,100.00,,
     6.614259320,917,,offcore_response.all_requests.llc_miss.any_response,75324176,100.00,,
     6.714501164,8638461,,offcore_response.all_requests.llc_hit.any_response,75501932,100.00,,
     6.714501164,1130,,offcore_response.all_requests.llc_miss.any_response,75487221,100.00,,
     6.814715709,8654029,,offcore_response.all_requests.llc_hit.any_response,75573244,100.00,,
     6.814715709,856,,offcore_response.all_requests.llc_miss.any_response,75603213,100.00,,
     6.914931782,8618495,,offcore_response.all_requests.llc_hit.any_response,75020430,100.00,,
     6.914931782,1114,,offcore_response.all_requests.llc_miss.any_response,75018709,100.00,,
     7.015157951,8672758,,offcore_response.all_requests.llc_hit.any_response,75760622,100.00,,
     7.015157951,827,,offcore_response.all_requests.llc_miss.any_response,75762233,100.00,,
     7.115380700,8708782,,offcore_response.all_requests.llc_hit.any_response,76077654,100.00,,
     7.115380700,1036,,offcore_response.all_requests.llc_miss.any_response,76063113,100.00,,
     7.215599363,8649303,,offcore_response.all_requests.llc_hit.any_response,74984736,100.00,,
     7.215599363,898,,offcore_response.all_requests.llc_miss.any_response,75002028,100.00,,
     7.315817666,8634740,,offcore_response.all_requests.llc_hit.any_response,74974741,100.00,,
     7.315817666,870,,offcore_response.all_requests.llc_miss.any_response,74968581,100.00,,
     7.416029901,8647616,,offcore_response.all_requests.llc_hit.any_response,75785110,100.00,,
     7.416029901,987,,offcore_response.all_requests.llc_miss.any_response,75768397,100.00,,
     7.516246400,8570847,,offcore_response.all_requests.llc_hit.any_response,82659140,100.00,,
     7.516246400,1028,,offcore_response.all_requests.llc_miss.any_response,82679588,100.00,,
     7.616462574,8892695,,offcore_response.all_requests.llc_hit.any_response,80864822,100.00,,
     7.616462574,1035,,offcore_response.all_requests.llc_miss.any_response,80859061,100.00,,
     7.716676356,8558413,,offcore_response.all_requests.llc_hit.any_response,81599873,100.00,,
     7.716676356,661,,offcore_response.all_requests.llc_miss.any_response,81592110,100.00,,
     7.816891088,8866708,,offcore_response.all_requests.llc_hit.any_response,76857907,100.00,,
     7.816891088,754,,offcore_response.all_requests.llc_miss.any_response,76871343,100.00,,
     7.917110603,8620695,,offcore_response.all_requests.llc_hit.any_response,76053613,100.00,,
     7.917110603,1017,,offcore_response.all_requests.llc_miss.any_response,76055042,100.00,,
     8.017328716,8680705,,offcore_response.all_requests.llc_hit.any_response,83036730,100.00,,
     8.017328716,871,,offcore_response.all_requests.llc_miss.any_response,83019952,100.00,,
     8.117544262,8898286,,offcore_response.all_requests.llc_hit.any_response,80920012,100.00,,
     8.117544262,1263,,offcore_response.all_requests.llc_miss.any_response,80934952,100.00,,
     8.217759531,8690156,,offcore_response.all_requests.llc_hit.any_response,78870557,100.00,,
     8.217759531,1060,,offcore_response.all_requests.llc_miss.any_response,78870757,100.00,,
     8.317973480,8774564,,offcore_response.all_requests.llc_hit.any_response,79853430,100.00,,
     8.317973480,1062,,offcore_response.all_requests.llc_miss.any_response,79837451,100.00,,
     8.418187499,8662760,,offcore_response.all_requests.llc_hit.any_response,79911438,100.00,,
     8.418187499,928,,offcore_response.all_requests.llc_miss.any_response,79925664,100.00,,
     8.518405137,8748594,,offcore_response.all_requests.llc_hit.any_response,79843707,100.00,,
     8.518405137,1285,,offcore_response.all_requests.llc_miss.any_response,79845290,100.00,,
     8.618621665,8460715,,offcore_response.all_requests.llc_hit.any_response,80188969,100.00,,
     8.618621665,932,,offcore_response.all_requests.llc_miss.any_response,80189240,100.00,,
     8.718837095,9281075,,offcore_response.all_requests.llc_hit.any_response,78742755,100.00,,
     8.718837095,1105,,offcore_response.all_requests.llc_miss.any_response,78726610,100.00,,
     8.819051749,8936225,,offcore_response.all_requests.llc_hit.any_response,75861713,100.00,,
     8.819051749,950,,offcore_response.all_requests.llc_miss.any_response,75877766,100.00,,
     8.919319182,8929215,,offcore_response.all_requests.llc_hit.any_response,76108093,100.00,,
     8.919319182,929,,offcore_response.all_requests.llc_miss.any_response,76102140,100.00,,
     9.019531097,8934273,,offcore_response.all_requests.llc_hit.any_response,75981599,100.00,,
     9.019531097,1017,,offcore_response.all_requests.llc_miss.any_response,75988049,100.00,,
     9.119750114,8854445,,offcore_response.all_requests.llc_hit.any_response,75894285,100.00,,
     9.119750114,1047,,offcore_response.all_requests.llc_miss.any_response,75893988,100.00,,
     9.219967666,8957863,,offcore_response.all_requests.llc_hit.any_response,75989927,100.00,,
     9.219967666,779,,offcore_response.all_requests.llc_miss.any_response,75989773,100.00,,
     9.320186232,8854814,,offcore_response.all_requests.llc_hit.any_response,75291560,100.00,,
     9.320186232,973,,offcore_response.all_requests.llc_miss.any_response,75294058,100.00,,
     9.420406489,8923581,,offcore_response.all_requests.llc_hit.any_response,77194228,100.00,,
     9.420406489,1035,,offcore_response.all_requests.llc_miss.any_response,77192057,100.00,,
     9.520624411,8890275,,offcore_response.all_requests.llc_hit.any_response,76192977,100.00,,
     9.520624411,1155,,offcore_response.all_requests.llc_miss.any_response,76192868,100.00,,
     9.620843519,8917911,,offcore_response.all_requests.llc_hit.any_response,75923335,100.00,,
     9.620843519,960,,offcore_response.all_requests.llc_miss.any_response,75910155,100.00,,
     9.721060789,8869537,,offcore_response.all_requests.llc_hit.any_response,75867813,100.00,,
     9.721060789,918,,offcore_response.all_requests.llc_miss.any_response,75875251,100.00,,
     9.821274572,8841745,,offcore_response.all_requests.llc_hit.any_response,75430155,100.00,,
     9.821274572,912,,offcore_response.all_requests.llc_miss.any_response,75425787,100.00,,
     9.921488400,8916190,,offcore_response.all_requests.llc_hit.any_response,76596825,100.00,,
     9.921488400,1099,,offcore_response.all_requests.llc_miss.any_response,76601984,100.00,,
    10.021702370,8794231,,offcore_response.all_requests.llc_hit.any_response,75095163,100.00,,
    10.021702370,1094,,offcore_response.all_requests.llc_miss.any_response,75099948,100.00,,
    10.121919486,8870360,,offcore_response.all_requests.llc_hit.any_response,75852377,100.00,,
    10.121919486,855,,offcore_response.all_requests.llc_miss.any_response,75852301,100.00,,
    10.222136128,8897124,,offcore_response.all_requests.llc_hit.any_response,75873691,100.00,,
    10.222136128,1072,,offcore_response.all_requests.llc_miss.any_response,75873823,100.00,,
    10.322351374,8936636,,offcore_response.all_requests.llc_hit.any_response,75941426,100.00,,
    10.322351374,944,,offcore_response.all_requests.llc_miss.any_response,75925531,100.00,,
    10.422565146,8810203,,offcore_response.all_requests.llc_hit.any_response,74807627,100.00,,
    10.422565146,832,,offcore_response.all_requests.llc_miss.any_response,74823744,100.00,,
    10.522781934,8969659,,offcore_response.all_requests.llc_hit.any_response,76559331,100.00,,
    10.522781934,1013,,offcore_response.all_requests.llc_miss.any_response,76544241,100.00,,
    10.622999386,8832301,,offcore_response.all_requests.llc_hit.any_response,75197675,100.00,,
    10.622999386,1040,,offcore_response.all_requests.llc_miss.any_response,75212390,100.00,,
    10.723220908,8889956,,offcore_response.all_requests.llc_hit.any_response,75895905,100.00,,
    10.723220908,977,,offcore_response.all_requests.llc_miss.any_response,75895848,100.00,,
    10.823437027,8900734,,offcore_response.all_requests.llc_hit.any_response,75769098,100.00,,
    10.823437027,1020,,offcore_response.all_requests.llc_miss.any_response,75769196,100.00,,
    10.923651941,8899944,,offcore_response.all_requests.llc_hit.any_response,75761868,100.00,,
    10.923651941,1002,,offcore_response.all_requests.llc_miss.any_response,75762071,100.00,,
    11.023867968,8821089,,offcore_response.all_requests.llc_hit.any_response,74958011,100.00,,
    11.023867968,1013,,offcore_response.all_requests.llc_miss.any_response,74952537,100.00,,
