# started on Tue May  2 16:00:05 2023

     0.100170063,2998237,,offcore_response.all_requests.llc_hit.any_response,40146938,100.00,,
     0.100170063,349,,offcore_response.all_requests.llc_miss.any_response,40146938,100.00,,
     0.200366692,3049257,,offcore_response.all_requests.llc_hit.any_response,41013715,100.00,,
     0.200366692,179,,offcore_response.all_requests.llc_miss.any_response,41033220,100.00,,
     0.300569443,3085021,,offcore_response.all_requests.llc_hit.any_response,41328710,100.00,,
     0.300569443,390,,offcore_response.all_requests.llc_miss.any_response,41309205,100.00,,
     0.400756453,2959729,,offcore_response.all_requests.llc_hit.any_response,40934985,100.00,,
     0.400756453,361,,offcore_response.all_requests.llc_miss.any_response,40934985,100.00,,
     0.500941258,3028033,,offcore_response.all_requests.llc_hit.any_response,41283639,100.00,,
     0.500941258,257,,offcore_response.all_requests.llc_miss.any_response,41303530,100.00,,
     0.601133580,3000072,,offcore_response.all_requests.llc_hit.any_response,40636169,100.00,,
     0.601133580,296,,offcore_response.all_requests.llc_miss.any_response,40635846,100.00,,
     0.701323964,2960411,,offcore_response.all_requests.llc_hit.any_response,39158185,100.00,,
     0.701323964,343,,offcore_response.all_requests.llc_miss.any_response,39138617,100.00,,
     0.801509100,3023251,,offcore_response.all_requests.llc_hit.any_response,41113195,100.00,,
     0.801509100,360,,offcore_response.all_requests.llc_miss.any_response,41113195,100.00,,
     0.901694145,3060601,,offcore_response.all_requests.llc_hit.any_response,41306045,100.00,,
     0.901694145,363,,offcore_response.all_requests.llc_miss.any_response,41325602,100.00,,
     1.001885525,2999750,,offcore_response.all_requests.llc_hit.any_response,40688584,100.00,,
     1.001885525,436,,offcore_response.all_requests.llc_miss.any_response,40669027,100.00,,
     1.102071793,3013839,,offcore_response.all_requests.llc_hit.any_response,40786362,100.00,,
     1.102071793,287,,offcore_response.all_requests.llc_miss.any_response,40805962,100.00,,
     1.202265125,2984982,,offcore_response.all_requests.llc_hit.any_response,40592764,100.00,,
     1.202265125,394,,offcore_response.all_requests.llc_miss.any_response,40592856,100.00,,
     1.302462776,3046065,,offcore_response.all_requests.llc_hit.any_response,40925262,100.00,,
     1.302462776,407,,offcore_response.all_requests.llc_miss.any_response,40905570,100.00,,
     1.402650023,2995657,,offcore_response.all_requests.llc_hit.any_response,41288256,100.00,,
     1.402650023,390,,offcore_response.all_requests.llc_miss.any_response,41302927,100.00,,
     1.502840485,3010889,,offcore_response.all_requests.llc_hit.any_response,40975075,100.00,,
     1.502840485,463,,offcore_response.all_requests.llc_miss.any_response,40968059,100.00,,
     1.603029576,2996163,,offcore_response.all_requests.llc_hit.any_response,40625435,100.00,,
     1.603029576,345,,offcore_response.all_requests.llc_miss.any_response,40637298,100.00,,
     1.703222964,3040884,,offcore_response.all_requests.llc_hit.any_response,41567191,100.00,,
     1.703222964,244,,offcore_response.all_requests.llc_miss.any_response,41547673,100.00,,
     1.803409599,3039580,,offcore_response.all_requests.llc_hit.any_response,41028395,100.00,,
     1.803409599,218,,offcore_response.all_requests.llc_miss.any_response,41028395,100.00,,
     1.903594525,3044898,,offcore_response.all_requests.llc_hit.any_response,40736095,100.00,,
     1.903594525,298,,offcore_response.all_requests.llc_miss.any_response,40736095,100.00,,
     2.003808467,2986929,,offcore_response.all_requests.llc_hit.any_response,40574282,100.00,,
     2.003808467,685,,offcore_response.all_requests.llc_miss.any_response,40574282,100.00,,
     2.103993377,2959504,,offcore_response.all_requests.llc_hit.any_response,39954612,100.00,,
     2.103993377,206,,offcore_response.all_requests.llc_miss.any_response,39954612,100.00,,
     2.204179776,3003546,,offcore_response.all_requests.llc_hit.any_response,41082475,100.00,,
     2.204179776,334,,offcore_response.all_requests.llc_miss.any_response,41102003,100.00,,
     2.304390494,2993935,,offcore_response.all_requests.llc_hit.any_response,40667345,100.00,,
     2.304390494,306,,offcore_response.all_requests.llc_miss.any_response,40647817,100.00,,
     2.404576000,3016507,,offcore_response.all_requests.llc_hit.any_response,41206891,100.00,,
     2.404576000,408,,offcore_response.all_requests.llc_miss.any_response,41206891,100.00,,
     2.504761290,2954671,,offcore_response.all_requests.llc_hit.any_response,40547927,100.00,,
     2.504761290,492,,offcore_response.all_requests.llc_miss.any_response,40547927,100.00,,
     2.604954000,3016553,,offcore_response.all_requests.llc_hit.any_response,40236253,100.00,,
     2.604954000,140,,offcore_response.all_requests.llc_miss.any_response,40255833,100.00,,
     2.705144405,3029042,,offcore_response.all_requests.llc_hit.any_response,40638385,100.00,,
     2.705144405,200,,offcore_response.all_requests.llc_miss.any_response,40638847,100.00,,
     2.805335231,3054047,,offcore_response.all_requests.llc_hit.any_response,41617394,100.00,,
     2.805335231,404,,offcore_response.all_requests.llc_miss.any_response,41597352,100.00,,
     2.905520664,2991364,,offcore_response.all_requests.llc_hit.any_response,40633669,100.00,,
     2.905520664,344,,offcore_response.all_requests.llc_miss.any_response,40653275,100.00,,
     3.005711998,3053494,,offcore_response.all_requests.llc_hit.any_response,41358837,100.00,,
     3.005711998,198,,offcore_response.all_requests.llc_miss.any_response,41358718,100.00,,
     3.105903880,3007294,,offcore_response.all_requests.llc_hit.any_response,38490096,100.00,,
     3.105903880,288,,offcore_response.all_requests.llc_miss.any_response,38470609,100.00,,
     3.206089136,3029900,,offcore_response.all_requests.llc_hit.any_response,41469774,100.00,,
     3.206089136,269,,offcore_response.all_requests.llc_miss.any_response,41469774,100.00,,
     3.306273878,3040309,,offcore_response.all_requests.llc_hit.any_response,40607605,100.00,,
     3.306273878,383,,offcore_response.all_requests.llc_miss.any_response,40607605,100.00,,
     3.406458953,2980546,,offcore_response.all_requests.llc_hit.any_response,39773949,100.00,,
     3.406458953,299,,offcore_response.all_requests.llc_miss.any_response,39793390,100.00,,
     3.506649275,3001382,,offcore_response.all_requests.llc_hit.any_response,40484101,100.00,,
     3.506649275,257,,offcore_response.all_requests.llc_miss.any_response,40464660,100.00,,
     3.606836319,3010605,,offcore_response.all_requests.llc_hit.any_response,41009586,100.00,,
     3.606836319,245,,offcore_response.all_requests.llc_miss.any_response,41009586,100.00,,
     3.707021258,3041344,,offcore_response.all_requests.llc_hit.any_response,41015458,100.00,,
     3.707021258,350,,offcore_response.all_requests.llc_miss.any_response,41035198,100.00,,
     3.807212619,3007086,,offcore_response.all_requests.llc_hit.any_response,40757219,100.00,,
     3.807212619,318,,offcore_response.all_requests.llc_miss.any_response,40737479,100.00,,
     3.907397916,2953233,,offcore_response.all_requests.llc_hit.any_response,39494760,100.00,,
     3.907397916,150,,offcore_response.all_requests.llc_miss.any_response,39494760,100.00,,
     4.007585902,2995909,,offcore_response.all_requests.llc_hit.any_response,41201403,100.00,,
     4.007585902,521,,offcore_response.all_requests.llc_miss.any_response,41221361,100.00,,
     4.107788397,3053992,,offcore_response.all_requests.llc_hit.any_response,40542155,100.00,,
     4.107788397,234,,offcore_response.all_requests.llc_miss.any_response,40522197,100.00,,
     4.207977841,2999766,,offcore_response.all_requests.llc_hit.any_response,40555989,100.00,,
     4.207977841,254,,offcore_response.all_requests.llc_miss.any_response,40575582,100.00,,
     4.308166835,3039361,,offcore_response.all_requests.llc_hit.any_response,40856700,100.00,,
     4.308166835,400,,offcore_response.all_requests.llc_miss.any_response,40856725,100.00,,
     4.408356866,3037379,,offcore_response.all_requests.llc_hit.any_response,40815132,100.00,,
     4.408356866,398,,offcore_response.all_requests.llc_miss.any_response,40795514,100.00,,
     4.508562693,2968758,,offcore_response.all_requests.llc_hit.any_response,40846168,100.00,,
     4.508562693,565,,offcore_response.all_requests.llc_miss.any_response,40865962,100.00,,
     4.608754121,3014081,,offcore_response.all_requests.llc_hit.any_response,40669476,100.00,,
     4.608754121,350,,offcore_response.all_requests.llc_miss.any_response,40649682,100.00,,
     4.708942167,3060146,,offcore_response.all_requests.llc_hit.any_response,42043998,100.00,,
     4.708942167,455,,offcore_response.all_requests.llc_miss.any_response,42043998,100.00,,
     4.809128653,2967742,,offcore_response.all_requests.llc_hit.any_response,39668475,100.00,,
     4.809128653,304,,offcore_response.all_requests.llc_miss.any_response,39688030,100.00,,
     4.909322479,3004000,,offcore_response.all_requests.llc_hit.any_response,40692952,100.00,,
     4.909322479,208,,offcore_response.all_requests.llc_miss.any_response,40693170,100.00,,
     5.009512513,3041500,,offcore_response.all_requests.llc_hit.any_response,40956687,100.00,,
     5.009512513,205,,offcore_response.all_requests.llc_miss.any_response,40936914,100.00,,
     5.109697512,3010267,,offcore_response.all_requests.llc_hit.any_response,40998513,100.00,,
     5.109697512,392,,offcore_response.all_requests.llc_miss.any_response,40998513,100.00,,
     5.209884276,3114915,,offcore_response.all_requests.llc_hit.any_response,42613946,100.00,,
     5.209884276,389,,offcore_response.all_requests.llc_miss.any_response,42633441,100.00,,
     5.310075249,3009068,,offcore_response.all_requests.llc_hit.any_response,40490640,100.00,,
     5.310075249,311,,offcore_response.all_requests.llc_miss.any_response,40482504,100.00,,
     5.410263192,3050309,,offcore_response.all_requests.llc_hit.any_response,41419711,100.00,,
     5.410263192,339,,offcore_response.all_requests.llc_miss.any_response,41408352,100.00,,
     5.510450001,3081324,,offcore_response.all_requests.llc_hit.any_response,41135698,100.00,,
     5.510450001,463,,offcore_response.all_requests.llc_miss.any_response,41135698,100.00,,
     5.610636588,3026774,,offcore_response.all_requests.llc_hit.any_response,40147978,100.00,,
     5.610636588,262,,offcore_response.all_requests.llc_miss.any_response,40158931,100.00,,
     5.710830902,3018797,,offcore_response.all_requests.llc_hit.any_response,41166921,100.00,,
     5.710830902,474,,offcore_response.all_requests.llc_miss.any_response,41155968,100.00,,
     5.811017738,3002538,,offcore_response.all_requests.llc_hit.any_response,40438137,100.00,,
     5.811017738,179,,offcore_response.all_requests.llc_miss.any_response,40457580,100.00,,
     5.911207708,2994123,,offcore_response.all_requests.llc_hit.any_response,40472988,100.00,,
     5.911207708,336,,offcore_response.all_requests.llc_miss.any_response,40453545,100.00,,
     6.011391772,3048121,,offcore_response.all_requests.llc_hit.any_response,40852655,100.00,,
     6.011391772,234,,offcore_response.all_requests.llc_miss.any_response,40852655,100.00,,
     6.111579497,3029659,,offcore_response.all_requests.llc_hit.any_response,41030558,100.00,,
     6.111579497,348,,offcore_response.all_requests.llc_miss.any_response,41030558,100.00,,
     6.211764349,3018408,,offcore_response.all_requests.llc_hit.any_response,40837123,100.00,,
     6.211764349,269,,offcore_response.all_requests.llc_miss.any_response,40837123,100.00,,
     6.311955236,3049360,,offcore_response.all_requests.llc_hit.any_response,40757676,100.00,,
     6.311955236,238,,offcore_response.all_requests.llc_miss.any_response,40777281,100.00,,
     6.412151922,3002237,,offcore_response.all_requests.llc_hit.any_response,40824295,100.00,,
     6.412151922,427,,offcore_response.all_requests.llc_miss.any_response,40804690,100.00,,
     6.512338992,3025734,,offcore_response.all_requests.llc_hit.any_response,41351006,100.00,,
     6.512338992,543,,offcore_response.all_requests.llc_miss.any_response,41351006,100.00,,
     6.612524055,3028493,,offcore_response.all_requests.llc_hit.any_response,40684270,100.00,,
     6.612524055,291,,offcore_response.all_requests.llc_miss.any_response,40684270,100.00,,
     6.712733157,3028079,,offcore_response.all_requests.llc_hit.any_response,40709147,100.00,,
     6.712733157,348,,offcore_response.all_requests.llc_miss.any_response,40729038,100.00,,
     6.812922693,2998067,,offcore_response.all_requests.llc_hit.any_response,40715710,100.00,,
     6.812922693,331,,offcore_response.all_requests.llc_miss.any_response,40718497,100.00,,
     6.913114265,2992503,,offcore_response.all_requests.llc_hit.any_response,39631743,100.00,,
     6.913114265,373,,offcore_response.all_requests.llc_miss.any_response,39618675,100.00,,
     7.013303386,3031829,,offcore_response.all_requests.llc_hit.any_response,41602937,100.00,,
     7.013303386,596,,offcore_response.all_requests.llc_miss.any_response,41593327,100.00,,
     7.113487957,3015718,,offcore_response.all_requests.llc_hit.any_response,40858103,100.00,,
     7.113487957,270,,offcore_response.all_requests.llc_miss.any_response,40858103,100.00,,
     7.213668252,3018559,,offcore_response.all_requests.llc_hit.any_response,40644974,100.00,,
     7.213668252,187,,offcore_response.all_requests.llc_miss.any_response,40653765,100.00,,
     7.313863322,2999075,,offcore_response.all_requests.llc_hit.any_response,40977380,100.00,,
     7.313863322,160,,offcore_response.all_requests.llc_miss.any_response,40988332,100.00,,
     7.414052664,3025523,,offcore_response.all_requests.llc_hit.any_response,41171167,100.00,,
     7.414052664,303,,offcore_response.all_requests.llc_miss.any_response,41170923,100.00,,
     7.514241852,3005190,,offcore_response.all_requests.llc_hit.any_response,40444518,100.00,,
     7.514241852,237,,offcore_response.all_requests.llc_miss.any_response,40444980,100.00,,
     7.614432628,3007525,,offcore_response.all_requests.llc_hit.any_response,40285943,100.00,,
     7.614432628,173,,offcore_response.all_requests.llc_miss.any_response,40282737,100.00,,
     7.714631149,3044735,,offcore_response.all_requests.llc_hit.any_response,40818588,100.00,,
     7.714631149,258,,offcore_response.all_requests.llc_miss.any_response,40801833,100.00,,
     7.814826626,3017390,,offcore_response.all_requests.llc_hit.any_response,41350760,100.00,,
     7.814826626,256,,offcore_response.all_requests.llc_miss.any_response,41370267,100.00,,
     7.915017031,2990095,,offcore_response.all_requests.llc_hit.any_response,40676372,100.00,,
     7.915017031,297,,offcore_response.all_requests.llc_miss.any_response,40676522,100.00,,
     8.015208335,3022997,,offcore_response.all_requests.llc_hit.any_response,41661011,100.00,,
     8.015208335,274,,offcore_response.all_requests.llc_miss.any_response,41661816,100.00,,
     8.115400437,3072113,,offcore_response.all_requests.llc_hit.any_response,41477112,100.00,,
     8.115400437,339,,offcore_response.all_requests.llc_miss.any_response,41476390,100.00,,
     8.215592937,3015587,,offcore_response.all_requests.llc_hit.any_response,40883794,100.00,,
     8.215592937,320,,offcore_response.all_requests.llc_miss.any_response,40864054,100.00,,
     8.315802486,2998541,,offcore_response.all_requests.llc_hit.any_response,39866208,100.00,,
     8.315802486,292,,offcore_response.all_requests.llc_miss.any_response,39885951,100.00,,
     8.415993894,3011680,,offcore_response.all_requests.llc_hit.any_response,40813083,100.00,,
     8.415993894,261,,offcore_response.all_requests.llc_miss.any_response,40793340,100.00,,
     8.516178822,3042872,,offcore_response.all_requests.llc_hit.any_response,41566235,100.00,,
     8.516178822,378,,offcore_response.all_requests.llc_miss.any_response,41566235,100.00,,
     8.616368097,3019648,,offcore_response.all_requests.llc_hit.any_response,40364191,100.00,,
     8.616368097,191,,offcore_response.all_requests.llc_miss.any_response,40364191,100.00,,
     8.716555937,3041406,,offcore_response.all_requests.llc_hit.any_response,41461102,100.00,,
     8.716555937,328,,offcore_response.all_requests.llc_miss.any_response,41480835,100.00,,
     8.816749850,2982708,,offcore_response.all_requests.llc_hit.any_response,40222938,100.00,,
     8.816749850,334,,offcore_response.all_requests.llc_miss.any_response,40203205,100.00,,
     8.916955346,3025495,,offcore_response.all_requests.llc_hit.any_response,41309887,100.00,,
     8.916955346,302,,offcore_response.all_requests.llc_miss.any_response,41309887,100.00,,
     9.017141255,3074581,,offcore_response.all_requests.llc_hit.any_response,42100487,100.00,,
     9.017141255,384,,offcore_response.all_requests.llc_miss.any_response,42100487,100.00,,
     9.117329922,3009541,,offcore_response.all_requests.llc_hit.any_response,40670042,100.00,,
     9.117329922,221,,offcore_response.all_requests.llc_miss.any_response,40689935,100.00,,
     9.217521302,2964858,,offcore_response.all_requests.llc_hit.any_response,40098267,100.00,,
     9.217521302,336,,offcore_response.all_requests.llc_miss.any_response,40094365,100.00,,
     9.317708093,3004678,,offcore_response.all_requests.llc_hit.any_response,40539171,100.00,,
     9.317708093,344,,offcore_response.all_requests.llc_miss.any_response,40523180,100.00,,
     9.417895444,3031081,,offcore_response.all_requests.llc_hit.any_response,38815915,100.00,,
     9.417895444,205,,offcore_response.all_requests.llc_miss.any_response,38835546,100.00,,
     9.518085287,3086770,,offcore_response.all_requests.llc_hit.any_response,42006117,100.00,,
     9.518085287,321,,offcore_response.all_requests.llc_miss.any_response,41986486,100.00,,
     9.618270507,3022235,,offcore_response.all_requests.llc_hit.any_response,40780570,100.00,,
     9.618270507,427,,offcore_response.all_requests.llc_miss.any_response,40780570,100.00,,
     9.718455265,2988399,,offcore_response.all_requests.llc_hit.any_response,40445670,100.00,,
     9.718455265,327,,offcore_response.all_requests.llc_miss.any_response,40445670,100.00,,
     9.818641644,3019992,,offcore_response.all_requests.llc_hit.any_response,40160605,100.00,,
     9.818641644,334,,offcore_response.all_requests.llc_miss.any_response,40160605,100.00,,
     9.918828100,3030768,,offcore_response.all_requests.llc_hit.any_response,41917417,100.00,,
     9.918828100,435,,offcore_response.all_requests.llc_miss.any_response,41936886,100.00,,
    10.019017145,3016991,,offcore_response.all_requests.llc_hit.any_response,41146231,100.00,,
    10.019017145,437,,offcore_response.all_requests.llc_miss.any_response,41146315,100.00,,
    10.119207623,3025688,,offcore_response.all_requests.llc_hit.any_response,41239158,100.00,,
    10.119207623,404,,offcore_response.all_requests.llc_miss.any_response,41219605,100.00,,
    10.219393789,3033532,,offcore_response.all_requests.llc_hit.any_response,40999298,100.00,,
    10.219393789,282,,offcore_response.all_requests.llc_miss.any_response,40999298,100.00,,
    10.319579784,3053279,,offcore_response.all_requests.llc_hit.any_response,42533027,100.00,,
    10.319579784,449,,offcore_response.all_requests.llc_miss.any_response,42552866,100.00,,
    10.419794719,3009585,,offcore_response.all_requests.llc_hit.any_response,41152606,100.00,,
    10.419794719,540,,offcore_response.all_requests.llc_miss.any_response,41141124,100.00,,
    10.519983136,2979458,,offcore_response.all_requests.llc_hit.any_response,40651225,100.00,,
    10.519983136,500,,offcore_response.all_requests.llc_miss.any_response,40662864,100.00,,
    10.620174121,2992089,,offcore_response.all_requests.llc_hit.any_response,40885793,100.00,,
    10.620174121,516,,offcore_response.all_requests.llc_miss.any_response,40865797,100.00,,
    10.720359201,3010358,,offcore_response.all_requests.llc_hit.any_response,40716537,100.00,,
    10.720359201,347,,offcore_response.all_requests.llc_miss.any_response,40716537,100.00,,
    10.820544841,3029735,,offcore_response.all_requests.llc_hit.any_response,40904839,100.00,,
    10.820544841,373,,offcore_response.all_requests.llc_miss.any_response,40904839,100.00,,
    10.920729292,3009255,,offcore_response.all_requests.llc_hit.any_response,41335762,100.00,,
    10.920729292,510,,offcore_response.all_requests.llc_miss.any_response,41335762,100.00,,
    11.020915204,2997425,,offcore_response.all_requests.llc_hit.any_response,41022426,100.00,,
    11.020915204,453,,offcore_response.all_requests.llc_miss.any_response,41022426,100.00,,
