# started on Tue May  2 15:58:19 2023

     0.100119729,59204540,,inst_retired.any,49228686,100.00,139.5,IpMispredict
     0.100119729,424456,,br_misp_retired.all_branches,49228686,100.00,,
     0.200328850,59743994,,inst_retired.any,48632099,100.00,143.4,IpMispredict
     0.200328850,408890,,br_misp_retired.all_branches,48632099,100.00,,
     0.300513315,59429447,,inst_retired.any,48353324,100.00,143.8,IpMispredict
     0.300513315,406081,,br_misp_retired.all_branches,48353324,100.00,,
     0.400691018,60112837,,inst_retired.any,48835544,100.00,145.4,IpMispredict
     0.400691018,414624,,br_misp_retired.all_branches,48835544,100.00,,
     0.500882469,59462224,,inst_retired.any,48290689,100.00,144.0,IpMispredict
     0.500882469,409893,,br_misp_retired.all_branches,48290689,100.00,,
     0.601069976,59371159,,inst_retired.any,48441261,100.00,144.0,IpMispredict
     0.601069976,409779,,br_misp_retired.all_branches,48441261,100.00,,
     0.701258982,59892099,,inst_retired.any,48605375,100.00,145.5,IpMispredict
     0.701258982,408197,,br_misp_retired.all_branches,48605375,100.00,,
     0.801450813,59589084,,inst_retired.any,48497806,100.00,144.9,IpMispredict
     0.801450813,407622,,br_misp_retired.all_branches,48497806,100.00,,
     0.901646227,59258845,,inst_retired.any,48220972,100.00,144.3,IpMispredict
     0.901646227,405468,,br_misp_retired.all_branches,48220972,100.00,,
     1.001840558,60122334,,inst_retired.any,48852662,100.00,146.5,IpMispredict
     1.001840558,409905,,br_misp_retired.all_branches,48852662,100.00,,
     1.102033994,59385870,,inst_retired.any,48237264,100.00,144.8,IpMispredict
     1.102033994,406521,,br_misp_retired.all_branches,48237264,100.00,,
     1.202225818,59605724,,inst_retired.any,48513358,100.00,145.3,IpMispredict
     1.202225818,411206,,br_misp_retired.all_branches,48513358,100.00,,
     1.302414577,59918018,,inst_retired.any,48835812,100.00,145.9,IpMispredict
     1.302414577,414570,,br_misp_retired.all_branches,48835812,100.00,,
     1.402604410,59277656,,inst_retired.any,48263977,100.00,144.4,IpMispredict
     1.402604410,410612,,br_misp_retired.all_branches,48263977,100.00,,
     1.502797013,59191239,,inst_retired.any,48112751,100.00,144.3,IpMispredict
     1.502797013,406568,,br_misp_retired.all_branches,48112751,100.00,,
     1.602986359,60022048,,inst_retired.any,48853315,100.00,146.4,IpMispredict
     1.602986359,407100,,br_misp_retired.all_branches,48853315,100.00,,
     1.703174793,59242809,,inst_retired.any,48113029,100.00,144.6,IpMispredict
     1.703174793,403779,,br_misp_retired.all_branches,48113029,100.00,,
     1.803367551,60152868,,inst_retired.any,49101238,100.00,146.8,IpMispredict
     1.803367551,410825,,br_misp_retired.all_branches,49101238,100.00,,
     1.903558857,59330131,,inst_retired.any,48466707,100.00,144.9,IpMispredict
     1.903558857,402363,,br_misp_retired.all_branches,48466707,100.00,,
     2.003746483,60183422,,inst_retired.any,48930540,100.00,147.0,IpMispredict
     2.003746483,408726,,br_misp_retired.all_branches,48930540,100.00,,
     2.103936714,59052049,,inst_retired.any,48331025,100.00,144.4,IpMispredict
     2.103936714,403083,,br_misp_retired.all_branches,48331025,100.00,,
     2.204127230,60281108,,inst_retired.any,49055737,100.00,147.3,IpMispredict
     2.204127230,412270,,br_misp_retired.all_branches,49055737,100.00,,
     2.304318005,59371823,,inst_retired.any,48269450,100.00,145.2,IpMispredict
     2.304318005,403830,,br_misp_retired.all_branches,48269450,100.00,,
     2.404510903,59671020,,inst_retired.any,48635576,100.00,146.0,IpMispredict
     2.404510903,404896,,br_misp_retired.all_branches,48635576,100.00,,
     2.504699984,60609492,,inst_retired.any,49548758,100.00,148.2,IpMispredict
     2.504699984,414569,,br_misp_retired.all_branches,49548758,100.00,,
     2.604893427,59161932,,inst_retired.any,48377086,100.00,144.7,IpMispredict
     2.604893427,405851,,br_misp_retired.all_branches,48377086,100.00,,
     2.705083755,59915820,,inst_retired.any,48927148,100.00,146.5,IpMispredict
     2.705083755,410458,,br_misp_retired.all_branches,48927148,100.00,,
     2.805295362,59319772,,inst_retired.any,48306720,100.00,145.1,IpMispredict
     2.805295362,407685,,br_misp_retired.all_branches,48306720,100.00,,
     2.905488019,59951192,,inst_retired.any,48897714,100.00,146.6,IpMispredict
     2.905488019,409893,,br_misp_retired.all_branches,48897714,100.00,,
     3.005679216,59589655,,inst_retired.any,48335105,100.00,145.7,IpMispredict
     3.005679216,409081,,br_misp_retired.all_branches,48335105,100.00,,
     3.105870895,59671904,,inst_retired.any,48416430,100.00,145.9,IpMispredict
     3.105870895,406372,,br_misp_retired.all_branches,48416430,100.00,,
     3.206060725,59881851,,inst_retired.any,48697773,100.00,146.5,IpMispredict
     3.206060725,407280,,br_misp_retired.all_branches,48697773,100.00,,
     3.306252346,59236160,,inst_retired.any,48305754,100.00,144.9,IpMispredict
     3.306252346,405449,,br_misp_retired.all_branches,48305754,100.00,,
     3.406441702,60216920,,inst_retired.any,49037725,100.00,147.3,IpMispredict
     3.406441702,411657,,br_misp_retired.all_branches,49037725,100.00,,
     3.506637112,59357654,,inst_retired.any,48258034,100.00,145.3,IpMispredict
     3.506637112,402512,,br_misp_retired.all_branches,48258034,100.00,,
     3.606828796,59728829,,inst_retired.any,48760710,100.00,146.2,IpMispredict
     3.606828796,408477,,br_misp_retired.all_branches,48760710,100.00,,
     3.707019786,59412604,,inst_retired.any,48341145,100.00,145.4,IpMispredict
     3.707019786,406454,,br_misp_retired.all_branches,48341145,100.00,,
     3.807209467,59927342,,inst_retired.any,48740133,100.00,146.7,IpMispredict
     3.807209467,410637,,br_misp_retired.all_branches,48740133,100.00,,
     3.907398358,59716346,,inst_retired.any,48719335,100.00,146.1,IpMispredict
     3.907398358,409778,,br_misp_retired.all_branches,48719335,100.00,,
     4.007590497,59509079,,inst_retired.any,48692488,100.00,145.7,IpMispredict
     4.007590497,404568,,br_misp_retired.all_branches,48692488,100.00,,
     4.107782316,59362273,,inst_retired.any,48317052,100.00,145.3,IpMispredict
     4.107782316,403348,,br_misp_retired.all_branches,48317052,100.00,,
     4.207970244,60104491,,inst_retired.any,48866759,100.00,147.2,IpMispredict
     4.207970244,409590,,br_misp_retired.all_branches,48866759,100.00,,
     4.308159089,59725658,,inst_retired.any,48426580,100.00,146.2,IpMispredict
     4.308159089,407947,,br_misp_retired.all_branches,48426580,100.00,,
     4.408352023,59263618,,inst_retired.any,48105657,100.00,145.1,IpMispredict
     4.408352023,405610,,br_misp_retired.all_branches,48105657,100.00,,
     4.508545700,59404621,,inst_retired.any,48312576,100.00,145.5,IpMispredict
     4.508545700,403994,,br_misp_retired.all_branches,48312576,100.00,,
     4.608735286,60205847,,inst_retired.any,48986344,100.00,147.5,IpMispredict
     4.608735286,409546,,br_misp_retired.all_branches,48986344,100.00,,
     4.708927057,59024356,,inst_retired.any,48113956,100.00,144.6,IpMispredict
     4.708927057,401762,,br_misp_retired.all_branches,48113956,100.00,,
     4.809117262,60196713,,inst_retired.any,48973736,100.00,147.5,IpMispredict
     4.809117262,411217,,br_misp_retired.all_branches,48973736,100.00,,
     4.909312118,59246885,,inst_retired.any,48187388,100.00,145.2,IpMispredict
     4.909312118,401173,,br_misp_retired.all_branches,48187388,100.00,,
     5.009509589,59730650,,inst_retired.any,48639979,100.00,146.4,IpMispredict
     5.009509589,406429,,br_misp_retired.all_branches,48639979,100.00,,
     5.109699533,59665945,,inst_retired.any,48613202,100.00,146.2,IpMispredict
     5.109699533,405766,,br_misp_retired.all_branches,48613202,100.00,,
     5.209891956,59597806,,inst_retired.any,48671874,100.00,146.1,IpMispredict
     5.209891956,407149,,br_misp_retired.all_branches,48671874,100.00,,
     5.310083487,59743202,,inst_retired.any,48542712,100.00,146.4,IpMispredict
     5.310083487,406536,,br_misp_retired.all_branches,48542712,100.00,,
     5.410276334,59659089,,inst_retired.any,48697022,100.00,146.2,IpMispredict
     5.410276334,407179,,br_misp_retired.all_branches,48697022,100.00,,
     5.510488367,59506829,,inst_retired.any,48520220,100.00,145.9,IpMispredict
     5.510488367,405966,,br_misp_retired.all_branches,48520220,100.00,,
     5.610680609,59910087,,inst_retired.any,48670940,100.00,146.9,IpMispredict
     5.610680609,406809,,br_misp_retired.all_branches,48670940,100.00,,
     5.710869400,59768894,,inst_retired.any,48534325,100.00,146.6,IpMispredict
     5.710869400,404212,,br_misp_retired.all_branches,48534325,100.00,,
     5.811064937,59318504,,inst_retired.any,48357760,100.00,145.5,IpMispredict
     5.811064937,402452,,br_misp_retired.all_branches,48357760,100.00,,
     5.911258470,59690875,,inst_retired.any,48915733,100.00,146.4,IpMispredict
     5.911258470,406548,,br_misp_retired.all_branches,48915733,100.00,,
     6.011451705,59539393,,inst_retired.any,48282658,100.00,146.0,IpMispredict
     6.011451705,407448,,br_misp_retired.all_branches,48282658,100.00,,
     6.111640713,60078656,,inst_retired.any,49106405,100.00,147.4,IpMispredict
     6.111640713,408489,,br_misp_retired.all_branches,49106405,100.00,,
     6.211831272,59262011,,inst_retired.any,48233795,100.00,145.4,IpMispredict
     6.211831272,403764,,br_misp_retired.all_branches,48233795,100.00,,
     6.312021823,60131611,,inst_retired.any,49056565,100.00,147.5,IpMispredict
     6.312021823,410892,,br_misp_retired.all_branches,49056565,100.00,,
     6.412211203,59282628,,inst_retired.any,48175051,100.00,145.4,IpMispredict
     6.412211203,401673,,br_misp_retired.all_branches,48175051,100.00,,
     6.512404434,59745664,,inst_retired.any,48633297,100.00,146.6,IpMispredict
     6.512404434,405843,,br_misp_retired.all_branches,48633297,100.00,,
     6.612594910,59646254,,inst_retired.any,48477200,100.00,146.4,IpMispredict
     6.612594910,405467,,br_misp_retired.all_branches,48477200,100.00,,
     6.712787430,59601077,,inst_retired.any,48497033,100.00,146.2,IpMispredict
     6.712787430,408401,,br_misp_retired.all_branches,48497033,100.00,,
     6.812978099,59742787,,inst_retired.any,48654647,100.00,146.6,IpMispredict
     6.812978099,410475,,br_misp_retired.all_branches,48654647,100.00,,
     6.913168019,59343979,,inst_retired.any,48256003,100.00,145.6,IpMispredict
     6.913168019,402925,,br_misp_retired.all_branches,48256003,100.00,,
     7.013356774,60135083,,inst_retired.any,48974421,100.00,147.5,IpMispredict
     7.013356774,411498,,br_misp_retired.all_branches,48974421,100.00,,
     7.113549457,59086183,,inst_retired.any,48173815,100.00,145.0,IpMispredict
     7.113549457,401792,,br_misp_retired.all_branches,48173815,100.00,,
     7.213740701,60137459,,inst_retired.any,48839689,100.00,147.6,IpMispredict
     7.213740701,409015,,br_misp_retired.all_branches,48839689,100.00,,
     7.313929449,59285705,,inst_retired.any,48307599,100.00,145.5,IpMispredict
     7.313929449,404942,,br_misp_retired.all_branches,48307599,100.00,,
     7.414120923,59684233,,inst_retired.any,48656377,100.00,146.5,IpMispredict
     7.414120923,408314,,br_misp_retired.all_branches,48656377,100.00,,
     7.514309711,60081666,,inst_retired.any,48732410,100.00,147.4,IpMispredict
     7.514309711,409227,,br_misp_retired.all_branches,48732410,100.00,,
     7.614501662,59887951,,inst_retired.any,49096798,100.00,146.9,IpMispredict
     7.614501662,411191,,br_misp_retired.all_branches,49096798,100.00,,
     7.714689382,59213801,,inst_retired.any,48405375,100.00,145.3,IpMispredict
     7.714689382,408718,,br_misp_retired.all_branches,48405375,100.00,,
     7.814881607,59710099,,inst_retired.any,48600284,100.00,146.5,IpMispredict
     7.814881607,409399,,br_misp_retired.all_branches,48600284,100.00,,
     7.915072195,59807873,,inst_retired.any,48787822,100.00,146.7,IpMispredict
     7.915072195,406462,,br_misp_retired.all_branches,48787822,100.00,,
     8.015263223,59390476,,inst_retired.any,48513904,100.00,145.7,IpMispredict
     8.015263223,407455,,br_misp_retired.all_branches,48513904,100.00,,
     8.115451894,59752043,,inst_retired.any,48750785,100.00,146.6,IpMispredict
     8.115451894,407410,,br_misp_retired.all_branches,48750785,100.00,,
     8.215645102,59549193,,inst_retired.any,48528972,100.00,146.1,IpMispredict
     8.215645102,410525,,br_misp_retired.all_branches,48528972,100.00,,
     8.315873478,59707533,,inst_retired.any,48641898,100.00,146.5,IpMispredict
     8.315873478,409883,,br_misp_retired.all_branches,48641898,100.00,,
     8.416067562,59730735,,inst_retired.any,48868154,100.00,146.5,IpMispredict
     8.416067562,408719,,br_misp_retired.all_branches,48868154,100.00,,
     8.516258748,59219387,,inst_retired.any,48277995,100.00,145.3,IpMispredict
     8.516258748,404226,,br_misp_retired.all_branches,48277995,100.00,,
     8.616450026,59940673,,inst_retired.any,48858443,100.00,147.0,IpMispredict
     8.616450026,409022,,br_misp_retired.all_branches,48858443,100.00,,
     8.716639268,59520998,,inst_retired.any,48466932,100.00,146.0,IpMispredict
     8.716639268,407754,,br_misp_retired.all_branches,48466932,100.00,,
     8.816830208,59326638,,inst_retired.any,48346070,100.00,145.5,IpMispredict
     8.816830208,403207,,br_misp_retired.all_branches,48346070,100.00,,
     8.917019193,59938311,,inst_retired.any,49013264,100.00,147.0,IpMispredict
     8.917019193,410278,,br_misp_retired.all_branches,49013264,100.00,,
     9.017210827,59212425,,inst_retired.any,48287186,100.00,145.3,IpMispredict
     9.017210827,406223,,br_misp_retired.all_branches,48287186,100.00,,
     9.117399258,60105519,,inst_retired.any,49084936,100.00,147.4,IpMispredict
     9.117399258,412368,,br_misp_retired.all_branches,49084936,100.00,,
     9.217588025,59545962,,inst_retired.any,48400389,100.00,146.1,IpMispredict
     9.217588025,407036,,br_misp_retired.all_branches,48400389,100.00,,
     9.317779052,59319713,,inst_retired.any,48287392,100.00,145.5,IpMispredict
     9.317779052,408027,,br_misp_retired.all_branches,48287392,100.00,,
     9.417971361,59600386,,inst_retired.any,48422447,100.00,146.2,IpMispredict
     9.417971361,406602,,br_misp_retired.all_branches,48422447,100.00,,
     9.518160009,60011417,,inst_retired.any,48924768,100.00,147.2,IpMispredict
     9.518160009,409760,,br_misp_retired.all_branches,48924768,100.00,,
     9.618347754,59510741,,inst_retired.any,48548228,100.00,146.0,IpMispredict
     9.618347754,406187,,br_misp_retired.all_branches,48548228,100.00,,
     9.718538908,59380880,,inst_retired.any,48359700,100.00,145.7,IpMispredict
     9.718538908,405414,,br_misp_retired.all_branches,48359700,100.00,,
     9.818730633,59827512,,inst_retired.any,48652053,100.00,146.8,IpMispredict
     9.818730633,405368,,br_misp_retired.all_branches,48652053,100.00,,
     9.918922531,60026698,,inst_retired.any,48914905,100.00,147.3,IpMispredict
     9.918922531,409636,,br_misp_retired.all_branches,48914905,100.00,,
    10.019117373,59385396,,inst_retired.any,48304010,100.00,145.7,IpMispredict
    10.019117373,403006,,br_misp_retired.all_branches,48304010,100.00,,
    10.119316185,59584518,,inst_retired.any,48629148,100.00,146.2,IpMispredict
    10.119316185,404884,,br_misp_retired.all_branches,48629148,100.00,,
    10.219504655,59847844,,inst_retired.any,48705430,100.00,146.8,IpMispredict
    10.219504655,408512,,br_misp_retired.all_branches,48705430,100.00,,
    10.319693316,59211082,,inst_retired.any,48258781,100.00,145.3,IpMispredict
    10.319693316,401783,,br_misp_retired.all_branches,48258781,100.00,,
    10.419895896,59869675,,inst_retired.any,48887764,100.00,146.9,IpMispredict
    10.419895896,405607,,br_misp_retired.all_branches,48887764,100.00,,
    10.520086270,59275262,,inst_retired.any,48198177,100.00,145.5,IpMispredict
    10.520086270,400106,,br_misp_retired.all_branches,48198177,100.00,,
    10.620272780,60176499,,inst_retired.any,49033497,100.00,147.7,IpMispredict
    10.620272780,406897,,br_misp_retired.all_branches,49033497,100.00,,
    10.720465246,59391767,,inst_retired.any,48228752,100.00,145.8,IpMispredict
    10.720465246,400098,,br_misp_retired.all_branches,48228752,100.00,,
    10.820656607,59481333,,inst_retired.any,48494592,100.00,146.0,IpMispredict
    10.820656607,403546,,br_misp_retired.all_branches,48494592,100.00,,
    10.920848111,59929958,,inst_retired.any,48933480,100.00,147.1,IpMispredict
    10.920848111,406028,,br_misp_retired.all_branches,48933480,100.00,,
    11.021062883,59357993,,inst_retired.any,48302703,100.00,145.7,IpMispredict
    11.021062883,402628,,br_misp_retired.all_branches,48302703,100.00,,
