# started on Tue May  2 15:58:33 2023

     0.100129793,89408528,,inst_retired.any,72399000,100.00,146.1,IpMispredict
     0.100129793,612111,,br_misp_retired.all_branches,72399000,100.00,,
     0.200385590,89520281,,inst_retired.any,72557036,100.00,146.7,IpMispredict
     0.200385590,608206,,br_misp_retired.all_branches,72557036,100.00,,
     0.300576162,89101324,,inst_retired.any,72560193,100.00,146.5,IpMispredict
     0.300576162,603871,,br_misp_retired.all_branches,72560193,100.00,,
     0.400768629,89376273,,inst_retired.any,72477399,100.00,147.1,IpMispredict
     0.400768629,605942,,br_misp_retired.all_branches,72477399,100.00,,
     0.500958185,89488610,,inst_retired.any,72447399,100.00,147.3,IpMispredict
     0.500958185,607849,,br_misp_retired.all_branches,72447399,100.00,,
     0.601151433,20908486,,inst_retired.any,16816140,100.00,39.5,IpMispredict
     0.601151433,140802,,br_misp_retired.all_branches,16816140,100.00,,
     0.701345446,<not counted>,,inst_retired.any,0,100.00,,
     0.701345446,<not counted>,,br_misp_retired.all_branches,0,100.00,,
     0.801519090,<not counted>,,inst_retired.any,0,100.00,,
     0.801519090,<not counted>,,br_misp_retired.all_branches,0,100.00,,
     0.901691366,57907018,,inst_retired.any,51896832,100.00,144.7,IpMispredict
     0.901691366,422020,,br_misp_retired.all_branches,51896832,100.00,,
     1.001884878,101883715,,inst_retired.any,82858331,100.00,237.3,IpMispredict
     1.001884878,691843,,br_misp_retired.all_branches,82858331,100.00,,
     1.102071120,102279558,,inst_retired.any,82961510,100.00,225.5,IpMispredict
     1.102071120,695826,,br_misp_retired.all_branches,82961510,100.00,,
     1.202245077,102119727,,inst_retired.any,82941195,100.00,215.6,IpMispredict
     1.202245077,695206,,br_misp_retired.all_branches,82941195,100.00,,
     1.302437855,2387682,,inst_retired.any,1965269,100.00,5.4,IpMispredict
     1.302437855,16537,,br_misp_retired.all_branches,1965269,100.00,,
     1.402627128,81076552,,inst_retired.any,71476054,100.00,180.5,IpMispredict
     1.402627128,588044,,br_misp_retired.all_branches,71476054,100.00,,
     1.502820820,101966412,,inst_retired.any,82731323,100.00,218.9,IpMispredict
     1.502820820,697551,,br_misp_retired.all_branches,82731323,100.00,,
     1.603010320,100501753,,inst_retired.any,81776883,100.00,209.5,IpMispredict
     1.603010320,688785,,br_misp_retired.all_branches,81776883,100.00,,
     1.703200751,<not counted>,,inst_retired.any,0,100.00,,
     1.703200751,<not counted>,,br_misp_retired.all_branches,0,100.00,,
     1.803371629,<not counted>,,inst_retired.any,0,100.00,,
     1.803371629,<not counted>,,br_misp_retired.all_branches,0,100.00,,
     1.903548463,<not counted>,,inst_retired.any,0,100.00,,
     1.903548463,<not counted>,,br_misp_retired.all_branches,0,100.00,,
     2.003720577,81737708,,inst_retired.any,71686530,100.00,197.9,IpMispredict
     2.003720577,583896,,br_misp_retired.all_branches,71686530,100.00,,
     2.103914744,101915007,,inst_retired.any,82869842,100.00,239.0,IpMispredict
     2.103914744,696436,,br_misp_retired.all_branches,82869842,100.00,,
     2.204090372,102117576,,inst_retired.any,82903331,100.00,232.8,IpMispredict
     2.204090372,694385,,br_misp_retired.all_branches,82903331,100.00,,
     2.304279554,93203896,,inst_retired.any,75613749,100.00,208.5,IpMispredict
     2.304279554,630137,,br_misp_retired.all_branches,75613749,100.00,,
     2.404471645,<not counted>,,inst_retired.any,0,100.00,,
     2.404471645,<not counted>,,br_misp_retired.all_branches,0,100.00,,
     2.504642906,87685421,,inst_retired.any,74537285,100.00,201.0,IpMispredict
     2.504642906,624377,,br_misp_retired.all_branches,74537285,100.00,,
     2.604836803,101736722,,inst_retired.any,82905901,100.00,228.0,IpMispredict
     2.604836803,696550,,br_misp_retired.all_branches,82905901,100.00,,
     2.705029614,89936175,,inst_retired.any,72953762,100.00,198.8,IpMispredict
     2.705029614,613907,,br_misp_retired.all_branches,72953762,100.00,,
     2.805222889,<not counted>,,inst_retired.any,0,100.00,,
     2.805222889,<not counted>,,br_misp_retired.all_branches,0,100.00,,
     2.905418699,<not counted>,,inst_retired.any,0,100.00,,
     2.905418699,<not counted>,,br_misp_retired.all_branches,0,100.00,,
     3.005593602,<not counted>,,inst_retired.any,0,100.00,,
     3.005593602,<not counted>,,br_misp_retired.all_branches,0,100.00,,
     3.105764818,91639056,,inst_retired.any,77892457,100.00,220.6,IpMispredict
     3.105764818,665564,,br_misp_retired.all_branches,77892457,100.00,,
     3.205953285,102014179,,inst_retired.any,83007036,100.00,240.4,IpMispredict
     3.205953285,699396,,br_misp_retired.all_branches,83007036,100.00,,
     3.306144662,102389644,,inst_retired.any,82976310,100.00,236.7,IpMispredict
     3.306144662,696142,,br_misp_retired.all_branches,82976310,100.00,,
     3.406338923,88919358,,inst_retired.any,72185970,100.00,203.2,IpMispredict
     3.406338923,604692,,br_misp_retired.all_branches,72185970,100.00,,
     3.506529323,<not counted>,,inst_retired.any,0,100.00,,
     3.506529323,<not counted>,,br_misp_retired.all_branches,0,100.00,,
     3.606700751,92617388,,inst_retired.any,79798957,100.00,214.5,IpMispredict
     3.606700751,667707,,br_misp_retired.all_branches,79798957,100.00,,
     3.706894139,101940080,,inst_retired.any,82989787,100.00,232.1,IpMispredict
     3.706894139,701080,,br_misp_retired.all_branches,82989787,100.00,,
     3.807083680,85884956,,inst_retired.any,69911424,100.00,193.8,IpMispredict
     3.807083680,588880,,br_misp_retired.all_branches,69911424,100.00,,
     3.907274601,<not counted>,,inst_retired.any,0,100.00,,
     3.907274601,<not counted>,,br_misp_retired.all_branches,0,100.00,,
     4.007446727,<not counted>,,inst_retired.any,0,100.00,,
     4.007446727,<not counted>,,br_misp_retired.all_branches,0,100.00,,
     4.107618805,<not counted>,,inst_retired.any,0,100.00,,
     4.107618805,<not counted>,,br_misp_retired.all_branches,0,100.00,,
     4.207789130,94374289,,inst_retired.any,81526802,100.00,226.3,IpMispredict
     4.207789130,674826,,br_misp_retired.all_branches,81526802,100.00,,
     4.307964931,100719923,,inst_retired.any,82682166,100.00,238.0,IpMispredict
     4.307964931,685692,,br_misp_retired.all_branches,82682166,100.00,,
     4.408142890,100738947,,inst_retired.any,82636369,100.00,234.7,IpMispredict
     4.408142890,686104,,br_misp_retired.all_branches,82636369,100.00,,
     4.508335013,82398578,,inst_retired.any,66575205,100.00,190.7,IpMispredict
     4.508335013,557428,,br_misp_retired.all_branches,66575205,100.00,,
     4.608526056,779937,,inst_retired.any,1469548,100.00,1.8,IpMispredict
     4.608526056,13125,,br_misp_retired.all_branches,1469548,100.00,,
     4.708715236,97016866,,inst_retired.any,82487102,100.00,226.4,IpMispredict
     4.708715236,681467,,br_misp_retired.all_branches,82487102,100.00,,
     4.808907882,101955782,,inst_retired.any,82731625,100.00,234.9,IpMispredict
     4.808907882,701734,,br_misp_retired.all_branches,82731625,100.00,,
     4.909100770,80074707,,inst_retired.any,65053134,100.00,183.5,IpMispredict
     4.909100770,544208,,br_misp_retired.all_branches,65053134,100.00,,
     5.009290496,<not counted>,,inst_retired.any,0,100.00,,
     5.009290496,<not counted>,,br_misp_retired.all_branches,0,100.00,,
     5.109462477,<not counted>,,inst_retired.any,0,100.00,,
     5.109462477,<not counted>,,br_misp_retired.all_branches,0,100.00,,
     5.209632298,1798967,,inst_retired.any,3382941,100.00,4.4,IpMispredict
     5.209632298,27544,,br_misp_retired.all_branches,3382941,100.00,,
     5.309827247,99858739,,inst_retired.any,82375385,100.00,239.4,IpMispredict
     5.309827247,701855,,br_misp_retired.all_branches,82375385,100.00,,
     5.410016586,101970578,,inst_retired.any,82673329,100.00,241.4,IpMispredict
     5.410016586,696626,,br_misp_retired.all_branches,82673329,100.00,,
     5.510206964,102190440,,inst_retired.any,82854397,100.00,239.1,IpMispredict
     5.510206964,698536,,br_misp_retired.all_branches,82854397,100.00,,
     5.610397560,75276415,,inst_retired.any,60959063,100.00,175.5,IpMispredict
     5.610397560,511606,,br_misp_retired.all_branches,60959063,100.00,,
     5.710605799,3855641,,inst_retired.any,6625249,100.00,9.1,IpMispredict
     5.710605799,40116,,br_misp_retired.all_branches,6625249,100.00,,
     5.810798813,102150460,,inst_retired.any,82827893,100.00,239.1,IpMispredict
     5.810798813,716463,,br_misp_retired.all_branches,82827893,100.00,,
     5.910989375,102230287,,inst_retired.any,82788663,100.00,236.8,IpMispredict
     5.910989375,696337,,br_misp_retired.all_branches,82788663,100.00,,
     6.011177776,75255351,,inst_retired.any,60875029,100.00,173.8,IpMispredict
     6.011177776,513868,,br_misp_retired.all_branches,60875029,100.00,,
     6.111367925,<not counted>,,inst_retired.any,0,100.00,,
     6.111367925,<not counted>,,br_misp_retired.all_branches,0,100.00,,
     6.211538763,<not counted>,,inst_retired.any,0,100.00,,
     6.211538763,<not counted>,,br_misp_retired.all_branches,0,100.00,,
     6.311722552,4420916,,inst_retired.any,7466927,100.00,10.7,IpMispredict
     6.311722552,39598,,br_misp_retired.all_branches,7466927,100.00,,
     6.411917440,100598862,,inst_retired.any,82531901,100.00,240.9,IpMispredict
     6.411917440,699944,,br_misp_retired.all_branches,82531901,100.00,,
     6.512108969,102175732,,inst_retired.any,82791540,100.00,242.2,IpMispredict
     6.512108969,696688,,br_misp_retired.all_branches,82791540,100.00,,
     6.612297335,102084248,,inst_retired.any,82895802,100.00,239.6,IpMispredict
     6.612297335,695216,,br_misp_retired.all_branches,82895802,100.00,,
     6.712488155,67594783,,inst_retired.any,54863625,100.00,158.5,IpMispredict
     6.712488155,459456,,br_misp_retired.all_branches,54863625,100.00,,
     6.812679056,10008782,,inst_retired.any,12819633,100.00,23.7,IpMispredict
     6.812679056,87343,,br_misp_retired.all_branches,12819633,100.00,,
     6.912876238,102172903,,inst_retired.any,83047086,100.00,240.1,IpMispredict
     6.912876238,701362,,br_misp_retired.all_branches,83047086,100.00,,
     7.013072432,102196494,,inst_retired.any,82877537,100.00,238.0,IpMispredict
     7.013072432,698120,,br_misp_retired.all_branches,82877537,100.00,,
     7.113266887,67467978,,inst_retired.any,54789018,100.00,156.9,IpMispredict
     7.113266887,459151,,br_misp_retired.all_branches,54789018,100.00,,
     7.213459260,<not counted>,,inst_retired.any,0,100.00,,
     7.213459260,<not counted>,,br_misp_retired.all_branches,0,100.00,,
     7.313631788,<not counted>,,inst_retired.any,0,100.00,,
     7.313631788,<not counted>,,br_misp_retired.all_branches,0,100.00,,
     7.413802550,10588619,,inst_retired.any,13192151,100.00,25.6,IpMispredict
     7.413802550,91887,,br_misp_retired.all_branches,13192151,100.00,,
     7.513996600,102462381,,inst_retired.any,82727332,100.00,245.3,IpMispredict
     7.513996600,711850,,br_misp_retired.all_branches,82727332,100.00,,
     7.614187840,101770931,,inst_retired.any,82837301,100.00,241.6,IpMispredict
     7.614187840,692545,,br_misp_retired.all_branches,82837301,100.00,,
     7.714377681,102217865,,inst_retired.any,82725725,100.00,240.6,IpMispredict
     7.714377681,691512,,br_misp_retired.all_branches,82725725,100.00,,
     7.814568591,64173059,,inst_retired.any,51885142,100.00,151.0,IpMispredict
     7.814568591,436311,,br_misp_retired.all_branches,51885142,100.00,,
     7.914760308,12505494,,inst_retired.any,14939771,100.00,29.7,IpMispredict
     7.914760308,109707,,br_misp_retired.all_branches,14939771,100.00,,
     8.014952996,102348393,,inst_retired.any,82862207,100.00,241.1,IpMispredict
     8.014952996,707061,,br_misp_retired.all_branches,82862207,100.00,,
     8.115143244,102506712,,inst_retired.any,83065971,100.00,239.5,IpMispredict
     8.115143244,701058,,br_misp_retired.all_branches,83065971,100.00,,
     8.215333996,64579432,,inst_retired.any,52086915,100.00,150.9,IpMispredict
     8.215333996,438570,,br_misp_retired.all_branches,52086915,100.00,,
     8.315524832,<not counted>,,inst_retired.any,0,100.00,,
     8.315524832,<not counted>,,br_misp_retired.all_branches,0,100.00,,
     8.415709341,<not counted>,,inst_retired.any,0,100.00,,
     8.415709341,<not counted>,,br_misp_retired.all_branches,0,100.00,,
     8.515905696,14717395,,inst_retired.any,16607078,100.00,35.5,IpMispredict
     8.515905696,123026,,br_misp_retired.all_branches,16607078,100.00,,
     8.616098636,102258588,,inst_retired.any,82819077,100.00,244.7,IpMispredict
     8.616098636,708225,,br_misp_retired.all_branches,82819077,100.00,,
     8.716288686,101896069,,inst_retired.any,82684285,100.00,242.0,IpMispredict
     8.716288686,695768,,br_misp_retired.all_branches,82684285,100.00,,
     8.816480081,102479475,,inst_retired.any,82997642,100.00,241.6,IpMispredict
     8.816480081,695636,,br_misp_retired.all_branches,82997642,100.00,,
     8.916673800,54560927,,inst_retired.any,44163568,100.00,128.8,IpMispredict
     8.916673800,371149,,br_misp_retired.all_branches,44163568,100.00,,
     9.016863054,22757126,,inst_retired.any,22897423,100.00,54.1,IpMispredict
     9.016863054,179294,,br_misp_retired.all_branches,22897423,100.00,,
     9.117055467,103294451,,inst_retired.any,82959651,100.00,243.6,IpMispredict
     9.117055467,706556,,br_misp_retired.all_branches,82959651,100.00,,
     9.217245928,102476143,,inst_retired.any,83054133,100.00,240.0,IpMispredict
     9.217245928,696389,,br_misp_retired.all_branches,83054133,100.00,,
     9.317436848,55669801,,inst_retired.any,45189342,100.00,130.6,IpMispredict
     9.317436848,378756,,br_misp_retired.all_branches,45189342,100.00,,
     9.417630183,<not counted>,,inst_retired.any,0,100.00,,
     9.417630183,<not counted>,,br_misp_retired.all_branches,0,100.00,,
     9.517803314,<not counted>,,inst_retired.any,0,100.00,,
     9.517803314,<not counted>,,br_misp_retired.all_branches,0,100.00,,
     9.617975930,26181065,,inst_retired.any,25558830,100.00,63.1,IpMispredict
     9.617975930,195653,,br_misp_retired.all_branches,25558830,100.00,,
     9.718167150,101974088,,inst_retired.any,82792718,100.00,243.9,IpMispredict
     9.718167150,705016,,br_misp_retired.all_branches,82792718,100.00,,
     9.818357588,101586761,,inst_retired.any,82553674,100.00,241.3,IpMispredict
     9.818357588,697583,,br_misp_retired.all_branches,82553674,100.00,,
     9.918547696,102132500,,inst_retired.any,82652719,100.00,241.1,IpMispredict
     9.918547696,690407,,br_misp_retired.all_branches,82652719,100.00,,
    10.018739317,50433815,,inst_retired.any,40832476,100.00,119.3,IpMispredict
    10.018739317,341713,,br_misp_retired.all_branches,40832476,100.00,,
    10.118928342,28157006,,inst_retired.any,27071903,100.00,66.9,IpMispredict
    10.118928342,217740,,br_misp_retired.all_branches,27071903,100.00,,
    10.219117173,102086441,,inst_retired.any,82955488,100.00,241.0,IpMispredict
    10.219117173,699567,,br_misp_retired.all_branches,82955488,100.00,,
    10.319305864,102180750,,inst_retired.any,82875834,100.00,239.7,IpMispredict
    10.319305864,696379,,br_misp_retired.all_branches,82875834,100.00,,
    10.419499623,49647674,,inst_retired.any,40254352,100.00,116.7,IpMispredict
    10.419499623,340679,,br_misp_retired.all_branches,40254352,100.00,,
    10.519690838,<not counted>,,inst_retired.any,0,100.00,,
    10.519690838,<not counted>,,br_misp_retired.all_branches,0,100.00,,
    10.619889489,<not counted>,,inst_retired.any,0,100.00,,
    10.619889489,<not counted>,,br_misp_retired.all_branches,0,100.00,,
    10.720045106,30158707,,inst_retired.any,28969011,100.00,72.6,IpMispredict
    10.720045106,226763,,br_misp_retired.all_branches,28969011,100.00,,
    10.820238621,102326864,,inst_retired.any,82909498,100.00,244.7,IpMispredict
    10.820238621,698742,,br_misp_retired.all_branches,82909498,100.00,,
    10.920428889,102223316,,inst_retired.any,82821571,100.00,242.9,IpMispredict
    10.920428889,698076,,br_misp_retired.all_branches,82821571,100.00,,
    11.020618832,102573832,,inst_retired.any,83022729,100.00,242.3,IpMispredict
    11.020618832,694656,,br_misp_retired.all_branches,83022729,100.00,,
