# started on Tue May  2 13:53:16 2023

     0.100189013,8222575,,offcore_response.all_requests.llc_hit.any_response,77357520,100.00,,
     0.100189013,115420,,offcore_response.all_requests.llc_miss.any_response,77350483,100.00,,
     0.200413513,8270906,,offcore_response.all_requests.llc_hit.any_response,77665963,100.00,,
     0.200413513,116250,,offcore_response.all_requests.llc_miss.any_response,77650011,100.00,,
     0.300581225,8276968,,offcore_response.all_requests.llc_hit.any_response,77648651,100.00,,
     0.300581225,113069,,offcore_response.all_requests.llc_miss.any_response,77673529,100.00,,
     0.400775489,8266114,,offcore_response.all_requests.llc_hit.any_response,77289638,100.00,,
     0.400775489,111973,,offcore_response.all_requests.llc_miss.any_response,77288940,100.00,,
     0.500985223,8257073,,offcore_response.all_requests.llc_hit.any_response,77413854,100.00,,
     0.500985223,112804,,offcore_response.all_requests.llc_miss.any_response,77414709,100.00,,
     0.601185026,8241098,,offcore_response.all_requests.llc_hit.any_response,77396727,100.00,,
     0.601185026,112796,,offcore_response.all_requests.llc_miss.any_response,77396028,100.00,,
     0.701384514,8313185,,offcore_response.all_requests.llc_hit.any_response,78139585,100.00,,
     0.701384514,113621,,offcore_response.all_requests.llc_miss.any_response,78124270,100.00,,
     0.801581384,8236895,,offcore_response.all_requests.llc_hit.any_response,77236295,100.00,,
     0.801581384,112533,,offcore_response.all_requests.llc_miss.any_response,77251574,100.00,,
     0.901783616,919433,,offcore_response.all_requests.llc_hit.any_response,8716822,100.00,,
     0.901783616,12791,,offcore_response.all_requests.llc_miss.any_response,8692522,100.00,,
     1.001979589,6805866,,offcore_response.all_requests.llc_hit.any_response,70192186,100.00,,
     1.001979589,94540,,offcore_response.all_requests.llc_miss.any_response,70216960,100.00,,
     1.102181243,8384359,,offcore_response.all_requests.llc_hit.any_response,81051300,100.00,,
     1.102181243,114660,,offcore_response.all_requests.llc_miss.any_response,81034857,100.00,,
     1.202377791,8400859,,offcore_response.all_requests.llc_hit.any_response,81083115,100.00,,
     1.202377791,115737,,offcore_response.all_requests.llc_miss.any_response,81098264,100.00,,
     1.302574991,8368239,,offcore_response.all_requests.llc_hit.any_response,81019189,100.00,,
     1.302574991,115284,,offcore_response.all_requests.llc_miss.any_response,81005728,100.00,,
     1.402775802,8339771,,offcore_response.all_requests.llc_hit.any_response,80863846,100.00,,
     1.402775802,115484,,offcore_response.all_requests.llc_miss.any_response,80877402,100.00,,
     1.502974843,8393759,,offcore_response.all_requests.llc_hit.any_response,81218444,100.00,,
     1.502974843,115995,,offcore_response.all_requests.llc_miss.any_response,81219815,100.00,,
     1.603175948,8377870,,offcore_response.all_requests.llc_hit.any_response,80955985,100.00,,
     1.603175948,114964,,offcore_response.all_requests.llc_miss.any_response,80955397,100.00,,
     1.703376075,8428583,,offcore_response.all_requests.llc_hit.any_response,81180347,100.00,,
     1.703376075,115370,,offcore_response.all_requests.llc_miss.any_response,81179533,100.00,,
     1.803598790,8411592,,offcore_response.all_requests.llc_hit.any_response,81080748,100.00,,
     1.803598790,114616,,offcore_response.all_requests.llc_miss.any_response,81081651,100.00,,
     1.903772819,8382458,,offcore_response.all_requests.llc_hit.any_response,80891800,100.00,,
     1.903772819,114025,,offcore_response.all_requests.llc_miss.any_response,80877192,100.00,,
     2.003970981,534985,,offcore_response.all_requests.llc_hit.any_response,5214455,100.00,,
     2.003970981,7306,,offcore_response.all_requests.llc_miss.any_response,5204616,100.00,,
     2.104166301,6966708,,offcore_response.all_requests.llc_hit.any_response,70208032,100.00,,
     2.104166301,95377,,offcore_response.all_requests.llc_miss.any_response,70215742,100.00,,
     2.204373242,8582766,,offcore_response.all_requests.llc_hit.any_response,80786126,100.00,,
     2.204373242,117559,,offcore_response.all_requests.llc_miss.any_response,80802911,100.00,,
     2.304593979,8591096,,offcore_response.all_requests.llc_hit.any_response,80520581,100.00,,
     2.304593979,117059,,offcore_response.all_requests.llc_miss.any_response,80521275,100.00,,
     2.404794630,8607330,,offcore_response.all_requests.llc_hit.any_response,80861678,100.00,,
     2.404794630,117769,,offcore_response.all_requests.llc_miss.any_response,80858202,100.00,,
     2.504995034,8630778,,offcore_response.all_requests.llc_hit.any_response,80940418,100.00,,
     2.504995034,118586,,offcore_response.all_requests.llc_miss.any_response,80935981,100.00,,
     2.605196459,8626097,,offcore_response.all_requests.llc_hit.any_response,80902825,100.00,,
     2.605196459,118512,,offcore_response.all_requests.llc_miss.any_response,80906155,100.00,,
     2.705394598,8605298,,offcore_response.all_requests.llc_hit.any_response,80678096,100.00,,
     2.705394598,118411,,offcore_response.all_requests.llc_miss.any_response,80663601,100.00,,
     2.805592311,8641650,,offcore_response.all_requests.llc_hit.any_response,80966073,100.00,,
     2.805592311,118568,,offcore_response.all_requests.llc_miss.any_response,80967964,100.00,,
     2.905794299,8663831,,offcore_response.all_requests.llc_hit.any_response,81122905,100.00,,
     2.905794299,118327,,offcore_response.all_requests.llc_miss.any_response,81140087,100.00,,
     3.005994304,8652334,,offcore_response.all_requests.llc_hit.any_response,81084999,100.00,,
     3.005994304,119733,,offcore_response.all_requests.llc_miss.any_response,81068862,100.00,,
     3.106193321,526804,,offcore_response.all_requests.llc_hit.any_response,4979113,100.00,,
     3.106193321,7385,,offcore_response.all_requests.llc_miss.any_response,4970066,100.00,,
     3.206388019,7027620,,offcore_response.all_requests.llc_hit.any_response,70595685,100.00,,
     3.206388019,94237,,offcore_response.all_requests.llc_miss.any_response,70620982,100.00,,
     3.306590531,8638548,,offcore_response.all_requests.llc_hit.any_response,81006285,100.00,,
     3.306590531,118233,,offcore_response.all_requests.llc_miss.any_response,81005529,100.00,,
     3.406787425,8487276,,offcore_response.all_requests.llc_hit.any_response,80827829,100.00,,
     3.406787425,116458,,offcore_response.all_requests.llc_miss.any_response,80828425,100.00,,
     3.506986677,8615698,,offcore_response.all_requests.llc_hit.any_response,80984940,100.00,,
     3.506986677,118036,,offcore_response.all_requests.llc_miss.any_response,80984268,100.00,,
     3.607185428,8574494,,offcore_response.all_requests.llc_hit.any_response,80901145,100.00,,
     3.607185428,117768,,offcore_response.all_requests.llc_miss.any_response,80901970,100.00,,
     3.707387526,8564747,,offcore_response.all_requests.llc_hit.any_response,80536398,100.00,,
     3.707387526,117569,,offcore_response.all_requests.llc_miss.any_response,80517860,100.00,,
     3.807607174,8591454,,offcore_response.all_requests.llc_hit.any_response,80721081,100.00,,
     3.807607174,117813,,offcore_response.all_requests.llc_miss.any_response,80738729,100.00,,
     3.907808900,8614103,,offcore_response.all_requests.llc_hit.any_response,81012088,100.00,,
     3.907808900,118757,,offcore_response.all_requests.llc_miss.any_response,81003276,100.00,,
     4.008004859,8603478,,offcore_response.all_requests.llc_hit.any_response,80838726,100.00,,
     4.008004859,117349,,offcore_response.all_requests.llc_miss.any_response,80830185,100.00,,
     4.108199128,8632026,,offcore_response.all_requests.llc_hit.any_response,80890015,100.00,,
     4.108199128,117370,,offcore_response.all_requests.llc_miss.any_response,80907520,100.00,,
     4.208399527,490485,,offcore_response.all_requests.llc_hit.any_response,4651772,100.00,,
     4.208399527,6755,,offcore_response.all_requests.llc_miss.any_response,4627220,100.00,,
     4.308593546,7038413,,offcore_response.all_requests.llc_hit.any_response,70778314,100.00,,
     4.308593546,96115,,offcore_response.all_requests.llc_miss.any_response,70803923,100.00,,
     4.408794614,8619295,,offcore_response.all_requests.llc_hit.any_response,80906813,100.00,,
     4.408794614,117343,,offcore_response.all_requests.llc_miss.any_response,80888073,100.00,,
     4.509010816,8555167,,offcore_response.all_requests.llc_hit.any_response,80607099,100.00,,
     4.509010816,116991,,offcore_response.all_requests.llc_miss.any_response,80609993,100.00,,
     4.609208554,8614003,,offcore_response.all_requests.llc_hit.any_response,81011799,100.00,,
     4.609208554,118624,,offcore_response.all_requests.llc_miss.any_response,81008611,100.00,,
     4.709407486,8599520,,offcore_response.all_requests.llc_hit.any_response,80904526,100.00,,
     4.709407486,118258,,offcore_response.all_requests.llc_miss.any_response,80905003,100.00,,
     4.809610051,8650537,,offcore_response.all_requests.llc_hit.any_response,81097768,100.00,,
     4.809610051,118288,,offcore_response.all_requests.llc_miss.any_response,81114146,100.00,,
     4.909817426,8627627,,offcore_response.all_requests.llc_hit.any_response,81157337,100.00,,
     4.909817426,117755,,offcore_response.all_requests.llc_miss.any_response,81146414,100.00,,
     5.010020268,8622729,,offcore_response.all_requests.llc_hit.any_response,80930736,100.00,,
     5.010020268,117781,,offcore_response.all_requests.llc_miss.any_response,80942655,100.00,,
     5.110221069,8628303,,offcore_response.all_requests.llc_hit.any_response,80900725,100.00,,
     5.110221069,117414,,offcore_response.all_requests.llc_miss.any_response,80890203,100.00,,
     5.210418628,8636126,,offcore_response.all_requests.llc_hit.any_response,80913359,100.00,,
     5.210418628,117814,,offcore_response.all_requests.llc_miss.any_response,80923916,100.00,,
     5.310618051,352104,,offcore_response.all_requests.llc_hit.any_response,3373502,100.00,,
     5.310618051,4969,,offcore_response.all_requests.llc_miss.any_response,3349041,100.00,,
     5.410817100,7088242,,offcore_response.all_requests.llc_hit.any_response,70947034,100.00,,
     5.410817100,95864,,offcore_response.all_requests.llc_miss.any_response,70964694,100.00,,
     5.511018348,8619233,,offcore_response.all_requests.llc_hit.any_response,81029677,100.00,,
     5.511018348,118163,,offcore_response.all_requests.llc_miss.any_response,81036475,100.00,,
     5.611217043,8611122,,offcore_response.all_requests.llc_hit.any_response,80697286,100.00,,
     5.611217043,118113,,offcore_response.all_requests.llc_miss.any_response,80697712,100.00,,
     5.711445685,8618397,,offcore_response.all_requests.llc_hit.any_response,80768079,100.00,,
     5.711445685,118523,,offcore_response.all_requests.llc_miss.any_response,80755704,100.00,,
     5.811644788,8644622,,offcore_response.all_requests.llc_hit.any_response,81052743,100.00,,
     5.811644788,118922,,offcore_response.all_requests.llc_miss.any_response,81066601,100.00,,
     5.911847352,8650739,,offcore_response.all_requests.llc_hit.any_response,80872292,100.00,,
     5.911847352,118077,,offcore_response.all_requests.llc_miss.any_response,80870405,100.00,,
     6.012046973,8619009,,offcore_response.all_requests.llc_hit.any_response,80631207,100.00,,
     6.012046973,117371,,offcore_response.all_requests.llc_miss.any_response,80631613,100.00,,
     6.112246687,8627583,,offcore_response.all_requests.llc_hit.any_response,80929239,100.00,,
     6.112246687,118186,,offcore_response.all_requests.llc_miss.any_response,80914742,100.00,,
     6.212443177,8635307,,offcore_response.all_requests.llc_hit.any_response,81070342,100.00,,
     6.212443177,117967,,offcore_response.all_requests.llc_miss.any_response,81081901,100.00,,
     6.312641905,8622486,,offcore_response.all_requests.llc_hit.any_response,81034091,100.00,,
     6.312641905,117975,,offcore_response.all_requests.llc_miss.any_response,81036620,100.00,,
     6.412843539,431774,,offcore_response.all_requests.llc_hit.any_response,4135706,100.00,,
     6.412843539,6020,,offcore_response.all_requests.llc_miss.any_response,4111229,100.00,,
     6.513038289,7140918,,offcore_response.all_requests.llc_hit.any_response,71262323,100.00,,
     6.513038289,97176,,offcore_response.all_requests.llc_miss.any_response,71283613,100.00,,
     6.613261692,8617477,,offcore_response.all_requests.llc_hit.any_response,81003264,100.00,,
     6.613261692,119211,,offcore_response.all_requests.llc_miss.any_response,80987119,100.00,,
     6.713459150,8567545,,offcore_response.all_requests.llc_hit.any_response,80716199,100.00,,
     6.713459150,120787,,offcore_response.all_requests.llc_miss.any_response,80736090,100.00,,
     6.813657000,8581843,,offcore_response.all_requests.llc_hit.any_response,80908540,100.00,,
     6.813657000,120395,,offcore_response.all_requests.llc_miss.any_response,80907865,100.00,,
     6.913855428,8627498,,offcore_response.all_requests.llc_hit.any_response,81120765,100.00,,
     6.913855428,120366,,offcore_response.all_requests.llc_miss.any_response,81121483,100.00,,
     7.014055603,8617208,,offcore_response.all_requests.llc_hit.any_response,81169101,100.00,,
     7.014055603,119887,,offcore_response.all_requests.llc_miss.any_response,81149425,100.00,,
     7.114252260,8597481,,offcore_response.all_requests.llc_hit.any_response,80774797,100.00,,
     7.114252260,118977,,offcore_response.all_requests.llc_miss.any_response,80794818,100.00,,
     7.214452562,8622907,,offcore_response.all_requests.llc_hit.any_response,81058107,100.00,,
     7.214452562,118513,,offcore_response.all_requests.llc_miss.any_response,81057099,100.00,,
     7.314652466,8660587,,offcore_response.all_requests.llc_hit.any_response,80969788,100.00,,
     7.314652466,118548,,offcore_response.all_requests.llc_miss.any_response,80952919,100.00,,
     7.414851073,8646289,,offcore_response.all_requests.llc_hit.any_response,80992973,100.00,,
     7.414851073,118508,,offcore_response.all_requests.llc_miss.any_response,81005995,100.00,,
     7.515048754,295815,,offcore_response.all_requests.llc_hit.any_response,2853066,100.00,,
     7.515048754,4226,,offcore_response.all_requests.llc_miss.any_response,2832497,100.00,,
     7.615243689,7184271,,offcore_response.all_requests.llc_hit.any_response,71391160,100.00,,
     7.615243689,99192,,offcore_response.all_requests.llc_miss.any_response,71416879,100.00,,
     7.715450442,8632442,,offcore_response.all_requests.llc_hit.any_response,80867895,100.00,,
     7.715450442,118093,,offcore_response.all_requests.llc_miss.any_response,80866640,100.00,,
     7.815648536,8634145,,offcore_response.all_requests.llc_hit.any_response,80839771,100.00,,
     7.815648536,118541,,offcore_response.all_requests.llc_miss.any_response,80831548,100.00,,
     7.915847130,8624008,,offcore_response.all_requests.llc_hit.any_response,80961518,100.00,,
     7.915847130,118623,,offcore_response.all_requests.llc_miss.any_response,80969758,100.00,,
     8.016045851,8604856,,offcore_response.all_requests.llc_hit.any_response,80866768,100.00,,
     8.016045851,118730,,offcore_response.all_requests.llc_miss.any_response,80867479,100.00,,
     8.116252958,8610268,,offcore_response.all_requests.llc_hit.any_response,80905006,100.00,,
     8.116252958,118503,,offcore_response.all_requests.llc_miss.any_response,80904344,100.00,,
     8.216452034,8626712,,offcore_response.all_requests.llc_hit.any_response,81150136,100.00,,
     8.216452034,118385,,offcore_response.all_requests.llc_miss.any_response,81150802,100.00,,
     8.316653421,8578216,,offcore_response.all_requests.llc_hit.any_response,80833997,100.00,,
     8.316653421,116983,,offcore_response.all_requests.llc_miss.any_response,80833074,100.00,,
     8.416851440,8574461,,offcore_response.all_requests.llc_hit.any_response,80751934,100.00,,
     8.416851440,117409,,offcore_response.all_requests.llc_miss.any_response,80752810,100.00,,
     8.517050168,8630215,,offcore_response.all_requests.llc_hit.any_response,80838588,100.00,,
     8.517050168,117760,,offcore_response.all_requests.llc_miss.any_response,80838090,100.00,,
     8.617251857,272430,,offcore_response.all_requests.llc_hit.any_response,2610017,100.00,,
     8.617251857,3822,,offcore_response.all_requests.llc_miss.any_response,2585366,100.00,,
     8.717449191,7147613,,offcore_response.all_requests.llc_hit.any_response,71480792,100.00,,
     8.717449191,96956,,offcore_response.all_requests.llc_miss.any_response,71506662,100.00,,
     8.817670438,8535622,,offcore_response.all_requests.llc_hit.any_response,80791353,100.00,,
     8.817670438,117967,,offcore_response.all_requests.llc_miss.any_response,80790025,100.00,,
     8.917829414,8558567,,offcore_response.all_requests.llc_hit.any_response,80655212,100.00,,
     8.917829414,117701,,offcore_response.all_requests.llc_miss.any_response,80655890,100.00,,
     9.018031202,8586145,,offcore_response.all_requests.llc_hit.any_response,80729513,100.00,,
     9.018031202,117773,,offcore_response.all_requests.llc_miss.any_response,80728904,100.00,,
     9.118229923,8582545,,offcore_response.all_requests.llc_hit.any_response,80942436,100.00,,
     9.118229923,118221,,offcore_response.all_requests.llc_miss.any_response,80935450,100.00,,
     9.218429820,8609951,,offcore_response.all_requests.llc_hit.any_response,80864400,100.00,,
     9.218429820,118063,,offcore_response.all_requests.llc_miss.any_response,80856116,100.00,,
     9.318624431,8605816,,offcore_response.all_requests.llc_hit.any_response,81013686,100.00,,
     9.318624431,119227,,offcore_response.all_requests.llc_miss.any_response,81012048,100.00,,
     9.418823166,8595439,,offcore_response.all_requests.llc_hit.any_response,81057567,100.00,,
     9.418823166,118849,,offcore_response.all_requests.llc_miss.any_response,81058252,100.00,,
     9.519025070,8609615,,offcore_response.all_requests.llc_hit.any_response,81046585,100.00,,
     9.519025070,118672,,offcore_response.all_requests.llc_miss.any_response,81047258,100.00,,
     9.619227650,8597099,,offcore_response.all_requests.llc_hit.any_response,80829344,100.00,,
     9.619227650,118441,,offcore_response.all_requests.llc_miss.any_response,80844944,100.00,,
     9.719427851,357317,,offcore_response.all_requests.llc_hit.any_response,3444190,100.00,,
     9.719427851,5048,,offcore_response.all_requests.llc_miss.any_response,3419529,100.00,,
     9.819624098,7129303,,offcore_response.all_requests.llc_hit.any_response,71523191,100.00,,
     9.819624098,97009,,offcore_response.all_requests.llc_miss.any_response,71540013,100.00,,
     9.919822791,8574025,,offcore_response.all_requests.llc_hit.any_response,80746527,100.00,,
     9.919822791,117483,,offcore_response.all_requests.llc_miss.any_response,80739259,100.00,,
    10.020022724,8614318,,offcore_response.all_requests.llc_hit.any_response,80847172,100.00,,
    10.020022724,118461,,offcore_response.all_requests.llc_miss.any_response,80862629,100.00,,
    10.120229687,8638910,,offcore_response.all_requests.llc_hit.any_response,80957993,100.00,,
    10.120229687,118306,,offcore_response.all_requests.llc_miss.any_response,80940194,100.00,,
    10.220430877,8606730,,offcore_response.all_requests.llc_hit.any_response,80862031,100.00,,
    10.220430877,118065,,offcore_response.all_requests.llc_miss.any_response,80879945,100.00,,
    10.320632522,8619899,,offcore_response.all_requests.llc_hit.any_response,80899121,100.00,,
    10.320632522,118338,,offcore_response.all_requests.llc_miss.any_response,80898397,100.00,,
    10.420834026,8656736,,offcore_response.all_requests.llc_hit.any_response,81012681,100.00,,
    10.420834026,118639,,offcore_response.all_requests.llc_miss.any_response,80997014,100.00,,
    10.521037150,8591515,,offcore_response.all_requests.llc_hit.any_response,80876586,100.00,,
    10.521037150,118272,,offcore_response.all_requests.llc_miss.any_response,80892228,100.00,,
    10.621235987,8548777,,offcore_response.all_requests.llc_hit.any_response,80648280,100.00,,
    10.621235987,117750,,offcore_response.all_requests.llc_miss.any_response,80649018,100.00,,
    10.721437575,8621788,,offcore_response.all_requests.llc_hit.any_response,80952828,100.00,,
    10.721437575,118930,,offcore_response.all_requests.llc_miss.any_response,80939783,100.00,,
    10.821634598,328761,,offcore_response.all_requests.llc_hit.any_response,3160789,100.00,,
    10.821634598,4578,,offcore_response.all_requests.llc_miss.any_response,3148719,100.00,,
    10.921850147,7015282,,offcore_response.all_requests.llc_hit.any_response,72174840,100.00,,
    10.921850147,94571,,offcore_response.all_requests.llc_miss.any_response,72195268,100.00,,
    11.022050573,8333095,,offcore_response.all_requests.llc_hit.any_response,80532263,100.00,,
    11.022050573,113975,,offcore_response.all_requests.llc_miss.any_response,80519524,100.00,,
